edad,ingreso_mensual,total_deuda_actual,historial_crediticio,antiguedad_laboral,numero_dependientes,tipo_vivienda,proposito_credito,monto_credito,ingreso_imputado,deuda_imputada_neutra,llavemod,llavehog,dictamen,score_final,dti_ratio,dti_clasificacion,reglas_activadas,n_reglas,n_compensaciones,errores_validacion,tiene_credito,algun_atraso,y_real,y_pred,dictamen_mx,y_pred_mx
38,7000.0,2100.0,2,4,1,Familiar,Consumo,10000.0,False,True,101101,1011,APROBADO,85,0.3,MODERADO,R001|R012,2,1,,True,False,1,1,APROBADO,1
36,12000.0,3600.0,2,4,0,Propia,Consumo,10000.0,False,True,210101,2101,APROBADO,100,0.3,MODERADO,R001|R005|R012|R015,4,2,,True,False,1,1,APROBADO,1
59,3500.0,1050.0,2,4,0,Propia,Consumo,10000.0,False,True,401101,4011,APROBADO,100,0.3,MODERADO,R001|R005|R012|R015,4,2,,True,False,1,1,APROBADO,1
20,900.0,270.0,2,1,3,Familiar,Consumo,10000.0,False,True,1303104,13031,RECHAZADO,44,0.3,MODERADO,R001|R009,2,0,,True,False,1,0,RECHAZADO,0
42,2000.0,600.0,0,0,3,Familiar,Consumo,10000.0,True,True,1704101,17041,RECHAZADO,0,0.3,MODERADO,R002|R004,2,0,,True,True,0,0,RECHAZADO,0
46,2500.0,750.0,2,4,2,Propia,Consumo,10000.0,True,True,2105101,21051,APROBADO,95,0.3,MODERADO,R001|R005|R012,3,1,,True,False,1,1,APROBADO,1
23,7000.0,2100.0,0,0,2,Familiar,Consumo,10000.0,True,True,2205103,22051,RECHAZADO,0,0.3,MODERADO,R002|R004,2,0,,True,True,0,0,RECHAZADO,0
64,7000.0,2100.0,2,0,0,Propia,Consumo,10000.0,True,True,2502101,25021,REVISION_MANUAL,71,0.3,MODERADO,R001|R004|R005|R012,4,1,,True,False,1,0,REVISION_MANUAL,0
50,6000.0,1800.0,0,4,0,Familiar,Negocio,12000.0,False,True,2701101,27011,RECHAZADO,23,0.3,MODERADO,R002|R006,2,0,,True,True,0,0,RECHAZADO,0
39,8000.0,2400.0,2,4,3,Propia,Consumo,10000.0,False,True,2920101,29201,APROBADO,97,0.3,MODERADO,R001|R005|R012,3,1,,True,False,1,1,APROBADO,1
50,3200.0,960.0,2,4,2,Familiar,Consumo,10000.0,False,True,3403102,34031,APROBADO,81,0.3,MODERADO,R001|R012,2,1,,True,False,1,1,APROBADO,1
38,3000.0,900.0,2,1,1,Familiar,Consumo,10000.0,False,True,3903102,39031,REVISION_MANUAL,72,0.3,MODERADO,R001|R012,2,1,,True,False,1,0,REVISION_MANUAL,0
25,1800.0,540.0,2,2,1,Familiar,Consumo,10000.0,False,True,4102102,41021,REVISION_MANUAL,71,0.3,MODERADO,R001,1,0,,True,False,1,0,REVISION_MANUAL,0
59,3600.0,1080.0,2,1,0,Propia,Consumo,10000.0,False,True,4604101,46041,APROBADO,87,0.3,MODERADO,R001|R005|R012,3,1,,True,False,1,1,APROBADO,1
45,20000.0,6000.0,2,1,2,Propia,Consumo,10000.0,False,True,5305101,53051,APROBADO,97,0.3,MODERADO,R001|R005|R012,3,1,,True,False,1,1,APROBADO,1
37,50000.0,15000.0,2,3,0,Familiar,Consumo,10000.0,False,True,5805101,58051,APROBADO,100,0.3,MODERADO,R001|R012,2,1,,True,False,1,1,APROBADO,1
44,2000.0,600.0,2,4,2,Propia,Consumo,10000.0,True,True,6004102,60041,APROBADO,85,0.3,MODERADO,R001|R005,2,0,,True,False,1,1,APROBADO,1
45,2500.0,750.0,2,4,0,Familiar,Consumo,10000.0,False,True,6103101,61031,APROBADO,83,0.3,MODERADO,R001|R012,2,1,,True,False,1,1,APROBADO,1
61,4000.0,1200.0,2,4,0,Familiar,Negocio,12000.0,False,True,6214101,62141,APROBADO,96,0.3,MODERADO,R001|R006|R012,3,1,,True,False,1,1,APROBADO,1
34,500.0,150.0,2,1,3,Propia,Consumo,9000.0,False,True,6316102,63161,REVISION_MANUAL,72,0.3,MODERADO,R001|R005,2,0,,True,False,1,0,REVISION_MANUAL,0
51,14000.0,4200.0,2,4,2,Familiar,Negocio,12000.0,True,True,6403101,64031,APROBADO,100,0.3,MODERADO,R001|R006|R012,3,1,,True,False,1,1,APROBADO,1
49,2000.0,600.0,2,0,1,Familiar,Consumo,10000.0,True,True,6519102,65191,RECHAZADO,43,0.3,MODERADO,R001|R004,2,0,,True,False,1,0,RECHAZADO,0
72,350.0,105.0,0,1,0,Propia,Consumo,6300.0,False,True,6705101,67051,RECHAZADO,10,0.3,MODERADO,R002|R005,2,0,,True,True,0,0,RECHAZADO,0
38,1200.0,360.0,2,1,3,Propia,Consumo,10000.0,False,True,6903101,69031,REVISION_MANUAL,73,0.3,MODERADO,R001|R005,2,0,,True,False,1,0,REVISION_MANUAL,0
38,2000.0,600.0,2,1,3,Propia,Consumo,10000.0,False,True,7103101,71031,REVISION_MANUAL,73,0.3,MODERADO,R001|R005,2,0,,True,False,1,0,REVISION_MANUAL,0
49,14000.0,4200.0,2,4,1,Familiar,Consumo,10000.0,True,True,7215102,72151,APROBADO,89,0.3,MODERADO,R001|R012,2,1,,True,False,1,1,APROBADO,1
64,4000.0,1200.0,2,0,0,Familiar,Consumo,10000.0,True,True,7302101,73021,RECHAZADO,54,0.3,MODERADO,R001|R004|R012,3,1,,True,False,1,0,RECHAZADO,0
39,14000.0,4200.0,2,4,2,Propia,Consumo,10000.0,False,True,7402103,74021,APROBADO,100,0.3,MODERADO,R001|R005|R012,3,1,,True,False,1,1,APROBADO,1
40,3000.0,900.0,0,4,2,Familiar,Consumo,10000.0,False,True,7912101,79121,RECHAZADO,6,0.3,MODERADO,R002,1,0,,True,True,0,0,RECHAZADO,0
50,2400.0,720.0,2,4,1,Familiar,Consumo,10000.0,False,True,8203101,82031,REVISION_MANUAL,72,0.3,MODERADO,R001,1,0,,True,False,1,0,REVISION_MANUAL,0
33,13000.0,3900.0,2,4,1,Familiar,Consumo,10000.0,False,True,8301101,83011,APROBADO,89,0.3,MODERADO,R001|R012,2,1,,True,False,1,1,APROBADO,1
36,16000.0,4800.0,2,4,1,Familiar,Consumo,10000.0,False,True,8402102,84021,APROBADO,91,0.3,MODERADO,R001|R012,2,1,,True,False,1,1,APROBADO,1
45,7000.0,2100.0,2,2,1,Familiar,Consumo,10000.0,True,True,8717101,87171,APROBADO,85,0.3,MODERADO,R001|R012,2,1,,True,False,1,1,APROBADO,1
46,15000.0,4500.0,2,4,0,Propia,Consumo,10000.0,False,True,9403101,94031,APROBADO,100,0.3,MODERADO,R001|R005|R012|R015,4,2,,True,False,1,1,APROBADO,1
49,4000.0,1200.0,0,4,1,Propia,Consumo,10000.0,False,True,9505101,95051,RECHAZADO,23,0.3,MODERADO,R002|R005,2,0,,True,True,0,0,RECHAZADO,0
78,2000.0,600.0,2,3,4,Familiar,Consumo,10000.0,False,True,9703101,97031,RECHAZADO,55,0.3,MODERADO,R001|R010,2,0,,True,False,1,0,REVISION_MANUAL,0
43,10000.0,3000.0,2,4,1,Familiar,Consumo,10000.0,False,True,9816101,98161,APROBADO,87,0.3,MODERADO,R001|R012,2,1,,True,False,1,1,APROBADO,1
23,5500.0,1650.0,0,2,2,Familiar,Consumo,10000.0,False,True,10203103,102031,RECHAZADO,5,0.3,MODERADO,R002,1,0,,True,True,0,0,RECHAZADO,0
39,9000.0,2700.0,2,4,1,Propia,Consumo,10000.0,False,True,10602102,106021,APROBADO,100,0.3,MODERADO,R001|R005|R012,3,1,,True,False,1,1,APROBADO,1
49,27000.0,8100.0,2,2,1,Propia,Consumo,10000.0,False,True,10804101,108041,APROBADO,100,0.3,MODERADO,R001|R005|R012,3,1,,True,False,1,1,APROBADO,1
34,2000.0,600.0,2,2,3,Familiar,Consumo,10000.0,False,True,11102101,111021,REVISION_MANUAL,68,0.3,MODERADO,R001,1,0,,True,False,1,0,REVISION_MANUAL,0
38,25000.0,7500.0,2,1,0,Familiar,Consumo,10000.0,False,True,11305201,113052,APROBADO,88,0.3,MODERADO,R001|R012,2,1,,True,False,1,1,APROBADO,1
27,10000.0,3000.0,2,4,0,Familiar,Consumo,10000.0,False,True,11806102,118061,APROBADO,88,0.3,MODERADO,R001|R012,2,1,,True,False,1,1,APROBADO,1
31,17000.0,5100.0,2,4,3,Propia,Consumo,10000.0,False,True,11904101,119041,APROBADO,100,0.3,MODERADO,R001|R005|R012,3,1,,True,False,1,1,APROBADO,1
34,1500.0,450.0,2,1,2,Propia,Consumo,10000.0,False,True,12001102,120011,REVISION_MANUAL,75,0.3,MODERADO,R001|R005,2,0,,True,False,1,0,APROBADO,1
68,1800.0,540.0,2,2,0,Propia,Consumo,10000.0,False,True,12215101,122151,APROBADO,86,0.3,MODERADO,R001|R005,2,0,,True,False,1,1,APROBADO,1
21,7000.0,2100.0,2,0,3,Familiar,Consumo,10000.0,True,True,12304104,123041,RECHAZADO,52,0.3,MODERADO,R001|R004|R012,3,1,,True,False,1,0,RECHAZADO,0
55,6000.0,1800.0,2,4,0,Propia,Consumo,10000.0,False,True,12505101,125051,APROBADO,100,0.3,MODERADO,R001|R005|R012|R015,4,2,,True,False,1,1,APROBADO,1
52,4000.0,1200.0,2,4,2,Familiar,Consumo,10000.0,False,True,12904101,129041,APROBADO,81,0.3,MODERADO,R001|R012,2,1,,True,False,1,1,APROBADO,1
40,2000.0,600.0,2,2,1,Familiar,Consumo,10000.0,False,True,13002101,130021,REVISION_MANUAL,71,0.3,MODERADO,R001,1,0,,True,False,1,0,REVISION_MANUAL,0
36,22000.0,6600.0,2,4,1,Propia,Consumo,10000.0,False,True,13105102,131051,APROBADO,100,0.3,MODERADO,R001|R005|R012,3,1,,True,False,1,1,APROBADO,1
71,2500.0,750.0,2,0,0,Propia,Consumo,10000.0,True,True,13319101,133191,REVISION_MANUAL,68,0.3,MODERADO,R001|R004|R005|R012,4,1,,True,False,1,0,REVISION_MANUAL,0
38,2000.0,600.0,2,2,4,Familiar,Consumo,10000.0,False,True,13402101,134021,RECHAZADO,57,0.3,MODERADO,R001|R010,2,0,,True,False,1,0,REVISION_MANUAL,0
32,2300.0,690.0,2,3,0,Familiar,Consumo,10000.0,False,True,13708101,137081,REVISION_MANUAL,73,0.3,MODERADO,R001,1,0,,True,False,1,0,REVISION_MANUAL,0
34,20000.0,6000.0,0,4,1,Propia,Consumo,10000.0,False,True,13904101,139041,RECHAZADO,33,0.3,MODERADO,R002|R005,2,0,,True,True,0,0,RECHAZADO,0
25,2500.0,750.0,0,0,6,Propia,Consumo,10000.0,True,True,14004103,140041,RECHAZADO,0,0.3,MODERADO,R002|R004|R005|R010,4,0,,True,True,0,0,RECHAZADO,0
37,1500.0,450.0,2,0,3,Familiar,Consumo,10000.0,True,True,14110102,141101,RECHAZADO,40,0.3,MODERADO,R001|R004,2,0,,True,False,1,0,RECHAZADO,0
52,5000.0,1500.0,2,3,6,Familiar,Consumo,10000.0,False,True,14304101,143041,REVISION_MANUAL,67,0.3,MODERADO,R001|R010|R012,3,1,,True,False,1,0,REVISION_MANUAL,0
50,8800.0,2640.0,2,4,4,Propia,Consumo,10000.0,False,True,14409101,144091,APROBADO,86,0.3,MODERADO,R001|R005|R010|R012,4,1,,True,False,1,1,APROBADO,1
51,5000.0,1500.0,2,4,1,Familiar,Consumo,10000.0,False,True,14514102,145141,APROBADO,83,0.3,MODERADO,R001|R012,2,1,,True,False,1,1,APROBADO,1
72,2500.0,750.0,2,0,0,Propia,Consumo,10000.0,True,True,14801101,148011,REVISION_MANUAL,68,0.3,MODERADO,R001|R004|R005|R012,4,1,,True,False,1,0,REVISION_MANUAL,0
37,2500.0,750.0,2,0,3,Familiar,Consumo,10000.0,True,True,15108102,151081,RECHAZADO,51,0.3,MODERADO,R001|R004|R012,3,1,,True,False,1,0,RECHAZADO,0
68,20000.0,6000.0,2,4,1,Propia,Consumo,10000.0,False,True,15301101,153011,APROBADO,100,0.3,MODERADO,R001|R005|R012,3,1,,True,False,1,1,APROBADO,1
39,4500.0,1350.0,2,4,2,Familiar,Consumo,10000.0,False,True,15504102,155041,APROBADO,82,0.3,MODERADO,R001|R012,2,1,,True,False,1,1,APROBADO,1
45,7500.0,2250.0,0,4,1,Propia,Consumo,10000.0,False,True,15602101,156021,RECHAZADO,25,0.3,MODERADO,R002|R005,2,0,,True,True,0,0,RECHAZADO,0
73,300.0,90.0,2,1,0,Familiar,Consumo,5400.0,False,True,15704101,157041,REVISION_MANUAL,60,0.3,MODERADO,R001,1,0,,True,False,1,0,REVISION_MANUAL,0
22,2500.0,750.0,2,0,3,Familiar,Consumo,10000.0,True,True,15816104,158161,RECHAZADO,49,0.3,MODERADO,R001|R004|R012,3,1,,True,False,1,0,RECHAZADO,0
56,2000.0,600.0,2,0,2,Familiar,Consumo,10000.0,True,True,15903102,159031,RECHAZADO,40,0.3,MODERADO,R001|R004,2,0,,True,False,1,0,RECHAZADO,0
28,1500.0,450.0,0,4,1,Familiar,Consumo,10000.0,False,True,16104103,161041,RECHAZADO,6,0.3,MODERADO,R002,1,0,,True,True,0,0,RECHAZADO,0
42,5000.0,1500.0,2,4,1,Propia,Consumo,10000.0,False,True,16501101,165011,APROBADO,98,0.3,MODERADO,R001|R005|R012,3,1,,True,False,1,1,APROBADO,1
31,7300.0,2190.0,2,4,1,Propia,Consumo,10000.0,False,True,16805102,168051,APROBADO,100,0.3,MODERADO,R001|R005|R012,3,1,,True,False,1,1,APROBADO,1
35,2500.0,750.0,2,1,2,Familiar,Consumo,10000.0,False,True,17005101,170051,REVISION_MANUAL,70,0.3,MODERADO,R001|R012,2,1,,True,False,1,0,REVISION_MANUAL,0
31,2000.0,600.0,2,4,0,Familiar,Consumo,10000.0,False,True,17205101,172051,REVISION_MANUAL,73,0.3,MODERADO,R001,1,0,,True,False,1,0,REVISION_MANUAL,0
44,5200.0,1560.0,2,4,1,Propia,Consumo,10000.0,False,True,17316102,173161,APROBADO,98,0.3,MODERADO,R001|R005|R012,3,1,,True,False,1,1,APROBADO,1
65,2500.0,750.0,2,0,2,Propia,Consumo,10000.0,True,True,17612101,176121,REVISION_MANUAL,65,0.3,MODERADO,R001|R004|R005|R012,4,1,,True,False,1,0,REVISION_MANUAL,0
24,2000.0,600.0,0,0,1,Familiar,Consumo,10000.0,True,True,17720101,177201,RECHAZADO,0,0.3,MODERADO,R002|R004,2,0,,True,True,0,0,RECHAZADO,0
26,2400.0,720.0,2,4,0,Familiar,Consumo,10000.0,False,True,17803102,178031,REVISION_MANUAL,73,0.3,MODERADO,R001,1,0,,True,False,1,0,REVISION_MANUAL,0
58,1500.0,450.0,0,0,2,Familiar,Consumo,10000.0,True,True,18004101,180041,RECHAZADO,0,0.3,MODERADO,R002|R004,2,0,,True,True,0,0,RECHAZADO,0
31,2000.0,600.0,2,1,0,Propia,Consumo,10000.0,False,True,18104101,181041,REVISION_MANUAL,78,0.3,MODERADO,R001|R005,2,0,,True,False,1,0,APROBADO,1
39,2300.0,690.0,2,4,4,Familiar,Consumo,10000.0,False,True,18204101,182041,RECHAZADO,57,0.3,MODERADO,R001|R010,2,0,,True,False,1,0,REVISION_MANUAL,0
35,1200.0,360.0,0,1,2,Familiar,Consumo,10000.0,False,True,18310101,183101,RECHAZADO,0,0.3,MODERADO,R002,1,0,,True,True,0,0,RECHAZADO,0
22,2000.0,600.0,2,4,1,Familiar,Negocio,12000.0,True,True,18505104,185051,APROBADO,83,0.3,MODERADO,R001|R006,2,0,,True,False,1,1,APROBADO,1
27,19000.0,5700.0,0,4,0,Familiar,Consumo,10000.0,False,True,18702101,187021,RECHAZADO,19,0.3,MODERADO,R002,1,0,,True,True,0,0,RECHAZADO,0
62,7000.0,2100.0,2,4,0,Familiar,Consumo,10000.0,False,True,18802101,188021,APROBADO,84,0.3,MODERADO,R001|R012,2,1,,True,False,1,1,APROBADO,1
45,8000.0,2400.0,2,4,2,Propia,Consumo,10000.0,False,True,18904101,189041,APROBADO,99,0.3,MODERADO,R001|R005|R012,3,1,,True,False,1,1,APROBADO,1
40,2000.0,600.0,2,1,3,Propia,Negocio,12000.0,True,True,19002102,190021,APROBADO,85,0.3,MODERADO,R001|R005|R006,3,0,,True,False,1,1,APROBADO,1
29,3000.0,900.0,2,1,4,Familiar,Consumo,10000.0,False,True,19805103,198051,RECHAZADO,58,0.3,MODERADO,R001|R010|R012,3,1,,True,False,1,0,REVISION_MANUAL,0
48,1600.0,480.0,2,2,2,Propia,Consumo,10000.0,False,True,20201102,202011,APROBADO,85,0.3,MODERADO,R001|R005,2,0,,True,False,1,1,APROBADO,1
45,16000.0,4800.0,0,4,2,Propia,Consumo,10000.0,False,True,20301101,203011,RECHAZADO,29,0.3,MODERADO,R002|R005,2,0,,True,True,0,0,RECHAZADO,0
59,1000.0,300.0,2,1,3,Propia,Negocio,12000.0,False,True,20409102,204091,APROBADO,85,0.3,MODERADO,R001|R005|R006,3,0,,True,False,1,1,APROBADO,1
41,17000.0,5100.0,2,4,0,Propia,Consumo,10000.0,False,True,20805101,208051,APROBADO,100,0.3,MODERADO,R001|R005|R012|R015,4,2,,True,False,1,1,APROBADO,1
28,1000.0,300.0,2,2,6,Familiar,Consumo,10000.0,False,True,21809102,218091,RECHAZADO,57,0.3,MODERADO,R001|R010,2,0,,True,False,1,0,REVISION_MANUAL,0
64,10000.0,3000.0,0,1,0,Propia,Consumo,10000.0,False,True,21904101,219041,RECHAZADO,16,0.3,MODERADO,R002|R005,2,0,,True,True,0,0,RECHAZADO,0
34,7000.0,2100.0,2,4,4,Propia,Consumo,10000.0,False,True,22002101,220021,APROBADO,85,0.3,MODERADO,R001|R005|R010|R012,4,1,,True,False,1,1,APROBADO,1
26,8000.0,2400.0,2,5,2,Familiar,Consumo,10000.0,False,True,22102102,221021,APROBADO,100,0.3,MODERADO,R001|R003|R012,3,1,,True,False,1,1,APROBADO,1
53,1000.0,300.0,2,3,0,Propia,Consumo,10000.0,False,True,22305101,223051,APROBADO,95,0.3,MODERADO,R001|R005|R015,3,1,,True,False,1,1,APROBADO,1
27,1000.0,300.0,2,1,2,Familiar,Consumo,10000.0,False,True,22420103,224201,RECHAZADO,59,0.3,MODERADO,R001,1,0,,True,False,1,0,REVISION_MANUAL,0
40,10000.0,3000.0,0,4,1,Propia,Consumo,10000.0,False,True,22705101,227051,RECHAZADO,27,0.3,MODERADO,R002|R005,2,0,,True,True,0,0,RECHAZADO,0
39,6200.0,1860.0,2,1,3,Familiar,Negocio,12000.0,False,True,23404102,234041,APROBADO,83,0.3,MODERADO,R001|R006|R012,3,1,,True,False,1,1,APROBADO,1
37,2000.0,600.0,0,0,3,Familiar,Consumo,10000.0,True,True,23503102,235031,RECHAZADO,0,0.3,MODERADO,R002|R004,2,0,,True,True,0,0,RECHAZADO,0
33,3000.0,900.0,2,1,2,Familiar,Consumo,10000.0,False,True,23604101,236041,REVISION_MANUAL,71,0.3,MODERADO,R001|R012,2,1,,True,False,1,0,REVISION_MANUAL,0
29,1500.0,450.0,2,1,0,Familiar,Consumo,10000.0,False,True,23604302,236043,REVISION_MANUAL,63,0.3,MODERADO,R001,1,0,,True,False,1,0,REVISION_MANUAL,0
23,11000.0,3300.0,2,4,0,Familiar,Consumo,10000.0,False,True,23904102,239041,APROBADO,87,0.3,MODERADO,R001|R012,2,1,,True,False,1,1,APROBADO,1
37,25000.0,7500.0,2,4,0,Familiar,Consumo,10000.0,False,True,24002101,240021,APROBADO,98,0.3,MODERADO,R001|R012,2,1,,True,False,1,1,APROBADO,1
51,5000.0,1500.0,2,4,0,Propia,Consumo,10000.0,False,True,24101102,241011,APROBADO,100,0.3,MODERADO,R001|R005|R012|R015,4,2,,True,False,1,1,APROBADO,1
19,2300.0,690.0,0,4,0,Familiar,Consumo,10000.0,False,True,24318101,243181,RECHAZADO,0,0.3,MODERADO,R002|R009,2,0,,True,True,0,0,RECHAZADO,0
33,32000.0,9600.0,0,4,1,Familiar,Consumo,10000.0,False,True,24604101,246041,RECHAZADO,25,0.3,MODERADO,R002,1,0,,True,True,0,0,RECHAZADO,0
20,2500.0,750.0,2,0,7,Familiar,Consumo,10000.0,True,True,24701106,247011,RECHAZADO,25,0.3,MODERADO,R001|R004|R009|R010|R012,5,1,,True,False,1,0,RECHAZADO,0
30,25000.0,7500.0,0,4,2,Familiar,Consumo,10000.0,False,True,25502101,255021,RECHAZADO,20,0.3,MODERADO,R002,1,0,,True,True,0,0,RECHAZADO,0
40,7000.0,2100.0,0,4,0,Propia,Consumo,10000.0,True,True,25705101,257051,RECHAZADO,34,0.3,MODERADO,R002|R005|R015,3,1,,True,True,0,0,RECHAZADO,0
44,3000.0,900.0,0,2,3,Familiar,Consumo,10000.0,False,True,26001106,260011,RECHAZADO,4,0.3,MODERADO,R002,1,0,,True,True,0,0,RECHAZADO,0
74,1500.0,450.0,2,2,2,Familiar,Consumo,10000.0,False,True,26613101,266131,REVISION_MANUAL,68,0.3,MODERADO,R001,1,0,,True,False,1,0,REVISION_MANUAL,0
27,7000.0,2100.0,2,4,5,Familiar,Consumo,10000.0,True,True,26704104,267041,REVISION_MANUAL,69,0.3,MODERADO,R001|R010|R012,3,1,,True,False,1,0,REVISION_MANUAL,0
46,3000.0,900.0,0,1,3,Propia,Consumo,10000.0,False,True,26905101,269051,RECHAZADO,9,0.3,MODERADO,R002|R005,2,0,,True,True,0,0,RECHAZADO,0
27,1000.0,300.0,2,2,3,Familiar,Consumo,10000.0,False,True,27203102,272031,REVISION_MANUAL,68,0.3,MODERADO,R001,1,0,,True,False,1,0,REVISION_MANUAL,0
31,150.0,45.0,0,1,2,Familiar,Consumo,2700.0,False,True,27312101,273121,RECHAZADO,0,0.3,MODERADO,R002,1,0,,True,True,0,0,RECHAZADO,0
47,18000.0,5400.0,2,4,1,Propia,Consumo,10000.0,False,True,27509101,275091,APROBADO,100,0.3,MODERADO,R001|R005|R012,3,1,,True,False,1,1,APROBADO,1
24,14000.0,4200.0,2,4,0,Propia,Consumo,10000.0,False,True,27605101,276051,APROBADO,100,0.3,MODERADO,R001|R005|R012|R015,4,2,,True,False,1,1,APROBADO,1
64,1300.0,390.0,2,4,0,Familiar,Consumo,10000.0,False,True,27712101,277121,REVISION_MANUAL,70,0.3,MODERADO,R001,1,0,,True,False,1,0,REVISION_MANUAL,0
48,3500.0,1050.0,2,4,1,Familiar,Consumo,10000.0,False,True,27804102,278041,APROBADO,82,0.3,MODERADO,R001|R012,2,1,,True,False,1,1,APROBADO,1
34,12000.0,3600.0,2,1,2,Propia,Consumo,10000.0,False,True,27901101,279011,APROBADO,92,0.3,MODERADO,R001|R005|R012,3,1,,True,False,1,1,APROBADO,1
38,20000.0,6000.0,0,4,0,Propia,Consumo,10000.0,False,True,28301102,283011,RECHAZADO,43,0.3,MODERADO,R002|R005|R015,3,1,,True,True,0,0,RECHAZADO,0
25,1000.0,300.0,2,2,1,Familiar,Consumo,10000.0,False,True,28605104,286051,REVISION_MANUAL,71,0.3,MODERADO,R001,1,0,,True,False,1,0,REVISION_MANUAL,0
29,1800.0,540.0,0,2,1,Familiar,Consumo,10000.0,False,True,28702102,287021,RECHAZADO,6,0.3,MODERADO,R002,1,0,,True,True,0,0,RECHAZADO,0
59,2000.0,600.0,2,0,0,Propia,Consumo,10000.0,True,True,28918101,289181,RECHAZADO,58,0.3,MODERADO,R001|R004|R005,3,0,,True,False,1,0,REVISION_MANUAL,0
45,2500.0,750.0,2,2,2,Propia,Consumo,10000.0,False,True,29305101,293051,APROBADO,95,0.3,MODERADO,R001|R005|R012,3,1,,True,False,1,1,APROBADO,1
45,8000.0,2400.0,2,4,0,Propia,Consumo,10000.0,False,True,29411101,294111,APROBADO,100,0.3,MODERADO,R001|R005|R012|R015,4,2,,True,False,1,1,APROBADO,1
28,600.0,180.0,2,2,1,Familiar,Consumo,10000.0,False,True,29813101,298131,REVISION_MANUAL,70,0.3,MODERADO,R001,1,0,,True,False,1,0,REVISION_MANUAL,0
43,3000.0,900.0,0,3,3,Familiar,Consumo,10000.0,False,True,30002102,300021,RECHAZADO,4,0.3,MODERADO,R002,1,0,,True,True,0,0,RECHAZADO,0
52,12000.0,3600.0,2,4,2,Propia,Consumo,10000.0,False,True,30402101,304021,APROBADO,100,0.3,MODERADO,R001|R005|R012,3,1,,True,False,1,1,APROBADO,1
44,8000.0,2400.0,2,4,2,Propia,Consumo,10000.0,False,True,30705101,307051,APROBADO,99,0.3,MODERADO,R001|R005|R012,3,1,,True,False,1,1,APROBADO,1
39,2500.0,750.0,0,4,0,Familiar,Consumo,10000.0,False,True,30802101,308021,RECHAZADO,8,0.3,MODERADO,R002,1,0,,True,True,0,0,RECHAZADO,0
51,5000.0,1500.0,2,1,1,Propia,Consumo,10000.0,False,True,30901101,309011,APROBADO,88,0.3,MODERADO,R001|R005|R012,3,1,,True,False,1,1,APROBADO,1
65,2500.0,750.0,2,0,0,Familiar,Consumo,10000.0,True,True,31001102,310011,RECHAZADO,53,0.3,MODERADO,R001|R004|R012,3,1,,True,False,1,0,RECHAZADO,0
49,50000.0,15000.0,2,5,4,Propia,Consumo,10000.0,False,True,31301101,313011,APROBADO,100,0.3,MODERADO,R001|R003|R005|R010|R012,5,1,,True,False,1,1,APROBADO,1
20,900.0,270.0,2,4,2,Familiar,Consumo,10000.0,False,True,31501102,315011,RECHAZADO,55,0.3,MODERADO,R001|R009,2,0,,True,False,1,0,REVISION_MANUAL,0
50,600.0,180.0,2,2,1,Propia,Consumo,10000.0,False,True,31604101,316041,APROBADO,85,0.3,MODERADO,R001|R005,2,0,,True,False,1,1,APROBADO,1
43,15000.0,4500.0,2,4,1,Propia,Consumo,10000.0,False,True,31905101,319051,APROBADO,100,0.3,MODERADO,R001|R005|R012,3,1,,True,False,1,1,APROBADO,1
64,1500.0,450.0,2,0,0,Propia,Consumo,10000.0,True,True,32302102,323021,RECHAZADO,58,0.3,MODERADO,R001|R004|R005,3,0,,True,False,1,0,REVISION_MANUAL,0
53,2000.0,600.0,2,0,1,Propia,Consumo,10000.0,True,True,32416101,324161,RECHAZADO,58,0.3,MODERADO,R001|R004|R005,3,0,,True,False,1,0,REVISION_MANUAL,0
31,2000.0,600.0,2,4,2,Familiar,Consumo,10000.0,False,True,32507102,325071,REVISION_MANUAL,70,0.3,MODERADO,R001,1,0,,True,False,1,0,REVISION_MANUAL,0
54,1100.0,330.0,2,2,0,Familiar,Consumo,10000.0,False,True,32805102,328051,REVISION_MANUAL,72,0.3,MODERADO,R001,1,0,,True,False,1,0,REVISION_MANUAL,0
28,8600.0,2580.0,0,4,1,Familiar,Consumo,10000.0,False,True,33113101,331131,RECHAZADO,11,0.3,MODERADO,R002,1,0,,True,True,0,0,RECHAZADO,0
32,25000.0,7500.0,2,2,2,Familiar,Consumo,10000.0,False,True,33301101,333011,APROBADO,95,0.3,MODERADO,R001|R012,2,1,,True,False,1,1,APROBADO,1
61,1500.0,450.0,2,0,0,Propia,Consumo,10000.0,True,True,33403101,334031,RECHAZADO,58,0.3,MODERADO,R001|R004|R005,3,0,,True,False,1,0,REVISION_MANUAL,0
55,4000.0,1200.0,2,1,2,Propia,Consumo,10000.0,False,True,33503101,335031,APROBADO,86,0.3,MODERADO,R001|R005|R012,3,1,,True,False,1,1,APROBADO,1
35,1800.0,540.0,2,2,1,Familiar,Consumo,10000.0,False,True,33709102,337091,REVISION_MANUAL,71,0.3,MODERADO,R001,1,0,,True,False,1,0,REVISION_MANUAL,0
32,6000.0,1800.0,2,4,3,Familiar,Consumo,10000.0,False,True,34003102,340031,APROBADO,81,0.3,MODERADO,R001|R012,2,1,,True,False,1,1,APROBADO,1
44,2500.0,750.0,2,4,2,Propia,Consumo,10000.0,True,True,34201102,342011,APROBADO,95,0.3,MODERADO,R001|R005|R012,3,1,,True,False,1,1,APROBADO,1
23,8500.0,2550.0,2,4,2,Familiar,Consumo,10000.0,False,True,34301102,343011,APROBADO,82,0.3,MODERADO,R001|R012,2,1,,True,False,1,1,APROBADO,1
50,10000.0,3000.0,2,4,3,Familiar,Consumo,10000.0,False,True,35303103,353031,APROBADO,84,0.3,MODERADO,R001|R012,2,1,,True,False,1,1,APROBADO,1
74,7000.0,2100.0,2,0,0,Propia,Consumo,10000.0,True,True,35901102,359011,REVISION_MANUAL,71,0.3,MODERADO,R001|R004|R005|R012,4,1,,True,False,1,0,REVISION_MANUAL,0
47,16000.0,4800.0,0,4,1,Propia,Consumo,10000.0,False,True,36201101,362011,RECHAZADO,31,0.3,MODERADO,R002|R005,2,0,,True,True,0,0,RECHAZADO,0
52,2500.0,750.0,0,1,1,Propia,Consumo,10000.0,False,True,36616101,366161,RECHAZADO,12,0.3,MODERADO,R002|R005,2,0,,True,True,0,0,RECHAZADO,0
67,1500.0,450.0,2,1,0,Familiar,Consumo,10000.0,False,True,36705101,367051,REVISION_MANUAL,61,0.3,MODERADO,R001,1,0,,True,False,1,0,REVISION_MANUAL,0
30,1000.0,300.0,2,1,2,Familiar,Consumo,10000.0,False,True,37401102,374011,RECHAZADO,59,0.3,MODERADO,R001,1,0,,True,False,1,0,REVISION_MANUAL,0
64,7000.0,2100.0,2,0,1,Propia,Consumo,10000.0,True,True,37502102,375021,REVISION_MANUAL,70,0.3,MODERADO,R001|R004|R005|R012,4,1,,True,False,1,0,REVISION_MANUAL,0
50,8000.0,2400.0,2,1,1,Familiar,Consumo,10000.0,False,True,37601101,376011,REVISION_MANUAL,75,0.3,MODERADO,R001|R012,2,1,,True,False,1,0,APROBADO,1
19,1000.0,300.0,2,2,3,Familiar,Consumo,10000.0,False,True,37904103,379041,RECHAZADO,54,0.3,MODERADO,R001|R009,2,0,,True,False,1,0,RECHAZADO,0
69,7000.0,2100.0,2,0,0,Propia,Consumo,10000.0,True,True,38002102,380021,REVISION_MANUAL,71,0.3,MODERADO,R001|R004|R005|R012,4,1,,True,False,1,0,REVISION_MANUAL,0
46,16000.0,4800.0,2,4,0,Propia,Consumo,10000.0,False,True,38204101,382041,APROBADO,100,0.3,MODERADO,R001|R005|R012|R015,4,2,,True,False,1,1,APROBADO,1
50,2400.0,720.0,2,4,3,Propia,Consumo,10000.0,False,True,38405102,384051,APROBADO,84,0.3,MODERADO,R001|R005,2,0,,True,False,1,1,APROBADO,1
62,1500.0,450.0,2,4,2,Familiar,Negocio,12000.0,False,True,38505104,385051,APROBADO,82,0.3,MODERADO,R001|R006,2,0,,True,False,1,1,APROBADO,1
21,1600.0,480.0,2,4,2,Familiar,Consumo,10000.0,False,True,38602103,386021,REVISION_MANUAL,68,0.3,MODERADO,R001,1,0,,True,False,1,0,REVISION_MANUAL,0
45,7000.0,2100.0,2,4,0,Familiar,Consumo,10000.0,True,True,38704101,387041,APROBADO,86,0.3,MODERADO,R001|R012,2,1,,True,False,1,1,APROBADO,1
24,7600.0,2280.0,2,4,3,Familiar,Consumo,10000.0,False,True,38808104,388081,APROBADO,80,0.3,MODERADO,R001|R012,2,1,,True,False,1,1,APROBADO,1
31,200.0,60.0,2,1,3,Familiar,Negocio,3600.0,False,True,38903103,389031,REVISION_MANUAL,69,0.3,MODERADO,R001|R006,2,0,,True,False,1,0,REVISION_MANUAL,0
70,7000.0,2100.0,2,4,2,Propia,Consumo,10000.0,False,True,39205101,392051,APROBADO,96,0.3,MODERADO,R001|R005|R012,3,1,,True,False,1,1,APROBADO,1
40,1800.0,540.0,2,4,1,Propia,Consumo,10000.0,False,True,39305102,393051,APROBADO,86,0.3,MODERADO,R001|R005,2,0,,True,False,1,1,APROBADO,1
56,4000.0,1200.0,2,1,2,Familiar,Consumo,10000.0,False,True,39405101,394051,REVISION_MANUAL,69,0.3,MODERADO,R001|R012,2,1,,True,False,1,0,REVISION_MANUAL,0
21,7000.0,2100.0,0,0,1,Familiar,Consumo,10000.0,True,True,39517102,395171,RECHAZADO,0,0.3,MODERADO,R002|R004,2,0,,True,True,0,0,RECHAZADO,0
64,1000.0,300.0,2,2,0,Propia,Consumo,10000.0,False,True,39701101,397011,APROBADO,85,0.3,MODERADO,R001|R005,2,0,,True,False,1,1,APROBADO,1
79,1500.0,450.0,2,0,2,Propia,Consumo,10000.0,True,True,39802101,398021,RECHAZADO,55,0.3,MODERADO,R001|R004|R005,3,0,,True,False,1,0,REVISION_MANUAL,0
33,10000.0,3000.0,2,5,1,Familiar,Consumo,10000.0,False,True,39903101,399031,APROBADO,100,0.3,MODERADO,R001|R003|R012,3,1,,True,False,1,1,APROBADO,1
44,6000.0,1800.0,0,2,3,Propia,Consumo,10000.0,False,True,40605102,406051,RECHAZADO,21,0.3,MODERADO,R002|R005,2,0,,True,True,0,0,RECHAZADO,0
22,7000.0,2100.0,2,0,0,Familiar,Consumo,10000.0,True,True,40801101,408011,RECHAZADO,56,0.3,MODERADO,R001|R004|R012,3,1,,True,False,1,0,REVISION_MANUAL,0
50,12000.0,3600.0,2,4,0,Propia,Consumo,10000.0,False,True,41203101,412031,APROBADO,100,0.3,MODERADO,R001|R005|R012|R015,4,2,,True,False,1,1,APROBADO,1
63,1500.0,450.0,2,1,1,Propia,Consumo,10000.0,False,True,41305101,413051,REVISION_MANUAL,74,0.3,MODERADO,R001|R005,2,0,,True,False,1,0,REVISION_MANUAL,0
38,1500.0,450.0,2,2,3,Familiar,Consumo,10000.0,False,True,41514101,415141,REVISION_MANUAL,68,0.3,MODERADO,R001,1,0,,True,False,1,0,REVISION_MANUAL,0
53,2000.0,600.0,2,0,1,Familiar,Consumo,10000.0,True,True,41715102,417151,RECHAZADO,43,0.3,MODERADO,R001|R004,2,0,,True,False,1,0,RECHAZADO,0
33,3000.0,900.0,0,2,2,Familiar,Consumo,10000.0,False,True,42003101,420031,RECHAZADO,6,0.3,MODERADO,R002,1,0,,True,True,0,0,RECHAZADO,0
31,2000.0,600.0,2,4,2,Propia,Consumo,10000.0,False,True,42220101,422201,APROBADO,85,0.3,MODERADO,R001|R005,2,0,,True,False,1,1,APROBADO,1
36,7000.0,2100.0,2,4,2,Familiar,Consumo,10000.0,True,True,42304101,423041,APROBADO,83,0.3,MODERADO,R001|R012,2,1,,True,False,1,1,APROBADO,1
46,2500.0,750.0,2,4,0,Familiar,Consumo,10000.0,True,True,42503101,425031,APROBADO,83,0.3,MODERADO,R001|R012,2,1,,True,False,1,1,APROBADO,1
54,500.0,150.0,2,1,3,Familiar,Consumo,9000.0,False,True,42614102,426141,RECHAZADO,57,0.3,MODERADO,R001,1,0,,True,False,1,0,REVISION_MANUAL,0
30,2000.0,600.0,2,4,5,Familiar,Consumo,10000.0,False,True,42704103,427041,RECHAZADO,57,0.3,MODERADO,R001|R010,2,0,,True,False,1,0,REVISION_MANUAL,0
23,800.0,240.0,0,1,4,Familiar,Consumo,10000.0,False,True,42801103,428011,RECHAZADO,0,0.3,MODERADO,R002|R010,2,0,,True,True,0,0,RECHAZADO,0
22,4800.0,1440.0,2,4,0,Familiar,Consumo,10000.0,False,True,43104201,431042,APROBADO,83,0.3,MODERADO,R001|R012,2,1,,True,False,1,1,APROBADO,1
48,1500.0,450.0,2,1,2,Familiar,Consumo,10000.0,False,True,43305101,433051,REVISION_MANUAL,60,0.3,MODERADO,R001,1,0,,True,False,1,0,REVISION_MANUAL,0
66,1500.0,450.0,0,0,3,Familiar,Consumo,10000.0,True,True,43604101,436041,RECHAZADO,0,0.3,MODERADO,R002|R004,2,0,,True,True,0,0,RECHAZADO,0
60,2500.0,750.0,2,0,1,Propia,Consumo,10000.0,True,True,43805102,438051,REVISION_MANUAL,67,0.3,MODERADO,R001|R004|R005|R012,4,1,,True,False,1,0,REVISION_MANUAL,0
45,7000.0,2100.0,0,1,0,Propia,Consumo,10000.0,True,True,43901101,439011,RECHAZADO,16,0.3,MODERADO,R002|R005,2,0,,True,True,0,0,RECHAZADO,0
58,3000.0,900.0,2,4,0,Familiar,Consumo,10000.0,False,True,44003102,440031,APROBADO,82,0.3,MODERADO,R001|R012,2,1,,True,False,1,1,APROBADO,1
47,1800.0,540.0,0,2,1,Familiar,Consumo,10000.0,False,True,44201102,442011,RECHAZADO,6,0.3,MODERADO,R002,1,0,,True,True,0,0,RECHAZADO,0
54,1200.0,360.0,2,2,1,Familiar,Negocio,12000.0,False,True,44303102,443031,APROBADO,83,0.3,MODERADO,R001|R006,2,0,,True,False,1,1,APROBADO,1
45,2000.0,600.0,2,4,3,Propia,Consumo,10000.0,False,True,44404101,444041,APROBADO,83,0.3,MODERADO,R001|R005,2,0,,True,False,1,1,APROBADO,1
33,300.0,90.0,0,2,2,Familiar,Consumo,5400.0,False,True,44601102,446011,RECHAZADO,4,0.3,MODERADO,R002,1,0,,True,True,0,0,RECHAZADO,0
45,2300.0,690.0,2,4,2,Propia,Consumo,10000.0,False,True,44902101,449021,APROBADO,85,0.3,MODERADO,R001|R005,2,0,,True,False,1,1,APROBADO,1
70,1500.0,450.0,2,0,0,Propia,Consumo,10000.0,True,True,45709101,457091,RECHAZADO,58,0.3,MODERADO,R001|R004|R005,3,0,,True,False,1,0,REVISION_MANUAL,0
42,2000.0,600.0,2,2,2,Familiar,Consumo,10000.0,False,True,45709201,457092,REVISION_MANUAL,70,0.3,MODERADO,R001,1,0,,True,False,1,0,REVISION_MANUAL,0
55,6000.0,1800.0,2,4,0,Propia,Consumo,10000.0,False,True,45809102,458091,APROBADO,100,0.3,MODERADO,R001|R005|R012|R015,4,2,,True,False,1,1,APROBADO,1
33,2000.0,600.0,2,0,2,Propia,Consumo,10000.0,True,True,45918101,459181,RECHAZADO,57,0.3,MODERADO,R001|R004|R005,3,0,,True,False,1,0,REVISION_MANUAL,0
20,2500.0,750.0,2,0,1,Familiar,Consumo,10000.0,True,True,46004102,460041,RECHAZADO,40,0.3,MODERADO,R001|R004|R009|R012,4,1,,True,False,1,0,RECHAZADO,0
34,2200.0,660.0,2,2,0,Propia,Negocio,12000.0,False,True,46108101,461081,APROBADO,100,0.3,MODERADO,R001|R005|R006,3,0,,True,False,1,1,APROBADO,1
44,11000.0,3300.0,2,4,3,Propia,Consumo,10000.0,False,True,46302101,463021,APROBADO,99,0.3,MODERADO,R001|R005|R012,3,1,,True,False,1,1,APROBADO,1
47,2500.0,750.0,2,1,2,Familiar,Consumo,10000.0,True,True,46501101,465011,REVISION_MANUAL,70,0.3,MODERADO,R001|R012,2,1,,True,False,1,0,REVISION_MANUAL,0
44,2500.0,750.0,2,0,2,Propia,Negocio,12000.0,True,True,46702101,467021,REVISION_MANUAL,69,0.3,MODERADO,R001|R004|R005|R006,4,0,,True,False,1,0,REVISION_MANUAL,0
72,2000.0,600.0,2,0,0,Propia,Consumo,10000.0,True,True,46702201,467022,RECHAZADO,58,0.3,MODERADO,R001|R004|R005,3,0,,True,False,1,0,REVISION_MANUAL,0
33,4900.0,1470.0,2,4,0,Familiar,Consumo,10000.0,False,True,46803101,468031,APROBADO,85,0.3,MODERADO,R001|R012,2,1,,True,False,1,1,APROBADO,1
54,1000.0,300.0,2,1,0,Familiar,Consumo,10000.0,False,True,47304101,473041,REVISION_MANUAL,62,0.3,MODERADO,R001,1,0,,True,False,1,0,REVISION_MANUAL,0
68,7000.0,2100.0,2,3,0,Propia,Consumo,10000.0,True,True,47604101,476041,APROBADO,100,0.3,MODERADO,R001|R005|R012|R015,4,2,,True,False,1,1,APROBADO,1
22,10000.0,3000.0,2,2,2,Familiar,Consumo,10000.0,False,True,47703103,477031,APROBADO,83,0.3,MODERADO,R001|R012,2,1,,True,False,1,1,APROBADO,1
51,45000.0,13500.0,2,4,2,Propia,Consumo,10000.0,False,True,48401101,484011,APROBADO,100,0.3,MODERADO,R001|R005|R012,3,1,,True,False,1,1,APROBADO,1
25,800.0,240.0,2,4,4,Propia,Consumo,10000.0,False,True,49015105,490151,REVISION_MANUAL,72,0.3,MODERADO,R001|R005|R010,3,0,,True,False,1,0,REVISION_MANUAL,0
40,2300.0,690.0,2,4,1,Propia,Consumo,10000.0,False,True,49205101,492051,APROBADO,87,0.3,MODERADO,R001|R005,2,0,,True,False,1,1,APROBADO,1
22,7000.0,2100.0,2,2,0,Familiar,Consumo,10000.0,False,True,49305101,493051,APROBADO,84,0.3,MODERADO,R001|R012,2,1,,True,False,1,1,APROBADO,1
37,6000.0,1800.0,0,2,2,Familiar,Consumo,10000.0,False,True,49418102,494181,RECHAZADO,8,0.3,MODERADO,R002,1,0,,True,True,0,0,RECHAZADO,0
35,2000.0,600.0,2,2,1,Familiar,Consumo,10000.0,False,True,50104101,501041,REVISION_MANUAL,71,0.3,MODERADO,R001,1,0,,True,False,1,0,REVISION_MANUAL,0
23,2000.0,600.0,2,4,0,Familiar,Consumo,10000.0,False,True,50317102,503171,REVISION_MANUAL,71,0.3,MODERADO,R001,1,0,,True,False,1,0,REVISION_MANUAL,0
40,20000.0,6000.0,2,4,1,Propia,Consumo,10000.0,False,True,51301101,513011,APROBADO,100,0.3,MODERADO,R001|R005|R012,3,1,,True,False,1,1,APROBADO,1
34,20000.0,6000.0,2,1,0,Familiar,Consumo,10000.0,False,True,51603101,516031,APROBADO,85,0.3,MODERADO,R001|R012,2,1,,True,False,1,1,APROBADO,1
34,2500.0,750.0,2,4,3,Propia,Consumo,10000.0,True,True,51805101,518051,APROBADO,94,0.3,MODERADO,R001|R005|R012,3,1,,True,False,1,1,APROBADO,1
31,1000.0,300.0,2,1,2,Familiar,Consumo,10000.0,False,True,52202102,522021,RECHAZADO,59,0.3,MODERADO,R001,1,0,,True,False,1,0,REVISION_MANUAL,0
46,20000.0,6000.0,0,5,1,Propia,Consumo,10000.0,False,True,52602101,526021,RECHAZADO,52,0.3,MODERADO,R002|R003|R005,3,0,,True,True,0,0,RECHAZADO,0
51,10000.0,3000.0,2,4,0,Propia,Consumo,10000.0,False,True,52704101,527041,APROBADO,100,0.3,MODERADO,R001|R005|R012|R015,4,2,,True,False,1,1,APROBADO,1
22,2500.0,750.0,2,4,0,Familiar,Consumo,10000.0,True,True,53217102,532171,APROBADO,81,0.3,MODERADO,R001|R012,2,1,,True,False,1,1,APROBADO,1
38,2500.0,750.0,2,4,0,Familiar,Consumo,10000.0,True,True,53302101,533021,APROBADO,83,0.3,MODERADO,R001|R012,2,1,,True,False,1,1,APROBADO,1
47,20000.0,6000.0,2,4,0,Propia,Consumo,10000.0,False,True,53404101,534041,APROBADO,100,0.3,MODERADO,R001|R005|R012|R015,4,2,,True,False,1,1,APROBADO,1
19,1700.0,510.0,2,2,2,Familiar,Consumo,10000.0,False,True,53506103,535061,RECHAZADO,56,0.3,MODERADO,R001|R009,2,0,,True,False,1,0,REVISION_MANUAL,0
31,2500.0,750.0,2,0,3,Propia,Consumo,10000.0,True,True,53705102,537051,REVISION_MANUAL,66,0.3,MODERADO,R001|R004|R005|R012,4,1,,True,False,1,0,REVISION_MANUAL,0
60,100.0,30.0,2,1,1,Familiar,Consumo,1800.0,False,True,53914103,539141,RECHAZADO,58,0.3,MODERADO,R001,1,0,,True,False,1,0,REVISION_MANUAL,0
36,2500.0,750.0,2,2,2,Familiar,Consumo,10000.0,False,True,54213102,542131,APROBADO,80,0.3,MODERADO,R001|R012,2,1,,True,False,1,1,APROBADO,1
30,34200.0,10260.0,2,4,1,Familiar,Consumo,10000.0,False,True,54318101,543181,APROBADO,100,0.3,MODERADO,R001|R012,2,1,,True,False,1,1,APROBADO,1
37,3000.0,900.0,2,1,3,Propia,Consumo,10000.0,False,True,54410101,544101,APROBADO,84,0.3,MODERADO,R001|R005|R012,3,1,,True,False,1,1,APROBADO,1
50,2000.0,600.0,2,2,1,Familiar,Consumo,10000.0,False,True,55805103,558051,REVISION_MANUAL,71,0.3,MODERADO,R001,1,0,,True,False,1,0,REVISION_MANUAL,0
63,1800.0,540.0,2,4,0,Propia,Consumo,10000.0,False,True,56214101,562141,APROBADO,94,0.3,MODERADO,R001|R005|R015,3,1,,True,False,1,1,APROBADO,1
41,52000.0,15600.0,2,4,3,Propia,Consumo,10000.0,False,True,56303101,563031,APROBADO,100,0.3,MODERADO,R001|R005|R012,3,1,,True,False,1,1,APROBADO,1
36,7000.0,2100.0,2,4,1,Propia,Consumo,10000.0,False,True,57101101,571011,APROBADO,100,0.3,MODERADO,R001|R005|R012,3,1,,True,False,1,1,APROBADO,1
29,21000.0,6300.0,2,2,3,Propia,Consumo,10000.0,False,True,57304102,573041,APROBADO,100,0.3,MODERADO,R001|R005|R012,3,1,,True,False,1,1,APROBADO,1
32,26000.0,7800.0,0,4,0,Familiar,Consumo,10000.0,False,True,57405101,574051,RECHAZADO,24,0.3,MODERADO,R002,1,0,,True,True,0,0,RECHAZADO,0
54,6300.0,1890.0,0,4,1,Familiar,Consumo,10000.0,False,True,57604101,576041,RECHAZADO,9,0.3,MODERADO,R002,1,0,,True,True,0,0,RECHAZADO,0
29,2300.0,690.0,2,4,0,Familiar,Consumo,10000.0,False,True,58103102,581031,REVISION_MANUAL,73,0.3,MODERADO,R001,1,0,,True,False,1,0,REVISION_MANUAL,0
37,1500.0,450.0,0,1,2,Familiar,Consumo,10000.0,False,True,58404101,584041,RECHAZADO,0,0.3,MODERADO,R002,1,0,,True,True,0,0,RECHAZADO,0
34,20000.0,6000.0,2,4,1,Familiar,Consumo,10000.0,False,True,58803103,588031,APROBADO,93,0.3,MODERADO,R001|R012,2,1,,True,False,1,1,APROBADO,1
41,12000.0,3600.0,2,4,4,Propia,Consumo,10000.0,False,True,59301101,593011,APROBADO,89,0.3,MODERADO,R001|R005|R010|R012,4,1,,True,False,1,1,APROBADO,1
38,7000.0,2100.0,0,2,3,Familiar,Consumo,10000.0,False,True,59802101,598021,RECHAZADO,7,0.3,MODERADO,R002,1,0,,True,True,0,0,RECHAZADO,0
72,12000.0,3600.0,2,1,5,Propia,Consumo,10000.0,False,True,60105102,601051,REVISION_MANUAL,75,0.3,MODERADO,R001|R005|R010|R012,4,1,,True,False,1,0,APROBADO,1
26,2500.0,750.0,2,0,2,Familiar,Consumo,10000.0,True,True,60205102,602051,RECHAZADO,52,0.3,MODERADO,R001|R004|R012,3,1,,True,False,1,0,RECHAZADO,0
28,30000.0,9000.0,2,2,0,Familiar,Consumo,10000.0,False,True,60601101,606011,APROBADO,100,0.3,MODERADO,R001|R012,2,1,,True,False,1,1,APROBADO,1
28,2000.0,600.0,2,2,3,Familiar,Consumo,10000.0,False,True,61004101,610041,REVISION_MANUAL,68,0.3,MODERADO,R001,1,0,,True,False,1,0,REVISION_MANUAL,0
80,300.0,90.0,2,0,0,Propia,Consumo,5400.0,False,True,61201101,612011,RECHAZADO,57,0.3,MODERADO,R001|R004|R005,3,0,,True,False,1,0,REVISION_MANUAL,0
73,2500.0,750.0,2,0,2,Propia,Consumo,10000.0,True,True,61705101,617051,REVISION_MANUAL,65,0.3,MODERADO,R001|R004|R005|R012,4,1,,True,False,1,0,REVISION_MANUAL,0
50,2000.0,600.0,2,0,2,Propia,Consumo,10000.0,True,True,61801101,618011,RECHAZADO,57,0.3,MODERADO,R001|R004|R005,3,0,,True,False,1,0,REVISION_MANUAL,0
43,30000.0,9000.0,0,4,2,Propia,Consumo,10000.0,False,True,62402102,624021,RECHAZADO,39,0.3,MODERADO,R002|R005,2,0,,True,True,0,0,RECHAZADO,0
47,11500.0,3450.0,2,4,0,Familiar,Consumo,10000.0,False,True,62604101,626041,APROBADO,89,0.3,MODERADO,R001|R012,2,1,,True,False,1,1,APROBADO,1
40,17000.0,5100.0,2,4,2,Familiar,Consumo,10000.0,False,True,62801102,628011,APROBADO,90,0.3,MODERADO,R001|R012,2,1,,True,False,1,1,APROBADO,1
50,3000.0,900.0,0,5,0,Propia,Consumo,10000.0,False,True,62905101,629051,RECHAZADO,51,0.3,MODERADO,R002|R003|R005|R015,4,1,,True,True,0,0,RECHAZADO,0
49,10000.0,3000.0,0,5,1,Propia,Consumo,10000.0,False,True,63512101,635121,RECHAZADO,46,0.3,MODERADO,R002|R003|R005,3,0,,True,True,0,0,RECHAZADO,0
42,20000.0,6000.0,2,4,2,Propia,Consumo,10000.0,False,True,63801101,638011,APROBADO,100,0.3,MODERADO,R001|R005|R012,3,1,,True,False,1,1,APROBADO,1
50,98000.0,29400.0,2,4,2,Familiar,Consumo,10000.0,False,True,64202101,642021,APROBADO,99,0.3,MODERADO,R001|R012,2,1,,True,False,1,1,APROBADO,1
31,2800.0,840.0,2,4,2,Propia,Consumo,10000.0,False,True,64418101,644181,APROBADO,95,0.3,MODERADO,R001|R005|R012,3,1,,True,False,1,1,APROBADO,1
35,2000.0,600.0,0,1,1,Familiar,Consumo,10000.0,False,True,64519101,645191,RECHAZADO,0,0.3,MODERADO,R002,1,0,,True,True,0,0,RECHAZADO,0
48,1700.0,510.0,2,4,0,Familiar,Consumo,10000.0,False,True,64602101,646021,REVISION_MANUAL,73,0.3,MODERADO,R001,1,0,,True,False,1,0,REVISION_MANUAL,0
27,2500.0,750.0,2,0,1,Familiar,Consumo,10000.0,True,True,64802101,648021,RECHAZADO,54,0.3,MODERADO,R001|R004|R012,3,1,,True,False,1,0,RECHAZADO,0
31,1500.0,450.0,2,1,2,Familiar,Negocio,12000.0,False,True,64902102,649021,REVISION_MANUAL,72,0.3,MODERADO,R001|R006,2,0,,True,False,1,0,REVISION_MANUAL,0
39,7000.0,2100.0,2,1,0,Propia,Consumo,10000.0,False,True,65105101,651051,APROBADO,91,0.3,MODERADO,R001|R005|R012,3,1,,True,False,1,1,APROBADO,1
45,1500.0,450.0,2,1,3,Propia,Negocio,12000.0,False,True,65303101,653031,APROBADO,85,0.3,MODERADO,R001|R005|R006,3,0,,True,False,1,1,APROBADO,1
32,900.0,270.0,2,2,3,Familiar,Consumo,10000.0,False,True,65303201,653032,REVISION_MANUAL,68,0.3,MODERADO,R001,1,0,,True,False,1,0,REVISION_MANUAL,0
37,2350.0,705.0,2,4,1,Familiar,Consumo,10000.0,False,True,66205102,662051,REVISION_MANUAL,72,0.3,MODERADO,R001,1,0,,True,False,1,0,REVISION_MANUAL,0
49,7000.0,2100.0,0,4,2,Propia,Consumo,10000.0,True,True,66504102,665041,RECHAZADO,23,0.3,MODERADO,R002|R005,2,0,,True,True,0,0,RECHAZADO,0
45,1500.0,450.0,0,0,0,Propia,Negocio,12000.0,True,True,67019101,670191,RECHAZADO,7,0.3,MODERADO,R002|R004|R005|R006,4,0,,True,True,0,0,RECHAZADO,0
41,7000.0,2100.0,2,4,1,Familiar,Consumo,10000.0,False,True,67104102,671041,APROBADO,85,0.3,MODERADO,R001|R012,2,1,,True,False,1,1,APROBADO,1
29,7400.0,2220.0,2,4,0,Propia,Consumo,10000.0,False,True,67202101,672021,APROBADO,100,0.3,MODERADO,R001|R005|R012|R015,4,2,,True,False,1,1,APROBADO,1
38,2500.0,750.0,2,2,2,Familiar,Consumo,10000.0,False,True,67301101,673011,APROBADO,80,0.3,MODERADO,R001|R012,2,1,,True,False,1,1,APROBADO,1
60,2000.0,600.0,0,0,4,Familiar,Negocio,12000.0,True,True,67401101,674011,RECHAZADO,0,0.3,MODERADO,R002|R004|R006|R010,4,0,,True,True,0,0,RECHAZADO,0
55,5500.0,1650.0,2,4,4,Propia,Consumo,10000.0,False,True,67805101,678051,APROBADO,84,0.3,MODERADO,R001|R005|R010|R012,4,1,,True,False,1,1,APROBADO,1
42,15000.0,4500.0,2,4,3,Propia,Consumo,10000.0,False,True,67901101,679011,APROBADO,100,0.3,MODERADO,R001|R005|R012,3,1,,True,False,1,1,APROBADO,1
63,1500.0,450.0,2,0,1,Propia,Consumo,10000.0,True,True,68004102,680041,RECHAZADO,56,0.3,MODERADO,R001|R004|R005,3,0,,True,False,1,0,REVISION_MANUAL,0
71,2000.0,600.0,2,0,1,Propia,Consumo,10000.0,True,True,68101101,681011,RECHAZADO,56,0.3,MODERADO,R001|R004|R005,3,0,,True,False,1,0,REVISION_MANUAL,0
30,20000.0,6000.0,2,4,0,Propia,Consumo,10000.0,False,True,68201101,682011,APROBADO,100,0.3,MODERADO,R001|R005|R012|R015,4,2,,True,False,1,1,APROBADO,1
30,2000.0,600.0,0,2,1,Propia,Consumo,10000.0,False,True,68403101,684031,RECHAZADO,21,0.3,MODERADO,R002|R005,2,0,,True,True,0,0,RECHAZADO,0
32,18000.0,5400.0,0,4,5,Familiar,Consumo,10000.0,False,True,68502103,685021,RECHAZADO,1,0.3,MODERADO,R002|R010,2,0,,True,True,0,0,RECHAZADO,0
18,2500.0,750.0,2,0,0,Familiar,Consumo,10000.0,True,True,68705101,687051,RECHAZADO,41,0.3,MODERADO,R001|R004|R009|R012,4,1,,True,False,1,0,RECHAZADO,0
41,3000.0,900.0,0,4,2,Propia,Consumo,10000.0,False,True,69317101,693171,RECHAZADO,21,0.3,MODERADO,R002|R005,2,0,,True,True,0,0,RECHAZADO,0
32,1500.0,450.0,2,0,3,Familiar,Consumo,10000.0,True,True,69419101,694191,RECHAZADO,40,0.3,MODERADO,R001|R004,2,0,,True,False,1,0,RECHAZADO,0
59,21000.0,6300.0,2,4,1,Propia,Consumo,10000.0,False,True,69503101,695031,APROBADO,100,0.3,MODERADO,R001|R005|R012,3,1,,True,False,1,1,APROBADO,1
41,6500.0,1950.0,2,4,3,Propia,Negocio,12000.0,False,True,69703101,697031,APROBADO,100,0.3,MODERADO,R001|R005|R006|R012,4,1,,True,False,1,1,APROBADO,1
36,12000.0,3600.0,2,4,1,Familiar,Consumo,10000.0,False,True,69905101,699051,APROBADO,88,0.3,MODERADO,R001|R012,2,1,,True,False,1,1,APROBADO,1
34,12000.0,3600.0,2,4,4,Propia,Consumo,10000.0,False,True,70005102,700051,APROBADO,89,0.3,MODERADO,R001|R005|R010|R012,4,1,,True,False,1,1,APROBADO,1
36,25000.0,7500.0,2,4,2,Familiar,Consumo,10000.0,False,True,70302101,703021,APROBADO,95,0.3,MODERADO,R001|R012,2,1,,True,False,1,1,APROBADO,1
28,16000.0,4800.0,0,4,0,Propia,Consumo,10000.0,False,True,70405101,704051,RECHAZADO,40,0.3,MODERADO,R002|R005|R015,3,1,,True,True,0,0,RECHAZADO,0
29,7000.0,2100.0,0,0,0,Familiar,Consumo,10000.0,True,True,70502102,705021,RECHAZADO,0,0.3,MODERADO,R002|R004,2,0,,True,True,0,0,RECHAZADO,0
29,2500.0,750.0,0,0,3,Familiar,Consumo,10000.0,True,True,70817106,708171,RECHAZADO,0,0.3,MODERADO,R002|R004,2,0,,True,True,0,0,RECHAZADO,0
76,7000.0,2100.0,2,0,0,Propia,Consumo,10000.0,True,True,71204102,712041,REVISION_MANUAL,71,0.3,MODERADO,R001|R004|R005|R012,4,1,,True,False,1,0,REVISION_MANUAL,0
30,3500.0,1050.0,2,4,0,Familiar,Consumo,10000.0,False,True,71302101,713021,APROBADO,84,0.3,MODERADO,R001|R012,2,1,,True,False,1,1,APROBADO,1
28,300.0,90.0,0,1,2,Propia,Consumo,5400.0,False,True,71501102,715011,RECHAZADO,9,0.3,MODERADO,R002|R005,2,0,,True,True,0,0,RECHAZADO,0
54,20000.0,6000.0,2,4,0,Propia,Consumo,10000.0,False,True,71702101,717021,APROBADO,100,0.3,MODERADO,R001|R005|R012|R015,4,2,,True,False,1,1,APROBADO,1
38,3200.0,960.0,2,4,2,Propia,Consumo,10000.0,False,True,71808101,718081,APROBADO,96,0.3,MODERADO,R001|R005|R012,3,1,,True,False,1,1,APROBADO,1
39,2200.0,660.0,2,4,1,Familiar,Consumo,10000.0,False,True,71920101,719201,REVISION_MANUAL,71,0.3,MODERADO,R001,1,0,,True,False,1,0,REVISION_MANUAL,0
40,40000.0,12000.0,2,4,1,Propia,Consumo,10000.0,False,True,72001101,720011,APROBADO,100,0.3,MODERADO,R001|R005|R012,3,1,,True,False,1,1,APROBADO,1
30,500.0,150.0,2,1,2,Familiar,Consumo,9000.0,False,True,72101103,721011,RECHAZADO,59,0.3,MODERADO,R001,1,0,,True,False,1,0,REVISION_MANUAL,0
25,850.0,255.0,2,1,2,Familiar,Consumo,10000.0,False,True,72304101,723041,RECHAZADO,59,0.3,MODERADO,R001,1,0,,True,False,1,0,REVISION_MANUAL,0
53,4000.0,1200.0,2,2,1,Familiar,Consumo,10000.0,False,True,72405101,724051,APROBADO,83,0.3,MODERADO,R001|R012,2,1,,True,False,1,1,APROBADO,1
65,23000.0,6900.0,2,1,1,Propia,Consumo,10000.0,False,True,72601101,726011,APROBADO,98,0.3,MODERADO,R001|R005|R012,3,1,,True,False,1,1,APROBADO,1
52,3000.0,900.0,2,4,2,Familiar,Consumo,10000.0,False,True,72817101,728171,APROBADO,81,0.3,MODERADO,R001|R012,2,1,,True,False,1,1,APROBADO,1
41,8000.0,2400.0,2,4,1,Familiar,Consumo,10000.0,False,True,72902102,729021,APROBADO,85,0.3,MODERADO,R001|R012,2,1,,True,False,1,1,APROBADO,1
39,4800.0,1440.0,2,4,2,Familiar,Consumo,10000.0,False,True,73005102,730051,APROBADO,82,0.3,MODERADO,R001|R012,2,1,,True,False,1,1,APROBADO,1
25,35000.0,10500.0,2,4,0,Familiar,Consumo,10000.0,False,True,73401101,734011,APROBADO,100,0.3,MODERADO,R001|R012,2,1,,True,False,1,1,APROBADO,1
31,2500.0,750.0,2,0,1,Propia,Consumo,10000.0,True,True,73604102,736041,REVISION_MANUAL,69,0.3,MODERADO,R001|R004|R005|R012,4,1,,True,False,1,0,REVISION_MANUAL,0
29,5000.0,1500.0,2,4,1,Propia,Consumo,10000.0,False,True,73902102,739021,APROBADO,98,0.3,MODERADO,R001|R005|R012,3,1,,True,False,1,1,APROBADO,1
34,11000.0,3300.0,2,4,0,Familiar,Consumo,10000.0,False,True,74301101,743011,APROBADO,89,0.3,MODERADO,R001|R012,2,1,,True,False,1,1,APROBADO,1
35,10000.0,3000.0,2,4,1,Familiar,Negocio,12000.0,False,True,74403102,744031,APROBADO,99,0.3,MODERADO,R001|R006|R012,3,1,,True,False,1,1,APROBADO,1
40,2000.0,600.0,0,4,3,Familiar,Consumo,10000.0,False,True,74601101,746011,RECHAZADO,3,0.3,MODERADO,R002,1,0,,True,True,0,0,RECHAZADO,0
33,7000.0,2100.0,2,4,5,Propia,Consumo,10000.0,True,True,74703101,747031,APROBADO,84,0.3,MODERADO,R001|R005|R010|R012,4,1,,True,False,1,1,APROBADO,1
50,1500.0,450.0,2,0,0,Propia,Negocio,12000.0,True,True,74904102,749041,REVISION_MANUAL,72,0.3,MODERADO,R001|R004|R005|R006,4,0,,True,False,1,0,REVISION_MANUAL,0
26,2000.0,600.0,0,1,3,Propia,Consumo,10000.0,False,True,75005101,750051,RECHAZADO,8,0.3,MODERADO,R002|R005,2,0,,True,True,0,0,RECHAZADO,0
40,15000.0,4500.0,2,4,3,Propia,Consumo,10000.0,False,True,75105102,751051,APROBADO,100,0.3,MODERADO,R001|R005|R012,3,1,,True,False,1,1,APROBADO,1
39,2700.0,810.0,0,4,2,Propia,Consumo,10000.0,False,True,75208101,752081,RECHAZADO,20,0.3,MODERADO,R002|R005,2,0,,True,True,0,0,RECHAZADO,0
44,12000.0,3600.0,0,4,1,Familiar,Consumo,10000.0,False,True,76001101,760011,RECHAZADO,13,0.3,MODERADO,R002,1,0,,True,True,0,0,RECHAZADO,0
57,1500.0,450.0,2,4,3,Propia,Consumo,10000.0,False,True,76503101,765031,APROBADO,81,0.3,MODERADO,R001|R005,2,0,,True,False,1,1,APROBADO,1
40,2800.0,840.0,2,4,3,Familiar,Consumo,10000.0,False,True,77007101,770071,REVISION_MANUAL,79,0.3,MODERADO,R001|R012,2,1,,True,False,1,0,APROBADO,1
51,4200.0,1260.0,2,3,2,Propia,Consumo,10000.0,False,True,77303101,773031,APROBADO,96,0.3,MODERADO,R001|R005|R012,3,1,,True,False,1,1,APROBADO,1
58,1000.0,300.0,0,2,1,Familiar,Consumo,10000.0,False,True,77403101,774031,RECHAZADO,4,0.3,MODERADO,R002,1,0,,True,True,0,0,RECHAZADO,0
52,5000.0,1500.0,2,4,2,Propia,Consumo,10000.0,False,True,77803102,778031,APROBADO,97,0.3,MODERADO,R001|R005|R012,3,1,,True,False,1,1,APROBADO,1
68,7000.0,2100.0,2,0,0,Propia,Consumo,10000.0,True,True,78402101,784021,REVISION_MANUAL,71,0.3,MODERADO,R001|R004|R005|R012,4,1,,True,False,1,0,REVISION_MANUAL,0
42,2500.0,750.0,2,0,1,Familiar,Consumo,10000.0,True,True,78511102,785111,RECHAZADO,54,0.3,MODERADO,R001|R004|R012,3,1,,True,False,1,0,RECHAZADO,0
56,8000.0,2400.0,2,4,3,Familiar,Consumo,10000.0,False,True,78702102,787021,APROBADO,80,0.3,MODERADO,R001|R012,2,1,,True,False,1,1,APROBADO,1
37,20000.0,6000.0,2,4,0,Familiar,Consumo,10000.0,False,True,79204102,792041,APROBADO,95,0.3,MODERADO,R001|R012,2,1,,True,False,1,1,APROBADO,1
44,12000.0,3600.0,2,4,0,Familiar,Consumo,10000.0,False,True,79511101,795111,APROBADO,90,0.3,MODERADO,R001|R012,2,1,,True,False,1,1,APROBADO,1
61,2000.0,600.0,2,0,0,Propia,Consumo,10000.0,True,True,79610101,796101,RECHAZADO,58,0.3,MODERADO,R001|R004|R005,3,0,,True,False,1,0,REVISION_MANUAL,0
21,15000.0,4500.0,2,5,1,Familiar,Consumo,10000.0,False,True,79916103,799161,APROBADO,100,0.3,MODERADO,R001|R003|R012,3,1,,True,False,1,1,APROBADO,1
28,10000.0,3000.0,2,4,0,Familiar,Consumo,10000.0,False,True,80103101,801031,APROBADO,88,0.3,MODERADO,R001|R012,2,1,,True,False,1,1,APROBADO,1
24,7000.0,2100.0,2,0,2,Familiar,Consumo,10000.0,True,True,80601202,806012,RECHAZADO,53,0.3,MODERADO,R001|R004|R012,3,1,,True,False,1,0,RECHAZADO,0
41,50000.0,15000.0,2,4,1,Propia,Consumo,10000.0,False,True,80807101,808071,APROBADO,100,0.3,MODERADO,R001|R005|R012,3,1,,True,False,1,1,APROBADO,1
24,4000.0,1200.0,2,1,1,Familiar,Consumo,10000.0,False,True,81620102,816201,REVISION_MANUAL,71,0.3,MODERADO,R001|R012,2,1,,True,False,1,0,REVISION_MANUAL,0
53,4000.0,1200.0,2,0,0,Familiar,Consumo,10000.0,True,True,81806102,818061,RECHAZADO,56,0.3,MODERADO,R001|R004|R012,3,1,,True,False,1,0,REVISION_MANUAL,0
37,3750.0,1125.0,0,2,1,Propia,Consumo,10000.0,False,True,82101101,821011,RECHAZADO,23,0.3,MODERADO,R002|R005,2,0,,True,True,0,0,RECHAZADO,0
56,1050.0,315.0,2,1,0,Propia,Consumo,10000.0,False,True,82320101,823201,REVISION_MANUAL,75,0.3,MODERADO,R001|R005,2,0,,True,False,1,0,APROBADO,1
51,2500.0,750.0,2,4,1,Propia,Consumo,10000.0,False,True,82601101,826011,APROBADO,97,0.3,MODERADO,R001|R005|R012,3,1,,True,False,1,1,APROBADO,1
54,4000.0,1200.0,2,4,1,Familiar,Consumo,10000.0,False,True,82801102,828011,APROBADO,83,0.3,MODERADO,R001|R012,2,1,,True,False,1,1,APROBADO,1
66,3000.0,900.0,2,1,3,Propia,Consumo,10000.0,False,True,82914101,829141,APROBADO,82,0.3,MODERADO,R001|R005|R012,3,1,,True,False,1,1,APROBADO,1
37,2000.0,600.0,2,0,2,Familiar,Consumo,10000.0,True,True,83204102,832041,RECHAZADO,42,0.3,MODERADO,R001|R004,2,0,,True,False,1,0,RECHAZADO,0
44,40000.0,12000.0,2,4,1,Propia,Consumo,10000.0,False,True,84001101,840011,APROBADO,100,0.3,MODERADO,R001|R005|R012,3,1,,True,False,1,1,APROBADO,1
33,6000.0,1800.0,0,4,2,Propia,Consumo,10000.0,False,True,84303102,843031,RECHAZADO,23,0.3,MODERADO,R002|R005,2,0,,True,True,0,0,RECHAZADO,0
72,4000.0,1200.0,2,0,0,Propia,Consumo,10000.0,True,True,84805102,848051,REVISION_MANUAL,69,0.3,MODERADO,R001|R004|R005|R012,4,1,,True,False,1,0,REVISION_MANUAL,0
51,13000.0,3900.0,2,3,0,Familiar,Consumo,10000.0,False,True,85205101,852051,APROBADO,90,0.3,MODERADO,R001|R012,2,1,,True,False,1,1,APROBADO,1
31,5000.0,1500.0,0,2,1,Familiar,Consumo,10000.0,False,True,85404102,854041,RECHAZADO,8,0.3,MODERADO,R002,1,0,,True,True,0,0,RECHAZADO,0
54,1500.0,450.0,2,0,0,Propia,Consumo,10000.0,True,True,85711102,857111,REVISION_MANUAL,60,0.3,MODERADO,R001|R004|R005,3,0,,True,False,1,0,REVISION_MANUAL,0
75,1000.0,300.0,2,0,0,Familiar,Consumo,10000.0,True,True,85806101,858061,RECHAZADO,42,0.3,MODERADO,R001|R004,2,0,,True,False,1,0,RECHAZADO,0
24,1950.0,585.0,2,1,4,Familiar,Consumo,10000.0,False,True,85910105,859101,RECHAZADO,45,0.3,MODERADO,R001|R010,2,0,,True,False,1,0,RECHAZADO,0
49,7000.0,2100.0,0,1,1,Propia,Consumo,10000.0,False,True,86104101,861041,RECHAZADO,15,0.3,MODERADO,R002|R005,2,0,,True,True,0,0,RECHAZADO,0
21,3500.0,1050.0,2,1,4,Familiar,Consumo,10000.0,False,True,86203102,862031,RECHAZADO,56,0.3,MODERADO,R001|R010|R012,3,1,,True,False,1,0,REVISION_MANUAL,0
73,2500.0,750.0,2,0,0,Propia,Consumo,10000.0,True,True,86304102,863041,REVISION_MANUAL,68,0.3,MODERADO,R001|R004|R005|R012,4,1,,True,False,1,0,REVISION_MANUAL,0
40,5000.0,1500.0,0,1,3,Familiar,Consumo,10000.0,False,True,86705102,867051,RECHAZADO,0,0.3,MODERADO,R002,1,0,,True,True,0,0,RECHAZADO,0
51,7000.0,2100.0,2,0,0,Propia,Consumo,10000.0,True,True,86901102,869011,REVISION_MANUAL,73,0.3,MODERADO,R001|R004|R005|R012,4,1,,True,False,1,0,REVISION_MANUAL,0
65,4500.0,1350.0,2,1,3,Familiar,Consumo,10000.0,False,True,87002101,870021,REVISION_MANUAL,68,0.3,MODERADO,R001|R012,2,1,,True,False,1,0,REVISION_MANUAL,0
52,2500.0,750.0,2,4,5,Propia,Consumo,10000.0,True,True,87412103,874121,APROBADO,82,0.3,MODERADO,R001|R005|R010|R012,4,1,,True,False,1,1,APROBADO,1
62,14000.0,4200.0,2,0,0,Propia,Consumo,10000.0,True,True,87505101,875051,REVISION_MANUAL,76,0.3,MODERADO,R001|R004|R005|R012,4,1,,True,False,1,0,APROBADO,1
40,5000.0,1500.0,2,1,1,Familiar,Consumo,10000.0,False,True,87803101,878031,REVISION_MANUAL,73,0.3,MODERADO,R001|R012,2,1,,True,False,1,0,REVISION_MANUAL,0
47,6000.0,1800.0,0,1,0,Familiar,Consumo,10000.0,False,True,87901101,879011,RECHAZADO,1,0.3,MODERADO,R002,1,0,,True,True,0,0,RECHAZADO,0
43,6000.0,1800.0,2,4,0,Propia,Consumo,10000.0,False,True,88203101,882031,APROBADO,100,0.3,MODERADO,R001|R005|R012|R015,4,2,,True,False,1,1,APROBADO,1
55,2000.0,600.0,2,2,3,Propia,Consumo,10000.0,True,True,88404101,884041,APROBADO,83,0.3,MODERADO,R001|R005,2,0,,True,False,1,1,APROBADO,1
52,6000.0,1800.0,2,4,1,Propia,Consumo,10000.0,False,True,88601101,886011,APROBADO,99,0.3,MODERADO,R001|R005|R012,3,1,,True,False,1,1,APROBADO,1
26,12000.0,3600.0,0,4,5,Familiar,Consumo,10000.0,False,True,88718103,887181,RECHAZADO,0,0.3,MODERADO,R002|R010,2,0,,True,True,0,0,RECHAZADO,0
26,1600.0,480.0,0,4,1,Familiar,Consumo,10000.0,False,True,88802101,888021,RECHAZADO,6,0.3,MODERADO,R002,1,0,,True,True,0,0,RECHAZADO,0
60,1500.0,450.0,2,4,1,Familiar,Consumo,10000.0,False,True,89211102,892111,REVISION_MANUAL,69,0.3,MODERADO,R001,1,0,,True,False,1,0,REVISION_MANUAL,0
34,9000.0,2700.0,2,4,2,Familiar,Consumo,10000.0,False,True,89605102,896051,APROBADO,85,0.3,MODERADO,R001|R012,2,1,,True,False,1,1,APROBADO,1
40,2000.0,600.0,0,1,1,Familiar,Consumo,10000.0,True,True,89803101,898031,RECHAZADO,0,0.3,MODERADO,R002,1,0,,True,True,0,0,RECHAZADO,0
22,500.0,150.0,2,1,3,Familiar,Consumo,9000.0,False,True,89905102,899051,RECHAZADO,55,0.3,MODERADO,R001,1,0,,True,False,1,0,REVISION_MANUAL,0
29,2500.0,750.0,2,4,1,Familiar,Consumo,10000.0,True,True,90103101,901031,APROBADO,82,0.3,MODERADO,R001|R012,2,1,,True,False,1,1,APROBADO,1
44,60000.0,18000.0,2,5,2,Propia,Consumo,10000.0,False,True,90202101,902021,APROBADO,100,0.3,MODERADO,R001|R003|R005|R012,4,1,,True,False,1,1,APROBADO,1
51,8000.0,2400.0,2,4,2,Propia,Consumo,10000.0,False,True,90404101,904041,APROBADO,99,0.3,MODERADO,R001|R005|R012,3,1,,True,False,1,1,APROBADO,1
62,3500.0,1050.0,0,1,1,Familiar,Consumo,10000.0,False,True,90805103,908051,RECHAZADO,0,0.3,MODERADO,R002,1,0,,True,True,0,0,RECHAZADO,0
36,2500.0,750.0,0,2,4,Familiar,Negocio,12000.0,False,True,91704101,917041,RECHAZADO,4,0.3,MODERADO,R002|R006|R010,3,0,,True,True,0,0,RECHAZADO,0
40,2000.0,600.0,2,1,3,Familiar,Consumo,10000.0,False,True,91804105,918041,RECHAZADO,58,0.3,MODERADO,R001,1,0,,True,False,1,0,REVISION_MANUAL,0
46,50000.0,15000.0,2,5,3,Propia,Consumo,10000.0,False,True,91904101,919041,APROBADO,100,0.3,MODERADO,R001|R003|R005|R012,4,1,,True,False,1,1,APROBADO,1
71,7000.0,2100.0,2,2,0,Propia,Consumo,10000.0,False,True,92402101,924021,APROBADO,99,0.3,MODERADO,R001|R005|R012,3,1,,True,False,1,1,APROBADO,1
28,20000.0,6000.0,2,4,1,Familiar,Consumo,10000.0,False,True,92504101,925041,APROBADO,93,0.3,MODERADO,R001|R012,2,1,,True,False,1,1,APROBADO,1
45,4000.0,1200.0,2,4,1,Propia,Consumo,10000.0,False,True,92619101,926191,APROBADO,98,0.3,MODERADO,R001|R005|R012,3,1,,True,False,1,1,APROBADO,1
67,1500.0,450.0,2,0,0,Propia,Consumo,10000.0,True,True,92802101,928021,RECHAZADO,58,0.3,MODERADO,R001|R004|R005,3,0,,True,False,1,0,REVISION_MANUAL,0
52,1500.0,450.0,2,1,1,Propia,Consumo,10000.0,False,True,92904101,929041,REVISION_MANUAL,76,0.3,MODERADO,R001|R005,2,0,,True,False,1,0,APROBADO,1
44,7000.0,2100.0,2,0,2,Familiar,Consumo,10000.0,True,True,93204101,932041,RECHAZADO,55,0.3,MODERADO,R001|R004|R012,3,1,,True,False,1,0,REVISION_MANUAL,0
60,12000.0,3600.0,2,4,0,Propia,Consumo,10000.0,False,True,93505101,935051,APROBADO,100,0.3,MODERADO,R001|R005|R012|R015,4,2,,True,False,1,1,APROBADO,1
58,7000.0,2100.0,0,0,0,Propia,Consumo,10000.0,True,True,93702101,937021,RECHAZADO,0,0.3,MODERADO,R002|R004|R005,3,0,,True,True,0,0,RECHAZADO,0
37,1500.0,450.0,2,2,0,Familiar,Consumo,10000.0,False,True,93804102,938041,REVISION_MANUAL,73,0.3,MODERADO,R001,1,0,,True,False,1,0,REVISION_MANUAL,0
38,1500.0,450.0,2,0,2,Familiar,Negocio,12000.0,True,True,94018102,940181,RECHAZADO,54,0.3,MODERADO,R001|R004|R006,3,0,,True,False,1,0,RECHAZADO,0
48,9000.0,2700.0,2,1,1,Familiar,Consumo,10000.0,False,True,94202101,942021,REVISION_MANUAL,76,0.3,MODERADO,R001|R012,2,1,,True,False,1,0,APROBADO,1
36,6000.0,1800.0,2,4,3,Propia,Consumo,10000.0,False,True,94302101,943021,APROBADO,96,0.3,MODERADO,R001|R005|R012,3,1,,True,False,1,1,APROBADO,1
53,1500.0,450.0,2,1,2,Familiar,Consumo,10000.0,False,True,94411102,944111,REVISION_MANUAL,60,0.3,MODERADO,R001,1,0,,True,False,1,0,REVISION_MANUAL,0
83,7000.0,2100.0,2,0,0,Propia,Consumo,10000.0,True,True,94516101,945161,REVISION_MANUAL,71,0.3,MODERADO,R001|R004|R005|R012,4,1,,True,False,1,0,REVISION_MANUAL,0
38,25000.0,7500.0,2,4,2,Propia,Consumo,10000.0,False,True,94704102,947041,APROBADO,100,0.3,MODERADO,R001|R005|R012,3,1,,True,False,1,1,APROBADO,1
34,3000.0,900.0,2,4,3,Propia,Consumo,10000.0,False,True,94802101,948021,APROBADO,94,0.3,MODERADO,R001|R005|R012,3,1,,True,False,1,1,APROBADO,1
65,2000.0,600.0,2,1,0,Propia,Consumo,10000.0,True,True,95609101,956091,REVISION_MANUAL,76,0.3,MODERADO,R001|R005,2,0,,True,False,1,0,APROBADO,1
33,7000.0,2100.0,2,0,1,Familiar,Consumo,10000.0,True,True,95819103,958191,RECHAZADO,57,0.3,MODERADO,R001|R004|R012,3,1,,True,False,1,0,REVISION_MANUAL,0
68,800.0,240.0,2,1,0,Propia,Consumo,10000.0,False,True,96013101,960131,REVISION_MANUAL,75,0.3,MODERADO,R001|R005,2,0,,True,False,1,0,APROBADO,1
37,7000.0,2100.0,0,0,2,Propia,Consumo,10000.0,True,True,96105102,961051,RECHAZADO,0,0.3,MODERADO,R002|R004|R005,3,0,,True,True,0,0,RECHAZADO,0
31,7000.0,2100.0,2,4,1,Propia,Consumo,10000.0,True,True,96207103,962071,APROBADO,100,0.3,MODERADO,R001|R005|R012,3,1,,True,False,1,1,APROBADO,1
38,2000.0,600.0,2,0,2,Familiar,Consumo,10000.0,True,True,96404102,964041,RECHAZADO,42,0.3,MODERADO,R001|R004,2,0,,True,False,1,0,RECHAZADO,0
54,300.0,90.0,2,1,1,Propia,Consumo,5400.0,False,True,96601101,966011,REVISION_MANUAL,75,0.3,MODERADO,R001|R005,2,0,,True,False,1,0,APROBADO,1
28,10000.0,3000.0,2,1,2,Familiar,Consumo,10000.0,False,True,96901101,969011,REVISION_MANUAL,75,0.3,MODERADO,R001|R012,2,1,,True,False,1,0,APROBADO,1
25,2000.0,600.0,2,1,1,Familiar,Consumo,10000.0,False,True,97103102,971031,REVISION_MANUAL,61,0.3,MODERADO,R001,1,0,,True,False,1,0,REVISION_MANUAL,0
23,7000.0,2100.0,2,0,0,Familiar,Consumo,10000.0,True,True,97404101,974041,RECHAZADO,56,0.3,MODERADO,R001|R004|R012,3,1,,True,False,1,0,REVISION_MANUAL,0
63,14000.0,4200.0,0,0,0,Propia,Consumo,10000.0,True,True,97701102,977011,RECHAZADO,1,0.3,MODERADO,R002|R004|R005,3,0,,True,True,0,0,RECHAZADO,0
32,7000.0,2100.0,0,0,0,Propia,Consumo,10000.0,True,True,97902102,979021,RECHAZADO,0,0.3,MODERADO,R002|R004|R005,3,0,,True,True,0,0,RECHAZADO,0
39,2800.0,840.0,0,2,8,Familiar,Negocio,12000.0,False,True,98005109,980051,RECHAZADO,4,0.3,MODERADO,R002|R006|R010,3,0,,True,True,0,0,RECHAZADO,0
60,25000.0,7500.0,0,0,0,Propia,Consumo,10000.0,True,True,98101101,981011,RECHAZADO,8,0.3,MODERADO,R002|R004|R005,3,0,,True,True,0,0,RECHAZADO,0
41,3000.0,900.0,0,2,0,Propia,Consumo,10000.0,False,True,98303101,983031,RECHAZADO,24,0.3,MODERADO,R002|R005,2,0,,True,True,0,0,RECHAZADO,0
52,3200.0,960.0,2,4,2,Propia,Consumo,10000.0,False,True,98501101,985011,APROBADO,96,0.3,MODERADO,R001|R005|R012,3,1,,True,False,1,1,APROBADO,1
72,2000.0,600.0,2,0,1,Propia,Consumo,10000.0,True,True,99018102,990181,RECHAZADO,56,0.3,MODERADO,R001|R004|R005,3,0,,True,False,1,0,REVISION_MANUAL,0
29,12000.0,3600.0,0,4,3,Familiar,Consumo,10000.0,False,True,99401105,994011,RECHAZADO,10,0.3,MODERADO,R002,1,0,,True,True,0,0,RECHAZADO,0
66,1500.0,450.0,2,0,1,Propia,Consumo,10000.0,True,True,99502101,995021,RECHAZADO,56,0.3,MODERADO,R001|R004|R005,3,0,,True,False,1,0,REVISION_MANUAL,0
36,12500.0,3750.0,2,4,1,Familiar,Consumo,10000.0,False,True,99604101,996041,APROBADO,88,0.3,MODERADO,R001|R012,2,1,,True,False,1,1,APROBADO,1
20,80000.0,24000.0,0,2,3,Familiar,Consumo,10000.0,False,True,99702103,997021,RECHAZADO,8,0.3,MODERADO,R002|R009,2,0,,True,True,0,0,RECHAZADO,0
23,6000.0,1800.0,2,4,0,Familiar,Consumo,10000.0,False,True,99916101,999161,APROBADO,84,0.3,MODERADO,R001|R012,2,1,,True,False,1,1,APROBADO,1
35,15000.0,4500.0,2,4,0,Familiar,Consumo,10000.0,False,True,100404101,1004041,APROBADO,92,0.3,MODERADO,R001|R012,2,1,,True,False,1,1,APROBADO,1
33,7000.0,2100.0,2,4,0,Familiar,Consumo,10000.0,True,True,100404201,1004042,APROBADO,86,0.3,MODERADO,R001|R012,2,1,,True,False,1,1,APROBADO,1
54,2000.0,600.0,2,2,0,Propia,Consumo,10000.0,False,True,100501103,1005011,APROBADO,88,0.3,MODERADO,R001|R005,2,0,,True,False,1,1,APROBADO,1
43,6500.0,1950.0,2,4,1,Propia,Consumo,10000.0,False,True,100604101,1006041,APROBADO,99,0.3,MODERADO,R001|R005|R012,3,1,,True,False,1,1,APROBADO,1
40,3500.0,1050.0,2,4,3,Familiar,Consumo,10000.0,False,True,101005102,1010051,REVISION_MANUAL,79,0.3,MODERADO,R001|R012,2,1,,True,False,1,0,APROBADO,1
24,300.0,90.0,0,1,2,Familiar,Consumo,5400.0,False,True,101207101,1012071,RECHAZADO,0,0.3,MODERADO,R002,1,0,,True,True,0,0,RECHAZADO,0
47,7000.0,2100.0,2,4,2,Propia,Consumo,10000.0,True,True,101304101,1013041,APROBADO,98,0.3,MODERADO,R001|R005|R012,3,1,,True,False,1,1,APROBADO,1
37,2000.0,600.0,0,1,3,Propia,Consumo,10000.0,False,True,101616101,1016161,RECHAZADO,8,0.3,MODERADO,R002|R005,2,0,,True,True,0,0,RECHAZADO,0
54,3000.0,900.0,2,4,0,Propia,Consumo,10000.0,False,True,102101102,1021011,APROBADO,100,0.3,MODERADO,R001|R005|R012|R015,4,2,,True,False,1,1,APROBADO,1
56,2000.0,600.0,0,0,1,Familiar,Consumo,10000.0,True,True,102809102,1028091,RECHAZADO,0,0.3,MODERADO,R002|R004,2,0,,True,True,0,0,RECHAZADO,0
49,2500.0,750.0,0,0,4,Familiar,Consumo,10000.0,True,True,102901102,1029011,RECHAZADO,0,0.3,MODERADO,R002|R004|R010,3,0,,True,True,0,0,RECHAZADO,0
64,6000.0,1800.0,2,4,3,Propia,Consumo,10000.0,False,True,103601101,1036011,APROBADO,94,0.3,MODERADO,R001|R005|R012,3,1,,True,False,1,1,APROBADO,1
54,4000.0,1200.0,2,0,1,Propia,Consumo,10000.0,True,True,103705102,1037051,REVISION_MANUAL,70,0.3,MODERADO,R001|R004|R005|R012,4,1,,True,False,1,0,REVISION_MANUAL,0
47,3500.0,1050.0,2,4,0,Propia,Consumo,10000.0,False,True,104002101,1040021,APROBADO,100,0.3,MODERADO,R001|R005|R012|R015,4,2,,True,False,1,1,APROBADO,1
50,2000.0,600.0,0,1,2,Propia,Consumo,10000.0,False,True,104210101,1042101,RECHAZADO,10,0.3,MODERADO,R002|R005,2,0,,True,True,0,0,RECHAZADO,0
32,3100.0,930.0,2,4,1,Propia,Consumo,10000.0,False,True,104409101,1044091,APROBADO,97,0.3,MODERADO,R001|R005|R012,3,1,,True,False,1,1,APROBADO,1
40,2800.0,840.0,2,4,3,Propia,Consumo,10000.0,False,True,104502101,1045021,APROBADO,94,0.3,MODERADO,R001|R005|R012,3,1,,True,False,1,1,APROBADO,1
52,2000.0,600.0,0,4,4,Propia,Consumo,10000.0,False,True,104604101,1046041,RECHAZADO,7,0.3,MODERADO,R002|R005|R010,3,0,,True,True,0,0,RECHAZADO,0
31,2000.0,600.0,2,0,3,Familiar,Consumo,10000.0,True,True,104701102,1047011,RECHAZADO,40,0.3,MODERADO,R001|R004,2,0,,True,False,1,0,RECHAZADO,0
55,50000.0,15000.0,2,4,0,Propia,Consumo,10000.0,False,True,105216101,1052161,APROBADO,100,0.3,MODERADO,R001|R005|R012|R015,4,2,,True,False,1,1,APROBADO,1
36,2500.0,750.0,2,4,0,Propia,Consumo,10000.0,False,True,105306101,1053061,APROBADO,100,0.3,MODERADO,R001|R005|R012|R015,4,2,,True,False,1,1,APROBADO,1
36,6000.0,1800.0,2,4,5,Propia,Consumo,10000.0,False,True,105902102,1059021,APROBADO,83,0.3,MODERADO,R001|R005|R010|R012,4,1,,True,False,1,1,APROBADO,1
20,1500.0,450.0,2,0,0,Familiar,Consumo,10000.0,True,True,106207101,1062071,RECHAZADO,31,0.3,MODERADO,R001|R004|R009,3,0,,True,False,1,0,RECHAZADO,0
47,3700.0,1110.0,2,2,0,Propia,Consumo,10000.0,False,True,106601101,1066011,APROBADO,99,0.3,MODERADO,R001|R005|R012,3,1,,True,False,1,1,APROBADO,1
22,7000.0,2100.0,2,0,2,Familiar,Consumo,10000.0,True,True,106702102,1067021,RECHAZADO,53,0.3,MODERADO,R001|R004|R012,3,1,,True,False,1,0,RECHAZADO,0
51,3800.0,1140.0,2,4,0,Propia,Consumo,10000.0,False,True,107204101,1072041,APROBADO,100,0.3,MODERADO,R001|R005|R012|R015,4,2,,True,False,1,1,APROBADO,1
29,12000.0,3600.0,2,4,3,Familiar,Consumo,10000.0,False,True,107405103,1074051,APROBADO,85,0.3,MODERADO,R001|R012,2,1,,True,False,1,1,APROBADO,1
63,7000.0,2100.0,0,0,0,Propia,Consumo,10000.0,True,True,107503102,1075031,RECHAZADO,0,0.3,MODERADO,R002|R004|R005,3,0,,True,True,0,0,RECHAZADO,0
25,12000.0,3600.0,2,1,1,Familiar,Consumo,10000.0,False,True,107804102,1078041,REVISION_MANUAL,78,0.3,MODERADO,R001|R012,2,1,,True,False,1,0,APROBADO,1
48,2500.0,750.0,2,0,4,Familiar,Consumo,10000.0,True,True,107915102,1079151,RECHAZADO,39,0.3,MODERADO,R001|R004|R010|R012,4,1,,True,False,1,0,RECHAZADO,0
73,14000.0,4200.0,2,0,0,Propia,Consumo,10000.0,True,True,108001101,1080011,REVISION_MANUAL,76,0.3,MODERADO,R001|R004|R005|R012,4,1,,True,False,1,0,APROBADO,1
43,1500.0,450.0,2,0,0,Familiar,Consumo,10000.0,True,True,108120102,1081201,RECHAZADO,45,0.3,MODERADO,R001|R004,2,0,,True,False,1,0,RECHAZADO,0
53,3500.0,1050.0,2,4,3,Propia,Consumo,10000.0,False,True,108220101,1082201,APROBADO,94,0.3,MODERADO,R001|R005|R012,3,1,,True,False,1,1,APROBADO,1
31,10000.0,3000.0,2,4,0,Propia,Consumo,10000.0,False,True,108402101,1084021,APROBADO,100,0.3,MODERADO,R001|R005|R012|R015,4,2,,True,False,1,1,APROBADO,1
56,7000.0,2100.0,0,0,0,Propia,Consumo,10000.0,True,True,108505101,1085051,RECHAZADO,0,0.3,MODERADO,R002|R004|R005,3,0,,True,True,0,0,RECHAZADO,0
47,1000.0,300.0,2,0,3,Familiar,Consumo,10000.0,True,True,108605102,1086051,RECHAZADO,40,0.3,MODERADO,R001|R004,2,0,,True,False,1,0,RECHAZADO,0
30,1500.0,450.0,0,2,3,Familiar,Consumo,10000.0,False,True,108815103,1088151,RECHAZADO,3,0.3,MODERADO,R002,1,0,,True,True,0,0,RECHAZADO,0
21,400.0,120.0,2,1,2,Familiar,Negocio,7200.0,False,True,109410103,1094101,REVISION_MANUAL,71,0.3,MODERADO,R001|R006,2,0,,True,False,1,0,REVISION_MANUAL,0
23,14000.0,4200.0,0,4,1,Familiar,Consumo,10000.0,False,True,109804102,1098041,RECHAZADO,12,0.3,MODERADO,R002,1,0,,True,True,0,0,RECHAZADO,0
30,300.0,90.0,2,2,2,Familiar,Consumo,5400.0,False,True,110117101,1101171,REVISION_MANUAL,69,0.3,MODERADO,R001,1,0,,True,False,1,0,REVISION_MANUAL,0
48,2500.0,750.0,2,1,2,Familiar,Consumo,10000.0,True,True,110301102,1103011,REVISION_MANUAL,70,0.3,MODERADO,R001|R012,2,1,,True,False,1,0,REVISION_MANUAL,0
28,2000.0,600.0,2,4,2,Familiar,Consumo,10000.0,False,True,110714102,1107141,REVISION_MANUAL,70,0.3,MODERADO,R001,1,0,,True,False,1,0,REVISION_MANUAL,0
36,7000.0,2100.0,2,4,2,Propia,Consumo,10000.0,False,True,110819101,1108191,APROBADO,98,0.3,MODERADO,R001|R005|R012,3,1,,True,False,1,1,APROBADO,1
68,7000.0,2100.0,2,0,0,Propia,Consumo,10000.0,True,True,111304102,1113041,REVISION_MANUAL,71,0.3,MODERADO,R001|R004|R005|R012,4,1,,True,False,1,0,REVISION_MANUAL,0
38,40000.0,12000.0,2,4,1,Propia,Consumo,10000.0,False,True,111702101,1117021,APROBADO,100,0.3,MODERADO,R001|R005|R012,3,1,,True,False,1,1,APROBADO,1
18,2500.0,750.0,2,0,3,Familiar,Consumo,10000.0,True,True,111813103,1118131,RECHAZADO,37,0.3,MODERADO,R001|R004|R009|R012,4,1,,True,False,1,0,RECHAZADO,0
33,2300.0,690.0,2,4,1,Familiar,Consumo,10000.0,False,True,112202101,1122021,REVISION_MANUAL,72,0.3,MODERADO,R001,1,0,,True,False,1,0,REVISION_MANUAL,0
53,2000.0,600.0,2,2,3,Propia,Consumo,10000.0,False,True,112304101,1123041,APROBADO,83,0.3,MODERADO,R001|R005,2,0,,True,False,1,1,APROBADO,1
49,6000.0,1800.0,0,4,1,Propia,Consumo,10000.0,False,True,112410102,1124101,RECHAZADO,24,0.3,MODERADO,R002|R005,2,0,,True,True,0,0,RECHAZADO,0
60,900.0,270.0,2,1,0,Familiar,Consumo,10000.0,False,True,112804101,1128041,REVISION_MANUAL,60,0.3,MODERADO,R001,1,0,,True,False,1,0,REVISION_MANUAL,0
40,7000.0,2100.0,2,4,2,Propia,Consumo,10000.0,True,True,113605103,1136051,APROBADO,98,0.3,MODERADO,R001|R005|R012,3,1,,True,False,1,1,APROBADO,1
25,7000.0,2100.0,2,4,0,Familiar,Consumo,10000.0,False,True,114005101,1140051,APROBADO,86,0.3,MODERADO,R001|R012,2,1,,True,False,1,1,APROBADO,1
56,1800.0,540.0,2,2,1,Familiar,Consumo,10000.0,False,True,114114101,1141141,REVISION_MANUAL,69,0.3,MODERADO,R001,1,0,,True,False,1,0,REVISION_MANUAL,0
52,2000.0,600.0,0,4,3,Propia,Consumo,10000.0,False,True,114204102,1142041,RECHAZADO,18,0.3,MODERADO,R002|R005,2,0,,True,True,0,0,RECHAZADO,0
24,4500.0,1350.0,2,4,1,Familiar,Consumo,10000.0,False,True,114403102,1144031,APROBADO,81,0.3,MODERADO,R001|R012,2,1,,True,False,1,1,APROBADO,1
64,2000.0,600.0,0,0,0,Propia,Consumo,10000.0,True,True,115004101,1150041,RECHAZADO,0,0.3,MODERADO,R002|R004|R005,3,0,,True,True,0,0,RECHAZADO,0
25,1400.0,420.0,2,1,4,Familiar,Consumo,10000.0,False,True,115116103,1151161,RECHAZADO,47,0.3,MODERADO,R001|R010,2,0,,True,False,1,0,RECHAZADO,0
37,1500.0,450.0,0,0,3,Familiar,Consumo,10000.0,True,True,115304102,1153041,RECHAZADO,0,0.3,MODERADO,R002|R004,2,0,,True,True,0,0,RECHAZADO,0
45,18000.0,5400.0,2,4,3,Familiar,Consumo,10000.0,False,True,115603104,1156031,APROBADO,89,0.3,MODERADO,R001|R012,2,1,,True,False,1,1,APROBADO,1
70,7000.0,2100.0,2,0,0,Propia,Consumo,10000.0,True,True,115702101,1157021,REVISION_MANUAL,71,0.3,MODERADO,R001|R004|R005|R012,4,1,,True,False,1,0,REVISION_MANUAL,0
48,2000.0,600.0,0,0,1,Propia,Consumo,10000.0,True,True,116305102,1163051,RECHAZADO,0,0.3,MODERADO,R002|R004|R005,3,0,,True,True,0,0,RECHAZADO,0
38,18000.0,5400.0,2,4,1,Propia,Consumo,10000.0,False,True,116402102,1164021,APROBADO,100,0.3,MODERADO,R001|R005|R012,3,1,,True,False,1,1,APROBADO,1
37,1500.0,450.0,0,1,1,Familiar,Consumo,10000.0,False,True,116603102,1166031,RECHAZADO,0,0.3,MODERADO,R002,1,0,,True,True,0,0,RECHAZADO,0
39,900.0,270.0,2,2,1,Familiar,Consumo,10000.0,False,True,116803101,1168031,REVISION_MANUAL,71,0.3,MODERADO,R001,1,0,,True,False,1,0,REVISION_MANUAL,0
57,1000.0,300.0,2,1,0,Propia,Negocio,12000.0,False,True,116915102,1169151,APROBADO,89,0.3,MODERADO,R001|R005|R006,3,0,,True,False,1,1,APROBADO,1
29,8000.0,2400.0,2,2,1,Familiar,Consumo,10000.0,False,True,117203101,1172031,APROBADO,85,0.3,MODERADO,R001|R012,2,1,,True,False,1,1,APROBADO,1
38,1200.0,360.0,2,2,3,Familiar,Consumo,10000.0,False,True,117502102,1175021,REVISION_MANUAL,68,0.3,MODERADO,R001,1,0,,True,False,1,0,REVISION_MANUAL,0
43,8000.0,2400.0,0,4,3,Propia,Consumo,10000.0,False,True,117601101,1176011,RECHAZADO,22,0.3,MODERADO,R002|R005,2,0,,True,True,0,0,RECHAZADO,0
21,7000.0,2100.0,2,0,3,Familiar,Consumo,10000.0,True,True,118005103,1180051,RECHAZADO,52,0.3,MODERADO,R001|R004|R012,3,1,,True,False,1,0,RECHAZADO,0
77,13000.0,3900.0,2,4,1,Propia,Consumo,10000.0,False,True,118302101,1183021,APROBADO,100,0.3,MODERADO,R001|R005|R012,3,1,,True,False,1,1,APROBADO,1
55,4000.0,1200.0,2,2,2,Familiar,Consumo,10000.0,False,True,118503102,1185031,APROBADO,81,0.3,MODERADO,R001|R012,2,1,,True,False,1,1,APROBADO,1
40,2000.0,600.0,2,1,3,Familiar,Consumo,10000.0,False,True,118604101,1186041,RECHAZADO,58,0.3,MODERADO,R001,1,0,,True,False,1,0,REVISION_MANUAL,0
21,8000.0,2400.0,0,2,1,Familiar,Negocio,12000.0,False,True,118703101,1187031,RECHAZADO,22,0.3,MODERADO,R002|R006,2,0,,True,True,0,0,RECHAZADO,0
32,12000.0,3600.0,0,4,3,Familiar,Consumo,10000.0,False,True,119001103,1190011,RECHAZADO,10,0.3,MODERADO,R002,1,0,,True,True,0,0,RECHAZADO,0
63,9000.0,2700.0,2,1,0,Propia,Consumo,10000.0,False,True,119605101,1196051,APROBADO,91,0.3,MODERADO,R001|R005|R012,3,1,,True,False,1,1,APROBADO,1
18,2500.0,750.0,2,0,4,Familiar,Consumo,10000.0,True,True,119808105,1198081,RECHAZADO,25,0.3,MODERADO,R001|R004|R009|R010|R012,5,1,,True,False,1,0,RECHAZADO,0
63,12000.0,3600.0,0,4,0,Propia,Consumo,10000.0,False,True,119903101,1199031,RECHAZADO,36,0.3,MODERADO,R002|R005|R015,3,1,,True,True,0,0,RECHAZADO,0
66,7000.0,2100.0,2,0,0,Propia,Consumo,10000.0,True,True,120005102,1200051,REVISION_MANUAL,71,0.3,MODERADO,R001|R004|R005|R012,4,1,,True,False,1,0,REVISION_MANUAL,0
53,2000.0,600.0,2,2,1,Propia,Consumo,10000.0,False,True,120205101,1202051,APROBADO,86,0.3,MODERADO,R001|R005,2,0,,True,False,1,1,APROBADO,1
55,7000.0,2100.0,2,4,2,Familiar,Consumo,10000.0,True,True,120304101,1203041,APROBADO,83,0.3,MODERADO,R001|R012,2,1,,True,False,1,1,APROBADO,1
39,3000.0,900.0,0,1,4,Familiar,Consumo,10000.0,False,True,121419103,1214191,RECHAZADO,0,0.3,MODERADO,R002|R010,2,0,,True,True,0,0,RECHAZADO,0
30,1200.0,360.0,2,2,6,Familiar,Consumo,10000.0,False,True,121502103,1215021,RECHAZADO,57,0.3,MODERADO,R001|R010,2,0,,True,False,1,0,REVISION_MANUAL,0
75,25000.0,7500.0,0,3,0,Propia,Consumo,10000.0,False,True,121803101,1218031,RECHAZADO,44,0.3,MODERADO,R002|R005|R015,3,1,,True,True,0,0,RECHAZADO,0
48,2000.0,600.0,2,0,3,Familiar,Consumo,10000.0,True,True,122104102,1221041,RECHAZADO,40,0.3,MODERADO,R001|R004,2,0,,True,False,1,0,RECHAZADO,0
63,1400.0,420.0,2,1,0,Familiar,Consumo,10000.0,False,True,122319102,1223191,REVISION_MANUAL,60,0.3,MODERADO,R001,1,0,,True,False,1,0,REVISION_MANUAL,0
30,16000.0,4800.0,0,4,1,Familiar,Consumo,10000.0,False,True,122505102,1225051,RECHAZADO,16,0.3,MODERADO,R002,1,0,,True,True,0,0,RECHAZADO,0
29,3000.0,900.0,0,1,3,Propia,Consumo,10000.0,False,True,122906102,1229061,RECHAZADO,9,0.3,MODERADO,R002|R005,2,0,,True,True,0,0,RECHAZADO,0
23,10000.0,3000.0,0,4,0,Propia,Consumo,10000.0,False,True,123101101,1231011,RECHAZADO,34,0.3,MODERADO,R002|R005|R015,3,1,,True,True,0,0,RECHAZADO,0
56,2000.0,600.0,2,5,1,Propia,Consumo,10000.0,False,True,123205101,1232051,APROBADO,100,0.3,MODERADO,R001|R003|R005,3,0,,True,False,1,1,APROBADO,1
34,10200.0,3060.0,0,4,0,Propia,Consumo,10000.0,False,True,123501101,1235011,RECHAZADO,36,0.3,MODERADO,R002|R005|R015,3,1,,True,True,0,0,RECHAZADO,0
40,7000.0,2100.0,0,4,0,Familiar,Consumo,10000.0,False,True,123705102,1237051,RECHAZADO,11,0.3,MODERADO,R002,1,0,,True,True,0,0,RECHAZADO,0
36,1000.0,300.0,2,2,2,Familiar,Consumo,10000.0,False,True,123802101,1238021,REVISION_MANUAL,69,0.3,MODERADO,R001,1,0,,True,False,1,0,REVISION_MANUAL,0
26,2000.0,600.0,2,1,0,Familiar,Consumo,10000.0,False,True,124111101,1241111,REVISION_MANUAL,63,0.3,MODERADO,R001,1,0,,True,False,1,0,REVISION_MANUAL,0
50,4000.0,1200.0,2,4,1,Familiar,Consumo,10000.0,False,True,124202102,1242021,APROBADO,83,0.3,MODERADO,R001|R012,2,1,,True,False,1,1,APROBADO,1
21,2800.0,840.0,2,4,1,Familiar,Consumo,10000.0,False,True,124307104,1243071,APROBADO,80,0.3,MODERADO,R001|R012,2,1,,True,False,1,1,APROBADO,1
66,7000.0,2100.0,0,3,0,Familiar,Consumo,10000.0,True,True,124720101,1247201,RECHAZADO,9,0.3,MODERADO,R002,1,0,,True,True,0,0,RECHAZADO,0
61,7000.0,2100.0,2,0,0,Propia,Consumo,10000.0,True,True,125112102,1251121,REVISION_MANUAL,71,0.3,MODERADO,R001|R004|R005|R012,4,1,,True,False,1,0,REVISION_MANUAL,0
34,1800.0,540.0,2,4,1,Familiar,Consumo,10000.0,False,True,125302102,1253021,REVISION_MANUAL,71,0.3,MODERADO,R001,1,0,,True,False,1,0,REVISION_MANUAL,0
37,2500.0,750.0,2,0,9,Familiar,Consumo,10000.0,True,True,125810110,1258101,RECHAZADO,39,0.3,MODERADO,R001|R004|R010|R012,4,1,,True,False,1,0,RECHAZADO,0
47,7000.0,2100.0,2,4,3,Propia,Consumo,10000.0,True,True,125903102,1259031,APROBADO,97,0.3,MODERADO,R001|R005|R012,3,1,,True,False,1,1,APROBADO,1
26,2500.0,750.0,2,0,3,Propia,Consumo,10000.0,True,True,126002101,1260021,REVISION_MANUAL,66,0.3,MODERADO,R001|R004|R005|R012,4,1,,True,False,1,0,REVISION_MANUAL,0
32,3000.0,900.0,2,1,3,Familiar,Consumo,10000.0,False,True,126604102,1266041,REVISION_MANUAL,69,0.3,MODERADO,R001|R012,2,1,,True,False,1,0,REVISION_MANUAL,0
70,2500.0,750.0,2,0,1,Propia,Consumo,10000.0,True,True,126701101,1267011,REVISION_MANUAL,67,0.3,MODERADO,R001|R004|R005|R012,4,1,,True,False,1,0,REVISION_MANUAL,0
31,9000.0,2700.0,2,1,1,Familiar,Consumo,10000.0,False,True,126804101,1268041,REVISION_MANUAL,76,0.3,MODERADO,R001|R012,2,1,,True,False,1,0,APROBADO,1
28,20000.0,6000.0,2,1,1,Propia,Consumo,10000.0,False,True,126902102,1269021,APROBADO,98,0.3,MODERADO,R001|R005|R012,3,1,,True,False,1,1,APROBADO,1
35,1000.0,300.0,2,4,3,Familiar,Consumo,10000.0,False,True,127105102,1271051,REVISION_MANUAL,68,0.3,MODERADO,R001,1,0,,True,False,1,0,REVISION_MANUAL,0
59,2000.0,600.0,2,1,0,Familiar,Negocio,12000.0,False,True,127303102,1273031,REVISION_MANUAL,75,0.3,MODERADO,R001|R006,2,0,,True,False,1,0,APROBADO,1
31,4000.0,1200.0,2,4,0,Familiar,Consumo,10000.0,False,True,127804102,1278041,APROBADO,84,0.3,MODERADO,R001|R012,2,1,,True,False,1,1,APROBADO,1
39,16000.0,4800.0,2,4,2,Familiar,Consumo,10000.0,False,True,128008101,1280081,APROBADO,89,0.3,MODERADO,R001|R012,2,1,,True,False,1,1,APROBADO,1
62,600.0,180.0,2,1,0,Propia,Negocio,10800.0,False,True,128418101,1284181,APROBADO,89,0.3,MODERADO,R001|R005|R006,3,0,,True,False,1,1,APROBADO,1
21,13800.0,4140.0,0,4,1,Familiar,Consumo,10000.0,False,True,128507103,1285071,RECHAZADO,12,0.3,MODERADO,R002,1,0,,True,True,0,0,RECHAZADO,0
65,2000.0,600.0,2,0,0,Familiar,Consumo,10000.0,True,True,128603102,1286031,RECHAZADO,43,0.3,MODERADO,R001|R004,2,0,,True,False,1,0,RECHAZADO,0
47,2800.0,840.0,2,4,0,Propia,Consumo,10000.0,False,True,129004102,1290041,APROBADO,100,0.3,MODERADO,R001|R005|R012|R015,4,2,,True,False,1,1,APROBADO,1
48,2000.0,600.0,2,1,2,Familiar,Consumo,10000.0,False,True,129205101,1292051,REVISION_MANUAL,60,0.3,MODERADO,R001,1,0,,True,False,1,0,REVISION_MANUAL,0
31,7000.0,2100.0,2,4,1,Familiar,Consumo,10000.0,False,True,129303101,1293031,APROBADO,85,0.3,MODERADO,R001|R012,2,1,,True,False,1,1,APROBADO,1
28,2000.0,600.0,0,0,1,Familiar,Consumo,10000.0,True,True,129404102,1294041,RECHAZADO,0,0.3,MODERADO,R002|R004,2,0,,True,True,0,0,RECHAZADO,0
57,1500.0,450.0,2,0,1,Propia,Consumo,10000.0,True,True,129618101,1296181,RECHAZADO,56,0.3,MODERADO,R001|R004|R005,3,0,,True,False,1,0,REVISION_MANUAL,0
42,1700.0,510.0,2,4,3,Familiar,Consumo,10000.0,False,True,130305101,1303051,REVISION_MANUAL,68,0.3,MODERADO,R001,1,0,,True,False,1,0,REVISION_MANUAL,0
31,10000.0,3000.0,2,4,1,Propia,Consumo,10000.0,False,True,130404102,1304041,APROBADO,100,0.3,MODERADO,R001|R005|R012,3,1,,True,False,1,1,APROBADO,1
32,1000.0,300.0,0,2,3,Familiar,Consumo,10000.0,False,True,130719102,1307191,RECHAZADO,3,0.3,MODERADO,R002,1,0,,True,True,0,0,RECHAZADO,0
62,7000.0,2100.0,2,0,0,Propia,Consumo,10000.0,True,True,130803101,1308031,REVISION_MANUAL,71,0.3,MODERADO,R001|R004|R005|R012,4,1,,True,False,1,0,REVISION_MANUAL,0
42,1100.0,330.0,2,4,1,Familiar,Consumo,10000.0,False,True,131012102,1310121,REVISION_MANUAL,71,0.3,MODERADO,R001,1,0,,True,False,1,0,REVISION_MANUAL,0
31,15000.0,4500.0,2,5,0,Familiar,Consumo,10000.0,False,True,131105102,1311051,APROBADO,100,0.3,MODERADO,R001|R003|R012,3,1,,True,False,1,1,APROBADO,1
50,3800.0,1140.0,2,4,0,Familiar,Consumo,10000.0,False,True,131202101,1312021,APROBADO,84,0.3,MODERADO,R001|R012,2,1,,True,False,1,1,APROBADO,1
45,3000.0,900.0,2,5,0,Propia,Consumo,10000.0,False,True,131502101,1315021,APROBADO,100,0.3,MODERADO,R001|R003|R005|R012|R015,5,2,,True,False,1,1,APROBADO,1
57,2450.0,735.0,2,4,0,Familiar,Consumo,10000.0,False,True,131602101,1316021,REVISION_MANUAL,71,0.3,MODERADO,R001,1,0,,True,False,1,0,REVISION_MANUAL,0
48,4000.0,1200.0,2,4,1,Propia,Consumo,10000.0,False,True,131903102,1319031,APROBADO,98,0.3,MODERADO,R001|R005|R012,3,1,,True,False,1,1,APROBADO,1
46,7000.0,2100.0,2,4,0,Familiar,Consumo,10000.0,False,True,132005101,1320051,APROBADO,86,0.3,MODERADO,R001|R012,2,1,,True,False,1,1,APROBADO,1
42,1600.0,480.0,2,1,1,Propia,Consumo,10000.0,False,True,132208101,1322081,REVISION_MANUAL,76,0.3,MODERADO,R001|R005,2,0,,True,False,1,0,APROBADO,1
59,3000.0,900.0,2,4,2,Familiar,Consumo,10000.0,False,True,132304102,1323041,REVISION_MANUAL,79,0.3,MODERADO,R001|R012,2,1,,True,False,1,0,APROBADO,1
33,1500.0,450.0,2,2,2,Familiar,Consumo,10000.0,False,True,132602102,1326021,REVISION_MANUAL,70,0.3,MODERADO,R001,1,0,,True,False,1,0,REVISION_MANUAL,0
35,3200.0,960.0,2,4,0,Familiar,Consumo,10000.0,False,True,132708101,1327081,APROBADO,84,0.3,MODERADO,R001|R012,2,1,,True,False,1,1,APROBADO,1
56,5000.0,1500.0,2,4,1,Propia,Consumo,10000.0,False,True,132904102,1329041,APROBADO,96,0.3,MODERADO,R001|R005|R012,3,1,,True,False,1,1,APROBADO,1
24,1000.0,300.0,2,2,2,Familiar,Consumo,10000.0,False,True,133113102,1331131,REVISION_MANUAL,67,0.3,MODERADO,R001,1,0,,True,False,1,0,REVISION_MANUAL,0
57,2500.0,750.0,2,0,0,Propia,Consumo,10000.0,True,True,133302101,1333021,REVISION_MANUAL,68,0.3,MODERADO,R001|R004|R005|R012,4,1,,True,False,1,0,REVISION_MANUAL,0
22,600.0,180.0,2,2,2,Familiar,Consumo,10000.0,False,True,133403102,1334031,REVISION_MANUAL,67,0.3,MODERADO,R001,1,0,,True,False,1,0,REVISION_MANUAL,0
37,6000.0,1800.0,2,1,2,Familiar,Consumo,10000.0,False,True,133901102,1339011,REVISION_MANUAL,73,0.3,MODERADO,R001|R012,2,1,,True,False,1,0,REVISION_MANUAL,0
33,1800.0,540.0,0,2,1,Familiar,Consumo,10000.0,False,True,134110101,1341101,RECHAZADO,6,0.3,MODERADO,R002,1,0,,True,True,0,0,RECHAZADO,0
25,1500.0,450.0,0,2,0,Familiar,Consumo,10000.0,False,True,134302102,1343021,RECHAZADO,8,0.3,MODERADO,R002,1,0,,True,True,0,0,RECHAZADO,0
40,6500.0,1950.0,2,4,1,Familiar,Consumo,10000.0,False,True,134502103,1345021,APROBADO,84,0.3,MODERADO,R001|R012,2,1,,True,False,1,1,APROBADO,1
29,28000.0,8400.0,2,4,0,Propia,Consumo,10000.0,False,True,135004101,1350041,APROBADO,100,0.3,MODERADO,R001|R005|R012|R015,4,2,,True,False,1,1,APROBADO,1
36,1000.0,300.0,2,2,2,Propia,Consumo,10000.0,False,True,135503102,1355031,APROBADO,84,0.3,MODERADO,R001|R005,2,0,,True,False,1,1,APROBADO,1
33,9000.0,2700.0,2,1,3,Familiar,Consumo,10000.0,False,True,135701101,1357011,REVISION_MANUAL,73,0.3,MODERADO,R001|R012,2,1,,True,False,1,0,REVISION_MANUAL,0
53,2000.0,600.0,2,0,0,Propia,Consumo,10000.0,True,True,135803101,1358031,REVISION_MANUAL,60,0.3,MODERADO,R001|R004|R005,3,0,,True,False,1,0,REVISION_MANUAL,0
68,1500.0,450.0,2,0,2,Propia,Consumo,10000.0,True,True,135903101,1359031,RECHAZADO,55,0.3,MODERADO,R001|R004|R005,3,0,,True,False,1,0,REVISION_MANUAL,0
33,2000.0,600.0,0,0,2,Familiar,Consumo,10000.0,True,True,136305101,1363051,RECHAZADO,0,0.3,MODERADO,R002|R004,2,0,,True,True,0,0,RECHAZADO,0
24,15000.0,4500.0,2,4,2,Familiar,Consumo,10000.0,False,True,136603103,1366031,APROBADO,87,0.3,MODERADO,R001|R012,2,1,,True,False,1,1,APROBADO,1
33,8000.0,2400.0,2,4,2,Familiar,Consumo,10000.0,False,True,136902102,1369021,APROBADO,84,0.3,MODERADO,R001|R012,2,1,,True,False,1,1,APROBADO,1
45,250.0,75.0,0,1,2,Familiar,Consumo,4500.0,False,True,137011102,1370111,RECHAZADO,0,0.3,MODERADO,R002,1,0,,True,True,0,0,RECHAZADO,0
18,2500.0,750.0,2,0,3,Familiar,Consumo,10000.0,True,True,137804102,1378041,RECHAZADO,37,0.3,MODERADO,R001|R004|R009|R012,4,1,,True,False,1,0,RECHAZADO,0
55,500.0,150.0,0,1,1,Familiar,Consumo,9000.0,False,True,138303102,1383031,RECHAZADO,0,0.3,MODERADO,R002,1,0,,True,True,0,0,RECHAZADO,0
37,19000.0,5700.0,2,4,1,Propia,Consumo,10000.0,False,True,138403101,1384031,APROBADO,100,0.3,MODERADO,R001|R005|R012,3,1,,True,False,1,1,APROBADO,1
35,1600.0,480.0,2,1,3,Propia,Consumo,10000.0,False,True,138707101,1387071,REVISION_MANUAL,73,0.3,MODERADO,R001|R005,2,0,,True,False,1,0,REVISION_MANUAL,0
33,6700.0,2010.0,0,4,1,Familiar,Consumo,10000.0,False,True,138804101,1388041,RECHAZADO,9,0.3,MODERADO,R002,1,0,,True,True,0,0,RECHAZADO,0
23,7000.0,2100.0,2,0,1,Familiar,Consumo,10000.0,True,True,138911102,1389111,RECHAZADO,55,0.3,MODERADO,R001|R004|R012,3,1,,True,False,1,0,REVISION_MANUAL,0
45,1600.0,480.0,0,4,0,Propia,Consumo,10000.0,False,True,139003101,1390031,RECHAZADO,31,0.3,MODERADO,R002|R005|R015,3,1,,True,True,0,0,RECHAZADO,0
39,4000.0,1200.0,2,4,4,Familiar,Consumo,10000.0,True,True,139102101,1391021,REVISION_MANUAL,68,0.3,MODERADO,R001|R010|R012,3,1,,True,False,1,0,REVISION_MANUAL,0
37,4000.0,1200.0,2,1,0,Propia,Consumo,10000.0,False,True,140501101,1405011,APROBADO,89,0.3,MODERADO,R001|R005|R012,3,1,,True,False,1,1,APROBADO,1
39,20000.0,6000.0,2,4,1,Familiar,Consumo,10000.0,False,True,140703101,1407031,APROBADO,93,0.3,MODERADO,R001|R012,2,1,,True,False,1,1,APROBADO,1
59,7000.0,2100.0,2,0,0,Propia,Consumo,10000.0,True,True,140803101,1408031,REVISION_MANUAL,71,0.3,MODERADO,R001|R004|R005|R012,4,1,,True,False,1,0,REVISION_MANUAL,0
28,2500.0,750.0,2,1,0,Propia,Consumo,10000.0,False,True,140920102,1409201,APROBADO,88,0.3,MODERADO,R001|R005|R012,3,1,,True,False,1,1,APROBADO,1
50,1700.0,510.0,2,4,2,Familiar,Negocio,12000.0,False,True,141005101,1410051,APROBADO,82,0.3,MODERADO,R001|R006,2,0,,True,False,1,1,APROBADO,1
65,4200.0,1260.0,2,4,5,Propia,Consumo,10000.0,False,True,141602101,1416021,APROBADO,80,0.3,MODERADO,R001|R005|R010|R012,4,1,,True,False,1,1,APROBADO,1
34,5000.0,1500.0,2,4,2,Propia,Consumo,10000.0,False,True,141703102,1417031,APROBADO,97,0.3,MODERADO,R001|R005|R012,3,1,,True,False,1,1,APROBADO,1
33,1500.0,450.0,2,0,1,Familiar,Consumo,10000.0,True,True,141814102,1418141,RECHAZADO,43,0.3,MODERADO,R001|R004,2,0,,True,False,1,0,RECHAZADO,0
58,4000.0,1200.0,2,1,1,Propia,Consumo,10000.0,True,True,142105101,1421051,APROBADO,86,0.3,MODERADO,R001|R005|R012,3,1,,True,False,1,1,APROBADO,1
23,2500.0,750.0,2,0,2,Familiar,Consumo,10000.0,True,True,142302102,1423021,RECHAZADO,50,0.3,MODERADO,R001|R004|R012,3,1,,True,False,1,0,RECHAZADO,0
67,2500.0,750.0,2,3,0,Familiar,Consumo,10000.0,False,True,143003102,1430031,APROBADO,81,0.3,MODERADO,R001|R012,2,1,,True,False,1,1,APROBADO,1
43,4000.0,1200.0,2,4,1,Propia,Consumo,10000.0,False,True,143106101,1431061,APROBADO,98,0.3,MODERADO,R001|R005|R012,3,1,,True,False,1,1,APROBADO,1
52,3000.0,900.0,0,1,1,Familiar,Consumo,10000.0,False,True,143512101,1435121,RECHAZADO,0,0.3,MODERADO,R002,1,0,,True,True,0,0,RECHAZADO,0
45,10000.0,3000.0,2,4,1,Familiar,Consumo,10000.0,False,True,143605102,1436051,APROBADO,87,0.3,MODERADO,R001|R012,2,1,,True,False,1,1,APROBADO,1
24,7000.0,2100.0,0,2,1,Familiar,Consumo,10000.0,True,True,144003102,1440031,RECHAZADO,8,0.3,MODERADO,R002,1,0,,True,True,0,0,RECHAZADO,0
39,25000.0,7500.0,2,1,1,Familiar,Consumo,10000.0,False,True,144303104,1443031,APROBADO,87,0.3,MODERADO,R001|R012,2,1,,True,False,1,1,APROBADO,1
32,2800.0,840.0,2,4,2,Propia,Consumo,10000.0,False,True,144402101,1444021,APROBADO,95,0.3,MODERADO,R001|R005|R012,3,1,,True,False,1,1,APROBADO,1
78,7000.0,2100.0,2,0,0,Propia,Consumo,10000.0,True,True,144605101,1446051,REVISION_MANUAL,71,0.3,MODERADO,R001|R004|R005|R012,4,1,,True,False,1,0,REVISION_MANUAL,0
52,2000.0,600.0,2,1,1,Familiar,Consumo,10000.0,False,True,144705102,1447051,REVISION_MANUAL,61,0.3,MODERADO,R001,1,0,,True,False,1,0,REVISION_MANUAL,0
56,5000.0,1500.0,2,4,1,Propia,Consumo,10000.0,False,True,144813101,1448131,APROBADO,96,0.3,MODERADO,R001|R005|R012,3,1,,True,False,1,1,APROBADO,1
58,2400.0,720.0,2,4,0,Familiar,Consumo,10000.0,False,True,145613101,1456131,REVISION_MANUAL,71,0.3,MODERADO,R001,1,0,,True,False,1,0,REVISION_MANUAL,0
41,1600.0,480.0,2,4,3,Propia,Consumo,10000.0,False,True,145803101,1458031,APROBADO,83,0.3,MODERADO,R001|R005,2,0,,True,False,1,1,APROBADO,1
22,1500.0,450.0,0,2,2,Familiar,Negocio,12000.0,False,True,146305104,1463051,RECHAZADO,17,0.3,MODERADO,R002|R006,2,0,,True,True,0,0,RECHAZADO,0
24,900.0,270.0,0,2,1,Familiar,Consumo,10000.0,False,True,146404102,1464041,RECHAZADO,4,0.3,MODERADO,R002,1,0,,True,True,0,0,RECHAZADO,0
23,2500.0,750.0,2,0,0,Familiar,Negocio,12000.0,True,True,146504102,1465041,RECHAZADO,57,0.3,MODERADO,R001|R004|R006,3,0,,True,False,1,0,REVISION_MANUAL,0
32,1500.0,450.0,2,4,1,Propia,Consumo,10000.0,False,True,146603102,1466031,APROBADO,86,0.3,MODERADO,R001|R005,2,0,,True,False,1,1,APROBADO,1
38,12000.0,3600.0,2,1,3,Propia,Consumo,10000.0,False,True,146901102,1469011,APROBADO,90,0.3,MODERADO,R001|R005|R012,3,1,,True,False,1,1,APROBADO,1
38,7000.0,2100.0,2,4,4,Propia,Consumo,10000.0,False,True,147102101,1471021,APROBADO,85,0.3,MODERADO,R001|R005|R010|R012,4,1,,True,False,1,1,APROBADO,1
62,10000.0,3000.0,2,4,0,Propia,Consumo,10000.0,False,True,147205101,1472051,APROBADO,100,0.3,MODERADO,R001|R005|R012|R015,4,2,,True,False,1,1,APROBADO,1
22,8500.0,2550.0,2,4,0,Familiar,Consumo,10000.0,False,True,147304101,1473041,APROBADO,85,0.3,MODERADO,R001|R012,2,1,,True,False,1,1,APROBADO,1
23,2500.0,750.0,2,0,0,Familiar,Consumo,10000.0,True,True,147304201,1473042,RECHAZADO,53,0.3,MODERADO,R001|R004|R012,3,1,,True,False,1,0,RECHAZADO,0
41,1200.0,360.0,0,2,0,Familiar,Consumo,10000.0,False,True,147802102,1478021,RECHAZADO,7,0.3,MODERADO,R002,1,0,,True,True,0,0,RECHAZADO,0
52,1500.0,450.0,2,1,1,Familiar,Consumo,10000.0,False,True,147905102,1479051,REVISION_MANUAL,61,0.3,MODERADO,R001,1,0,,True,False,1,0,REVISION_MANUAL,0
22,8000.0,2400.0,2,4,4,Familiar,Consumo,10000.0,False,True,148201106,1482011,REVISION_MANUAL,69,0.3,MODERADO,R001|R010|R012,3,1,,True,False,1,0,REVISION_MANUAL,0
23,2600.0,780.0,2,4,1,Familiar,Consumo,10000.0,False,True,148604102,1486041,APROBADO,80,0.3,MODERADO,R001|R012,2,1,,True,False,1,1,APROBADO,1
28,2500.0,750.0,2,0,4,Propia,Consumo,10000.0,True,True,148811102,1488111,RECHAZADO,54,0.3,MODERADO,R001|R004|R005|R010|R012,5,1,,True,False,1,0,RECHAZADO,0
26,6000.0,1800.0,2,4,0,Familiar,Negocio,12000.0,False,True,148903101,1489031,APROBADO,98,0.3,MODERADO,R001|R006|R012,3,1,,True,False,1,1,APROBADO,1
24,7000.0,2100.0,2,4,0,Familiar,Consumo,10000.0,False,True,148903201,1489032,APROBADO,84,0.3,MODERADO,R001|R012,2,1,,True,False,1,1,APROBADO,1
27,15000.0,4500.0,0,4,0,Familiar,Consumo,10000.0,False,True,148903301,1489033,RECHAZADO,17,0.3,MODERADO,R002,1,0,,True,True,0,0,RECHAZADO,0
25,2300.0,690.0,2,4,4,Familiar,Consumo,10000.0,False,True,149005102,1490051,RECHAZADO,57,0.3,MODERADO,R001|R010,2,0,,True,False,1,0,REVISION_MANUAL,0
27,1500.0,450.0,2,4,9,Familiar,Consumo,10000.0,False,True,149314103,1493141,RECHAZADO,57,0.3,MODERADO,R001|R010,2,0,,True,False,1,0,REVISION_MANUAL,0
35,7000.0,2100.0,2,4,2,Propia,Consumo,10000.0,False,True,149404101,1494041,APROBADO,98,0.3,MODERADO,R001|R005|R012,3,1,,True,False,1,1,APROBADO,1
48,2000.0,600.0,2,2,1,Propia,Consumo,10000.0,True,True,150707101,1507071,APROBADO,86,0.3,MODERADO,R001|R005,2,0,,True,False,1,1,APROBADO,1
32,1000.0,300.0,2,1,2,Familiar,Consumo,10000.0,False,True,151401102,1514011,RECHAZADO,59,0.3,MODERADO,R001,1,0,,True,False,1,0,REVISION_MANUAL,0
54,4000.0,1200.0,2,4,1,Propia,Consumo,10000.0,False,True,151601102,1516011,APROBADO,98,0.3,MODERADO,R001|R005|R012,3,1,,True,False,1,1,APROBADO,1
41,900.0,270.0,2,5,0,Familiar,Consumo,10000.0,False,True,151705102,1517051,APROBADO,96,0.3,MODERADO,R001|R003,2,0,,True,False,1,1,APROBADO,1
24,1500.0,450.0,2,2,3,Familiar,Consumo,10000.0,False,True,151804103,1518041,REVISION_MANUAL,66,0.3,MODERADO,R001,1,0,,True,False,1,0,REVISION_MANUAL,0
46,4000.0,1200.0,2,5,3,Familiar,Consumo,10000.0,False,True,152007101,1520071,APROBADO,100,0.3,MODERADO,R001|R003|R012,3,1,,True,False,1,1,APROBADO,1
58,1000.0,300.0,0,5,0,Familiar,Consumo,10000.0,False,True,152115101,1521151,RECHAZADO,29,0.3,MODERADO,R002|R003,2,0,,True,True,0,0,RECHAZADO,0
52,20000.0,6000.0,0,4,3,Propia,Consumo,10000.0,False,True,152417102,1524171,RECHAZADO,30,0.3,MODERADO,R002|R005,2,0,,True,True,0,0,RECHAZADO,0
44,17000.0,5100.0,0,4,1,Propia,Consumo,10000.0,False,True,152703101,1527031,RECHAZADO,31,0.3,MODERADO,R002|R005,2,0,,True,True,0,0,RECHAZADO,0
54,4000.0,1200.0,2,4,1,Propia,Consumo,10000.0,True,True,153901101,1539011,APROBADO,98,0.3,MODERADO,R001|R005|R012,3,1,,True,False,1,1,APROBADO,1
31,1500.0,450.0,0,0,3,Familiar,Consumo,10000.0,True,True,154018102,1540181,RECHAZADO,0,0.3,MODERADO,R002|R004,2,0,,True,True,0,0,RECHAZADO,0
40,3000.0,900.0,2,4,1,Familiar,Consumo,10000.0,False,True,154601102,1546011,APROBADO,82,0.3,MODERADO,R001|R012,2,1,,True,False,1,1,APROBADO,1
42,1500.0,450.0,2,0,4,Familiar,Consumo,10000.0,True,True,154803102,1548031,RECHAZADO,29,0.3,MODERADO,R001|R004|R010,3,0,,True,False,1,0,RECHAZADO,0
36,30000.0,9000.0,2,4,1,Propia,Consumo,10000.0,False,True,155005101,1550051,APROBADO,100,0.3,MODERADO,R001|R005|R012,3,1,,True,False,1,1,APROBADO,1
30,9000.0,2700.0,2,4,0,Familiar,Consumo,10000.0,False,True,155601101,1556011,APROBADO,88,0.3,MODERADO,R001|R012,2,1,,True,False,1,1,APROBADO,1
63,4000.0,1200.0,2,4,3,Propia,Consumo,10000.0,False,True,155705101,1557051,APROBADO,93,0.3,MODERADO,R001|R005|R012,3,1,,True,False,1,1,APROBADO,1
68,7000.0,2100.0,2,0,0,Familiar,Consumo,10000.0,True,True,155819101,1558191,RECHAZADO,56,0.3,MODERADO,R001|R004|R012,3,1,,True,False,1,0,REVISION_MANUAL,0
53,20000.0,6000.0,2,4,2,Propia,Consumo,10000.0,False,True,156601101,1566011,APROBADO,100,0.3,MODERADO,R001|R005|R012,3,1,,True,False,1,1,APROBADO,1
59,7000.0,2100.0,2,1,4,Propia,Consumo,10000.0,False,True,156702101,1567021,REVISION_MANUAL,73,0.3,MODERADO,R001|R005|R010|R012,4,1,,True,False,1,0,REVISION_MANUAL,0
29,10000.0,3000.0,2,4,1,Familiar,Consumo,10000.0,False,True,156904102,1569041,APROBADO,87,0.3,MODERADO,R001|R012,2,1,,True,False,1,1,APROBADO,1
29,15000.0,4500.0,2,4,1,Familiar,Consumo,10000.0,False,True,157302104,1573021,APROBADO,90,0.3,MODERADO,R001|R012,2,1,,True,False,1,1,APROBADO,1
36,10000.0,3000.0,0,1,3,Familiar,Consumo,10000.0,False,True,157405104,1574051,RECHAZADO,0,0.3,MODERADO,R002,1,0,,True,True,0,0,RECHAZADO,0
44,7000.0,2100.0,0,0,3,Propia,Consumo,10000.0,True,True,157503102,1575031,RECHAZADO,0,0.3,MODERADO,R002|R004|R005,3,0,,True,True,0,0,RECHAZADO,0
23,1800.0,540.0,2,2,2,Familiar,Consumo,10000.0,False,True,157617102,1576171,REVISION_MANUAL,68,0.3,MODERADO,R001,1,0,,True,False,1,0,REVISION_MANUAL,0
32,9000.0,2700.0,0,1,1,Familiar,Consumo,10000.0,False,True,157701102,1577011,RECHAZADO,1,0.3,MODERADO,R002,1,0,,True,True,0,0,RECHAZADO,0
29,2700.0,810.0,2,4,6,Familiar,Consumo,10000.0,False,True,158003104,1580031,REVISION_MANUAL,67,0.3,MODERADO,R001|R010|R012,3,1,,True,False,1,0,REVISION_MANUAL,0
40,700.0,210.0,2,2,3,Familiar,Consumo,10000.0,False,True,158201104,1582011,REVISION_MANUAL,67,0.3,MODERADO,R001,1,0,,True,False,1,0,REVISION_MANUAL,0
34,25000.0,7500.0,2,1,2,Familiar,Consumo,10000.0,False,True,158403102,1584031,APROBADO,85,0.3,MODERADO,R001|R012,2,1,,True,False,1,1,APROBADO,1
78,7000.0,2100.0,2,0,2,Propia,Consumo,10000.0,True,True,158504101,1585041,REVISION_MANUAL,68,0.3,MODERADO,R001|R004|R005|R012,4,1,,True,False,1,0,REVISION_MANUAL,0
74,2500.0,750.0,2,0,1,Familiar,Consumo,10000.0,True,True,158705101,1587051,RECHAZADO,52,0.3,MODERADO,R001|R004|R012,3,1,,True,False,1,0,RECHAZADO,0
37,18000.0,5400.0,0,4,1,Propia,Consumo,10000.0,False,True,158801101,1588011,RECHAZADO,32,0.3,MODERADO,R002|R005,2,0,,True,True,0,0,RECHAZADO,0
24,4000.0,1200.0,0,4,0,Propia,Consumo,10000.0,False,True,159009101,1590091,RECHAZADO,30,0.3,MODERADO,R002|R005|R015,3,1,,True,True,0,0,RECHAZADO,0
54,600.0,180.0,2,2,5,Propia,Consumo,10000.0,False,True,159304102,1593041,REVISION_MANUAL,72,0.3,MODERADO,R001|R005|R010,3,0,,True,False,1,0,REVISION_MANUAL,0
60,1000.0,300.0,2,1,2,Familiar,Consumo,10000.0,False,True,159403101,1594031,RECHAZADO,57,0.3,MODERADO,R001,1,0,,True,False,1,0,REVISION_MANUAL,0
19,6000.0,1800.0,2,1,2,Familiar,Consumo,10000.0,False,True,159502104,1595021,RECHAZADO,59,0.3,MODERADO,R001|R009|R012,3,1,,True,False,1,0,REVISION_MANUAL,0
29,6000.0,1800.0,0,4,2,Familiar,Consumo,10000.0,False,True,159604101,1596041,RECHAZADO,8,0.3,MODERADO,R002,1,0,,True,True,0,0,RECHAZADO,0
43,2500.0,750.0,2,4,1,Propia,Consumo,10000.0,False,True,159803102,1598031,APROBADO,97,0.3,MODERADO,R001|R005|R012,3,1,,True,False,1,1,APROBADO,1
44,60000.0,18000.0,2,4,0,Propia,Consumo,10000.0,False,True,160403102,1604031,APROBADO,100,0.3,MODERADO,R001|R005|R012|R015,4,2,,True,False,1,1,APROBADO,1
43,6000.0,1800.0,2,4,2,Propia,Consumo,10000.0,False,True,160503102,1605031,APROBADO,98,0.3,MODERADO,R001|R005|R012,3,1,,True,False,1,1,APROBADO,1
33,7000.0,2100.0,2,4,2,Propia,Consumo,10000.0,False,True,160607103,1606071,APROBADO,98,0.3,MODERADO,R001|R005|R012,3,1,,True,False,1,1,APROBADO,1
31,3000.0,900.0,2,1,2,Familiar,Consumo,10000.0,False,True,160803102,1608031,REVISION_MANUAL,71,0.3,MODERADO,R001|R012,2,1,,True,False,1,0,REVISION_MANUAL,0
60,3000.0,900.0,0,4,0,Familiar,Consumo,10000.0,False,True,160904101,1609041,RECHAZADO,7,0.3,MODERADO,R002,1,0,,True,True,0,0,RECHAZADO,0
58,1200.0,360.0,2,1,1,Propia,Consumo,10000.0,False,True,161120101,1611201,REVISION_MANUAL,74,0.3,MODERADO,R001|R005,2,0,,True,False,1,0,REVISION_MANUAL,0
28,1429.0,428.7,0,4,1,Familiar,Consumo,10000.0,False,True,161202101,1612021,RECHAZADO,6,0.3,MODERADO,R002,1,0,,True,True,0,0,RECHAZADO,0
34,1500.0,450.0,0,2,2,Propia,Consumo,10000.0,False,True,161410102,1614101,RECHAZADO,20,0.3,MODERADO,R002|R005,2,0,,True,True,0,0,RECHAZADO,0
27,10000.0,3000.0,2,4,0,Familiar,Consumo,10000.0,False,True,161503101,1615031,APROBADO,88,0.3,MODERADO,R001|R012,2,1,,True,False,1,1,APROBADO,1
39,2850.0,855.0,0,4,4,Propia,Consumo,10000.0,False,True,161604101,1616041,RECHAZADO,7,0.3,MODERADO,R002|R005|R010,3,0,,True,True,0,0,RECHAZADO,0
30,3000.0,900.0,2,4,0,Propia,Consumo,10000.0,False,True,161801101,1618011,APROBADO,100,0.3,MODERADO,R001|R005|R012|R015,4,2,,True,False,1,1,APROBADO,1
42,7000.0,2100.0,2,0,2,Propia,Consumo,10000.0,True,True,162104101,1621041,REVISION_MANUAL,70,0.3,MODERADO,R001|R004|R005|R012,4,1,,True,False,1,0,REVISION_MANUAL,0
59,7000.0,2100.0,0,2,1,Propia,Consumo,10000.0,True,True,162503101,1625031,RECHAZADO,23,0.3,MODERADO,R002|R005,2,0,,True,True,0,0,RECHAZADO,0
39,20000.0,6000.0,2,4,0,Propia,Consumo,10000.0,False,True,162703101,1627031,APROBADO,100,0.3,MODERADO,R001|R005|R012|R015,4,2,,True,False,1,1,APROBADO,1
62,2500.0,750.0,0,1,0,Propia,Consumo,10000.0,False,True,162803101,1628031,RECHAZADO,11,0.3,MODERADO,R002|R005,2,0,,True,True,0,0,RECHAZADO,0
33,50000.0,15000.0,2,1,0,Propia,Consumo,10000.0,False,True,163003101,1630031,APROBADO,100,0.3,MODERADO,R001|R005|R012,3,1,,True,False,1,1,APROBADO,1
33,8000.0,2400.0,2,4,2,Propia,Consumo,10000.0,False,True,163119101,1631191,APROBADO,99,0.3,MODERADO,R001|R005|R012,3,1,,True,False,1,1,APROBADO,1
29,6000.0,1800.0,2,4,0,Propia,Consumo,10000.0,False,True,163404101,1634041,APROBADO,100,0.3,MODERADO,R001|R005|R012|R015,4,2,,True,False,1,1,APROBADO,1
40,2400.0,720.0,2,4,3,Propia,Consumo,10000.0,False,True,163705101,1637051,APROBADO,84,0.3,MODERADO,R001|R005,2,0,,True,False,1,1,APROBADO,1
25,2500.0,750.0,2,0,2,Familiar,Consumo,10000.0,True,True,164315101,1643151,RECHAZADO,52,0.3,MODERADO,R001|R004|R012,3,1,,True,False,1,0,RECHAZADO,0
61,300.0,90.0,2,1,2,Propia,Negocio,5400.0,False,True,164411101,1644111,APROBADO,86,0.3,MODERADO,R001|R005|R006,3,0,,True,False,1,1,APROBADO,1
49,2000.0,600.0,2,2,1,Familiar,Consumo,10000.0,False,True,164512101,1645121,REVISION_MANUAL,71,0.3,MODERADO,R001,1,0,,True,False,1,0,REVISION_MANUAL,0
29,20000.0,6000.0,2,4,1,Familiar,Consumo,10000.0,False,True,164717102,1647171,APROBADO,93,0.3,MODERADO,R001|R012,2,1,,True,False,1,1,APROBADO,1
34,1000.0,300.0,2,0,4,Familiar,Consumo,10000.0,True,True,164802101,1648021,RECHAZADO,29,0.3,MODERADO,R001|R004|R010,3,0,,True,False,1,0,RECHAZADO,0
32,7000.0,2100.0,2,0,1,Familiar,Consumo,10000.0,True,True,164902102,1649021,RECHAZADO,57,0.3,MODERADO,R001|R004|R012,3,1,,True,False,1,0,REVISION_MANUAL,0
46,40000.0,12000.0,0,4,0,Familiar,Consumo,10000.0,False,True,165001101,1650011,RECHAZADO,27,0.3,MODERADO,R002,1,0,,True,True,0,0,RECHAZADO,0
33,18000.0,5400.0,2,4,1,Familiar,Consumo,10000.0,False,True,165202101,1652021,APROBADO,92,0.3,MODERADO,R001|R012,2,1,,True,False,1,1,APROBADO,1
67,4500.0,1350.0,0,1,0,Propia,Consumo,10000.0,False,True,165305101,1653051,RECHAZADO,13,0.3,MODERADO,R002|R005,2,0,,True,True,0,0,RECHAZADO,0
47,10000.0,3000.0,2,2,0,Familiar,Consumo,10000.0,False,True,165704101,1657041,APROBADO,88,0.3,MODERADO,R001|R012,2,1,,True,False,1,1,APROBADO,1
76,2000.0,600.0,2,0,0,Familiar,Negocio,12000.0,True,True,166404101,1664041,RECHAZADO,57,0.3,MODERADO,R001|R004|R006,3,0,,True,False,1,0,REVISION_MANUAL,0
62,28500.0,8550.0,2,4,0,Propia,Consumo,10000.0,False,True,166704101,1667041,APROBADO,100,0.3,MODERADO,R001|R005|R012|R015,4,2,,True,False,1,1,APROBADO,1
56,8000.0,2400.0,2,4,1,Propia,Consumo,10000.0,False,True,167305101,1673051,APROBADO,98,0.3,MODERADO,R001|R005|R012,3,1,,True,False,1,1,APROBADO,1
29,2500.0,750.0,2,0,1,Familiar,Consumo,10000.0,True,True,167413101,1674131,RECHAZADO,54,0.3,MODERADO,R001|R004|R012,3,1,,True,False,1,0,RECHAZADO,0
38,9000.0,2700.0,0,4,0,Familiar,Consumo,10000.0,False,True,167502101,1675021,RECHAZADO,13,0.3,MODERADO,R002,1,0,,True,True,0,0,RECHAZADO,0
27,2800.0,840.0,0,4,0,Familiar,Consumo,10000.0,False,True,168004102,1680041,RECHAZADO,8,0.3,MODERADO,R002,1,0,,True,True,0,0,RECHAZADO,0
42,12000.0,3600.0,2,4,2,Familiar,Consumo,10000.0,False,True,168202102,1682021,APROBADO,87,0.3,MODERADO,R001|R012,2,1,,True,False,1,1,APROBADO,1
60,600.0,180.0,0,1,2,Familiar,Consumo,10000.0,False,True,168704101,1687041,RECHAZADO,0,0.3,MODERADO,R002,1,0,,True,True,0,0,RECHAZADO,0
32,1500.0,450.0,2,4,0,Propia,Consumo,10000.0,False,True,168804101,1688041,APROBADO,96,0.3,MODERADO,R001|R005|R015,3,1,,True,False,1,1,APROBADO,1
48,180.0,54.0,0,1,3,Familiar,Consumo,3240.0,False,True,169511102,1695111,RECHAZADO,0,0.3,MODERADO,R002,1,0,,True,True,0,0,RECHAZADO,0
23,6700.0,2010.0,2,4,0,Familiar,Consumo,10000.0,False,True,170102103,1701021,APROBADO,84,0.3,MODERADO,R001|R012,2,1,,True,False,1,1,APROBADO,1
39,4500.0,1350.0,0,4,2,Propia,Consumo,10000.0,False,True,170603102,1706031,RECHAZADO,22,0.3,MODERADO,R002|R005,2,0,,True,True,0,0,RECHAZADO,0
55,7000.0,2100.0,2,4,1,Familiar,Consumo,10000.0,True,True,170816101,1708161,APROBADO,85,0.3,MODERADO,R001|R012,2,1,,True,False,1,1,APROBADO,1
57,1000.0,300.0,0,0,0,Propia,Negocio,12000.0,True,True,170918101,1709181,RECHAZADO,6,0.3,MODERADO,R002|R004|R005|R006,4,0,,True,True,0,0,RECHAZADO,0
49,2180.0,654.0,0,4,1,Propia,Consumo,10000.0,False,True,171104101,1711041,RECHAZADO,21,0.3,MODERADO,R002|R005,2,0,,True,True,0,0,RECHAZADO,0
18,2100.0,630.0,0,2,3,Familiar,Consumo,10000.0,False,True,171213103,1712131,RECHAZADO,0,0.3,MODERADO,R002|R009,2,0,,True,True,0,0,RECHAZADO,0
36,15000.0,4500.0,2,1,1,Familiar,Consumo,10000.0,False,True,172302101,1723021,APROBADO,80,0.3,MODERADO,R001|R012,2,1,,True,False,1,1,APROBADO,1
18,4000.0,1200.0,2,2,3,Familiar,Consumo,10000.0,False,True,172411104,1724111,REVISION_MANUAL,66,0.3,MODERADO,R001|R009|R012,3,1,,True,False,1,0,REVISION_MANUAL,0
26,2800.0,840.0,2,4,1,Familiar,Consumo,10000.0,False,True,172804101,1728041,APROBADO,82,0.3,MODERADO,R001|R012,2,1,,True,False,1,1,APROBADO,1
48,9000.0,2700.0,2,4,3,Familiar,Consumo,10000.0,False,True,172908101,1729081,APROBADO,83,0.3,MODERADO,R001|R012,2,1,,True,False,1,1,APROBADO,1
29,2200.0,660.0,2,1,3,Familiar,Consumo,10000.0,False,True,173417101,1734171,RECHAZADO,58,0.3,MODERADO,R001,1,0,,True,False,1,0,REVISION_MANUAL,0
33,41000.0,12300.0,2,4,2,Familiar,Consumo,10000.0,False,True,173502101,1735021,APROBADO,99,0.3,MODERADO,R001|R012,2,1,,True,False,1,1,APROBADO,1
62,1000.0,300.0,0,1,0,Familiar,Negocio,12000.0,False,True,173601102,1736011,RECHAZADO,9,0.3,MODERADO,R002|R006,2,0,,True,True,0,0,RECHAZADO,0
37,1800.0,540.0,0,2,3,Familiar,Consumo,10000.0,False,True,173718102,1737181,RECHAZADO,3,0.3,MODERADO,R002,1,0,,True,True,0,0,RECHAZADO,0
35,9000.0,2700.0,2,4,0,Familiar,Consumo,10000.0,False,True,173804102,1738041,APROBADO,88,0.3,MODERADO,R001|R012,2,1,,True,False,1,1,APROBADO,1
38,46000.0,13800.0,0,4,2,Propia,Consumo,10000.0,False,True,174405101,1744051,RECHAZADO,39,0.3,MODERADO,R002|R005,2,0,,True,True,0,0,RECHAZADO,0
62,10000.0,3000.0,0,1,3,Propia,Consumo,10000.0,False,True,174604101,1746041,RECHAZADO,12,0.3,MODERADO,R002|R005,2,0,,True,True,0,0,RECHAZADO,0
71,7000.0,2100.0,2,0,0,Propia,Consumo,10000.0,True,True,175102102,1751021,REVISION_MANUAL,71,0.3,MODERADO,R001|R004|R005|R012,4,1,,True,False,1,0,REVISION_MANUAL,0
45,4000.0,1200.0,2,2,1,Familiar,Consumo,10000.0,False,True,175405101,1754051,APROBADO,83,0.3,MODERADO,R001|R012,2,1,,True,False,1,1,APROBADO,1
55,35000.0,10500.0,2,5,1,Propia,Consumo,10000.0,False,True,175507101,1755071,APROBADO,100,0.3,MODERADO,R001|R003|R005|R012,4,1,,True,False,1,1,APROBADO,1
62,2500.0,750.0,2,0,0,Propia,Consumo,10000.0,True,True,175803101,1758031,REVISION_MANUAL,68,0.3,MODERADO,R001|R004|R005|R012,4,1,,True,False,1,0,REVISION_MANUAL,0
26,2100.0,630.0,2,4,0,Familiar,Consumo,10000.0,False,True,176604101,1766041,REVISION_MANUAL,73,0.3,MODERADO,R001,1,0,,True,False,1,0,REVISION_MANUAL,0
37,2600.0,780.0,2,4,2,Propia,Consumo,10000.0,False,True,176904101,1769041,APROBADO,95,0.3,MODERADO,R001|R005|R012,3,1,,True,False,1,1,APROBADO,1
26,4000.0,1200.0,2,1,2,Familiar,Consumo,10000.0,False,True,177002103,1770021,REVISION_MANUAL,71,0.3,MODERADO,R001|R012,2,1,,True,False,1,0,REVISION_MANUAL,0
31,1800.0,540.0,2,4,0,Familiar,Consumo,10000.0,False,True,177303101,1773031,REVISION_MANUAL,73,0.3,MODERADO,R001,1,0,,True,False,1,0,REVISION_MANUAL,0
28,8000.0,2400.0,2,2,1,Familiar,Consumo,10000.0,False,True,177703101,1777031,APROBADO,85,0.3,MODERADO,R001|R012,2,1,,True,False,1,1,APROBADO,1
26,22000.0,6600.0,0,4,0,Familiar,Consumo,10000.0,False,True,177902102,1779021,RECHAZADO,21,0.3,MODERADO,R002,1,0,,True,True,0,0,RECHAZADO,0
45,20000.0,6000.0,2,4,0,Propia,Consumo,10000.0,False,True,178203101,1782031,APROBADO,100,0.3,MODERADO,R001|R005|R012|R015,4,2,,True,False,1,1,APROBADO,1
48,7000.0,2100.0,2,4,3,Propia,Consumo,10000.0,False,True,178510101,1785101,APROBADO,97,0.3,MODERADO,R001|R005|R012,3,1,,True,False,1,1,APROBADO,1
30,3100.0,930.0,2,4,2,Familiar,Consumo,10000.0,False,True,178601103,1786011,APROBADO,81,0.3,MODERADO,R001|R012,2,1,,True,False,1,1,APROBADO,1
51,800.0,240.0,0,1,3,Propia,Consumo,10000.0,False,True,179001101,1790011,RECHAZADO,8,0.3,MODERADO,R002|R005,2,0,,True,True,0,0,RECHAZADO,0
73,1500.0,450.0,2,0,2,Familiar,Negocio,12000.0,True,True,179303102,1793031,RECHAZADO,54,0.3,MODERADO,R001|R004|R006,3,0,,True,False,1,0,RECHAZADO,0
37,1500.0,450.0,2,0,1,Familiar,Consumo,10000.0,True,True,179818103,1798181,RECHAZADO,43,0.3,MODERADO,R001|R004,2,0,,True,False,1,0,RECHAZADO,0
41,3000.0,900.0,2,1,0,Familiar,Consumo,10000.0,False,True,180001101,1800011,REVISION_MANUAL,74,0.3,MODERADO,R001|R012,2,1,,True,False,1,0,REVISION_MANUAL,0
43,3200.0,960.0,2,4,5,Propia,Consumo,10000.0,False,True,180304101,1803041,APROBADO,82,0.3,MODERADO,R001|R005|R010|R012,4,1,,True,False,1,1,APROBADO,1
42,2500.0,750.0,2,1,2,Familiar,Consumo,10000.0,False,True,180705101,1807051,REVISION_MANUAL,70,0.3,MODERADO,R001|R012,2,1,,True,False,1,0,REVISION_MANUAL,0
65,6500.0,1950.0,2,4,2,Propia,Consumo,10000.0,False,True,180801101,1808011,APROBADO,96,0.3,MODERADO,R001|R005|R012,3,1,,True,False,1,1,APROBADO,1
34,2500.0,750.0,2,4,3,Propia,Consumo,10000.0,False,True,181101101,1811011,APROBADO,94,0.3,MODERADO,R001|R005|R012,3,1,,True,False,1,1,APROBADO,1
36,7000.0,2100.0,2,4,3,Familiar,Consumo,10000.0,True,True,181303105,1813031,APROBADO,82,0.3,MODERADO,R001|R012,2,1,,True,False,1,1,APROBADO,1
25,2000.0,600.0,2,0,2,Familiar,Consumo,10000.0,True,True,181519103,1815191,RECHAZADO,42,0.3,MODERADO,R001|R004,2,0,,True,False,1,0,RECHAZADO,0
62,45000.0,13500.0,2,5,3,Propia,Consumo,10000.0,False,True,181602101,1816021,APROBADO,100,0.3,MODERADO,R001|R003|R005|R012,4,1,,True,False,1,1,APROBADO,1
39,3000.0,900.0,2,4,1,Propia,Consumo,10000.0,False,True,181801101,1818011,APROBADO,97,0.3,MODERADO,R001|R005|R012,3,1,,True,False,1,1,APROBADO,1
36,9000.0,2700.0,0,4,3,Familiar,Consumo,10000.0,False,True,182017102,1820171,RECHAZADO,8,0.3,MODERADO,R002,1,0,,True,True,0,0,RECHAZADO,0
41,4000.0,1200.0,0,1,2,Familiar,Consumo,10000.0,False,True,182101101,1821011,RECHAZADO,0,0.3,MODERADO,R002,1,0,,True,True,0,0,RECHAZADO,0
29,23000.0,6900.0,2,1,0,Familiar,Consumo,10000.0,False,True,182203101,1822031,APROBADO,87,0.3,MODERADO,R001|R012,2,1,,True,False,1,1,APROBADO,1
44,15000.0,4500.0,2,5,4,Propia,Consumo,10000.0,False,True,182305101,1823051,APROBADO,100,0.3,MODERADO,R001|R003|R005|R010|R012,5,1,,True,False,1,1,APROBADO,1
30,20000.0,6000.0,2,4,0,Familiar,Consumo,10000.0,False,True,182803101,1828031,APROBADO,95,0.3,MODERADO,R001|R012,2,1,,True,False,1,1,APROBADO,1
36,10000.0,3000.0,2,1,1,Familiar,Negocio,12000.0,False,True,182903102,1829031,APROBADO,89,0.3,MODERADO,R001|R006|R012,3,1,,True,False,1,1,APROBADO,1
68,700.0,210.0,2,1,0,Familiar,Consumo,10000.0,False,True,183905101,1839051,REVISION_MANUAL,60,0.3,MODERADO,R001,1,0,,True,False,1,0,REVISION_MANUAL,0
35,25000.0,7500.0,2,4,1,Propia,Consumo,10000.0,False,True,184202101,1842021,APROBADO,100,0.3,MODERADO,R001|R005|R012,3,1,,True,False,1,1,APROBADO,1
29,18000.0,5400.0,2,3,3,Familiar,Consumo,10000.0,False,True,184405103,1844051,APROBADO,89,0.3,MODERADO,R001|R012,2,1,,True,False,1,1,APROBADO,1
34,7000.0,2100.0,2,4,0,Familiar,Consumo,10000.0,True,True,184603101,1846031,APROBADO,86,0.3,MODERADO,R001|R012,2,1,,True,False,1,1,APROBADO,1
50,25000.0,7500.0,2,2,2,Familiar,Consumo,10000.0,True,True,184803102,1848031,APROBADO,95,0.3,MODERADO,R001|R012,2,1,,True,False,1,1,APROBADO,1
72,500.0,150.0,2,2,0,Familiar,Consumo,9000.0,False,True,184904101,1849041,REVISION_MANUAL,70,0.3,MODERADO,R001,1,0,,True,False,1,0,REVISION_MANUAL,0
39,7000.0,2100.0,2,0,0,Propia,Consumo,10000.0,True,True,185107101,1851071,REVISION_MANUAL,73,0.3,MODERADO,R001|R004|R005|R012,4,1,,True,False,1,0,REVISION_MANUAL,0
48,3000.0,900.0,0,4,3,Propia,Consumo,10000.0,False,True,185505101,1855051,RECHAZADO,19,0.3,MODERADO,R002|R005,2,0,,True,True,0,0,RECHAZADO,0
28,2000.0,600.0,2,4,1,Familiar,Consumo,10000.0,False,True,185603102,1856031,REVISION_MANUAL,71,0.3,MODERADO,R001,1,0,,True,False,1,0,REVISION_MANUAL,0
53,1500.0,450.0,2,1,0,Familiar,Consumo,10000.0,False,True,185917101,1859171,REVISION_MANUAL,63,0.3,MODERADO,R001,1,0,,True,False,1,0,REVISION_MANUAL,0
50,16000.0,4800.0,2,4,4,Propia,Consumo,10000.0,False,True,186106101,1861061,APROBADO,91,0.3,MODERADO,R001|R005|R010|R012,4,1,,True,False,1,1,APROBADO,1
49,14000.0,4200.0,2,4,0,Familiar,Consumo,10000.0,True,True,186502101,1865021,APROBADO,91,0.3,MODERADO,R001|R012,2,1,,True,False,1,1,APROBADO,1
53,4000.0,1200.0,0,4,4,Propia,Consumo,10000.0,False,True,186704101,1867041,RECHAZADO,8,0.3,MODERADO,R002|R005|R010,3,0,,True,True,0,0,RECHAZADO,0
68,1200.0,360.0,2,1,0,Propia,Consumo,10000.0,False,True,186913101,1869131,REVISION_MANUAL,75,0.3,MODERADO,R001|R005,2,0,,True,False,1,0,APROBADO,1
32,10000.0,3000.0,2,4,5,Familiar,Consumo,10000.0,False,True,187002102,1870021,REVISION_MANUAL,71,0.3,MODERADO,R001|R010|R012,3,1,,True,False,1,0,REVISION_MANUAL,0
37,3800.0,1140.0,0,1,0,Familiar,Consumo,10000.0,False,True,187204101,1872041,RECHAZADO,0,0.3,MODERADO,R002,1,0,,True,True,0,0,RECHAZADO,0
55,5000.0,1500.0,2,4,0,Familiar,Consumo,10000.0,False,True,187408101,1874081,APROBADO,85,0.3,MODERADO,R001|R012,2,1,,True,False,1,1,APROBADO,1
58,1500.0,450.0,2,0,1,Familiar,Consumo,10000.0,True,True,187601102,1876011,RECHAZADO,41,0.3,MODERADO,R001|R004,2,0,,True,False,1,0,RECHAZADO,0
33,12000.0,3600.0,2,4,0,Propia,Consumo,10000.0,False,True,187701101,1877011,APROBADO,100,0.3,MODERADO,R001|R005|R012|R015,4,2,,True,False,1,1,APROBADO,1
38,1270.0,381.0,2,4,2,Propia,Consumo,10000.0,False,True,187903101,1879031,APROBADO,84,0.3,MODERADO,R001|R005,2,0,,True,False,1,1,APROBADO,1
42,3500.0,1050.0,2,4,1,Propia,Consumo,10000.0,False,True,188003102,1880031,APROBADO,97,0.3,MODERADO,R001|R005|R012,3,1,,True,False,1,1,APROBADO,1
28,1800.0,540.0,2,4,2,Familiar,Consumo,10000.0,False,True,188101102,1881011,REVISION_MANUAL,70,0.3,MODERADO,R001,1,0,,True,False,1,0,REVISION_MANUAL,0
34,2000.0,600.0,0,0,4,Familiar,Consumo,10000.0,True,True,188204105,1882041,RECHAZADO,0,0.3,MODERADO,R002|R004|R010,3,0,,True,True,0,0,RECHAZADO,0
58,1800.0,540.0,2,4,1,Propia,Consumo,10000.0,False,True,188508102,1885081,APROBADO,84,0.3,MODERADO,R001|R005,2,0,,True,False,1,1,APROBADO,1
25,15000.0,4500.0,2,4,2,Familiar,Consumo,10000.0,False,True,188602104,1886021,APROBADO,89,0.3,MODERADO,R001|R012,2,1,,True,False,1,1,APROBADO,1
23,2000.0,600.0,0,4,1,Familiar,Consumo,10000.0,False,True,188714103,1887141,RECHAZADO,4,0.3,MODERADO,R002,1,0,,True,True,0,0,RECHAZADO,0
50,9000.0,2700.0,0,4,0,Propia,Consumo,10000.0,False,True,188804101,1888041,RECHAZADO,36,0.3,MODERADO,R002|R005|R015,3,1,,True,True,0,0,RECHAZADO,0
21,3200.0,960.0,2,4,2,Familiar,Consumo,10000.0,False,True,189115103,1891151,REVISION_MANUAL,79,0.3,MODERADO,R001|R012,2,1,,True,False,1,0,APROBADO,1
44,1500.0,450.0,2,0,3,Propia,Consumo,10000.0,True,True,189218102,1892181,RECHAZADO,55,0.3,MODERADO,R001|R004|R005,3,0,,True,False,1,0,REVISION_MANUAL,0
59,1000.0,300.0,2,1,1,Familiar,Consumo,10000.0,False,True,189501102,1895011,RECHAZADO,59,0.3,MODERADO,R001,1,0,,True,False,1,0,REVISION_MANUAL,0
34,2400.0,720.0,2,1,2,Familiar,Consumo,10000.0,False,True,189715101,1897151,REVISION_MANUAL,60,0.3,MODERADO,R001,1,0,,True,False,1,0,REVISION_MANUAL,0
31,2500.0,750.0,2,0,2,Familiar,Consumo,10000.0,True,True,190016102,1900161,RECHAZADO,52,0.3,MODERADO,R001|R004|R012,3,1,,True,False,1,0,RECHAZADO,0
33,8000.0,2400.0,2,4,4,Familiar,Consumo,10000.0,False,True,190404101,1904041,REVISION_MANUAL,71,0.3,MODERADO,R001|R010|R012,3,1,,True,False,1,0,REVISION_MANUAL,0
59,7000.0,2100.0,2,0,0,Familiar,Consumo,10000.0,True,True,190803101,1908031,RECHAZADO,56,0.3,MODERADO,R001|R004|R012,3,1,,True,False,1,0,REVISION_MANUAL,0
22,6000.0,1800.0,0,2,0,Familiar,Consumo,10000.0,False,True,191103101,1911031,RECHAZADO,9,0.3,MODERADO,R002,1,0,,True,True,0,0,RECHAZADO,0
46,10000.0,3000.0,2,4,1,Propia,Consumo,10000.0,False,True,191205101,1912051,APROBADO,100,0.3,MODERADO,R001|R005|R012,3,1,,True,False,1,1,APROBADO,1
45,3500.0,1050.0,0,2,2,Familiar,Consumo,10000.0,False,True,191303101,1913031,RECHAZADO,6,0.3,MODERADO,R002,1,0,,True,True,0,0,RECHAZADO,0
53,20000.0,6000.0,2,4,0,Propia,Consumo,10000.0,False,True,191402101,1914021,APROBADO,100,0.3,MODERADO,R001|R005|R012|R015,4,2,,True,False,1,1,APROBADO,1
52,250.0,75.0,0,1,2,Propia,Consumo,4500.0,False,True,191501102,1915011,RECHAZADO,9,0.3,MODERADO,R002|R005,2,0,,True,True,0,0,RECHAZADO,0
43,1500.0,450.0,0,0,2,Familiar,Consumo,10000.0,True,True,192202102,1922021,RECHAZADO,0,0.3,MODERADO,R002|R004,2,0,,True,True,0,0,RECHAZADO,0
69,4000.0,1200.0,2,0,0,Propia,Consumo,10000.0,True,True,192304102,1923041,REVISION_MANUAL,69,0.3,MODERADO,R001|R004|R005|R012,4,1,,True,False,1,0,REVISION_MANUAL,0
38,2000.0,600.0,2,0,6,Familiar,Negocio,12000.0,True,True,192401101,1924011,RECHAZADO,41,0.3,MODERADO,R001|R004|R006|R010,4,0,,True,False,1,0,RECHAZADO,0
29,1800.0,540.0,2,4,2,Familiar,Consumo,10000.0,False,True,192601104,1926011,REVISION_MANUAL,70,0.3,MODERADO,R001,1,0,,True,False,1,0,REVISION_MANUAL,0
45,2000.0,600.0,0,0,2,Propia,Consumo,10000.0,True,True,192701101,1927011,RECHAZADO,0,0.3,MODERADO,R002|R004|R005,3,0,,True,True,0,0,RECHAZADO,0
44,5000.0,1500.0,2,4,4,Propia,Consumo,10000.0,False,True,193602101,1936021,APROBADO,84,0.3,MODERADO,R001|R005|R010|R012,4,1,,True,False,1,1,APROBADO,1
63,2000.0,600.0,2,0,1,Propia,Consumo,10000.0,True,True,193901101,1939011,RECHAZADO,56,0.3,MODERADO,R001|R004|R005,3,0,,True,False,1,0,REVISION_MANUAL,0
37,4000.0,1200.0,2,5,2,Propia,Consumo,10000.0,False,True,194119101,1941191,APROBADO,100,0.3,MODERADO,R001|R003|R005|R012,4,1,,True,False,1,1,APROBADO,1
39,6000.0,1800.0,2,4,2,Propia,Consumo,10000.0,False,True,194203102,1942031,APROBADO,98,0.3,MODERADO,R001|R005|R012,3,1,,True,False,1,1,APROBADO,1
35,8000.0,2400.0,2,4,1,Propia,Consumo,10000.0,False,True,194507101,1945071,APROBADO,100,0.3,MODERADO,R001|R005|R012,3,1,,True,False,1,1,APROBADO,1
40,5600.0,1680.0,2,4,3,Familiar,Consumo,10000.0,False,True,194905102,1949051,APROBADO,81,0.3,MODERADO,R001|R012,2,1,,True,False,1,1,APROBADO,1
64,4000.0,1200.0,2,0,0,Familiar,Consumo,10000.0,True,True,195003101,1950031,RECHAZADO,54,0.3,MODERADO,R001|R004|R012,3,1,,True,False,1,0,RECHAZADO,0
29,22000.0,6600.0,2,4,2,Familiar,Consumo,10000.0,False,True,195204101,1952041,APROBADO,93,0.3,MODERADO,R001|R012,2,1,,True,False,1,1,APROBADO,1
19,1200.0,360.0,2,2,3,Propia,Negocio,12000.0,False,True,195304102,1953041,APROBADO,83,0.3,MODERADO,R001|R005|R006|R009,4,0,,True,False,1,1,APROBADO,1
44,2000.0,600.0,2,0,1,Familiar,Consumo,10000.0,True,True,195608102,1956081,RECHAZADO,43,0.3,MODERADO,R001|R004,2,0,,True,False,1,0,RECHAZADO,0
24,1700.0,510.0,2,4,0,Familiar,Consumo,10000.0,False,True,195905101,1959051,REVISION_MANUAL,71,0.3,MODERADO,R001,1,0,,True,False,1,0,REVISION_MANUAL,0
51,2500.0,750.0,2,0,2,Propia,Consumo,10000.0,True,True,196003103,1960031,REVISION_MANUAL,67,0.3,MODERADO,R001|R004|R005|R012,4,1,,True,False,1,0,REVISION_MANUAL,0
48,2000.0,600.0,2,1,1,Propia,Consumo,10000.0,True,True,196101101,1961011,REVISION_MANUAL,76,0.3,MODERADO,R001|R005,2,0,,True,False,1,0,APROBADO,1
52,2000.0,600.0,0,0,0,Propia,Consumo,10000.0,True,True,196917101,1969171,RECHAZADO,0,0.3,MODERADO,R002|R004|R005,3,0,,True,True,0,0,RECHAZADO,0
41,3200.0,960.0,0,1,4,Familiar,Consumo,10000.0,False,True,197206101,1972061,RECHAZADO,0,0.3,MODERADO,R002|R010,2,0,,True,True,0,0,RECHAZADO,0
31,2000.0,600.0,2,1,3,Familiar,Negocio,12000.0,False,True,197418102,1974181,REVISION_MANUAL,70,0.3,MODERADO,R001|R006,2,0,,True,False,1,0,REVISION_MANUAL,0
60,7000.0,2100.0,2,0,1,Propia,Consumo,10000.0,True,True,197803101,1978031,REVISION_MANUAL,70,0.3,MODERADO,R001|R004|R005|R012,4,1,,True,False,1,0,REVISION_MANUAL,0
36,3000.0,900.0,2,4,1,Familiar,Consumo,10000.0,False,True,198104101,1981041,APROBADO,82,0.3,MODERADO,R001|R012,2,1,,True,False,1,1,APROBADO,1
19,2500.0,750.0,2,1,2,Familiar,Consumo,10000.0,True,True,198304104,1983041,RECHAZADO,56,0.3,MODERADO,R001|R009|R012,3,1,,True,False,1,0,REVISION_MANUAL,0
49,1500.0,450.0,0,0,0,Familiar,Negocio,12000.0,True,True,198405101,1984051,RECHAZADO,0,0.3,MODERADO,R002|R004|R006,3,0,,True,True,0,0,RECHAZADO,0
53,2000.0,600.0,2,4,0,Familiar,Consumo,10000.0,False,True,198506101,1985061,REVISION_MANUAL,73,0.3,MODERADO,R001,1,0,,True,False,1,0,REVISION_MANUAL,0
32,2500.0,750.0,2,0,2,Familiar,Consumo,10000.0,True,True,198602103,1986021,RECHAZADO,52,0.3,MODERADO,R001|R004|R012,3,1,,True,False,1,0,RECHAZADO,0
53,1500.0,450.0,0,1,0,Propia,Consumo,10000.0,False,True,198905101,1989051,RECHAZADO,13,0.3,MODERADO,R002|R005,2,0,,True,True,0,0,RECHAZADO,0
52,1200.0,360.0,2,2,1,Familiar,Consumo,10000.0,False,True,199002101,1990021,REVISION_MANUAL,71,0.3,MODERADO,R001,1,0,,True,False,1,0,REVISION_MANUAL,0
41,8000.0,2400.0,0,4,1,Propia,Consumo,10000.0,False,True,199203101,1992031,RECHAZADO,25,0.3,MODERADO,R002|R005,2,0,,True,True,0,0,RECHAZADO,0
35,1500.0,450.0,2,2,0,Familiar,Consumo,10000.0,False,True,199417101,1994171,REVISION_MANUAL,73,0.3,MODERADO,R001,1,0,,True,False,1,0,REVISION_MANUAL,0
56,98000.0,29400.0,2,5,1,Propia,Consumo,10000.0,False,True,199501101,1995011,APROBADO,100,0.3,MODERADO,R001|R003|R005|R012,4,1,,True,False,1,1,APROBADO,1
51,10000.0,3000.0,0,4,0,Propia,Consumo,10000.0,False,True,199701101,1997011,RECHAZADO,36,0.3,MODERADO,R002|R005|R015,3,1,,True,True,0,0,RECHAZADO,0
40,1000.0,300.0,2,4,1,Familiar,Consumo,10000.0,False,True,200705102,2007051,REVISION_MANUAL,71,0.3,MODERADO,R001,1,0,,True,False,1,0,REVISION_MANUAL,0
59,2000.0,600.0,2,1,0,Familiar,Consumo,10000.0,False,True,200901101,2009011,REVISION_MANUAL,61,0.3,MODERADO,R001,1,0,,True,False,1,0,REVISION_MANUAL,0
45,2500.0,750.0,2,0,1,Familiar,Consumo,10000.0,True,True,201304102,2013041,RECHAZADO,54,0.3,MODERADO,R001|R004|R012,3,1,,True,False,1,0,RECHAZADO,0
39,1500.0,450.0,0,2,3,Familiar,Consumo,10000.0,False,True,201504102,2015041,RECHAZADO,3,0.3,MODERADO,R002,1,0,,True,True,0,0,RECHAZADO,0
67,3000.0,900.0,0,1,0,Familiar,Consumo,10000.0,False,True,201703101,2017031,RECHAZADO,0,0.3,MODERADO,R002,1,0,,True,True,0,0,RECHAZADO,0
29,3500.0,1050.0,2,1,3,Familiar,Consumo,10000.0,False,True,201803105,2018031,REVISION_MANUAL,69,0.3,MODERADO,R001|R012,2,1,,True,False,1,0,REVISION_MANUAL,0
79,2500.0,750.0,2,0,0,Propia,Consumo,10000.0,True,True,201905101,2019051,REVISION_MANUAL,68,0.3,MODERADO,R001|R004|R005|R012,4,1,,True,False,1,0,REVISION_MANUAL,0
47,2000.0,600.0,2,2,2,Familiar,Consumo,10000.0,False,True,202305102,2023051,REVISION_MANUAL,70,0.3,MODERADO,R001,1,0,,True,False,1,0,REVISION_MANUAL,0
53,1500.0,450.0,2,0,0,Propia,Consumo,10000.0,True,True,202606101,2026061,REVISION_MANUAL,60,0.3,MODERADO,R001|R004|R005,3,0,,True,False,1,0,REVISION_MANUAL,0
81,2500.0,750.0,2,0,0,Propia,Consumo,10000.0,True,True,202803101,2028031,REVISION_MANUAL,68,0.3,MODERADO,R001|R004|R005|R012,4,1,,True,False,1,0,REVISION_MANUAL,0
60,500.0,150.0,2,1,2,Familiar,Consumo,9000.0,False,True,203105102,2031051,RECHAZADO,57,0.3,MODERADO,R001,1,0,,True,False,1,0,REVISION_MANUAL,0
45,40000.0,12000.0,2,4,2,Propia,Consumo,10000.0,False,True,203302101,2033021,APROBADO,100,0.3,MODERADO,R001|R005|R012,3,1,,True,False,1,1,APROBADO,1
27,2500.0,750.0,2,2,2,Familiar,Consumo,10000.0,False,True,203605101,2036051,APROBADO,80,0.3,MODERADO,R001|R012,2,1,,True,False,1,1,APROBADO,1
85,1500.0,450.0,2,0,1,Familiar,Consumo,10000.0,True,True,204402101,2044021,RECHAZADO,41,0.3,MODERADO,R001|R004,2,0,,True,False,1,0,RECHAZADO,0
21,1400.0,420.0,2,2,2,Familiar,Consumo,10000.0,False,True,204710102,2047101,REVISION_MANUAL,67,0.3,MODERADO,R001,1,0,,True,False,1,0,REVISION_MANUAL,0
43,7000.0,2100.0,2,0,2,Propia,Consumo,10000.0,True,True,205904102,2059041,REVISION_MANUAL,70,0.3,MODERADO,R001|R004|R005|R012,4,1,,True,False,1,0,REVISION_MANUAL,0
48,14000.0,4200.0,0,4,0,Propia,Consumo,10000.0,True,True,206001101,2060011,RECHAZADO,39,0.3,MODERADO,R002|R005|R015,3,1,,True,True,0,0,RECHAZADO,0
25,10000.0,3000.0,2,4,2,Familiar,Consumo,10000.0,False,True,206305103,2063051,APROBADO,85,0.3,MODERADO,R001|R012,2,1,,True,False,1,1,APROBADO,1
42,1000.0,300.0,2,2,2,Familiar,Consumo,10000.0,False,True,206503102,2065031,REVISION_MANUAL,69,0.3,MODERADO,R001,1,0,,True,False,1,0,REVISION_MANUAL,0
37,7000.0,2100.0,2,4,2,Familiar,Negocio,12000.0,True,True,206604101,2066041,APROBADO,95,0.3,MODERADO,R001|R006|R012,3,1,,True,False,1,1,APROBADO,1
51,2500.0,750.0,0,1,2,Familiar,Consumo,10000.0,False,True,206711101,2067111,RECHAZADO,0,0.3,MODERADO,R002,1,0,,True,True,0,0,RECHAZADO,0
57,2640.0,792.0,2,4,1,Propia,Consumo,10000.0,False,True,206905102,2069051,APROBADO,95,0.3,MODERADO,R001|R005|R012,3,1,,True,False,1,1,APROBADO,1
53,4000.0,1200.0,2,4,1,Familiar,Consumo,10000.0,False,True,207901105,2079011,APROBADO,83,0.3,MODERADO,R001|R012,2,1,,True,False,1,1,APROBADO,1
41,1700.0,510.0,2,4,2,Familiar,Consumo,10000.0,False,True,208101102,2081011,REVISION_MANUAL,70,0.3,MODERADO,R001,1,0,,True,False,1,0,REVISION_MANUAL,0
34,1800.0,540.0,2,4,1,Propia,Consumo,10000.0,False,True,208604103,2086041,APROBADO,86,0.3,MODERADO,R001|R005,2,0,,True,False,1,1,APROBADO,1
64,2000.0,600.0,2,2,0,Familiar,Consumo,10000.0,False,True,208704102,2087041,REVISION_MANUAL,71,0.3,MODERADO,R001,1,0,,True,False,1,0,REVISION_MANUAL,0
38,15000.0,4500.0,2,4,4,Familiar,Consumo,10000.0,False,True,208803103,2088031,REVISION_MANUAL,76,0.3,MODERADO,R001|R010|R012,3,1,,True,False,1,0,APROBADO,1
72,1500.0,450.0,0,0,1,Propia,Consumo,10000.0,True,True,208905102,2089051,RECHAZADO,0,0.3,MODERADO,R002|R004|R005,3,0,,True,True,0,0,RECHAZADO,0
38,15000.0,4500.0,2,2,1,Familiar,Consumo,10000.0,False,True,209009102,2090091,APROBADO,90,0.3,MODERADO,R001|R012,2,1,,True,False,1,1,APROBADO,1
27,12000.0,3600.0,0,4,3,Familiar,Consumo,10000.0,False,True,209602102,2096021,RECHAZADO,10,0.3,MODERADO,R002,1,0,,True,True,0,0,RECHAZADO,0
25,1200.0,360.0,0,2,4,Familiar,Negocio,12000.0,False,True,209707106,2097071,RECHAZADO,4,0.3,MODERADO,R002|R006|R010,3,0,,True,True,0,0,RECHAZADO,0
41,25000.0,7500.0,2,2,2,Propia,Consumo,10000.0,False,True,209818101,2098181,APROBADO,100,0.3,MODERADO,R001|R005|R012,3,1,,True,False,1,1,APROBADO,1
28,2000.0,600.0,2,2,4,Familiar,Consumo,10000.0,False,True,210215104,2102151,RECHAZADO,57,0.3,MODERADO,R001|R010,2,0,,True,False,1,0,REVISION_MANUAL,0
47,3000.0,900.0,2,2,2,Familiar,Negocio,12000.0,False,True,210801102,2108011,APROBADO,93,0.3,MODERADO,R001|R006|R012,3,1,,True,False,1,1,APROBADO,1
56,17000.0,5100.0,2,4,0,Propia,Consumo,10000.0,False,True,211002102,2110021,APROBADO,100,0.3,MODERADO,R001|R005|R012|R015,4,2,,True,False,1,1,APROBADO,1
52,2000.0,600.0,2,0,2,Familiar,Consumo,10000.0,True,True,211115101,2111151,RECHAZADO,42,0.3,MODERADO,R001|R004,2,0,,True,False,1,0,RECHAZADO,0
28,3000.0,900.0,0,4,0,Familiar,Consumo,10000.0,False,True,211302101,2113021,RECHAZADO,9,0.3,MODERADO,R002,1,0,,True,True,0,0,RECHAZADO,0
29,25000.0,7500.0,2,3,1,Familiar,Consumo,10000.0,False,True,211504101,2115041,APROBADO,97,0.3,MODERADO,R001|R012,2,1,,True,False,1,1,APROBADO,1
64,1500.0,450.0,2,1,2,Familiar,Consumo,10000.0,False,True,211713102,2117131,RECHAZADO,58,0.3,MODERADO,R001,1,0,,True,False,1,0,REVISION_MANUAL,0
20,2000.0,600.0,2,2,6,Familiar,Consumo,10000.0,False,True,211820104,2118201,RECHAZADO,43,0.3,MODERADO,R001|R009|R010,3,0,,True,False,1,0,RECHAZADO,0
44,1500.0,450.0,0,2,3,Propia,Consumo,10000.0,False,True,212004101,2120041,RECHAZADO,18,0.3,MODERADO,R002|R005,2,0,,True,True,0,0,RECHAZADO,0
32,24000.0,7200.0,2,4,2,Propia,Consumo,10000.0,False,True,212304101,2123041,APROBADO,100,0.3,MODERADO,R001|R005|R012,3,1,,True,False,1,1,APROBADO,1
63,7000.0,2100.0,2,0,1,Propia,Consumo,10000.0,True,True,212405101,2124051,REVISION_MANUAL,70,0.3,MODERADO,R001|R004|R005|R012,4,1,,True,False,1,0,REVISION_MANUAL,0
60,1500.0,450.0,2,2,1,Propia,Negocio,12000.0,False,True,212705101,2127051,APROBADO,98,0.3,MODERADO,R001|R005|R006,3,0,,True,False,1,1,APROBADO,1
58,30000.0,9000.0,2,4,1,Propia,Consumo,10000.0,False,True,212801102,2128011,APROBADO,100,0.3,MODERADO,R001|R005|R012,3,1,,True,False,1,1,APROBADO,1
35,10000.0,3000.0,2,4,2,Familiar,Consumo,10000.0,False,True,213004102,2130041,APROBADO,85,0.3,MODERADO,R001|R012,2,1,,True,False,1,1,APROBADO,1
42,10000.0,3000.0,2,4,4,Propia,Consumo,10000.0,False,True,213101102,2131011,APROBADO,87,0.3,MODERADO,R001|R005|R010|R012,4,1,,True,False,1,1,APROBADO,1
32,7000.0,2100.0,2,3,3,Familiar,Consumo,10000.0,True,True,213805102,2138051,APROBADO,82,0.3,MODERADO,R001|R012,2,1,,True,False,1,1,APROBADO,1
43,30000.0,9000.0,0,4,2,Propia,Consumo,10000.0,False,True,213901101,2139011,RECHAZADO,39,0.3,MODERADO,R002|R005,2,0,,True,True,0,0,RECHAZADO,0
59,1500.0,450.0,2,0,6,Familiar,Consumo,10000.0,True,True,214203102,2142031,RECHAZADO,27,0.3,MODERADO,R001|R004|R010,3,0,,True,False,1,0,RECHAZADO,0
27,15200.0,4560.0,2,4,2,Familiar,Consumo,10000.0,False,True,214304103,2143041,APROBADO,89,0.3,MODERADO,R001|R012,2,1,,True,False,1,1,APROBADO,1
55,5000.0,1500.0,2,4,1,Propia,Consumo,10000.0,False,True,214705101,2147051,APROBADO,98,0.3,MODERADO,R001|R005|R012,3,1,,True,False,1,1,APROBADO,1
43,30000.0,9000.0,2,4,3,Propia,Consumo,10000.0,False,True,214817102,2148171,APROBADO,100,0.3,MODERADO,R001|R005|R012,3,1,,True,False,1,1,APROBADO,1
51,2000.0,600.0,0,3,0,Propia,Consumo,10000.0,False,True,215003101,2150031,RECHAZADO,31,0.3,MODERADO,R002|R005|R015,3,1,,True,True,0,0,RECHAZADO,0
37,4000.0,1200.0,2,2,1,Familiar,Consumo,10000.0,False,True,215219102,2152191,APROBADO,83,0.3,MODERADO,R001|R012,2,1,,True,False,1,1,APROBADO,1
34,15000.0,4500.0,2,4,2,Familiar,Consumo,10000.0,False,True,215301103,2153011,APROBADO,89,0.3,MODERADO,R001|R012,2,1,,True,False,1,1,APROBADO,1
27,5000.0,1500.0,2,4,1,Familiar,Consumo,10000.0,False,True,215506103,2155061,APROBADO,83,0.3,MODERADO,R001|R012,2,1,,True,False,1,1,APROBADO,1
61,2000.0,600.0,2,0,0,Propia,Consumo,10000.0,True,True,215701101,2157011,RECHAZADO,58,0.3,MODERADO,R001|R004|R005,3,0,,True,False,1,0,REVISION_MANUAL,0
33,1500.0,450.0,0,2,2,Propia,Consumo,10000.0,False,True,216205101,2162051,RECHAZADO,20,0.3,MODERADO,R002|R005,2,0,,True,True,0,0,RECHAZADO,0
44,1500.0,450.0,2,1,2,Propia,Consumo,10000.0,False,True,216701102,2167011,REVISION_MANUAL,75,0.3,MODERADO,R001|R005,2,0,,True,False,1,0,APROBADO,1
61,7000.0,2100.0,2,0,0,Propia,Consumo,10000.0,True,True,216902101,2169021,REVISION_MANUAL,71,0.3,MODERADO,R001|R004|R005|R012,4,1,,True,False,1,0,REVISION_MANUAL,0
65,4000.0,1200.0,2,1,0,Propia,Consumo,10000.0,False,True,217015101,2170151,APROBADO,87,0.3,MODERADO,R001|R005|R012,3,1,,True,False,1,1,APROBADO,1
37,20000.0,6000.0,2,4,0,Familiar,Consumo,10000.0,False,True,217203101,2172031,APROBADO,95,0.3,MODERADO,R001|R012,2,1,,True,False,1,1,APROBADO,1
26,7000.0,2100.0,0,0,1,Familiar,Consumo,10000.0,True,True,217804102,2178041,RECHAZADO,0,0.3,MODERADO,R002|R004,2,0,,True,True,0,0,RECHAZADO,0
39,32000.0,9600.0,2,4,2,Familiar,Consumo,10000.0,False,True,217903104,2179031,APROBADO,99,0.3,MODERADO,R001|R012,2,1,,True,False,1,1,APROBADO,1
55,3600.0,1080.0,2,4,1,Familiar,Negocio,12000.0,False,True,218315102,2183151,APROBADO,94,0.3,MODERADO,R001|R006|R012,3,1,,True,False,1,1,APROBADO,1
69,2500.0,750.0,0,0,0,Familiar,Consumo,10000.0,True,True,218401101,2184011,RECHAZADO,0,0.3,MODERADO,R002|R004,2,0,,True,True,0,0,RECHAZADO,0
47,2500.0,750.0,2,4,1,Propia,Consumo,10000.0,False,True,218606102,2186061,APROBADO,97,0.3,MODERADO,R001|R005|R012,3,1,,True,False,1,1,APROBADO,1
51,3500.0,1050.0,2,2,3,Propia,Negocio,12000.0,False,True,219003101,2190031,APROBADO,100,0.3,MODERADO,R001|R005|R006|R012,4,1,,True,False,1,1,APROBADO,1
40,7000.0,2100.0,0,4,3,Familiar,Consumo,10000.0,True,True,219105101,2191051,RECHAZADO,7,0.3,MODERADO,R002,1,0,,True,True,0,0,RECHAZADO,0
32,8400.0,2520.0,0,4,3,Propia,Consumo,10000.0,False,True,219303101,2193031,RECHAZADO,23,0.3,MODERADO,R002|R005,2,0,,True,True,0,0,RECHAZADO,0
34,2000.0,600.0,2,1,0,Familiar,Consumo,10000.0,False,True,219501103,2195011,REVISION_MANUAL,63,0.3,MODERADO,R001,1,0,,True,False,1,0,REVISION_MANUAL,0
61,2000.0,600.0,2,1,0,Familiar,Consumo,10000.0,False,True,219603102,2196031,REVISION_MANUAL,61,0.3,MODERADO,R001,1,0,,True,False,1,0,REVISION_MANUAL,0
26,4000.0,1200.0,2,0,1,Familiar,Consumo,10000.0,True,True,219703102,2197031,RECHAZADO,55,0.3,MODERADO,R001|R004|R012,3,1,,True,False,1,0,REVISION_MANUAL,0
31,7000.0,2100.0,2,4,2,Familiar,Consumo,10000.0,True,True,220002102,2200021,APROBADO,83,0.3,MODERADO,R001|R012,2,1,,True,False,1,1,APROBADO,1
47,1200.0,360.0,2,1,2,Propia,Negocio,12000.0,False,True,220101102,2201011,APROBADO,86,0.3,MODERADO,R001|R005|R006,3,0,,True,False,1,1,APROBADO,1
38,8000.0,2400.0,2,4,3,Familiar,Consumo,10000.0,False,True,220212101,2202121,APROBADO,82,0.3,MODERADO,R001|R012,2,1,,True,False,1,1,APROBADO,1
25,2000.0,600.0,2,2,0,Familiar,Consumo,10000.0,False,True,220311103,2203111,REVISION_MANUAL,73,0.3,MODERADO,R001,1,0,,True,False,1,0,REVISION_MANUAL,0
58,7000.0,2100.0,2,0,1,Propia,Consumo,10000.0,True,True,220501102,2205011,REVISION_MANUAL,70,0.3,MODERADO,R001|R004|R005|R012,4,1,,True,False,1,0,REVISION_MANUAL,0
25,6000.0,1800.0,2,1,1,Familiar,Consumo,10000.0,False,True,220620103,2206201,REVISION_MANUAL,74,0.3,MODERADO,R001|R012,2,1,,True,False,1,0,REVISION_MANUAL,0
29,1000.0,300.0,2,1,2,Familiar,Consumo,10000.0,False,True,220705101,2207051,RECHAZADO,59,0.3,MODERADO,R001,1,0,,True,False,1,0,REVISION_MANUAL,0
33,15000.0,4500.0,0,1,2,Familiar,Consumo,10000.0,False,True,220903102,2209031,RECHAZADO,4,0.3,MODERADO,R002,1,0,,True,True,0,0,RECHAZADO,0
45,1000.0,300.0,2,1,3,Familiar,Consumo,10000.0,False,True,221004102,2210041,RECHAZADO,58,0.3,MODERADO,R001,1,0,,True,False,1,0,REVISION_MANUAL,0
38,2000.0,600.0,0,0,2,Familiar,Consumo,10000.0,True,True,221103102,2211031,RECHAZADO,0,0.3,MODERADO,R002|R004,2,0,,True,True,0,0,RECHAZADO,0
31,2500.0,750.0,2,0,2,Familiar,Consumo,10000.0,True,True,221304101,2213041,RECHAZADO,52,0.3,MODERADO,R001|R004|R012,3,1,,True,False,1,0,RECHAZADO,0
37,10000.0,3000.0,2,5,0,Propia,Consumo,10000.0,False,True,221704101,2217041,APROBADO,100,0.3,MODERADO,R001|R003|R005|R012|R015,5,2,,True,False,1,1,APROBADO,1
48,2600.0,780.0,2,4,0,Propia,Consumo,10000.0,False,True,221803101,2218031,APROBADO,100,0.3,MODERADO,R001|R005|R012|R015,4,2,,True,False,1,1,APROBADO,1
31,18000.0,5400.0,2,4,1,Propia,Consumo,10000.0,False,True,223001101,2230011,APROBADO,100,0.3,MODERADO,R001|R005|R012,3,1,,True,False,1,1,APROBADO,1
57,9200.0,2760.0,2,4,2,Propia,Consumo,10000.0,False,True,223117101,2231171,APROBADO,98,0.3,MODERADO,R001|R005|R012,3,1,,True,False,1,1,APROBADO,1
21,2500.0,750.0,2,2,0,Familiar,Consumo,10000.0,True,True,223305101,2233051,APROBADO,81,0.3,MODERADO,R001|R012,2,1,,True,False,1,1,APROBADO,1
40,1500.0,450.0,2,2,1,Propia,Consumo,10000.0,False,True,223811101,2238111,APROBADO,86,0.3,MODERADO,R001|R005,2,0,,True,False,1,1,APROBADO,1
54,2600.0,780.0,2,2,0,Familiar,Consumo,10000.0,False,True,224105102,2241051,APROBADO,83,0.3,MODERADO,R001|R012,2,1,,True,False,1,1,APROBADO,1
45,2500.0,750.0,2,2,1,Propia,Consumo,10000.0,False,True,224516101,2245161,APROBADO,97,0.3,MODERADO,R001|R005|R012,3,1,,True,False,1,1,APROBADO,1
49,7000.0,2100.0,2,4,2,Familiar,Consumo,10000.0,False,True,225005101,2250051,APROBADO,83,0.3,MODERADO,R001|R012,2,1,,True,False,1,1,APROBADO,1
31,3000.0,900.0,2,4,1,Propia,Consumo,10000.0,False,True,225205101,2252051,APROBADO,97,0.3,MODERADO,R001|R005|R012,3,1,,True,False,1,1,APROBADO,1
37,12000.0,3600.0,2,4,1,Familiar,Consumo,10000.0,False,True,225705103,2257051,APROBADO,88,0.3,MODERADO,R001|R012,2,1,,True,False,1,1,APROBADO,1
36,10000.0,3000.0,2,0,1,Familiar,Consumo,10000.0,False,True,225802102,2258021,RECHAZADO,59,0.3,MODERADO,R001|R004|R012,3,1,,True,False,1,0,REVISION_MANUAL,0
40,4000.0,1200.0,2,2,0,Familiar,Consumo,10000.0,False,True,225901102,2259011,APROBADO,84,0.3,MODERADO,R001|R012,2,1,,True,False,1,1,APROBADO,1
41,4000.0,1200.0,2,1,0,Propia,Consumo,10000.0,False,True,226820101,2268201,APROBADO,89,0.3,MODERADO,R001|R005|R012,3,1,,True,False,1,1,APROBADO,1
47,1000.0,300.0,2,1,2,Familiar,Consumo,10000.0,False,True,227212102,2272121,RECHAZADO,59,0.3,MODERADO,R001,1,0,,True,False,1,0,REVISION_MANUAL,0
21,700.0,210.0,0,1,2,Familiar,Consumo,10000.0,False,True,227304103,2273041,RECHAZADO,0,0.3,MODERADO,R002,1,0,,True,True,0,0,RECHAZADO,0
57,14000.0,4200.0,2,4,3,Propia,Consumo,10000.0,False,True,227504101,2275041,APROBADO,99,0.3,MODERADO,R001|R005|R012,3,1,,True,False,1,1,APROBADO,1
59,2500.0,750.0,2,0,1,Familiar,Consumo,10000.0,True,True,228101102,2281011,RECHAZADO,52,0.3,MODERADO,R001|R004|R012,3,1,,True,False,1,0,RECHAZADO,0
44,3500.0,1050.0,0,4,2,Familiar,Consumo,10000.0,False,True,228202101,2282021,RECHAZADO,6,0.3,MODERADO,R002,1,0,,True,True,0,0,RECHAZADO,0
51,3000.0,900.0,2,1,1,Propia,Negocio,12000.0,False,True,228410102,2284101,APROBADO,99,0.3,MODERADO,R001|R005|R006|R012,4,1,,True,False,1,1,APROBADO,1
31,1400.0,420.0,0,2,2,Familiar,Consumo,10000.0,False,True,228605101,2286051,RECHAZADO,4,0.3,MODERADO,R002,1,0,,True,True,0,0,RECHAZADO,0
24,3400.0,1020.0,0,4,1,Familiar,Consumo,10000.0,False,True,229202102,2292021,RECHAZADO,5,0.3,MODERADO,R002,1,0,,True,True,0,0,RECHAZADO,0
29,6000.0,1800.0,2,4,0,Familiar,Consumo,10000.0,False,True,229303101,2293031,APROBADO,86,0.3,MODERADO,R001|R012,2,1,,True,False,1,1,APROBADO,1
46,3000.0,900.0,2,4,3,Propia,Consumo,10000.0,False,True,229504101,2295041,APROBADO,94,0.3,MODERADO,R001|R005|R012,3,1,,True,False,1,1,APROBADO,1
32,4000.0,1200.0,2,2,0,Propia,Consumo,10000.0,False,True,229703101,2297031,APROBADO,99,0.3,MODERADO,R001|R005|R012,3,1,,True,False,1,1,APROBADO,1
49,1800.0,540.0,2,4,2,Propia,Consumo,10000.0,False,True,229804101,2298041,APROBADO,85,0.3,MODERADO,R001|R005,2,0,,True,False,1,1,APROBADO,1
48,1300.0,390.0,2,4,1,Familiar,Consumo,10000.0,False,True,230301101,2303011,REVISION_MANUAL,71,0.3,MODERADO,R001,1,0,,True,False,1,0,REVISION_MANUAL,0
45,15000.0,4500.0,2,2,1,Familiar,Consumo,10000.0,False,True,230403102,2304031,APROBADO,90,0.3,MODERADO,R001|R012,2,1,,True,False,1,1,APROBADO,1
37,5000.0,1500.0,0,4,0,Propia,Consumo,10000.0,False,True,230812101,2308121,RECHAZADO,33,0.3,MODERADO,R002|R005|R015,3,1,,True,True,0,0,RECHAZADO,0
31,20000.0,6000.0,0,2,0,Propia,Consumo,10000.0,False,True,230903102,2309031,RECHAZADO,35,0.3,MODERADO,R002|R005,2,0,,True,True,0,0,RECHAZADO,0
26,1800.0,540.0,0,2,0,Familiar,Consumo,10000.0,False,True,231302101,2313021,RECHAZADO,8,0.3,MODERADO,R002,1,0,,True,True,0,0,RECHAZADO,0
40,2500.0,750.0,2,4,2,Familiar,Consumo,10000.0,True,True,231404101,2314041,APROBADO,80,0.3,MODERADO,R001|R012,2,1,,True,False,1,1,APROBADO,1
22,2400.0,720.0,2,4,1,Familiar,Consumo,10000.0,False,True,231519101,2315191,REVISION_MANUAL,70,0.3,MODERADO,R001,1,0,,True,False,1,0,REVISION_MANUAL,0
61,2000.0,600.0,2,0,1,Propia,Consumo,10000.0,True,True,231707101,2317071,RECHAZADO,56,0.3,MODERADO,R001|R004|R005,3,0,,True,False,1,0,REVISION_MANUAL,0
25,17000.0,5100.0,2,2,2,Familiar,Consumo,10000.0,False,True,231805104,2318051,APROBADO,90,0.3,MODERADO,R001|R012,2,1,,True,False,1,1,APROBADO,1
41,1500.0,450.0,2,1,0,Propia,Consumo,10000.0,False,True,232216101,2322161,REVISION_MANUAL,78,0.3,MODERADO,R001|R005,2,0,,True,False,1,0,APROBADO,1
30,2000.0,600.0,2,0,4,Familiar,Consumo,10000.0,True,True,232404101,2324041,RECHAZADO,29,0.3,MODERADO,R001|R004|R010,3,0,,True,False,1,0,RECHAZADO,0
58,2000.0,600.0,2,0,0,Propia,Consumo,10000.0,True,True,232505101,2325051,RECHAZADO,58,0.3,MODERADO,R001|R004|R005,3,0,,True,False,1,0,REVISION_MANUAL,0
59,65000.0,19500.0,2,2,0,Propia,Consumo,10000.0,False,True,232602101,2326021,APROBADO,100,0.3,MODERADO,R001|R005|R012,3,1,,True,False,1,1,APROBADO,1
28,1000.0,300.0,2,2,0,Familiar,Consumo,10000.0,False,True,233203101,2332031,REVISION_MANUAL,72,0.3,MODERADO,R001,1,0,,True,False,1,0,REVISION_MANUAL,0
37,8000.0,2400.0,2,5,0,Propia,Consumo,10000.0,False,True,233715101,2337151,APROBADO,100,0.3,MODERADO,R001|R003|R005|R012|R015,5,2,,True,False,1,1,APROBADO,1
46,7000.0,2100.0,0,4,1,Propia,Consumo,10000.0,False,True,233904101,2339041,RECHAZADO,25,0.3,MODERADO,R002|R005,2,0,,True,True,0,0,RECHAZADO,0
44,2000.0,600.0,2,0,1,Familiar,Consumo,10000.0,True,True,234006101,2340061,RECHAZADO,43,0.3,MODERADO,R001|R004,2,0,,True,False,1,0,RECHAZADO,0
26,2500.0,750.0,2,4,1,Propia,Consumo,10000.0,False,True,234305101,2343051,APROBADO,97,0.3,MODERADO,R001|R005|R012,3,1,,True,False,1,1,APROBADO,1
57,1750.0,525.0,2,4,0,Propia,Consumo,10000.0,False,True,234419101,2344191,APROBADO,94,0.3,MODERADO,R001|R005|R015,3,1,,True,False,1,1,APROBADO,1
76,14000.0,4200.0,2,0,1,Propia,Consumo,10000.0,True,True,234704101,2347041,REVISION_MANUAL,74,0.3,MODERADO,R001|R004|R005|R012,4,1,,True,False,1,0,REVISION_MANUAL,0
53,60000.0,18000.0,2,3,1,Propia,Consumo,10000.0,False,True,235002101,2350021,APROBADO,100,0.3,MODERADO,R001|R005|R012,3,1,,True,False,1,1,APROBADO,1
38,2400.0,720.0,2,4,2,Propia,Consumo,10000.0,False,True,235802101,2358021,APROBADO,85,0.3,MODERADO,R001|R005,2,0,,True,False,1,1,APROBADO,1
56,800.0,240.0,0,1,1,Familiar,Consumo,10000.0,False,True,235902202,2359022,RECHAZADO,0,0.3,MODERADO,R002,1,0,,True,True,0,0,RECHAZADO,0
47,30000.0,9000.0,2,4,2,Propia,Consumo,10000.0,False,True,236101101,2361011,APROBADO,100,0.3,MODERADO,R001|R005|R012,3,1,,True,False,1,1,APROBADO,1
78,7000.0,2100.0,2,0,1,Propia,Consumo,10000.0,True,True,236214101,2362141,REVISION_MANUAL,70,0.3,MODERADO,R001|R004|R005|R012,4,1,,True,False,1,0,REVISION_MANUAL,0
33,10000.0,3000.0,2,4,1,Familiar,Consumo,10000.0,False,True,236617102,2366171,APROBADO,87,0.3,MODERADO,R001|R012,2,1,,True,False,1,1,APROBADO,1
47,2000.0,600.0,2,0,1,Propia,Consumo,10000.0,True,True,236903102,2369031,RECHAZADO,58,0.3,MODERADO,R001|R004|R005,3,0,,True,False,1,0,REVISION_MANUAL,0
71,2000.0,600.0,2,0,2,Familiar,Consumo,10000.0,True,True,237202102,2372021,RECHAZADO,40,0.3,MODERADO,R001|R004,2,0,,True,False,1,0,RECHAZADO,0
31,6000.0,1800.0,2,4,2,Propia,Consumo,10000.0,False,True,237403102,2374031,APROBADO,98,0.3,MODERADO,R001|R005|R012,3,1,,True,False,1,1,APROBADO,1
34,20000.0,6000.0,2,4,2,Familiar,Consumo,10000.0,False,True,238104103,2381041,APROBADO,92,0.3,MODERADO,R001|R012,2,1,,True,False,1,1,APROBADO,1
43,6700.0,2010.0,2,4,1,Propia,Consumo,10000.0,False,True,238603101,2386031,APROBADO,99,0.3,MODERADO,R001|R005|R012,3,1,,True,False,1,1,APROBADO,1
52,2000.0,600.0,2,0,0,Familiar,Consumo,10000.0,True,True,239003102,2390031,RECHAZADO,45,0.3,MODERADO,R001|R004,2,0,,True,False,1,0,RECHAZADO,0
51,25000.0,7500.0,0,4,1,Propia,Consumo,10000.0,False,True,239404101,2394041,RECHAZADO,37,0.3,MODERADO,R002|R005,2,0,,True,True,0,0,RECHAZADO,0
32,4000.0,1200.0,0,0,1,Propia,Consumo,10000.0,True,True,239506101,2395061,RECHAZADO,0,0.3,MODERADO,R002|R004|R005,3,0,,True,True,0,0,RECHAZADO,0
21,10000.0,3000.0,0,2,2,Familiar,Consumo,10000.0,False,True,239601103,2396011,RECHAZADO,8,0.3,MODERADO,R002,1,0,,True,True,0,0,RECHAZADO,0
52,1500.0,450.0,2,4,2,Familiar,Consumo,10000.0,False,True,239804103,2398041,REVISION_MANUAL,70,0.3,MODERADO,R001,1,0,,True,False,1,0,REVISION_MANUAL,0
35,4000.0,1200.0,2,4,2,Propia,Consumo,10000.0,False,True,240004101,2400041,APROBADO,96,0.3,MODERADO,R001|R005|R012,3,1,,True,False,1,1,APROBADO,1
22,1750.0,525.0,0,2,1,Familiar,Consumo,10000.0,False,True,240703102,2407031,RECHAZADO,4,0.3,MODERADO,R002,1,0,,True,True,0,0,RECHAZADO,0
47,2500.0,750.0,2,0,0,Propia,Consumo,10000.0,True,True,240804101,2408041,REVISION_MANUAL,70,0.3,MODERADO,R001|R004|R005|R012,4,1,,True,False,1,0,REVISION_MANUAL,0
71,2500.0,750.0,2,0,0,Familiar,Consumo,10000.0,True,True,241203101,2412031,RECHAZADO,53,0.3,MODERADO,R001|R004|R012,3,1,,True,False,1,0,RECHAZADO,0
58,4000.0,1200.0,2,3,0,Familiar,Consumo,10000.0,True,True,241604101,2416041,APROBADO,82,0.3,MODERADO,R001|R012,2,1,,True,False,1,1,APROBADO,1
22,12000.0,3600.0,2,4,1,Familiar,Consumo,10000.0,False,True,241801102,2418011,APROBADO,86,0.3,MODERADO,R001|R012,2,1,,True,False,1,1,APROBADO,1
56,12000.0,3600.0,2,4,0,Propia,Consumo,10000.0,False,True,241905101,2419051,APROBADO,100,0.3,MODERADO,R001|R005|R012|R015,4,2,,True,False,1,1,APROBADO,1
29,40000.0,12000.0,2,4,1,Propia,Consumo,10000.0,False,True,242101101,2421011,APROBADO,100,0.3,MODERADO,R001|R005|R012,3,1,,True,False,1,1,APROBADO,1
19,2000.0,600.0,2,0,1,Familiar,Consumo,10000.0,True,True,242303102,2423031,RECHAZADO,29,0.3,MODERADO,R001|R004|R009,3,0,,True,False,1,0,RECHAZADO,0
27,3000.0,900.0,0,4,0,Propia,Consumo,10000.0,False,True,242502101,2425021,RECHAZADO,32,0.3,MODERADO,R002|R005|R015,3,1,,True,True,0,0,RECHAZADO,0
32,5000.0,1500.0,2,4,4,Propia,Consumo,10000.0,False,True,242605104,2426051,APROBADO,84,0.3,MODERADO,R001|R005|R010|R012,4,1,,True,False,1,1,APROBADO,1
33,6000.0,1800.0,0,4,0,Familiar,Consumo,10000.0,False,True,242802101,2428021,RECHAZADO,11,0.3,MODERADO,R002,1,0,,True,True,0,0,RECHAZADO,0
45,5000.0,1500.0,2,2,2,Propia,Consumo,10000.0,False,True,242911101,2429111,APROBADO,97,0.3,MODERADO,R001|R005|R012,3,1,,True,False,1,1,APROBADO,1
66,2500.0,750.0,2,0,0,Propia,Consumo,10000.0,True,True,243301102,2433011,REVISION_MANUAL,68,0.3,MODERADO,R001|R004|R005|R012,4,1,,True,False,1,0,REVISION_MANUAL,0
63,3000.0,900.0,2,4,0,Propia,Consumo,10000.0,False,True,243402102,2434021,APROBADO,100,0.3,MODERADO,R001|R005|R012|R015,4,2,,True,False,1,1,APROBADO,1
28,1600.0,480.0,2,4,3,Familiar,Consumo,10000.0,False,True,243605102,2436051,REVISION_MANUAL,68,0.3,MODERADO,R001,1,0,,True,False,1,0,REVISION_MANUAL,0
49,800.0,240.0,2,1,1,Familiar,Consumo,10000.0,False,True,243703102,2437031,REVISION_MANUAL,61,0.3,MODERADO,R001,1,0,,True,False,1,0,REVISION_MANUAL,0
46,8000.0,2400.0,0,1,2,Propia,Consumo,10000.0,False,True,243901103,2439011,RECHAZADO,14,0.3,MODERADO,R002|R005,2,0,,True,True,0,0,RECHAZADO,0
55,2500.0,750.0,2,0,0,Familiar,Consumo,10000.0,True,True,244004102,2440041,RECHAZADO,55,0.3,MODERADO,R001|R004|R012,3,1,,True,False,1,0,REVISION_MANUAL,0
28,800.0,240.0,2,2,1,Familiar,Consumo,10000.0,False,True,244206101,2442061,REVISION_MANUAL,71,0.3,MODERADO,R001,1,0,,True,False,1,0,REVISION_MANUAL,0
72,4000.0,1200.0,2,0,0,Propia,Consumo,10000.0,True,True,244313101,2443131,REVISION_MANUAL,69,0.3,MODERADO,R001|R004|R005|R012,4,1,,True,False,1,0,REVISION_MANUAL,0
21,7000.0,2100.0,0,2,1,Familiar,Consumo,10000.0,False,True,244404102,2444041,RECHAZADO,8,0.3,MODERADO,R002,1,0,,True,True,0,0,RECHAZADO,0
29,2500.0,750.0,2,2,0,Familiar,Consumo,10000.0,True,True,244502101,2445021,APROBADO,83,0.3,MODERADO,R001|R012,2,1,,True,False,1,1,APROBADO,1
37,35000.0,10500.0,2,4,2,Familiar,Consumo,10000.0,False,True,245205101,2452051,APROBADO,99,0.3,MODERADO,R001|R012,2,1,,True,False,1,1,APROBADO,1
28,4000.0,1200.0,2,1,0,Familiar,Consumo,10000.0,False,True,245302102,2453021,REVISION_MANUAL,74,0.3,MODERADO,R001|R012,2,1,,True,False,1,0,REVISION_MANUAL,0
70,7000.0,2100.0,2,0,0,Propia,Consumo,10000.0,True,True,245405101,2454051,REVISION_MANUAL,71,0.3,MODERADO,R001|R004|R005|R012,4,1,,True,False,1,0,REVISION_MANUAL,0
21,2400.0,720.0,0,4,0,Familiar,Negocio,12000.0,False,True,245810101,2458101,RECHAZADO,20,0.3,MODERADO,R002|R006,2,0,,True,True,0,0,RECHAZADO,0
25,1756.0,526.8,0,4,3,Propia,Consumo,10000.0,False,True,246102101,2461021,RECHAZADO,18,0.3,MODERADO,R002|R005,2,0,,True,True,0,0,RECHAZADO,0
76,2000.0,600.0,2,0,0,Propia,Consumo,10000.0,True,True,246405101,2464051,RECHAZADO,58,0.3,MODERADO,R001|R004|R005,3,0,,True,False,1,0,REVISION_MANUAL,0
59,1600.0,480.0,2,4,1,Propia,Consumo,10000.0,False,True,246602101,2466021,APROBADO,84,0.3,MODERADO,R001|R005,2,0,,True,False,1,1,APROBADO,1
39,24000.0,7200.0,0,4,0,Familiar,Consumo,10000.0,False,True,246703101,2467031,RECHAZADO,23,0.3,MODERADO,R002,1,0,,True,True,0,0,RECHAZADO,0
49,5000.0,1500.0,2,2,3,Familiar,Consumo,10000.0,False,True,247302102,2473021,APROBADO,80,0.3,MODERADO,R001|R012,2,1,,True,False,1,1,APROBADO,1
34,1800.0,540.0,2,1,3,Familiar,Negocio,12000.0,False,True,247403102,2474031,REVISION_MANUAL,70,0.3,MODERADO,R001|R006,2,0,,True,False,1,0,REVISION_MANUAL,0
64,7000.0,2100.0,2,0,0,Propia,Consumo,10000.0,True,True,247504101,2475041,REVISION_MANUAL,71,0.3,MODERADO,R001|R004|R005|R012,4,1,,True,False,1,0,REVISION_MANUAL,0
65,3000.0,900.0,2,1,0,Propia,Negocio,12000.0,False,True,247602101,2476021,APROBADO,100,0.3,MODERADO,R001|R005|R006|R012,4,1,,True,False,1,1,APROBADO,1
51,2000.0,600.0,2,4,2,Propia,Consumo,10000.0,False,True,247705101,2477051,APROBADO,85,0.3,MODERADO,R001|R005,2,0,,True,False,1,1,APROBADO,1
38,20000.0,6000.0,0,4,0,Propia,Consumo,10000.0,False,True,247805101,2478051,RECHAZADO,43,0.3,MODERADO,R002|R005|R015,3,1,,True,True,0,0,RECHAZADO,0
33,5000.0,1500.0,2,5,0,Propia,Consumo,10000.0,False,True,248006101,2480061,APROBADO,100,0.3,MODERADO,R001|R003|R005|R012|R015,5,2,,True,False,1,1,APROBADO,1
33,6000.0,1800.0,2,4,1,Propia,Consumo,10000.0,False,True,248505102,2485051,APROBADO,99,0.3,MODERADO,R001|R005|R012,3,1,,True,False,1,1,APROBADO,1
62,2000.0,600.0,2,0,0,Propia,Consumo,10000.0,True,True,248610101,2486101,RECHAZADO,58,0.3,MODERADO,R001|R004|R005,3,0,,True,False,1,0,REVISION_MANUAL,0
44,7000.0,2100.0,2,0,3,Propia,Consumo,10000.0,True,True,248705103,2487051,REVISION_MANUAL,69,0.3,MODERADO,R001|R004|R005|R012,4,1,,True,False,1,0,REVISION_MANUAL,0
47,1400.0,420.0,2,2,2,Familiar,Consumo,10000.0,False,True,249105103,2491051,REVISION_MANUAL,69,0.3,MODERADO,R001,1,0,,True,False,1,0,REVISION_MANUAL,0
44,20000.0,6000.0,0,1,0,Familiar,Consumo,10000.0,False,True,249201101,2492011,RECHAZADO,10,0.3,MODERADO,R002,1,0,,True,True,0,0,RECHAZADO,0
47,1200.0,360.0,2,2,0,Propia,Consumo,10000.0,False,True,249506101,2495061,APROBADO,87,0.3,MODERADO,R001|R005,2,0,,True,False,1,1,APROBADO,1
30,3000.0,900.0,0,1,0,Familiar,Consumo,10000.0,False,True,249715101,2497151,RECHAZADO,0,0.3,MODERADO,R002,1,0,,True,True,0,0,RECHAZADO,0
56,350.0,105.0,2,2,0,Familiar,Consumo,6300.0,False,True,249804102,2498041,REVISION_MANUAL,70,0.3,MODERADO,R001,1,0,,True,False,1,0,REVISION_MANUAL,0
50,5000.0,1500.0,2,4,0,Familiar,Consumo,10000.0,False,True,249903101,2499031,APROBADO,85,0.3,MODERADO,R001|R012,2,1,,True,False,1,1,APROBADO,1
36,10000.0,3000.0,2,4,2,Familiar,Negocio,12000.0,False,True,250002102,2500021,APROBADO,97,0.3,MODERADO,R001|R006|R012,3,1,,True,False,1,1,APROBADO,1
22,7000.0,2100.0,0,0,5,Familiar,Consumo,10000.0,True,True,250104105,2501041,RECHAZADO,0,0.3,MODERADO,R002|R004|R010,3,0,,True,True,0,0,RECHAZADO,0
24,2500.0,750.0,2,0,1,Familiar,Consumo,10000.0,True,True,250302102,2503021,RECHAZADO,52,0.3,MODERADO,R001|R004|R012,3,1,,True,False,1,0,RECHAZADO,0
41,1500.0,450.0,2,4,2,Propia,Consumo,10000.0,False,True,250405101,2504051,APROBADO,85,0.3,MODERADO,R001|R005,2,0,,True,False,1,1,APROBADO,1
34,5000.0,1500.0,2,4,2,Propia,Consumo,10000.0,False,True,250502102,2505021,APROBADO,97,0.3,MODERADO,R001|R005|R012,3,1,,True,False,1,1,APROBADO,1
30,2100.0,630.0,2,2,2,Familiar,Consumo,10000.0,False,True,250603101,2506031,REVISION_MANUAL,70,0.3,MODERADO,R001,1,0,,True,False,1,0,REVISION_MANUAL,0
43,4700.0,1410.0,2,2,1,Familiar,Consumo,10000.0,False,True,251003101,2510031,APROBADO,83,0.3,MODERADO,R001|R012,2,1,,True,False,1,1,APROBADO,1
63,500.0,150.0,2,1,1,Familiar,Consumo,9000.0,False,True,251101102,2511011,RECHAZADO,58,0.3,MODERADO,R001,1,0,,True,False,1,0,REVISION_MANUAL,0
43,2000.0,600.0,2,4,0,Propia,Consumo,10000.0,False,True,251304101,2513041,APROBADO,96,0.3,MODERADO,R001|R005|R015,3,1,,True,False,1,1,APROBADO,1
73,2500.0,750.0,2,0,1,Propia,Consumo,10000.0,True,True,251803101,2518031,REVISION_MANUAL,67,0.3,MODERADO,R001|R004|R005|R012,4,1,,True,False,1,0,REVISION_MANUAL,0
40,18000.0,5400.0,2,4,4,Familiar,Consumo,10000.0,False,True,251904102,2519041,REVISION_MANUAL,78,0.3,MODERADO,R001|R010|R012,3,1,,True,False,1,0,APROBADO,1
37,2000.0,600.0,2,4,3,Propia,Consumo,10000.0,False,True,252003101,2520031,APROBADO,83,0.3,MODERADO,R001|R005,2,0,,True,False,1,1,APROBADO,1
49,11000.0,3300.0,2,4,2,Propia,Consumo,10000.0,False,True,252116101,2521161,APROBADO,100,0.3,MODERADO,R001|R005|R012,3,1,,True,False,1,1,APROBADO,1
50,2000.0,600.0,0,1,1,Familiar,Consumo,10000.0,False,True,252311101,2523111,RECHAZADO,0,0.3,MODERADO,R002,1,0,,True,True,0,0,RECHAZADO,0
44,600.0,180.0,2,1,3,Familiar,Consumo,10000.0,False,True,252403101,2524031,RECHAZADO,57,0.3,MODERADO,R001,1,0,,True,False,1,0,REVISION_MANUAL,0
49,10000.0,3000.0,2,5,2,Familiar,Consumo,10000.0,False,True,252702101,2527021,APROBADO,100,0.3,MODERADO,R001|R003|R012,3,1,,True,False,1,1,APROBADO,1
20,1000.0,300.0,0,2,3,Familiar,Consumo,10000.0,False,True,253001104,2530011,RECHAZADO,0,0.3,MODERADO,R002|R009,2,0,,True,True,0,0,RECHAZADO,0
50,1800.0,540.0,2,2,2,Familiar,Consumo,10000.0,False,True,253101102,2531011,REVISION_MANUAL,70,0.3,MODERADO,R001,1,0,,True,False,1,0,REVISION_MANUAL,0
57,2000.0,600.0,2,1,0,Propia,Consumo,10000.0,False,True,253203101,2532031,REVISION_MANUAL,76,0.3,MODERADO,R001|R005,2,0,,True,False,1,0,APROBADO,1
30,3500.0,1050.0,2,4,2,Familiar,Consumo,10000.0,False,True,253305102,2533051,APROBADO,81,0.3,MODERADO,R001|R012,2,1,,True,False,1,1,APROBADO,1
48,10800.0,3240.0,0,4,1,Propia,Consumo,10000.0,False,True,253616102,2536161,RECHAZADO,27,0.3,MODERADO,R002|R005,2,0,,True,True,0,0,RECHAZADO,0
41,9800.0,2940.0,2,4,2,Propia,Consumo,10000.0,False,True,253904101,2539041,APROBADO,100,0.3,MODERADO,R001|R005|R012,3,1,,True,False,1,1,APROBADO,1
28,1700.0,510.0,2,4,2,Propia,Consumo,10000.0,False,True,254202102,2542021,APROBADO,85,0.3,MODERADO,R001|R005,2,0,,True,False,1,1,APROBADO,1
47,100.0,30.0,2,1,0,Familiar,Consumo,1800.0,False,True,254507101,2545071,REVISION_MANUAL,62,0.3,MODERADO,R001,1,0,,True,False,1,0,REVISION_MANUAL,0
66,4000.0,1200.0,0,0,2,Propia,Consumo,10000.0,True,True,254805101,2548051,RECHAZADO,0,0.3,MODERADO,R002|R004|R005,3,0,,True,True,0,0,RECHAZADO,0
47,15000.0,4500.0,2,4,4,Propia,Consumo,10000.0,False,True,254905102,2549051,APROBADO,91,0.3,MODERADO,R001|R005|R010|R012,4,1,,True,False,1,1,APROBADO,1
55,15000.0,4500.0,2,4,0,Propia,Consumo,10000.0,False,True,255002101,2550021,APROBADO,100,0.3,MODERADO,R001|R005|R012|R015,4,2,,True,False,1,1,APROBADO,1
35,3500.0,1050.0,2,4,0,Familiar,Consumo,10000.0,False,True,255201101,2552011,APROBADO,84,0.3,MODERADO,R001|R012,2,1,,True,False,1,1,APROBADO,1
21,1500.0,450.0,0,2,1,Familiar,Consumo,10000.0,False,True,255420102,2554201,RECHAZADO,4,0.3,MODERADO,R002,1,0,,True,True,0,0,RECHAZADO,0
24,2000.0,600.0,0,0,4,Familiar,Consumo,10000.0,True,True,255707103,2557071,RECHAZADO,0,0.3,MODERADO,R002|R004|R010,3,0,,True,True,0,0,RECHAZADO,0
37,1500.0,450.0,0,1,4,Familiar,Consumo,10000.0,False,True,256117101,2561171,RECHAZADO,0,0.3,MODERADO,R002|R010,2,0,,True,True,0,0,RECHAZADO,0
31,10000.0,3000.0,2,2,0,Propia,Consumo,10000.0,False,True,256303101,2563031,APROBADO,100,0.3,MODERADO,R001|R005|R012,3,1,,True,False,1,1,APROBADO,1
25,1200.0,360.0,2,1,1,Familiar,Consumo,10000.0,False,True,256805101,2568051,REVISION_MANUAL,61,0.3,MODERADO,R001,1,0,,True,False,1,0,REVISION_MANUAL,0
55,3000.0,900.0,2,4,0,Propia,Consumo,10000.0,False,True,257104101,2571041,APROBADO,100,0.3,MODERADO,R001|R005|R012|R015,4,2,,True,False,1,1,APROBADO,1
45,3000.0,900.0,0,4,1,Propia,Consumo,10000.0,False,True,257605101,2576051,RECHAZADO,22,0.3,MODERADO,R002|R005,2,0,,True,True,0,0,RECHAZADO,0
59,9000.0,2700.0,2,4,1,Familiar,Consumo,10000.0,False,True,257904101,2579041,APROBADO,84,0.3,MODERADO,R001|R012,2,1,,True,False,1,1,APROBADO,1
41,7000.0,2100.0,2,4,0,Familiar,Consumo,10000.0,True,True,258103102,2581031,APROBADO,86,0.3,MODERADO,R001|R012,2,1,,True,False,1,1,APROBADO,1
72,7000.0,2100.0,2,0,1,Propia,Consumo,10000.0,True,True,258304101,2583041,REVISION_MANUAL,70,0.3,MODERADO,R001|R004|R005|R012,4,1,,True,False,1,0,REVISION_MANUAL,0
43,2000.0,600.0,2,2,0,Familiar,Consumo,10000.0,False,True,258604102,2586041,REVISION_MANUAL,73,0.3,MODERADO,R001,1,0,,True,False,1,0,REVISION_MANUAL,0
22,1500.0,450.0,2,1,1,Familiar,Consumo,10000.0,False,True,258702103,2587021,RECHAZADO,59,0.3,MODERADO,R001,1,0,,True,False,1,0,REVISION_MANUAL,0
48,12000.0,3600.0,0,4,0,Propia,Consumo,10000.0,False,True,259004101,2590041,RECHAZADO,38,0.3,MODERADO,R002|R005|R015,3,1,,True,True,0,0,RECHAZADO,0
66,2500.0,750.0,2,0,0,Familiar,Consumo,10000.0,True,True,259405101,2594051,RECHAZADO,53,0.3,MODERADO,R001|R004|R012,3,1,,True,False,1,0,RECHAZADO,0
28,1800.0,540.0,2,2,2,Familiar,Negocio,12000.0,False,True,259804101,2598041,APROBADO,82,0.3,MODERADO,R001|R006,2,0,,True,False,1,1,APROBADO,1
37,1000.0,300.0,0,1,1,Propia,Consumo,10000.0,False,True,260005102,2600051,RECHAZADO,11,0.3,MODERADO,R002|R005,2,0,,True,True,0,0,RECHAZADO,0
36,12000.0,3600.0,2,4,0,Propia,Consumo,10000.0,False,True,260102102,2601021,APROBADO,100,0.3,MODERADO,R001|R005|R012|R015,4,2,,True,False,1,1,APROBADO,1
45,3150.0,945.0,2,4,0,Familiar,Consumo,10000.0,False,True,260501105,2605011,APROBADO,84,0.3,MODERADO,R001|R012,2,1,,True,False,1,1,APROBADO,1
65,2500.0,750.0,2,0,1,Propia,Consumo,10000.0,True,True,260605101,2606051,REVISION_MANUAL,67,0.3,MODERADO,R001|R004|R005|R012,4,1,,True,False,1,0,REVISION_MANUAL,0
43,7000.0,2100.0,2,4,1,Propia,Consumo,10000.0,True,True,260705101,2607051,APROBADO,100,0.3,MODERADO,R001|R005|R012,3,1,,True,False,1,1,APROBADO,1
66,1500.0,450.0,2,0,0,Familiar,Consumo,10000.0,True,True,260903101,2609031,RECHAZADO,43,0.3,MODERADO,R001|R004,2,0,,True,False,1,0,RECHAZADO,0
37,2500.0,750.0,2,4,0,Propia,Consumo,10000.0,True,True,261401101,2614011,APROBADO,100,0.3,MODERADO,R001|R005|R012|R015,4,2,,True,False,1,1,APROBADO,1
32,8000.0,2400.0,2,4,0,Familiar,Consumo,10000.0,False,True,261604102,2616041,APROBADO,87,0.3,MODERADO,R001|R012,2,1,,True,False,1,1,APROBADO,1
40,12000.0,3600.0,2,4,0,Propia,Consumo,10000.0,False,True,261704101,2617041,APROBADO,100,0.3,MODERADO,R001|R005|R012|R015,4,2,,True,False,1,1,APROBADO,1
32,2500.0,750.0,2,0,3,Familiar,Consumo,10000.0,True,True,261901101,2619011,RECHAZADO,51,0.3,MODERADO,R001|R004|R012,3,1,,True,False,1,0,RECHAZADO,0
30,2000.0,600.0,0,1,3,Familiar,Consumo,10000.0,False,True,262001102,2620011,RECHAZADO,0,0.3,MODERADO,R002,1,0,,True,True,0,0,RECHAZADO,0
36,12000.0,3600.0,2,4,0,Propia,Consumo,10000.0,False,True,262103101,2621031,APROBADO,100,0.3,MODERADO,R001|R005|R012|R015,4,2,,True,False,1,1,APROBADO,1
38,50000.0,15000.0,2,5,2,Propia,Consumo,10000.0,False,True,262201101,2622011,APROBADO,100,0.3,MODERADO,R001|R003|R005|R012,4,1,,True,False,1,1,APROBADO,1
33,2000.0,600.0,2,2,1,Familiar,Consumo,10000.0,False,True,262304101,2623041,REVISION_MANUAL,71,0.3,MODERADO,R001,1,0,,True,False,1,0,REVISION_MANUAL,0
25,20000.0,6000.0,2,4,0,Familiar,Consumo,10000.0,False,True,262602101,2626021,APROBADO,95,0.3,MODERADO,R001|R012,2,1,,True,False,1,1,APROBADO,1
36,1700.0,510.0,0,1,3,Propia,Consumo,10000.0,False,True,263002101,2630021,RECHAZADO,8,0.3,MODERADO,R002|R005,2,0,,True,True,0,0,RECHAZADO,0
21,1800.0,540.0,2,4,4,Familiar,Consumo,10000.0,False,True,263306103,2633061,RECHAZADO,55,0.3,MODERADO,R001|R010,2,0,,True,False,1,0,REVISION_MANUAL,0
34,2200.0,660.0,0,2,1,Propia,Consumo,10000.0,False,True,263602101,2636021,RECHAZADO,21,0.3,MODERADO,R002|R005,2,0,,True,True,0,0,RECHAZADO,0
53,2000.0,600.0,0,4,1,Propia,Consumo,10000.0,False,True,263704101,2637041,RECHAZADO,21,0.3,MODERADO,R002|R005,2,0,,True,True,0,0,RECHAZADO,0
43,65000.0,19500.0,0,4,0,Familiar,Consumo,10000.0,False,True,263903101,2639031,RECHAZADO,27,0.3,MODERADO,R002,1,0,,True,True,0,0,RECHAZADO,0
31,8000.0,2400.0,2,4,1,Familiar,Consumo,10000.0,False,True,264004101,2640041,APROBADO,85,0.3,MODERADO,R001|R012,2,1,,True,False,1,1,APROBADO,1
37,16000.0,4800.0,2,4,2,Propia,Consumo,10000.0,False,True,264202102,2642021,APROBADO,100,0.3,MODERADO,R001|R005|R012,3,1,,True,False,1,1,APROBADO,1
28,2000.0,600.0,2,2,3,Familiar,Consumo,10000.0,False,True,264413102,2644131,REVISION_MANUAL,68,0.3,MODERADO,R001,1,0,,True,False,1,0,REVISION_MANUAL,0
39,1000.0,300.0,0,2,2,Propia,Consumo,10000.0,False,True,264602101,2646021,RECHAZADO,19,0.3,MODERADO,R002|R005,2,0,,True,True,0,0,RECHAZADO,0
39,20000.0,6000.0,0,1,0,Familiar,Consumo,10000.0,False,True,264804101,2648041,RECHAZADO,10,0.3,MODERADO,R002,1,0,,True,True,0,0,RECHAZADO,0
66,1000.0,300.0,2,1,2,Propia,Consumo,10000.0,False,True,264915102,2649151,REVISION_MANUAL,72,0.3,MODERADO,R001|R005,2,0,,True,False,1,0,REVISION_MANUAL,0
54,1500.0,450.0,2,4,0,Propia,Consumo,10000.0,False,True,265003101,2650031,APROBADO,96,0.3,MODERADO,R001|R005|R015,3,1,,True,False,1,1,APROBADO,1
34,14000.0,4200.0,2,4,1,Familiar,Consumo,10000.0,False,True,265105102,2651051,APROBADO,89,0.3,MODERADO,R001|R012,2,1,,True,False,1,1,APROBADO,1
51,200.0,60.0,2,1,8,Familiar,Consumo,3600.0,False,True,265405102,2654051,RECHAZADO,47,0.3,MODERADO,R001|R010,2,0,,True,False,1,0,RECHAZADO,0
47,9000.0,2700.0,2,4,1,Propia,Consumo,10000.0,False,True,265609102,2656091,APROBADO,100,0.3,MODERADO,R001|R005|R012,3,1,,True,False,1,1,APROBADO,1
54,15000.0,4500.0,0,4,0,Propia,Consumo,10000.0,False,True,266003101,2660031,RECHAZADO,40,0.3,MODERADO,R002|R005|R015,3,1,,True,True,0,0,RECHAZADO,0
70,2500.0,750.0,2,0,0,Propia,Consumo,10000.0,True,True,266103101,2661031,REVISION_MANUAL,68,0.3,MODERADO,R001|R004|R005|R012,4,1,,True,False,1,0,REVISION_MANUAL,0
45,24000.0,7200.0,2,4,1,Propia,Consumo,10000.0,False,True,266218101,2662181,APROBADO,100,0.3,MODERADO,R001|R005|R012,3,1,,True,False,1,1,APROBADO,1
31,1500.0,450.0,2,2,1,Familiar,Consumo,10000.0,False,True,266515103,2665151,REVISION_MANUAL,71,0.3,MODERADO,R001,1,0,,True,False,1,0,REVISION_MANUAL,0
52,2500.0,750.0,0,4,0,Propia,Negocio,12000.0,False,True,266706201,2667062,RECHAZADO,43,0.3,MODERADO,R002|R005|R006|R015,4,1,,True,True,0,0,RECHAZADO,0
24,15600.0,4680.0,2,4,1,Familiar,Consumo,10000.0,False,True,266804103,2668041,APROBADO,88,0.3,MODERADO,R001|R012,2,1,,True,False,1,1,APROBADO,1
56,1000.0,300.0,2,2,0,Propia,Negocio,12000.0,False,True,267301102,2673011,APROBADO,99,0.3,MODERADO,R001|R005|R006,3,0,,True,False,1,1,APROBADO,1
62,7000.0,2100.0,2,4,1,Propia,Consumo,10000.0,True,True,267701101,2677011,APROBADO,98,0.3,MODERADO,R001|R005|R012,3,1,,True,False,1,1,APROBADO,1
60,200.0,60.0,2,1,1,Familiar,Consumo,3600.0,False,True,267811101,2678111,RECHAZADO,58,0.3,MODERADO,R001,1,0,,True,False,1,0,REVISION_MANUAL,0
38,1000.0,300.0,2,2,0,Propia,Consumo,10000.0,False,True,268010101,2680101,APROBADO,87,0.3,MODERADO,R001|R005,2,0,,True,False,1,1,APROBADO,1
26,2000.0,600.0,2,1,2,Propia,Consumo,10000.0,False,True,268214102,2682141,REVISION_MANUAL,75,0.3,MODERADO,R001|R005,2,0,,True,False,1,0,APROBADO,1
33,3500.0,1050.0,2,4,2,Propia,Consumo,10000.0,False,True,268502102,2685021,APROBADO,96,0.3,MODERADO,R001|R005|R012,3,1,,True,False,1,1,APROBADO,1
34,2000.0,600.0,2,4,2,Familiar,Consumo,10000.0,True,True,268905103,2689051,REVISION_MANUAL,70,0.3,MODERADO,R001,1,0,,True,False,1,0,REVISION_MANUAL,0
29,2500.0,750.0,2,0,4,Familiar,Consumo,10000.0,True,True,269204105,2692041,RECHAZADO,39,0.3,MODERADO,R001|R004|R010|R012,4,1,,True,False,1,0,RECHAZADO,0
23,1500.0,450.0,2,2,0,Familiar,Consumo,10000.0,False,True,269305102,2693051,REVISION_MANUAL,71,0.3,MODERADO,R001,1,0,,True,False,1,0,REVISION_MANUAL,0
26,8000.0,2400.0,0,2,0,Propia,Consumo,10000.0,False,True,269503101,2695031,RECHAZADO,27,0.3,MODERADO,R002|R005,2,0,,True,True,0,0,RECHAZADO,0
29,1800.0,540.0,2,1,1,Familiar,Consumo,10000.0,False,True,269703101,2697031,REVISION_MANUAL,61,0.3,MODERADO,R001,1,0,,True,False,1,0,REVISION_MANUAL,0
37,3000.0,900.0,2,1,1,Propia,Consumo,10000.0,False,True,269810101,2698101,APROBADO,87,0.3,MODERADO,R001|R005|R012,3,1,,True,False,1,1,APROBADO,1
24,2200.0,660.0,2,4,0,Familiar,Consumo,10000.0,False,True,270001104,2700011,REVISION_MANUAL,71,0.3,MODERADO,R001,1,0,,True,False,1,0,REVISION_MANUAL,0
32,3000.0,900.0,2,4,4,Propia,Consumo,10000.0,False,True,270205101,2702051,APROBADO,83,0.3,MODERADO,R001|R005|R010|R012,4,1,,True,False,1,1,APROBADO,1
52,15000.0,4500.0,2,3,0,Propia,Consumo,10000.0,False,True,270502103,2705021,APROBADO,100,0.3,MODERADO,R001|R005|R012|R015,4,2,,True,False,1,1,APROBADO,1
62,35000.0,10500.0,2,4,0,Propia,Consumo,10000.0,False,True,270605102,2706051,APROBADO,100,0.3,MODERADO,R001|R005|R012|R015,4,2,,True,False,1,1,APROBADO,1
42,1200.0,360.0,2,4,1,Familiar,Consumo,10000.0,False,True,271004101,2710041,REVISION_MANUAL,71,0.3,MODERADO,R001,1,0,,True,False,1,0,REVISION_MANUAL,0
36,2500.0,750.0,2,2,2,Familiar,Consumo,10000.0,False,True,271205101,2712051,APROBADO,80,0.3,MODERADO,R001|R012,2,1,,True,False,1,1,APROBADO,1
35,20000.0,6000.0,2,4,0,Propia,Consumo,10000.0,False,True,271702101,2717021,APROBADO,100,0.3,MODERADO,R001|R005|R012|R015,4,2,,True,False,1,1,APROBADO,1
70,7000.0,2100.0,2,0,0,Propia,Consumo,10000.0,True,True,271804102,2718041,REVISION_MANUAL,71,0.3,MODERADO,R001|R004|R005|R012,4,1,,True,False,1,0,REVISION_MANUAL,0
37,7000.0,2100.0,0,5,2,Propia,Consumo,10000.0,False,True,271909101,2719091,RECHAZADO,42,0.3,MODERADO,R002|R003|R005,3,0,,True,True,0,0,RECHAZADO,0
57,3500.0,1050.0,0,4,0,Propia,Consumo,10000.0,False,True,272508101,2725081,RECHAZADO,30,0.3,MODERADO,R002|R005|R015,3,1,,True,True,0,0,RECHAZADO,0
33,28000.0,8400.0,2,4,2,Propia,Consumo,10000.0,False,True,273004101,2730041,APROBADO,100,0.3,MODERADO,R001|R005|R012,3,1,,True,False,1,1,APROBADO,1
51,1500.0,450.0,0,0,4,Propia,Consumo,10000.0,True,True,273102102,2731021,RECHAZADO,0,0.3,MODERADO,R002|R004|R005|R010,4,0,,True,True,0,0,RECHAZADO,0
45,3000.0,900.0,2,1,3,Propia,Consumo,10000.0,False,True,273203101,2732031,APROBADO,84,0.3,MODERADO,R001|R005|R012,3,1,,True,False,1,1,APROBADO,1
45,20000.0,6000.0,2,4,2,Propia,Consumo,10000.0,False,True,273303101,2733031,APROBADO,100,0.3,MODERADO,R001|R005|R012,3,1,,True,False,1,1,APROBADO,1
40,30000.0,9000.0,2,4,0,Familiar,Consumo,10000.0,False,True,273404102,2734041,APROBADO,100,0.3,MODERADO,R001|R012,2,1,,True,False,1,1,APROBADO,1
62,7000.0,2100.0,2,0,1,Propia,Consumo,10000.0,True,True,273702101,2737021,REVISION_MANUAL,70,0.3,MODERADO,R001|R004|R005|R012,4,1,,True,False,1,0,REVISION_MANUAL,0
30,5000.0,1500.0,2,5,1,Familiar,Consumo,10000.0,False,True,274206103,2742061,APROBADO,100,0.3,MODERADO,R001|R003|R012,3,1,,True,False,1,1,APROBADO,1
37,32000.0,9600.0,2,4,2,Propia,Consumo,10000.0,False,True,274703102,2747031,APROBADO,100,0.3,MODERADO,R001|R005|R012,3,1,,True,False,1,1,APROBADO,1
52,10000.0,3000.0,2,4,1,Propia,Consumo,10000.0,False,True,274803101,2748031,APROBADO,100,0.3,MODERADO,R001|R005|R012,3,1,,True,False,1,1,APROBADO,1
47,800.0,240.0,2,4,1,Propia,Consumo,10000.0,False,True,275203101,2752031,APROBADO,86,0.3,MODERADO,R001|R005,2,0,,True,False,1,1,APROBADO,1
34,7000.0,2100.0,2,0,0,Familiar,Consumo,10000.0,True,True,275501106,2755011,RECHAZADO,58,0.3,MODERADO,R001|R004|R012,3,1,,True,False,1,0,REVISION_MANUAL,0
61,1200.0,360.0,2,2,0,Familiar,Negocio,12000.0,False,True,276020101,2760201,APROBADO,84,0.3,MODERADO,R001|R006,2,0,,True,False,1,1,APROBADO,1
37,14000.0,4200.0,2,1,0,Familiar,Consumo,10000.0,True,True,276205101,2762051,APROBADO,81,0.3,MODERADO,R001|R012,2,1,,True,False,1,1,APROBADO,1
70,7000.0,2100.0,2,0,0,Familiar,Consumo,10000.0,True,True,276405102,2764051,RECHAZADO,56,0.3,MODERADO,R001|R004|R012,3,1,,True,False,1,0,REVISION_MANUAL,0
44,600.0,180.0,0,4,2,Familiar,Consumo,10000.0,False,True,276503101,2765031,RECHAZADO,4,0.3,MODERADO,R002,1,0,,True,True,0,0,RECHAZADO,0
59,1500.0,450.0,0,0,1,Propia,Consumo,10000.0,True,True,276812103,2768121,RECHAZADO,0,0.3,MODERADO,R002|R004|R005,3,0,,True,True,0,0,RECHAZADO,0
49,1000.0,300.0,2,1,2,Familiar,Consumo,10000.0,False,True,277108101,2771081,RECHAZADO,59,0.3,MODERADO,R001,1,0,,True,False,1,0,REVISION_MANUAL,0
71,400.0,120.0,2,1,0,Propia,Consumo,7200.0,False,True,277401101,2774011,REVISION_MANUAL,75,0.3,MODERADO,R001|R005,2,0,,True,False,1,0,APROBADO,1
33,2000.0,600.0,0,2,2,Propia,Consumo,10000.0,False,True,277501101,2775011,RECHAZADO,20,0.3,MODERADO,R002|R005,2,0,,True,True,0,0,RECHAZADO,0
33,4000.0,1200.0,2,1,3,Propia,Consumo,10000.0,False,True,278109101,2781091,APROBADO,85,0.3,MODERADO,R001|R005|R012,3,1,,True,False,1,1,APROBADO,1
32,25000.0,7500.0,0,1,0,Propia,Consumo,10000.0,False,True,278304101,2783041,RECHAZADO,28,0.3,MODERADO,R002|R005,2,0,,True,True,0,0,RECHAZADO,0
50,1500.0,450.0,2,0,1,Propia,Negocio,12000.0,True,True,278405102,2784051,REVISION_MANUAL,70,0.3,MODERADO,R001|R004|R005|R006,4,0,,True,False,1,0,REVISION_MANUAL,0
32,2000.0,600.0,2,4,2,Familiar,Consumo,10000.0,True,True,278501102,2785011,REVISION_MANUAL,70,0.3,MODERADO,R001,1,0,,True,False,1,0,REVISION_MANUAL,0
74,2000.0,600.0,2,0,0,Propia,Consumo,10000.0,True,True,278704101,2787041,RECHAZADO,58,0.3,MODERADO,R001|R004|R005,3,0,,True,False,1,0,REVISION_MANUAL,0
18,2500.0,750.0,2,3,3,Familiar,Consumo,10000.0,False,True,278814103,2788141,REVISION_MANUAL,65,0.3,MODERADO,R001|R009|R012,3,1,,True,False,1,0,REVISION_MANUAL,0
26,1000.0,300.0,2,1,3,Familiar,Consumo,10000.0,False,True,279202103,2792021,RECHAZADO,58,0.3,MODERADO,R001,1,0,,True,False,1,0,REVISION_MANUAL,0
32,6000.0,1800.0,2,4,3,Familiar,Consumo,10000.0,False,True,279305103,2793051,APROBADO,81,0.3,MODERADO,R001|R012,2,1,,True,False,1,1,APROBADO,1
21,20000.0,6000.0,2,2,3,Familiar,Consumo,10000.0,False,True,279402106,2794021,APROBADO,88,0.3,MODERADO,R001|R012,2,1,,True,False,1,1,APROBADO,1
43,2500.0,750.0,0,0,2,Propia,Consumo,10000.0,True,True,279516102,2795161,RECHAZADO,0,0.3,MODERADO,R002|R004|R005,3,0,,True,True,0,0,RECHAZADO,0
21,1000.0,300.0,2,2,2,Familiar,Consumo,10000.0,False,True,279601102,2796011,REVISION_MANUAL,67,0.3,MODERADO,R001,1,0,,True,False,1,0,REVISION_MANUAL,0
43,3200.0,960.0,2,4,2,Propia,Consumo,10000.0,False,True,279703101,2797031,APROBADO,96,0.3,MODERADO,R001|R005|R012,3,1,,True,False,1,1,APROBADO,1
25,1800.0,540.0,0,4,2,Familiar,Consumo,10000.0,False,True,280002103,2800021,RECHAZADO,5,0.3,MODERADO,R002,1,0,,True,True,0,0,RECHAZADO,0
46,2500.0,750.0,2,1,2,Propia,Consumo,10000.0,False,True,280508102,2805081,APROBADO,85,0.3,MODERADO,R001|R005|R012,3,1,,True,False,1,1,APROBADO,1
64,3000.0,900.0,2,0,4,Propia,Consumo,10000.0,True,True,280604101,2806041,RECHAZADO,53,0.3,MODERADO,R001|R004|R005|R010|R012,5,1,,True,False,1,0,RECHAZADO,0
21,2000.0,600.0,2,0,1,Familiar,Consumo,10000.0,True,True,281001101,2810011,RECHAZADO,41,0.3,MODERADO,R001|R004,2,0,,True,False,1,0,RECHAZADO,0
57,1200.0,360.0,2,4,0,Propia,Consumo,10000.0,False,True,281204101,2812041,APROBADO,93,0.3,MODERADO,R001|R005|R015,3,1,,True,False,1,1,APROBADO,1
48,300.0,90.0,2,1,1,Propia,Consumo,5400.0,False,True,281704102,2817041,REVISION_MANUAL,75,0.3,MODERADO,R001|R005,2,0,,True,False,1,0,APROBADO,1
36,3000.0,900.0,2,1,1,Propia,Consumo,10000.0,False,True,281801102,2818011,APROBADO,87,0.3,MODERADO,R001|R005|R012,3,1,,True,False,1,1,APROBADO,1
53,2000.0,600.0,0,0,0,Propia,Consumo,10000.0,True,True,282119102,2821191,RECHAZADO,0,0.3,MODERADO,R002|R004|R005,3,0,,True,True,0,0,RECHAZADO,0
30,3500.0,1050.0,2,1,0,Familiar,Consumo,10000.0,False,True,282204101,2822041,REVISION_MANUAL,74,0.3,MODERADO,R001|R012,2,1,,True,False,1,0,REVISION_MANUAL,0
28,3000.0,900.0,0,1,5,Propia,Consumo,10000.0,False,True,282404101,2824041,RECHAZADO,0,0.3,MODERADO,R002|R005|R010,3,0,,True,True,0,0,RECHAZADO,0
50,40000.0,12000.0,2,4,0,Propia,Consumo,10000.0,False,True,282803101,2828031,APROBADO,100,0.3,MODERADO,R001|R005|R012|R015,4,2,,True,False,1,1,APROBADO,1
34,15000.0,4500.0,2,4,1,Familiar,Consumo,10000.0,False,True,282901103,2829011,APROBADO,90,0.3,MODERADO,R001|R012,2,1,,True,False,1,1,APROBADO,1
45,1800.0,540.0,2,1,3,Familiar,Consumo,10000.0,False,True,283419101,2834191,RECHAZADO,58,0.3,MODERADO,R001,1,0,,True,False,1,0,REVISION_MANUAL,0
29,1800.0,540.0,2,4,3,Propia,Consumo,10000.0,False,True,283803101,2838031,APROBADO,83,0.3,MODERADO,R001|R005,2,0,,True,False,1,1,APROBADO,1
32,12000.0,3600.0,2,1,0,Familiar,Consumo,10000.0,False,True,284102101,2841021,APROBADO,80,0.3,MODERADO,R001|R012,2,1,,True,False,1,1,APROBADO,1
54,2000.0,600.0,0,4,0,Propia,Consumo,10000.0,True,True,284201102,2842011,RECHAZADO,31,0.3,MODERADO,R002|R005|R015,3,1,,True,True,0,0,RECHAZADO,0
27,7000.0,2100.0,2,0,1,Familiar,Consumo,10000.0,True,True,284304102,2843041,RECHAZADO,57,0.3,MODERADO,R001|R004|R012,3,1,,True,False,1,0,REVISION_MANUAL,0
21,2500.0,750.0,0,2,5,Familiar,Consumo,10000.0,False,True,284513103,2845131,RECHAZADO,0,0.3,MODERADO,R002|R010,2,0,,True,True,0,0,RECHAZADO,0
56,1200.0,360.0,2,4,3,Propia,Consumo,10000.0,False,True,284605101,2846051,APROBADO,81,0.3,MODERADO,R001|R005,2,0,,True,False,1,1,APROBADO,1
32,1800.0,540.0,2,4,1,Propia,Consumo,10000.0,False,True,284802101,2848021,APROBADO,86,0.3,MODERADO,R001|R005,2,0,,True,False,1,1,APROBADO,1
55,500.0,150.0,2,1,1,Familiar,Consumo,9000.0,False,True,284911101,2849111,REVISION_MANUAL,60,0.3,MODERADO,R001,1,0,,True,False,1,0,REVISION_MANUAL,0
30,4000.0,1200.0,2,1,1,Propia,Consumo,10000.0,False,True,285005102,2850051,APROBADO,88,0.3,MODERADO,R001|R005|R012,3,1,,True,False,1,1,APROBADO,1
23,600.0,180.0,2,1,0,Familiar,Consumo,10000.0,False,True,285214101,2852141,REVISION_MANUAL,60,0.3,MODERADO,R001,1,0,,True,False,1,0,REVISION_MANUAL,0
40,2500.0,750.0,0,4,3,Propia,Consumo,10000.0,False,True,285307101,2853071,RECHAZADO,19,0.3,MODERADO,R002|R005,2,0,,True,True,0,0,RECHAZADO,0
42,3500.0,1050.0,2,4,1,Propia,Consumo,10000.0,False,True,285504101,2855041,APROBADO,97,0.3,MODERADO,R001|R005|R012,3,1,,True,False,1,1,APROBADO,1
66,2500.0,750.0,2,0,2,Propia,Consumo,10000.0,True,True,285704101,2857041,REVISION_MANUAL,65,0.3,MODERADO,R001|R004|R005|R012,4,1,,True,False,1,0,REVISION_MANUAL,0
38,3000.0,900.0,2,1,2,Propia,Consumo,10000.0,False,True,285803103,2858031,APROBADO,86,0.3,MODERADO,R001|R005|R012,3,1,,True,False,1,1,APROBADO,1
40,8000.0,2400.0,2,4,0,Propia,Consumo,10000.0,False,True,285902101,2859021,APROBADO,100,0.3,MODERADO,R001|R005|R012|R015,4,2,,True,False,1,1,APROBADO,1
46,3000.0,900.0,2,4,1,Propia,Consumo,10000.0,False,True,286005101,2860051,APROBADO,97,0.3,MODERADO,R001|R005|R012,3,1,,True,False,1,1,APROBADO,1
77,2000.0,600.0,2,0,0,Propia,Consumo,10000.0,True,True,286203102,2862031,RECHAZADO,58,0.3,MODERADO,R001|R004|R005,3,0,,True,False,1,0,REVISION_MANUAL,0
44,2000.0,600.0,2,2,2,Propia,Consumo,10000.0,True,True,286604101,2866041,APROBADO,85,0.3,MODERADO,R001|R005,2,0,,True,False,1,1,APROBADO,1
49,15000.0,4500.0,2,2,3,Propia,Consumo,10000.0,False,True,286703101,2867031,APROBADO,100,0.3,MODERADO,R001|R005|R012,3,1,,True,False,1,1,APROBADO,1
48,4000.0,1200.0,2,0,1,Familiar,Consumo,10000.0,True,True,287004102,2870041,RECHAZADO,55,0.3,MODERADO,R001|R004|R012,3,1,,True,False,1,0,REVISION_MANUAL,0
37,98000.0,29400.0,2,5,0,Propia,Consumo,10000.0,False,True,287104101,2871041,APROBADO,100,0.3,MODERADO,R001|R003|R005|R012|R015,5,2,,True,False,1,1,APROBADO,1
21,1400.0,420.0,2,4,1,Familiar,Consumo,10000.0,False,True,287405103,2874051,REVISION_MANUAL,69,0.3,MODERADO,R001,1,0,,True,False,1,0,REVISION_MANUAL,0
46,200.0,60.0,2,3,0,Familiar,Consumo,3600.0,False,True,287509101,2875091,REVISION_MANUAL,72,0.3,MODERADO,R001,1,0,,True,False,1,0,APROBADO,1
42,1750.0,525.0,0,4,2,Familiar,Consumo,10000.0,False,True,288115101,2881151,RECHAZADO,5,0.3,MODERADO,R002,1,0,,True,True,0,0,RECHAZADO,0
31,1800.0,540.0,2,4,3,Propia,Consumo,10000.0,False,True,288513101,2885131,APROBADO,83,0.3,MODERADO,R001|R005,2,0,,True,False,1,1,APROBADO,1
69,7000.0,2100.0,2,0,0,Propia,Consumo,10000.0,True,True,288605101,2886051,REVISION_MANUAL,71,0.3,MODERADO,R001|R004|R005|R012,4,1,,True,False,1,0,REVISION_MANUAL,0
51,1900.0,570.0,0,4,1,Propia,Negocio,12000.0,False,True,288702102,2887021,RECHAZADO,33,0.3,MODERADO,R002|R005|R006,3,0,,True,True,0,0,RECHAZADO,0
38,2500.0,750.0,2,1,3,Familiar,Consumo,10000.0,False,True,289105101,2891051,REVISION_MANUAL,69,0.3,MODERADO,R001|R012,2,1,,True,False,1,0,REVISION_MANUAL,0
34,2000.0,600.0,0,0,4,Familiar,Consumo,10000.0,True,True,289505104,2895051,RECHAZADO,0,0.3,MODERADO,R002|R004|R010,3,0,,True,True,0,0,RECHAZADO,0
27,2700.0,810.0,2,4,0,Propia,Consumo,10000.0,False,True,289603101,2896031,APROBADO,100,0.3,MODERADO,R001|R005|R012|R015,4,2,,True,False,1,1,APROBADO,1
52,6000.0,1800.0,2,4,0,Propia,Consumo,10000.0,False,True,290020101,2900201,APROBADO,100,0.3,MODERADO,R001|R005|R012|R015,4,2,,True,False,1,1,APROBADO,1
50,2000.0,600.0,0,2,2,Propia,Consumo,10000.0,False,True,290101101,2901011,RECHAZADO,20,0.3,MODERADO,R002|R005,2,0,,True,True,0,0,RECHAZADO,0
25,1800.0,540.0,2,2,1,Familiar,Consumo,10000.0,False,True,290505202,2905052,REVISION_MANUAL,71,0.3,MODERADO,R001,1,0,,True,False,1,0,REVISION_MANUAL,0
70,2500.0,750.0,2,0,0,Propia,Consumo,10000.0,True,True,290603101,2906031,REVISION_MANUAL,68,0.3,MODERADO,R001|R004|R005|R012,4,1,,True,False,1,0,REVISION_MANUAL,0
48,7000.0,2100.0,0,4,0,Propia,Consumo,10000.0,False,True,290709101,2907091,RECHAZADO,34,0.3,MODERADO,R002|R005|R015,3,1,,True,True,0,0,RECHAZADO,0
44,2000.0,600.0,2,3,3,Propia,Consumo,10000.0,True,True,290904104,2909041,APROBADO,83,0.3,MODERADO,R001|R005,2,0,,True,False,1,1,APROBADO,1
43,8000.0,2400.0,0,2,3,Propia,Consumo,10000.0,False,True,291004101,2910041,RECHAZADO,22,0.3,MODERADO,R002|R005,2,0,,True,True,0,0,RECHAZADO,0
36,7000.0,2100.0,2,4,0,Familiar,Consumo,10000.0,True,True,291204101,2912041,APROBADO,86,0.3,MODERADO,R001|R012,2,1,,True,False,1,1,APROBADO,1
43,2500.0,750.0,2,0,4,Familiar,Consumo,10000.0,True,True,291401102,2914011,RECHAZADO,39,0.3,MODERADO,R001|R004|R010|R012,4,1,,True,False,1,0,RECHAZADO,0
41,3000.0,900.0,0,2,0,Propia,Consumo,10000.0,False,True,291501101,2915011,RECHAZADO,24,0.3,MODERADO,R002|R005,2,0,,True,True,0,0,RECHAZADO,0
27,5200.0,1560.0,2,2,3,Familiar,Consumo,10000.0,False,True,291601102,2916011,APROBADO,80,0.3,MODERADO,R001|R012,2,1,,True,False,1,1,APROBADO,1
54,25000.0,7500.0,0,1,1,Propia,Consumo,10000.0,False,True,291805101,2918051,RECHAZADO,27,0.3,MODERADO,R002|R005,2,0,,True,True,0,0,RECHAZADO,0
29,1200.0,360.0,2,2,2,Familiar,Negocio,12000.0,False,True,292103103,2921031,APROBADO,81,0.3,MODERADO,R001|R006,2,0,,True,False,1,1,APROBADO,1
49,3000.0,900.0,2,4,1,Propia,Consumo,10000.0,False,True,292203101,2922031,APROBADO,97,0.3,MODERADO,R001|R005|R012,3,1,,True,False,1,1,APROBADO,1
45,3730.0,1119.0,2,2,4,Familiar,Consumo,10000.0,False,True,292303102,2923031,REVISION_MANUAL,68,0.3,MODERADO,R001|R010|R012,3,1,,True,False,1,0,REVISION_MANUAL,0
47,2000.0,600.0,0,2,1,Familiar,Consumo,10000.0,False,True,292604101,2926041,RECHAZADO,6,0.3,MODERADO,R002,1,0,,True,True,0,0,RECHAZADO,0
25,1800.0,540.0,2,2,0,Familiar,Consumo,10000.0,False,True,293120101,2931201,REVISION_MANUAL,73,0.3,MODERADO,R001,1,0,,True,False,1,0,REVISION_MANUAL,0
62,7000.0,2100.0,2,0,2,Propia,Consumo,10000.0,True,True,293404102,2934041,REVISION_MANUAL,68,0.3,MODERADO,R001|R004|R005|R012,4,1,,True,False,1,0,REVISION_MANUAL,0
28,8000.0,2400.0,2,4,3,Familiar,Consumo,10000.0,False,True,293503104,2935031,APROBADO,82,0.3,MODERADO,R001|R012,2,1,,True,False,1,1,APROBADO,1
44,7000.0,2100.0,2,4,1,Propia,Consumo,10000.0,False,True,293903101,2939031,APROBADO,100,0.3,MODERADO,R001|R005|R012,3,1,,True,False,1,1,APROBADO,1
45,10000.0,3000.0,0,4,2,Propia,Consumo,10000.0,False,True,294105101,2941051,RECHAZADO,25,0.3,MODERADO,R002|R005,2,0,,True,True,0,0,RECHAZADO,0
32,10000.0,3000.0,2,2,0,Propia,Consumo,10000.0,False,True,294502101,2945021,APROBADO,100,0.3,MODERADO,R001|R005|R012,3,1,,True,False,1,1,APROBADO,1
56,2500.0,750.0,2,0,0,Propia,Consumo,10000.0,True,True,294802101,2948021,REVISION_MANUAL,68,0.3,MODERADO,R001|R004|R005|R012,4,1,,True,False,1,0,REVISION_MANUAL,0
56,2000.0,600.0,0,1,1,Propia,Consumo,10000.0,False,True,295405101,2954051,RECHAZADO,9,0.3,MODERADO,R002|R005,2,0,,True,True,0,0,RECHAZADO,0
33,1500.0,450.0,0,1,3,Propia,Consumo,10000.0,False,True,295503101,2955031,RECHAZADO,8,0.3,MODERADO,R002|R005,2,0,,True,True,0,0,RECHAZADO,0
58,2500.0,750.0,2,0,1,Propia,Consumo,10000.0,True,True,295613102,2956131,REVISION_MANUAL,67,0.3,MODERADO,R001|R004|R005|R012,4,1,,True,False,1,0,REVISION_MANUAL,0
45,20000.0,6000.0,2,4,2,Propia,Consumo,10000.0,False,True,296001101,2960011,APROBADO,100,0.3,MODERADO,R001|R005|R012,3,1,,True,False,1,1,APROBADO,1
36,2000.0,600.0,2,4,1,Familiar,Consumo,10000.0,False,True,296210103,2962101,REVISION_MANUAL,71,0.3,MODERADO,R001,1,0,,True,False,1,0,REVISION_MANUAL,0
34,6500.0,1950.0,2,2,2,Familiar,Consumo,10000.0,False,True,296602101,2966021,APROBADO,83,0.3,MODERADO,R001|R012,2,1,,True,False,1,1,APROBADO,1
27,15000.0,4500.0,2,1,0,Familiar,Consumo,10000.0,False,True,296906102,2969061,APROBADO,82,0.3,MODERADO,R001|R012,2,1,,True,False,1,1,APROBADO,1
39,2500.0,750.0,2,1,3,Familiar,Consumo,10000.0,True,True,297102103,2971021,REVISION_MANUAL,69,0.3,MODERADO,R001|R012,2,1,,True,False,1,0,REVISION_MANUAL,0
37,30000.0,9000.0,2,1,0,Propia,Consumo,10000.0,False,True,297302101,2973021,APROBADO,100,0.3,MODERADO,R001|R005|R012,3,1,,True,False,1,1,APROBADO,1
26,3500.0,1050.0,2,4,2,Familiar,Consumo,10000.0,False,True,297502102,2975021,APROBADO,81,0.3,MODERADO,R001|R012,2,1,,True,False,1,1,APROBADO,1
39,3000.0,900.0,2,4,1,Propia,Consumo,10000.0,False,True,297702101,2977021,APROBADO,97,0.3,MODERADO,R001|R005|R012,3,1,,True,False,1,1,APROBADO,1
26,7000.0,2100.0,2,4,1,Familiar,Consumo,10000.0,True,True,298003103,2980031,APROBADO,85,0.3,MODERADO,R001|R012,2,1,,True,False,1,1,APROBADO,1
18,3500.0,1050.0,2,3,2,Familiar,Consumo,10000.0,False,True,298203103,2982031,REVISION_MANUAL,67,0.3,MODERADO,R001|R009|R012,3,1,,True,False,1,0,REVISION_MANUAL,0
55,2500.0,750.0,2,4,6,Propia,Consumo,10000.0,False,True,298803101,2988031,APROBADO,82,0.3,MODERADO,R001|R005|R010|R012,4,1,,True,False,1,1,APROBADO,1
53,1500.0,450.0,2,0,3,Familiar,Consumo,10000.0,True,True,298906102,2989061,RECHAZADO,40,0.3,MODERADO,R001|R004,2,0,,True,False,1,0,RECHAZADO,0
33,3500.0,1050.0,2,4,3,Familiar,Consumo,10000.0,False,True,299102101,2991021,REVISION_MANUAL,79,0.3,MODERADO,R001|R012,2,1,,True,False,1,0,APROBADO,1
66,7000.0,2100.0,2,0,0,Propia,Consumo,10000.0,True,True,299302101,2993021,REVISION_MANUAL,71,0.3,MODERADO,R001|R004|R005|R012,4,1,,True,False,1,0,REVISION_MANUAL,0
52,2000.0,600.0,2,2,0,Familiar,Consumo,10000.0,False,True,299504102,2995041,REVISION_MANUAL,73,0.3,MODERADO,R001,1,0,,True,False,1,0,REVISION_MANUAL,0
60,2000.0,600.0,2,0,4,Propia,Consumo,10000.0,True,True,299702102,2997021,RECHAZADO,42,0.3,MODERADO,R001|R004|R005|R010,4,0,,True,False,1,0,RECHAZADO,0
30,14000.0,4200.0,2,0,0,Familiar,Consumo,10000.0,True,True,299805102,2998051,REVISION_MANUAL,63,0.3,MODERADO,R001|R004|R012,3,1,,True,False,1,0,REVISION_MANUAL,0
39,8000.0,2400.0,0,4,1,Propia,Consumo,10000.0,False,True,299905101,2999051,RECHAZADO,25,0.3,MODERADO,R002|R005,2,0,,True,True,0,0,RECHAZADO,0
50,7000.0,2100.0,2,4,3,Familiar,Consumo,10000.0,True,True,300202102,3002021,APROBADO,82,0.3,MODERADO,R001|R012,2,1,,True,False,1,1,APROBADO,1
23,7000.0,2100.0,2,0,5,Familiar,Consumo,10000.0,True,True,300604103,3006041,RECHAZADO,39,0.3,MODERADO,R001|R004|R010|R012,4,1,,True,False,1,0,RECHAZADO,0
21,2000.0,600.0,2,2,3,Propia,Consumo,10000.0,False,True,300815102,3008151,APROBADO,81,0.3,MODERADO,R001|R005,2,0,,True,False,1,1,APROBADO,1
43,2000.0,600.0,0,0,2,Propia,Consumo,10000.0,True,True,301005102,3010051,RECHAZADO,0,0.3,MODERADO,R002|R004|R005,3,0,,True,True,0,0,RECHAZADO,0
23,1600.0,480.0,2,4,4,Familiar,Consumo,10000.0,False,True,301305104,3013051,RECHAZADO,55,0.3,MODERADO,R001|R010,2,0,,True,False,1,0,REVISION_MANUAL,0
34,6200.0,1860.0,2,4,1,Familiar,Consumo,10000.0,False,True,301505102,3015051,APROBADO,84,0.3,MODERADO,R001|R012,2,1,,True,False,1,1,APROBADO,1
65,1800.0,540.0,0,2,2,Propia,Consumo,10000.0,False,True,301603101,3016031,RECHAZADO,18,0.3,MODERADO,R002|R005,2,0,,True,True,0,0,RECHAZADO,0
34,7000.0,2100.0,0,4,2,Propia,Consumo,10000.0,True,True,301702101,3017021,RECHAZADO,23,0.3,MODERADO,R002|R005,2,0,,True,True,0,0,RECHAZADO,0
19,1500.0,450.0,2,4,1,Familiar,Consumo,10000.0,False,True,301803102,3018031,RECHAZADO,57,0.3,MODERADO,R001|R009,2,0,,True,False,1,0,REVISION_MANUAL,0
70,2000.0,600.0,2,0,1,Familiar,Consumo,10000.0,True,True,302307101,3023071,RECHAZADO,41,0.3,MODERADO,R001|R004,2,0,,True,False,1,0,RECHAZADO,0
66,7000.0,2100.0,2,0,0,Propia,Consumo,10000.0,True,True,302401101,3024011,REVISION_MANUAL,71,0.3,MODERADO,R001|R004|R005|R012,4,1,,True,False,1,0,REVISION_MANUAL,0
33,8500.0,2550.0,2,4,0,Familiar,Consumo,10000.0,False,True,302615103,3026151,APROBADO,87,0.3,MODERADO,R001|R012,2,1,,True,False,1,1,APROBADO,1
40,12000.0,3600.0,2,4,2,Propia,Consumo,10000.0,False,True,302702101,3027021,APROBADO,100,0.3,MODERADO,R001|R005|R012,3,1,,True,False,1,1,APROBADO,1
66,7000.0,2100.0,2,0,1,Propia,Consumo,10000.0,True,True,303101101,3031011,REVISION_MANUAL,70,0.3,MODERADO,R001|R004|R005|R012,4,1,,True,False,1,0,REVISION_MANUAL,0
79,2500.0,750.0,2,0,0,Propia,Consumo,10000.0,True,True,303304101,3033041,REVISION_MANUAL,68,0.3,MODERADO,R001|R004|R005|R012,4,1,,True,False,1,0,REVISION_MANUAL,0
48,20000.0,6000.0,2,2,0,Propia,Consumo,10000.0,False,True,303503102,3035031,APROBADO,100,0.3,MODERADO,R001|R005|R012,3,1,,True,False,1,1,APROBADO,1
56,2000.0,600.0,2,0,0,Familiar,Consumo,10000.0,True,True,303610101,3036101,RECHAZADO,43,0.3,MODERADO,R001|R004,2,0,,True,False,1,0,RECHAZADO,0
75,30000.0,9000.0,2,5,0,Propia,Consumo,10000.0,False,True,303702101,3037021,APROBADO,100,0.3,MODERADO,R001|R003|R005|R012|R015,5,2,,True,False,1,1,APROBADO,1
40,13500.0,4050.0,2,4,0,Familiar,Consumo,10000.0,False,True,303904102,3039041,APROBADO,91,0.3,MODERADO,R001|R012,2,1,,True,False,1,1,APROBADO,1
44,10000.0,3000.0,2,5,1,Propia,Consumo,10000.0,False,True,304103101,3041031,APROBADO,100,0.3,MODERADO,R001|R003|R005|R012,4,1,,True,False,1,1,APROBADO,1
50,25000.0,7500.0,2,4,2,Familiar,Consumo,10000.0,True,True,304401102,3044011,APROBADO,95,0.3,MODERADO,R001|R012,2,1,,True,False,1,1,APROBADO,1
31,7000.0,2100.0,2,4,1,Propia,Consumo,10000.0,True,True,304502102,3045021,APROBADO,100,0.3,MODERADO,R001|R005|R012,3,1,,True,False,1,1,APROBADO,1
65,1500.0,450.0,2,0,0,Propia,Consumo,10000.0,True,True,304703102,3047031,RECHAZADO,58,0.3,MODERADO,R001|R004|R005,3,0,,True,False,1,0,REVISION_MANUAL,0
44,14000.0,4200.0,2,4,1,Propia,Consumo,10000.0,True,True,305101103,3051011,APROBADO,100,0.3,MODERADO,R001|R005|R012,3,1,,True,False,1,1,APROBADO,1
44,1500.0,450.0,2,0,1,Familiar,Consumo,10000.0,True,True,305203101,3052031,RECHAZADO,43,0.3,MODERADO,R001|R004,2,0,,True,False,1,0,RECHAZADO,0
28,1800.0,540.0,2,2,0,Propia,Negocio,12000.0,False,True,305304101,3053041,APROBADO,100,0.3,MODERADO,R001|R005|R006,3,0,,True,False,1,1,APROBADO,1
48,600.0,180.0,2,2,1,Familiar,Consumo,10000.0,False,True,305414101,3054141,REVISION_MANUAL,70,0.3,MODERADO,R001,1,0,,True,False,1,0,REVISION_MANUAL,0
39,14000.0,4200.0,2,0,1,Familiar,Consumo,10000.0,True,True,305502102,3055021,REVISION_MANUAL,61,0.3,MODERADO,R001|R004|R012,3,1,,True,False,1,0,REVISION_MANUAL,0
60,2500.0,750.0,2,4,0,Propia,Consumo,10000.0,True,True,305604101,3056041,APROBADO,100,0.3,MODERADO,R001|R005|R012|R015,4,2,,True,False,1,1,APROBADO,1
41,2500.0,750.0,2,1,2,Propia,Consumo,10000.0,False,True,306004101,3060041,APROBADO,85,0.3,MODERADO,R001|R005|R012,3,1,,True,False,1,1,APROBADO,1
65,2000.0,600.0,2,1,3,Familiar,Consumo,10000.0,False,True,306103101,3061031,RECHAZADO,56,0.3,MODERADO,R001,1,0,,True,False,1,0,REVISION_MANUAL,0
65,6000.0,1800.0,0,1,1,Familiar,Consumo,10000.0,False,True,306205102,3062051,RECHAZADO,0,0.3,MODERADO,R002,1,0,,True,True,0,0,RECHAZADO,0
39,5000.0,1500.0,2,4,1,Propia,Consumo,10000.0,False,True,306401102,3064011,APROBADO,98,0.3,MODERADO,R001|R005|R012,3,1,,True,False,1,1,APROBADO,1
27,4000.0,1200.0,0,4,2,Familiar,Consumo,10000.0,False,True,306916102,3069161,RECHAZADO,6,0.3,MODERADO,R002,1,0,,True,True,0,0,RECHAZADO,0
28,1600.0,480.0,2,2,0,Familiar,Consumo,10000.0,False,True,307403101,3074031,REVISION_MANUAL,73,0.3,MODERADO,R001,1,0,,True,False,1,0,REVISION_MANUAL,0
44,2500.0,750.0,2,1,1,Familiar,Consumo,10000.0,False,True,307705102,3077051,REVISION_MANUAL,72,0.3,MODERADO,R001|R012,2,1,,True,False,1,0,REVISION_MANUAL,0
40,28000.0,8400.0,2,4,0,Familiar,Consumo,10000.0,False,True,308005101,3080051,APROBADO,100,0.3,MODERADO,R001|R012,2,1,,True,False,1,1,APROBADO,1
35,2000.0,600.0,2,0,2,Familiar,Consumo,10000.0,True,True,308519102,3085191,RECHAZADO,42,0.3,MODERADO,R001|R004,2,0,,True,False,1,0,RECHAZADO,0
37,7000.0,2100.0,2,4,1,Familiar,Consumo,10000.0,True,True,308601102,3086011,APROBADO,85,0.3,MODERADO,R001|R012,2,1,,True,False,1,1,APROBADO,1
22,3200.0,960.0,0,4,1,Familiar,Consumo,10000.0,False,True,309003102,3090031,RECHAZADO,5,0.3,MODERADO,R002,1,0,,True,True,0,0,RECHAZADO,0
39,2500.0,750.0,2,2,2,Propia,Consumo,10000.0,False,True,309214101,3092141,APROBADO,95,0.3,MODERADO,R001|R005|R012,3,1,,True,False,1,1,APROBADO,1
51,3900.0,1170.0,2,1,0,Familiar,Consumo,10000.0,False,True,309409102,3094091,REVISION_MANUAL,74,0.3,MODERADO,R001|R012,2,1,,True,False,1,0,REVISION_MANUAL,0
75,2500.0,750.0,2,0,0,Propia,Consumo,10000.0,True,True,309702101,3097021,REVISION_MANUAL,68,0.3,MODERADO,R001|R004|R005|R012,4,1,,True,False,1,0,REVISION_MANUAL,0
72,3000.0,900.0,2,1,1,Propia,Consumo,10000.0,False,True,309903101,3099031,APROBADO,85,0.3,MODERADO,R001|R005|R012,3,1,,True,False,1,1,APROBADO,1
62,10000.0,3000.0,2,5,0,Propia,Consumo,10000.0,False,True,310103102,3101031,APROBADO,100,0.3,MODERADO,R001|R003|R005|R012|R015,5,2,,True,False,1,1,APROBADO,1
35,2000.0,600.0,2,4,2,Familiar,Consumo,10000.0,False,True,310201101,3102011,REVISION_MANUAL,70,0.3,MODERADO,R001,1,0,,True,False,1,0,REVISION_MANUAL,0
37,12000.0,3600.0,2,1,1,Propia,Consumo,10000.0,False,True,310407103,3104071,APROBADO,93,0.3,MODERADO,R001|R005|R012,3,1,,True,False,1,1,APROBADO,1
37,1900.0,570.0,0,4,0,Propia,Consumo,10000.0,False,True,310601101,3106011,RECHAZADO,31,0.3,MODERADO,R002|R005|R015,3,1,,True,True,0,0,RECHAZADO,0
60,7000.0,2100.0,2,0,1,Propia,Consumo,10000.0,True,True,310805101,3108051,REVISION_MANUAL,70,0.3,MODERADO,R001|R004|R005|R012,4,1,,True,False,1,0,REVISION_MANUAL,0
31,4000.0,1200.0,2,2,2,Familiar,Consumo,10000.0,False,True,310904101,3109041,APROBADO,81,0.3,MODERADO,R001|R012,2,1,,True,False,1,1,APROBADO,1
29,7000.0,2100.0,2,4,0,Familiar,Consumo,10000.0,True,True,311211101,3112111,APROBADO,86,0.3,MODERADO,R001|R012,2,1,,True,False,1,1,APROBADO,1
28,1800.0,540.0,2,4,1,Familiar,Consumo,10000.0,False,True,311305101,3113051,REVISION_MANUAL,71,0.3,MODERADO,R001,1,0,,True,False,1,0,REVISION_MANUAL,0
49,7000.0,2100.0,0,4,2,Familiar,Consumo,10000.0,False,True,311405101,3114051,RECHAZADO,8,0.3,MODERADO,R002,1,0,,True,True,0,0,RECHAZADO,0
39,20000.0,6000.0,2,4,2,Propia,Consumo,10000.0,False,True,311602101,3116021,APROBADO,100,0.3,MODERADO,R001|R005|R012,3,1,,True,False,1,1,APROBADO,1
84,1000.0,300.0,2,0,0,Familiar,Consumo,10000.0,True,True,311801101,3118011,RECHAZADO,42,0.3,MODERADO,R001|R004,2,0,,True,False,1,0,RECHAZADO,0
33,25000.0,7500.0,2,3,0,Propia,Consumo,10000.0,False,True,312603101,3126031,APROBADO,100,0.3,MODERADO,R001|R005|R012|R015,4,2,,True,False,1,1,APROBADO,1
22,2500.0,750.0,2,2,3,Familiar,Consumo,10000.0,False,True,312812102,3128121,REVISION_MANUAL,77,0.3,MODERADO,R001|R012,2,1,,True,False,1,0,APROBADO,1
39,6000.0,1800.0,0,4,2,Familiar,Consumo,10000.0,False,True,313004103,3130041,RECHAZADO,8,0.3,MODERADO,R002,1,0,,True,True,0,0,RECHAZADO,0
48,6000.0,1800.0,2,4,3,Propia,Consumo,10000.0,False,True,313703103,3137031,APROBADO,96,0.3,MODERADO,R001|R005|R012,3,1,,True,False,1,1,APROBADO,1
51,7000.0,2100.0,2,4,1,Propia,Consumo,10000.0,False,True,313802101,3138021,APROBADO,100,0.3,MODERADO,R001|R005|R012,3,1,,True,False,1,1,APROBADO,1
58,2000.0,600.0,2,1,1,Propia,Consumo,10000.0,False,True,314009101,3140091,REVISION_MANUAL,74,0.3,MODERADO,R001|R005,2,0,,True,False,1,0,REVISION_MANUAL,0
29,20000.0,6000.0,2,1,2,Familiar,Consumo,10000.0,False,True,315103104,3151031,APROBADO,82,0.3,MODERADO,R001|R012,2,1,,True,False,1,1,APROBADO,1
61,1500.0,450.0,2,0,2,Familiar,Consumo,10000.0,True,True,315205101,3152051,RECHAZADO,40,0.3,MODERADO,R001|R004,2,0,,True,False,1,0,RECHAZADO,0
48,2500.0,750.0,2,4,4,Familiar,Consumo,10000.0,False,True,315505102,3155051,REVISION_MANUAL,67,0.3,MODERADO,R001|R010|R012,3,1,,True,False,1,0,REVISION_MANUAL,0
22,2500.0,750.0,2,0,5,Familiar,Consumo,10000.0,True,True,315804106,3158041,RECHAZADO,37,0.3,MODERADO,R001|R004|R010|R012,4,1,,True,False,1,0,RECHAZADO,0
19,7500.0,2250.0,2,4,1,Familiar,Consumo,10000.0,False,True,316316103,3163161,REVISION_MANUAL,71,0.3,MODERADO,R001|R009|R012,3,1,,True,False,1,0,REVISION_MANUAL,0
19,1500.0,450.0,2,2,1,Familiar,Consumo,10000.0,False,True,316608103,3166081,RECHAZADO,57,0.3,MODERADO,R001|R009,2,0,,True,False,1,0,REVISION_MANUAL,0
51,6400.0,1920.0,0,2,0,Propia,Consumo,10000.0,False,True,316809101,3168091,RECHAZADO,26,0.3,MODERADO,R002|R005,2,0,,True,True,0,0,RECHAZADO,0
34,20000.0,6000.0,2,4,2,Propia,Consumo,10000.0,False,True,317005101,3170051,APROBADO,100,0.3,MODERADO,R001|R005|R012,3,1,,True,False,1,1,APROBADO,1
30,2300.0,690.0,2,4,0,Propia,Consumo,10000.0,False,True,317203101,3172031,APROBADO,96,0.3,MODERADO,R001|R005|R015,3,1,,True,False,1,1,APROBADO,1
52,12000.0,3600.0,0,4,3,Propia,Consumo,10000.0,False,True,317402101,3174021,RECHAZADO,25,0.3,MODERADO,R002|R005,2,0,,True,True,0,0,RECHAZADO,0
36,28000.0,8400.0,2,4,0,Propia,Consumo,10000.0,False,True,317604101,3176041,APROBADO,100,0.3,MODERADO,R001|R005|R012|R015,4,2,,True,False,1,1,APROBADO,1
45,5600.0,1680.0,2,4,3,Familiar,Consumo,10000.0,False,True,317705105,3177051,APROBADO,81,0.3,MODERADO,R001|R012,2,1,,True,False,1,1,APROBADO,1
61,7000.0,2100.0,2,0,1,Propia,Consumo,10000.0,True,True,318108101,3181081,REVISION_MANUAL,70,0.3,MODERADO,R001|R004|R005|R012,4,1,,True,False,1,0,REVISION_MANUAL,0
55,7000.0,2100.0,2,4,0,Propia,Consumo,10000.0,False,True,318313101,3183131,APROBADO,100,0.3,MODERADO,R001|R005|R012|R015,4,2,,True,False,1,1,APROBADO,1
48,1200.0,360.0,2,2,2,Propia,Consumo,10000.0,False,True,318502102,3185021,APROBADO,84,0.3,MODERADO,R001|R005,2,0,,True,False,1,1,APROBADO,1
27,2800.0,840.0,2,2,2,Familiar,Consumo,10000.0,False,True,318702102,3187021,APROBADO,80,0.3,MODERADO,R001|R012,2,1,,True,False,1,1,APROBADO,1
60,3500.0,1050.0,2,2,0,Propia,Consumo,10000.0,False,True,318905101,3189051,APROBADO,97,0.3,MODERADO,R001|R005|R012,3,1,,True,False,1,1,APROBADO,1
50,18000.0,5400.0,2,1,0,Familiar,Consumo,10000.0,False,True,319004101,3190041,APROBADO,84,0.3,MODERADO,R001|R012,2,1,,True,False,1,1,APROBADO,1
40,60000.0,18000.0,2,4,2,Familiar,Consumo,10000.0,False,True,319305101,3193051,APROBADO,99,0.3,MODERADO,R001|R012,2,1,,True,False,1,1,APROBADO,1
49,2500.0,750.0,2,1,0,Propia,Consumo,10000.0,False,True,319603101,3196031,APROBADO,88,0.3,MODERADO,R001|R005|R012,3,1,,True,False,1,1,APROBADO,1
21,1500.0,450.0,0,0,2,Familiar,Consumo,10000.0,True,True,319704102,3197041,RECHAZADO,0,0.3,MODERADO,R002|R004,2,0,,True,True,0,0,RECHAZADO,0
44,16000.0,4800.0,2,4,0,Familiar,Consumo,10000.0,False,True,319802101,3198021,APROBADO,92,0.3,MODERADO,R001|R012,2,1,,True,False,1,1,APROBADO,1
27,4000.0,1200.0,2,1,2,Familiar,Consumo,10000.0,False,True,320002101,3200021,REVISION_MANUAL,71,0.3,MODERADO,R001|R012,2,1,,True,False,1,0,REVISION_MANUAL,0
22,2500.0,750.0,2,1,2,Familiar,Consumo,10000.0,False,True,320312103,3203121,REVISION_MANUAL,68,0.3,MODERADO,R001|R012,2,1,,True,False,1,0,REVISION_MANUAL,0
25,1500.0,450.0,0,1,6,Propia,Consumo,10000.0,False,True,320404103,3204041,RECHAZADO,0,0.3,MODERADO,R002|R005|R010,3,0,,True,True,0,0,RECHAZADO,0
50,30000.0,9000.0,0,4,2,Propia,Consumo,10000.0,False,True,320702101,3207021,RECHAZADO,39,0.3,MODERADO,R002|R005,2,0,,True,True,0,0,RECHAZADO,0
50,10000.0,3000.0,2,2,3,Familiar,Consumo,10000.0,False,True,320802101,3208021,APROBADO,84,0.3,MODERADO,R001|R012,2,1,,True,False,1,1,APROBADO,1
27,20000.0,6000.0,0,4,1,Propia,Consumo,10000.0,False,True,320916101,3209161,RECHAZADO,33,0.3,MODERADO,R002|R005,2,0,,True,True,0,0,RECHAZADO,0
72,14000.0,4200.0,2,5,0,Propia,Consumo,10000.0,True,True,321201101,3212011,APROBADO,100,0.3,MODERADO,R001|R003|R005|R012|R015,5,2,,True,False,1,1,APROBADO,1
30,2000.0,600.0,2,0,4,Familiar,Consumo,10000.0,True,True,321302102,3213021,RECHAZADO,29,0.3,MODERADO,R001|R004|R010,3,0,,True,False,1,0,RECHAZADO,0
42,11000.0,3300.0,2,4,2,Propia,Consumo,10000.0,False,True,321501101,3215011,APROBADO,100,0.3,MODERADO,R001|R005|R012,3,1,,True,False,1,1,APROBADO,1
27,15000.0,4500.0,2,4,1,Familiar,Consumo,10000.0,False,True,321902103,3219021,APROBADO,90,0.3,MODERADO,R001|R012,2,1,,True,False,1,1,APROBADO,1
39,7000.0,2100.0,0,0,2,Propia,Consumo,10000.0,True,True,322805102,3228051,RECHAZADO,0,0.3,MODERADO,R002|R004|R005,3,0,,True,True,0,0,RECHAZADO,0
35,7000.0,2100.0,2,4,1,Propia,Consumo,10000.0,True,True,323304102,3233041,APROBADO,100,0.3,MODERADO,R001|R005|R012,3,1,,True,False,1,1,APROBADO,1
36,3000.0,900.0,0,2,0,Propia,Consumo,10000.0,False,True,323703101,3237031,RECHAZADO,24,0.3,MODERADO,R002|R005,2,0,,True,True,0,0,RECHAZADO,0
35,2000.0,600.0,0,0,0,Familiar,Consumo,10000.0,True,True,323805102,3238051,RECHAZADO,0,0.3,MODERADO,R002|R004,2,0,,True,True,0,0,RECHAZADO,0
44,30000.0,9000.0,0,4,2,Familiar,Consumo,10000.0,False,True,324001101,3240011,RECHAZADO,24,0.3,MODERADO,R002,1,0,,True,True,0,0,RECHAZADO,0
65,3000.0,900.0,2,1,1,Propia,Consumo,10000.0,False,True,324109101,3241091,APROBADO,85,0.3,MODERADO,R001|R005|R012,3,1,,True,False,1,1,APROBADO,1
37,8000.0,2400.0,2,4,1,Propia,Consumo,10000.0,False,True,324501102,3245011,APROBADO,100,0.3,MODERADO,R001|R005|R012,3,1,,True,False,1,1,APROBADO,1
42,20000.0,6000.0,2,4,2,Propia,Consumo,10000.0,False,True,324714102,3247141,APROBADO,100,0.3,MODERADO,R001|R005|R012,3,1,,True,False,1,1,APROBADO,1
37,3500.0,1050.0,2,4,1,Familiar,Consumo,10000.0,False,True,324802101,3248021,APROBADO,82,0.3,MODERADO,R001|R012,2,1,,True,False,1,1,APROBADO,1
52,4500.0,1350.0,2,4,0,Propia,Consumo,10000.0,False,True,325402101,3254021,APROBADO,100,0.3,MODERADO,R001|R005|R012|R015,4,2,,True,False,1,1,APROBADO,1
35,7000.0,2100.0,2,0,5,Familiar,Consumo,10000.0,True,True,325602102,3256021,RECHAZADO,41,0.3,MODERADO,R001|R004|R010|R012,4,1,,True,False,1,0,RECHAZADO,0
35,10000.0,3000.0,2,4,1,Familiar,Consumo,10000.0,False,True,325801101,3258011,APROBADO,87,0.3,MODERADO,R001|R012,2,1,,True,False,1,1,APROBADO,1
29,15000.0,4500.0,2,4,0,Familiar,Consumo,10000.0,False,True,325905102,3259051,APROBADO,92,0.3,MODERADO,R001|R012,2,1,,True,False,1,1,APROBADO,1
52,9500.0,2850.0,2,4,2,Propia,Consumo,10000.0,False,True,326005102,3260051,APROBADO,100,0.3,MODERADO,R001|R005|R012,3,1,,True,False,1,1,APROBADO,1
20,800.0,240.0,2,1,0,Familiar,Consumo,10000.0,False,True,326102102,3261021,RECHAZADO,48,0.3,MODERADO,R001|R009,2,0,,True,False,1,0,RECHAZADO,0
29,9500.0,2850.0,0,5,2,Propia,Consumo,10000.0,False,True,326202102,3262021,RECHAZADO,44,0.3,MODERADO,R002|R003|R005,3,0,,True,True,0,0,RECHAZADO,0
28,2000.0,600.0,2,2,1,Familiar,Consumo,10000.0,False,True,327204101,3272041,REVISION_MANUAL,71,0.3,MODERADO,R001,1,0,,True,False,1,0,REVISION_MANUAL,0
23,2500.0,750.0,2,0,3,Familiar,Consumo,10000.0,True,True,327315102,3273151,RECHAZADO,49,0.3,MODERADO,R001|R004|R012,3,1,,True,False,1,0,RECHAZADO,0
20,3000.0,900.0,2,4,2,Familiar,Consumo,10000.0,False,True,327403104,3274031,REVISION_MANUAL,67,0.3,MODERADO,R001|R009|R012,3,1,,True,False,1,0,REVISION_MANUAL,0
63,7000.0,2100.0,2,0,0,Propia,Consumo,10000.0,True,True,327902101,3279021,REVISION_MANUAL,71,0.3,MODERADO,R001|R004|R005|R012,4,1,,True,False,1,0,REVISION_MANUAL,0
36,11000.0,3300.0,2,4,3,Propia,Consumo,10000.0,False,True,328401101,3284011,APROBADO,99,0.3,MODERADO,R001|R005|R012,3,1,,True,False,1,1,APROBADO,1
34,3000.0,900.0,2,4,2,Propia,Consumo,10000.0,False,True,329009101,3290091,APROBADO,96,0.3,MODERADO,R001|R005|R012,3,1,,True,False,1,1,APROBADO,1
28,12000.0,3600.0,2,2,1,Propia,Consumo,10000.0,False,True,329107101,3291071,APROBADO,100,0.3,MODERADO,R001|R005|R012,3,1,,True,False,1,1,APROBADO,1
33,7000.0,2100.0,2,5,0,Propia,Consumo,10000.0,True,True,329202101,3292021,APROBADO,100,0.3,MODERADO,R001|R003|R005|R012|R015,5,2,,True,False,1,1,APROBADO,1
59,3500.0,1050.0,2,2,0,Familiar,Consumo,10000.0,False,True,329403101,3294031,APROBADO,82,0.3,MODERADO,R001|R012,2,1,,True,False,1,1,APROBADO,1
54,10000.0,3000.0,2,4,2,Propia,Consumo,10000.0,False,True,329502101,3295021,APROBADO,100,0.3,MODERADO,R001|R005|R012,3,1,,True,False,1,1,APROBADO,1
34,2000.0,600.0,2,4,1,Familiar,Consumo,10000.0,True,True,329602103,3296021,REVISION_MANUAL,71,0.3,MODERADO,R001,1,0,,True,False,1,0,REVISION_MANUAL,0
39,700.0,210.0,0,2,2,Familiar,Consumo,10000.0,False,True,329701101,3297011,RECHAZADO,4,0.3,MODERADO,R002,1,0,,True,True,0,0,RECHAZADO,0
36,1500.0,450.0,2,0,3,Familiar,Negocio,12000.0,True,True,329904102,3299041,RECHAZADO,52,0.3,MODERADO,R001|R004|R006,3,0,,True,False,1,0,RECHAZADO,0
43,2600.0,780.0,2,4,2,Familiar,Consumo,10000.0,False,True,330203101,3302031,APROBADO,80,0.3,MODERADO,R001|R012,2,1,,True,False,1,1,APROBADO,1
48,14000.0,4200.0,2,4,0,Propia,Consumo,10000.0,False,True,330304102,3303041,APROBADO,100,0.3,MODERADO,R001|R005|R012|R015,4,2,,True,False,1,1,APROBADO,1
48,1800.0,540.0,2,1,0,Familiar,Consumo,10000.0,False,True,330507102,3305071,REVISION_MANUAL,63,0.3,MODERADO,R001,1,0,,True,False,1,0,REVISION_MANUAL,0
45,5000.0,1500.0,2,4,4,Propia,Consumo,10000.0,False,True,330703101,3307031,APROBADO,84,0.3,MODERADO,R001|R005|R010|R012,4,1,,True,False,1,1,APROBADO,1
32,42500.0,12750.0,2,4,0,Propia,Consumo,10000.0,False,True,330901101,3309011,APROBADO,100,0.3,MODERADO,R001|R005|R012|R015,4,2,,True,False,1,1,APROBADO,1
56,3000.0,900.0,2,4,4,Familiar,Consumo,10000.0,False,True,331003101,3310031,REVISION_MANUAL,66,0.3,MODERADO,R001|R010|R012,3,1,,True,False,1,0,REVISION_MANUAL,0
52,78000.0,23400.0,2,4,1,Propia,Consumo,10000.0,False,True,331203102,3312031,APROBADO,100,0.3,MODERADO,R001|R005|R012,3,1,,True,False,1,1,APROBADO,1
77,7000.0,2100.0,2,0,0,Propia,Consumo,10000.0,True,True,331701101,3317011,REVISION_MANUAL,71,0.3,MODERADO,R001|R004|R005|R012,4,1,,True,False,1,0,REVISION_MANUAL,0
23,1800.0,540.0,2,2,0,Familiar,Consumo,10000.0,False,True,332401101,3324011,REVISION_MANUAL,71,0.3,MODERADO,R001,1,0,,True,False,1,0,REVISION_MANUAL,0
60,2500.0,750.0,2,0,3,Familiar,Consumo,10000.0,True,True,332502101,3325021,RECHAZADO,49,0.3,MODERADO,R001|R004|R012,3,1,,True,False,1,0,RECHAZADO,0
65,2500.0,750.0,2,0,1,Propia,Consumo,10000.0,True,True,332701101,3327011,REVISION_MANUAL,67,0.3,MODERADO,R001|R004|R005|R012,4,1,,True,False,1,0,REVISION_MANUAL,0
48,13000.0,3900.0,2,4,0,Propia,Consumo,10000.0,False,True,332801101,3328011,APROBADO,100,0.3,MODERADO,R001|R005|R012|R015,4,2,,True,False,1,1,APROBADO,1
54,1000.0,300.0,2,2,1,Propia,Negocio,12000.0,False,True,332901102,3329011,APROBADO,98,0.3,MODERADO,R001|R005|R006,3,0,,True,False,1,1,APROBADO,1
36,30000.0,9000.0,0,1,1,Familiar,Consumo,10000.0,False,True,333201101,3332011,RECHAZADO,15,0.3,MODERADO,R002,1,0,,True,True,0,0,RECHAZADO,0
26,8500.0,2550.0,2,4,3,Familiar,Consumo,10000.0,False,True,333402102,3334021,APROBADO,83,0.3,MODERADO,R001|R012,2,1,,True,False,1,1,APROBADO,1
41,3000.0,900.0,2,2,0,Familiar,Consumo,10000.0,False,True,333804101,3338041,APROBADO,84,0.3,MODERADO,R001|R012,2,1,,True,False,1,1,APROBADO,1
74,7000.0,2100.0,2,0,2,Propia,Consumo,10000.0,True,True,334105105,3341051,REVISION_MANUAL,68,0.3,MODERADO,R001|R004|R005|R012,4,1,,True,False,1,0,REVISION_MANUAL,0
47,2500.0,750.0,2,4,2,Propia,Consumo,10000.0,False,True,334304101,3343041,APROBADO,95,0.3,MODERADO,R001|R005|R012,3,1,,True,False,1,1,APROBADO,1
58,10000.0,3000.0,0,2,0,Familiar,Consumo,10000.0,False,True,334419101,3344191,RECHAZADO,11,0.3,MODERADO,R002,1,0,,True,True,0,0,RECHAZADO,0
28,10000.0,3000.0,0,4,0,Familiar,Negocio,12000.0,False,True,334503102,3345031,RECHAZADO,25,0.3,MODERADO,R002|R006,2,0,,True,True,0,0,RECHAZADO,0
52,7500.0,2250.0,2,4,2,Propia,Consumo,10000.0,False,True,334805102,3348051,APROBADO,99,0.3,MODERADO,R001|R005|R012,3,1,,True,False,1,1,APROBADO,1
23,2500.0,750.0,2,2,1,Familiar,Consumo,10000.0,False,True,334914103,3349141,APROBADO,80,0.3,MODERADO,R001|R012,2,1,,True,False,1,1,APROBADO,1
40,200.0,60.0,2,1,2,Familiar,Consumo,3600.0,False,True,335103101,3351031,RECHAZADO,59,0.3,MODERADO,R001,1,0,,True,False,1,0,REVISION_MANUAL,0
58,1700.0,510.0,0,4,3,Propia,Negocio,12000.0,False,True,335202102,3352021,RECHAZADO,30,0.3,MODERADO,R002|R005|R006,3,0,,True,True,0,0,RECHAZADO,0
50,400.0,120.0,2,1,2,Propia,Consumo,7200.0,False,True,335719102,3357191,REVISION_MANUAL,74,0.3,MODERADO,R001|R005,2,0,,True,False,1,0,REVISION_MANUAL,0
40,2000.0,600.0,2,4,3,Propia,Consumo,10000.0,False,True,335914101,3359141,APROBADO,83,0.3,MODERADO,R001|R005,2,0,,True,False,1,1,APROBADO,1
55,12000.0,3600.0,0,1,2,Propia,Consumo,10000.0,False,True,336104101,3361041,RECHAZADO,17,0.3,MODERADO,R002|R005,2,0,,True,True,0,0,RECHAZADO,0
55,1500.0,450.0,2,0,1,Familiar,Negocio,12000.0,True,True,336212102,3362121,RECHAZADO,55,0.3,MODERADO,R001|R004|R006,3,0,,True,False,1,0,REVISION_MANUAL,0
30,2400.0,720.0,0,4,3,Propia,Consumo,10000.0,False,True,336502101,3365021,RECHAZADO,19,0.3,MODERADO,R002|R005,2,0,,True,True,0,0,RECHAZADO,0
32,10000.0,3000.0,2,4,2,Propia,Consumo,10000.0,False,True,336902101,3369021,APROBADO,100,0.3,MODERADO,R001|R005|R012,3,1,,True,False,1,1,APROBADO,1
32,2000.0,600.0,2,1,1,Familiar,Consumo,10000.0,False,True,337002101,3370021,REVISION_MANUAL,61,0.3,MODERADO,R001,1,0,,True,False,1,0,REVISION_MANUAL,0
70,3000.0,900.0,2,5,1,Familiar,Negocio,12000.0,False,True,337505101,3375051,APROBADO,100,0.3,MODERADO,R001|R003|R006|R012,4,1,,True,False,1,1,APROBADO,1
30,4000.0,1200.0,2,1,1,Familiar,Consumo,10000.0,False,True,337804102,3378041,REVISION_MANUAL,73,0.3,MODERADO,R001|R012,2,1,,True,False,1,0,REVISION_MANUAL,0
42,8000.0,2400.0,2,1,2,Familiar,Consumo,10000.0,False,True,338105102,3381051,REVISION_MANUAL,74,0.3,MODERADO,R001|R012,2,1,,True,False,1,0,REVISION_MANUAL,0
39,10000.0,3000.0,2,4,4,Familiar,Negocio,12000.0,False,True,338219106,3382191,APROBADO,84,0.3,MODERADO,R001|R006|R010|R012,4,1,,True,False,1,1,APROBADO,1
37,50000.0,15000.0,0,5,0,Propia,Consumo,10000.0,False,True,338503101,3385031,REVISION_MANUAL,69,0.3,MODERADO,R002|R003|R005|R015,4,1,,True,True,0,0,REVISION_MANUAL,0
63,7000.0,2100.0,2,1,0,Propia,Consumo,10000.0,False,True,338620101,3386201,APROBADO,89,0.3,MODERADO,R001|R005|R012,3,1,,True,False,1,1,APROBADO,1
45,2000.0,600.0,2,0,0,Familiar,Consumo,10000.0,True,True,339001104,3390011,RECHAZADO,45,0.3,MODERADO,R001|R004,2,0,,True,False,1,0,RECHAZADO,0
32,7000.0,2100.0,0,0,1,Familiar,Consumo,10000.0,True,True,339203102,3392031,RECHAZADO,0,0.3,MODERADO,R002|R004,2,0,,True,True,0,0,RECHAZADO,0
57,4000.0,1200.0,2,0,1,Familiar,Consumo,10000.0,True,True,339302102,3393021,RECHAZADO,53,0.3,MODERADO,R001|R004|R012,3,1,,True,False,1,0,RECHAZADO,0
48,8000.0,2400.0,2,4,2,Propia,Consumo,10000.0,False,True,339505102,3395051,APROBADO,99,0.3,MODERADO,R001|R005|R012,3,1,,True,False,1,1,APROBADO,1
36,1000.0,300.0,0,1,1,Propia,Consumo,10000.0,False,True,339604101,3396041,RECHAZADO,11,0.3,MODERADO,R002|R005,2,0,,True,True,0,0,RECHAZADO,0
54,3500.0,1050.0,2,2,3,Propia,Consumo,10000.0,False,True,339803102,3398031,APROBADO,94,0.3,MODERADO,R001|R005|R012,3,1,,True,False,1,1,APROBADO,1
41,6000.0,1800.0,2,4,2,Propia,Consumo,10000.0,False,True,339905101,3399051,APROBADO,98,0.3,MODERADO,R001|R005|R012,3,1,,True,False,1,1,APROBADO,1
46,7900.0,2370.0,2,4,2,Propia,Consumo,10000.0,False,True,340103101,3401031,APROBADO,99,0.3,MODERADO,R001|R005|R012,3,1,,True,False,1,1,APROBADO,1
59,2000.0,600.0,2,4,0,Propia,Consumo,10000.0,False,True,340405101,3404051,APROBADO,94,0.3,MODERADO,R001|R005|R015,3,1,,True,False,1,1,APROBADO,1
43,900.0,270.0,0,1,5,Propia,Consumo,10000.0,False,True,340505102,3405051,RECHAZADO,0,0.3,MODERADO,R002|R005|R010,3,0,,True,True,0,0,RECHAZADO,0
23,7000.0,2100.0,2,1,2,Familiar,Consumo,10000.0,True,True,340605103,3406051,REVISION_MANUAL,71,0.3,MODERADO,R001|R012,2,1,,True,False,1,0,REVISION_MANUAL,0
30,12000.0,3600.0,2,4,3,Familiar,Consumo,10000.0,False,True,340803104,3408031,APROBADO,85,0.3,MODERADO,R001|R012,2,1,,True,False,1,1,APROBADO,1
27,7000.0,2100.0,0,5,0,Familiar,Consumo,10000.0,True,True,341105103,3411051,RECHAZADO,35,0.3,MODERADO,R002|R003,2,0,,True,True,0,0,RECHAZADO,0
53,2500.0,750.0,0,1,2,Familiar,Consumo,10000.0,False,True,341603101,3416031,RECHAZADO,0,0.3,MODERADO,R002,1,0,,True,True,0,0,RECHAZADO,0
39,20000.0,6000.0,0,2,3,Propia,Consumo,10000.0,False,True,341702101,3417021,RECHAZADO,30,0.3,MODERADO,R002|R005,2,0,,True,True,0,0,RECHAZADO,0
57,2500.0,750.0,2,0,0,Familiar,Consumo,10000.0,True,True,342001102,3420011,RECHAZADO,53,0.3,MODERADO,R001|R004|R012,3,1,,True,False,1,0,RECHAZADO,0
52,5000.0,1500.0,2,5,2,Propia,Consumo,10000.0,False,True,342113101,3421131,APROBADO,100,0.3,MODERADO,R001|R003|R005|R012,4,1,,True,False,1,1,APROBADO,1
42,1500.0,450.0,2,0,2,Familiar,Consumo,10000.0,True,True,342308102,3423081,RECHAZADO,42,0.3,MODERADO,R001|R004,2,0,,True,False,1,0,RECHAZADO,0
59,2500.0,750.0,2,0,0,Familiar,Consumo,10000.0,True,True,343004102,3430041,RECHAZADO,53,0.3,MODERADO,R001|R004|R012,3,1,,True,False,1,0,RECHAZADO,0
37,7000.0,2100.0,2,0,1,Familiar,Consumo,10000.0,True,True,343703102,3437031,RECHAZADO,57,0.3,MODERADO,R001|R004|R012,3,1,,True,False,1,0,REVISION_MANUAL,0
39,20000.0,6000.0,2,4,2,Familiar,Consumo,10000.0,False,True,343901103,3439011,APROBADO,92,0.3,MODERADO,R001|R012,2,1,,True,False,1,1,APROBADO,1
23,2000.0,600.0,0,0,3,Familiar,Consumo,10000.0,True,True,344017104,3440171,RECHAZADO,0,0.3,MODERADO,R002|R004,2,0,,True,True,0,0,RECHAZADO,0
85,14000.0,4200.0,2,0,1,Propia,Consumo,10000.0,True,True,344304101,3443041,REVISION_MANUAL,74,0.3,MODERADO,R001|R004|R005|R012,4,1,,True,False,1,0,REVISION_MANUAL,0
34,2500.0,750.0,2,0,3,Familiar,Consumo,10000.0,True,True,344902102,3449021,RECHAZADO,51,0.3,MODERADO,R001|R004|R012,3,1,,True,False,1,0,RECHAZADO,0
55,1900.0,570.0,0,4,2,Propia,Consumo,10000.0,False,True,345414101,3454141,RECHAZADO,20,0.3,MODERADO,R002|R005,2,0,,True,True,0,0,RECHAZADO,0
43,4000.0,1200.0,2,1,0,Propia,Consumo,10000.0,False,True,345504101,3455041,APROBADO,89,0.3,MODERADO,R001|R005|R012,3,1,,True,False,1,1,APROBADO,1
26,1000.0,300.0,2,1,2,Familiar,Consumo,10000.0,False,True,345903102,3459031,RECHAZADO,59,0.3,MODERADO,R001,1,0,,True,False,1,0,REVISION_MANUAL,0
78,1500.0,450.0,2,0,0,Familiar,Consumo,10000.0,True,True,346005102,3460051,RECHAZADO,43,0.3,MODERADO,R001|R004,2,0,,True,False,1,0,RECHAZADO,0
40,10000.0,3000.0,2,4,2,Familiar,Consumo,10000.0,False,True,346201102,3462011,APROBADO,85,0.3,MODERADO,R001|R012,2,1,,True,False,1,1,APROBADO,1
33,10000.0,3000.0,0,2,0,Familiar,Consumo,10000.0,False,True,346313101,3463131,RECHAZADO,13,0.3,MODERADO,R002,1,0,,True,True,0,0,RECHAZADO,0
44,1800.0,540.0,0,1,1,Propia,Negocio,12000.0,False,True,346415101,3464151,RECHAZADO,23,0.3,MODERADO,R002|R005|R006,3,0,,True,True,0,0,RECHAZADO,0
67,7000.0,2100.0,2,0,0,Propia,Consumo,10000.0,True,True,346604102,3466041,REVISION_MANUAL,71,0.3,MODERADO,R001|R004|R005|R012,4,1,,True,False,1,0,REVISION_MANUAL,0
24,17000.0,5100.0,2,2,4,Familiar,Consumo,10000.0,False,True,346704104,3467041,REVISION_MANUAL,75,0.3,MODERADO,R001|R010|R012,3,1,,True,False,1,0,APROBADO,1
32,17000.0,5100.0,2,4,1,Familiar,Consumo,10000.0,False,True,347303102,3473031,APROBADO,91,0.3,MODERADO,R001|R012,2,1,,True,False,1,1,APROBADO,1
33,35000.0,10500.0,2,4,0,Familiar,Consumo,10000.0,False,True,348101102,3481011,APROBADO,100,0.3,MODERADO,R001|R012,2,1,,True,False,1,1,APROBADO,1
39,3000.0,900.0,2,5,2,Familiar,Consumo,10000.0,False,True,348405102,3484051,APROBADO,100,0.3,MODERADO,R001|R003|R012,3,1,,True,False,1,1,APROBADO,1
26,4800.0,1440.0,2,4,2,Familiar,Consumo,10000.0,False,True,348603104,3486031,APROBADO,82,0.3,MODERADO,R001|R012,2,1,,True,False,1,1,APROBADO,1
28,7000.0,2100.0,2,4,0,Familiar,Consumo,10000.0,True,True,348703101,3487031,APROBADO,86,0.3,MODERADO,R001|R012,2,1,,True,False,1,1,APROBADO,1
34,10000.0,3000.0,2,1,3,Propia,Consumo,10000.0,False,True,348917102,3489171,APROBADO,89,0.3,MODERADO,R001|R005|R012,3,1,,True,False,1,1,APROBADO,1
67,500.0,150.0,2,1,0,Familiar,Consumo,9000.0,False,True,349006102,3490061,REVISION_MANUAL,60,0.3,MODERADO,R001,1,0,,True,False,1,0,REVISION_MANUAL,0
72,2000.0,600.0,2,0,0,Familiar,Consumo,10000.0,True,True,349104102,3491041,RECHAZADO,43,0.3,MODERADO,R001|R004,2,0,,True,False,1,0,RECHAZADO,0
57,13000.0,3900.0,2,3,0,Propia,Consumo,10000.0,False,True,349501102,3495011,APROBADO,100,0.3,MODERADO,R001|R005|R012|R015,4,2,,True,False,1,1,APROBADO,1
40,11000.0,3300.0,2,4,2,Familiar,Consumo,10000.0,False,True,349603101,3496031,APROBADO,86,0.3,MODERADO,R001|R012,2,1,,True,False,1,1,APROBADO,1
26,4500.0,1350.0,2,4,0,Familiar,Consumo,10000.0,False,True,349918101,3499181,APROBADO,85,0.3,MODERADO,R001|R012,2,1,,True,False,1,1,APROBADO,1
60,20000.0,6000.0,0,1,0,Propia,Consumo,10000.0,False,True,350003101,3500031,RECHAZADO,23,0.3,MODERADO,R002|R005,2,0,,True,True,0,0,RECHAZADO,0
57,7000.0,2100.0,2,4,0,Propia,Consumo,10000.0,True,True,350504101,3505041,APROBADO,100,0.3,MODERADO,R001|R005|R012|R015,4,2,,True,False,1,1,APROBADO,1
41,7000.0,2100.0,2,4,0,Propia,Consumo,10000.0,True,True,350605101,3506051,APROBADO,100,0.3,MODERADO,R001|R005|R012|R015,4,2,,True,False,1,1,APROBADO,1
47,6000.0,1800.0,2,4,1,Familiar,Consumo,10000.0,False,True,350804102,3508041,APROBADO,84,0.3,MODERADO,R001|R012,2,1,,True,False,1,1,APROBADO,1
41,1800.0,540.0,0,4,1,Propia,Consumo,10000.0,False,True,351002102,3510021,RECHAZADO,21,0.3,MODERADO,R002|R005,2,0,,True,True,0,0,RECHAZADO,0
23,2500.0,750.0,0,4,6,Familiar,Consumo,10000.0,False,True,351403103,3514031,RECHAZADO,0,0.3,MODERADO,R002|R010,2,0,,True,True,0,0,RECHAZADO,0
55,1500.0,450.0,2,2,2,Familiar,Negocio,12000.0,False,True,351804101,3518041,APROBADO,82,0.3,MODERADO,R001|R006,2,0,,True,False,1,1,APROBADO,1
42,4000.0,1200.0,2,4,0,Propia,Consumo,10000.0,False,True,352001102,3520011,APROBADO,100,0.3,MODERADO,R001|R005|R012|R015,4,2,,True,False,1,1,APROBADO,1
21,2500.0,750.0,2,0,1,Propia,Consumo,10000.0,True,True,352205102,3522051,REVISION_MANUAL,67,0.3,MODERADO,R001|R004|R005|R012,4,1,,True,False,1,0,REVISION_MANUAL,0
31,2500.0,750.0,0,4,2,Familiar,Consumo,10000.0,False,True,352410103,3524101,RECHAZADO,5,0.3,MODERADO,R002,1,0,,True,True,0,0,RECHAZADO,0
65,3200.0,960.0,2,1,0,Familiar,Negocio,12000.0,False,True,352602101,3526021,APROBADO,86,0.3,MODERADO,R001|R006|R012,3,1,,True,False,1,1,APROBADO,1
51,2000.0,600.0,2,1,1,Propia,Consumo,10000.0,True,True,353006101,3530061,REVISION_MANUAL,76,0.3,MODERADO,R001|R005,2,0,,True,False,1,0,APROBADO,1
23,1800.0,540.0,2,2,0,Familiar,Consumo,10000.0,False,True,353103101,3531031,REVISION_MANUAL,71,0.3,MODERADO,R001,1,0,,True,False,1,0,REVISION_MANUAL,0
27,12000.0,3600.0,0,2,0,Familiar,Consumo,10000.0,False,True,353307101,3533071,RECHAZADO,15,0.3,MODERADO,R002,1,0,,True,True,0,0,RECHAZADO,0
46,10000.0,3000.0,2,4,2,Propia,Consumo,10000.0,False,True,353502101,3535021,APROBADO,100,0.3,MODERADO,R001|R005|R012,3,1,,True,False,1,1,APROBADO,1
65,1500.0,450.0,2,1,4,Propia,Consumo,10000.0,True,True,353709101,3537091,REVISION_MANUAL,60,0.3,MODERADO,R001|R005|R010,3,0,,True,False,1,0,REVISION_MANUAL,0
42,2000.0,600.0,0,5,3,Propia,Consumo,10000.0,False,True,354404101,3544041,RECHAZADO,37,0.3,MODERADO,R002|R003|R005,3,0,,True,True,0,0,RECHAZADO,0
51,3124.0,937.2,0,4,0,Propia,Consumo,10000.0,False,True,354611201,3546112,RECHAZADO,32,0.3,MODERADO,R002|R005|R015,3,1,,True,True,0,0,RECHAZADO,0
23,1500.0,450.0,2,4,5,Familiar,Consumo,10000.0,False,True,354705104,3547051,RECHAZADO,55,0.3,MODERADO,R001|R010,2,0,,True,False,1,0,REVISION_MANUAL,0
61,500.0,150.0,2,1,3,Propia,Consumo,9000.0,False,True,354804102,3548041,REVISION_MANUAL,70,0.3,MODERADO,R001|R005,2,0,,True,False,1,0,REVISION_MANUAL,0
45,1500.0,450.0,0,2,2,Familiar,Consumo,10000.0,False,True,355204104,3552041,RECHAZADO,5,0.3,MODERADO,R002,1,0,,True,True,0,0,RECHAZADO,0
31,3000.0,900.0,2,4,2,Propia,Consumo,10000.0,False,True,355403101,3554031,APROBADO,96,0.3,MODERADO,R001|R005|R012,3,1,,True,False,1,1,APROBADO,1
52,250.0,75.0,2,2,2,Propia,Consumo,4500.0,False,True,355603102,3556031,APROBADO,84,0.3,MODERADO,R001|R005,2,0,,True,False,1,1,APROBADO,1
60,1500.0,450.0,2,0,0,Familiar,Consumo,10000.0,True,True,355715101,3557151,RECHAZADO,43,0.3,MODERADO,R001|R004,2,0,,True,False,1,0,RECHAZADO,0
40,15000.0,4500.0,2,4,3,Propia,Consumo,10000.0,False,True,357002101,3570021,APROBADO,100,0.3,MODERADO,R001|R005|R012,3,1,,True,False,1,1,APROBADO,1
41,6500.0,1950.0,0,4,1,Familiar,Consumo,10000.0,False,True,357105102,3571051,RECHAZADO,9,0.3,MODERADO,R002,1,0,,True,True,0,0,RECHAZADO,0
67,30000.0,9000.0,2,4,0,Propia,Consumo,10000.0,False,True,357305101,3573051,APROBADO,100,0.3,MODERADO,R001|R005|R012|R015,4,2,,True,False,1,1,APROBADO,1
20,1500.0,450.0,2,2,2,Familiar,Consumo,10000.0,False,True,357505104,3575051,RECHAZADO,56,0.3,MODERADO,R001|R009,2,0,,True,False,1,0,REVISION_MANUAL,0
42,17000.0,5100.0,0,4,1,Familiar,Consumo,10000.0,False,True,357702101,3577021,RECHAZADO,16,0.3,MODERADO,R002,1,0,,True,True,0,0,RECHAZADO,0
40,2500.0,750.0,0,4,0,Propia,Consumo,10000.0,False,True,357901101,3579011,RECHAZADO,31,0.3,MODERADO,R002|R005|R015,3,1,,True,True,0,0,RECHAZADO,0
65,4700.0,1410.0,2,4,0,Familiar,Consumo,10000.0,False,True,358101101,3581011,APROBADO,83,0.3,MODERADO,R001|R012,2,1,,True,False,1,1,APROBADO,1
51,1200.0,360.0,2,1,0,Propia,Consumo,10000.0,False,True,358409101,3584091,REVISION_MANUAL,77,0.3,MODERADO,R001|R005,2,0,,True,False,1,0,APROBADO,1
52,3000.0,900.0,2,1,0,Propia,Consumo,10000.0,False,True,358508101,3585081,APROBADO,89,0.3,MODERADO,R001|R005|R012,3,1,,True,False,1,1,APROBADO,1
64,2500.0,750.0,2,0,0,Familiar,Consumo,10000.0,True,True,358703102,3587031,RECHAZADO,53,0.3,MODERADO,R001|R004|R012,3,1,,True,False,1,0,RECHAZADO,0
46,15000.0,4500.0,0,1,0,Familiar,Consumo,10000.0,False,True,358901102,3589011,RECHAZADO,7,0.3,MODERADO,R002,1,0,,True,True,0,0,RECHAZADO,0
62,2000.0,600.0,2,0,0,Propia,Consumo,10000.0,True,True,359404101,3594041,RECHAZADO,58,0.3,MODERADO,R001|R004|R005,3,0,,True,False,1,0,REVISION_MANUAL,0
28,3600.0,1080.0,2,4,0,Familiar,Consumo,10000.0,False,True,359503101,3595031,APROBADO,84,0.3,MODERADO,R001|R012,2,1,,True,False,1,1,APROBADO,1
32,1200.0,360.0,2,2,2,Familiar,Negocio,12000.0,False,True,359617101,3596171,APROBADO,81,0.3,MODERADO,R001|R006,2,0,,True,False,1,1,APROBADO,1
35,25000.0,7500.0,2,1,0,Familiar,Consumo,10000.0,False,True,359801101,3598011,APROBADO,88,0.3,MODERADO,R001|R012,2,1,,True,False,1,1,APROBADO,1
36,10000.0,3000.0,2,4,3,Propia,Consumo,10000.0,False,True,360311101,3603111,APROBADO,99,0.3,MODERADO,R001|R005|R012,3,1,,True,False,1,1,APROBADO,1
20,2000.0,600.0,2,1,1,Familiar,Consumo,10000.0,False,True,360408103,3604081,RECHAZADO,47,0.3,MODERADO,R001|R009,2,0,,True,False,1,0,RECHAZADO,0
30,2300.0,690.0,0,4,1,Propia,Consumo,10000.0,False,True,360506101,3605061,RECHAZADO,22,0.3,MODERADO,R002|R005,2,0,,True,True,0,0,RECHAZADO,0
62,7000.0,2100.0,0,0,0,Propia,Consumo,10000.0,True,True,360805101,3608051,RECHAZADO,0,0.3,MODERADO,R002|R004|R005,3,0,,True,True,0,0,RECHAZADO,0
64,2000.0,600.0,2,0,0,Propia,Consumo,10000.0,True,True,360902101,3609021,RECHAZADO,58,0.3,MODERADO,R001|R004|R005,3,0,,True,False,1,0,REVISION_MANUAL,0
38,7300.0,2190.0,2,4,1,Propia,Consumo,10000.0,False,True,361005101,3610051,APROBADO,100,0.3,MODERADO,R001|R005|R012,3,1,,True,False,1,1,APROBADO,1
23,1500.0,450.0,2,2,3,Familiar,Consumo,10000.0,False,True,361102102,3611021,REVISION_MANUAL,66,0.3,MODERADO,R001,1,0,,True,False,1,0,REVISION_MANUAL,0
19,7000.0,2100.0,2,0,3,Familiar,Consumo,10000.0,True,True,361205104,3612051,RECHAZADO,40,0.3,MODERADO,R001|R004|R009|R012,4,1,,True,False,1,0,RECHAZADO,0
45,1500.0,450.0,0,1,2,Propia,Consumo,10000.0,False,True,361401102,3614011,RECHAZADO,10,0.3,MODERADO,R002|R005,2,0,,True,True,0,0,RECHAZADO,0
62,1500.0,450.0,2,0,0,Familiar,Consumo,10000.0,True,True,361519102,3615191,RECHAZADO,43,0.3,MODERADO,R001|R004,2,0,,True,False,1,0,RECHAZADO,0
59,1500.0,450.0,0,0,0,Familiar,Negocio,12000.0,True,True,361704101,3617041,RECHAZADO,0,0.3,MODERADO,R002|R004|R006,3,0,,True,True,0,0,RECHAZADO,0
48,1200.0,360.0,2,2,2,Familiar,Negocio,12000.0,False,True,361801102,3618011,APROBADO,81,0.3,MODERADO,R001|R006,2,0,,True,False,1,1,APROBADO,1
54,10000.0,3000.0,2,4,0,Propia,Consumo,10000.0,False,True,361901101,3619011,APROBADO,100,0.3,MODERADO,R001|R005|R012|R015,4,2,,True,False,1,1,APROBADO,1
63,2000.0,600.0,2,0,0,Propia,Consumo,10000.0,True,True,362304101,3623041,RECHAZADO,58,0.3,MODERADO,R001|R004|R005,3,0,,True,False,1,0,REVISION_MANUAL,0
27,1300.0,390.0,2,1,0,Familiar,Consumo,10000.0,False,True,362512101,3625121,REVISION_MANUAL,62,0.3,MODERADO,R001,1,0,,True,False,1,0,REVISION_MANUAL,0
40,3000.0,900.0,2,4,3,Familiar,Consumo,10000.0,False,True,363105101,3631051,REVISION_MANUAL,79,0.3,MODERADO,R001|R012,2,1,,True,False,1,0,APROBADO,1
43,25000.0,7500.0,0,4,2,Propia,Consumo,10000.0,False,True,363502101,3635021,RECHAZADO,35,0.3,MODERADO,R002|R005,2,0,,True,True,0,0,RECHAZADO,0
41,85000.0,25500.0,2,4,1,Propia,Consumo,10000.0,False,True,363604101,3636041,APROBADO,100,0.3,MODERADO,R001|R005|R012,3,1,,True,False,1,1,APROBADO,1
31,400.0,120.0,2,1,2,Familiar,Negocio,7200.0,False,True,363703102,3637031,REVISION_MANUAL,71,0.3,MODERADO,R001|R006,2,0,,True,False,1,0,REVISION_MANUAL,0
66,2500.0,750.0,2,1,0,Familiar,Consumo,10000.0,False,True,364004101,3640041,REVISION_MANUAL,71,0.3,MODERADO,R001|R012,2,1,,True,False,1,0,REVISION_MANUAL,0
50,8000.0,2400.0,2,4,0,Familiar,Consumo,10000.0,False,True,364111101,3641111,APROBADO,87,0.3,MODERADO,R001|R012,2,1,,True,False,1,1,APROBADO,1
35,1800.0,540.0,2,4,4,Familiar,Consumo,10000.0,False,True,364220101,3642201,RECHAZADO,57,0.3,MODERADO,R001|R010,2,0,,True,False,1,0,REVISION_MANUAL,0
20,2500.0,750.0,2,0,1,Familiar,Consumo,10000.0,True,True,364307103,3643071,RECHAZADO,40,0.3,MODERADO,R001|R004|R009|R012,4,1,,True,False,1,0,RECHAZADO,0
31,1500.0,450.0,2,2,2,Familiar,Negocio,12000.0,False,True,364404102,3644041,APROBADO,82,0.3,MODERADO,R001|R006,2,0,,True,False,1,1,APROBADO,1
52,12000.0,3600.0,0,2,2,Propia,Consumo,10000.0,False,True,365002101,3650021,RECHAZADO,27,0.3,MODERADO,R002|R005,2,0,,True,True,0,0,RECHAZADO,0
44,1800.0,540.0,2,4,1,Familiar,Consumo,10000.0,False,True,365105102,3651051,REVISION_MANUAL,71,0.3,MODERADO,R001,1,0,,True,False,1,0,REVISION_MANUAL,0
59,7000.0,2100.0,0,0,0,Familiar,Consumo,10000.0,True,True,365205102,3652051,RECHAZADO,0,0.3,MODERADO,R002|R004,2,0,,True,True,0,0,RECHAZADO,0
34,6000.0,1800.0,2,4,1,Propia,Consumo,10000.0,False,True,365501101,3655011,APROBADO,99,0.3,MODERADO,R001|R005|R012,3,1,,True,False,1,1,APROBADO,1
49,20000.0,6000.0,2,2,0,Familiar,Consumo,10000.0,False,True,365601101,3656011,APROBADO,95,0.3,MODERADO,R001|R012,2,1,,True,False,1,1,APROBADO,1
24,14000.0,4200.0,0,4,0,Familiar,Consumo,10000.0,False,True,366103101,3661031,RECHAZADO,14,0.3,MODERADO,R002,1,0,,True,True,0,0,RECHAZADO,0
38,10000.0,3000.0,2,3,1,Propia,Consumo,10000.0,False,True,366205102,3662051,APROBADO,100,0.3,MODERADO,R001|R005|R012,3,1,,True,False,1,1,APROBADO,1
60,2000.0,600.0,2,1,2,Propia,Consumo,10000.0,False,True,366702102,3667021,REVISION_MANUAL,73,0.3,MODERADO,R001|R005,2,0,,True,False,1,0,REVISION_MANUAL,0
50,20000.0,6000.0,2,4,0,Propia,Consumo,10000.0,False,True,366903102,3669031,APROBADO,100,0.3,MODERADO,R001|R005|R012|R015,4,2,,True,False,1,1,APROBADO,1
45,7000.0,2100.0,2,1,2,Propia,Consumo,10000.0,False,True,367101102,3671011,APROBADO,88,0.3,MODERADO,R001|R005|R012,3,1,,True,False,1,1,APROBADO,1
42,6000.0,1800.0,2,4,4,Familiar,Consumo,10000.0,False,True,367706101,3677061,REVISION_MANUAL,70,0.3,MODERADO,R001|R010|R012,3,1,,True,False,1,0,REVISION_MANUAL,0
52,1500.0,450.0,2,0,1,Propia,Negocio,12000.0,True,True,367920104,3679201,REVISION_MANUAL,70,0.3,MODERADO,R001|R004|R005|R006,4,0,,True,False,1,0,REVISION_MANUAL,0
51,10000.0,3000.0,2,5,0,Propia,Consumo,10000.0,False,True,368208101,3682081,APROBADO,100,0.3,MODERADO,R001|R003|R005|R012|R015,5,2,,True,False,1,1,APROBADO,1
32,15000.0,4500.0,2,4,1,Familiar,Consumo,10000.0,False,True,368402102,3684021,APROBADO,90,0.3,MODERADO,R001|R012,2,1,,True,False,1,1,APROBADO,1
75,7000.0,2100.0,2,0,0,Familiar,Consumo,10000.0,True,True,368505102,3685051,RECHAZADO,56,0.3,MODERADO,R001|R004|R012,3,1,,True,False,1,0,REVISION_MANUAL,0
21,7000.0,2100.0,2,0,0,Familiar,Consumo,10000.0,True,True,368909102,3689091,RECHAZADO,56,0.3,MODERADO,R001|R004|R012,3,1,,True,False,1,0,REVISION_MANUAL,0
23,8000.0,2400.0,2,4,2,Familiar,Consumo,10000.0,False,True,369302102,3693021,APROBADO,82,0.3,MODERADO,R001|R012,2,1,,True,False,1,1,APROBADO,1
42,7500.0,2250.0,0,4,2,Propia,Consumo,10000.0,False,True,369605101,3696051,RECHAZADO,24,0.3,MODERADO,R002|R005,2,0,,True,True,0,0,RECHAZADO,0
19,2000.0,600.0,2,4,2,Familiar,Consumo,10000.0,False,True,369705102,3697051,RECHAZADO,56,0.3,MODERADO,R001|R009,2,0,,True,False,1,0,REVISION_MANUAL,0
30,4000.0,1200.0,0,1,0,Familiar,Consumo,10000.0,False,True,369805101,3698051,RECHAZADO,0,0.3,MODERADO,R002,1,0,,True,True,0,0,RECHAZADO,0
56,700.0,210.0,0,2,2,Propia,Negocio,12000.0,False,True,370001101,3700011,RECHAZADO,31,0.3,MODERADO,R002|R005|R006,3,0,,True,True,0,0,RECHAZADO,0
28,500.0,150.0,2,1,2,Familiar,Consumo,9000.0,False,True,370516102,3705161,RECHAZADO,59,0.3,MODERADO,R001,1,0,,True,False,1,0,REVISION_MANUAL,0
22,11348.0,3404.4,0,4,1,Familiar,Consumo,10000.0,False,True,370704102,3707041,RECHAZADO,11,0.3,MODERADO,R002,1,0,,True,True,0,0,RECHAZADO,0
54,12000.0,3600.0,2,4,2,Familiar,Consumo,10000.0,False,True,370901101,3709011,APROBADO,87,0.3,MODERADO,R001|R012,2,1,,True,False,1,1,APROBADO,1
67,1500.0,450.0,2,1,0,Familiar,Consumo,10000.0,False,True,371003102,3710031,REVISION_MANUAL,61,0.3,MODERADO,R001,1,0,,True,False,1,0,REVISION_MANUAL,0
27,7000.0,2100.0,2,1,2,Familiar,Consumo,10000.0,False,True,371102102,3711021,REVISION_MANUAL,73,0.3,MODERADO,R001|R012,2,1,,True,False,1,0,REVISION_MANUAL,0
67,2500.0,750.0,2,0,0,Propia,Consumo,10000.0,True,True,372005101,3720051,REVISION_MANUAL,68,0.3,MODERADO,R001|R004|R005|R012,4,1,,True,False,1,0,REVISION_MANUAL,0
41,1500.0,450.0,2,0,2,Familiar,Consumo,10000.0,True,True,372414102,3724141,RECHAZADO,42,0.3,MODERADO,R001|R004,2,0,,True,False,1,0,RECHAZADO,0
35,32000.0,9600.0,2,4,0,Familiar,Consumo,10000.0,False,True,372501102,3725011,APROBADO,100,0.3,MODERADO,R001|R012,2,1,,True,False,1,1,APROBADO,1
19,2500.0,750.0,0,0,1,Familiar,Consumo,10000.0,True,True,372604102,3726041,RECHAZADO,0,0.3,MODERADO,R002|R004|R009,3,0,,True,True,0,0,RECHAZADO,0
38,3000.0,900.0,0,4,3,Familiar,Consumo,10000.0,False,True,372701101,3727011,RECHAZADO,4,0.3,MODERADO,R002,1,0,,True,True,0,0,RECHAZADO,0
39,24000.0,7200.0,0,2,0,Familiar,Consumo,10000.0,False,True,372804103,3728041,RECHAZADO,23,0.3,MODERADO,R002,1,0,,True,True,0,0,RECHAZADO,0
56,1500.0,450.0,2,4,2,Propia,Consumo,10000.0,False,True,373405101,3734051,APROBADO,83,0.3,MODERADO,R001|R005,2,0,,True,False,1,1,APROBADO,1
50,14000.0,4200.0,2,4,0,Propia,Consumo,10000.0,False,True,373504101,3735041,APROBADO,100,0.3,MODERADO,R001|R005|R012|R015,4,2,,True,False,1,1,APROBADO,1
26,7000.0,2100.0,0,4,0,Familiar,Consumo,10000.0,True,True,373904101,3739041,RECHAZADO,11,0.3,MODERADO,R002,1,0,,True,True,0,0,RECHAZADO,0
51,2000.0,600.0,0,0,1,Familiar,Consumo,10000.0,True,True,374016102,3740161,RECHAZADO,0,0.3,MODERADO,R002|R004,2,0,,True,True,0,0,RECHAZADO,0
45,2500.0,750.0,0,4,3,Propia,Consumo,10000.0,True,True,374204101,3742041,RECHAZADO,19,0.3,MODERADO,R002|R005,2,0,,True,True,0,0,RECHAZADO,0
30,10000.0,3000.0,2,4,0,Propia,Consumo,10000.0,False,True,374301102,3743011,APROBADO,100,0.3,MODERADO,R001|R005|R012|R015,4,2,,True,False,1,1,APROBADO,1
55,1800.0,540.0,0,4,0,Familiar,Consumo,10000.0,False,True,375002102,3750021,RECHAZADO,8,0.3,MODERADO,R002,1,0,,True,True,0,0,RECHAZADO,0
35,1400.0,420.0,0,2,2,Familiar,Consumo,10000.0,False,True,375312104,3753121,RECHAZADO,4,0.3,MODERADO,R002,1,0,,True,True,0,0,RECHAZADO,0
51,750.0,225.0,2,2,0,Familiar,Negocio,12000.0,False,True,375415102,3754151,APROBADO,84,0.3,MODERADO,R001|R006,2,0,,True,False,1,1,APROBADO,1
67,14000.0,4200.0,2,0,0,Propia,Consumo,10000.0,True,True,375502101,3755021,REVISION_MANUAL,76,0.3,MODERADO,R001|R004|R005|R012,4,1,,True,False,1,0,APROBADO,1
31,16000.0,4800.0,0,4,0,Familiar,Consumo,10000.0,False,True,375605101,3756051,RECHAZADO,17,0.3,MODERADO,R002,1,0,,True,True,0,0,RECHAZADO,0
25,12000.0,3600.0,2,4,3,Familiar,Consumo,10000.0,False,True,376604102,3766041,APROBADO,85,0.3,MODERADO,R001|R012,2,1,,True,False,1,1,APROBADO,1
21,1200.0,360.0,2,2,2,Familiar,Consumo,10000.0,False,True,376703104,3767031,REVISION_MANUAL,67,0.3,MODERADO,R001,1,0,,True,False,1,0,REVISION_MANUAL,0
43,10000.0,3000.0,2,4,1,Familiar,Consumo,10000.0,False,True,376805102,3768051,APROBADO,87,0.3,MODERADO,R001|R012,2,1,,True,False,1,1,APROBADO,1
34,800.0,240.0,0,1,1,Propia,Consumo,10000.0,False,True,376913102,3769131,RECHAZADO,11,0.3,MODERADO,R002|R005,2,0,,True,True,0,0,RECHAZADO,0
46,1200.0,360.0,2,1,2,Propia,Consumo,10000.0,False,True,377019102,3770191,REVISION_MANUAL,74,0.3,MODERADO,R001|R005,2,0,,True,False,1,0,REVISION_MANUAL,0
40,90000.0,27000.0,2,1,0,Propia,Consumo,10000.0,False,True,377201101,3772011,APROBADO,100,0.3,MODERADO,R001|R005|R012,3,1,,True,False,1,1,APROBADO,1
33,13000.0,3900.0,2,2,2,Familiar,Consumo,10000.0,False,True,377201202,3772012,APROBADO,87,0.3,MODERADO,R001|R012,2,1,,True,False,1,1,APROBADO,1
19,2000.0,600.0,2,2,3,Familiar,Negocio,12000.0,False,True,377304102,3773041,REVISION_MANUAL,68,0.3,MODERADO,R001|R006|R009,3,0,,True,False,1,0,REVISION_MANUAL,0
38,6000.0,1800.0,2,2,0,Familiar,Consumo,10000.0,False,True,377604101,3776041,APROBADO,86,0.3,MODERADO,R001|R012,2,1,,True,False,1,1,APROBADO,1
26,2500.0,750.0,2,4,1,Familiar,Consumo,10000.0,False,True,377803102,3778031,APROBADO,82,0.3,MODERADO,R001|R012,2,1,,True,False,1,1,APROBADO,1
24,2800.0,840.0,2,2,1,Familiar,Consumo,10000.0,False,True,378205104,3782051,APROBADO,80,0.3,MODERADO,R001|R012,2,1,,True,False,1,1,APROBADO,1
63,1500.0,450.0,0,0,3,Propia,Consumo,10000.0,True,True,378602101,3786021,RECHAZADO,0,0.3,MODERADO,R002|R004|R005,3,0,,True,True,0,0,RECHAZADO,0
29,35000.0,10500.0,2,4,1,Familiar,Consumo,10000.0,False,True,378802101,3788021,APROBADO,100,0.3,MODERADO,R001|R012,2,1,,True,False,1,1,APROBADO,1
60,7000.0,2100.0,2,0,0,Propia,Consumo,10000.0,True,True,379008101,3790081,REVISION_MANUAL,71,0.3,MODERADO,R001|R004|R005|R012,4,1,,True,False,1,0,REVISION_MANUAL,0
55,5000.0,1500.0,0,3,3,Propia,Consumo,10000.0,False,True,379204102,3792041,RECHAZADO,20,0.3,MODERADO,R002|R005,2,0,,True,True,0,0,RECHAZADO,0
29,4500.0,1350.0,2,4,1,Familiar,Consumo,10000.0,False,True,379505103,3795051,APROBADO,83,0.3,MODERADO,R001|R012,2,1,,True,False,1,1,APROBADO,1
72,7000.0,2100.0,2,0,1,Propia,Consumo,10000.0,True,True,380002101,3800021,REVISION_MANUAL,70,0.3,MODERADO,R001|R004|R005|R012,4,1,,True,False,1,0,REVISION_MANUAL,0
33,2500.0,750.0,0,0,2,Familiar,Consumo,10000.0,True,True,380301102,3803011,RECHAZADO,0,0.3,MODERADO,R002|R004,2,0,,True,True,0,0,RECHAZADO,0
61,25000.0,7500.0,2,0,0,Propia,Consumo,10000.0,True,True,380501102,3805011,APROBADO,83,0.3,MODERADO,R001|R004|R005|R012,4,1,,True,False,1,1,APROBADO,1
65,7000.0,2100.0,2,0,1,Propia,Consumo,10000.0,True,True,380605102,3806051,REVISION_MANUAL,70,0.3,MODERADO,R001|R004|R005|R012,4,1,,True,False,1,0,REVISION_MANUAL,0
43,7000.0,2100.0,2,4,1,Familiar,Consumo,10000.0,True,True,380905102,3809051,APROBADO,85,0.3,MODERADO,R001|R012,2,1,,True,False,1,1,APROBADO,1
62,8500.0,2550.0,0,2,0,Familiar,Consumo,10000.0,False,True,381201101,3812011,RECHAZADO,10,0.3,MODERADO,R002,1,0,,True,True,0,0,RECHAZADO,0
82,1500.0,450.0,2,0,2,Propia,Negocio,12000.0,True,True,381405101,3814051,REVISION_MANUAL,69,0.3,MODERADO,R001|R004|R005|R006,4,0,,True,False,1,0,REVISION_MANUAL,0
66,2500.0,750.0,2,0,0,Familiar,Consumo,10000.0,True,True,381803101,3818031,RECHAZADO,53,0.3,MODERADO,R001|R004|R012,3,1,,True,False,1,0,RECHAZADO,0
51,4000.0,1200.0,2,0,1,Familiar,Consumo,10000.0,True,True,382102101,3821021,RECHAZADO,55,0.3,MODERADO,R001|R004|R012,3,1,,True,False,1,0,REVISION_MANUAL,0
31,1200.0,360.0,2,2,3,Familiar,Negocio,12000.0,False,True,382318102,3823181,APROBADO,80,0.3,MODERADO,R001|R006,2,0,,True,False,1,1,APROBADO,1
21,7000.0,2100.0,2,0,3,Familiar,Consumo,10000.0,True,True,382405103,3824051,RECHAZADO,52,0.3,MODERADO,R001|R004|R012,3,1,,True,False,1,0,RECHAZADO,0
33,2500.0,750.0,2,2,5,Familiar,Consumo,10000.0,False,True,382603108,3826031,REVISION_MANUAL,67,0.3,MODERADO,R001|R010|R012,3,1,,True,False,1,0,REVISION_MANUAL,0
36,2300.0,690.0,2,4,2,Familiar,Consumo,10000.0,False,True,382804102,3828041,REVISION_MANUAL,70,0.3,MODERADO,R001,1,0,,True,False,1,0,REVISION_MANUAL,0
39,3500.0,1050.0,0,2,2,Propia,Consumo,10000.0,False,True,383107101,3831071,RECHAZADO,21,0.3,MODERADO,R002|R005,2,0,,True,True,0,0,RECHAZADO,0
42,9000.0,2700.0,2,4,0,Propia,Consumo,10000.0,False,True,383704102,3837041,APROBADO,100,0.3,MODERADO,R001|R005|R012|R015,4,2,,True,False,1,1,APROBADO,1
45,2100.0,630.0,2,4,0,Familiar,Consumo,10000.0,False,True,383805101,3838051,REVISION_MANUAL,73,0.3,MODERADO,R001,1,0,,True,False,1,0,REVISION_MANUAL,0
32,3000.0,900.0,2,4,0,Familiar,Consumo,10000.0,False,True,384001101,3840011,APROBADO,84,0.3,MODERADO,R001|R012,2,1,,True,False,1,1,APROBADO,1
47,3500.0,1050.0,2,4,0,Propia,Consumo,10000.0,False,True,384103101,3841031,APROBADO,100,0.3,MODERADO,R001|R005|R012|R015,4,2,,True,False,1,1,APROBADO,1
43,18000.0,5400.0,0,1,2,Familiar,Negocio,12000.0,False,True,385103101,3851031,RECHAZADO,18,0.3,MODERADO,R002|R006,2,0,,True,True,0,0,RECHAZADO,0
25,4000.0,1200.0,2,4,2,Familiar,Consumo,10000.0,False,True,385501102,3855011,APROBADO,81,0.3,MODERADO,R001|R012,2,1,,True,False,1,1,APROBADO,1
30,20000.0,6000.0,2,4,3,Propia,Negocio,12000.0,False,True,385813101,3858131,APROBADO,100,0.3,MODERADO,R001|R005|R006|R012,4,1,,True,False,1,1,APROBADO,1
47,3500.0,1050.0,2,2,3,Propia,Consumo,10000.0,False,True,386101101,3861011,APROBADO,94,0.3,MODERADO,R001|R005|R012,3,1,,True,False,1,1,APROBADO,1
33,6600.0,1980.0,0,2,1,Familiar,Consumo,10000.0,False,True,386301102,3863011,RECHAZADO,9,0.3,MODERADO,R002,1,0,,True,True,0,0,RECHAZADO,0
29,1300.0,390.0,0,2,4,Familiar,Consumo,10000.0,False,True,386419101,3864191,RECHAZADO,0,0.3,MODERADO,R002|R010,2,0,,True,True,0,0,RECHAZADO,0
35,20000.0,6000.0,2,4,4,Propia,Consumo,10000.0,False,True,386501101,3865011,APROBADO,94,0.3,MODERADO,R001|R005|R010|R012,4,1,,True,False,1,1,APROBADO,1
34,2300.0,690.0,2,4,2,Propia,Consumo,10000.0,False,True,386603101,3866031,APROBADO,85,0.3,MODERADO,R001|R005,2,0,,True,False,1,1,APROBADO,1
26,2000.0,600.0,2,4,0,Propia,Consumo,10000.0,False,True,387104101,3871041,APROBADO,96,0.3,MODERADO,R001|R005|R015,3,1,,True,False,1,1,APROBADO,1
55,4000.0,1200.0,2,1,2,Propia,Consumo,10000.0,False,True,387205101,3872051,APROBADO,86,0.3,MODERADO,R001|R005|R012,3,1,,True,False,1,1,APROBADO,1
45,3500.0,1050.0,2,1,0,Propia,Consumo,10000.0,False,True,387907102,3879071,APROBADO,89,0.3,MODERADO,R001|R005|R012,3,1,,True,False,1,1,APROBADO,1
25,15000.0,4500.0,2,4,2,Propia,Consumo,10000.0,False,True,388004101,3880041,APROBADO,100,0.3,MODERADO,R001|R005|R012,3,1,,True,False,1,1,APROBADO,1
40,2500.0,750.0,0,1,4,Familiar,Negocio,12000.0,False,True,388801102,3888011,RECHAZADO,0,0.3,MODERADO,R002|R006|R010,3,0,,True,True,0,0,RECHAZADO,0
40,10000.0,3000.0,0,4,2,Propia,Consumo,10000.0,False,True,388905102,3889051,RECHAZADO,25,0.3,MODERADO,R002|R005,2,0,,True,True,0,0,RECHAZADO,0
28,1700.0,510.0,2,4,2,Familiar,Consumo,10000.0,False,True,389205103,3892051,REVISION_MANUAL,70,0.3,MODERADO,R001,1,0,,True,False,1,0,REVISION_MANUAL,0
31,10000.0,3000.0,2,2,1,Familiar,Consumo,10000.0,False,True,389301102,3893011,APROBADO,87,0.3,MODERADO,R001|R012,2,1,,True,False,1,1,APROBADO,1
25,18000.0,5400.0,2,4,1,Familiar,Consumo,10000.0,False,True,389803103,3898031,APROBADO,92,0.3,MODERADO,R001|R012,2,1,,True,False,1,1,APROBADO,1
43,7000.0,2100.0,2,4,1,Propia,Consumo,10000.0,True,True,389905101,3899051,APROBADO,100,0.3,MODERADO,R001|R005|R012,3,1,,True,False,1,1,APROBADO,1
64,2000.0,600.0,2,1,1,Propia,Consumo,10000.0,True,True,390004101,3900041,REVISION_MANUAL,74,0.3,MODERADO,R001|R005,2,0,,True,False,1,0,REVISION_MANUAL,0
59,40000.0,12000.0,2,2,0,Propia,Consumo,10000.0,False,True,390201102,3902011,APROBADO,100,0.3,MODERADO,R001|R005|R012,3,1,,True,False,1,1,APROBADO,1
67,14000.0,4200.0,2,0,1,Familiar,Consumo,10000.0,True,True,390604101,3906041,RECHAZADO,59,0.3,MODERADO,R001|R004|R012,3,1,,True,False,1,0,REVISION_MANUAL,0
98,6000.0,1800.0,0,1,0,Familiar,Consumo,10000.0,False,True,391201101,3912011,RECHAZADO,0,0.3,MODERADO,R002,1,0,,True,True,0,0,RECHAZADO,0
54,15000.0,4500.0,2,4,0,Propia,Consumo,10000.0,False,True,391605101,3916051,APROBADO,100,0.3,MODERADO,R001|R005|R012|R015,4,2,,True,False,1,1,APROBADO,1
56,1700.0,510.0,0,4,1,Propia,Consumo,10000.0,False,True,391703101,3917031,RECHAZADO,19,0.3,MODERADO,R002|R005,2,0,,True,True,0,0,RECHAZADO,0
21,2600.0,780.0,2,2,4,Familiar,Consumo,10000.0,False,True,391901104,3919011,REVISION_MANUAL,65,0.3,MODERADO,R001|R010|R012,3,1,,True,False,1,0,REVISION_MANUAL,0
37,2600.0,780.0,0,4,0,Propia,Consumo,10000.0,False,True,392104101,3921041,RECHAZADO,31,0.3,MODERADO,R002|R005|R015,3,1,,True,True,0,0,RECHAZADO,0
40,2000.0,600.0,2,4,0,Propia,Consumo,10000.0,False,True,392804101,3928041,APROBADO,96,0.3,MODERADO,R001|R005|R015,3,1,,True,False,1,1,APROBADO,1
40,10000.0,3000.0,2,2,1,Propia,Consumo,10000.0,False,True,393101101,3931011,APROBADO,100,0.3,MODERADO,R001|R005|R012,3,1,,True,False,1,1,APROBADO,1
23,20000.0,6000.0,2,4,2,Familiar,Consumo,10000.0,False,True,393305102,3933051,APROBADO,90,0.3,MODERADO,R001|R012,2,1,,True,False,1,1,APROBADO,1
54,12000.0,3600.0,2,4,0,Propia,Consumo,10000.0,False,True,393403101,3934031,APROBADO,100,0.3,MODERADO,R001|R005|R012|R015,4,2,,True,False,1,1,APROBADO,1
35,15000.0,4500.0,2,5,2,Propia,Consumo,10000.0,False,True,393902101,3939021,APROBADO,100,0.3,MODERADO,R001|R003|R005|R012,4,1,,True,False,1,1,APROBADO,1
33,3000.0,900.0,0,5,2,Familiar,Consumo,10000.0,False,True,394019101,3940191,RECHAZADO,30,0.3,MODERADO,R002|R003,2,0,,True,True,0,0,RECHAZADO,0
61,2000.0,600.0,2,0,2,Familiar,Consumo,10000.0,True,True,394203101,3942031,RECHAZADO,40,0.3,MODERADO,R001|R004,2,0,,True,False,1,0,RECHAZADO,0
30,3000.0,900.0,2,2,1,Propia,Consumo,10000.0,False,True,394417101,3944171,APROBADO,97,0.3,MODERADO,R001|R005|R012,3,1,,True,False,1,1,APROBADO,1
62,30000.0,9000.0,2,5,0,Propia,Consumo,10000.0,False,True,394704101,3947041,APROBADO,100,0.3,MODERADO,R001|R003|R005|R012|R015,5,2,,True,False,1,1,APROBADO,1
26,1500.0,450.0,2,2,1,Familiar,Consumo,10000.0,False,True,394803103,3948031,REVISION_MANUAL,71,0.3,MODERADO,R001,1,0,,True,False,1,0,REVISION_MANUAL,0
44,10000.0,3000.0,2,4,3,Familiar,Consumo,10000.0,False,True,395303101,3953031,APROBADO,84,0.3,MODERADO,R001|R012,2,1,,True,False,1,1,APROBADO,1
29,2000.0,600.0,2,0,2,Propia,Consumo,10000.0,True,True,396012102,3960121,RECHAZADO,57,0.3,MODERADO,R001|R004|R005,3,0,,True,False,1,0,REVISION_MANUAL,0
59,37000.0,11100.0,2,4,0,Propia,Consumo,10000.0,False,True,396504101,3965041,APROBADO,100,0.3,MODERADO,R001|R005|R012|R015,4,2,,True,False,1,1,APROBADO,1
31,3200.0,960.0,2,4,1,Familiar,Consumo,10000.0,False,True,396609102,3966091,APROBADO,82,0.3,MODERADO,R001|R012,2,1,,True,False,1,1,APROBADO,1
56,2800.0,840.0,2,4,3,Familiar,Consumo,10000.0,False,True,396803102,3968031,REVISION_MANUAL,77,0.3,MODERADO,R001|R012,2,1,,True,False,1,0,APROBADO,1
27,600.0,180.0,2,1,3,Familiar,Consumo,10000.0,False,True,397105104,3971051,RECHAZADO,57,0.3,MODERADO,R001,1,0,,True,False,1,0,REVISION_MANUAL,0
81,1500.0,450.0,2,0,0,Propia,Consumo,10000.0,True,True,397416101,3974161,RECHAZADO,58,0.3,MODERADO,R001|R004|R005,3,0,,True,False,1,0,REVISION_MANUAL,0
53,4000.0,1200.0,0,4,2,Propia,Consumo,10000.0,False,True,397502101,3975021,RECHAZADO,21,0.3,MODERADO,R002|R005,2,0,,True,True,0,0,RECHAZADO,0
43,2400.0,720.0,2,4,0,Propia,Consumo,10000.0,False,True,397705101,3977051,APROBADO,96,0.3,MODERADO,R001|R005|R015,3,1,,True,False,1,1,APROBADO,1
34,2000.0,600.0,2,4,1,Propia,Consumo,10000.0,False,True,398203102,3982031,APROBADO,86,0.3,MODERADO,R001|R005,2,0,,True,False,1,1,APROBADO,1
31,2000.0,600.0,0,2,2,Familiar,Consumo,10000.0,False,True,398301102,3983011,RECHAZADO,5,0.3,MODERADO,R002,1,0,,True,True,0,0,RECHAZADO,0
49,5000.0,1500.0,2,4,3,Familiar,Consumo,10000.0,False,True,398505101,3985051,APROBADO,80,0.3,MODERADO,R001|R012,2,1,,True,False,1,1,APROBADO,1
23,15000.0,4500.0,2,4,0,Propia,Consumo,10000.0,False,True,398803101,3988031,APROBADO,100,0.3,MODERADO,R001|R005|R012|R015,4,2,,True,False,1,1,APROBADO,1
52,30000.0,9000.0,2,4,0,Propia,Consumo,10000.0,False,True,399004101,3990041,APROBADO,100,0.3,MODERADO,R001|R005|R012|R015,4,2,,True,False,1,1,APROBADO,1
27,7000.0,2100.0,2,0,3,Familiar,Consumo,10000.0,True,True,399105103,3991051,RECHAZADO,54,0.3,MODERADO,R001|R004|R012,3,1,,True,False,1,0,RECHAZADO,0
42,32000.0,9600.0,2,4,2,Propia,Consumo,10000.0,False,True,399202101,3992021,APROBADO,100,0.3,MODERADO,R001|R005|R012,3,1,,True,False,1,1,APROBADO,1
20,2000.0,600.0,2,2,2,Familiar,Consumo,10000.0,False,True,400107104,4001071,RECHAZADO,56,0.3,MODERADO,R001|R009,2,0,,True,False,1,0,REVISION_MANUAL,0
29,19000.0,5700.0,2,4,2,Propia,Consumo,10000.0,False,True,400304101,4003041,APROBADO,100,0.3,MODERADO,R001|R005|R012,3,1,,True,False,1,1,APROBADO,1
39,7800.0,2340.0,0,4,3,Familiar,Consumo,10000.0,False,True,400601103,4006011,RECHAZADO,7,0.3,MODERADO,R002,1,0,,True,True,0,0,RECHAZADO,0
34,15000.0,4500.0,0,4,1,Propia,Consumo,10000.0,False,True,400805103,4008051,RECHAZADO,30,0.3,MODERADO,R002|R005,2,0,,True,True,0,0,RECHAZADO,0
64,2700.0,810.0,0,4,0,Familiar,Consumo,10000.0,False,True,400905101,4009051,RECHAZADO,6,0.3,MODERADO,R002,1,0,,True,True,0,0,RECHAZADO,0
62,3000.0,900.0,2,1,2,Propia,Consumo,10000.0,False,True,401303101,4013031,APROBADO,84,0.3,MODERADO,R001|R005|R012,3,1,,True,False,1,1,APROBADO,1
34,7000.0,2100.0,2,0,2,Familiar,Consumo,10000.0,True,True,401804102,4018041,RECHAZADO,55,0.3,MODERADO,R001|R004|R012,3,1,,True,False,1,0,REVISION_MANUAL,0
55,6000.0,1800.0,2,4,1,Propia,Consumo,10000.0,False,True,402105101,4021051,APROBADO,99,0.3,MODERADO,R001|R005|R012,3,1,,True,False,1,1,APROBADO,1
27,7000.0,2100.0,2,0,2,Familiar,Consumo,10000.0,True,True,402217101,4022171,RECHAZADO,55,0.3,MODERADO,R001|R004|R012,3,1,,True,False,1,0,REVISION_MANUAL,0
19,1500.0,450.0,2,1,1,Familiar,Consumo,10000.0,False,True,402303103,4023031,RECHAZADO,47,0.3,MODERADO,R001|R009,2,0,,True,False,1,0,RECHAZADO,0
42,20000.0,6000.0,0,4,2,Propia,Consumo,10000.0,False,True,402704102,4027041,RECHAZADO,32,0.3,MODERADO,R002|R005,2,0,,True,True,0,0,RECHAZADO,0
24,4800.0,1440.0,2,4,0,Propia,Consumo,10000.0,False,True,402901101,4029011,APROBADO,100,0.3,MODERADO,R001|R005|R012|R015,4,2,,True,False,1,1,APROBADO,1
47,2000.0,600.0,2,4,0,Propia,Consumo,10000.0,False,True,403001101,4030011,APROBADO,96,0.3,MODERADO,R001|R005|R015,3,1,,True,False,1,1,APROBADO,1
37,20000.0,6000.0,0,4,2,Propia,Consumo,10000.0,False,True,403104102,4031041,RECHAZADO,32,0.3,MODERADO,R002|R005,2,0,,True,True,0,0,RECHAZADO,0
60,7000.0,2100.0,2,4,0,Propia,Consumo,10000.0,False,True,403418101,4034181,APROBADO,100,0.3,MODERADO,R001|R005|R012|R015,4,2,,True,False,1,1,APROBADO,1
61,7000.0,2100.0,2,0,0,Familiar,Consumo,10000.0,True,True,404003102,4040031,RECHAZADO,56,0.3,MODERADO,R001|R004|R012,3,1,,True,False,1,0,REVISION_MANUAL,0
24,5000.0,1500.0,0,4,1,Familiar,Consumo,10000.0,False,True,404105201,4041052,RECHAZADO,6,0.3,MODERADO,R002,1,0,,True,True,0,0,RECHAZADO,0
19,2500.0,750.0,2,1,2,Familiar,Consumo,10000.0,False,True,404402104,4044021,RECHAZADO,56,0.3,MODERADO,R001|R009|R012,3,1,,True,False,1,0,REVISION_MANUAL,0
26,2500.0,750.0,2,0,2,Familiar,Consumo,10000.0,True,True,404905102,4049051,RECHAZADO,52,0.3,MODERADO,R001|R004|R012,3,1,,True,False,1,0,RECHAZADO,0
59,3500.0,1050.0,0,1,2,Propia,Consumo,10000.0,False,True,405003101,4050031,RECHAZADO,9,0.3,MODERADO,R002|R005,2,0,,True,True,0,0,RECHAZADO,0
32,3500.0,1050.0,0,4,4,Propia,Consumo,10000.0,False,True,405203101,4052031,RECHAZADO,8,0.3,MODERADO,R002|R005|R010,3,0,,True,True,0,0,RECHAZADO,0
30,2200.0,660.0,2,2,1,Familiar,Consumo,10000.0,False,True,405612101,4056121,REVISION_MANUAL,71,0.3,MODERADO,R001,1,0,,True,False,1,0,REVISION_MANUAL,0
42,15000.0,4500.0,2,4,1,Familiar,Consumo,10000.0,False,True,405803101,4058031,APROBADO,90,0.3,MODERADO,R001|R012,2,1,,True,False,1,1,APROBADO,1
36,13000.0,3900.0,2,4,2,Familiar,Consumo,10000.0,False,True,405902101,4059021,APROBADO,87,0.3,MODERADO,R001|R012,2,1,,True,False,1,1,APROBADO,1
41,1500.0,450.0,2,1,3,Propia,Consumo,10000.0,False,True,406005102,4060051,REVISION_MANUAL,73,0.3,MODERADO,R001|R005,2,0,,True,False,1,0,REVISION_MANUAL,0
44,2000.0,600.0,2,2,2,Familiar,Consumo,10000.0,False,True,406111102,4061111,REVISION_MANUAL,70,0.3,MODERADO,R001,1,0,,True,False,1,0,REVISION_MANUAL,0
28,6000.0,1800.0,0,4,0,Familiar,Consumo,10000.0,False,True,406405102,4064051,RECHAZADO,11,0.3,MODERADO,R002,1,0,,True,True,0,0,RECHAZADO,0
30,2100.0,630.0,0,1,1,Propia,Consumo,10000.0,False,True,407001101,4070011,RECHAZADO,11,0.3,MODERADO,R002|R005,2,0,,True,True,0,0,RECHAZADO,0
36,25000.0,7500.0,0,4,2,Propia,Consumo,10000.0,False,True,407701103,4077011,RECHAZADO,35,0.3,MODERADO,R002|R005,2,0,,True,True,0,0,RECHAZADO,0
19,7500.0,2250.0,2,4,0,Familiar,Consumo,10000.0,False,True,408405106,4084051,REVISION_MANUAL,73,0.3,MODERADO,R001|R009|R012,3,1,,True,False,1,0,REVISION_MANUAL,0
53,2000.0,600.0,2,0,0,Propia,Consumo,10000.0,True,True,408605101,4086051,REVISION_MANUAL,60,0.3,MODERADO,R001|R004|R005,3,0,,True,False,1,0,REVISION_MANUAL,0
34,2300.0,690.0,2,4,6,Familiar,Consumo,10000.0,False,True,408905102,4089051,RECHAZADO,57,0.3,MODERADO,R001|R010,2,0,,True,False,1,0,REVISION_MANUAL,0
28,9000.0,2700.0,2,1,1,Familiar,Consumo,10000.0,False,True,409001101,4090011,REVISION_MANUAL,76,0.3,MODERADO,R001|R012,2,1,,True,False,1,0,APROBADO,1
23,10000.0,3000.0,0,4,1,Familiar,Consumo,10000.0,False,True,409205102,4092051,RECHAZADO,10,0.3,MODERADO,R002,1,0,,True,True,0,0,RECHAZADO,0
67,2500.0,750.0,2,0,0,Propia,Consumo,10000.0,True,True,409304101,4093041,REVISION_MANUAL,68,0.3,MODERADO,R001|R004|R005|R012,4,1,,True,False,1,0,REVISION_MANUAL,0
22,2500.0,750.0,2,0,1,Familiar,Consumo,10000.0,True,True,409401103,4094011,RECHAZADO,52,0.3,MODERADO,R001|R004|R012,3,1,,True,False,1,0,RECHAZADO,0
53,1500.0,450.0,2,0,2,Familiar,Consumo,10000.0,True,True,409605102,4096051,RECHAZADO,42,0.3,MODERADO,R001|R004,2,0,,True,False,1,0,RECHAZADO,0
26,7000.0,2100.0,2,0,1,Familiar,Consumo,10000.0,True,True,409703102,4097031,RECHAZADO,57,0.3,MODERADO,R001|R004|R012,3,1,,True,False,1,0,REVISION_MANUAL,0
37,7500.0,2250.0,2,4,2,Familiar,Consumo,10000.0,False,True,410005102,4100051,APROBADO,84,0.3,MODERADO,R001|R012,2,1,,True,False,1,1,APROBADO,1
42,7000.0,2100.0,2,0,0,Propia,Consumo,10000.0,True,True,410301101,4103011,REVISION_MANUAL,73,0.3,MODERADO,R001|R004|R005|R012,4,1,,True,False,1,0,REVISION_MANUAL,0
51,2500.0,750.0,2,4,2,Propia,Consumo,10000.0,True,True,410703102,4107031,APROBADO,95,0.3,MODERADO,R001|R005|R012,3,1,,True,False,1,1,APROBADO,1
38,66000.0,19800.0,2,4,0,Propia,Consumo,10000.0,False,True,410801101,4108011,APROBADO,100,0.3,MODERADO,R001|R005|R012|R015,4,2,,True,False,1,1,APROBADO,1
54,20000.0,6000.0,2,2,2,Familiar,Consumo,10000.0,False,True,411104101,4111041,APROBADO,92,0.3,MODERADO,R001|R012,2,1,,True,False,1,1,APROBADO,1
77,7000.0,2100.0,2,1,0,Familiar,Consumo,10000.0,True,True,411404101,4114041,REVISION_MANUAL,74,0.3,MODERADO,R001|R012,2,1,,True,False,1,0,REVISION_MANUAL,0
28,7572.0,2271.6,2,4,3,Familiar,Consumo,10000.0,False,True,411601102,4116011,APROBADO,82,0.3,MODERADO,R001|R012,2,1,,True,False,1,1,APROBADO,1
42,15000.0,4500.0,0,4,1,Familiar,Consumo,10000.0,False,True,411701101,4117011,RECHAZADO,15,0.3,MODERADO,R002,1,0,,True,True,0,0,RECHAZADO,0
47,7000.0,2100.0,2,0,2,Propia,Consumo,10000.0,True,True,411805102,4118051,REVISION_MANUAL,70,0.3,MODERADO,R001|R004|R005|R012,4,1,,True,False,1,0,REVISION_MANUAL,0
44,2500.0,750.0,2,0,4,Propia,Consumo,10000.0,True,True,411918101,4119181,RECHAZADO,54,0.3,MODERADO,R001|R004|R005|R010|R012,5,1,,True,False,1,0,RECHAZADO,0
30,1900.0,570.0,2,4,5,Familiar,Consumo,10000.0,False,True,412404101,4124041,RECHAZADO,57,0.3,MODERADO,R001|R010,2,0,,True,False,1,0,REVISION_MANUAL,0
64,4000.0,1200.0,2,0,0,Propia,Consumo,10000.0,True,True,412605101,4126051,REVISION_MANUAL,69,0.3,MODERADO,R001|R004|R005|R012,4,1,,True,False,1,0,REVISION_MANUAL,0
26,3500.0,1050.0,2,4,4,Familiar,Consumo,10000.0,False,True,412803103,4128031,REVISION_MANUAL,68,0.3,MODERADO,R001|R010|R012,3,1,,True,False,1,0,REVISION_MANUAL,0
76,1500.0,450.0,2,4,0,Propia,Consumo,10000.0,False,True,412903101,4129031,APROBADO,94,0.3,MODERADO,R001|R005|R015,3,1,,True,False,1,1,APROBADO,1
41,38000.0,11400.0,2,4,3,Propia,Consumo,10000.0,False,True,413201101,4132011,APROBADO,100,0.3,MODERADO,R001|R005|R012,3,1,,True,False,1,1,APROBADO,1
30,10000.0,3000.0,2,4,3,Familiar,Consumo,10000.0,False,True,413303102,4133031,APROBADO,84,0.3,MODERADO,R001|R012,2,1,,True,False,1,1,APROBADO,1
36,1200.0,360.0,2,2,3,Familiar,Negocio,12000.0,False,True,413602102,4136021,APROBADO,80,0.3,MODERADO,R001|R006,2,0,,True,False,1,1,APROBADO,1
44,1500.0,450.0,2,1,2,Propia,Consumo,10000.0,False,True,413916101,4139161,REVISION_MANUAL,75,0.3,MODERADO,R001|R005,2,0,,True,False,1,0,APROBADO,1
69,7000.0,2100.0,2,0,0,Propia,Consumo,10000.0,True,True,414114101,4141141,REVISION_MANUAL,71,0.3,MODERADO,R001|R004|R005|R012,4,1,,True,False,1,0,REVISION_MANUAL,0
22,500.0,150.0,2,1,1,Familiar,Consumo,9000.0,False,True,414201101,4142011,RECHAZADO,58,0.3,MODERADO,R001,1,0,,True,False,1,0,REVISION_MANUAL,0
44,6000.0,1800.0,2,3,1,Propia,Negocio,12000.0,False,True,414304101,4143041,APROBADO,100,0.3,MODERADO,R001|R005|R006|R012,4,1,,True,False,1,1,APROBADO,1
40,30000.0,9000.0,2,4,1,Propia,Consumo,10000.0,False,True,414601101,4146011,APROBADO,100,0.3,MODERADO,R001|R005|R012,3,1,,True,False,1,1,APROBADO,1
30,2000.0,600.0,2,4,2,Familiar,Consumo,10000.0,False,True,414818101,4148181,REVISION_MANUAL,70,0.3,MODERADO,R001,1,0,,True,False,1,0,REVISION_MANUAL,0
39,3000.0,900.0,2,4,3,Propia,Consumo,10000.0,False,True,415101101,4151011,APROBADO,94,0.3,MODERADO,R001|R005|R012,3,1,,True,False,1,1,APROBADO,1
40,9000.0,2700.0,2,3,1,Familiar,Consumo,10000.0,False,True,415301102,4153011,APROBADO,86,0.3,MODERADO,R001|R012,2,1,,True,False,1,1,APROBADO,1
77,2500.0,750.0,0,0,1,Propia,Consumo,10000.0,True,True,415403102,4154031,RECHAZADO,0,0.3,MODERADO,R002|R004|R005,3,0,,True,True,0,0,RECHAZADO,0
54,1200.0,360.0,2,2,1,Propia,Consumo,10000.0,False,True,415605101,4156051,APROBADO,86,0.3,MODERADO,R001|R005,2,0,,True,False,1,1,APROBADO,1
63,1500.0,450.0,2,0,4,Propia,Consumo,10000.0,True,True,415701102,4157011,RECHAZADO,42,0.3,MODERADO,R001|R004|R005|R010,4,0,,True,False,1,0,RECHAZADO,0
33,3500.0,1050.0,2,4,2,Propia,Consumo,10000.0,False,True,415814102,4158141,APROBADO,96,0.3,MODERADO,R001|R005|R012,3,1,,True,False,1,1,APROBADO,1
47,9800.0,2940.0,0,4,1,Propia,Consumo,10000.0,False,True,416004101,4160041,RECHAZADO,27,0.3,MODERADO,R002|R005,2,0,,True,True,0,0,RECHAZADO,0
57,2000.0,600.0,2,4,1,Propia,Consumo,10000.0,True,True,416304101,4163041,APROBADO,84,0.3,MODERADO,R001|R005,2,0,,True,False,1,1,APROBADO,1
53,1500.0,450.0,2,2,2,Familiar,Negocio,12000.0,False,True,416502104,4165021,APROBADO,82,0.3,MODERADO,R001|R006,2,0,,True,False,1,1,APROBADO,1
64,50000.0,15000.0,0,4,1,Propia,Consumo,10000.0,False,True,417102101,4171021,RECHAZADO,38,0.3,MODERADO,R002|R005,2,0,,True,True,0,0,RECHAZADO,0
73,2500.0,750.0,2,4,0,Propia,Consumo,10000.0,True,True,417401101,4174011,APROBADO,100,0.3,MODERADO,R001|R005|R012|R015,4,2,,True,False,1,1,APROBADO,1
44,1800.0,540.0,0,2,1,Propia,Consumo,10000.0,False,True,417516101,4175161,RECHAZADO,21,0.3,MODERADO,R002|R005,2,0,,True,True,0,0,RECHAZADO,0
42,8000.0,2400.0,2,4,0,Familiar,Consumo,10000.0,False,True,418205102,4182051,APROBADO,87,0.3,MODERADO,R001|R012,2,1,,True,False,1,1,APROBADO,1
36,7500.0,2250.0,0,4,0,Familiar,Consumo,10000.0,False,True,418902102,4189021,RECHAZADO,12,0.3,MODERADO,R002,1,0,,True,True,0,0,RECHAZADO,0
61,7000.0,2100.0,2,0,1,Propia,Consumo,10000.0,True,True,419502103,4195021,REVISION_MANUAL,70,0.3,MODERADO,R001|R004|R005|R012,4,1,,True,False,1,0,REVISION_MANUAL,0
40,25000.0,7500.0,2,4,0,Propia,Consumo,10000.0,False,True,419702101,4197021,APROBADO,100,0.3,MODERADO,R001|R005|R012|R015,4,2,,True,False,1,1,APROBADO,1
77,2500.0,750.0,2,5,4,Propia,Consumo,10000.0,False,True,420003101,4200031,APROBADO,99,0.3,MODERADO,R001|R003|R005|R010|R012,5,1,,True,False,1,1,APROBADO,1
50,2000.0,600.0,2,1,1,Familiar,Consumo,10000.0,False,True,420816101,4208161,REVISION_MANUAL,61,0.3,MODERADO,R001,1,0,,True,False,1,0,REVISION_MANUAL,0
33,2500.0,750.0,2,0,2,Familiar,Consumo,10000.0,True,True,421002102,4210021,RECHAZADO,52,0.3,MODERADO,R001|R004|R012,3,1,,True,False,1,0,RECHAZADO,0
60,15000.0,4500.0,0,4,1,Propia,Consumo,10000.0,False,True,421302101,4213021,RECHAZADO,28,0.3,MODERADO,R002|R005,2,0,,True,True,0,0,RECHAZADO,0
38,2200.0,660.0,2,4,0,Propia,Consumo,10000.0,False,True,421505101,4215051,APROBADO,96,0.3,MODERADO,R001|R005|R015,3,1,,True,False,1,1,APROBADO,1
31,8000.0,2400.0,2,4,3,Familiar,Consumo,10000.0,False,True,421705105,4217051,APROBADO,82,0.3,MODERADO,R001|R012,2,1,,True,False,1,1,APROBADO,1
38,1800.0,540.0,2,1,1,Familiar,Consumo,10000.0,False,True,422110101,4221101,REVISION_MANUAL,61,0.3,MODERADO,R001,1,0,,True,False,1,0,REVISION_MANUAL,0
44,5000.0,1500.0,2,2,4,Familiar,Consumo,10000.0,False,True,422703101,4227031,REVISION_MANUAL,69,0.3,MODERADO,R001|R010|R012,3,1,,True,False,1,0,REVISION_MANUAL,0
39,1000.0,300.0,0,0,2,Propia,Consumo,10000.0,True,True,422904101,4229041,RECHAZADO,0,0.3,MODERADO,R002|R004|R005,3,0,,True,True,0,0,RECHAZADO,0
42,2000.0,600.0,2,1,2,Propia,Consumo,10000.0,False,True,423008101,4230081,REVISION_MANUAL,75,0.3,MODERADO,R001|R005,2,0,,True,False,1,0,APROBADO,1
34,3700.0,1110.0,0,2,2,Familiar,Consumo,10000.0,False,True,423105102,4231051,RECHAZADO,6,0.3,MODERADO,R002,1,0,,True,True,0,0,RECHAZADO,0
58,1500.0,450.0,2,0,3,Familiar,Consumo,10000.0,True,True,423415102,4234151,RECHAZADO,38,0.3,MODERADO,R001|R004,2,0,,True,False,1,0,RECHAZADO,0
37,4000.0,1200.0,2,4,2,Familiar,Negocio,12000.0,False,True,423504101,4235041,APROBADO,93,0.3,MODERADO,R001|R006|R012,3,1,,True,False,1,1,APROBADO,1
30,3800.0,1140.0,2,4,2,Propia,Consumo,10000.0,False,True,423705101,4237051,APROBADO,96,0.3,MODERADO,R001|R005|R012,3,1,,True,False,1,1,APROBADO,1
39,2400.0,720.0,0,2,0,Propia,Consumo,10000.0,False,True,423803101,4238031,RECHAZADO,23,0.3,MODERADO,R002|R005,2,0,,True,True,0,0,RECHAZADO,0
62,7000.0,2100.0,2,0,0,Propia,Consumo,10000.0,True,True,423911101,4239111,REVISION_MANUAL,71,0.3,MODERADO,R001|R004|R005|R012,4,1,,True,False,1,0,REVISION_MANUAL,0
27,3000.0,900.0,2,4,1,Familiar,Consumo,10000.0,False,True,424013103,4240131,APROBADO,82,0.3,MODERADO,R001|R012,2,1,,True,False,1,1,APROBADO,1
32,3000.0,900.0,0,1,3,Propia,Negocio,12000.0,False,True,424201101,4242011,RECHAZADO,21,0.3,MODERADO,R002|R005|R006,3,0,,True,True,0,0,RECHAZADO,0
32,5000.0,1500.0,0,4,0,Propia,Consumo,10000.0,False,True,424505102,4245051,RECHAZADO,33,0.3,MODERADO,R002|R005|R015,3,1,,True,True,0,0,RECHAZADO,0
60,30000.0,9000.0,2,5,2,Propia,Consumo,10000.0,False,True,424801101,4248011,APROBADO,100,0.3,MODERADO,R001|R003|R005|R012,4,1,,True,False,1,1,APROBADO,1
48,10000.0,3000.0,2,4,2,Propia,Consumo,10000.0,False,True,425103102,4251031,APROBADO,100,0.3,MODERADO,R001|R005|R012,3,1,,True,False,1,1,APROBADO,1
38,10000.0,3000.0,2,4,4,Familiar,Consumo,10000.0,False,True,425303101,4253031,REVISION_MANUAL,72,0.3,MODERADO,R001|R010|R012,3,1,,True,False,1,0,REVISION_MANUAL,0
64,2000.0,600.0,2,0,0,Propia,Consumo,10000.0,True,True,425704102,4257041,RECHAZADO,58,0.3,MODERADO,R001|R004|R005,3,0,,True,False,1,0,REVISION_MANUAL,0
34,1500.0,450.0,2,4,3,Familiar,Consumo,10000.0,False,True,426302103,4263021,REVISION_MANUAL,68,0.3,MODERADO,R001,1,0,,True,False,1,0,REVISION_MANUAL,0
33,600.0,180.0,0,1,3,Familiar,Consumo,10000.0,False,True,426411101,4264111,RECHAZADO,0,0.3,MODERADO,R002,1,0,,True,True,0,0,RECHAZADO,0
52,10000.0,3000.0,0,4,2,Familiar,Negocio,12000.0,False,True,426904102,4269041,RECHAZADO,22,0.3,MODERADO,R002|R006,2,0,,True,True,0,0,RECHAZADO,0
20,600.0,180.0,2,1,0,Familiar,Consumo,10000.0,False,True,427004102,4270041,RECHAZADO,48,0.3,MODERADO,R001|R009,2,0,,True,False,1,0,RECHAZADO,0
29,5000.0,1500.0,0,4,1,Familiar,Consumo,10000.0,False,True,427102102,4271021,RECHAZADO,8,0.3,MODERADO,R002,1,0,,True,True,0,0,RECHAZADO,0
32,2500.0,750.0,2,0,2,Familiar,Consumo,10000.0,True,True,427602102,4276021,RECHAZADO,52,0.3,MODERADO,R001|R004|R012,3,1,,True,False,1,0,RECHAZADO,0
23,2000.0,600.0,2,1,1,Familiar,Consumo,10000.0,False,True,427801103,4278011,RECHAZADO,59,0.3,MODERADO,R001,1,0,,True,False,1,0,REVISION_MANUAL,0
45,1800.0,540.0,2,4,1,Familiar,Consumo,10000.0,False,True,428002101,4280021,REVISION_MANUAL,71,0.3,MODERADO,R001,1,0,,True,False,1,0,REVISION_MANUAL,0
31,3000.0,900.0,2,2,2,Familiar,Consumo,10000.0,False,True,428306101,4283061,APROBADO,81,0.3,MODERADO,R001|R012,2,1,,True,False,1,1,APROBADO,1
80,7000.0,2100.0,2,0,0,Propia,Consumo,10000.0,True,True,428505102,4285051,REVISION_MANUAL,71,0.3,MODERADO,R001|R004|R005|R012,4,1,,True,False,1,0,REVISION_MANUAL,0
32,1950.0,585.0,2,4,2,Propia,Consumo,10000.0,False,True,428903101,4289031,APROBADO,85,0.3,MODERADO,R001|R005,2,0,,True,False,1,1,APROBADO,1
26,2000.0,600.0,0,4,2,Familiar,Consumo,10000.0,False,True,429203201,4292032,RECHAZADO,5,0.3,MODERADO,R002,1,0,,True,True,0,0,RECHAZADO,0
39,4950.0,1485.0,2,4,2,Propia,Consumo,10000.0,False,True,429303101,4293031,APROBADO,97,0.3,MODERADO,R001|R005|R012,3,1,,True,False,1,1,APROBADO,1
61,25000.0,7500.0,2,0,0,Propia,Consumo,10000.0,True,True,429414101,4294141,APROBADO,83,0.3,MODERADO,R001|R004|R005|R012,4,1,,True,False,1,1,APROBADO,1
25,7000.0,2100.0,2,2,2,Familiar,Consumo,10000.0,False,True,429605104,4296051,APROBADO,83,0.3,MODERADO,R001|R012,2,1,,True,False,1,1,APROBADO,1
39,20000.0,6000.0,2,4,2,Familiar,Consumo,10000.0,False,True,429702101,4297021,APROBADO,92,0.3,MODERADO,R001|R012,2,1,,True,False,1,1,APROBADO,1
24,3500.0,1050.0,2,2,2,Familiar,Consumo,10000.0,False,True,429905101,4299051,REVISION_MANUAL,79,0.3,MODERADO,R001|R012,2,1,,True,False,1,0,APROBADO,1
42,10000.0,3000.0,0,4,2,Familiar,Consumo,10000.0,False,True,430302103,4303021,RECHAZADO,10,0.3,MODERADO,R002,1,0,,True,True,0,0,RECHAZADO,0
41,22000.0,6600.0,2,2,2,Propia,Consumo,10000.0,False,True,430803104,4308031,APROBADO,100,0.3,MODERADO,R001|R005|R012,3,1,,True,False,1,1,APROBADO,1
57,3000.0,900.0,2,4,2,Propia,Consumo,10000.0,False,True,431402102,4314021,APROBADO,94,0.3,MODERADO,R001|R005|R012,3,1,,True,False,1,1,APROBADO,1
23,1000.0,300.0,0,2,4,Familiar,Consumo,10000.0,False,True,431704103,4317041,RECHAZADO,0,0.3,MODERADO,R002|R010,2,0,,True,True,0,0,RECHAZADO,0
48,7000.0,2100.0,2,4,1,Propia,Consumo,10000.0,True,True,432002102,4320021,APROBADO,100,0.3,MODERADO,R001|R005|R012,3,1,,True,False,1,1,APROBADO,1
79,2000.0,600.0,0,4,0,Propia,Consumo,10000.0,False,True,432105101,4321051,RECHAZADO,29,0.3,MODERADO,R002|R005|R015,3,1,,True,True,0,0,RECHAZADO,0
32,1000.0,300.0,2,2,0,Familiar,Consumo,10000.0,False,True,432801102,4328011,REVISION_MANUAL,72,0.3,MODERADO,R001,1,0,,True,False,1,0,REVISION_MANUAL,0
60,2500.0,750.0,2,0,1,Familiar,Consumo,10000.0,True,True,432903101,4329031,RECHAZADO,52,0.3,MODERADO,R001|R004|R012,3,1,,True,False,1,0,RECHAZADO,0
57,2000.0,600.0,2,4,0,Familiar,Consumo,10000.0,False,True,433204101,4332041,REVISION_MANUAL,71,0.3,MODERADO,R001,1,0,,True,False,1,0,REVISION_MANUAL,0
65,1000.0,300.0,2,4,0,Familiar,Consumo,10000.0,False,True,433404101,4334041,REVISION_MANUAL,70,0.3,MODERADO,R001,1,0,,True,False,1,0,REVISION_MANUAL,0
40,12000.0,3600.0,0,4,1,Familiar,Consumo,10000.0,False,True,433503101,4335031,RECHAZADO,13,0.3,MODERADO,R002,1,0,,True,True,0,0,RECHAZADO,0
39,2500.0,750.0,2,0,2,Propia,Consumo,10000.0,True,True,433614102,4336141,REVISION_MANUAL,67,0.3,MODERADO,R001|R004|R005|R012,4,1,,True,False,1,0,REVISION_MANUAL,0
30,20000.0,6000.0,2,4,2,Propia,Consumo,10000.0,False,True,433901101,4339011,APROBADO,100,0.3,MODERADO,R001|R005|R012,3,1,,True,False,1,1,APROBADO,1
33,6000.0,1800.0,2,1,2,Propia,Consumo,10000.0,False,True,434102101,4341021,APROBADO,88,0.3,MODERADO,R001|R005|R012,3,1,,True,False,1,1,APROBADO,1
24,11000.0,3300.0,2,4,2,Familiar,Consumo,10000.0,False,True,434304105,4343041,APROBADO,84,0.3,MODERADO,R001|R012,2,1,,True,False,1,1,APROBADO,1
52,4500.0,1350.0,2,2,1,Familiar,Consumo,10000.0,False,True,434607101,4346071,APROBADO,83,0.3,MODERADO,R001|R012,2,1,,True,False,1,1,APROBADO,1
83,2000.0,600.0,2,0,0,Propia,Consumo,10000.0,True,True,434804101,4348041,RECHAZADO,58,0.3,MODERADO,R001|R004|R005,3,0,,True,False,1,0,REVISION_MANUAL,0
43,2000.0,600.0,0,4,1,Familiar,Consumo,10000.0,False,True,434905102,4349051,RECHAZADO,6,0.3,MODERADO,R002,1,0,,True,True,0,0,RECHAZADO,0
26,2500.0,750.0,0,4,2,Familiar,Consumo,10000.0,False,True,435005103,4350051,RECHAZADO,5,0.3,MODERADO,R002,1,0,,True,True,0,0,RECHAZADO,0
65,2500.0,750.0,2,0,0,Familiar,Consumo,10000.0,True,True,435308102,4353081,RECHAZADO,53,0.3,MODERADO,R001|R004|R012,3,1,,True,False,1,0,RECHAZADO,0
38,2000.0,600.0,0,1,2,Familiar,Consumo,10000.0,False,True,435416103,4354161,RECHAZADO,0,0.3,MODERADO,R002,1,0,,True,True,0,0,RECHAZADO,0
38,3000.0,900.0,2,4,0,Propia,Consumo,10000.0,False,True,435511101,4355111,APROBADO,100,0.3,MODERADO,R001|R005|R012|R015,4,2,,True,False,1,1,APROBADO,1
38,7000.0,2100.0,2,4,0,Familiar,Consumo,10000.0,True,True,435603101,4356031,APROBADO,86,0.3,MODERADO,R001|R012,2,1,,True,False,1,1,APROBADO,1
33,2000.0,600.0,0,2,1,Familiar,Consumo,10000.0,False,True,435909101,4359091,RECHAZADO,6,0.3,MODERADO,R002,1,0,,True,True,0,0,RECHAZADO,0
47,8000.0,2400.0,2,1,3,Propia,Consumo,10000.0,False,True,436004102,4360041,APROBADO,87,0.3,MODERADO,R001|R005|R012,3,1,,True,False,1,1,APROBADO,1
66,2000.0,600.0,2,0,0,Propia,Consumo,10000.0,True,True,436405101,4364051,RECHAZADO,58,0.3,MODERADO,R001|R004|R005,3,0,,True,False,1,0,REVISION_MANUAL,0
20,7000.0,2100.0,2,0,2,Familiar,Consumo,10000.0,True,True,436604102,4366041,RECHAZADO,41,0.3,MODERADO,R001|R004|R009|R012,4,1,,True,False,1,0,RECHAZADO,0
35,20000.0,6000.0,2,1,0,Familiar,Consumo,10000.0,False,True,436703101,4367031,APROBADO,85,0.3,MODERADO,R001|R012,2,1,,True,False,1,1,APROBADO,1
29,7000.0,2100.0,2,4,2,Propia,Consumo,10000.0,False,True,436913101,4369131,APROBADO,98,0.3,MODERADO,R001|R005|R012,3,1,,True,False,1,1,APROBADO,1
41,1300.0,390.0,2,4,2,Familiar,Consumo,10000.0,False,True,437013102,4370131,REVISION_MANUAL,69,0.3,MODERADO,R001,1,0,,True,False,1,0,REVISION_MANUAL,0
42,7000.0,2100.0,2,1,1,Propia,Consumo,10000.0,False,True,437102101,4371021,APROBADO,90,0.3,MODERADO,R001|R005|R012,3,1,,True,False,1,1,APROBADO,1
40,5000.0,1500.0,2,4,1,Propia,Consumo,10000.0,False,True,437401101,4374011,APROBADO,98,0.3,MODERADO,R001|R005|R012,3,1,,True,False,1,1,APROBADO,1
26,5200.0,1560.0,0,4,0,Familiar,Consumo,10000.0,False,True,437905103,4379051,RECHAZADO,10,0.3,MODERADO,R002,1,0,,True,True,0,0,RECHAZADO,0
44,30000.0,9000.0,2,4,0,Propia,Consumo,10000.0,False,True,438403101,4384031,APROBADO,100,0.3,MODERADO,R001|R005|R012|R015,4,2,,True,False,1,1,APROBADO,1
55,8000.0,2400.0,2,3,2,Propia,Consumo,10000.0,False,True,438804102,4388041,APROBADO,99,0.3,MODERADO,R001|R005|R012,3,1,,True,False,1,1,APROBADO,1
48,30000.0,9000.0,2,4,2,Propia,Consumo,10000.0,False,True,439601101,4396011,APROBADO,100,0.3,MODERADO,R001|R005|R012,3,1,,True,False,1,1,APROBADO,1
32,1500.0,450.0,2,4,2,Familiar,Consumo,10000.0,False,True,439707101,4397071,REVISION_MANUAL,70,0.3,MODERADO,R001,1,0,,True,False,1,0,REVISION_MANUAL,0
48,1500.0,450.0,0,2,5,Familiar,Consumo,10000.0,True,True,439801103,4398011,RECHAZADO,0,0.3,MODERADO,R002|R010,2,0,,True,True,0,0,RECHAZADO,0
59,10000.0,3000.0,2,4,1,Propia,Consumo,10000.0,False,True,441202102,4412021,APROBADO,100,0.3,MODERADO,R001|R005|R012,3,1,,True,False,1,1,APROBADO,1
66,7000.0,2100.0,2,0,1,Propia,Consumo,10000.0,True,True,441305101,4413051,REVISION_MANUAL,70,0.3,MODERADO,R001|R004|R005|R012,4,1,,True,False,1,0,REVISION_MANUAL,0
40,3000.0,900.0,0,1,2,Propia,Consumo,10000.0,False,True,441505101,4415051,RECHAZADO,11,0.3,MODERADO,R002|R005,2,0,,True,True,0,0,RECHAZADO,0
37,2500.0,750.0,2,0,1,Familiar,Consumo,10000.0,True,True,441604102,4416041,RECHAZADO,54,0.3,MODERADO,R001|R004|R012,3,1,,True,False,1,0,RECHAZADO,0
31,14000.0,4200.0,2,4,0,Familiar,Consumo,10000.0,False,True,441903101,4419031,APROBADO,91,0.3,MODERADO,R001|R012,2,1,,True,False,1,1,APROBADO,1
51,200.0,60.0,2,1,1,Propia,Consumo,3600.0,False,True,442220101,4422201,REVISION_MANUAL,75,0.3,MODERADO,R001|R005,2,0,,True,False,1,0,APROBADO,1
37,50000.0,15000.0,0,4,0,Familiar,Consumo,10000.0,False,True,442605101,4426051,RECHAZADO,27,0.3,MODERADO,R002,1,0,,True,True,0,0,RECHAZADO,0
22,9000.0,2700.0,2,1,0,Familiar,Consumo,10000.0,False,True,443106101,4431061,REVISION_MANUAL,76,0.3,MODERADO,R001|R012,2,1,,True,False,1,0,APROBADO,1
63,7000.0,2100.0,2,0,0,Propia,Consumo,10000.0,True,True,443212101,4432121,REVISION_MANUAL,71,0.3,MODERADO,R001|R004|R005|R012,4,1,,True,False,1,0,REVISION_MANUAL,0
44,5000.0,1500.0,2,4,2,Familiar,Consumo,10000.0,False,True,443501101,4435011,APROBADO,82,0.3,MODERADO,R001|R012,2,1,,True,False,1,1,APROBADO,1
49,80000.0,24000.0,2,5,0,Familiar,Consumo,10000.0,False,True,443702101,4437021,APROBADO,100,0.3,MODERADO,R001|R003|R012,3,1,,True,False,1,1,APROBADO,1
54,2000.0,600.0,2,0,0,Propia,Consumo,10000.0,True,True,444210101,4442101,REVISION_MANUAL,60,0.3,MODERADO,R001|R004|R005,3,0,,True,False,1,0,REVISION_MANUAL,0
46,13000.0,3900.0,2,4,1,Propia,Consumo,10000.0,False,True,444305101,4443051,APROBADO,100,0.3,MODERADO,R001|R005|R012,3,1,,True,False,1,1,APROBADO,1
49,2800.0,840.0,2,4,3,Familiar,Consumo,10000.0,False,True,444501102,4445011,REVISION_MANUAL,79,0.3,MODERADO,R001|R012,2,1,,True,False,1,0,APROBADO,1
48,2500.0,750.0,2,2,4,Propia,Consumo,10000.0,False,True,444603101,4446031,APROBADO,82,0.3,MODERADO,R001|R005|R010|R012,4,1,,True,False,1,1,APROBADO,1
55,1900.0,570.0,2,4,5,Propia,Negocio,12000.0,False,True,445016101,4450161,APROBADO,84,0.3,MODERADO,R001|R005|R006|R010,4,0,,True,False,1,1,APROBADO,1
27,600.0,180.0,2,1,0,Familiar,Consumo,10000.0,False,True,445119101,4451191,REVISION_MANUAL,62,0.3,MODERADO,R001,1,0,,True,False,1,0,REVISION_MANUAL,0
62,7000.0,2100.0,2,0,0,Propia,Consumo,10000.0,True,True,445303101,4453031,REVISION_MANUAL,71,0.3,MODERADO,R001|R004|R005|R012,4,1,,True,False,1,0,REVISION_MANUAL,0
44,4000.0,1200.0,2,1,1,Propia,Consumo,10000.0,False,True,445601101,4456011,APROBADO,88,0.3,MODERADO,R001|R005|R012,3,1,,True,False,1,1,APROBADO,1
38,2900.0,870.0,2,4,2,Propia,Consumo,10000.0,False,True,445703101,4457031,APROBADO,95,0.3,MODERADO,R001|R005|R012,3,1,,True,False,1,1,APROBADO,1
22,2500.0,750.0,2,4,0,Propia,Consumo,10000.0,False,True,445901101,4459011,APROBADO,100,0.3,MODERADO,R001|R005|R012|R015,4,2,,True,False,1,1,APROBADO,1
27,10000.0,3000.0,2,4,3,Familiar,Consumo,10000.0,False,True,446105104,4461051,APROBADO,84,0.3,MODERADO,R001|R012,2,1,,True,False,1,1,APROBADO,1
60,3000.0,900.0,2,4,3,Propia,Consumo,10000.0,False,True,446705102,4467051,APROBADO,92,0.3,MODERADO,R001|R005|R012,3,1,,True,False,1,1,APROBADO,1
35,2000.0,600.0,2,0,2,Propia,Consumo,10000.0,True,True,447004102,4470041,RECHAZADO,57,0.3,MODERADO,R001|R004|R005,3,0,,True,False,1,0,REVISION_MANUAL,0
52,1000.0,300.0,2,1,1,Familiar,Consumo,10000.0,False,True,447320101,4473201,REVISION_MANUAL,61,0.3,MODERADO,R001,1,0,,True,False,1,0,REVISION_MANUAL,0
32,3000.0,900.0,2,2,0,Familiar,Consumo,10000.0,False,True,447701102,4477011,APROBADO,84,0.3,MODERADO,R001|R012,2,1,,True,False,1,1,APROBADO,1
37,85000.0,25500.0,2,3,2,Propia,Consumo,10000.0,False,True,448001102,4480011,APROBADO,100,0.3,MODERADO,R001|R005|R012,3,1,,True,False,1,1,APROBADO,1
40,2300.0,690.0,0,4,1,Familiar,Consumo,10000.0,False,True,448102102,4481021,RECHAZADO,7,0.3,MODERADO,R002,1,0,,True,True,0,0,RECHAZADO,0
20,2000.0,600.0,2,0,5,Familiar,Consumo,10000.0,True,True,448202103,4482021,RECHAZADO,15,0.3,MODERADO,R001|R004|R009|R010,4,0,,True,False,1,0,RECHAZADO,0
46,2000.0,600.0,2,0,0,Propia,Consumo,10000.0,True,True,448310102,4483101,REVISION_MANUAL,60,0.3,MODERADO,R001|R004|R005,3,0,,True,False,1,0,REVISION_MANUAL,0
25,15000.0,4500.0,2,4,2,Familiar,Consumo,10000.0,False,True,448804103,4488041,APROBADO,89,0.3,MODERADO,R001|R012,2,1,,True,False,1,1,APROBADO,1
42,1500.0,450.0,0,4,0,Propia,Consumo,10000.0,False,True,448903102,4489031,RECHAZADO,31,0.3,MODERADO,R002|R005|R015,3,1,,True,True,0,0,RECHAZADO,0
48,2000.0,600.0,2,2,1,Propia,Consumo,10000.0,False,True,449016101,4490161,APROBADO,86,0.3,MODERADO,R001|R005,2,0,,True,False,1,1,APROBADO,1
28,8000.0,2400.0,2,4,2,Familiar,Consumo,10000.0,False,True,449503102,4495031,APROBADO,84,0.3,MODERADO,R001|R012,2,1,,True,False,1,1,APROBADO,1
35,3800.0,1140.0,2,4,3,Familiar,Consumo,10000.0,False,True,449603101,4496031,APROBADO,80,0.3,MODERADO,R001|R012,2,1,,True,False,1,1,APROBADO,1
44,1600.0,480.0,2,4,0,Propia,Consumo,10000.0,False,True,449802101,4498021,APROBADO,96,0.3,MODERADO,R001|R005|R015,3,1,,True,False,1,1,APROBADO,1
45,2800.0,840.0,2,4,1,Propia,Consumo,10000.0,False,True,450004101,4500041,APROBADO,97,0.3,MODERADO,R001|R005|R012,3,1,,True,False,1,1,APROBADO,1
37,15000.0,4500.0,2,2,1,Propia,Consumo,10000.0,False,True,450906101,4509061,APROBADO,100,0.3,MODERADO,R001|R005|R012,3,1,,True,False,1,1,APROBADO,1
49,3000.0,900.0,0,4,0,Propia,Consumo,10000.0,False,True,451103103,4511031,RECHAZADO,32,0.3,MODERADO,R002|R005|R015,3,1,,True,True,0,0,RECHAZADO,0
42,2800.0,840.0,2,3,2,Propia,Consumo,10000.0,False,True,451601101,4516011,APROBADO,95,0.3,MODERADO,R001|R005|R012,3,1,,True,False,1,1,APROBADO,1
25,5000.0,1500.0,2,4,4,Familiar,Consumo,10000.0,False,True,451702102,4517021,REVISION_MANUAL,69,0.3,MODERADO,R001|R010|R012,3,1,,True,False,1,0,REVISION_MANUAL,0
85,7000.0,2100.0,2,0,1,Propia,Consumo,10000.0,True,True,452004101,4520041,REVISION_MANUAL,70,0.3,MODERADO,R001|R004|R005|R012,4,1,,True,False,1,0,REVISION_MANUAL,0
34,7000.0,2100.0,2,4,0,Propia,Consumo,10000.0,True,True,452402101,4524021,APROBADO,100,0.3,MODERADO,R001|R005|R012|R015,4,2,,True,False,1,1,APROBADO,1
50,3000.0,900.0,2,1,2,Familiar,Consumo,10000.0,False,True,453305101,4533051,REVISION_MANUAL,71,0.3,MODERADO,R001|R012,2,1,,True,False,1,0,REVISION_MANUAL,0
48,1500.0,450.0,2,4,2,Familiar,Consumo,10000.0,False,True,453708101,4537081,REVISION_MANUAL,70,0.3,MODERADO,R001,1,0,,True,False,1,0,REVISION_MANUAL,0
39,5000.0,1500.0,0,5,4,Familiar,Consumo,10000.0,False,True,454005101,4540051,RECHAZADO,18,0.3,MODERADO,R002|R003|R010,3,0,,True,True,0,0,RECHAZADO,0
52,1800.0,540.0,2,1,0,Familiar,Consumo,10000.0,False,True,454209102,4542091,REVISION_MANUAL,63,0.3,MODERADO,R001,1,0,,True,False,1,0,REVISION_MANUAL,0
80,1500.0,450.0,2,0,1,Propia,Consumo,10000.0,True,True,454317101,4543171,RECHAZADO,56,0.3,MODERADO,R001|R004|R005,3,0,,True,False,1,0,REVISION_MANUAL,0
45,3000.0,900.0,2,1,3,Propia,Consumo,10000.0,False,True,454501101,4545011,APROBADO,84,0.3,MODERADO,R001|R005|R012,3,1,,True,False,1,1,APROBADO,1
43,2200.0,660.0,2,4,0,Familiar,Consumo,10000.0,False,True,455004101,4550041,REVISION_MANUAL,73,0.3,MODERADO,R001,1,0,,True,False,1,0,REVISION_MANUAL,0
44,15000.0,4500.0,2,4,2,Familiar,Consumo,10000.0,False,True,455203101,4552031,APROBADO,89,0.3,MODERADO,R001|R012,2,1,,True,False,1,1,APROBADO,1
24,3500.0,1050.0,0,4,3,Familiar,Consumo,10000.0,False,True,455310102,4553101,RECHAZADO,2,0.3,MODERADO,R002,1,0,,True,True,0,0,RECHAZADO,0
40,15000.0,4500.0,0,1,2,Propia,Consumo,10000.0,False,True,455402102,4554021,RECHAZADO,19,0.3,MODERADO,R002|R005,2,0,,True,True,0,0,RECHAZADO,0
62,1000.0,300.0,2,2,1,Familiar,Consumo,10000.0,False,True,456405101,4564051,REVISION_MANUAL,69,0.3,MODERADO,R001,1,0,,True,False,1,0,REVISION_MANUAL,0
55,7000.0,2100.0,2,4,3,Propia,Consumo,10000.0,True,True,456601101,4566011,APROBADO,97,0.3,MODERADO,R001|R005|R012,3,1,,True,False,1,1,APROBADO,1
52,2100.0,630.0,2,4,0,Propia,Consumo,10000.0,False,True,457601101,4576011,APROBADO,96,0.3,MODERADO,R001|R005|R015,3,1,,True,False,1,1,APROBADO,1
38,5500.0,1650.0,2,4,2,Propia,Consumo,10000.0,False,True,458001102,4580011,APROBADO,97,0.3,MODERADO,R001|R005|R012,3,1,,True,False,1,1,APROBADO,1
67,1500.0,450.0,2,0,0,Propia,Consumo,10000.0,True,True,458101101,4581011,RECHAZADO,58,0.3,MODERADO,R001|R004|R005,3,0,,True,False,1,0,REVISION_MANUAL,0
40,1500.0,450.0,2,0,3,Familiar,Consumo,10000.0,True,True,458204102,4582041,RECHAZADO,40,0.3,MODERADO,R001|R004,2,0,,True,False,1,0,RECHAZADO,0
53,800.0,240.0,2,4,2,Propia,Consumo,10000.0,False,True,458403101,4584031,APROBADO,84,0.3,MODERADO,R001|R005,2,0,,True,False,1,1,APROBADO,1
65,7000.0,2100.0,2,0,1,Propia,Consumo,10000.0,True,True,458502101,4585021,REVISION_MANUAL,70,0.3,MODERADO,R001|R004|R005|R012,4,1,,True,False,1,0,REVISION_MANUAL,0
43,34000.0,10200.0,2,4,2,Propia,Consumo,10000.0,False,True,458810101,4588101,APROBADO,100,0.3,MODERADO,R001|R005|R012,3,1,,True,False,1,1,APROBADO,1
52,10000.0,3000.0,2,4,1,Propia,Consumo,10000.0,False,True,459003101,4590031,APROBADO,100,0.3,MODERADO,R001|R005|R012,3,1,,True,False,1,1,APROBADO,1
44,2000.0,600.0,2,1,2,Propia,Consumo,10000.0,False,True,459102101,4591021,REVISION_MANUAL,75,0.3,MODERADO,R001|R005,2,0,,True,False,1,0,APROBADO,1
26,20000.0,6000.0,2,3,4,Propia,Consumo,10000.0,False,True,459803103,4598031,APROBADO,94,0.3,MODERADO,R001|R005|R010|R012,4,1,,True,False,1,1,APROBADO,1
48,98000.0,29400.0,0,1,0,Propia,Consumo,10000.0,False,True,460102101,4601021,RECHAZADO,32,0.3,MODERADO,R002|R005,2,0,,True,True,0,0,RECHAZADO,0
43,10500.0,3150.0,0,4,0,Propia,Consumo,10000.0,False,True,460401101,4604011,RECHAZADO,37,0.3,MODERADO,R002|R005|R015,3,1,,True,True,0,0,RECHAZADO,0
79,1500.0,450.0,2,0,0,Propia,Consumo,10000.0,True,True,460601102,4606011,RECHAZADO,58,0.3,MODERADO,R001|R004|R005,3,0,,True,False,1,0,REVISION_MANUAL,0
28,6200.0,1860.0,2,4,0,Familiar,Consumo,10000.0,False,True,460809101,4608091,APROBADO,86,0.3,MODERADO,R001|R012,2,1,,True,False,1,1,APROBADO,1
56,15000.0,4500.0,2,4,2,Propia,Consumo,10000.0,False,True,460901101,4609011,APROBADO,100,0.3,MODERADO,R001|R005|R012,3,1,,True,False,1,1,APROBADO,1
48,2100.0,630.0,0,2,3,Propia,Consumo,10000.0,False,True,461012101,4610121,RECHAZADO,18,0.3,MODERADO,R002|R005,2,0,,True,True,0,0,RECHAZADO,0
19,600.0,180.0,0,4,2,Familiar,Consumo,10000.0,False,True,461405103,4614051,RECHAZADO,0,0.3,MODERADO,R002|R009,2,0,,True,True,0,0,RECHAZADO,0
69,2000.0,600.0,0,1,2,Propia,Negocio,12000.0,False,True,461505101,4615051,RECHAZADO,22,0.3,MODERADO,R002|R005|R006,3,0,,True,True,0,0,RECHAZADO,0
30,7000.0,2100.0,2,4,0,Propia,Consumo,10000.0,True,True,461704102,4617041,APROBADO,100,0.3,MODERADO,R001|R005|R012|R015,4,2,,True,False,1,1,APROBADO,1
62,10000.0,3000.0,2,3,0,Propia,Consumo,10000.0,False,True,462005101,4620051,APROBADO,100,0.3,MODERADO,R001|R005|R012|R015,4,2,,True,False,1,1,APROBADO,1
21,2000.0,600.0,2,1,2,Familiar,Consumo,10000.0,False,True,462401102,4624011,RECHAZADO,58,0.3,MODERADO,R001,1,0,,True,False,1,0,REVISION_MANUAL,0
21,1500.0,450.0,2,2,2,Familiar,Consumo,10000.0,False,True,462503103,4625031,REVISION_MANUAL,68,0.3,MODERADO,R001,1,0,,True,False,1,0,REVISION_MANUAL,0
41,1200.0,360.0,0,5,4,Familiar,Consumo,10000.0,False,True,462602102,4626021,RECHAZADO,16,0.3,MODERADO,R002|R003|R010,3,0,,True,True,0,0,RECHAZADO,0
47,2500.0,750.0,2,0,2,Familiar,Consumo,10000.0,True,True,462804102,4628041,RECHAZADO,52,0.3,MODERADO,R001|R004|R012,3,1,,True,False,1,0,RECHAZADO,0
24,5000.0,1500.0,2,2,1,Familiar,Consumo,10000.0,False,True,463005102,4630051,APROBADO,81,0.3,MODERADO,R001|R012,2,1,,True,False,1,1,APROBADO,1
36,8000.0,2400.0,0,5,0,Propia,Consumo,10000.0,False,True,463205101,4632051,RECHAZADO,54,0.3,MODERADO,R002|R003|R005|R015,4,1,,True,True,0,0,RECHAZADO,0
28,7000.0,2100.0,2,0,1,Familiar,Consumo,10000.0,True,True,463305102,4633051,RECHAZADO,57,0.3,MODERADO,R001|R004|R012,3,1,,True,False,1,0,REVISION_MANUAL,0
46,2500.0,750.0,2,2,0,Familiar,Consumo,10000.0,False,True,463405101,4634051,APROBADO,83,0.3,MODERADO,R001|R012,2,1,,True,False,1,1,APROBADO,1
26,500.0,150.0,2,1,1,Familiar,Consumo,9000.0,False,True,463503102,4635031,REVISION_MANUAL,60,0.3,MODERADO,R001,1,0,,True,False,1,0,REVISION_MANUAL,0
37,8500.0,2550.0,2,4,2,Propia,Consumo,10000.0,False,True,463903103,4639031,APROBADO,99,0.3,MODERADO,R001|R005|R012,3,1,,True,False,1,1,APROBADO,1
81,7000.0,2100.0,2,0,0,Propia,Consumo,10000.0,True,True,464005101,4640051,REVISION_MANUAL,71,0.3,MODERADO,R001|R004|R005|R012,4,1,,True,False,1,0,REVISION_MANUAL,0
33,14000.0,4200.0,2,4,4,Familiar,Consumo,10000.0,False,True,464203103,4642031,REVISION_MANUAL,75,0.3,MODERADO,R001|R010|R012,3,1,,True,False,1,0,APROBADO,1
39,7500.0,2250.0,2,1,4,Propia,Consumo,10000.0,False,True,464305102,4643051,REVISION_MANUAL,76,0.3,MODERADO,R001|R005|R010|R012,4,1,,True,False,1,0,APROBADO,1
52,8000.0,2400.0,2,4,3,Propia,Consumo,10000.0,False,True,464401101,4644011,APROBADO,97,0.3,MODERADO,R001|R005|R012,3,1,,True,False,1,1,APROBADO,1
57,10000.0,3000.0,2,4,1,Propia,Negocio,12000.0,False,True,464705101,4647051,APROBADO,100,0.3,MODERADO,R001|R005|R006|R012,4,1,,True,False,1,1,APROBADO,1
26,3700.0,1110.0,0,4,1,Familiar,Consumo,10000.0,False,True,465104101,4651041,RECHAZADO,7,0.3,MODERADO,R002,1,0,,True,True,0,0,RECHAZADO,0
64,3500.0,1050.0,2,1,0,Propia,Consumo,10000.0,False,True,465205101,4652051,APROBADO,87,0.3,MODERADO,R001|R005|R012,3,1,,True,False,1,1,APROBADO,1
25,6000.0,1800.0,2,2,2,Familiar,Consumo,10000.0,False,True,465604102,4656041,APROBADO,83,0.3,MODERADO,R001|R012,2,1,,True,False,1,1,APROBADO,1
61,4500.0,1350.0,2,4,0,Propia,Consumo,10000.0,False,True,465703101,4657031,APROBADO,100,0.3,MODERADO,R001|R005|R012|R015,4,2,,True,False,1,1,APROBADO,1
63,3800.0,1140.0,0,4,0,Propia,Consumo,10000.0,False,True,466005101,4660051,RECHAZADO,30,0.3,MODERADO,R002|R005|R015,3,1,,True,True,0,0,RECHAZADO,0
71,1500.0,450.0,2,0,0,Propia,Consumo,10000.0,True,True,466101101,4661011,RECHAZADO,58,0.3,MODERADO,R001|R004|R005,3,0,,True,False,1,0,REVISION_MANUAL,0
39,3500.0,1050.0,2,4,1,Familiar,Consumo,10000.0,False,True,466203101,4662031,APROBADO,82,0.3,MODERADO,R001|R012,2,1,,True,False,1,1,APROBADO,1
68,30000.0,9000.0,0,4,0,Propia,Consumo,10000.0,False,True,467001101,4670011,RECHAZADO,48,0.3,MODERADO,R002|R005|R015,3,1,,True,True,0,0,RECHAZADO,0
34,1000.0,300.0,2,2,2,Propia,Negocio,12000.0,False,True,467118102,4671181,APROBADO,96,0.3,MODERADO,R001|R005|R006,3,0,,True,False,1,1,APROBADO,1
78,14000.0,4200.0,2,0,0,Propia,Consumo,10000.0,True,True,467404101,4674041,REVISION_MANUAL,76,0.3,MODERADO,R001|R004|R005|R012,4,1,,True,False,1,0,APROBADO,1
33,2500.0,750.0,0,0,2,Familiar,Consumo,10000.0,True,True,467503102,4675031,RECHAZADO,0,0.3,MODERADO,R002|R004,2,0,,True,True,0,0,RECHAZADO,0
37,80000.0,24000.0,2,4,2,Propia,Consumo,10000.0,False,True,467703102,4677031,APROBADO,100,0.3,MODERADO,R001|R005|R012,3,1,,True,False,1,1,APROBADO,1
37,4000.0,1200.0,2,0,2,Familiar,Consumo,10000.0,True,True,468001102,4680011,RECHAZADO,53,0.3,MODERADO,R001|R004|R012,3,1,,True,False,1,0,RECHAZADO,0
21,4000.0,1200.0,2,1,3,Familiar,Consumo,10000.0,False,True,468105102,4681051,REVISION_MANUAL,68,0.3,MODERADO,R001|R012,2,1,,True,False,1,0,REVISION_MANUAL,0
30,500.0,150.0,0,2,0,Familiar,Consumo,9000.0,False,True,468202103,4682021,RECHAZADO,7,0.3,MODERADO,R002,1,0,,True,True,0,0,RECHAZADO,0
29,22000.0,6600.0,2,4,2,Propia,Consumo,10000.0,False,True,468504101,4685041,APROBADO,100,0.3,MODERADO,R001|R005|R012,3,1,,True,False,1,1,APROBADO,1
43,2000.0,600.0,2,0,3,Familiar,Consumo,10000.0,True,True,468604101,4686041,RECHAZADO,40,0.3,MODERADO,R001|R004,2,0,,True,False,1,0,RECHAZADO,0
65,5000.0,1500.0,0,3,0,Propia,Consumo,10000.0,False,True,468703101,4687031,RECHAZADO,31,0.3,MODERADO,R002|R005|R015,3,1,,True,True,0,0,RECHAZADO,0
50,7000.0,2100.0,2,4,2,Propia,Consumo,10000.0,False,True,468802101,4688021,APROBADO,98,0.3,MODERADO,R001|R005|R012,3,1,,True,False,1,1,APROBADO,1
52,1600.0,480.0,2,1,1,Propia,Consumo,10000.0,False,True,468906101,4689061,REVISION_MANUAL,76,0.3,MODERADO,R001|R005,2,0,,True,False,1,0,APROBADO,1
22,6800.0,2040.0,2,1,0,Familiar,Consumo,10000.0,False,True,469404101,4694041,REVISION_MANUAL,74,0.3,MODERADO,R001|R012,2,1,,True,False,1,0,REVISION_MANUAL,0
48,3500.0,1050.0,2,4,1,Familiar,Consumo,10000.0,False,True,469404202,4694042,APROBADO,82,0.3,MODERADO,R001|R012,2,1,,True,False,1,1,APROBADO,1
28,1500.0,450.0,2,4,2,Familiar,Consumo,10000.0,False,True,469501103,4695011,REVISION_MANUAL,70,0.3,MODERADO,R001,1,0,,True,False,1,0,REVISION_MANUAL,0
35,2000.0,600.0,2,1,2,Propia,Consumo,10000.0,False,True,469604102,4696041,REVISION_MANUAL,75,0.3,MODERADO,R001|R005,2,0,,True,False,1,0,APROBADO,1
33,5000.0,1500.0,2,4,2,Familiar,Consumo,10000.0,False,True,470202103,4702021,APROBADO,82,0.3,MODERADO,R001|R012,2,1,,True,False,1,1,APROBADO,1
49,1500.0,450.0,2,2,2,Propia,Consumo,10000.0,False,True,470305102,4703051,APROBADO,85,0.3,MODERADO,R001|R005,2,0,,True,False,1,1,APROBADO,1
21,500.0,150.0,2,1,2,Familiar,Consumo,9000.0,False,True,471104104,4711041,RECHAZADO,57,0.3,MODERADO,R001,1,0,,True,False,1,0,REVISION_MANUAL,0
46,2000.0,600.0,2,0,1,Familiar,Negocio,12000.0,True,True,471304102,4713041,RECHAZADO,55,0.3,MODERADO,R001|R004|R006,3,0,,True,False,1,0,REVISION_MANUAL,0
66,40000.0,12000.0,2,4,1,Propia,Consumo,10000.0,False,True,471404102,4714041,APROBADO,100,0.3,MODERADO,R001|R005|R012,3,1,,True,False,1,1,APROBADO,1
38,22000.0,6600.0,2,4,0,Propia,Consumo,10000.0,False,True,471614101,4716141,APROBADO,100,0.3,MODERADO,R001|R005|R012|R015,4,2,,True,False,1,1,APROBADO,1
62,7000.0,2100.0,2,0,0,Propia,Consumo,10000.0,True,True,471702102,4717021,REVISION_MANUAL,71,0.3,MODERADO,R001|R004|R005|R012,4,1,,True,False,1,0,REVISION_MANUAL,0
64,7000.0,2100.0,2,4,0,Propia,Consumo,10000.0,True,True,472004101,4720041,APROBADO,100,0.3,MODERADO,R001|R005|R012|R015,4,2,,True,False,1,1,APROBADO,1
52,2000.0,600.0,2,0,1,Familiar,Consumo,10000.0,True,True,472204102,4722041,RECHAZADO,43,0.3,MODERADO,R001|R004,2,0,,True,False,1,0,RECHAZADO,0
48,4000.0,1200.0,0,4,3,Familiar,Consumo,10000.0,False,True,472304101,4723041,RECHAZADO,5,0.3,MODERADO,R002,1,0,,True,True,0,0,RECHAZADO,0
72,2500.0,750.0,0,0,1,Familiar,Consumo,10000.0,True,True,472401101,4724011,RECHAZADO,0,0.3,MODERADO,R002|R004,2,0,,True,True,0,0,RECHAZADO,0
34,3000.0,900.0,2,4,4,Familiar,Consumo,10000.0,False,True,472502102,4725021,REVISION_MANUAL,68,0.3,MODERADO,R001|R010|R012,3,1,,True,False,1,0,REVISION_MANUAL,0
58,2500.0,750.0,2,1,0,Familiar,Consumo,10000.0,False,True,472603101,4726031,REVISION_MANUAL,71,0.3,MODERADO,R001|R012,2,1,,True,False,1,0,REVISION_MANUAL,0
48,2000.0,600.0,2,0,2,Propia,Consumo,10000.0,True,True,472712101,4727121,RECHAZADO,57,0.3,MODERADO,R001|R004|R005,3,0,,True,False,1,0,REVISION_MANUAL,0
28,1800.0,540.0,2,4,0,Familiar,Consumo,10000.0,False,True,473001102,4730011,REVISION_MANUAL,73,0.3,MODERADO,R001,1,0,,True,False,1,0,REVISION_MANUAL,0
30,1500.0,450.0,2,2,1,Familiar,Consumo,10000.0,False,True,473203101,4732031,REVISION_MANUAL,71,0.3,MODERADO,R001,1,0,,True,False,1,0,REVISION_MANUAL,0
47,5000.0,1500.0,0,4,2,Propia,Consumo,10000.0,False,True,474102101,4741021,RECHAZADO,22,0.3,MODERADO,R002|R005,2,0,,True,True,0,0,RECHAZADO,0
28,7000.0,2100.0,2,1,2,Familiar,Consumo,10000.0,True,True,474305107,4743051,REVISION_MANUAL,73,0.3,MODERADO,R001|R012,2,1,,True,False,1,0,REVISION_MANUAL,0
38,2000.0,600.0,2,1,3,Familiar,Consumo,10000.0,False,True,474512101,4745121,RECHAZADO,58,0.3,MODERADO,R001,1,0,,True,False,1,0,REVISION_MANUAL,0
34,1500.0,450.0,2,2,0,Propia,Consumo,10000.0,False,True,474605101,4746051,APROBADO,88,0.3,MODERADO,R001|R005,2,0,,True,False,1,1,APROBADO,1
29,2700.0,810.0,2,2,0,Familiar,Consumo,10000.0,False,True,474705102,4747051,APROBADO,83,0.3,MODERADO,R001|R012,2,1,,True,False,1,1,APROBADO,1
61,1500.0,450.0,2,2,0,Propia,Consumo,10000.0,False,True,475005102,4750051,APROBADO,86,0.3,MODERADO,R001|R005,2,0,,True,False,1,1,APROBADO,1
46,7300.0,2190.0,0,4,0,Propia,Consumo,10000.0,False,True,476405101,4764051,RECHAZADO,34,0.3,MODERADO,R002|R005|R015,3,1,,True,True,0,0,RECHAZADO,0
31,12000.0,3600.0,0,2,0,Familiar,Consumo,10000.0,False,True,476704101,4767041,RECHAZADO,15,0.3,MODERADO,R002,1,0,,True,True,0,0,RECHAZADO,0
38,2700.0,810.0,2,4,3,Propia,Consumo,10000.0,False,True,476815101,4768151,APROBADO,94,0.3,MODERADO,R001|R005|R012,3,1,,True,False,1,1,APROBADO,1
44,15000.0,4500.0,2,4,2,Familiar,Consumo,10000.0,False,True,476903101,4769031,APROBADO,89,0.3,MODERADO,R001|R012,2,1,,True,False,1,1,APROBADO,1
35,2500.0,750.0,0,0,3,Familiar,Consumo,10000.0,True,True,477610102,4776101,RECHAZADO,0,0.3,MODERADO,R002|R004,2,0,,True,True,0,0,RECHAZADO,0
48,1700.0,510.0,2,2,2,Propia,Consumo,10000.0,False,True,477803101,4778031,APROBADO,85,0.3,MODERADO,R001|R005,2,0,,True,False,1,1,APROBADO,1
31,1700.0,510.0,2,2,2,Familiar,Negocio,12000.0,False,True,478017101,4780171,APROBADO,82,0.3,MODERADO,R001|R006,2,0,,True,False,1,1,APROBADO,1
52,6000.0,1800.0,2,4,0,Propia,Consumo,10000.0,False,True,478204101,4782041,APROBADO,100,0.3,MODERADO,R001|R005|R012|R015,4,2,,True,False,1,1,APROBADO,1
32,1000.0,300.0,2,1,1,Familiar,Consumo,10000.0,False,True,478304102,4783041,REVISION_MANUAL,61,0.3,MODERADO,R001,1,0,,True,False,1,0,REVISION_MANUAL,0
29,4000.0,1200.0,0,2,2,Familiar,Consumo,10000.0,False,True,478513101,4785131,RECHAZADO,6,0.3,MODERADO,R002,1,0,,True,True,0,0,RECHAZADO,0
47,1800.0,540.0,0,1,3,Familiar,Consumo,10000.0,False,True,478712101,4787121,RECHAZADO,0,0.3,MODERADO,R002,1,0,,True,True,0,0,RECHAZADO,0
38,2500.0,750.0,2,4,2,Familiar,Consumo,10000.0,True,True,478801101,4788011,APROBADO,80,0.3,MODERADO,R001|R012,2,1,,True,False,1,1,APROBADO,1
22,2500.0,750.0,2,1,3,Propia,Negocio,12000.0,False,True,479201103,4792011,APROBADO,86,0.3,MODERADO,R001|R005|R006,3,0,,True,False,1,1,APROBADO,1
26,2500.0,750.0,2,2,3,Familiar,Consumo,10000.0,False,True,480503103,4805031,REVISION_MANUAL,79,0.3,MODERADO,R001|R012,2,1,,True,False,1,0,APROBADO,1
37,2000.0,600.0,2,4,3,Familiar,Consumo,10000.0,False,True,480805102,4808051,REVISION_MANUAL,68,0.3,MODERADO,R001,1,0,,True,False,1,0,REVISION_MANUAL,0
20,1800.0,540.0,2,4,4,Familiar,Consumo,10000.0,False,True,481102106,4811021,RECHAZADO,43,0.3,MODERADO,R001|R009|R010,3,0,,True,False,1,0,RECHAZADO,0
63,9000.0,2700.0,2,4,0,Propia,Consumo,10000.0,False,True,481401101,4814011,APROBADO,100,0.3,MODERADO,R001|R005|R012|R015,4,2,,True,False,1,1,APROBADO,1
45,20000.0,6000.0,2,4,0,Propia,Consumo,10000.0,False,True,481504101,4815041,APROBADO,100,0.3,MODERADO,R001|R005|R012|R015,4,2,,True,False,1,1,APROBADO,1
54,3000.0,900.0,2,4,2,Propia,Consumo,10000.0,False,True,481710101,4817101,APROBADO,96,0.3,MODERADO,R001|R005|R012,3,1,,True,False,1,1,APROBADO,1
19,1200.0,360.0,2,2,4,Familiar,Consumo,10000.0,False,True,481816104,4818161,RECHAZADO,43,0.3,MODERADO,R001|R009|R010,3,0,,True,False,1,0,RECHAZADO,0
57,2400.0,720.0,0,2,0,Familiar,Consumo,10000.0,False,True,482112101,4821121,RECHAZADO,6,0.3,MODERADO,R002,1,0,,True,True,0,0,RECHAZADO,0
41,2500.0,750.0,0,4,3,Propia,Consumo,10000.0,False,True,483303102,4833031,RECHAZADO,19,0.3,MODERADO,R002|R005,2,0,,True,True,0,0,RECHAZADO,0
57,1000.0,300.0,2,1,0,Propia,Consumo,10000.0,False,True,483518101,4835181,REVISION_MANUAL,75,0.3,MODERADO,R001|R005,2,0,,True,False,1,0,APROBADO,1
70,2000.0,600.0,2,0,0,Propia,Consumo,10000.0,True,True,483801102,4838011,RECHAZADO,58,0.3,MODERADO,R001|R004|R005,3,0,,True,False,1,0,REVISION_MANUAL,0
24,5000.0,1500.0,2,1,2,Familiar,Negocio,12000.0,False,True,484102101,4841021,APROBADO,84,0.3,MODERADO,R001|R006|R012,3,1,,True,False,1,1,APROBADO,1
38,26000.0,7800.0,2,2,0,Propia,Consumo,10000.0,False,True,484403101,4844031,APROBADO,100,0.3,MODERADO,R001|R005|R012,3,1,,True,False,1,1,APROBADO,1
66,2500.0,750.0,2,0,0,Propia,Negocio,12000.0,True,True,484604101,4846041,REVISION_MANUAL,72,0.3,MODERADO,R001|R004|R005|R006,4,0,,True,False,1,0,REVISION_MANUAL,0
79,250.0,75.0,0,1,3,Propia,Consumo,4500.0,False,True,484717102,4847171,RECHAZADO,5,0.3,MODERADO,R002|R005,2,0,,True,True,0,0,RECHAZADO,0
76,500.0,150.0,0,1,2,Familiar,Consumo,9000.0,False,True,485114101,4851141,RECHAZADO,0,0.3,MODERADO,R002,1,0,,True,True,0,0,RECHAZADO,0
27,5200.0,1560.0,2,4,1,Familiar,Consumo,10000.0,False,True,485501102,4855011,APROBADO,83,0.3,MODERADO,R001|R012,2,1,,True,False,1,1,APROBADO,1
26,4200.0,1260.0,2,4,0,Familiar,Consumo,10000.0,False,True,485620102,4856201,APROBADO,84,0.3,MODERADO,R001|R012,2,1,,True,False,1,1,APROBADO,1
71,2500.0,750.0,2,0,0,Propia,Consumo,10000.0,True,True,485901101,4859011,REVISION_MANUAL,68,0.3,MODERADO,R001|R004|R005|R012,4,1,,True,False,1,0,REVISION_MANUAL,0
28,4000.0,1200.0,0,4,2,Propia,Consumo,10000.0,False,True,486304101,4863041,RECHAZADO,21,0.3,MODERADO,R002|R005,2,0,,True,True,0,0,RECHAZADO,0
54,2100.0,630.0,2,4,0,Propia,Consumo,10000.0,False,True,486604101,4866041,APROBADO,96,0.3,MODERADO,R001|R005|R015,3,1,,True,False,1,1,APROBADO,1
29,6000.0,1800.0,2,4,1,Propia,Consumo,10000.0,False,True,486704101,4867041,APROBADO,99,0.3,MODERADO,R001|R005|R012,3,1,,True,False,1,1,APROBADO,1
26,6000.0,1800.0,2,2,2,Familiar,Consumo,10000.0,False,True,486803104,4868031,APROBADO,83,0.3,MODERADO,R001|R012,2,1,,True,False,1,1,APROBADO,1
32,1400.0,420.0,0,4,2,Familiar,Consumo,10000.0,False,True,487303101,4873031,RECHAZADO,4,0.3,MODERADO,R002,1,0,,True,True,0,0,RECHAZADO,0
40,8000.0,2400.0,0,4,1,Familiar,Consumo,10000.0,False,True,487507103,4875071,RECHAZADO,10,0.3,MODERADO,R002,1,0,,True,True,0,0,RECHAZADO,0
65,2000.0,600.0,2,0,0,Familiar,Consumo,10000.0,True,True,487718101,4877181,RECHAZADO,43,0.3,MODERADO,R001|R004,2,0,,True,False,1,0,RECHAZADO,0
31,12000.0,3600.0,2,4,2,Propia,Consumo,10000.0,False,True,487804102,4878041,APROBADO,100,0.3,MODERADO,R001|R005|R012,3,1,,True,False,1,1,APROBADO,1
40,3000.0,900.0,2,1,3,Propia,Consumo,10000.0,False,True,488103102,4881031,APROBADO,84,0.3,MODERADO,R001|R005|R012,3,1,,True,False,1,1,APROBADO,1
38,7000.0,2100.0,2,4,2,Propia,Consumo,10000.0,False,True,488305102,4883051,APROBADO,98,0.3,MODERADO,R001|R005|R012,3,1,,True,False,1,1,APROBADO,1
38,12000.0,3600.0,2,4,0,Propia,Consumo,10000.0,False,True,488402101,4884021,APROBADO,100,0.3,MODERADO,R001|R005|R012|R015,4,2,,True,False,1,1,APROBADO,1
58,7000.0,2100.0,2,4,0,Propia,Consumo,10000.0,True,True,488502101,4885021,APROBADO,100,0.3,MODERADO,R001|R005|R012|R015,4,2,,True,False,1,1,APROBADO,1
38,2000.0,600.0,2,0,4,Familiar,Consumo,10000.0,True,True,488604105,4886041,RECHAZADO,29,0.3,MODERADO,R001|R004|R010,3,0,,True,False,1,0,RECHAZADO,0
47,18000.0,5400.0,2,4,0,Familiar,Consumo,10000.0,False,True,488704101,4887041,APROBADO,94,0.3,MODERADO,R001|R012,2,1,,True,False,1,1,APROBADO,1
43,2500.0,750.0,2,1,1,Familiar,Consumo,10000.0,False,True,488803101,4888031,REVISION_MANUAL,72,0.3,MODERADO,R001|R012,2,1,,True,False,1,0,REVISION_MANUAL,0
35,5400.0,1620.0,2,4,4,Familiar,Consumo,10000.0,False,True,489005101,4890051,REVISION_MANUAL,69,0.3,MODERADO,R001|R010|R012,3,1,,True,False,1,0,REVISION_MANUAL,0
38,1200.0,360.0,2,2,3,Propia,Consumo,10000.0,False,True,489208101,4892081,APROBADO,83,0.3,MODERADO,R001|R005,2,0,,True,False,1,1,APROBADO,1
19,7000.0,2100.0,0,0,6,Familiar,Consumo,10000.0,True,True,489502103,4895021,RECHAZADO,0,0.3,MODERADO,R002|R004|R009|R010,4,0,,True,True,0,0,RECHAZADO,0
49,1500.0,450.0,2,1,2,Familiar,Negocio,12000.0,False,True,489601103,4896011,REVISION_MANUAL,72,0.3,MODERADO,R001|R006,2,0,,True,False,1,0,REVISION_MANUAL,0
26,3000.0,900.0,2,4,4,Propia,Consumo,10000.0,False,True,489804101,4898041,APROBADO,83,0.3,MODERADO,R001|R005|R010|R012,4,1,,True,False,1,1,APROBADO,1
23,7000.0,2100.0,2,0,1,Familiar,Consumo,10000.0,True,True,490006102,4900061,RECHAZADO,55,0.3,MODERADO,R001|R004|R012,3,1,,True,False,1,0,REVISION_MANUAL,0
34,1600.0,480.0,2,1,0,Propia,Consumo,10000.0,False,True,490108101,4901081,REVISION_MANUAL,78,0.3,MODERADO,R001|R005,2,0,,True,False,1,0,APROBADO,1
40,40000.0,12000.0,2,4,0,Propia,Consumo,10000.0,False,True,490301102,4903011,APROBADO,100,0.3,MODERADO,R001|R005|R012|R015,4,2,,True,False,1,1,APROBADO,1
29,10000.0,3000.0,0,1,1,Familiar,Consumo,10000.0,False,True,490601101,4906011,RECHAZADO,2,0.3,MODERADO,R002,1,0,,True,True,0,0,RECHAZADO,0
41,12000.0,3600.0,2,4,2,Familiar,Consumo,10000.0,False,True,490804101,4908041,APROBADO,87,0.3,MODERADO,R001|R012,2,1,,True,False,1,1,APROBADO,1
48,3000.0,900.0,2,1,0,Familiar,Consumo,10000.0,False,True,490904101,4909041,REVISION_MANUAL,74,0.3,MODERADO,R001|R012,2,1,,True,False,1,0,REVISION_MANUAL,0
64,750.0,225.0,2,2,0,Propia,Consumo,10000.0,False,True,491001101,4910011,APROBADO,85,0.3,MODERADO,R001|R005,2,0,,True,False,1,1,APROBADO,1
28,7000.0,2100.0,2,4,1,Familiar,Consumo,10000.0,True,True,491104102,4911041,APROBADO,85,0.3,MODERADO,R001|R012,2,1,,True,False,1,1,APROBADO,1
47,4000.0,1200.0,2,2,3,Familiar,Negocio,12000.0,True,True,491913101,4919131,APROBADO,92,0.3,MODERADO,R001|R006|R012,3,1,,True,False,1,1,APROBADO,1
50,1000.0,300.0,2,1,0,Familiar,Consumo,10000.0,False,True,492007101,4920071,REVISION_MANUAL,62,0.3,MODERADO,R001,1,0,,True,False,1,0,REVISION_MANUAL,0
25,4700.0,1410.0,2,2,0,Familiar,Consumo,10000.0,False,True,492201101,4922011,APROBADO,85,0.3,MODERADO,R001|R012,2,1,,True,False,1,1,APROBADO,1
41,1600.0,480.0,2,4,2,Propia,Consumo,10000.0,False,True,492303101,4923031,APROBADO,85,0.3,MODERADO,R001|R005,2,0,,True,False,1,1,APROBADO,1
24,7000.0,2100.0,2,0,0,Familiar,Consumo,10000.0,True,True,492607101,4926071,RECHAZADO,56,0.3,MODERADO,R001|R004|R012,3,1,,True,False,1,0,REVISION_MANUAL,0
43,5000.0,1500.0,2,4,0,Propia,Consumo,10000.0,False,True,493103102,4931031,APROBADO,100,0.3,MODERADO,R001|R005|R012|R015,4,2,,True,False,1,1,APROBADO,1
63,7000.0,2100.0,2,0,0,Propia,Consumo,10000.0,True,True,493404101,4934041,REVISION_MANUAL,71,0.3,MODERADO,R001|R004|R005|R012,4,1,,True,False,1,0,REVISION_MANUAL,0
55,1800.0,540.0,2,4,0,Propia,Consumo,10000.0,False,True,493501101,4935011,APROBADO,96,0.3,MODERADO,R001|R005|R015,3,1,,True,False,1,1,APROBADO,1
89,2500.0,750.0,0,0,1,Familiar,Consumo,10000.0,True,True,493603101,4936031,RECHAZADO,0,0.3,MODERADO,R002|R004,2,0,,True,True,0,0,RECHAZADO,0
66,7000.0,2100.0,2,0,0,Propia,Consumo,10000.0,True,True,494203102,4942031,REVISION_MANUAL,71,0.3,MODERADO,R001|R004|R005|R012,4,1,,True,False,1,0,REVISION_MANUAL,0
45,2700.0,810.0,2,4,3,Familiar,Consumo,10000.0,False,True,494304103,4943041,REVISION_MANUAL,79,0.3,MODERADO,R001|R012,2,1,,True,False,1,0,APROBADO,1
65,1000.0,300.0,2,1,0,Propia,Consumo,10000.0,False,True,494402101,4944021,REVISION_MANUAL,75,0.3,MODERADO,R001|R005,2,0,,True,False,1,0,APROBADO,1
58,14000.0,4200.0,2,0,0,Familiar,Consumo,10000.0,True,True,494602101,4946021,REVISION_MANUAL,61,0.3,MODERADO,R001|R004|R012,3,1,,True,False,1,0,REVISION_MANUAL,0
40,25000.0,7500.0,2,4,0,Propia,Consumo,10000.0,True,True,494705101,4947051,APROBADO,100,0.3,MODERADO,R001|R005|R012|R015,4,2,,True,False,1,1,APROBADO,1
28,3000.0,900.0,2,1,0,Familiar,Consumo,10000.0,False,True,494802101,4948021,REVISION_MANUAL,74,0.3,MODERADO,R001|R012,2,1,,True,False,1,0,REVISION_MANUAL,0
40,4000.0,1200.0,2,1,2,Propia,Consumo,10000.0,False,True,495211103,4952111,APROBADO,86,0.3,MODERADO,R001|R005|R012,3,1,,True,False,1,1,APROBADO,1
52,4000.0,1200.0,2,4,3,Propia,Consumo,10000.0,False,True,495604101,4956041,APROBADO,95,0.3,MODERADO,R001|R005|R012,3,1,,True,False,1,1,APROBADO,1
37,2000.0,600.0,2,0,3,Familiar,Consumo,10000.0,True,True,495911101,4959111,RECHAZADO,40,0.3,MODERADO,R001|R004,2,0,,True,False,1,0,RECHAZADO,0
20,7000.0,2100.0,2,0,2,Familiar,Consumo,10000.0,True,True,496403104,4964031,RECHAZADO,41,0.3,MODERADO,R001|R004|R009|R012,4,1,,True,False,1,0,RECHAZADO,0
27,4000.0,1200.0,2,4,1,Familiar,Consumo,10000.0,False,True,496504103,4965041,APROBADO,83,0.3,MODERADO,R001|R012,2,1,,True,False,1,1,APROBADO,1
47,11600.0,3480.0,2,4,3,Propia,Consumo,10000.0,False,True,496603102,4966031,APROBADO,100,0.3,MODERADO,R001|R005|R012,3,1,,True,False,1,1,APROBADO,1
28,35000.0,10500.0,2,4,0,Propia,Consumo,10000.0,False,True,496703101,4967031,APROBADO,100,0.3,MODERADO,R001|R005|R012|R015,4,2,,True,False,1,1,APROBADO,1
58,3000.0,900.0,2,4,0,Familiar,Consumo,10000.0,False,True,497113101,4971131,APROBADO,82,0.3,MODERADO,R001|R012,2,1,,True,False,1,1,APROBADO,1
30,3200.0,960.0,2,4,2,Propia,Consumo,10000.0,False,True,497201101,4972011,APROBADO,96,0.3,MODERADO,R001|R005|R012,3,1,,True,False,1,1,APROBADO,1
32,1000.0,300.0,2,2,3,Familiar,Consumo,10000.0,False,True,497503101,4975031,REVISION_MANUAL,68,0.3,MODERADO,R001,1,0,,True,False,1,0,REVISION_MANUAL,0
49,500.0,150.0,2,1,2,Familiar,Consumo,9000.0,False,True,497602102,4976021,RECHAZADO,59,0.3,MODERADO,R001,1,0,,True,False,1,0,REVISION_MANUAL,0
35,1200.0,360.0,2,2,4,Familiar,Negocio,12000.0,False,True,497904101,4979041,REVISION_MANUAL,69,0.3,MODERADO,R001|R006|R010,3,0,,True,False,1,0,REVISION_MANUAL,0
70,2500.0,750.0,0,0,1,Propia,Consumo,10000.0,True,True,498209101,4982091,RECHAZADO,0,0.3,MODERADO,R002|R004|R005,3,0,,True,True,0,0,RECHAZADO,0
47,14000.0,4200.0,2,4,2,Familiar,Consumo,10000.0,True,True,498603101,4986031,APROBADO,88,0.3,MODERADO,R001|R012,2,1,,True,False,1,1,APROBADO,1
54,7000.0,2100.0,2,4,2,Propia,Consumo,10000.0,True,True,498703102,4987031,APROBADO,98,0.3,MODERADO,R001|R005|R012,3,1,,True,False,1,1,APROBADO,1
36,6000.0,1800.0,2,1,1,Familiar,Consumo,10000.0,False,True,498905102,4989051,REVISION_MANUAL,74,0.3,MODERADO,R001|R012,2,1,,True,False,1,0,REVISION_MANUAL,0
28,3500.0,1050.0,2,4,1,Familiar,Consumo,10000.0,False,True,499003103,4990031,APROBADO,82,0.3,MODERADO,R001|R012,2,1,,True,False,1,1,APROBADO,1
40,3000.0,900.0,0,4,1,Familiar,Consumo,10000.0,False,True,500001101,5000011,RECHAZADO,7,0.3,MODERADO,R002,1,0,,True,True,0,0,RECHAZADO,0
30,4000.0,1200.0,0,4,2,Propia,Consumo,10000.0,False,True,500203101,5002031,RECHAZADO,21,0.3,MODERADO,R002|R005,2,0,,True,True,0,0,RECHAZADO,0
64,2500.0,750.0,0,1,1,Propia,Consumo,10000.0,False,True,500504101,5005041,RECHAZADO,10,0.3,MODERADO,R002|R005,2,0,,True,True,0,0,RECHAZADO,0
39,2500.0,750.0,0,5,2,Propia,Consumo,10000.0,False,True,500904101,5009041,RECHAZADO,39,0.3,MODERADO,R002|R003|R005,3,0,,True,True,0,0,RECHAZADO,0
41,40000.0,12000.0,2,4,2,Propia,Consumo,10000.0,False,True,501102101,5011021,APROBADO,100,0.3,MODERADO,R001|R005|R012,3,1,,True,False,1,1,APROBADO,1
36,15000.0,4500.0,2,4,0,Familiar,Consumo,10000.0,False,True,501402102,5014021,APROBADO,92,0.3,MODERADO,R001|R012,2,1,,True,False,1,1,APROBADO,1
39,5000.0,1500.0,2,4,2,Propia,Consumo,10000.0,False,True,501701102,5017011,APROBADO,97,0.3,MODERADO,R001|R005|R012,3,1,,True,False,1,1,APROBADO,1
20,2400.0,720.0,0,4,4,Familiar,Consumo,10000.0,False,True,501813106,5018131,RECHAZADO,0,0.3,MODERADO,R002|R009|R010,3,0,,True,True,0,0,RECHAZADO,0
49,18000.0,5400.0,2,4,0,Propia,Consumo,10000.0,False,True,502105101,5021051,APROBADO,100,0.3,MODERADO,R001|R005|R012|R015,4,2,,True,False,1,1,APROBADO,1
55,15000.0,4500.0,2,4,1,Propia,Consumo,10000.0,False,True,502302102,5023021,APROBADO,100,0.3,MODERADO,R001|R005|R012,3,1,,True,False,1,1,APROBADO,1
46,15000.0,4500.0,0,4,2,Familiar,Consumo,10000.0,False,True,502503101,5025031,RECHAZADO,14,0.3,MODERADO,R002,1,0,,True,True,0,0,RECHAZADO,0
47,20000.0,6000.0,2,4,2,Propia,Consumo,10000.0,False,True,502602101,5026021,APROBADO,100,0.3,MODERADO,R001|R005|R012,3,1,,True,False,1,1,APROBADO,1
37,4000.0,1200.0,0,1,1,Propia,Consumo,10000.0,False,True,503302101,5033021,RECHAZADO,13,0.3,MODERADO,R002|R005,2,0,,True,True,0,0,RECHAZADO,0
21,1200.0,360.0,2,1,4,Familiar,Consumo,10000.0,False,True,504001102,5040011,RECHAZADO,45,0.3,MODERADO,R001|R010,2,0,,True,False,1,0,RECHAZADO,0
36,2700.0,810.0,2,4,2,Propia,Consumo,10000.0,False,True,504405101,5044051,APROBADO,95,0.3,MODERADO,R001|R005|R012,3,1,,True,False,1,1,APROBADO,1
19,1000.0,300.0,2,4,2,Familiar,Consumo,10000.0,False,True,504802103,5048021,RECHAZADO,55,0.3,MODERADO,R001|R009,2,0,,True,False,1,0,REVISION_MANUAL,0
43,5000.0,1500.0,0,1,2,Propia,Negocio,12000.0,False,True,505011102,5050111,RECHAZADO,24,0.3,MODERADO,R002|R005|R006,3,0,,True,True,0,0,RECHAZADO,0
25,1200.0,360.0,2,1,2,Familiar,Consumo,10000.0,False,True,505103101,5051031,RECHAZADO,59,0.3,MODERADO,R001,1,0,,True,False,1,0,REVISION_MANUAL,0
56,1000.0,300.0,2,5,0,Propia,Consumo,10000.0,False,True,505205101,5052051,APROBADO,100,0.3,MODERADO,R001|R003|R005|R015,4,1,,True,False,1,1,APROBADO,1
41,10000.0,3000.0,2,4,2,Familiar,Consumo,10000.0,False,True,505308102,5053081,APROBADO,85,0.3,MODERADO,R001|R012,2,1,,True,False,1,1,APROBADO,1
42,10000.0,3000.0,2,1,2,Propia,Consumo,10000.0,False,True,505402101,5054021,APROBADO,90,0.3,MODERADO,R001|R005|R012,3,1,,True,False,1,1,APROBADO,1
51,700.0,210.0,0,2,1,Propia,Consumo,10000.0,False,True,505804102,5058041,RECHAZADO,20,0.3,MODERADO,R002|R005,2,0,,True,True,0,0,RECHAZADO,0
27,1500.0,450.0,2,2,2,Familiar,Consumo,10000.0,False,True,506016104,5060161,REVISION_MANUAL,70,0.3,MODERADO,R001,1,0,,True,False,1,0,REVISION_MANUAL,0
60,1000.0,300.0,2,1,1,Familiar,Negocio,12000.0,False,True,506301101,5063011,REVISION_MANUAL,73,0.3,MODERADO,R001|R006,2,0,,True,False,1,0,REVISION_MANUAL,0
66,2500.0,750.0,2,0,0,Propia,Consumo,10000.0,True,True,506404101,5064041,REVISION_MANUAL,68,0.3,MODERADO,R001|R004|R005|R012,4,1,,True,False,1,0,REVISION_MANUAL,0
18,5000.0,1500.0,2,3,1,Familiar,Consumo,10000.0,False,True,506501102,5065011,REVISION_MANUAL,69,0.3,MODERADO,R001|R009|R012,3,1,,True,False,1,0,REVISION_MANUAL,0
43,20000.0,6000.0,2,1,1,Familiar,Consumo,10000.0,False,True,506604102,5066041,APROBADO,83,0.3,MODERADO,R001|R012,2,1,,True,False,1,1,APROBADO,1
80,2000.0,600.0,2,4,0,Propia,Consumo,10000.0,False,True,507403102,5074031,APROBADO,94,0.3,MODERADO,R001|R005|R015,3,1,,True,False,1,1,APROBADO,1
29,2200.0,660.0,2,2,3,Familiar,Consumo,10000.0,False,True,507501103,5075011,REVISION_MANUAL,68,0.3,MODERADO,R001,1,0,,True,False,1,0,REVISION_MANUAL,0
45,8000.0,2400.0,2,4,1,Familiar,Consumo,10000.0,False,True,507701101,5077011,APROBADO,85,0.3,MODERADO,R001|R012,2,1,,True,False,1,1,APROBADO,1
52,800.0,240.0,0,1,0,Propia,Consumo,10000.0,False,True,507801101,5078011,RECHAZADO,12,0.3,MODERADO,R002|R005,2,0,,True,True,0,0,RECHAZADO,0
85,40000.0,12000.0,2,5,0,Propia,Consumo,10000.0,False,True,508105101,5081051,APROBADO,100,0.3,MODERADO,R001|R003|R005|R012|R015,5,2,,True,False,1,1,APROBADO,1
33,14000.0,4200.0,0,2,0,Familiar,Consumo,10000.0,False,True,508505101,5085051,RECHAZADO,16,0.3,MODERADO,R002,1,0,,True,True,0,0,RECHAZADO,0
24,3200.0,960.0,2,4,1,Familiar,Consumo,10000.0,False,True,508603101,5086031,APROBADO,80,0.3,MODERADO,R001|R012,2,1,,True,False,1,1,APROBADO,1
64,14000.0,4200.0,0,0,3,Propia,Consumo,10000.0,True,True,508705101,5087051,RECHAZADO,0,0.3,MODERADO,R002|R004|R005,3,0,,True,True,0,0,RECHAZADO,0
52,4500.0,1350.0,2,4,0,Propia,Consumo,10000.0,False,True,508801101,5088011,APROBADO,100,0.3,MODERADO,R001|R005|R012|R015,4,2,,True,False,1,1,APROBADO,1
29,1400.0,420.0,2,2,1,Familiar,Consumo,10000.0,False,True,509007103,5090071,REVISION_MANUAL,71,0.3,MODERADO,R001,1,0,,True,False,1,0,REVISION_MANUAL,0
33,2000.0,600.0,2,2,2,Propia,Consumo,10000.0,False,True,509504101,5095041,APROBADO,85,0.3,MODERADO,R001|R005,2,0,,True,False,1,1,APROBADO,1
65,2500.0,750.0,2,0,0,Familiar,Consumo,10000.0,True,True,509605102,5096051,RECHAZADO,53,0.3,MODERADO,R001|R004|R012,3,1,,True,False,1,0,RECHAZADO,0
30,8000.0,2400.0,2,4,0,Familiar,Consumo,10000.0,False,True,509704102,5097041,APROBADO,87,0.3,MODERADO,R001|R012,2,1,,True,False,1,1,APROBADO,1
59,24000.0,7200.0,2,4,2,Propia,Consumo,10000.0,False,True,509917101,5099171,APROBADO,100,0.3,MODERADO,R001|R005|R012,3,1,,True,False,1,1,APROBADO,1
28,6000.0,1800.0,2,1,1,Familiar,Consumo,10000.0,False,True,510205202,5102052,REVISION_MANUAL,74,0.3,MODERADO,R001|R012,2,1,,True,False,1,0,REVISION_MANUAL,0
24,1500.0,450.0,0,1,1,Familiar,Consumo,10000.0,False,True,510205302,5102053,RECHAZADO,0,0.3,MODERADO,R002,1,0,,True,True,0,0,RECHAZADO,0
61,2500.0,750.0,0,0,5,Propia,Negocio,12000.0,True,True,510502102,5105021,RECHAZADO,0,0.3,MODERADO,R002|R004|R005|R006|R010,5,0,,True,True,0,0,RECHAZADO,0
50,4000.0,1200.0,2,4,1,Familiar,Consumo,10000.0,False,True,510803101,5108031,APROBADO,83,0.3,MODERADO,R001|R012,2,1,,True,False,1,1,APROBADO,1
26,4500.0,1350.0,0,4,1,Familiar,Consumo,10000.0,False,True,510902103,5109021,RECHAZADO,8,0.3,MODERADO,R002,1,0,,True,True,0,0,RECHAZADO,0
64,750.0,225.0,0,4,0,Familiar,Consumo,10000.0,False,True,511202101,5112021,RECHAZADO,5,0.3,MODERADO,R002,1,0,,True,True,0,0,RECHAZADO,0
37,8000.0,2400.0,0,1,4,Propia,Consumo,10000.0,False,True,511308101,5113081,RECHAZADO,1,0.3,MODERADO,R002|R005|R010,3,0,,True,True,0,0,RECHAZADO,0
59,2600.0,780.0,2,4,1,Propia,Consumo,10000.0,False,True,511601101,5116011,APROBADO,95,0.3,MODERADO,R001|R005|R012,3,1,,True,False,1,1,APROBADO,1
45,3300.0,990.0,2,4,0,Familiar,Consumo,10000.0,False,True,511801102,5118011,APROBADO,84,0.3,MODERADO,R001|R012,2,1,,True,False,1,1,APROBADO,1
56,1000.0,300.0,2,2,2,Propia,Negocio,12000.0,False,True,512106101,5121061,APROBADO,96,0.3,MODERADO,R001|R005|R006,3,0,,True,False,1,1,APROBADO,1
32,1800.0,540.0,0,4,1,Propia,Consumo,10000.0,False,True,512310101,5123101,RECHAZADO,21,0.3,MODERADO,R002|R005,2,0,,True,True,0,0,RECHAZADO,0
45,7000.0,2100.0,2,4,0,Familiar,Consumo,10000.0,True,True,512602101,5126021,APROBADO,86,0.3,MODERADO,R001|R012,2,1,,True,False,1,1,APROBADO,1
64,3500.0,1050.0,2,5,0,Propia,Consumo,10000.0,False,True,512704102,5127041,APROBADO,100,0.3,MODERADO,R001|R003|R005|R012|R015,5,2,,True,False,1,1,APROBADO,1
26,700.0,210.0,0,2,1,Familiar,Consumo,10000.0,False,True,512801102,5128011,RECHAZADO,5,0.3,MODERADO,R002,1,0,,True,True,0,0,RECHAZADO,0
49,2900.0,870.0,2,4,0,Familiar,Consumo,10000.0,False,True,512901101,5129011,APROBADO,83,0.3,MODERADO,R001|R012,2,1,,True,False,1,1,APROBADO,1
45,2000.0,600.0,2,2,1,Propia,Consumo,10000.0,False,True,513311102,5133111,APROBADO,86,0.3,MODERADO,R001|R005,2,0,,True,False,1,1,APROBADO,1
36,1500.0,450.0,2,4,3,Familiar,Consumo,10000.0,False,True,513503101,5135031,REVISION_MANUAL,68,0.3,MODERADO,R001,1,0,,True,False,1,0,REVISION_MANUAL,0
41,50000.0,15000.0,0,1,0,Propia,Consumo,10000.0,False,True,513803101,5138031,RECHAZADO,32,0.3,MODERADO,R002|R005,2,0,,True,True,0,0,RECHAZADO,0
28,15000.0,4500.0,2,4,1,Familiar,Consumo,10000.0,False,True,513904103,5139041,APROBADO,90,0.3,MODERADO,R001|R012,2,1,,True,False,1,1,APROBADO,1
23,1500.0,450.0,2,2,2,Familiar,Consumo,10000.0,False,True,514305103,5143051,REVISION_MANUAL,68,0.3,MODERADO,R001,1,0,,True,False,1,0,REVISION_MANUAL,0
47,2000.0,600.0,0,1,1,Propia,Consumo,10000.0,False,True,514410101,5144101,RECHAZADO,11,0.3,MODERADO,R002|R005,2,0,,True,True,0,0,RECHAZADO,0
56,98000.0,29400.0,2,4,2,Propia,Consumo,10000.0,False,True,515002101,5150021,APROBADO,100,0.3,MODERADO,R001|R005|R012,3,1,,True,False,1,1,APROBADO,1
31,7000.0,2100.0,2,1,0,Familiar,Consumo,10000.0,True,True,515301101,5153011,REVISION_MANUAL,76,0.3,MODERADO,R001|R012,2,1,,True,False,1,0,APROBADO,1
28,19000.0,5700.0,2,4,0,Familiar,Consumo,10000.0,False,True,515301201,5153012,APROBADO,94,0.3,MODERADO,R001|R012,2,1,,True,False,1,1,APROBADO,1
27,3500.0,1050.0,2,4,0,Familiar,Negocio,12000.0,False,True,516004101,5160041,APROBADO,96,0.3,MODERADO,R001|R006|R012,3,1,,True,False,1,1,APROBADO,1
69,1000.0,300.0,2,0,1,Propia,Consumo,10000.0,True,True,516103101,5161031,RECHAZADO,56,0.3,MODERADO,R001|R004|R005,3,0,,True,False,1,0,REVISION_MANUAL,0
35,2000.0,600.0,2,0,1,Familiar,Consumo,10000.0,True,True,516302101,5163021,RECHAZADO,43,0.3,MODERADO,R001|R004,2,0,,True,False,1,0,RECHAZADO,0
31,3000.0,900.0,0,4,0,Familiar,Consumo,10000.0,False,True,516505101,5165051,RECHAZADO,9,0.3,MODERADO,R002,1,0,,True,True,0,0,RECHAZADO,0
50,7000.0,2100.0,2,1,0,Familiar,Consumo,10000.0,True,True,516605102,5166051,REVISION_MANUAL,76,0.3,MODERADO,R001|R012,2,1,,True,False,1,0,APROBADO,1
30,3000.0,900.0,2,4,1,Familiar,Consumo,10000.0,False,True,516815103,5168151,APROBADO,82,0.3,MODERADO,R001|R012,2,1,,True,False,1,1,APROBADO,1
56,3000.0,900.0,0,2,0,Propia,Consumo,10000.0,False,True,516903101,5169031,RECHAZADO,22,0.3,MODERADO,R002|R005,2,0,,True,True,0,0,RECHAZADO,0
66,1500.0,450.0,2,5,0,Propia,Consumo,10000.0,False,True,517320101,5173201,APROBADO,100,0.3,MODERADO,R001|R003|R005|R015,4,1,,True,False,1,1,APROBADO,1
24,12000.0,3600.0,2,2,2,Familiar,Consumo,10000.0,False,True,517405102,5174051,APROBADO,85,0.3,MODERADO,R001|R012,2,1,,True,False,1,1,APROBADO,1
62,2500.0,750.0,0,0,0,Propia,Consumo,10000.0,True,True,517605101,5176051,RECHAZADO,0,0.3,MODERADO,R002|R004|R005,3,0,,True,True,0,0,RECHAZADO,0
67,1500.0,450.0,2,0,0,Propia,Consumo,10000.0,True,True,518101101,5181011,RECHAZADO,58,0.3,MODERADO,R001|R004|R005,3,0,,True,False,1,0,REVISION_MANUAL,0
28,11000.0,3300.0,2,4,2,Familiar,Consumo,10000.0,False,True,518206103,5182061,APROBADO,86,0.3,MODERADO,R001|R012,2,1,,True,False,1,1,APROBADO,1
43,700.0,210.0,0,1,2,Propia,Negocio,12000.0,False,True,518401101,5184011,RECHAZADO,21,0.3,MODERADO,R002|R005|R006,3,0,,True,True,0,0,RECHAZADO,0
49,14000.0,4200.0,2,1,0,Propia,Consumo,10000.0,True,True,518603101,5186031,APROBADO,96,0.3,MODERADO,R001|R005|R012,3,1,,True,False,1,1,APROBADO,1
34,7000.0,2100.0,2,4,2,Propia,Consumo,10000.0,True,True,519004102,5190041,APROBADO,98,0.3,MODERADO,R001|R005|R012,3,1,,True,False,1,1,APROBADO,1
37,1500.0,450.0,2,0,1,Propia,Consumo,10000.0,True,True,519204103,5192041,RECHAZADO,58,0.3,MODERADO,R001|R004|R005,3,0,,True,False,1,0,REVISION_MANUAL,0
28,12000.0,3600.0,2,4,0,Propia,Consumo,10000.0,False,True,519404103,5194041,APROBADO,100,0.3,MODERADO,R001|R005|R012|R015,4,2,,True,False,1,1,APROBADO,1
33,1000.0,300.0,2,2,3,Familiar,Consumo,10000.0,False,True,519612102,5196121,REVISION_MANUAL,68,0.3,MODERADO,R001,1,0,,True,False,1,0,REVISION_MANUAL,0
48,7000.0,2100.0,2,0,0,Familiar,Consumo,10000.0,True,True,519713102,5197131,RECHAZADO,58,0.3,MODERADO,R001|R004|R012,3,1,,True,False,1,0,REVISION_MANUAL,0
28,10000.0,3000.0,2,1,2,Familiar,Consumo,10000.0,False,True,520105103,5201051,REVISION_MANUAL,75,0.3,MODERADO,R001|R012,2,1,,True,False,1,0,APROBADO,1
26,3500.0,1050.0,0,1,2,Familiar,Negocio,12000.0,False,True,520201102,5202011,RECHAZADO,8,0.3,MODERADO,R002|R006,2,0,,True,True,0,0,RECHAZADO,0
47,8000.0,2400.0,0,1,1,Familiar,Consumo,10000.0,False,True,520401101,5204011,RECHAZADO,0,0.3,MODERADO,R002,1,0,,True,True,0,0,RECHAZADO,0
18,1200.0,360.0,2,2,1,Familiar,Consumo,10000.0,False,True,520604101,5206041,RECHAZADO,57,0.3,MODERADO,R001|R009,2,0,,True,False,1,0,REVISION_MANUAL,0
74,30000.0,9000.0,0,2,0,Familiar,Consumo,10000.0,False,True,520903101,5209031,RECHAZADO,25,0.3,MODERADO,R002,1,0,,True,True,0,0,RECHAZADO,0
34,20000.0,6000.0,0,1,2,Propia,Consumo,10000.0,False,True,521703102,5217031,RECHAZADO,22,0.3,MODERADO,R002|R005,2,0,,True,True,0,0,RECHAZADO,0
50,8000.0,2400.0,2,4,1,Familiar,Consumo,10000.0,False,True,521804101,5218041,APROBADO,85,0.3,MODERADO,R001|R012,2,1,,True,False,1,1,APROBADO,1
30,2500.0,750.0,2,1,0,Familiar,Negocio,12000.0,False,True,521902101,5219021,REVISION_MANUAL,75,0.3,MODERADO,R001|R006,2,0,,True,False,1,0,APROBADO,1
59,7000.0,2100.0,2,0,3,Familiar,Consumo,10000.0,True,True,522016102,5220161,RECHAZADO,52,0.3,MODERADO,R001|R004|R012,3,1,,True,False,1,0,RECHAZADO,0
27,2600.0,780.0,2,2,2,Familiar,Consumo,10000.0,False,True,522101103,5221011,APROBADO,80,0.3,MODERADO,R001|R012,2,1,,True,False,1,1,APROBADO,1
57,4000.0,1200.0,2,4,0,Propia,Consumo,10000.0,True,True,522710101,5227101,APROBADO,100,0.3,MODERADO,R001|R005|R012|R015,4,2,,True,False,1,1,APROBADO,1
58,400.0,120.0,0,4,0,Propia,Consumo,7200.0,False,True,523113101,5231131,RECHAZADO,28,0.3,MODERADO,R002|R005|R015,3,1,,True,True,0,0,RECHAZADO,0
25,5000.0,1500.0,2,4,1,Propia,Consumo,10000.0,False,True,523302101,5233021,APROBADO,98,0.3,MODERADO,R001|R005|R012,3,1,,True,False,1,1,APROBADO,1
49,9000.0,2700.0,2,4,1,Familiar,Consumo,10000.0,False,True,523402101,5234021,APROBADO,86,0.3,MODERADO,R001|R012,2,1,,True,False,1,1,APROBADO,1
27,2800.0,840.0,0,4,1,Propia,Consumo,10000.0,False,True,523604102,5236041,RECHAZADO,22,0.3,MODERADO,R002|R005,2,0,,True,True,0,0,RECHAZADO,0
32,18000.0,5400.0,2,4,1,Propia,Consumo,10000.0,False,True,524202101,5242021,APROBADO,100,0.3,MODERADO,R001|R005|R012,3,1,,True,False,1,1,APROBADO,1
18,2500.0,750.0,2,0,3,Familiar,Consumo,10000.0,True,True,524320103,5243201,RECHAZADO,37,0.3,MODERADO,R001|R004|R009|R012,4,1,,True,False,1,0,RECHAZADO,0
51,2000.0,600.0,2,4,5,Propia,Negocio,12000.0,False,True,524602101,5246021,APROBADO,84,0.3,MODERADO,R001|R005|R006|R010,4,0,,True,False,1,1,APROBADO,1
37,5200.0,1560.0,2,4,2,Propia,Consumo,10000.0,False,True,525102101,5251021,APROBADO,97,0.3,MODERADO,R001|R005|R012,3,1,,True,False,1,1,APROBADO,1
35,10000.0,3000.0,2,4,2,Propia,Consumo,10000.0,False,True,525504101,5255041,APROBADO,100,0.3,MODERADO,R001|R005|R012,3,1,,True,False,1,1,APROBADO,1
51,1000.0,300.0,2,1,4,Familiar,Consumo,10000.0,False,True,525602101,5256021,RECHAZADO,47,0.3,MODERADO,R001|R010,2,0,,True,False,1,0,RECHAZADO,0
52,35000.0,10500.0,0,4,3,Propia,Consumo,10000.0,False,True,526005101,5260051,RECHAZADO,37,0.3,MODERADO,R002|R005,2,0,,True,True,0,0,RECHAZADO,0
35,25000.0,7500.0,2,4,1,Propia,Consumo,10000.0,False,True,526303101,5263031,APROBADO,100,0.3,MODERADO,R001|R005|R012,3,1,,True,False,1,1,APROBADO,1
39,7000.0,2100.0,2,4,3,Familiar,Consumo,10000.0,False,True,526403101,5264031,APROBADO,82,0.3,MODERADO,R001|R012,2,1,,True,False,1,1,APROBADO,1
55,8500.0,2550.0,2,1,0,Propia,Consumo,10000.0,False,True,526703101,5267031,APROBADO,92,0.3,MODERADO,R001|R005|R012,3,1,,True,False,1,1,APROBADO,1
41,2500.0,750.0,0,2,4,Propia,Consumo,10000.0,False,True,526807102,5268071,RECHAZADO,7,0.3,MODERADO,R002|R005|R010,3,0,,True,True,0,0,RECHAZADO,0
39,2800.0,840.0,0,4,3,Propia,Consumo,10000.0,False,True,526902101,5269021,RECHAZADO,19,0.3,MODERADO,R002|R005,2,0,,True,True,0,0,RECHAZADO,0
22,15000.0,4500.0,2,2,4,Familiar,Consumo,10000.0,False,True,527102104,5271021,REVISION_MANUAL,74,0.3,MODERADO,R001|R010|R012,3,1,,True,False,1,0,REVISION_MANUAL,0
36,2450.0,735.0,0,4,3,Propia,Consumo,10000.0,False,True,527205101,5272051,RECHAZADO,19,0.3,MODERADO,R002|R005,2,0,,True,True,0,0,RECHAZADO,0
53,3000.0,900.0,2,4,0,Familiar,Consumo,10000.0,False,True,527403102,5274031,APROBADO,84,0.3,MODERADO,R001|R012,2,1,,True,False,1,1,APROBADO,1
38,4000.0,1200.0,2,1,0,Propia,Consumo,10000.0,False,True,527609101,5276091,APROBADO,89,0.3,MODERADO,R001|R005|R012,3,1,,True,False,1,1,APROBADO,1
33,2500.0,750.0,2,4,0,Familiar,Consumo,10000.0,True,True,527609201,5276092,APROBADO,83,0.3,MODERADO,R001|R012,2,1,,True,False,1,1,APROBADO,1
36,2500.0,750.0,2,0,2,Propia,Consumo,10000.0,True,True,528003102,5280031,REVISION_MANUAL,67,0.3,MODERADO,R001|R004|R005|R012,4,1,,True,False,1,0,REVISION_MANUAL,0
64,4000.0,1200.0,2,4,1,Propia,Consumo,10000.0,False,True,528102101,5281021,APROBADO,96,0.3,MODERADO,R001|R005|R012,3,1,,True,False,1,1,APROBADO,1
23,2500.0,750.0,2,0,1,Familiar,Consumo,10000.0,True,True,528301103,5283011,RECHAZADO,52,0.3,MODERADO,R001|R004|R012,3,1,,True,False,1,0,RECHAZADO,0
48,40000.0,12000.0,2,1,3,Propia,Consumo,10000.0,False,True,528501101,5285011,APROBADO,100,0.3,MODERADO,R001|R005|R012,3,1,,True,False,1,1,APROBADO,1
55,2000.0,600.0,0,4,3,Propia,Consumo,10000.0,False,True,528602101,5286021,RECHAZADO,18,0.3,MODERADO,R002|R005,2,0,,True,True,0,0,RECHAZADO,0
67,1500.0,450.0,0,0,1,Propia,Consumo,10000.0,True,True,529204101,5292041,RECHAZADO,0,0.3,MODERADO,R002|R004|R005,3,0,,True,True,0,0,RECHAZADO,0
46,7000.0,2100.0,2,4,2,Propia,Consumo,10000.0,False,True,529301101,5293011,APROBADO,98,0.3,MODERADO,R001|R005|R012,3,1,,True,False,1,1,APROBADO,1
35,1800.0,540.0,2,4,1,Propia,Consumo,10000.0,False,True,529607101,5296071,APROBADO,86,0.3,MODERADO,R001|R005,2,0,,True,False,1,1,APROBADO,1
50,2000.0,600.0,0,0,1,Familiar,Consumo,10000.0,True,True,529703101,5297031,RECHAZADO,0,0.3,MODERADO,R002|R004,2,0,,True,True,0,0,RECHAZADO,0
30,16000.0,4800.0,2,2,2,Familiar,Consumo,10000.0,False,True,529804104,5298041,APROBADO,89,0.3,MODERADO,R001|R012,2,1,,True,False,1,1,APROBADO,1
19,10000.0,3000.0,2,4,4,Familiar,Consumo,10000.0,False,True,530102104,5301021,RECHAZADO,58,0.3,MODERADO,R001|R009|R010|R012,4,1,,True,False,1,0,REVISION_MANUAL,0
71,2500.0,750.0,2,0,0,Propia,Consumo,10000.0,True,True,530201101,5302011,REVISION_MANUAL,68,0.3,MODERADO,R001|R004|R005|R012,4,1,,True,False,1,0,REVISION_MANUAL,0
68,2000.0,600.0,0,0,0,Propia,Consumo,10000.0,True,True,530301101,5303011,RECHAZADO,0,0.3,MODERADO,R002|R004|R005,3,0,,True,True,0,0,RECHAZADO,0
50,2500.0,750.0,2,2,0,Propia,Consumo,10000.0,False,True,530512101,5305121,APROBADO,98,0.3,MODERADO,R001|R005|R012,3,1,,True,False,1,1,APROBADO,1
54,32000.0,9600.0,2,5,1,Propia,Consumo,10000.0,False,True,530603101,5306031,APROBADO,100,0.3,MODERADO,R001|R003|R005|R012,4,1,,True,False,1,1,APROBADO,1
50,600.0,180.0,2,2,0,Propia,Negocio,10800.0,False,True,530919101,5309191,APROBADO,99,0.3,MODERADO,R001|R005|R006,3,0,,True,False,1,1,APROBADO,1
40,1000.0,300.0,2,4,0,Familiar,Consumo,10000.0,False,True,531611103,5316111,REVISION_MANUAL,72,0.3,MODERADO,R001,1,0,,True,False,1,0,REVISION_MANUAL,0
25,3100.0,930.0,2,4,2,Familiar,Consumo,10000.0,False,True,531817104,5318171,APROBADO,81,0.3,MODERADO,R001|R012,2,1,,True,False,1,1,APROBADO,1
37,700.0,210.0,2,1,2,Familiar,Consumo,10000.0,False,True,532606102,5326061,RECHAZADO,59,0.3,MODERADO,R001,1,0,,True,False,1,0,REVISION_MANUAL,0
33,15000.0,4500.0,2,4,0,Propia,Consumo,10000.0,False,True,533004101,5330041,APROBADO,100,0.3,MODERADO,R001|R005|R012|R015,4,2,,True,False,1,1,APROBADO,1
39,3000.0,900.0,2,4,3,Propia,Consumo,10000.0,False,True,533102101,5331021,APROBADO,94,0.3,MODERADO,R001|R005|R012,3,1,,True,False,1,1,APROBADO,1
36,2000.0,600.0,2,0,2,Familiar,Consumo,10000.0,True,True,533319102,5333191,RECHAZADO,42,0.3,MODERADO,R001|R004,2,0,,True,False,1,0,RECHAZADO,0
48,1500.0,450.0,2,2,1,Familiar,Consumo,10000.0,False,True,533805101,5338051,REVISION_MANUAL,71,0.3,MODERADO,R001,1,0,,True,False,1,0,REVISION_MANUAL,0
49,26000.0,7800.0,2,4,1,Propia,Consumo,10000.0,False,True,534302101,5343021,APROBADO,100,0.3,MODERADO,R001|R005|R012,3,1,,True,False,1,1,APROBADO,1
23,5000.0,1500.0,0,5,1,Familiar,Consumo,10000.0,False,True,534403102,5344031,RECHAZADO,30,0.3,MODERADO,R002|R003,2,0,,True,True,0,0,RECHAZADO,0
41,8000.0,2400.0,2,4,0,Familiar,Consumo,10000.0,False,True,535001101,5350011,APROBADO,87,0.3,MODERADO,R001|R012,2,1,,True,False,1,1,APROBADO,1
36,4000.0,1200.0,0,1,3,Propia,Consumo,10000.0,False,True,535303101,5353031,RECHAZADO,10,0.3,MODERADO,R002|R005,2,0,,True,True,0,0,RECHAZADO,0
70,500.0,150.0,2,2,1,Familiar,Consumo,9000.0,False,True,535502101,5355021,REVISION_MANUAL,68,0.3,MODERADO,R001,1,0,,True,False,1,0,REVISION_MANUAL,0
20,1700.0,510.0,0,4,3,Familiar,Consumo,10000.0,False,True,536201104,5362011,RECHAZADO,0,0.3,MODERADO,R002|R009,2,0,,True,True,0,0,RECHAZADO,0
42,6200.0,1860.0,0,4,3,Propia,Consumo,10000.0,False,True,536501102,5365011,RECHAZADO,21,0.3,MODERADO,R002|R005,2,0,,True,True,0,0,RECHAZADO,0
51,5000.0,1500.0,2,1,1,Propia,Consumo,10000.0,False,True,536603101,5366031,APROBADO,88,0.3,MODERADO,R001|R005|R012,3,1,,True,False,1,1,APROBADO,1
31,1000.0,300.0,0,2,2,Familiar,Consumo,10000.0,False,True,537920101,5379201,RECHAZADO,4,0.3,MODERADO,R002,1,0,,True,True,0,0,RECHAZADO,0
20,2500.0,750.0,2,0,3,Familiar,Negocio,12000.0,True,True,538102103,5381021,RECHAZADO,41,0.3,MODERADO,R001|R004|R006|R009,4,0,,True,False,1,0,RECHAZADO,0
29,20000.0,6000.0,2,1,0,Familiar,Consumo,10000.0,False,True,538205102,5382051,APROBADO,85,0.3,MODERADO,R001|R012,2,1,,True,False,1,1,APROBADO,1
22,400.0,120.0,0,2,2,Propia,Consumo,7200.0,False,True,538405104,5384051,RECHAZADO,17,0.3,MODERADO,R002|R005,2,0,,True,True,0,0,RECHAZADO,0
52,15000.0,4500.0,0,4,1,Familiar,Consumo,10000.0,False,True,538505102,5385051,RECHAZADO,15,0.3,MODERADO,R002,1,0,,True,True,0,0,RECHAZADO,0
39,2500.0,750.0,2,1,0,Propia,Consumo,10000.0,True,True,538905101,5389051,APROBADO,88,0.3,MODERADO,R001|R005|R012,3,1,,True,False,1,1,APROBADO,1
40,1500.0,450.0,2,4,2,Propia,Consumo,10000.0,False,True,539018101,5390181,APROBADO,85,0.3,MODERADO,R001|R005,2,0,,True,False,1,1,APROBADO,1
73,3500.0,1050.0,2,4,1,Propia,Consumo,10000.0,False,True,539804101,5398041,APROBADO,95,0.3,MODERADO,R001|R005|R012,3,1,,True,False,1,1,APROBADO,1
59,2500.0,750.0,2,2,0,Propia,Consumo,10000.0,False,True,539904101,5399041,APROBADO,96,0.3,MODERADO,R001|R005|R012,3,1,,True,False,1,1,APROBADO,1
49,6000.0,1800.0,2,4,0,Propia,Consumo,10000.0,False,True,540003101,5400031,APROBADO,100,0.3,MODERADO,R001|R005|R012|R015,4,2,,True,False,1,1,APROBADO,1
46,1000.0,300.0,2,1,3,Propia,Consumo,10000.0,False,True,540418101,5404181,REVISION_MANUAL,73,0.3,MODERADO,R001|R005,2,0,,True,False,1,0,REVISION_MANUAL,0
39,3000.0,900.0,2,4,1,Propia,Consumo,10000.0,False,True,540617102,5406171,APROBADO,97,0.3,MODERADO,R001|R005|R012,3,1,,True,False,1,1,APROBADO,1
47,1500.0,450.0,2,2,0,Familiar,Consumo,10000.0,False,True,540809101,5408091,REVISION_MANUAL,73,0.3,MODERADO,R001,1,0,,True,False,1,0,REVISION_MANUAL,0
62,1800.0,540.0,2,4,0,Propia,Consumo,10000.0,False,True,541301301,5413013,APROBADO,94,0.3,MODERADO,R001|R005|R015,3,1,,True,False,1,1,APROBADO,1
67,7000.0,2100.0,2,0,1,Propia,Consumo,10000.0,True,True,541415101,5414151,REVISION_MANUAL,70,0.3,MODERADO,R001|R004|R005|R012,4,1,,True,False,1,0,REVISION_MANUAL,0
43,2000.0,600.0,2,4,0,Propia,Consumo,10000.0,False,True,541605101,5416051,APROBADO,96,0.3,MODERADO,R001|R005|R015,3,1,,True,False,1,1,APROBADO,1
39,25000.0,7500.0,2,4,0,Propia,Consumo,10000.0,False,True,541705101,5417051,APROBADO,100,0.3,MODERADO,R001|R005|R012|R015,4,2,,True,False,1,1,APROBADO,1
37,9000.0,2700.0,0,1,3,Propia,Consumo,10000.0,False,True,541905101,5419051,RECHAZADO,13,0.3,MODERADO,R002|R005,2,0,,True,True,0,0,RECHAZADO,0
39,4000.0,1200.0,2,2,2,Propia,Negocio,12000.0,False,True,542408102,5424081,APROBADO,100,0.3,MODERADO,R001|R005|R006|R012,4,1,,True,False,1,1,APROBADO,1
22,10000.0,3000.0,2,4,1,Familiar,Consumo,10000.0,False,True,542601103,5426011,APROBADO,85,0.3,MODERADO,R001|R012,2,1,,True,False,1,1,APROBADO,1
32,30000.0,9000.0,2,4,0,Familiar,Consumo,10000.0,False,True,542705101,5427051,APROBADO,100,0.3,MODERADO,R001|R012,2,1,,True,False,1,1,APROBADO,1
21,1700.0,510.0,0,2,0,Familiar,Consumo,10000.0,False,True,542903101,5429031,RECHAZADO,6,0.3,MODERADO,R002,1,0,,True,True,0,0,RECHAZADO,0
53,15000.0,4500.0,2,4,0,Propia,Consumo,10000.0,False,True,543105101,5431051,APROBADO,100,0.3,MODERADO,R001|R005|R012|R015,4,2,,True,False,1,1,APROBADO,1
51,9700.0,2910.0,2,4,1,Familiar,Consumo,10000.0,False,True,543301101,5433011,APROBADO,86,0.3,MODERADO,R001|R012,2,1,,True,False,1,1,APROBADO,1
41,60000.0,18000.0,2,4,3,Propia,Consumo,10000.0,False,True,543601101,5436011,APROBADO,100,0.3,MODERADO,R001|R005|R012,3,1,,True,False,1,1,APROBADO,1
29,2500.0,750.0,2,0,1,Familiar,Consumo,10000.0,True,True,543902102,5439021,RECHAZADO,54,0.3,MODERADO,R001|R004|R012,3,1,,True,False,1,0,RECHAZADO,0
26,10000.0,3000.0,2,5,1,Propia,Consumo,10000.0,False,True,544204103,5442041,APROBADO,100,0.3,MODERADO,R001|R003|R005|R012,4,1,,True,False,1,1,APROBADO,1
43,3000.0,900.0,0,4,0,Propia,Consumo,10000.0,False,True,544805101,5448051,RECHAZADO,32,0.3,MODERADO,R002|R005|R015,3,1,,True,True,0,0,RECHAZADO,0
54,1800.0,540.0,2,2,3,Familiar,Consumo,10000.0,False,True,545603102,5456031,REVISION_MANUAL,68,0.3,MODERADO,R001,1,0,,True,False,1,0,REVISION_MANUAL,0
56,2500.0,750.0,0,2,1,Familiar,Consumo,10000.0,False,True,545705102,5457051,RECHAZADO,5,0.3,MODERADO,R002,1,0,,True,True,0,0,RECHAZADO,0
25,2000.0,600.0,2,1,1,Familiar,Negocio,12000.0,False,True,545803102,5458031,REVISION_MANUAL,73,0.3,MODERADO,R001|R006,2,0,,True,False,1,0,REVISION_MANUAL,0
51,700.0,210.0,0,1,0,Propia,Consumo,10000.0,False,True,545907101,5459071,RECHAZADO,12,0.3,MODERADO,R002|R005,2,0,,True,True,0,0,RECHAZADO,0
61,4000.0,1200.0,2,1,0,Propia,Consumo,10000.0,False,True,546117101,5461171,APROBADO,87,0.3,MODERADO,R001|R005|R012,3,1,,True,False,1,1,APROBADO,1
33,2500.0,750.0,0,2,2,Propia,Consumo,10000.0,False,True,546601103,5466011,RECHAZADO,20,0.3,MODERADO,R002|R005,2,0,,True,True,0,0,RECHAZADO,0
42,2000.0,600.0,0,1,3,Propia,Consumo,10000.0,False,True,546718102,5467181,RECHAZADO,8,0.3,MODERADO,R002|R005,2,0,,True,True,0,0,RECHAZADO,0
48,5000.0,1500.0,2,4,0,Propia,Consumo,10000.0,False,True,546805101,5468051,APROBADO,100,0.3,MODERADO,R001|R005|R012|R015,4,2,,True,False,1,1,APROBADO,1
58,2500.0,750.0,2,4,0,Propia,Consumo,10000.0,False,True,547004101,5470041,APROBADO,100,0.3,MODERADO,R001|R005|R012|R015,4,2,,True,False,1,1,APROBADO,1
22,5000.0,1500.0,0,5,1,Familiar,Consumo,10000.0,False,True,547401103,5474011,RECHAZADO,30,0.3,MODERADO,R002|R003,2,0,,True,True,0,0,RECHAZADO,0
67,1000.0,300.0,2,3,2,Propia,Consumo,10000.0,False,True,547513101,5475131,APROBADO,82,0.3,MODERADO,R001|R005,2,0,,True,False,1,1,APROBADO,1
26,2500.0,750.0,0,1,2,Familiar,Consumo,10000.0,False,True,547604104,5476041,RECHAZADO,0,0.3,MODERADO,R002,1,0,,True,True,0,0,RECHAZADO,0
21,1100.0,330.0,2,2,1,Familiar,Consumo,10000.0,False,True,547705103,5477051,REVISION_MANUAL,69,0.3,MODERADO,R001,1,0,,True,False,1,0,REVISION_MANUAL,0
48,98000.0,29400.0,2,4,1,Propia,Consumo,10000.0,False,True,548304101,5483041,APROBADO,100,0.3,MODERADO,R001|R005|R012,3,1,,True,False,1,1,APROBADO,1
34,30000.0,9000.0,2,1,1,Propia,Consumo,10000.0,False,True,548405101,5484051,APROBADO,100,0.3,MODERADO,R001|R005|R012,3,1,,True,False,1,1,APROBADO,1
60,5000.0,1500.0,2,1,1,Propia,Consumo,10000.0,False,True,548502101,5485021,APROBADO,86,0.3,MODERADO,R001|R005|R012,3,1,,True,False,1,1,APROBADO,1
28,12000.0,3600.0,2,4,1,Propia,Consumo,10000.0,False,True,549209101,5492091,APROBADO,100,0.3,MODERADO,R001|R005|R012,3,1,,True,False,1,1,APROBADO,1
38,1200.0,360.0,0,4,1,Propia,Consumo,10000.0,False,True,549704102,5497041,RECHAZADO,21,0.3,MODERADO,R002|R005,2,0,,True,True,0,0,RECHAZADO,0
28,10000.0,3000.0,2,2,3,Familiar,Consumo,10000.0,False,True,549904103,5499041,APROBADO,84,0.3,MODERADO,R001|R012,2,1,,True,False,1,1,APROBADO,1
52,400.0,120.0,2,1,1,Familiar,Consumo,7200.0,False,True,550302102,5503021,REVISION_MANUAL,60,0.3,MODERADO,R001,1,0,,True,False,1,0,REVISION_MANUAL,0
37,2400.0,720.0,0,1,1,Propia,Consumo,10000.0,False,True,550503101,5505031,RECHAZADO,12,0.3,MODERADO,R002|R005,2,0,,True,True,0,0,RECHAZADO,0
63,1500.0,450.0,2,0,4,Familiar,Consumo,10000.0,True,True,550619102,5506191,RECHAZADO,27,0.3,MODERADO,R001|R004|R010,3,0,,True,False,1,0,RECHAZADO,0
32,8000.0,2400.0,0,4,1,Familiar,Consumo,10000.0,False,True,551003102,5510031,RECHAZADO,10,0.3,MODERADO,R002,1,0,,True,True,0,0,RECHAZADO,0
33,4000.0,1200.0,2,4,0,Familiar,Negocio,12000.0,False,True,551102101,5511021,APROBADO,96,0.3,MODERADO,R001|R006|R012,3,1,,True,False,1,1,APROBADO,1
73,2000.0,600.0,2,0,3,Propia,Consumo,10000.0,True,True,551217102,5512171,RECHAZADO,53,0.3,MODERADO,R001|R004|R005,3,0,,True,False,1,0,RECHAZADO,0
70,2500.0,750.0,2,0,0,Propia,Consumo,10000.0,True,True,551604101,5516041,REVISION_MANUAL,68,0.3,MODERADO,R001|R004|R005|R012,4,1,,True,False,1,0,REVISION_MANUAL,0
36,1900.0,570.0,2,4,2,Propia,Consumo,10000.0,False,True,551809101,5518091,APROBADO,85,0.3,MODERADO,R001|R005,2,0,,True,False,1,1,APROBADO,1
40,9500.0,2850.0,2,1,1,Familiar,Consumo,10000.0,False,True,552005102,5520051,REVISION_MANUAL,76,0.3,MODERADO,R001|R012,2,1,,True,False,1,0,APROBADO,1
51,3000.0,900.0,2,1,0,Propia,Negocio,12000.0,False,True,552205101,5522051,APROBADO,100,0.3,MODERADO,R001|R005|R006|R012,4,1,,True,False,1,1,APROBADO,1
45,5000.0,1500.0,2,2,0,Familiar,Consumo,10000.0,False,True,552802102,5528021,APROBADO,85,0.3,MODERADO,R001|R012,2,1,,True,False,1,1,APROBADO,1
65,7000.0,2100.0,2,4,0,Propia,Consumo,10000.0,True,True,553005102,5530051,APROBADO,100,0.3,MODERADO,R001|R005|R012|R015,4,2,,True,False,1,1,APROBADO,1
38,16000.0,4800.0,0,4,2,Familiar,Consumo,10000.0,False,True,553102103,5531021,RECHAZADO,14,0.3,MODERADO,R002,1,0,,True,True,0,0,RECHAZADO,0
30,800.0,240.0,2,2,0,Familiar,Consumo,10000.0,False,True,553305101,5533051,REVISION_MANUAL,72,0.3,MODERADO,R001,1,0,,True,False,1,0,REVISION_MANUAL,0
47,2000.0,600.0,0,4,1,Familiar,Consumo,10000.0,True,True,554101101,5541011,RECHAZADO,6,0.3,MODERADO,R002,1,0,,True,True,0,0,RECHAZADO,0
24,2150.0,645.0,2,4,3,Familiar,Consumo,10000.0,False,True,554204102,5542041,REVISION_MANUAL,66,0.3,MODERADO,R001,1,0,,True,False,1,0,REVISION_MANUAL,0
41,15000.0,4500.0,2,4,3,Propia,Consumo,10000.0,False,True,554304102,5543041,APROBADO,100,0.3,MODERADO,R001|R005|R012,3,1,,True,False,1,1,APROBADO,1
27,1500.0,450.0,2,1,0,Propia,Consumo,10000.0,False,True,554515101,5545151,REVISION_MANUAL,78,0.3,MODERADO,R001|R005,2,0,,True,False,1,0,APROBADO,1
38,3500.0,1050.0,2,4,0,Familiar,Consumo,10000.0,False,True,554601102,5546011,APROBADO,84,0.3,MODERADO,R001|R012,2,1,,True,False,1,1,APROBADO,1
50,2200.0,660.0,0,4,2,Propia,Consumo,10000.0,False,True,554703102,5547031,RECHAZADO,20,0.3,MODERADO,R002|R005,2,0,,True,True,0,0,RECHAZADO,0
36,16000.0,4800.0,2,4,0,Propia,Consumo,10000.0,False,True,555103101,5551031,APROBADO,100,0.3,MODERADO,R001|R005|R012|R015,4,2,,True,False,1,1,APROBADO,1
33,12000.0,3600.0,2,4,3,Familiar,Consumo,10000.0,False,True,555202101,5552021,APROBADO,85,0.3,MODERADO,R001|R012,2,1,,True,False,1,1,APROBADO,1
27,2000.0,600.0,2,4,1,Propia,Consumo,10000.0,False,True,555305101,5553051,APROBADO,86,0.3,MODERADO,R001|R005,2,0,,True,False,1,1,APROBADO,1
40,300.0,90.0,2,1,3,Familiar,Consumo,5400.0,False,True,555517102,5555171,RECHAZADO,57,0.3,MODERADO,R001,1,0,,True,False,1,0,REVISION_MANUAL,0
40,7000.0,2100.0,2,4,2,Propia,Consumo,10000.0,True,True,555704102,5557041,APROBADO,98,0.3,MODERADO,R001|R005|R012,3,1,,True,False,1,1,APROBADO,1
31,7000.0,2100.0,2,0,2,Familiar,Consumo,10000.0,True,True,556005103,5560051,RECHAZADO,55,0.3,MODERADO,R001|R004|R012,3,1,,True,False,1,0,REVISION_MANUAL,0
45,2000.0,600.0,2,1,2,Familiar,Consumo,10000.0,True,True,556302101,5563021,REVISION_MANUAL,60,0.3,MODERADO,R001,1,0,,True,False,1,0,REVISION_MANUAL,0
23,1300.0,390.0,0,4,2,Propia,Consumo,10000.0,False,True,556601104,5566011,RECHAZADO,17,0.3,MODERADO,R002|R005,2,0,,True,True,0,0,RECHAZADO,0
42,2000.0,600.0,2,0,4,Propia,Negocio,12000.0,True,True,556919101,5569191,RECHAZADO,56,0.3,MODERADO,R001|R004|R005|R006|R010,5,0,,True,False,1,0,REVISION_MANUAL,0
39,50000.0,15000.0,2,4,2,Propia,Consumo,10000.0,False,True,557004101,5570041,APROBADO,100,0.3,MODERADO,R001|R005|R012,3,1,,True,False,1,1,APROBADO,1
63,500.0,150.0,2,1,0,Familiar,Consumo,9000.0,False,True,557113101,5571131,REVISION_MANUAL,60,0.3,MODERADO,R001,1,0,,True,False,1,0,REVISION_MANUAL,0
40,4000.0,1200.0,2,4,2,Propia,Consumo,10000.0,False,True,557314101,5573141,APROBADO,96,0.3,MODERADO,R001|R005|R012,3,1,,True,False,1,1,APROBADO,1
48,60000.0,18000.0,2,3,0,Propia,Consumo,10000.0,False,True,557601101,5576011,APROBADO,100,0.3,MODERADO,R001|R005|R012|R015,4,2,,True,False,1,1,APROBADO,1
35,17500.0,5250.0,2,4,1,Propia,Consumo,10000.0,False,True,558002101,5580021,APROBADO,100,0.3,MODERADO,R001|R005|R012,3,1,,True,False,1,1,APROBADO,1
26,2500.0,750.0,2,0,1,Familiar,Consumo,10000.0,True,True,558203102,5582031,RECHAZADO,54,0.3,MODERADO,R001|R004|R012,3,1,,True,False,1,0,RECHAZADO,0
69,7000.0,2100.0,2,0,3,Propia,Consumo,10000.0,True,True,558604101,5586041,REVISION_MANUAL,67,0.3,MODERADO,R001|R004|R005|R012,4,1,,True,False,1,0,REVISION_MANUAL,0
25,1500.0,450.0,2,4,4,Familiar,Consumo,10000.0,False,True,558802103,5588021,RECHAZADO,57,0.3,MODERADO,R001|R010,2,0,,True,False,1,0,REVISION_MANUAL,0
50,4000.0,1200.0,2,3,2,Propia,Consumo,10000.0,False,True,559101101,5591011,APROBADO,96,0.3,MODERADO,R001|R005|R012,3,1,,True,False,1,1,APROBADO,1
57,2500.0,750.0,2,0,1,Familiar,Consumo,10000.0,True,True,560105101,5601051,RECHAZADO,52,0.3,MODERADO,R001|R004|R012,3,1,,True,False,1,0,RECHAZADO,0
37,12000.0,3600.0,2,4,2,Propia,Consumo,10000.0,False,True,560305105,5603051,APROBADO,100,0.3,MODERADO,R001|R005|R012,3,1,,True,False,1,1,APROBADO,1
65,25000.0,7500.0,2,3,2,Propia,Consumo,10000.0,False,True,560804101,5608041,APROBADO,100,0.3,MODERADO,R001|R005|R012,3,1,,True,False,1,1,APROBADO,1
62,21500.0,6450.0,2,3,0,Propia,Consumo,10000.0,False,True,560904101,5609041,APROBADO,100,0.3,MODERADO,R001|R005|R012|R015,4,2,,True,False,1,1,APROBADO,1
19,700.0,210.0,0,1,3,Familiar,Consumo,10000.0,False,True,561005105,5610051,RECHAZADO,0,0.3,MODERADO,R002|R009,2,0,,True,True,0,0,RECHAZADO,0
34,10000.0,3000.0,2,4,0,Propia,Consumo,10000.0,False,True,561205101,5612051,APROBADO,100,0.3,MODERADO,R001|R005|R012|R015,4,2,,True,False,1,1,APROBADO,1
39,4500.0,1350.0,2,4,3,Propia,Consumo,10000.0,False,True,561518101,5615181,APROBADO,95,0.3,MODERADO,R001|R005|R012,3,1,,True,False,1,1,APROBADO,1
62,50000.0,15000.0,2,5,0,Propia,Consumo,10000.0,False,True,561702101,5617021,APROBADO,100,0.3,MODERADO,R001|R003|R005|R012|R015,5,2,,True,False,1,1,APROBADO,1
60,30000.0,9000.0,2,3,0,Propia,Consumo,10000.0,False,True,561905102,5619051,APROBADO,100,0.3,MODERADO,R001|R005|R012|R015,4,2,,True,False,1,1,APROBADO,1
49,1600.0,480.0,2,4,1,Propia,Consumo,10000.0,False,True,562503101,5625031,APROBADO,86,0.3,MODERADO,R001|R005,2,0,,True,False,1,1,APROBADO,1
43,2500.0,750.0,0,0,0,Propia,Consumo,10000.0,True,True,563008102,5630081,RECHAZADO,0,0.3,MODERADO,R002|R004|R005,3,0,,True,True,0,0,RECHAZADO,0
25,7600.0,2280.0,2,4,4,Familiar,Consumo,10000.0,False,True,563213103,5632131,REVISION_MANUAL,71,0.3,MODERADO,R001|R010|R012,3,1,,True,False,1,0,REVISION_MANUAL,0
57,2000.0,600.0,2,0,0,Familiar,Consumo,10000.0,True,True,563801102,5638011,RECHAZADO,43,0.3,MODERADO,R001|R004,2,0,,True,False,1,0,RECHAZADO,0
57,3000.0,900.0,2,1,0,Propia,Consumo,10000.0,False,True,564017102,5640171,APROBADO,87,0.3,MODERADO,R001|R005|R012,3,1,,True,False,1,1,APROBADO,1
50,7000.0,2100.0,2,5,0,Propia,Consumo,10000.0,False,True,564105101,5641051,APROBADO,100,0.3,MODERADO,R001|R003|R005|R012|R015,5,2,,True,False,1,1,APROBADO,1
29,2500.0,750.0,2,0,1,Familiar,Consumo,10000.0,True,True,564204102,5642041,RECHAZADO,54,0.3,MODERADO,R001|R004|R012,3,1,,True,False,1,0,RECHAZADO,0
53,2500.0,750.0,2,4,2,Propia,Consumo,10000.0,False,True,564308101,5643081,APROBADO,95,0.3,MODERADO,R001|R005|R012,3,1,,True,False,1,1,APROBADO,1
73,6000.0,1800.0,2,1,0,Propia,Consumo,10000.0,False,True,564803101,5648031,APROBADO,89,0.3,MODERADO,R001|R005|R012,3,1,,True,False,1,1,APROBADO,1
47,9500.0,2850.0,2,4,0,Propia,Consumo,10000.0,False,True,565106101,5651061,APROBADO,100,0.3,MODERADO,R001|R005|R012|R015,4,2,,True,False,1,1,APROBADO,1
40,7000.0,2100.0,2,4,2,Familiar,Consumo,10000.0,True,True,565202102,5652021,APROBADO,83,0.3,MODERADO,R001|R012,2,1,,True,False,1,1,APROBADO,1
49,400.0,120.0,2,1,1,Familiar,Consumo,7200.0,False,True,565613101,5656131,REVISION_MANUAL,60,0.3,MODERADO,R001,1,0,,True,False,1,0,REVISION_MANUAL,0
53,1000.0,300.0,2,1,0,Propia,Consumo,10000.0,False,True,565910102,5659101,REVISION_MANUAL,77,0.3,MODERADO,R001|R005,2,0,,True,False,1,0,APROBADO,1
34,5000.0,1500.0,2,4,2,Familiar,Consumo,10000.0,False,True,566102104,5661021,APROBADO,82,0.3,MODERADO,R001|R012,2,1,,True,False,1,1,APROBADO,1
27,1800.0,540.0,0,4,3,Familiar,Consumo,10000.0,False,True,566403103,5664031,RECHAZADO,3,0.3,MODERADO,R002,1,0,,True,True,0,0,RECHAZADO,0
43,30000.0,9000.0,0,4,0,Familiar,Consumo,10000.0,False,True,566905101,5669051,RECHAZADO,27,0.3,MODERADO,R002,1,0,,True,True,0,0,RECHAZADO,0
34,1000.0,300.0,2,2,4,Propia,Consumo,10000.0,False,True,567116101,5671161,REVISION_MANUAL,72,0.3,MODERADO,R001|R005|R010,3,0,,True,False,1,0,REVISION_MANUAL,0
58,62000.0,18600.0,2,4,1,Propia,Consumo,10000.0,False,True,567303102,5673031,APROBADO,100,0.3,MODERADO,R001|R005|R012,3,1,,True,False,1,1,APROBADO,1
32,20000.0,6000.0,2,4,1,Familiar,Consumo,10000.0,False,True,567503101,5675031,APROBADO,93,0.3,MODERADO,R001|R012,2,1,,True,False,1,1,APROBADO,1
40,10000.0,3000.0,0,1,1,Familiar,Consumo,10000.0,False,True,567903103,5679031,RECHAZADO,2,0.3,MODERADO,R002,1,0,,True,True,0,0,RECHAZADO,0
26,9000.0,2700.0,2,4,2,Propia,Consumo,10000.0,False,True,568405102,5684051,APROBADO,100,0.3,MODERADO,R001|R005|R012,3,1,,True,False,1,1,APROBADO,1
28,10000.0,3000.0,2,4,2,Familiar,Consumo,10000.0,False,True,568804104,5688041,APROBADO,85,0.3,MODERADO,R001|R012,2,1,,True,False,1,1,APROBADO,1
52,2000.0,600.0,2,1,1,Propia,Negocio,12000.0,False,True,569001101,5690011,APROBADO,88,0.3,MODERADO,R001|R005|R006,3,0,,True,False,1,1,APROBADO,1
48,200.0,60.0,2,1,1,Familiar,Consumo,3600.0,False,True,569101102,5691011,REVISION_MANUAL,60,0.3,MODERADO,R001,1,0,,True,False,1,0,REVISION_MANUAL,0
51,6000.0,1800.0,0,4,2,Propia,Consumo,10000.0,False,True,569617101,5696171,RECHAZADO,23,0.3,MODERADO,R002|R005,2,0,,True,True,0,0,RECHAZADO,0
71,4000.0,1200.0,2,0,2,Propia,Consumo,10000.0,True,True,570001101,5700011,REVISION_MANUAL,66,0.3,MODERADO,R001|R004|R005|R012,4,1,,True,False,1,0,REVISION_MANUAL,0
31,8600.0,2580.0,0,4,0,Propia,Consumo,10000.0,False,True,570204101,5702041,RECHAZADO,35,0.3,MODERADO,R002|R005|R015,3,1,,True,True,0,0,RECHAZADO,0
59,10000.0,3000.0,2,3,1,Propia,Consumo,10000.0,False,True,570501102,5705011,APROBADO,100,0.3,MODERADO,R001|R005|R012,3,1,,True,False,1,1,APROBADO,1
32,1800.0,540.0,2,1,2,Propia,Negocio,12000.0,False,True,570603102,5706031,APROBADO,87,0.3,MODERADO,R001|R005|R006,3,0,,True,False,1,1,APROBADO,1
52,2500.0,750.0,0,0,2,Propia,Consumo,10000.0,True,True,570703102,5707031,RECHAZADO,0,0.3,MODERADO,R002|R004|R005,3,0,,True,True,0,0,RECHAZADO,0
39,7000.0,2100.0,0,3,3,Propia,Consumo,10000.0,False,True,571005103,5710051,RECHAZADO,22,0.3,MODERADO,R002|R005,2,0,,True,True,0,0,RECHAZADO,0
22,5000.0,1500.0,2,4,1,Familiar,Consumo,10000.0,False,True,571405101,5714051,APROBADO,81,0.3,MODERADO,R001|R012,2,1,,True,False,1,1,APROBADO,1
49,9000.0,2700.0,2,4,2,Propia,Consumo,10000.0,False,True,571801104,5718011,APROBADO,100,0.3,MODERADO,R001|R005|R012,3,1,,True,False,1,1,APROBADO,1
22,3000.0,900.0,2,4,1,Familiar,Consumo,10000.0,False,True,572103102,5721031,APROBADO,80,0.3,MODERADO,R001|R012,2,1,,True,False,1,1,APROBADO,1
53,8500.0,2550.0,2,2,4,Propia,Consumo,10000.0,False,True,572202102,5722021,APROBADO,86,0.3,MODERADO,R001|R005|R010|R012,4,1,,True,False,1,1,APROBADO,1
57,7000.0,2100.0,2,1,2,Propia,Consumo,10000.0,False,True,572401101,5724011,APROBADO,86,0.3,MODERADO,R001|R005|R012,3,1,,True,False,1,1,APROBADO,1
32,20000.0,6000.0,0,5,1,Propia,Consumo,10000.0,False,True,572602101,5726021,RECHAZADO,52,0.3,MODERADO,R002|R003|R005,3,0,,True,True,0,0,RECHAZADO,0
30,2500.0,750.0,2,4,0,Familiar,Consumo,10000.0,True,True,573302101,5733021,APROBADO,83,0.3,MODERADO,R001|R012,2,1,,True,False,1,1,APROBADO,1
21,6000.0,1800.0,0,2,2,Familiar,Consumo,10000.0,False,True,573408104,5734081,RECHAZADO,6,0.3,MODERADO,R002,1,0,,True,True,0,0,RECHAZADO,0
37,2500.0,750.0,2,4,1,Familiar,Consumo,10000.0,False,True,573604101,5736041,APROBADO,82,0.3,MODERADO,R001|R012,2,1,,True,False,1,1,APROBADO,1
53,25000.0,7500.0,2,4,3,Propia,Consumo,10000.0,False,True,573701101,5737011,APROBADO,100,0.3,MODERADO,R001|R005|R012,3,1,,True,False,1,1,APROBADO,1
57,1000.0,300.0,2,5,0,Propia,Consumo,10000.0,False,True,573904101,5739041,APROBADO,100,0.3,MODERADO,R001|R003|R005|R015,4,1,,True,False,1,1,APROBADO,1
69,2500.0,750.0,2,0,0,Propia,Consumo,10000.0,True,True,574005101,5740051,REVISION_MANUAL,68,0.3,MODERADO,R001|R004|R005|R012,4,1,,True,False,1,0,REVISION_MANUAL,0
49,20000.0,6000.0,2,3,2,Familiar,Consumo,10000.0,False,True,574203101,5742031,APROBADO,92,0.3,MODERADO,R001|R012,2,1,,True,False,1,1,APROBADO,1
54,8000.0,2400.0,2,1,0,Familiar,Consumo,10000.0,False,True,574301102,5743011,REVISION_MANUAL,77,0.3,MODERADO,R001|R012,2,1,,True,False,1,0,APROBADO,1
25,4000.0,1200.0,0,4,2,Familiar,Consumo,10000.0,False,True,574502102,5745021,RECHAZADO,6,0.3,MODERADO,R002,1,0,,True,True,0,0,RECHAZADO,0
37,7000.0,2100.0,0,2,1,Propia,Consumo,10000.0,True,True,574603102,5746031,RECHAZADO,25,0.3,MODERADO,R002|R005,2,0,,True,True,0,0,RECHAZADO,0
60,300.0,90.0,2,1,0,Familiar,Negocio,5400.0,False,True,575201102,5752011,REVISION_MANUAL,74,0.3,MODERADO,R001|R006,2,0,,True,False,1,0,REVISION_MANUAL,0
31,5000.0,1500.0,2,1,2,Propia,Consumo,10000.0,False,True,575320102,5753201,APROBADO,87,0.3,MODERADO,R001|R005|R012,3,1,,True,False,1,1,APROBADO,1
38,10000.0,3000.0,2,4,2,Familiar,Consumo,10000.0,False,True,575601102,5756011,APROBADO,85,0.3,MODERADO,R001|R012,2,1,,True,False,1,1,APROBADO,1
35,8000.0,2400.0,0,4,0,Familiar,Consumo,10000.0,False,True,575904101,5759041,RECHAZADO,12,0.3,MODERADO,R002,1,0,,True,True,0,0,RECHAZADO,0
46,4500.0,1350.0,2,4,2,Propia,Consumo,10000.0,False,True,576004101,5760041,APROBADO,97,0.3,MODERADO,R001|R005|R012,3,1,,True,False,1,1,APROBADO,1
19,4000.0,1200.0,2,0,5,Familiar,Negocio,12000.0,True,True,576101104,5761011,RECHAZADO,39,0.3,MODERADO,R001|R004|R006|R009|R010|R012,6,1,,True,False,1,0,RECHAZADO,0
38,4000.0,1200.0,2,4,2,Propia,Consumo,10000.0,False,True,576211101,5762111,APROBADO,96,0.3,MODERADO,R001|R005|R012,3,1,,True,False,1,1,APROBADO,1
36,2000.0,600.0,0,1,2,Familiar,Consumo,10000.0,False,True,576302101,5763021,RECHAZADO,0,0.3,MODERADO,R002,1,0,,True,True,0,0,RECHAZADO,0
25,3000.0,900.0,0,4,2,Familiar,Consumo,10000.0,False,True,576605102,5766051,RECHAZADO,6,0.3,MODERADO,R002,1,0,,True,True,0,0,RECHAZADO,0
34,3500.0,1050.0,2,4,1,Familiar,Consumo,10000.0,False,True,576705103,5767051,APROBADO,82,0.3,MODERADO,R001|R012,2,1,,True,False,1,1,APROBADO,1
19,8000.0,2400.0,2,4,2,Familiar,Consumo,10000.0,False,True,576801104,5768011,REVISION_MANUAL,70,0.3,MODERADO,R001|R009|R012,3,1,,True,False,1,0,REVISION_MANUAL,0
70,3000.0,900.0,2,4,1,Propia,Consumo,10000.0,False,True,577003101,5770031,APROBADO,95,0.3,MODERADO,R001|R005|R012,3,1,,True,False,1,1,APROBADO,1
22,12000.0,3600.0,2,4,2,Familiar,Consumo,10000.0,False,True,577104101,5771041,APROBADO,85,0.3,MODERADO,R001|R012,2,1,,True,False,1,1,APROBADO,1
32,12000.0,3600.0,2,4,0,Familiar,Consumo,10000.0,False,True,577203101,5772031,APROBADO,90,0.3,MODERADO,R001|R012,2,1,,True,False,1,1,APROBADO,1
42,3500.0,1050.0,2,4,1,Familiar,Consumo,10000.0,False,True,577404101,5774041,APROBADO,82,0.3,MODERADO,R001|R012,2,1,,True,False,1,1,APROBADO,1
32,300.0,90.0,2,2,3,Propia,Consumo,5400.0,False,True,577914102,5779141,APROBADO,82,0.3,MODERADO,R001|R005,2,0,,True,False,1,1,APROBADO,1
23,3500.0,1050.0,2,2,0,Familiar,Consumo,10000.0,False,True,578004201,5780042,APROBADO,82,0.3,MODERADO,R001|R012,2,1,,True,False,1,1,APROBADO,1
30,10000.0,3000.0,2,1,0,Familiar,Consumo,10000.0,False,True,578004301,5780043,REVISION_MANUAL,78,0.3,MODERADO,R001|R012,2,1,,True,False,1,0,APROBADO,1
71,500.0,150.0,2,2,0,Propia,Consumo,9000.0,False,True,578205101,5782051,APROBADO,85,0.3,MODERADO,R001|R005,2,0,,True,False,1,1,APROBADO,1
47,1800.0,540.0,0,2,0,Propia,Negocio,12000.0,False,True,578819101,5788191,RECHAZADO,35,0.3,MODERADO,R002|R005|R006,3,0,,True,True,0,0,RECHAZADO,0
39,3500.0,1050.0,2,4,2,Familiar,Consumo,10000.0,False,True,579001102,5790011,APROBADO,81,0.3,MODERADO,R001|R012,2,1,,True,False,1,1,APROBADO,1
49,18000.0,5400.0,2,3,0,Familiar,Consumo,10000.0,False,True,579603101,5796031,APROBADO,94,0.3,MODERADO,R001|R012,2,1,,True,False,1,1,APROBADO,1
43,30000.0,9000.0,2,1,0,Propia,Consumo,10000.0,False,True,579804101,5798041,APROBADO,100,0.3,MODERADO,R001|R005|R012,3,1,,True,False,1,1,APROBADO,1
46,7000.0,2100.0,0,0,2,Propia,Consumo,10000.0,True,True,580005102,5800051,RECHAZADO,0,0.3,MODERADO,R002|R004|R005,3,0,,True,True,0,0,RECHAZADO,0
57,3000.0,900.0,2,5,0,Familiar,Consumo,10000.0,False,True,580203101,5802031,APROBADO,100,0.3,MODERADO,R001|R003|R012,3,1,,True,False,1,1,APROBADO,1
73,2500.0,750.0,2,0,0,Propia,Consumo,10000.0,True,True,580303201,5803032,REVISION_MANUAL,68,0.3,MODERADO,R001|R004|R005|R012,4,1,,True,False,1,0,REVISION_MANUAL,0
48,2000.0,600.0,0,0,4,Familiar,Consumo,10000.0,True,True,580504102,5805041,RECHAZADO,0,0.3,MODERADO,R002|R004|R010,3,0,,True,True,0,0,RECHAZADO,0
28,1500.0,450.0,2,4,6,Familiar,Consumo,10000.0,False,True,580604105,5806041,RECHAZADO,57,0.3,MODERADO,R001|R010,2,0,,True,False,1,0,REVISION_MANUAL,0
69,2500.0,750.0,2,0,0,Propia,Consumo,10000.0,True,True,580704101,5807041,REVISION_MANUAL,68,0.3,MODERADO,R001|R004|R005|R012,4,1,,True,False,1,0,REVISION_MANUAL,0
30,4500.0,1350.0,2,4,1,Familiar,Consumo,10000.0,False,True,580918101,5809181,APROBADO,83,0.3,MODERADO,R001|R012,2,1,,True,False,1,1,APROBADO,1
27,18000.0,5400.0,2,4,3,Familiar,Consumo,10000.0,False,True,581102103,5811021,APROBADO,89,0.3,MODERADO,R001|R012,2,1,,True,False,1,1,APROBADO,1
55,5000.0,1500.0,2,3,0,Propia,Consumo,10000.0,False,True,581218101,5812181,APROBADO,100,0.3,MODERADO,R001|R005|R012|R015,4,2,,True,False,1,1,APROBADO,1
46,1750.0,525.0,0,4,2,Propia,Consumo,10000.0,False,True,581305101,5813051,RECHAZADO,20,0.3,MODERADO,R002|R005,2,0,,True,True,0,0,RECHAZADO,0
60,3700.0,1110.0,2,4,0,Propia,Consumo,10000.0,False,True,581403102,5814031,APROBADO,100,0.3,MODERADO,R001|R005|R012|R015,4,2,,True,False,1,1,APROBADO,1
33,30000.0,9000.0,2,4,0,Propia,Consumo,10000.0,False,True,581504101,5815041,APROBADO,100,0.3,MODERADO,R001|R005|R012|R015,4,2,,True,False,1,1,APROBADO,1
25,1800.0,540.0,2,2,2,Familiar,Consumo,10000.0,False,True,582002102,5820021,REVISION_MANUAL,70,0.3,MODERADO,R001,1,0,,True,False,1,0,REVISION_MANUAL,0
21,1500.0,450.0,2,0,0,Familiar,Consumo,10000.0,True,True,582214101,5822141,RECHAZADO,43,0.3,MODERADO,R001|R004,2,0,,True,False,1,0,RECHAZADO,0
65,2000.0,600.0,2,0,4,Propia,Consumo,10000.0,True,True,582705101,5827051,RECHAZADO,42,0.3,MODERADO,R001|R004|R005|R010,4,0,,True,False,1,0,RECHAZADO,0
58,2500.0,750.0,2,0,0,Propia,Consumo,10000.0,True,True,582803101,5828031,REVISION_MANUAL,68,0.3,MODERADO,R001|R004|R005|R012,4,1,,True,False,1,0,REVISION_MANUAL,0
24,2500.0,750.0,2,0,3,Familiar,Consumo,10000.0,True,True,582901102,5829011,RECHAZADO,49,0.3,MODERADO,R001|R004|R012,3,1,,True,False,1,0,RECHAZADO,0
40,3000.0,900.0,0,4,0,Propia,Consumo,10000.0,False,True,583001101,5830011,RECHAZADO,32,0.3,MODERADO,R002|R005|R015,3,1,,True,True,0,0,RECHAZADO,0
31,2000.0,600.0,2,0,0,Propia,Consumo,10000.0,False,True,583103102,5831031,REVISION_MANUAL,60,0.3,MODERADO,R001|R004|R005,3,0,,True,False,1,0,REVISION_MANUAL,0
37,10000.0,3000.0,2,4,2,Propia,Consumo,10000.0,False,True,583503101,5835031,APROBADO,100,0.3,MODERADO,R001|R005|R012,3,1,,True,False,1,1,APROBADO,1
54,10000.0,3000.0,2,4,0,Propia,Consumo,10000.0,False,True,583604102,5836041,APROBADO,100,0.3,MODERADO,R001|R005|R012|R015,4,2,,True,False,1,1,APROBADO,1
31,15000.0,4500.0,0,1,1,Familiar,Consumo,10000.0,False,True,584005101,5840051,RECHAZADO,5,0.3,MODERADO,R002,1,0,,True,True,0,0,RECHAZADO,0
54,2000.0,600.0,0,2,1,Propia,Negocio,12000.0,False,True,584620102,5846201,RECHAZADO,33,0.3,MODERADO,R002|R005|R006,3,0,,True,True,0,0,RECHAZADO,0
56,2400.0,720.0,2,4,1,Familiar,Consumo,10000.0,False,True,584902102,5849021,REVISION_MANUAL,70,0.3,MODERADO,R001,1,0,,True,False,1,0,REVISION_MANUAL,0
28,8000.0,2400.0,2,4,0,Propia,Consumo,10000.0,False,True,585004101,5850041,APROBADO,100,0.3,MODERADO,R001|R005|R012|R015,4,2,,True,False,1,1,APROBADO,1
42,5000.0,1500.0,2,4,3,Familiar,Consumo,10000.0,False,True,585106101,5851061,APROBADO,80,0.3,MODERADO,R001|R012,2,1,,True,False,1,1,APROBADO,1
25,3000.0,900.0,2,2,1,Familiar,Consumo,10000.0,False,True,585403101,5854031,APROBADO,82,0.3,MODERADO,R001|R012,2,1,,True,False,1,1,APROBADO,1
43,8000.0,2400.0,2,4,1,Propia,Consumo,10000.0,False,True,585601101,5856011,APROBADO,100,0.3,MODERADO,R001|R005|R012,3,1,,True,False,1,1,APROBADO,1
22,4500.0,1350.0,0,4,3,Familiar,Consumo,10000.0,False,True,585801103,5858011,RECHAZADO,3,0.3,MODERADO,R002,1,0,,True,True,0,0,RECHAZADO,0
52,24000.0,7200.0,2,4,2,Propia,Consumo,10000.0,False,True,585904101,5859041,APROBADO,100,0.3,MODERADO,R001|R005|R012,3,1,,True,False,1,1,APROBADO,1
21,3000.0,900.0,2,4,5,Familiar,Consumo,10000.0,False,True,586005103,5860051,REVISION_MANUAL,65,0.3,MODERADO,R001|R010|R012,3,1,,True,False,1,0,REVISION_MANUAL,0
60,1500.0,450.0,2,0,0,Propia,Consumo,10000.0,True,True,586202101,5862021,RECHAZADO,58,0.3,MODERADO,R001|R004|R005,3,0,,True,False,1,0,REVISION_MANUAL,0
55,3000.0,900.0,2,5,0,Propia,Consumo,10000.0,False,True,586404102,5864041,APROBADO,100,0.3,MODERADO,R001|R003|R005|R012|R015,5,2,,True,False,1,1,APROBADO,1
54,1500.0,450.0,2,4,0,Propia,Consumo,10000.0,False,True,586601102,5866011,APROBADO,96,0.3,MODERADO,R001|R005|R015,3,1,,True,False,1,1,APROBADO,1
45,45000.0,13500.0,2,1,1,Propia,Consumo,10000.0,False,True,587604101,5876041,APROBADO,100,0.3,MODERADO,R001|R005|R012,3,1,,True,False,1,1,APROBADO,1
25,13000.0,3900.0,2,4,1,Familiar,Consumo,10000.0,False,True,587915103,5879151,APROBADO,89,0.3,MODERADO,R001|R012,2,1,,True,False,1,1,APROBADO,1
60,11000.0,3300.0,2,4,0,Familiar,Consumo,10000.0,False,True,588101101,5881011,APROBADO,87,0.3,MODERADO,R001|R012,2,1,,True,False,1,1,APROBADO,1
54,1500.0,450.0,2,2,0,Propia,Consumo,10000.0,False,True,588202101,5882021,APROBADO,88,0.3,MODERADO,R001|R005,2,0,,True,False,1,1,APROBADO,1
34,8000.0,2400.0,2,1,1,Familiar,Consumo,10000.0,False,True,588304101,5883041,REVISION_MANUAL,75,0.3,MODERADO,R001|R012,2,1,,True,False,1,0,APROBADO,1
47,2900.0,870.0,2,4,5,Propia,Consumo,10000.0,False,True,588403101,5884031,APROBADO,82,0.3,MODERADO,R001|R005|R010|R012,4,1,,True,False,1,1,APROBADO,1
24,2500.0,750.0,2,0,4,Familiar,Consumo,10000.0,True,True,588516103,5885161,RECHAZADO,37,0.3,MODERADO,R001|R004|R010|R012,4,1,,True,False,1,0,RECHAZADO,0
69,2500.0,750.0,2,0,0,Propia,Consumo,10000.0,True,True,588704101,5887041,REVISION_MANUAL,68,0.3,MODERADO,R001|R004|R005|R012,4,1,,True,False,1,0,REVISION_MANUAL,0
27,7000.0,2100.0,0,4,0,Familiar,Consumo,10000.0,False,True,589001102,5890011,RECHAZADO,11,0.3,MODERADO,R002,1,0,,True,True,0,0,RECHAZADO,0
33,3000.0,900.0,2,2,3,Familiar,Consumo,10000.0,False,True,589107103,5891071,REVISION_MANUAL,79,0.3,MODERADO,R001|R012,2,1,,True,False,1,0,APROBADO,1
34,20000.0,6000.0,2,4,3,Familiar,Consumo,10000.0,False,True,589217103,5892171,APROBADO,90,0.3,MODERADO,R001|R012,2,1,,True,False,1,1,APROBADO,1
31,2000.0,600.0,2,0,2,Propia,Consumo,10000.0,True,True,589320101,5893201,RECHAZADO,57,0.3,MODERADO,R001|R004|R005,3,0,,True,False,1,0,REVISION_MANUAL,0
20,600.0,180.0,2,2,0,Familiar,Consumo,10000.0,False,True,589403102,5894031,RECHAZADO,58,0.3,MODERADO,R001|R009,2,0,,True,False,1,0,REVISION_MANUAL,0
24,6000.0,1800.0,2,2,2,Familiar,Consumo,10000.0,False,True,589501101,5895011,APROBADO,81,0.3,MODERADO,R001|R012,2,1,,True,False,1,1,APROBADO,1
42,3000.0,900.0,2,4,3,Propia,Consumo,10000.0,False,True,589605101,5896051,APROBADO,94,0.3,MODERADO,R001|R005|R012,3,1,,True,False,1,1,APROBADO,1
44,1500.0,450.0,0,1,2,Familiar,Consumo,10000.0,True,True,589710102,5897101,RECHAZADO,0,0.3,MODERADO,R002,1,0,,True,True,0,0,RECHAZADO,0
52,1000.0,300.0,2,0,0,Propia,Negocio,12000.0,True,True,590302101,5903021,REVISION_MANUAL,71,0.3,MODERADO,R001|R004|R005|R006,4,0,,True,False,1,0,REVISION_MANUAL,0
55,2000.0,600.0,2,0,0,Familiar,Negocio,12000.0,True,True,590411102,5904111,RECHAZADO,57,0.3,MODERADO,R001|R004|R006,3,0,,True,False,1,0,REVISION_MANUAL,0
28,2500.0,750.0,0,0,2,Familiar,Consumo,10000.0,True,True,590716101,5907161,RECHAZADO,0,0.3,MODERADO,R002|R004,2,0,,True,True,0,0,RECHAZADO,0
52,40000.0,12000.0,0,1,3,Propia,Consumo,10000.0,False,True,591103101,5911031,RECHAZADO,27,0.3,MODERADO,R002|R005,2,0,,True,True,0,0,RECHAZADO,0
30,2000.0,600.0,0,2,2,Familiar,Negocio,12000.0,False,True,591705103,5917051,RECHAZADO,17,0.3,MODERADO,R002|R006,2,0,,True,True,0,0,RECHAZADO,0
39,18000.0,5400.0,2,4,2,Propia,Consumo,10000.0,False,True,591905104,5919051,APROBADO,100,0.3,MODERADO,R001|R005|R012,3,1,,True,False,1,1,APROBADO,1
40,6000.0,1800.0,2,4,3,Propia,Consumo,10000.0,False,True,592101103,5921011,APROBADO,96,0.3,MODERADO,R001|R005|R012,3,1,,True,False,1,1,APROBADO,1
28,8000.0,2400.0,2,4,4,Familiar,Consumo,10000.0,False,True,592202103,5922021,REVISION_MANUAL,71,0.3,MODERADO,R001|R010|R012,3,1,,True,False,1,0,REVISION_MANUAL,0
30,2000.0,600.0,2,4,4,Propia,Consumo,10000.0,True,True,592415101,5924151,REVISION_MANUAL,72,0.3,MODERADO,R001|R005|R010,3,0,,True,False,1,0,REVISION_MANUAL,0
34,2500.0,750.0,2,4,4,Familiar,Consumo,10000.0,True,True,593002103,5930021,REVISION_MANUAL,67,0.3,MODERADO,R001|R010|R012,3,1,,True,False,1,0,REVISION_MANUAL,0
56,2300.0,690.0,2,1,3,Propia,Consumo,10000.0,False,True,593316101,5933161,REVISION_MANUAL,72,0.3,MODERADO,R001|R005,2,0,,True,False,1,0,REVISION_MANUAL,0
38,2000.0,600.0,0,0,0,Familiar,Consumo,10000.0,True,True,593514102,5935141,RECHAZADO,0,0.3,MODERADO,R002|R004,2,0,,True,True,0,0,RECHAZADO,0
24,1800.0,540.0,2,4,0,Familiar,Consumo,10000.0,False,True,594318101,5943181,REVISION_MANUAL,71,0.3,MODERADO,R001,1,0,,True,False,1,0,REVISION_MANUAL,0
41,7000.0,2100.0,0,0,2,Propia,Negocio,12000.0,True,True,594903102,5949031,RECHAZADO,7,0.3,MODERADO,R002|R004|R005|R006,4,0,,True,True,0,0,RECHAZADO,0
79,2500.0,750.0,2,1,2,Familiar,Consumo,10000.0,True,True,595001101,5950011,REVISION_MANUAL,68,0.3,MODERADO,R001|R012,2,1,,True,False,1,0,REVISION_MANUAL,0
30,5700.0,1710.0,2,4,0,Familiar,Consumo,10000.0,False,True,595208101,5952081,APROBADO,85,0.3,MODERADO,R001|R012,2,1,,True,False,1,1,APROBADO,1
47,2500.0,750.0,0,1,3,Propia,Consumo,10000.0,False,True,595304101,5953041,RECHAZADO,9,0.3,MODERADO,R002|R005,2,0,,True,True,0,0,RECHAZADO,0
34,20000.0,6000.0,2,4,1,Familiar,Consumo,10000.0,False,True,595504101,5955041,APROBADO,93,0.3,MODERADO,R001|R012,2,1,,True,False,1,1,APROBADO,1
30,2500.0,750.0,2,4,2,Familiar,Consumo,10000.0,True,True,595613104,5956131,APROBADO,80,0.3,MODERADO,R001|R012,2,1,,True,False,1,1,APROBADO,1
33,3000.0,900.0,2,2,1,Familiar,Consumo,10000.0,False,True,595902102,5959021,APROBADO,82,0.3,MODERADO,R001|R012,2,1,,True,False,1,1,APROBADO,1
70,2000.0,600.0,2,0,1,Propia,Consumo,10000.0,True,True,596002101,5960021,RECHAZADO,56,0.3,MODERADO,R001|R004|R005,3,0,,True,False,1,0,REVISION_MANUAL,0
50,3000.0,900.0,2,1,0,Familiar,Negocio,12000.0,False,True,596103101,5961031,APROBADO,86,0.3,MODERADO,R001|R006|R012,3,1,,True,False,1,1,APROBADO,1
37,1200.0,360.0,0,2,2,Propia,Consumo,10000.0,False,True,596202102,5962021,RECHAZADO,19,0.3,MODERADO,R002|R005,2,0,,True,True,0,0,RECHAZADO,0
36,20000.0,6000.0,0,1,0,Familiar,Consumo,10000.0,False,True,596904101,5969041,RECHAZADO,10,0.3,MODERADO,R002,1,0,,True,True,0,0,RECHAZADO,0
38,12000.0,3600.0,0,1,2,Familiar,Consumo,10000.0,False,True,597904102,5979041,RECHAZADO,2,0.3,MODERADO,R002,1,0,,True,True,0,0,RECHAZADO,0
24,2500.0,750.0,2,1,2,Familiar,Consumo,10000.0,False,True,598018102,5980181,REVISION_MANUAL,68,0.3,MODERADO,R001|R012,2,1,,True,False,1,0,REVISION_MANUAL,0
25,7000.0,2100.0,2,4,0,Familiar,Consumo,10000.0,True,True,598403101,5984031,APROBADO,86,0.3,MODERADO,R001|R012,2,1,,True,False,1,1,APROBADO,1
41,2000.0,600.0,0,0,2,Propia,Consumo,10000.0,False,True,598601101,5986011,RECHAZADO,0,0.3,MODERADO,R002|R004|R005,3,0,,True,True,0,0,RECHAZADO,0
39,4300.0,1290.0,2,4,3,Propia,Consumo,10000.0,False,True,599302101,5993021,APROBADO,95,0.3,MODERADO,R001|R005|R012,3,1,,True,False,1,1,APROBADO,1
18,2500.0,750.0,2,0,0,Familiar,Consumo,10000.0,True,True,599617101,5996171,RECHAZADO,41,0.3,MODERADO,R001|R004|R009|R012,4,1,,True,False,1,0,RECHAZADO,0
80,2000.0,600.0,2,0,0,Propia,Consumo,10000.0,True,True,600105101,6001051,RECHAZADO,58,0.3,MODERADO,R001|R004|R005,3,0,,True,False,1,0,REVISION_MANUAL,0
44,2000.0,600.0,2,4,2,Propia,Consumo,10000.0,False,True,600202104,6002021,APROBADO,85,0.3,MODERADO,R001|R005,2,0,,True,False,1,1,APROBADO,1
38,30000.0,9000.0,2,4,2,Propia,Consumo,10000.0,False,True,600804102,6008041,APROBADO,100,0.3,MODERADO,R001|R005|R012,3,1,,True,False,1,1,APROBADO,1
53,3800.0,1140.0,2,4,0,Propia,Consumo,10000.0,False,True,601202101,6012021,APROBADO,100,0.3,MODERADO,R001|R005|R012|R015,4,2,,True,False,1,1,APROBADO,1
38,30000.0,9000.0,2,5,0,Propia,Consumo,10000.0,False,True,601305101,6013051,APROBADO,100,0.3,MODERADO,R001|R003|R005|R012|R015,5,2,,True,False,1,1,APROBADO,1
49,2800.0,840.0,2,4,1,Propia,Consumo,10000.0,False,True,601611101,6016111,APROBADO,97,0.3,MODERADO,R001|R005|R012,3,1,,True,False,1,1,APROBADO,1
55,2000.0,600.0,2,2,0,Familiar,Consumo,10000.0,False,True,601716101,6017161,REVISION_MANUAL,73,0.3,MODERADO,R001,1,0,,True,False,1,0,REVISION_MANUAL,0
58,1200.0,360.0,2,2,2,Familiar,Consumo,10000.0,False,True,602204103,6022041,REVISION_MANUAL,67,0.3,MODERADO,R001,1,0,,True,False,1,0,REVISION_MANUAL,0
48,3000.0,900.0,0,4,2,Familiar,Consumo,10000.0,False,True,602301101,6023011,RECHAZADO,6,0.3,MODERADO,R002,1,0,,True,True,0,0,RECHAZADO,0
26,8000.0,2400.0,2,2,2,Familiar,Consumo,10000.0,False,True,602417103,6024171,APROBADO,84,0.3,MODERADO,R001|R012,2,1,,True,False,1,1,APROBADO,1
55,4000.0,1200.0,2,0,4,Propia,Consumo,10000.0,True,True,602616101,6026161,RECHAZADO,55,0.3,MODERADO,R001|R004|R005|R010|R012,5,1,,True,False,1,0,REVISION_MANUAL,0
55,3400.0,1020.0,2,4,0,Propia,Consumo,10000.0,False,True,602701102,6027011,APROBADO,100,0.3,MODERADO,R001|R005|R012|R015,4,2,,True,False,1,1,APROBADO,1
46,1500.0,450.0,2,0,1,Familiar,Consumo,10000.0,True,True,602801101,6028011,RECHAZADO,43,0.3,MODERADO,R001|R004,2,0,,True,False,1,0,RECHAZADO,0
25,3000.0,900.0,0,1,1,Familiar,Consumo,10000.0,False,True,602801201,6028012,RECHAZADO,0,0.3,MODERADO,R002,1,0,,True,True,0,0,RECHAZADO,0
18,150.0,45.0,2,1,1,Familiar,Consumo,2700.0,False,True,603518103,6035181,RECHAZADO,46,0.3,MODERADO,R001|R009,2,0,,True,False,1,0,RECHAZADO,0
26,2500.0,750.0,0,0,3,Familiar,Consumo,10000.0,True,True,603604102,6036041,RECHAZADO,0,0.3,MODERADO,R002|R004,2,0,,True,True,0,0,RECHAZADO,0
32,7800.0,2340.0,2,4,0,Familiar,Consumo,10000.0,False,True,603802101,6038021,APROBADO,87,0.3,MODERADO,R001|R012,2,1,,True,False,1,1,APROBADO,1
50,5000.0,1500.0,2,4,1,Propia,Consumo,10000.0,False,True,604002101,6040021,APROBADO,98,0.3,MODERADO,R001|R005|R012,3,1,,True,False,1,1,APROBADO,1
70,2500.0,750.0,0,0,0,Propia,Consumo,10000.0,True,True,604102101,6041021,RECHAZADO,0,0.3,MODERADO,R002|R004|R005,3,0,,True,True,0,0,RECHAZADO,0
32,7000.0,2100.0,2,0,0,Familiar,Consumo,10000.0,True,True,604202102,6042021,RECHAZADO,58,0.3,MODERADO,R001|R004|R012,3,1,,True,False,1,0,REVISION_MANUAL,0
69,2000.0,600.0,2,1,0,Propia,Consumo,10000.0,True,True,604604101,6046041,REVISION_MANUAL,76,0.3,MODERADO,R001|R005,2,0,,True,False,1,0,APROBADO,1
56,2000.0,600.0,2,0,0,Familiar,Negocio,12000.0,True,True,604908102,6049081,RECHAZADO,57,0.3,MODERADO,R001|R004|R006,3,0,,True,False,1,0,REVISION_MANUAL,0
50,35000.0,10500.0,2,4,3,Propia,Consumo,10000.0,False,True,605101101,6051011,APROBADO,100,0.3,MODERADO,R001|R005|R012,3,1,,True,False,1,1,APROBADO,1
32,10000.0,3000.0,2,4,2,Familiar,Consumo,10000.0,False,True,605203101,6052031,APROBADO,85,0.3,MODERADO,R001|R012,2,1,,True,False,1,1,APROBADO,1
23,3500.0,1050.0,0,1,1,Propia,Consumo,10000.0,False,True,605417101,6054171,RECHAZADO,10,0.3,MODERADO,R002|R005,2,0,,True,True,0,0,RECHAZADO,0
51,1500.0,450.0,2,0,0,Propia,Consumo,10000.0,True,True,605615102,6056151,REVISION_MANUAL,60,0.3,MODERADO,R001|R004|R005,3,0,,True,False,1,0,REVISION_MANUAL,0
34,1500.0,450.0,2,1,3,Familiar,Negocio,12000.0,False,True,605804102,6058041,REVISION_MANUAL,70,0.3,MODERADO,R001|R006,2,0,,True,False,1,0,REVISION_MANUAL,0
56,2900.0,870.0,0,4,0,Propia,Consumo,10000.0,False,True,605904101,6059041,RECHAZADO,29,0.3,MODERADO,R002|R005|R015,3,1,,True,True,0,0,RECHAZADO,0
24,3600.0,1080.0,2,4,3,Familiar,Consumo,10000.0,False,True,606108105,6061081,REVISION_MANUAL,77,0.3,MODERADO,R001|R012,2,1,,True,False,1,0,APROBADO,1
41,15000.0,4500.0,2,4,0,Familiar,Consumo,10000.0,False,True,606201101,6062011,APROBADO,92,0.3,MODERADO,R001|R012,2,1,,True,False,1,1,APROBADO,1
68,2000.0,600.0,2,0,0,Familiar,Consumo,10000.0,True,True,606401102,6064011,RECHAZADO,43,0.3,MODERADO,R001|R004,2,0,,True,False,1,0,RECHAZADO,0
32,4000.0,1200.0,0,1,2,Propia,Consumo,10000.0,False,True,606502102,6065021,RECHAZADO,11,0.3,MODERADO,R002|R005,2,0,,True,True,0,0,RECHAZADO,0
34,1750.0,525.0,2,4,2,Propia,Consumo,10000.0,False,True,606803101,6068031,APROBADO,85,0.3,MODERADO,R001|R005,2,0,,True,False,1,1,APROBADO,1
40,2200.0,660.0,0,1,2,Familiar,Consumo,10000.0,False,True,607201102,6072011,RECHAZADO,0,0.3,MODERADO,R002,1,0,,True,True,0,0,RECHAZADO,0
60,2000.0,600.0,2,0,0,Propia,Consumo,10000.0,True,True,607306101,6073061,RECHAZADO,58,0.3,MODERADO,R001|R004|R005,3,0,,True,False,1,0,REVISION_MANUAL,0
22,4000.0,1200.0,2,4,4,Familiar,Consumo,10000.0,False,True,608503103,6085031,REVISION_MANUAL,66,0.3,MODERADO,R001|R010|R012,3,1,,True,False,1,0,REVISION_MANUAL,0
54,1000.0,300.0,0,1,3,Propia,Consumo,10000.0,False,True,608601101,6086011,RECHAZADO,8,0.3,MODERADO,R002|R005,2,0,,True,True,0,0,RECHAZADO,0
20,1500.0,450.0,0,1,4,Familiar,Consumo,10000.0,False,True,608712103,6087121,RECHAZADO,0,0.3,MODERADO,R002|R009|R010,3,0,,True,True,0,0,RECHAZADO,0
53,2000.0,600.0,2,0,0,Propia,Consumo,10000.0,True,True,608802101,6088021,REVISION_MANUAL,60,0.3,MODERADO,R001|R004|R005,3,0,,True,False,1,0,REVISION_MANUAL,0
55,20000.0,6000.0,2,4,2,Propia,Consumo,10000.0,False,True,608904101,6089041,APROBADO,100,0.3,MODERADO,R001|R005|R012,3,1,,True,False,1,1,APROBADO,1
52,18000.0,5400.0,2,4,0,Propia,Consumo,10000.0,False,True,609501101,6095011,APROBADO,100,0.3,MODERADO,R001|R005|R012|R015,4,2,,True,False,1,1,APROBADO,1
34,7000.0,2100.0,2,0,2,Familiar,Negocio,12000.0,True,True,609705102,6097051,REVISION_MANUAL,67,0.3,MODERADO,R001|R004|R006|R012,4,1,,True,False,1,0,REVISION_MANUAL,0
37,1800.0,540.0,2,4,2,Propia,Consumo,10000.0,False,True,610217101,6102171,APROBADO,85,0.3,MODERADO,R001|R005,2,0,,True,False,1,1,APROBADO,1
68,1500.0,450.0,0,0,2,Propia,Consumo,10000.0,True,True,610301101,6103011,RECHAZADO,0,0.3,MODERADO,R002|R004|R005,3,0,,True,True,0,0,RECHAZADO,0
69,14000.0,4200.0,2,5,0,Propia,Consumo,10000.0,True,True,610401101,6104011,APROBADO,100,0.3,MODERADO,R001|R003|R005|R012|R015,5,2,,True,False,1,1,APROBADO,1
48,7000.0,2100.0,2,0,2,Propia,Consumo,10000.0,True,True,610504102,6105041,REVISION_MANUAL,70,0.3,MODERADO,R001|R004|R005|R012,4,1,,True,False,1,0,REVISION_MANUAL,0
67,1500.0,450.0,2,0,3,Familiar,Consumo,10000.0,True,True,610703202,6107032,RECHAZADO,38,0.3,MODERADO,R001|R004,2,0,,True,False,1,0,RECHAZADO,0
57,1600.0,480.0,2,4,2,Propia,Consumo,10000.0,False,True,611004101,6110041,APROBADO,83,0.3,MODERADO,R001|R005,2,0,,True,False,1,1,APROBADO,1
40,10000.0,3000.0,0,1,3,Propia,Consumo,10000.0,False,True,611205102,6112051,RECHAZADO,14,0.3,MODERADO,R002|R005,2,0,,True,True,0,0,RECHAZADO,0
69,2000.0,600.0,0,0,3,Familiar,Consumo,10000.0,True,True,611905101,6119051,RECHAZADO,0,0.3,MODERADO,R002|R004,2,0,,True,True,0,0,RECHAZADO,0
20,2200.0,660.0,2,4,1,Propia,Consumo,10000.0,False,True,612001102,6120011,REVISION_MANUAL,72,0.3,MODERADO,R001|R005|R009,3,0,,True,False,1,0,REVISION_MANUAL,0
53,1000.0,300.0,2,0,3,Familiar,Consumo,10000.0,True,True,612409101,6124091,RECHAZADO,40,0.3,MODERADO,R001|R004,2,0,,True,False,1,0,RECHAZADO,0
40,1500.0,450.0,2,1,0,Propia,Negocio,12000.0,False,True,612711101,6127111,APROBADO,90,0.3,MODERADO,R001|R005|R006,3,0,,True,False,1,1,APROBADO,1
21,2400.0,720.0,0,4,2,Familiar,Consumo,10000.0,False,True,612803104,6128031,RECHAZADO,3,0.3,MODERADO,R002,1,0,,True,True,0,0,RECHAZADO,0
19,2500.0,750.0,2,0,1,Familiar,Consumo,10000.0,True,True,612901103,6129011,RECHAZADO,40,0.3,MODERADO,R001|R004|R009|R012,4,1,,True,False,1,0,RECHAZADO,0
58,7000.0,2100.0,2,4,2,Propia,Consumo,10000.0,True,True,613003101,6130031,APROBADO,96,0.3,MODERADO,R001|R005|R012,3,1,,True,False,1,1,APROBADO,1
40,25000.0,7500.0,0,2,2,Propia,Consumo,10000.0,False,True,613114101,6131141,RECHAZADO,35,0.3,MODERADO,R002|R005,2,0,,True,True,0,0,RECHAZADO,0
69,8000.0,2400.0,2,3,0,Propia,Consumo,10000.0,False,True,613304101,6133041,APROBADO,100,0.3,MODERADO,R001|R005|R012|R015,4,2,,True,False,1,1,APROBADO,1
31,6700.0,2010.0,2,4,0,Familiar,Consumo,10000.0,False,True,613610101,6136101,APROBADO,86,0.3,MODERADO,R001|R012,2,1,,True,False,1,1,APROBADO,1
67,2500.0,750.0,2,0,0,Propia,Consumo,10000.0,True,True,613901101,6139011,REVISION_MANUAL,68,0.3,MODERADO,R001|R004|R005|R012,4,1,,True,False,1,0,REVISION_MANUAL,0
59,7000.0,2100.0,0,4,0,Familiar,Consumo,10000.0,True,True,614202101,6142021,RECHAZADO,9,0.3,MODERADO,R002,1,0,,True,True,0,0,RECHAZADO,0
25,7000.0,2100.0,2,4,2,Propia,Consumo,10000.0,True,True,614405103,6144051,APROBADO,98,0.3,MODERADO,R001|R005|R012,3,1,,True,False,1,1,APROBADO,1
29,14000.0,4200.0,0,4,3,Propia,Consumo,10000.0,False,True,614602103,6146021,RECHAZADO,26,0.3,MODERADO,R002|R005,2,0,,True,True,0,0,RECHAZADO,0
36,16000.0,4800.0,2,4,1,Propia,Consumo,10000.0,False,True,614702101,6147021,APROBADO,100,0.3,MODERADO,R001|R005|R012,3,1,,True,False,1,1,APROBADO,1
41,2500.0,750.0,2,0,2,Propia,Consumo,10000.0,True,True,614802102,6148021,REVISION_MANUAL,67,0.3,MODERADO,R001|R004|R005|R012,4,1,,True,False,1,0,REVISION_MANUAL,0
39,600.0,180.0,0,1,2,Familiar,Consumo,10000.0,False,True,615204102,6152041,RECHAZADO,0,0.3,MODERADO,R002,1,0,,True,True,0,0,RECHAZADO,0
49,20000.0,6000.0,2,4,0,Familiar,Consumo,10000.0,False,True,615505101,6155051,APROBADO,95,0.3,MODERADO,R001|R012,2,1,,True,False,1,1,APROBADO,1
23,500.0,150.0,2,2,2,Familiar,Consumo,9000.0,False,True,615719103,6157191,REVISION_MANUAL,67,0.3,MODERADO,R001,1,0,,True,False,1,0,REVISION_MANUAL,0
41,4000.0,1200.0,2,4,2,Propia,Consumo,10000.0,True,True,615904102,6159041,APROBADO,96,0.3,MODERADO,R001|R005|R012,3,1,,True,False,1,1,APROBADO,1
41,8000.0,2400.0,2,4,1,Familiar,Consumo,10000.0,False,True,616304102,6163041,APROBADO,85,0.3,MODERADO,R001|R012,2,1,,True,False,1,1,APROBADO,1
68,2500.0,750.0,2,0,2,Familiar,Consumo,10000.0,True,True,616405105,6164051,RECHAZADO,50,0.3,MODERADO,R001|R004|R012,3,1,,True,False,1,0,RECHAZADO,0
47,2000.0,600.0,2,4,1,Propia,Consumo,10000.0,False,True,616618101,6166181,APROBADO,86,0.3,MODERADO,R001|R005,2,0,,True,False,1,1,APROBADO,1
46,2500.0,750.0,2,0,7,Familiar,Consumo,10000.0,True,True,616904105,6169041,RECHAZADO,39,0.3,MODERADO,R001|R004|R010|R012,4,1,,True,False,1,0,RECHAZADO,0
62,7000.0,2100.0,2,0,1,Propia,Consumo,10000.0,True,True,617106101,6171061,REVISION_MANUAL,70,0.3,MODERADO,R001|R004|R005|R012,4,1,,True,False,1,0,REVISION_MANUAL,0
63,13000.0,3900.0,2,4,0,Propia,Consumo,10000.0,False,True,617302101,6173021,APROBADO,100,0.3,MODERADO,R001|R005|R012|R015,4,2,,True,False,1,1,APROBADO,1
60,3000.0,900.0,2,0,1,Propia,Consumo,10000.0,True,True,617419101,6174191,REVISION_MANUAL,67,0.3,MODERADO,R001|R004|R005|R012,4,1,,True,False,1,0,REVISION_MANUAL,0
35,750.0,225.0,2,1,3,Familiar,Consumo,10000.0,False,True,618203102,6182031,RECHAZADO,58,0.3,MODERADO,R001,1,0,,True,False,1,0,REVISION_MANUAL,0
37,16000.0,4800.0,2,4,2,Familiar,Consumo,10000.0,False,True,618401102,6184011,APROBADO,89,0.3,MODERADO,R001|R012,2,1,,True,False,1,1,APROBADO,1
86,2000.0,600.0,2,0,0,Familiar,Consumo,10000.0,True,True,618901103,6189011,RECHAZADO,43,0.3,MODERADO,R001|R004,2,0,,True,False,1,0,RECHAZADO,0
48,7000.0,2100.0,0,4,3,Propia,Consumo,10000.0,True,True,619019101,6190191,RECHAZADO,22,0.3,MODERADO,R002|R005,2,0,,True,True,0,0,RECHAZADO,0
60,2500.0,750.0,2,1,0,Propia,Consumo,10000.0,True,True,619504101,6195041,APROBADO,86,0.3,MODERADO,R001|R005|R012,3,1,,True,False,1,1,APROBADO,1
79,2500.0,750.0,2,0,0,Familiar,Consumo,10000.0,True,True,619602101,6196021,RECHAZADO,53,0.3,MODERADO,R001|R004|R012,3,1,,True,False,1,0,RECHAZADO,0
30,20000.0,6000.0,2,4,3,Familiar,Consumo,10000.0,False,True,619701101,6197011,APROBADO,90,0.3,MODERADO,R001|R012,2,1,,True,False,1,1,APROBADO,1
36,7000.0,2100.0,0,2,2,Familiar,Consumo,10000.0,False,True,619903102,6199031,RECHAZADO,8,0.3,MODERADO,R002,1,0,,True,True,0,0,RECHAZADO,0
50,17000.0,5100.0,2,4,0,Familiar,Consumo,10000.0,False,True,620105102,6201051,APROBADO,93,0.3,MODERADO,R001|R012,2,1,,True,False,1,1,APROBADO,1
47,600.0,180.0,2,1,3,Propia,Consumo,10000.0,False,True,620307101,6203071,REVISION_MANUAL,72,0.3,MODERADO,R001|R005,2,0,,True,False,1,0,REVISION_MANUAL,0
42,3450.0,1035.0,2,4,4,Familiar,Consumo,10000.0,False,True,620402104,6204021,REVISION_MANUAL,68,0.3,MODERADO,R001|R010|R012,3,1,,True,False,1,0,REVISION_MANUAL,0
32,4500.0,1350.0,2,4,0,Propia,Consumo,10000.0,False,True,620501101,6205011,APROBADO,100,0.3,MODERADO,R001|R005|R012|R015,4,2,,True,False,1,1,APROBADO,1
36,10000.0,3000.0,2,4,2,Propia,Consumo,10000.0,False,True,620704101,6207041,APROBADO,100,0.3,MODERADO,R001|R005|R012,3,1,,True,False,1,1,APROBADO,1
38,1000.0,300.0,2,2,3,Propia,Consumo,10000.0,False,True,620813101,6208131,APROBADO,83,0.3,MODERADO,R001|R005,2,0,,True,False,1,1,APROBADO,1
33,5000.0,1500.0,2,1,0,Propia,Consumo,10000.0,False,True,620903101,6209031,APROBADO,90,0.3,MODERADO,R001|R005|R012,3,1,,True,False,1,1,APROBADO,1
49,1000.0,300.0,2,4,2,Familiar,Consumo,10000.0,False,True,621003102,6210031,REVISION_MANUAL,69,0.3,MODERADO,R001,1,0,,True,False,1,0,REVISION_MANUAL,0
47,20000.0,6000.0,0,5,2,Familiar,Consumo,10000.0,False,True,621201101,6212011,RECHAZADO,41,0.3,MODERADO,R002|R003,2,0,,True,True,0,0,RECHAZADO,0
27,7000.0,2100.0,2,2,2,Familiar,Consumo,10000.0,True,True,621304104,6213041,APROBADO,83,0.3,MODERADO,R001|R012,2,1,,True,False,1,1,APROBADO,1
50,30000.0,9000.0,0,4,0,Propia,Consumo,10000.0,False,True,621618101,6216181,RECHAZADO,50,0.3,MODERADO,R002|R005|R015,3,1,,True,True,0,0,RECHAZADO,0
67,2000.0,600.0,2,2,3,Familiar,Consumo,10000.0,False,True,621803101,6218031,REVISION_MANUAL,66,0.3,MODERADO,R001,1,0,,True,False,1,0,REVISION_MANUAL,0
44,14000.0,4200.0,2,4,2,Propia,Consumo,10000.0,True,True,621904101,6219041,APROBADO,100,0.3,MODERADO,R001|R005|R012,3,1,,True,False,1,1,APROBADO,1
20,500.0,150.0,2,1,3,Familiar,Consumo,9000.0,False,True,622110104,6221101,RECHAZADO,43,0.3,MODERADO,R001|R009,2,0,,True,False,1,0,RECHAZADO,0
33,1500.0,450.0,2,1,1,Propia,Consumo,10000.0,False,True,622204101,6222041,REVISION_MANUAL,76,0.3,MODERADO,R001|R005,2,0,,True,False,1,0,APROBADO,1
43,500.0,150.0,2,1,1,Familiar,Consumo,9000.0,False,True,622312102,6223121,REVISION_MANUAL,60,0.3,MODERADO,R001,1,0,,True,False,1,0,REVISION_MANUAL,0
46,600.0,180.0,2,1,2,Familiar,Negocio,10800.0,False,True,622503102,6225031,REVISION_MANUAL,71,0.3,MODERADO,R001|R006,2,0,,True,False,1,0,REVISION_MANUAL,0
41,1800.0,540.0,2,1,1,Familiar,Consumo,10000.0,False,True,622801102,6228011,REVISION_MANUAL,61,0.3,MODERADO,R001,1,0,,True,False,1,0,REVISION_MANUAL,0
26,50000.0,15000.0,2,1,0,Propia,Consumo,10000.0,False,True,623115101,6231151,APROBADO,100,0.3,MODERADO,R001|R005|R012,3,1,,True,False,1,1,APROBADO,1
46,10000.0,3000.0,2,4,1,Familiar,Consumo,10000.0,False,True,623405101,6234051,APROBADO,87,0.3,MODERADO,R001|R012,2,1,,True,False,1,1,APROBADO,1
35,30000.0,9000.0,2,4,5,Propia,Consumo,10000.0,False,True,623504101,6235041,APROBADO,99,0.3,MODERADO,R001|R005|R010|R012,4,1,,True,False,1,1,APROBADO,1
36,4000.0,1200.0,2,1,2,Familiar,Consumo,10000.0,False,True,623602101,6236021,REVISION_MANUAL,71,0.3,MODERADO,R001|R012,2,1,,True,False,1,0,REVISION_MANUAL,0
56,1500.0,450.0,2,1,2,Familiar,Negocio,12000.0,False,True,623714102,6237141,REVISION_MANUAL,72,0.3,MODERADO,R001|R006,2,0,,True,False,1,0,REVISION_MANUAL,0
71,1500.0,450.0,2,0,1,Familiar,Consumo,10000.0,True,True,623802102,6238021,RECHAZADO,41,0.3,MODERADO,R001|R004,2,0,,True,False,1,0,RECHAZADO,0
33,50000.0,15000.0,0,1,1,Familiar,Consumo,10000.0,False,True,624103102,6241031,RECHAZADO,15,0.3,MODERADO,R002,1,0,,True,True,0,0,RECHAZADO,0
62,1000.0,300.0,0,1,0,Propia,Consumo,10000.0,False,True,624202101,6242021,RECHAZADO,10,0.3,MODERADO,R002|R005,2,0,,True,True,0,0,RECHAZADO,0
32,7000.0,2100.0,0,0,3,Familiar,Consumo,10000.0,True,True,624520102,6245201,RECHAZADO,0,0.3,MODERADO,R002|R004,2,0,,True,True,0,0,RECHAZADO,0
43,20000.0,6000.0,2,4,3,Propia,Consumo,10000.0,False,True,624702101,6247021,APROBADO,100,0.3,MODERADO,R001|R005|R012,3,1,,True,False,1,1,APROBADO,1
29,35000.0,10500.0,2,4,0,Familiar,Consumo,10000.0,False,True,624805101,6248051,APROBADO,100,0.3,MODERADO,R001|R012,2,1,,True,False,1,1,APROBADO,1
30,2500.0,750.0,2,0,2,Familiar,Consumo,10000.0,True,True,625504102,6255041,RECHAZADO,52,0.3,MODERADO,R001|R004|R012,3,1,,True,False,1,0,RECHAZADO,0
40,30000.0,9000.0,2,4,0,Familiar,Consumo,10000.0,False,True,626203103,6262031,APROBADO,100,0.3,MODERADO,R001|R012,2,1,,True,False,1,1,APROBADO,1
65,2000.0,600.0,2,0,0,Familiar,Consumo,10000.0,True,True,626301101,6263011,RECHAZADO,43,0.3,MODERADO,R001|R004,2,0,,True,False,1,0,RECHAZADO,0
38,2500.0,750.0,2,0,4,Propia,Consumo,10000.0,True,True,626905102,6269051,RECHAZADO,54,0.3,MODERADO,R001|R004|R005|R010|R012,5,1,,True,False,1,0,RECHAZADO,0
39,1500.0,450.0,0,1,2,Familiar,Negocio,12000.0,False,True,627002102,6270021,RECHAZADO,7,0.3,MODERADO,R002|R006,2,0,,True,True,0,0,RECHAZADO,0
51,3000.0,900.0,0,2,2,Familiar,Consumo,10000.0,False,True,627219103,6272191,RECHAZADO,6,0.3,MODERADO,R002,1,0,,True,True,0,0,RECHAZADO,0
63,2000.0,600.0,0,0,1,Propia,Consumo,10000.0,True,True,627304102,6273041,RECHAZADO,0,0.3,MODERADO,R002|R004|R005,3,0,,True,True,0,0,RECHAZADO,0
26,7000.0,2100.0,2,4,0,Familiar,Consumo,10000.0,True,True,627704101,6277041,APROBADO,86,0.3,MODERADO,R001|R012,2,1,,True,False,1,1,APROBADO,1
48,1200.0,360.0,2,1,0,Propia,Consumo,10000.0,False,True,628203201,6282032,REVISION_MANUAL,77,0.3,MODERADO,R001|R005,2,0,,True,False,1,0,APROBADO,1
58,2500.0,750.0,2,1,0,Familiar,Consumo,10000.0,True,True,628306101,6283061,REVISION_MANUAL,71,0.3,MODERADO,R001|R012,2,1,,True,False,1,0,REVISION_MANUAL,0
37,5000.0,1500.0,2,2,2,Familiar,Consumo,10000.0,False,True,628402102,6284021,APROBADO,82,0.3,MODERADO,R001|R012,2,1,,True,False,1,1,APROBADO,1
50,2500.0,750.0,0,4,2,Familiar,Consumo,10000.0,True,True,629101102,6291011,RECHAZADO,5,0.3,MODERADO,R002,1,0,,True,True,0,0,RECHAZADO,0
41,20000.0,6000.0,0,4,2,Propia,Consumo,10000.0,False,True,629202101,6292021,RECHAZADO,32,0.3,MODERADO,R002|R005,2,0,,True,True,0,0,RECHAZADO,0
38,1200.0,360.0,2,1,3,Familiar,Consumo,10000.0,False,True,629504102,6295041,RECHAZADO,58,0.3,MODERADO,R001,1,0,,True,False,1,0,REVISION_MANUAL,0
24,2500.0,750.0,0,2,1,Familiar,Consumo,10000.0,False,True,629801102,6298011,RECHAZADO,5,0.3,MODERADO,R002,1,0,,True,True,0,0,RECHAZADO,0
60,2000.0,600.0,2,0,6,Familiar,Consumo,10000.0,True,True,629902101,6299021,RECHAZADO,27,0.3,MODERADO,R001|R004|R010,3,0,,True,False,1,0,RECHAZADO,0
62,7000.0,2100.0,2,3,0,Propia,Consumo,10000.0,True,True,630103102,6301031,APROBADO,100,0.3,MODERADO,R001|R005|R012|R015,4,2,,True,False,1,1,APROBADO,1
55,5500.0,1650.0,2,4,2,Propia,Consumo,10000.0,False,True,630202101,6302021,APROBADO,97,0.3,MODERADO,R001|R005|R012,3,1,,True,False,1,1,APROBADO,1
63,14000.0,4200.0,2,0,0,Propia,Consumo,10000.0,True,True,630502103,6305021,REVISION_MANUAL,76,0.3,MODERADO,R001|R004|R005|R012,4,1,,True,False,1,0,APROBADO,1
49,1200.0,360.0,2,1,2,Propia,Consumo,10000.0,False,True,630606101,6306061,REVISION_MANUAL,74,0.3,MODERADO,R001|R005,2,0,,True,False,1,0,REVISION_MANUAL,0
67,800.0,240.0,2,2,1,Propia,Negocio,12000.0,False,True,631808101,6318081,APROBADO,98,0.3,MODERADO,R001|R005|R006,3,0,,True,False,1,1,APROBADO,1
39,3500.0,1050.0,2,1,0,Familiar,Consumo,10000.0,False,True,631901101,6319011,REVISION_MANUAL,74,0.3,MODERADO,R001|R012,2,1,,True,False,1,0,REVISION_MANUAL,0
39,1000.0,300.0,2,1,3,Propia,Consumo,10000.0,False,True,632003101,6320031,REVISION_MANUAL,73,0.3,MODERADO,R001|R005,2,0,,True,False,1,0,REVISION_MANUAL,0
37,1600.0,480.0,0,2,3,Propia,Consumo,10000.0,False,True,632501103,6325011,RECHAZADO,18,0.3,MODERADO,R002|R005,2,0,,True,True,0,0,RECHAZADO,0
57,25000.0,7500.0,2,1,2,Propia,Consumo,10000.0,False,True,633003101,6330031,APROBADO,98,0.3,MODERADO,R001|R005|R012,3,1,,True,False,1,1,APROBADO,1
60,1800.0,540.0,2,5,2,Propia,Negocio,12000.0,False,True,633205101,6332051,APROBADO,100,0.3,MODERADO,R001|R003|R005|R006,4,0,,True,False,1,1,APROBADO,1
21,2300.0,690.0,2,4,3,Familiar,Consumo,10000.0,False,True,633620103,6336201,REVISION_MANUAL,67,0.3,MODERADO,R001,1,0,,True,False,1,0,REVISION_MANUAL,0
28,2500.0,750.0,2,0,0,Familiar,Consumo,10000.0,True,True,634104102,6341041,RECHAZADO,55,0.3,MODERADO,R001|R004|R012,3,1,,True,False,1,0,REVISION_MANUAL,0
42,2300.0,690.0,0,1,0,Propia,Consumo,10000.0,False,True,634302101,6343021,RECHAZADO,13,0.3,MODERADO,R002|R005,2,0,,True,True,0,0,RECHAZADO,0
45,500.0,150.0,2,1,2,Propia,Consumo,9000.0,False,True,634505102,6345051,REVISION_MANUAL,74,0.3,MODERADO,R001|R005,2,0,,True,False,1,0,REVISION_MANUAL,0
21,4000.0,1200.0,2,4,2,Familiar,Consumo,10000.0,False,True,634604103,6346041,REVISION_MANUAL,79,0.3,MODERADO,R001|R012,2,1,,True,False,1,0,APROBADO,1
27,3000.0,900.0,2,4,2,Propia,Consumo,10000.0,False,True,634702102,6347021,APROBADO,96,0.3,MODERADO,R001|R005|R012,3,1,,True,False,1,1,APROBADO,1
42,25000.0,7500.0,2,1,1,Propia,Consumo,10000.0,False,True,635402101,6354021,APROBADO,100,0.3,MODERADO,R001|R005|R012,3,1,,True,False,1,1,APROBADO,1
46,3700.0,1110.0,0,4,0,Propia,Consumo,10000.0,False,True,635502101,6355021,RECHAZADO,32,0.3,MODERADO,R002|R005|R015,3,1,,True,True,0,0,RECHAZADO,0
45,2500.0,750.0,2,4,1,Propia,Consumo,10000.0,False,True,635704101,6357041,APROBADO,97,0.3,MODERADO,R001|R005|R012,3,1,,True,False,1,1,APROBADO,1
51,9000.0,2700.0,0,4,2,Propia,Consumo,10000.0,False,True,636604101,6366041,RECHAZADO,25,0.3,MODERADO,R002|R005,2,0,,True,True,0,0,RECHAZADO,0
77,2000.0,600.0,2,0,0,Familiar,Consumo,10000.0,True,True,636702101,6367021,RECHAZADO,43,0.3,MODERADO,R001|R004,2,0,,True,False,1,0,RECHAZADO,0
40,12000.0,3600.0,2,3,0,Propia,Consumo,10000.0,False,True,636802101,6368021,APROBADO,100,0.3,MODERADO,R001|R005|R012|R015,4,2,,True,False,1,1,APROBADO,1
28,14000.0,4200.0,2,4,4,Familiar,Consumo,10000.0,False,True,637103102,6371031,REVISION_MANUAL,75,0.3,MODERADO,R001|R010|R012,3,1,,True,False,1,0,APROBADO,1
40,3000.0,900.0,0,4,0,Propia,Consumo,10000.0,False,True,637201101,6372011,RECHAZADO,32,0.3,MODERADO,R002|R005|R015,3,1,,True,True,0,0,RECHAZADO,0
52,2000.0,600.0,2,4,1,Familiar,Consumo,10000.0,True,True,637605103,6376051,REVISION_MANUAL,71,0.3,MODERADO,R001,1,0,,True,False,1,0,REVISION_MANUAL,0
32,2200.0,660.0,0,2,2,Familiar,Consumo,10000.0,False,True,637904102,6379041,RECHAZADO,5,0.3,MODERADO,R002,1,0,,True,True,0,0,RECHAZADO,0
42,7000.0,2100.0,2,0,3,Familiar,Consumo,10000.0,True,True,638116102,6381161,RECHAZADO,54,0.3,MODERADO,R001|R004|R012,3,1,,True,False,1,0,RECHAZADO,0
59,1500.0,450.0,2,1,3,Propia,Consumo,10000.0,False,True,638304101,6383041,REVISION_MANUAL,71,0.3,MODERADO,R001|R005,2,0,,True,False,1,0,REVISION_MANUAL,0
49,10000.0,3000.0,0,4,1,Familiar,Consumo,10000.0,False,True,638504102,6385041,RECHAZADO,12,0.3,MODERADO,R002,1,0,,True,True,0,0,RECHAZADO,0
41,2800.0,840.0,2,4,4,Propia,Consumo,10000.0,False,True,638802101,6388021,APROBADO,82,0.3,MODERADO,R001|R005|R010|R012,4,1,,True,False,1,1,APROBADO,1
71,18000.0,5400.0,0,3,0,Propia,Consumo,10000.0,False,True,638904102,6389041,RECHAZADO,40,0.3,MODERADO,R002|R005|R015,3,1,,True,True,0,0,RECHAZADO,0
34,65000.0,19500.0,2,5,0,Propia,Consumo,10000.0,False,True,639001101,6390011,APROBADO,100,0.3,MODERADO,R001|R003|R005|R012|R015,5,2,,True,False,1,1,APROBADO,1
54,10000.0,3000.0,2,5,3,Propia,Consumo,10000.0,False,True,639308101,6393081,APROBADO,100,0.3,MODERADO,R001|R003|R005|R012,4,1,,True,False,1,1,APROBADO,1
32,600.0,180.0,2,1,0,Familiar,Consumo,10000.0,False,True,639505102,6395051,REVISION_MANUAL,62,0.3,MODERADO,R001,1,0,,True,False,1,0,REVISION_MANUAL,0
25,1500.0,450.0,2,0,3,Familiar,Negocio,12000.0,True,True,639603102,6396031,RECHAZADO,52,0.3,MODERADO,R001|R004|R006,3,0,,True,False,1,0,RECHAZADO,0
44,24000.0,7200.0,2,4,2,Propia,Consumo,10000.0,False,True,640004102,6400041,APROBADO,100,0.3,MODERADO,R001|R005|R012,3,1,,True,False,1,1,APROBADO,1
39,9000.0,2700.0,2,4,1,Propia,Consumo,10000.0,False,True,640401101,6404011,APROBADO,100,0.3,MODERADO,R001|R005|R012,3,1,,True,False,1,1,APROBADO,1
56,9000.0,2700.0,2,4,1,Familiar,Consumo,10000.0,False,True,640503101,6405031,APROBADO,84,0.3,MODERADO,R001|R012,2,1,,True,False,1,1,APROBADO,1
37,2500.0,750.0,2,4,1,Propia,Consumo,10000.0,False,True,640604101,6406041,APROBADO,97,0.3,MODERADO,R001|R005|R012,3,1,,True,False,1,1,APROBADO,1
81,7000.0,2100.0,2,0,0,Propia,Consumo,10000.0,True,True,640703101,6407031,REVISION_MANUAL,71,0.3,MODERADO,R001|R004|R005|R012,4,1,,True,False,1,0,REVISION_MANUAL,0
33,8500.0,2550.0,2,4,0,Propia,Consumo,10000.0,False,True,641305101,6413051,APROBADO,100,0.3,MODERADO,R001|R005|R012|R015,4,2,,True,False,1,1,APROBADO,1
59,10000.0,3000.0,0,1,1,Familiar,Consumo,10000.0,False,True,641404101,6414041,RECHAZADO,0,0.3,MODERADO,R002,1,0,,True,True,0,0,RECHAZADO,0
43,1800.0,540.0,2,1,2,Propia,Consumo,10000.0,False,True,641515101,6415151,REVISION_MANUAL,75,0.3,MODERADO,R001|R005,2,0,,True,False,1,0,APROBADO,1
37,2500.0,750.0,2,1,3,Familiar,Consumo,10000.0,False,True,641605102,6416051,REVISION_MANUAL,69,0.3,MODERADO,R001|R012,2,1,,True,False,1,0,REVISION_MANUAL,0
71,1700.0,510.0,0,4,0,Familiar,Consumo,10000.0,False,True,641705101,6417051,RECHAZADO,6,0.3,MODERADO,R002,1,0,,True,True,0,0,RECHAZADO,0
65,4000.0,1200.0,2,4,0,Familiar,Consumo,10000.0,False,True,641901101,6419011,APROBADO,82,0.3,MODERADO,R001|R012,2,1,,True,False,1,1,APROBADO,1
47,2500.0,750.0,2,0,2,Familiar,Consumo,10000.0,True,True,642202102,6422021,RECHAZADO,52,0.3,MODERADO,R001|R004|R012,3,1,,True,False,1,0,RECHAZADO,0
30,2500.0,750.0,0,0,3,Propia,Consumo,10000.0,True,True,642401101,6424011,RECHAZADO,0,0.3,MODERADO,R002|R004|R005,3,0,,True,True,0,0,RECHAZADO,0
44,7000.0,2100.0,2,4,0,Familiar,Consumo,10000.0,True,True,642701101,6427011,APROBADO,86,0.3,MODERADO,R001|R012,2,1,,True,False,1,1,APROBADO,1
26,10000.0,3000.0,0,4,2,Familiar,Consumo,10000.0,False,True,642902103,6429021,RECHAZADO,10,0.3,MODERADO,R002,1,0,,True,True,0,0,RECHAZADO,0
61,7000.0,2100.0,2,0,1,Propia,Consumo,10000.0,True,True,643003101,6430031,REVISION_MANUAL,70,0.3,MODERADO,R001|R004|R005|R012,4,1,,True,False,1,0,REVISION_MANUAL,0
29,500.0,150.0,2,1,4,Familiar,Consumo,9000.0,False,True,643102104,6431021,RECHAZADO,47,0.3,MODERADO,R001|R010,2,0,,True,False,1,0,RECHAZADO,0
18,4000.0,1200.0,2,2,4,Familiar,Consumo,10000.0,False,True,643601103,6436011,RECHAZADO,54,0.3,MODERADO,R001|R009|R010|R012,4,1,,True,False,1,0,RECHAZADO,0
74,7000.0,2100.0,2,0,3,Familiar,Consumo,10000.0,True,True,643701102,6437011,RECHAZADO,52,0.3,MODERADO,R001|R004|R012,3,1,,True,False,1,0,RECHAZADO,0
24,9000.0,2700.0,0,4,1,Familiar,Consumo,10000.0,False,True,643802102,6438021,RECHAZADO,9,0.3,MODERADO,R002,1,0,,True,True,0,0,RECHAZADO,0
80,1500.0,450.0,2,0,0,Propia,Consumo,10000.0,True,True,644002101,6440021,RECHAZADO,58,0.3,MODERADO,R001|R004|R005,3,0,,True,False,1,0,REVISION_MANUAL,0
38,12000.0,3600.0,2,3,4,Familiar,Consumo,10000.0,False,True,644105103,6441051,REVISION_MANUAL,74,0.3,MODERADO,R001|R010|R012,3,1,,True,False,1,0,REVISION_MANUAL,0
53,2000.0,600.0,2,0,1,Familiar,Consumo,10000.0,True,True,644204102,6442041,RECHAZADO,43,0.3,MODERADO,R001|R004,2,0,,True,False,1,0,RECHAZADO,0
66,1000.0,300.0,2,1,1,Propia,Consumo,10000.0,False,True,644409101,6444091,REVISION_MANUAL,74,0.3,MODERADO,R001|R005,2,0,,True,False,1,0,REVISION_MANUAL,0
49,15000.0,4500.0,0,4,0,Propia,Consumo,10000.0,False,True,645103101,6451031,RECHAZADO,40,0.3,MODERADO,R002|R005|R015,3,1,,True,True,0,0,RECHAZADO,0
68,1000.0,300.0,2,1,0,Propia,Consumo,10000.0,False,True,645216101,6452161,REVISION_MANUAL,75,0.3,MODERADO,R001|R005,2,0,,True,False,1,0,APROBADO,1
30,12000.0,3600.0,2,4,1,Propia,Consumo,10000.0,False,True,645405102,6454051,APROBADO,100,0.3,MODERADO,R001|R005|R012,3,1,,True,False,1,1,APROBADO,1
33,1500.0,450.0,0,2,2,Familiar,Consumo,10000.0,False,True,645714101,6457141,RECHAZADO,5,0.3,MODERADO,R002,1,0,,True,True,0,0,RECHAZADO,0
60,800.0,240.0,2,1,0,Propia,Consumo,10000.0,False,True,645803102,6458031,REVISION_MANUAL,75,0.3,MODERADO,R001|R005,2,0,,True,False,1,0,APROBADO,1
57,5000.0,1500.0,0,2,2,Propia,Consumo,10000.0,False,True,646403102,6464031,RECHAZADO,20,0.3,MODERADO,R002|R005,2,0,,True,True,0,0,RECHAZADO,0
45,10000.0,3000.0,2,4,0,Familiar,Consumo,10000.0,False,True,646905101,6469051,APROBADO,88,0.3,MODERADO,R001|R012,2,1,,True,False,1,1,APROBADO,1
52,15000.0,4500.0,0,4,2,Familiar,Consumo,10000.0,False,True,647202103,6472021,RECHAZADO,14,0.3,MODERADO,R002,1,0,,True,True,0,0,RECHAZADO,0
49,1400.0,420.0,2,1,2,Familiar,Consumo,10000.0,False,True,647609101,6476091,RECHAZADO,59,0.3,MODERADO,R001,1,0,,True,False,1,0,REVISION_MANUAL,0
50,3600.0,1080.0,2,2,1,Familiar,Consumo,10000.0,False,True,648418101,6484181,APROBADO,82,0.3,MODERADO,R001|R012,2,1,,True,False,1,1,APROBADO,1
41,2000.0,600.0,2,4,1,Propia,Consumo,10000.0,False,True,648505101,6485051,APROBADO,86,0.3,MODERADO,R001|R005,2,0,,True,False,1,1,APROBADO,1
58,25000.0,7500.0,2,4,1,Familiar,Consumo,10000.0,False,True,649002101,6490021,APROBADO,95,0.3,MODERADO,R001|R012,2,1,,True,False,1,1,APROBADO,1
49,18000.0,5400.0,2,4,0,Propia,Consumo,10000.0,False,True,649203101,6492031,APROBADO,100,0.3,MODERADO,R001|R005|R012|R015,4,2,,True,False,1,1,APROBADO,1
27,1500.0,450.0,0,2,0,Familiar,Consumo,10000.0,False,True,649305101,6493051,RECHAZADO,8,0.3,MODERADO,R002,1,0,,True,True,0,0,RECHAZADO,0
55,1000.0,300.0,2,2,0,Propia,Negocio,12000.0,False,True,649505101,6495051,APROBADO,99,0.3,MODERADO,R001|R005|R006,3,0,,True,False,1,1,APROBADO,1
40,3000.0,900.0,2,2,1,Propia,Consumo,10000.0,False,True,650209102,6502091,APROBADO,97,0.3,MODERADO,R001|R005|R012,3,1,,True,False,1,1,APROBADO,1
44,10000.0,3000.0,0,0,2,Familiar,Consumo,10000.0,False,True,650302102,6503021,RECHAZADO,0,0.3,MODERADO,R002|R004,2,0,,True,True,0,0,RECHAZADO,0
22,1200.0,360.0,0,2,2,Familiar,Consumo,10000.0,False,True,650614103,6506141,RECHAZADO,2,0.3,MODERADO,R002,1,0,,True,True,0,0,RECHAZADO,0
20,1500.0,450.0,2,4,2,Familiar,Negocio,12000.0,False,True,650701102,6507011,REVISION_MANUAL,70,0.3,MODERADO,R001|R006|R009,3,0,,True,False,1,0,REVISION_MANUAL,0
47,2000.0,600.0,2,4,2,Propia,Consumo,10000.0,True,True,651005101,6510051,APROBADO,85,0.3,MODERADO,R001|R005,2,0,,True,False,1,1,APROBADO,1
38,17000.0,5100.0,2,4,2,Familiar,Consumo,10000.0,False,True,651401101,6514011,APROBADO,90,0.3,MODERADO,R001|R012,2,1,,True,False,1,1,APROBADO,1
53,2000.0,600.0,2,4,1,Familiar,Consumo,10000.0,False,True,652205102,6522051,REVISION_MANUAL,71,0.3,MODERADO,R001,1,0,,True,False,1,0,REVISION_MANUAL,0
61,6000.0,1800.0,0,1,2,Familiar,Consumo,10000.0,False,True,652301102,6523011,RECHAZADO,0,0.3,MODERADO,R002,1,0,,True,True,0,0,RECHAZADO,0
54,2000.0,600.0,2,0,3,Familiar,Consumo,10000.0,True,True,652405102,6524051,RECHAZADO,40,0.3,MODERADO,R001|R004,2,0,,True,False,1,0,RECHAZADO,0
60,2000.0,600.0,0,0,0,Familiar,Consumo,10000.0,True,True,652505102,6525051,RECHAZADO,0,0.3,MODERADO,R002|R004,2,0,,True,True,0,0,RECHAZADO,0
25,500.0,150.0,2,2,2,Familiar,Consumo,9000.0,False,True,652703103,6527031,REVISION_MANUAL,69,0.3,MODERADO,R001,1,0,,True,False,1,0,REVISION_MANUAL,0
27,12000.0,3600.0,2,4,0,Familiar,Consumo,10000.0,False,True,652803102,6528031,APROBADO,90,0.3,MODERADO,R001|R012,2,1,,True,False,1,1,APROBADO,1
34,5000.0,1500.0,2,4,0,Familiar,Consumo,10000.0,False,True,653204102,6532041,APROBADO,85,0.3,MODERADO,R001|R012,2,1,,True,False,1,1,APROBADO,1
47,8000.0,2400.0,2,3,0,Propia,Consumo,10000.0,False,True,653402101,6534021,APROBADO,100,0.3,MODERADO,R001|R005|R012|R015,4,2,,True,False,1,1,APROBADO,1
35,8000.0,2400.0,0,4,0,Familiar,Consumo,10000.0,False,True,653503101,6535031,RECHAZADO,12,0.3,MODERADO,R002,1,0,,True,True,0,0,RECHAZADO,0
52,1000.0,300.0,2,2,1,Familiar,Consumo,10000.0,False,True,654015102,6540151,REVISION_MANUAL,71,0.3,MODERADO,R001,1,0,,True,False,1,0,REVISION_MANUAL,0
38,15000.0,4500.0,2,2,1,Propia,Consumo,10000.0,False,True,654202103,6542021,APROBADO,100,0.3,MODERADO,R001|R005|R012,3,1,,True,False,1,1,APROBADO,1
45,3000.0,900.0,2,5,3,Propia,Consumo,10000.0,False,True,655302101,6553021,APROBADO,100,0.3,MODERADO,R001|R003|R005|R012,4,1,,True,False,1,1,APROBADO,1
44,12000.0,3600.0,2,4,4,Familiar,Consumo,10000.0,False,True,655404103,6554041,REVISION_MANUAL,74,0.3,MODERADO,R001|R010|R012,3,1,,True,False,1,0,REVISION_MANUAL,0
41,25000.0,7500.0,2,4,0,Propia,Consumo,10000.0,False,True,655602101,6556021,APROBADO,100,0.3,MODERADO,R001|R005|R012|R015,4,2,,True,False,1,1,APROBADO,1
24,2200.0,660.0,0,4,2,Familiar,Consumo,10000.0,False,True,655903103,6559031,RECHAZADO,3,0.3,MODERADO,R002,1,0,,True,True,0,0,RECHAZADO,0
19,19500.0,5850.0,2,4,1,Familiar,Consumo,10000.0,False,True,656905102,6569051,REVISION_MANUAL,79,0.3,MODERADO,R001|R009|R012,3,1,,True,False,1,0,APROBADO,1
31,2300.0,690.0,2,4,1,Propia,Consumo,10000.0,False,True,657002102,6570021,APROBADO,87,0.3,MODERADO,R001|R005,2,0,,True,False,1,1,APROBADO,1
21,7000.0,2100.0,2,0,3,Familiar,Consumo,10000.0,True,True,657203104,6572031,RECHAZADO,52,0.3,MODERADO,R001|R004|R012,3,1,,True,False,1,0,RECHAZADO,0
69,1500.0,450.0,2,3,0,Propia,Consumo,10000.0,False,True,658017101,6580171,APROBADO,94,0.3,MODERADO,R001|R005|R015,3,1,,True,False,1,1,APROBADO,1
28,7000.0,2100.0,0,5,2,Propia,Consumo,10000.0,True,True,658118102,6581181,RECHAZADO,42,0.3,MODERADO,R002|R003|R005,3,0,,True,True,0,0,RECHAZADO,0
46,500.0,150.0,0,2,3,Familiar,Consumo,9000.0,False,True,658309102,6583091,RECHAZADO,2,0.3,MODERADO,R002,1,0,,True,True,0,0,RECHAZADO,0
58,10000.0,3000.0,2,4,2,Propia,Consumo,10000.0,False,True,658405102,6584051,APROBADO,98,0.3,MODERADO,R001|R005|R012,3,1,,True,False,1,1,APROBADO,1
64,14000.0,4200.0,2,3,0,Propia,Consumo,10000.0,True,True,658802102,6588021,APROBADO,100,0.3,MODERADO,R001|R005|R012|R015,4,2,,True,False,1,1,APROBADO,1
44,8000.0,2400.0,2,4,1,Familiar,Negocio,12000.0,False,True,658905101,6589051,APROBADO,97,0.3,MODERADO,R001|R006|R012,3,1,,True,False,1,1,APROBADO,1
26,2700.0,810.0,2,1,0,Familiar,Consumo,10000.0,False,True,659411102,6594111,REVISION_MANUAL,73,0.3,MODERADO,R001|R012,2,1,,True,False,1,0,REVISION_MANUAL,0
78,2000.0,600.0,2,0,1,Propia,Consumo,10000.0,True,True,659512102,6595121,RECHAZADO,56,0.3,MODERADO,R001|R004|R005,3,0,,True,False,1,0,REVISION_MANUAL,0
48,4000.0,1200.0,2,0,2,Familiar,Consumo,10000.0,True,True,659701104,6597011,RECHAZADO,53,0.3,MODERADO,R001|R004|R012,3,1,,True,False,1,0,RECHAZADO,0
41,2000.0,600.0,2,4,3,Propia,Consumo,10000.0,False,True,660104102,6601041,APROBADO,83,0.3,MODERADO,R001|R005,2,0,,True,False,1,1,APROBADO,1
33,3000.0,900.0,0,4,2,Propia,Consumo,10000.0,False,True,660305104,6603051,RECHAZADO,21,0.3,MODERADO,R002|R005,2,0,,True,True,0,0,RECHAZADO,0
39,2500.0,750.0,2,4,3,Familiar,Consumo,10000.0,False,True,660502101,6605021,REVISION_MANUAL,79,0.3,MODERADO,R001|R012,2,1,,True,False,1,0,APROBADO,1
45,1500.0,450.0,2,0,0,Propia,Consumo,10000.0,True,True,660705101,6607051,REVISION_MANUAL,60,0.3,MODERADO,R001|R004|R005,3,0,,True,False,1,0,REVISION_MANUAL,0
50,20000.0,6000.0,2,4,1,Propia,Consumo,10000.0,False,True,660805101,6608051,APROBADO,100,0.3,MODERADO,R001|R005|R012,3,1,,True,False,1,1,APROBADO,1
40,4000.0,1200.0,0,4,0,Familiar,Consumo,10000.0,False,True,660901101,6609011,RECHAZADO,9,0.3,MODERADO,R002,1,0,,True,True,0,0,RECHAZADO,0
44,1500.0,450.0,2,4,3,Familiar,Consumo,10000.0,False,True,661102101,6611021,REVISION_MANUAL,68,0.3,MODERADO,R001,1,0,,True,False,1,0,REVISION_MANUAL,0
56,1800.0,540.0,2,4,0,Propia,Consumo,10000.0,False,True,661307101,6613071,APROBADO,94,0.3,MODERADO,R001|R005|R015,3,1,,True,False,1,1,APROBADO,1
20,800.0,240.0,0,2,3,Familiar,Consumo,10000.0,False,True,661518105,6615181,RECHAZADO,0,0.3,MODERADO,R002|R009,2,0,,True,True,0,0,RECHAZADO,0
18,2500.0,750.0,2,0,3,Familiar,Consumo,10000.0,True,True,661704103,6617041,RECHAZADO,37,0.3,MODERADO,R001|R004|R009|R012,4,1,,True,False,1,0,RECHAZADO,0
40,6000.0,1800.0,2,4,2,Familiar,Consumo,10000.0,False,True,662102102,6621021,APROBADO,83,0.3,MODERADO,R001|R012,2,1,,True,False,1,1,APROBADO,1
20,2000.0,600.0,0,2,3,Familiar,Consumo,10000.0,False,True,662213104,6622131,RECHAZADO,0,0.3,MODERADO,R002|R009,2,0,,True,True,0,0,RECHAZADO,0
31,2200.0,660.0,2,4,0,Familiar,Consumo,10000.0,False,True,662603102,6626031,REVISION_MANUAL,73,0.3,MODERADO,R001,1,0,,True,False,1,0,REVISION_MANUAL,0
20,1200.0,360.0,0,2,2,Familiar,Consumo,10000.0,False,True,662713102,6627131,RECHAZADO,0,0.3,MODERADO,R002|R009,2,0,,True,True,0,0,RECHAZADO,0
51,25000.0,7500.0,2,4,3,Familiar,Consumo,10000.0,False,True,662805101,6628051,APROBADO,94,0.3,MODERADO,R001|R012,2,1,,True,False,1,1,APROBADO,1
56,1200.0,360.0,0,4,1,Familiar,Consumo,10000.0,False,True,663201101,6632011,RECHAZADO,4,0.3,MODERADO,R002,1,0,,True,True,0,0,RECHAZADO,0
46,2000.0,600.0,2,1,2,Familiar,Consumo,10000.0,False,True,663401101,6634011,REVISION_MANUAL,60,0.3,MODERADO,R001,1,0,,True,False,1,0,REVISION_MANUAL,0
44,1800.0,540.0,2,4,5,Familiar,Consumo,10000.0,False,True,663606101,6636061,RECHAZADO,57,0.3,MODERADO,R001|R010,2,0,,True,False,1,0,REVISION_MANUAL,0
57,2000.0,600.0,2,2,1,Familiar,Consumo,10000.0,True,True,663703101,6637031,REVISION_MANUAL,69,0.3,MODERADO,R001,1,0,,True,False,1,0,REVISION_MANUAL,0
35,25000.0,7500.0,2,4,3,Familiar,Consumo,10000.0,False,True,663801105,6638011,APROBADO,94,0.3,MODERADO,R001|R012,2,1,,True,False,1,1,APROBADO,1
38,5000.0,1500.0,2,2,0,Familiar,Consumo,10000.0,False,True,664001101,6640011,APROBADO,85,0.3,MODERADO,R001|R012,2,1,,True,False,1,1,APROBADO,1
58,7000.0,2100.0,0,3,2,Familiar,Consumo,10000.0,True,True,664201102,6642011,RECHAZADO,6,0.3,MODERADO,R002,1,0,,True,True,0,0,RECHAZADO,0
34,15000.0,4500.0,2,5,2,Propia,Consumo,10000.0,False,True,664405104,6644051,APROBADO,100,0.3,MODERADO,R001|R003|R005|R012,4,1,,True,False,1,1,APROBADO,1
30,26000.0,7800.0,2,4,2,Familiar,Consumo,10000.0,False,True,665003102,6650031,APROBADO,96,0.3,MODERADO,R001|R012,2,1,,True,False,1,1,APROBADO,1
49,25000.0,7500.0,2,4,3,Familiar,Consumo,10000.0,False,True,665120102,6651201,APROBADO,94,0.3,MODERADO,R001|R012,2,1,,True,False,1,1,APROBADO,1
36,2500.0,750.0,2,4,2,Familiar,Consumo,10000.0,False,True,665804102,6658041,APROBADO,80,0.3,MODERADO,R001|R012,2,1,,True,False,1,1,APROBADO,1
38,2500.0,750.0,2,4,0,Propia,Consumo,10000.0,False,True,666402101,6664021,APROBADO,100,0.3,MODERADO,R001|R005|R012|R015,4,2,,True,False,1,1,APROBADO,1
73,1600.0,480.0,0,1,1,Familiar,Consumo,10000.0,False,True,667214101,6672141,RECHAZADO,0,0.3,MODERADO,R002,1,0,,True,True,0,0,RECHAZADO,0
29,23000.0,6900.0,0,4,1,Familiar,Consumo,10000.0,False,True,667401101,6674011,RECHAZADO,20,0.3,MODERADO,R002,1,0,,True,True,0,0,RECHAZADO,0
45,12000.0,3600.0,2,4,1,Familiar,Consumo,10000.0,False,True,667901102,6679011,APROBADO,88,0.3,MODERADO,R001|R012,2,1,,True,False,1,1,APROBADO,1
23,400.0,120.0,2,1,2,Propia,Consumo,7200.0,False,True,668201101,6682011,REVISION_MANUAL,72,0.3,MODERADO,R001|R005,2,0,,True,False,1,0,REVISION_MANUAL,0
21,2300.0,690.0,2,4,3,Familiar,Consumo,10000.0,False,True,668505103,6685051,REVISION_MANUAL,67,0.3,MODERADO,R001,1,0,,True,False,1,0,REVISION_MANUAL,0
47,4800.0,1440.0,2,4,2,Propia,Consumo,10000.0,False,True,668602102,6686021,APROBADO,97,0.3,MODERADO,R001|R005|R012,3,1,,True,False,1,1,APROBADO,1
26,3000.0,900.0,0,2,0,Familiar,Consumo,10000.0,False,True,669102101,6691021,RECHAZADO,9,0.3,MODERADO,R002,1,0,,True,True,0,0,RECHAZADO,0
58,10000.0,3000.0,2,1,0,Propia,Consumo,10000.0,False,True,669705102,6697051,APROBADO,91,0.3,MODERADO,R001|R005|R012,3,1,,True,False,1,1,APROBADO,1
56,2000.0,600.0,0,1,0,Familiar,Consumo,10000.0,False,True,669816102,6698161,RECHAZADO,0,0.3,MODERADO,R002,1,0,,True,True,0,0,RECHAZADO,0
54,8500.0,2550.0,2,4,0,Propia,Consumo,10000.0,False,True,670415101,6704151,APROBADO,100,0.3,MODERADO,R001|R005|R012|R015,4,2,,True,False,1,1,APROBADO,1
61,1500.0,450.0,2,0,0,Propia,Consumo,10000.0,True,True,670616101,6706161,RECHAZADO,58,0.3,MODERADO,R001|R004|R005,3,0,,True,False,1,0,REVISION_MANUAL,0
49,2500.0,750.0,2,1,1,Propia,Consumo,10000.0,False,True,671105101,6711051,APROBADO,87,0.3,MODERADO,R001|R005|R012,3,1,,True,False,1,1,APROBADO,1
36,1100.0,330.0,0,4,0,Propia,Consumo,10000.0,False,True,671611101,6716111,RECHAZADO,30,0.3,MODERADO,R002|R005|R015,3,1,,True,True,0,0,RECHAZADO,0
43,10000.0,3000.0,2,4,1,Propia,Consumo,10000.0,False,True,671702102,6717021,APROBADO,100,0.3,MODERADO,R001|R005|R012,3,1,,True,False,1,1,APROBADO,1
64,13000.0,3900.0,2,4,0,Propia,Consumo,10000.0,False,True,672712101,6727121,APROBADO,100,0.3,MODERADO,R001|R005|R012|R015,4,2,,True,False,1,1,APROBADO,1
34,20000.0,6000.0,2,4,0,Familiar,Consumo,10000.0,False,True,672902103,6729021,APROBADO,95,0.3,MODERADO,R001|R012,2,1,,True,False,1,1,APROBADO,1
54,6500.0,1950.0,2,4,1,Propia,Consumo,10000.0,False,True,673105101,6731051,APROBADO,99,0.3,MODERADO,R001|R005|R012,3,1,,True,False,1,1,APROBADO,1
47,14000.0,4200.0,2,0,0,Familiar,Consumo,10000.0,True,True,673404101,6734041,REVISION_MANUAL,63,0.3,MODERADO,R001|R004|R012,3,1,,True,False,1,0,REVISION_MANUAL,0
31,7000.0,2100.0,2,4,1,Familiar,Consumo,10000.0,True,True,673603101,6736031,APROBADO,85,0.3,MODERADO,R001|R012,2,1,,True,False,1,1,APROBADO,1
31,3000.0,900.0,0,2,5,Familiar,Consumo,10000.0,False,True,673903103,6739031,RECHAZADO,0,0.3,MODERADO,R002|R010,2,0,,True,True,0,0,RECHAZADO,0
23,7000.0,2100.0,0,0,0,Familiar,Consumo,10000.0,True,True,674205101,6742051,RECHAZADO,0,0.3,MODERADO,R002|R004,2,0,,True,True,0,0,RECHAZADO,0
64,7000.0,2100.0,2,0,1,Propia,Consumo,10000.0,True,True,674305101,6743051,REVISION_MANUAL,70,0.3,MODERADO,R001|R004|R005|R012,4,1,,True,False,1,0,REVISION_MANUAL,0
38,500.0,150.0,2,1,2,Familiar,Consumo,9000.0,False,True,674405102,6744051,RECHAZADO,59,0.3,MODERADO,R001,1,0,,True,False,1,0,REVISION_MANUAL,0
48,2000.0,600.0,2,4,3,Propia,Consumo,10000.0,False,True,674802102,6748021,APROBADO,83,0.3,MODERADO,R001|R005,2,0,,True,False,1,1,APROBADO,1
28,7000.0,2100.0,0,4,0,Familiar,Consumo,10000.0,False,True,675105101,6751051,RECHAZADO,11,0.3,MODERADO,R002,1,0,,True,True,0,0,RECHAZADO,0
39,42000.0,12600.0,2,4,2,Propia,Consumo,10000.0,False,True,675603101,6756031,APROBADO,100,0.3,MODERADO,R001|R005|R012,3,1,,True,False,1,1,APROBADO,1
46,9569.0,2870.7,2,4,0,Propia,Consumo,10000.0,False,True,675813102,6758131,APROBADO,100,0.3,MODERADO,R001|R005|R012|R015,4,2,,True,False,1,1,APROBADO,1
41,15000.0,4500.0,0,1,1,Propia,Consumo,10000.0,False,True,676004103,6760041,RECHAZADO,20,0.3,MODERADO,R002|R005,2,0,,True,True,0,0,RECHAZADO,0
24,6500.0,1950.0,2,4,2,Familiar,Consumo,10000.0,False,True,676202103,6762021,APROBADO,81,0.3,MODERADO,R001|R012,2,1,,True,False,1,1,APROBADO,1
46,6000.0,1800.0,2,4,2,Propia,Consumo,10000.0,False,True,676402101,6764021,APROBADO,98,0.3,MODERADO,R001|R005|R012,3,1,,True,False,1,1,APROBADO,1
75,2500.0,750.0,2,0,0,Propia,Consumo,10000.0,True,True,676604102,6766041,REVISION_MANUAL,68,0.3,MODERADO,R001|R004|R005|R012,4,1,,True,False,1,0,REVISION_MANUAL,0
30,7000.0,2100.0,2,0,1,Familiar,Consumo,10000.0,True,True,676906101,6769061,RECHAZADO,57,0.3,MODERADO,R001|R004|R012,3,1,,True,False,1,0,REVISION_MANUAL,0
44,12000.0,3600.0,2,2,0,Propia,Consumo,10000.0,False,True,677003101,6770031,APROBADO,100,0.3,MODERADO,R001|R005|R012,3,1,,True,False,1,1,APROBADO,1
44,12000.0,3600.0,2,4,3,Propia,Consumo,10000.0,False,True,677103101,6771031,APROBADO,100,0.3,MODERADO,R001|R005|R012,3,1,,True,False,1,1,APROBADO,1
26,2700.0,810.0,2,4,2,Propia,Consumo,10000.0,False,True,677205101,6772051,APROBADO,95,0.3,MODERADO,R001|R005|R012,3,1,,True,False,1,1,APROBADO,1
37,7000.0,2100.0,2,0,1,Propia,Consumo,10000.0,True,True,677703102,6777031,REVISION_MANUAL,72,0.3,MODERADO,R001|R004|R005|R012,4,1,,True,False,1,0,REVISION_MANUAL,0
68,1500.0,450.0,0,0,0,Familiar,Consumo,10000.0,True,True,678005101,6780051,RECHAZADO,0,0.3,MODERADO,R002|R004,2,0,,True,True,0,0,RECHAZADO,0
59,1500.0,450.0,0,4,4,Propia,Consumo,10000.0,False,True,678206101,6782061,RECHAZADO,5,0.3,MODERADO,R002|R005|R010,3,0,,True,True,0,0,RECHAZADO,0
43,150.0,45.0,2,1,2,Familiar,Consumo,2700.0,False,True,678409102,6784091,RECHAZADO,59,0.3,MODERADO,R001,1,0,,True,False,1,0,REVISION_MANUAL,0
31,5000.0,1500.0,0,4,2,Familiar,Consumo,10000.0,False,True,678605103,6786051,RECHAZADO,7,0.3,MODERADO,R002,1,0,,True,True,0,0,RECHAZADO,0
30,3300.0,990.0,2,4,3,Familiar,Consumo,10000.0,False,True,678802101,6788021,REVISION_MANUAL,79,0.3,MODERADO,R001|R012,2,1,,True,False,1,0,APROBADO,1
51,25000.0,7500.0,2,4,0,Propia,Consumo,10000.0,False,True,679003102,6790031,APROBADO,100,0.3,MODERADO,R001|R005|R012|R015,4,2,,True,False,1,1,APROBADO,1
48,5000.0,1500.0,0,4,2,Familiar,Consumo,10000.0,False,True,679102101,6791021,RECHAZADO,7,0.3,MODERADO,R002,1,0,,True,True,0,0,RECHAZADO,0
28,13000.0,3900.0,2,4,0,Familiar,Consumo,10000.0,False,True,679205101,6792051,APROBADO,90,0.3,MODERADO,R001|R012,2,1,,True,False,1,1,APROBADO,1
26,1800.0,540.0,2,2,1,Familiar,Consumo,10000.0,False,True,679301103,6793011,REVISION_MANUAL,71,0.3,MODERADO,R001,1,0,,True,False,1,0,REVISION_MANUAL,0
51,500.0,150.0,0,1,1,Propia,Consumo,9000.0,False,True,679402101,6794021,RECHAZADO,10,0.3,MODERADO,R002|R005,2,0,,True,True,0,0,RECHAZADO,0
53,5000.0,1500.0,2,5,3,Propia,Consumo,10000.0,False,True,679506101,6795061,APROBADO,100,0.3,MODERADO,R001|R003|R005|R012,4,1,,True,False,1,1,APROBADO,1
41,2000.0,600.0,2,1,3,Familiar,Consumo,10000.0,False,True,679703101,6797031,RECHAZADO,58,0.3,MODERADO,R001,1,0,,True,False,1,0,REVISION_MANUAL,0
29,8000.0,2400.0,2,4,1,Familiar,Consumo,10000.0,False,True,679903101,6799031,APROBADO,85,0.3,MODERADO,R001|R012,2,1,,True,False,1,1,APROBADO,1
31,1600.0,480.0,2,1,2,Familiar,Consumo,10000.0,False,True,680118204,6801182,REVISION_MANUAL,60,0.3,MODERADO,R001,1,0,,True,False,1,0,REVISION_MANUAL,0
24,2000.0,600.0,2,0,5,Familiar,Consumo,10000.0,True,True,680505104,6805051,RECHAZADO,27,0.3,MODERADO,R001|R004|R010,3,0,,True,False,1,0,RECHAZADO,0
39,25000.0,7500.0,2,4,2,Propia,Consumo,10000.0,False,True,680801101,6808011,APROBADO,100,0.3,MODERADO,R001|R005|R012,3,1,,True,False,1,1,APROBADO,1
55,14000.0,4200.0,2,4,2,Familiar,Consumo,10000.0,True,True,681004101,6810041,APROBADO,88,0.3,MODERADO,R001|R012,2,1,,True,False,1,1,APROBADO,1
19,700.0,210.0,0,1,2,Familiar,Consumo,10000.0,False,True,681204102,6812041,RECHAZADO,0,0.3,MODERADO,R002|R009,2,0,,True,True,0,0,RECHAZADO,0
40,7000.0,2100.0,2,4,0,Propia,Consumo,10000.0,True,True,681805101,6818051,APROBADO,100,0.3,MODERADO,R001|R005|R012|R015,4,2,,True,False,1,1,APROBADO,1
39,2500.0,750.0,0,4,1,Familiar,Consumo,10000.0,False,True,682004102,6820041,RECHAZADO,7,0.3,MODERADO,R002,1,0,,True,True,0,0,RECHAZADO,0
37,600.0,180.0,0,1,2,Propia,Consumo,10000.0,False,True,682401101,6824011,RECHAZADO,9,0.3,MODERADO,R002|R005,2,0,,True,True,0,0,RECHAZADO,0
52,2000.0,600.0,2,0,5,Propia,Consumo,10000.0,True,True,682605101,6826051,RECHAZADO,44,0.3,MODERADO,R001|R004|R005|R010,4,0,,True,False,1,0,RECHAZADO,0
24,2800.0,840.0,2,4,0,Familiar,Consumo,10000.0,False,True,682803102,6828031,APROBADO,81,0.3,MODERADO,R001|R012,2,1,,True,False,1,1,APROBADO,1
65,3000.0,900.0,2,0,0,Familiar,Consumo,10000.0,True,True,682902101,6829021,RECHAZADO,54,0.3,MODERADO,R001|R004|R012,3,1,,True,False,1,0,RECHAZADO,0
24,27000.0,8100.0,2,4,2,Familiar,Consumo,10000.0,False,True,683103103,6831031,APROBADO,95,0.3,MODERADO,R001|R012,2,1,,True,False,1,1,APROBADO,1
47,7000.0,2100.0,2,0,3,Familiar,Negocio,12000.0,True,True,683201102,6832011,REVISION_MANUAL,66,0.3,MODERADO,R001|R004|R006|R012,4,1,,True,False,1,0,REVISION_MANUAL,0
38,10000.0,3000.0,0,4,2,Familiar,Consumo,10000.0,False,True,683402101,6834021,RECHAZADO,10,0.3,MODERADO,R002,1,0,,True,True,0,0,RECHAZADO,0
53,2000.0,600.0,2,4,2,Propia,Consumo,10000.0,False,True,683605101,6836051,APROBADO,85,0.3,MODERADO,R001|R005,2,0,,True,False,1,1,APROBADO,1
46,2200.0,660.0,2,4,2,Propia,Consumo,10000.0,False,True,683805101,6838051,APROBADO,85,0.3,MODERADO,R001|R005,2,0,,True,False,1,1,APROBADO,1
33,2800.0,840.0,2,4,2,Propia,Consumo,10000.0,False,True,683902101,6839021,APROBADO,95,0.3,MODERADO,R001|R005|R012,3,1,,True,False,1,1,APROBADO,1
26,7000.0,2100.0,2,4,1,Familiar,Consumo,10000.0,False,True,684805103,6848051,APROBADO,85,0.3,MODERADO,R001|R012,2,1,,True,False,1,1,APROBADO,1
44,40000.0,12000.0,2,4,0,Propia,Consumo,10000.0,False,True,684902102,6849021,APROBADO,100,0.3,MODERADO,R001|R005|R012|R015,4,2,,True,False,1,1,APROBADO,1
33,1600.0,480.0,2,2,0,Familiar,Consumo,10000.0,False,True,685103102,6851031,REVISION_MANUAL,73,0.3,MODERADO,R001,1,0,,True,False,1,0,REVISION_MANUAL,0
38,4000.0,1200.0,2,1,3,Familiar,Consumo,10000.0,False,True,685202101,6852021,REVISION_MANUAL,70,0.3,MODERADO,R001|R012,2,1,,True,False,1,0,REVISION_MANUAL,0
51,2000.0,600.0,2,0,1,Familiar,Consumo,10000.0,True,True,685305101,6853051,RECHAZADO,43,0.3,MODERADO,R001|R004,2,0,,True,False,1,0,RECHAZADO,0
61,2000.0,600.0,0,0,0,Propia,Consumo,10000.0,True,True,685801102,6858011,RECHAZADO,0,0.3,MODERADO,R002|R004|R005,3,0,,True,True,0,0,RECHAZADO,0
52,3900.0,1170.0,2,4,1,Propia,Consumo,10000.0,False,True,686103101,6861031,APROBADO,98,0.3,MODERADO,R001|R005|R012,3,1,,True,False,1,1,APROBADO,1
40,2600.0,780.0,2,4,3,Familiar,Consumo,10000.0,False,True,686214101,6862141,REVISION_MANUAL,79,0.3,MODERADO,R001|R012,2,1,,True,False,1,0,APROBADO,1
59,1500.0,450.0,0,0,4,Familiar,Consumo,10000.0,True,True,686304102,6863041,RECHAZADO,0,0.3,MODERADO,R002|R004|R010,3,0,,True,True,0,0,RECHAZADO,0
25,2000.0,600.0,0,4,1,Familiar,Consumo,10000.0,False,True,686401102,6864011,RECHAZADO,6,0.3,MODERADO,R002,1,0,,True,True,0,0,RECHAZADO,0
23,2500.0,750.0,0,0,0,Familiar,Consumo,10000.0,True,True,686602103,6866021,RECHAZADO,0,0.3,MODERADO,R002|R004,2,0,,True,True,0,0,RECHAZADO,0
22,900.0,270.0,2,2,2,Familiar,Negocio,12000.0,False,True,686719102,6867191,APROBADO,81,0.3,MODERADO,R001|R006,2,0,,True,False,1,1,APROBADO,1
27,3000.0,900.0,2,4,0,Familiar,Consumo,10000.0,False,True,686901101,6869011,APROBADO,84,0.3,MODERADO,R001|R012,2,1,,True,False,1,1,APROBADO,1
65,9000.0,2700.0,2,4,1,Propia,Consumo,10000.0,False,True,687105101,6871051,APROBADO,99,0.3,MODERADO,R001|R005|R012,3,1,,True,False,1,1,APROBADO,1
37,4200.0,1260.0,2,4,0,Propia,Consumo,10000.0,False,True,687202101,6872021,APROBADO,100,0.3,MODERADO,R001|R005|R012|R015,4,2,,True,False,1,1,APROBADO,1
55,380.0,114.0,2,1,1,Familiar,Consumo,6840.0,False,True,687314102,6873141,REVISION_MANUAL,60,0.3,MODERADO,R001,1,0,,True,False,1,0,REVISION_MANUAL,0
34,5000.0,1500.0,0,5,3,Propia,Consumo,10000.0,False,True,687404101,6874041,RECHAZADO,39,0.3,MODERADO,R002|R003|R005,3,0,,True,True,0,0,RECHAZADO,0
46,35000.0,10500.0,2,4,2,Propia,Consumo,10000.0,False,True,688003101,6880031,APROBADO,100,0.3,MODERADO,R001|R005|R012,3,1,,True,False,1,1,APROBADO,1
39,1500.0,450.0,2,1,2,Familiar,Negocio,12000.0,False,True,688101102,6881011,REVISION_MANUAL,72,0.3,MODERADO,R001|R006,2,0,,True,False,1,0,REVISION_MANUAL,0
24,2000.0,600.0,2,1,2,Familiar,Consumo,10000.0,False,True,688205103,6882051,RECHAZADO,58,0.3,MODERADO,R001,1,0,,True,False,1,0,REVISION_MANUAL,0
41,2800.0,840.0,2,4,0,Propia,Consumo,10000.0,False,True,688504101,6885041,APROBADO,100,0.3,MODERADO,R001|R005|R012|R015,4,2,,True,False,1,1,APROBADO,1
71,1500.0,450.0,0,0,0,Familiar,Consumo,10000.0,True,True,689002101,6890021,RECHAZADO,0,0.3,MODERADO,R002|R004,2,0,,True,True,0,0,RECHAZADO,0
36,1500.0,450.0,2,1,3,Familiar,Consumo,10000.0,False,True,689203102,6892031,RECHAZADO,58,0.3,MODERADO,R001,1,0,,True,False,1,0,REVISION_MANUAL,0
30,10000.0,3000.0,0,4,2,Familiar,Consumo,10000.0,False,True,689502102,6895021,RECHAZADO,10,0.3,MODERADO,R002,1,0,,True,True,0,0,RECHAZADO,0
49,2500.0,750.0,2,1,1,Propia,Consumo,10000.0,True,True,689705103,6897051,APROBADO,87,0.3,MODERADO,R001|R005|R012,3,1,,True,False,1,1,APROBADO,1
35,8000.0,2400.0,0,2,0,Propia,Consumo,10000.0,False,True,689801102,6898011,RECHAZADO,27,0.3,MODERADO,R002|R005,2,0,,True,True,0,0,RECHAZADO,0
34,1500.0,450.0,0,0,4,Familiar,Consumo,10000.0,True,True,689909102,6899091,RECHAZADO,0,0.3,MODERADO,R002|R004|R010,3,0,,True,True,0,0,RECHAZADO,0
69,7000.0,2100.0,2,0,0,Propia,Consumo,10000.0,True,True,690305101,6903051,REVISION_MANUAL,71,0.3,MODERADO,R001|R004|R005|R012,4,1,,True,False,1,0,REVISION_MANUAL,0
45,1500.0,450.0,2,0,1,Propia,Consumo,10000.0,True,True,690407102,6904071,RECHAZADO,58,0.3,MODERADO,R001|R004|R005,3,0,,True,False,1,0,REVISION_MANUAL,0
23,15000.0,4500.0,2,2,4,Familiar,Consumo,10000.0,False,True,690604103,6906041,REVISION_MANUAL,74,0.3,MODERADO,R001|R010|R012,3,1,,True,False,1,0,REVISION_MANUAL,0
45,3700.0,1110.0,2,4,1,Familiar,Consumo,10000.0,False,True,690701102,6907011,APROBADO,82,0.3,MODERADO,R001|R012,2,1,,True,False,1,1,APROBADO,1
65,2000.0,600.0,2,0,0,Propia,Consumo,10000.0,True,True,690804101,6908041,RECHAZADO,58,0.3,MODERADO,R001|R004|R005,3,0,,True,False,1,0,REVISION_MANUAL,0
55,1500.0,450.0,0,0,1,Familiar,Consumo,10000.0,True,True,691216102,6912161,RECHAZADO,0,0.3,MODERADO,R002|R004,2,0,,True,True,0,0,RECHAZADO,0
42,10000.0,3000.0,2,4,0,Familiar,Consumo,10000.0,False,True,691303101,6913031,APROBADO,88,0.3,MODERADO,R001|R012,2,1,,True,False,1,1,APROBADO,1
58,1500.0,450.0,0,2,0,Familiar,Consumo,10000.0,False,True,691905101,6919051,RECHAZADO,6,0.3,MODERADO,R002,1,0,,True,True,0,0,RECHAZADO,0
75,1500.0,450.0,2,0,1,Familiar,Consumo,10000.0,True,True,692210101,6922101,RECHAZADO,41,0.3,MODERADO,R001|R004,2,0,,True,False,1,0,RECHAZADO,0
46,1800.0,540.0,2,4,2,Familiar,Consumo,10000.0,False,True,692504101,6925041,REVISION_MANUAL,70,0.3,MODERADO,R001,1,0,,True,False,1,0,REVISION_MANUAL,0
44,7000.0,2100.0,2,4,2,Propia,Consumo,10000.0,True,True,692602102,6926021,APROBADO,98,0.3,MODERADO,R001|R005|R012,3,1,,True,False,1,1,APROBADO,1
70,3000.0,900.0,2,4,0,Familiar,Consumo,10000.0,False,True,692801102,6928011,APROBADO,82,0.3,MODERADO,R001|R012,2,1,,True,False,1,1,APROBADO,1
31,2000.0,600.0,0,0,2,Familiar,Negocio,12000.0,True,True,693005102,6930051,RECHAZADO,0,0.3,MODERADO,R002|R004|R006,3,0,,True,True,0,0,RECHAZADO,0
40,25000.0,7500.0,2,4,2,Propia,Consumo,10000.0,False,True,693316101,6933161,APROBADO,100,0.3,MODERADO,R001|R005|R012,3,1,,True,False,1,1,APROBADO,1
64,1000.0,300.0,2,2,0,Propia,Consumo,10000.0,False,True,693610101,6936101,APROBADO,85,0.3,MODERADO,R001|R005,2,0,,True,False,1,1,APROBADO,1
67,2000.0,600.0,2,0,0,Propia,Consumo,10000.0,True,True,693803101,6938031,RECHAZADO,58,0.3,MODERADO,R001|R004|R005,3,0,,True,False,1,0,REVISION_MANUAL,0
64,20000.0,6000.0,2,2,0,Propia,Consumo,10000.0,False,True,693904101,6939041,APROBADO,100,0.3,MODERADO,R001|R005|R012,3,1,,True,False,1,1,APROBADO,1
46,7000.0,2100.0,2,0,1,Propia,Consumo,10000.0,True,True,694205102,6942051,REVISION_MANUAL,72,0.3,MODERADO,R001|R004|R005|R012,4,1,,True,False,1,0,REVISION_MANUAL,0
58,2800.0,840.0,0,2,1,Propia,Consumo,10000.0,False,True,694404101,6944041,RECHAZADO,20,0.3,MODERADO,R002|R005,2,0,,True,True,0,0,RECHAZADO,0
22,2200.0,660.0,2,4,0,Familiar,Consumo,10000.0,False,True,694802102,6948021,REVISION_MANUAL,71,0.3,MODERADO,R001,1,0,,True,False,1,0,REVISION_MANUAL,0
40,10000.0,3000.0,0,5,2,Propia,Consumo,10000.0,False,True,694905101,6949051,RECHAZADO,44,0.3,MODERADO,R002|R003|R005,3,0,,True,True,0,0,RECHAZADO,0
49,12000.0,3600.0,2,2,1,Propia,Consumo,10000.0,False,True,695105101,6951051,APROBADO,100,0.3,MODERADO,R001|R005|R012,3,1,,True,False,1,1,APROBADO,1
76,50000.0,15000.0,2,2,0,Propia,Consumo,10000.0,False,True,695203101,6952031,APROBADO,100,0.3,MODERADO,R001|R005|R012,3,1,,True,False,1,1,APROBADO,1
31,7000.0,2100.0,2,5,0,Propia,Consumo,10000.0,True,True,695305101,6953051,APROBADO,100,0.3,MODERADO,R001|R003|R005|R012|R015,5,2,,True,False,1,1,APROBADO,1
35,9500.0,2850.0,2,4,0,Familiar,Consumo,10000.0,False,True,695405102,6954051,APROBADO,88,0.3,MODERADO,R001|R012,2,1,,True,False,1,1,APROBADO,1
33,2500.0,750.0,2,2,3,Familiar,Consumo,10000.0,False,True,695506104,6955061,REVISION_MANUAL,79,0.3,MODERADO,R001|R012,2,1,,True,False,1,0,APROBADO,1
56,1800.0,540.0,2,2,0,Familiar,Consumo,10000.0,False,True,696004101,6960041,REVISION_MANUAL,71,0.3,MODERADO,R001,1,0,,True,False,1,0,REVISION_MANUAL,0
49,3500.0,1050.0,0,2,0,Propia,Consumo,10000.0,False,True,696303101,6963031,RECHAZADO,24,0.3,MODERADO,R002|R005,2,0,,True,True,0,0,RECHAZADO,0
21,2500.0,750.0,2,0,1,Familiar,Consumo,10000.0,True,True,696801102,6968011,RECHAZADO,52,0.3,MODERADO,R001|R004|R012,3,1,,True,False,1,0,RECHAZADO,0
73,7000.0,2100.0,2,0,0,Propia,Consumo,10000.0,True,True,696904102,6969041,REVISION_MANUAL,71,0.3,MODERADO,R001|R004|R005|R012,4,1,,True,False,1,0,REVISION_MANUAL,0
38,3500.0,1050.0,2,4,2,Familiar,Consumo,10000.0,False,True,697005103,6970051,APROBADO,81,0.3,MODERADO,R001|R012,2,1,,True,False,1,1,APROBADO,1
58,2000.0,600.0,2,1,1,Familiar,Consumo,10000.0,False,True,697204102,6972041,RECHAZADO,59,0.3,MODERADO,R001,1,0,,True,False,1,0,REVISION_MANUAL,0
70,2000.0,600.0,2,0,1,Propia,Consumo,10000.0,True,True,697503101,6975031,RECHAZADO,56,0.3,MODERADO,R001|R004|R005,3,0,,True,False,1,0,REVISION_MANUAL,0
59,600.0,180.0,2,1,1,Familiar,Consumo,10000.0,False,True,697801101,6978011,RECHAZADO,58,0.3,MODERADO,R001,1,0,,True,False,1,0,REVISION_MANUAL,0
60,2000.0,600.0,0,0,2,Familiar,Consumo,10000.0,True,True,698020101,6980201,RECHAZADO,0,0.3,MODERADO,R002|R004,2,0,,True,True,0,0,RECHAZADO,0
56,11000.0,3300.0,2,4,0,Propia,Negocio,12000.0,False,True,698102101,6981021,APROBADO,100,0.3,MODERADO,R001|R005|R006|R012|R015,5,2,,True,False,1,1,APROBADO,1
64,1000.0,300.0,2,1,0,Familiar,Negocio,12000.0,False,True,698402101,6984021,REVISION_MANUAL,74,0.3,MODERADO,R001|R006,2,0,,True,False,1,0,REVISION_MANUAL,0
73,2000.0,600.0,2,0,0,Propia,Consumo,10000.0,True,True,698504101,6985041,RECHAZADO,58,0.3,MODERADO,R001|R004|R005,3,0,,True,False,1,0,REVISION_MANUAL,0
28,4300.0,1290.0,2,4,1,Familiar,Consumo,10000.0,False,True,698801102,6988011,APROBADO,83,0.3,MODERADO,R001|R012,2,1,,True,False,1,1,APROBADO,1
42,12000.0,3600.0,0,4,1,Propia,Consumo,10000.0,False,True,699205101,6992051,RECHAZADO,28,0.3,MODERADO,R002|R005,2,0,,True,True,0,0,RECHAZADO,0
50,60000.0,18000.0,0,5,0,Familiar,Consumo,10000.0,False,True,699304101,6993041,RECHAZADO,51,0.3,MODERADO,R002|R003,2,0,,True,True,0,0,RECHAZADO,0
49,6000.0,1800.0,0,4,2,Propia,Consumo,10000.0,False,True,699604102,6996041,RECHAZADO,23,0.3,MODERADO,R002|R005,2,0,,True,True,0,0,RECHAZADO,0
59,2000.0,600.0,2,0,5,Familiar,Consumo,10000.0,True,True,699707102,6997071,RECHAZADO,27,0.3,MODERADO,R001|R004|R010,3,0,,True,False,1,0,RECHAZADO,0
40,4000.0,1200.0,2,2,0,Propia,Consumo,10000.0,False,True,700501101,7005011,APROBADO,99,0.3,MODERADO,R001|R005|R012,3,1,,True,False,1,1,APROBADO,1
25,1500.0,450.0,2,2,2,Propia,Consumo,10000.0,False,True,700705101,7007051,APROBADO,85,0.3,MODERADO,R001|R005,2,0,,True,False,1,1,APROBADO,1
38,11000.0,3300.0,2,4,0,Propia,Consumo,10000.0,False,True,701103101,7011031,APROBADO,100,0.3,MODERADO,R001|R005|R012|R015,4,2,,True,False,1,1,APROBADO,1
33,5000.0,1500.0,2,1,3,Familiar,Consumo,10000.0,False,True,701203103,7012031,REVISION_MANUAL,70,0.3,MODERADO,R001|R012,2,1,,True,False,1,0,REVISION_MANUAL,0
55,2500.0,750.0,2,1,2,Familiar,Consumo,10000.0,False,True,701805102,7018051,REVISION_MANUAL,70,0.3,MODERADO,R001|R012,2,1,,True,False,1,0,REVISION_MANUAL,0
25,1780.0,534.0,0,1,2,Familiar,Consumo,10000.0,False,True,702004103,7020041,RECHAZADO,0,0.3,MODERADO,R002,1,0,,True,True,0,0,RECHAZADO,0
48,12000.0,3600.0,0,1,1,Propia,Consumo,10000.0,False,True,702305103,7023051,RECHAZADO,18,0.3,MODERADO,R002|R005,2,0,,True,True,0,0,RECHAZADO,0
30,7000.0,2100.0,2,1,0,Propia,Consumo,10000.0,True,True,702402101,7024021,APROBADO,91,0.3,MODERADO,R001|R005|R012,3,1,,True,False,1,1,APROBADO,1
20,4000.0,1200.0,2,4,1,Propia,Consumo,10000.0,False,True,702501101,7025011,APROBADO,84,0.3,MODERADO,R001|R005|R009|R012,4,1,,True,False,1,1,APROBADO,1
53,1750.0,525.0,2,1,0,Propia,Consumo,10000.0,False,True,702915101,7029151,REVISION_MANUAL,78,0.3,MODERADO,R001|R005,2,0,,True,False,1,0,APROBADO,1
35,30000.0,9000.0,2,4,0,Propia,Consumo,10000.0,False,True,703005102,7030051,APROBADO,100,0.3,MODERADO,R001|R005|R012|R015,4,2,,True,False,1,1,APROBADO,1
36,7000.0,2100.0,2,2,2,Propia,Consumo,10000.0,True,True,703101102,7031011,APROBADO,98,0.3,MODERADO,R001|R005|R012,3,1,,True,False,1,1,APROBADO,1
24,9000.0,2700.0,0,1,1,Familiar,Consumo,10000.0,False,True,703310104,7033101,RECHAZADO,0,0.3,MODERADO,R002,1,0,,True,True,0,0,RECHAZADO,0
44,40000.0,12000.0,2,1,3,Propia,Consumo,10000.0,False,True,703617101,7036171,APROBADO,100,0.3,MODERADO,R001|R005|R012,3,1,,True,False,1,1,APROBADO,1
78,7000.0,2100.0,0,0,0,Familiar,Consumo,10000.0,True,True,703701102,7037011,RECHAZADO,0,0.3,MODERADO,R002|R004,2,0,,True,True,0,0,RECHAZADO,0
53,6000.0,1800.0,2,4,2,Propia,Consumo,10000.0,False,True,703805102,7038051,APROBADO,98,0.3,MODERADO,R001|R005|R012,3,1,,True,False,1,1,APROBADO,1
67,7000.0,2100.0,2,0,0,Familiar,Consumo,10000.0,True,True,703904102,7039041,RECHAZADO,56,0.3,MODERADO,R001|R004|R012,3,1,,True,False,1,0,REVISION_MANUAL,0
76,7000.0,2100.0,2,0,0,Propia,Consumo,10000.0,True,True,704001101,7040011,REVISION_MANUAL,71,0.3,MODERADO,R001|R004|R005|R012,4,1,,True,False,1,0,REVISION_MANUAL,0
45,4000.0,1200.0,0,4,2,Familiar,Consumo,10000.0,False,True,704503102,7045031,RECHAZADO,6,0.3,MODERADO,R002,1,0,,True,True,0,0,RECHAZADO,0
54,1500.0,450.0,2,0,1,Familiar,Consumo,10000.0,True,True,704719102,7047191,RECHAZADO,43,0.3,MODERADO,R001|R004,2,0,,True,False,1,0,RECHAZADO,0
24,200.0,60.0,2,1,1,Familiar,Consumo,3600.0,False,True,705004102,7050041,RECHAZADO,58,0.3,MODERADO,R001,1,0,,True,False,1,0,REVISION_MANUAL,0
51,14000.0,4200.0,2,4,2,Propia,Consumo,10000.0,False,True,705403101,7054031,APROBADO,100,0.3,MODERADO,R001|R005|R012,3,1,,True,False,1,1,APROBADO,1
34,8400.0,2520.0,2,4,1,Familiar,Consumo,10000.0,False,True,705605101,7056051,APROBADO,86,0.3,MODERADO,R001|R012,2,1,,True,False,1,1,APROBADO,1
59,1100.0,330.0,0,2,0,Propia,Consumo,10000.0,False,True,705710101,7057101,RECHAZADO,20,0.3,MODERADO,R002|R005,2,0,,True,True,0,0,RECHAZADO,0
37,2000.0,600.0,2,4,2,Propia,Consumo,10000.0,False,True,706002101,7060021,APROBADO,85,0.3,MODERADO,R001|R005,2,0,,True,False,1,1,APROBADO,1
40,50000.0,15000.0,2,4,0,Familiar,Consumo,10000.0,False,True,706305101,7063051,APROBADO,100,0.3,MODERADO,R001|R012,2,1,,True,False,1,1,APROBADO,1
62,2500.0,750.0,2,0,0,Propia,Consumo,10000.0,True,True,706501101,7065011,REVISION_MANUAL,68,0.3,MODERADO,R001|R004|R005|R012,4,1,,True,False,1,0,REVISION_MANUAL,0
43,10000.0,3000.0,0,4,0,Propia,Consumo,10000.0,False,True,706501201,7065012,RECHAZADO,36,0.3,MODERADO,R002|R005|R015,3,1,,True,True,0,0,RECHAZADO,0
34,1200.0,360.0,0,2,1,Familiar,Consumo,10000.0,False,True,706903101,7069031,RECHAZADO,6,0.3,MODERADO,R002,1,0,,True,True,0,0,RECHAZADO,0
46,25000.0,7500.0,2,4,2,Familiar,Consumo,10000.0,False,True,707503101,7075031,APROBADO,95,0.3,MODERADO,R001|R012,2,1,,True,False,1,1,APROBADO,1
70,1500.0,450.0,2,2,2,Propia,Negocio,12000.0,False,True,707602101,7076021,APROBADO,97,0.3,MODERADO,R001|R005|R006,3,0,,True,False,1,1,APROBADO,1
55,2000.0,600.0,2,4,0,Familiar,Consumo,10000.0,False,True,707802101,7078021,REVISION_MANUAL,73,0.3,MODERADO,R001,1,0,,True,False,1,0,REVISION_MANUAL,0
35,2200.0,660.0,2,2,2,Familiar,Consumo,10000.0,False,True,707904102,7079041,REVISION_MANUAL,70,0.3,MODERADO,R001,1,0,,True,False,1,0,REVISION_MANUAL,0
55,2500.0,750.0,2,1,1,Propia,Consumo,10000.0,False,True,708112105,7081121,APROBADO,87,0.3,MODERADO,R001|R005|R012,3,1,,True,False,1,1,APROBADO,1
41,2000.0,600.0,2,4,2,Familiar,Consumo,10000.0,False,True,708302102,7083021,REVISION_MANUAL,70,0.3,MODERADO,R001,1,0,,True,False,1,0,REVISION_MANUAL,0
65,2000.0,600.0,2,3,2,Propia,Consumo,10000.0,False,True,708405101,7084051,APROBADO,83,0.3,MODERADO,R001|R005,2,0,,True,False,1,1,APROBADO,1
45,6000.0,1800.0,2,4,1,Familiar,Consumo,10000.0,False,True,708601101,7086011,APROBADO,84,0.3,MODERADO,R001|R012,2,1,,True,False,1,1,APROBADO,1
38,6200.0,1860.0,2,4,2,Propia,Consumo,10000.0,False,True,708703104,7087031,APROBADO,98,0.3,MODERADO,R001|R005|R012,3,1,,True,False,1,1,APROBADO,1
40,2000.0,600.0,2,1,4,Familiar,Consumo,10000.0,False,True,708805103,7088051,RECHAZADO,47,0.3,MODERADO,R001|R010,2,0,,True,False,1,0,RECHAZADO,0
62,1000.0,300.0,2,1,0,Propia,Consumo,10000.0,False,True,709103101,7091031,REVISION_MANUAL,75,0.3,MODERADO,R001|R005,2,0,,True,False,1,0,APROBADO,1
25,400.0,120.0,2,1,2,Familiar,Consumo,7200.0,False,True,709402101,7094021,RECHAZADO,59,0.3,MODERADO,R001,1,0,,True,False,1,0,REVISION_MANUAL,0
56,2000.0,600.0,0,0,2,Propia,Consumo,10000.0,True,True,709601101,7096011,RECHAZADO,0,0.3,MODERADO,R002|R004|R005,3,0,,True,True,0,0,RECHAZADO,0
64,2500.0,750.0,2,0,0,Propia,Consumo,10000.0,True,True,709802101,7098021,REVISION_MANUAL,68,0.3,MODERADO,R001|R004|R005|R012,4,1,,True,False,1,0,REVISION_MANUAL,0
45,1800.0,540.0,0,4,2,Propia,Consumo,10000.0,False,True,709904101,7099041,RECHAZADO,20,0.3,MODERADO,R002|R005,2,0,,True,True,0,0,RECHAZADO,0
34,7000.0,2100.0,0,4,1,Familiar,Consumo,10000.0,False,True,710403102,7104031,RECHAZADO,10,0.3,MODERADO,R002,1,0,,True,True,0,0,RECHAZADO,0
28,2000.0,600.0,2,0,3,Familiar,Negocio,12000.0,True,True,710512101,7105121,RECHAZADO,52,0.3,MODERADO,R001|R004|R006,3,0,,True,False,1,0,RECHAZADO,0
38,25000.0,7500.0,2,1,0,Familiar,Consumo,10000.0,False,True,711001101,7110011,APROBADO,88,0.3,MODERADO,R001|R012,2,1,,True,False,1,1,APROBADO,1
28,3500.0,1050.0,2,1,1,Propia,Consumo,10000.0,False,True,711104101,7111041,APROBADO,87,0.3,MODERADO,R001|R005|R012,3,1,,True,False,1,1,APROBADO,1
61,3000.0,900.0,0,4,1,Familiar,Consumo,10000.0,False,True,711503102,7115031,RECHAZADO,5,0.3,MODERADO,R002,1,0,,True,True,0,0,RECHAZADO,0
43,800.0,240.0,2,4,0,Propia,Consumo,10000.0,False,True,711704101,7117041,APROBADO,95,0.3,MODERADO,R001|R005|R015,3,1,,True,False,1,1,APROBADO,1
26,12000.0,3600.0,2,4,1,Familiar,Consumo,10000.0,False,True,712001102,7120011,APROBADO,88,0.3,MODERADO,R001|R012,2,1,,True,False,1,1,APROBADO,1
47,1000.0,300.0,0,1,3,Familiar,Consumo,10000.0,False,True,712105101,7121051,RECHAZADO,0,0.3,MODERADO,R002,1,0,,True,True,0,0,RECHAZADO,0
32,1800.0,540.0,0,4,2,Propia,Consumo,10000.0,False,True,712201101,7122011,RECHAZADO,20,0.3,MODERADO,R002|R005,2,0,,True,True,0,0,RECHAZADO,0
52,3500.0,1050.0,2,4,3,Familiar,Consumo,10000.0,False,True,712404101,7124041,REVISION_MANUAL,79,0.3,MODERADO,R001|R012,2,1,,True,False,1,0,APROBADO,1
38,1250.0,375.0,2,2,2,Propia,Negocio,12000.0,False,True,712615102,7126151,APROBADO,96,0.3,MODERADO,R001|R005|R006,3,0,,True,False,1,1,APROBADO,1
51,14000.0,4200.0,2,4,2,Familiar,Consumo,10000.0,False,True,712704101,7127041,APROBADO,88,0.3,MODERADO,R001|R012,2,1,,True,False,1,1,APROBADO,1
37,2000.0,600.0,2,4,1,Propia,Consumo,10000.0,False,True,712809101,7128091,APROBADO,86,0.3,MODERADO,R001|R005,2,0,,True,False,1,1,APROBADO,1
62,2000.0,600.0,2,0,3,Familiar,Consumo,10000.0,True,True,713005101,7130051,RECHAZADO,38,0.3,MODERADO,R001|R004,2,0,,True,False,1,0,RECHAZADO,0
47,3200.0,960.0,2,1,1,Propia,Consumo,10000.0,False,True,713101101,7131011,APROBADO,87,0.3,MODERADO,R001|R005|R012,3,1,,True,False,1,1,APROBADO,1
55,15000.0,4500.0,2,1,3,Familiar,Consumo,10000.0,False,True,713320101,7133201,REVISION_MANUAL,77,0.3,MODERADO,R001|R012,2,1,,True,False,1,0,APROBADO,1
46,650.0,195.0,2,2,0,Familiar,Consumo,10000.0,False,True,713401102,7134011,REVISION_MANUAL,72,0.3,MODERADO,R001,1,0,,True,False,1,0,REVISION_MANUAL,0
50,7000.0,2100.0,0,4,3,Propia,Consumo,10000.0,True,True,713705101,7137051,RECHAZADO,22,0.3,MODERADO,R002|R005,2,0,,True,True,0,0,RECHAZADO,0
30,600.0,180.0,2,1,2,Familiar,Consumo,10000.0,False,True,713818102,7138181,RECHAZADO,59,0.3,MODERADO,R001,1,0,,True,False,1,0,REVISION_MANUAL,0
30,1000.0,300.0,0,2,2,Familiar,Consumo,10000.0,False,True,714002102,7140021,RECHAZADO,4,0.3,MODERADO,R002,1,0,,True,True,0,0,RECHAZADO,0
19,1000.0,300.0,2,2,2,Familiar,Consumo,10000.0,False,True,714201104,7142011,RECHAZADO,55,0.3,MODERADO,R001|R009,2,0,,True,False,1,0,REVISION_MANUAL,0
26,11000.0,3300.0,2,4,0,Propia,Consumo,10000.0,False,True,714305101,7143051,APROBADO,100,0.3,MODERADO,R001|R005|R012|R015,4,2,,True,False,1,1,APROBADO,1
27,7000.0,2100.0,2,4,2,Familiar,Consumo,10000.0,True,True,714501102,7145011,APROBADO,83,0.3,MODERADO,R001|R012,2,1,,True,False,1,1,APROBADO,1
53,12000.0,3600.0,0,1,6,Propia,Consumo,10000.0,False,True,714617101,7146171,RECHAZADO,1,0.3,MODERADO,R002|R005|R010,3,0,,True,True,0,0,RECHAZADO,0
62,2000.0,600.0,2,0,1,Familiar,Consumo,10000.0,True,True,715012102,7150121,RECHAZADO,41,0.3,MODERADO,R001|R004,2,0,,True,False,1,0,RECHAZADO,0
24,1900.0,570.0,2,2,4,Familiar,Consumo,10000.0,False,True,715617105,7156171,RECHAZADO,55,0.3,MODERADO,R001|R010,2,0,,True,False,1,0,REVISION_MANUAL,0
33,3000.0,900.0,2,2,2,Propia,Consumo,10000.0,False,True,715801103,7158011,APROBADO,96,0.3,MODERADO,R001|R005|R012,3,1,,True,False,1,1,APROBADO,1
71,1500.0,450.0,2,0,3,Propia,Consumo,10000.0,True,True,716003101,7160031,RECHAZADO,53,0.3,MODERADO,R001|R004|R005,3,0,,True,False,1,0,RECHAZADO,0
60,600.0,180.0,0,1,0,Familiar,Negocio,10800.0,False,True,716105102,7161051,RECHAZADO,9,0.3,MODERADO,R002|R006,2,0,,True,True,0,0,RECHAZADO,0
51,20000.0,6000.0,2,3,2,Propia,Consumo,10000.0,False,True,716403101,7164031,APROBADO,100,0.3,MODERADO,R001|R005|R012,3,1,,True,False,1,1,APROBADO,1
33,3000.0,900.0,2,1,2,Propia,Consumo,10000.0,False,True,716504102,7165041,APROBADO,86,0.3,MODERADO,R001|R005|R012,3,1,,True,False,1,1,APROBADO,1
58,25000.0,7500.0,2,4,0,Propia,Consumo,10000.0,False,True,716803101,7168031,APROBADO,100,0.3,MODERADO,R001|R005|R012|R015,4,2,,True,False,1,1,APROBADO,1
38,11000.0,3300.0,2,4,2,Propia,Consumo,10000.0,False,True,716902101,7169021,APROBADO,100,0.3,MODERADO,R001|R005|R012,3,1,,True,False,1,1,APROBADO,1
25,2100.0,630.0,2,4,3,Familiar,Consumo,10000.0,False,True,717004102,7170041,REVISION_MANUAL,68,0.3,MODERADO,R001,1,0,,True,False,1,0,REVISION_MANUAL,0
20,5000.0,1500.0,2,2,3,Familiar,Consumo,10000.0,False,True,717204103,7172041,REVISION_MANUAL,66,0.3,MODERADO,R001|R009|R012,3,1,,True,False,1,0,REVISION_MANUAL,0
40,2000.0,600.0,2,4,2,Propia,Consumo,10000.0,False,True,717418101,7174181,APROBADO,85,0.3,MODERADO,R001|R005,2,0,,True,False,1,1,APROBADO,1
48,7000.0,2100.0,2,4,0,Familiar,Consumo,10000.0,True,True,717703101,7177031,APROBADO,86,0.3,MODERADO,R001|R012,2,1,,True,False,1,1,APROBADO,1
18,1500.0,450.0,0,2,3,Familiar,Consumo,10000.0,False,True,717801105,7178011,RECHAZADO,0,0.3,MODERADO,R002|R009,2,0,,True,True,0,0,RECHAZADO,0
73,1780.0,534.0,0,4,4,Propia,Consumo,10000.0,False,True,718205101,7182051,RECHAZADO,5,0.3,MODERADO,R002|R005|R010,3,0,,True,True,0,0,RECHAZADO,0
28,1800.0,540.0,2,2,2,Familiar,Consumo,10000.0,False,True,718313103,7183131,REVISION_MANUAL,70,0.3,MODERADO,R001,1,0,,True,False,1,0,REVISION_MANUAL,0
20,3500.0,1050.0,2,4,1,Familiar,Consumo,10000.0,False,True,718401103,7184011,REVISION_MANUAL,68,0.3,MODERADO,R001|R009|R012,3,1,,True,False,1,0,REVISION_MANUAL,0
18,1200.0,360.0,2,1,3,Familiar,Negocio,12000.0,False,True,718701104,7187011,RECHAZADO,58,0.3,MODERADO,R001|R006|R009,3,0,,True,False,1,0,REVISION_MANUAL,0
28,16000.0,4800.0,2,4,1,Familiar,Consumo,10000.0,False,True,719203101,7192031,APROBADO,91,0.3,MODERADO,R001|R012,2,1,,True,False,1,1,APROBADO,1
47,4000.0,1200.0,2,4,2,Propia,Consumo,10000.0,False,True,719703101,7197031,APROBADO,96,0.3,MODERADO,R001|R005|R012,3,1,,True,False,1,1,APROBADO,1
55,1500.0,450.0,2,0,1,Propia,Consumo,10000.0,True,True,720005102,7200051,RECHAZADO,58,0.3,MODERADO,R001|R004|R005,3,0,,True,False,1,0,REVISION_MANUAL,0
21,12000.0,3600.0,0,4,3,Propia,Consumo,10000.0,False,True,720102104,7201021,RECHAZADO,23,0.3,MODERADO,R002|R005,2,0,,True,True,0,0,RECHAZADO,0
29,1200.0,360.0,2,1,2,Familiar,Consumo,10000.0,False,True,720316101,7203161,RECHAZADO,59,0.3,MODERADO,R001,1,0,,True,False,1,0,REVISION_MANUAL,0
50,1200.0,360.0,2,1,4,Propia,Consumo,10000.0,False,True,720416101,7204161,REVISION_MANUAL,62,0.3,MODERADO,R001|R005|R010,3,0,,True,False,1,0,REVISION_MANUAL,0
43,1400.0,420.0,0,4,1,Propia,Consumo,10000.0,False,True,720702101,7207021,RECHAZADO,21,0.3,MODERADO,R002|R005,2,0,,True,True,0,0,RECHAZADO,0
49,2000.0,600.0,2,2,0,Familiar,Consumo,10000.0,False,True,720801101,7208011,REVISION_MANUAL,73,0.3,MODERADO,R001,1,0,,True,False,1,0,REVISION_MANUAL,0
57,10000.0,3000.0,2,4,2,Propia,Consumo,10000.0,False,True,721102101,7211021,APROBADO,98,0.3,MODERADO,R001|R005|R012,3,1,,True,False,1,1,APROBADO,1
32,6000.0,1800.0,2,2,0,Familiar,Consumo,10000.0,False,True,721220101,7212201,APROBADO,86,0.3,MODERADO,R001|R012,2,1,,True,False,1,1,APROBADO,1
29,1000.0,300.0,2,4,0,Familiar,Consumo,10000.0,False,True,721304101,7213041,REVISION_MANUAL,72,0.3,MODERADO,R001,1,0,,True,False,1,0,REVISION_MANUAL,0
35,2600.0,780.0,2,4,3,Familiar,Consumo,10000.0,False,True,721719101,7217191,REVISION_MANUAL,79,0.3,MODERADO,R001|R012,2,1,,True,False,1,0,APROBADO,1
36,10000.0,3000.0,0,4,0,Propia,Consumo,10000.0,False,True,722201101,7222011,RECHAZADO,36,0.3,MODERADO,R002|R005|R015,3,1,,True,True,0,0,RECHAZADO,0
68,7000.0,2100.0,2,0,0,Propia,Consumo,10000.0,True,True,722502102,7225021,REVISION_MANUAL,71,0.3,MODERADO,R001|R004|R005|R012,4,1,,True,False,1,0,REVISION_MANUAL,0
54,1870.0,561.0,2,4,2,Familiar,Consumo,10000.0,False,True,722602101,7226021,REVISION_MANUAL,70,0.3,MODERADO,R001,1,0,,True,False,1,0,REVISION_MANUAL,0
77,7000.0,2100.0,2,0,0,Propia,Consumo,10000.0,True,True,723004101,7230041,REVISION_MANUAL,71,0.3,MODERADO,R001|R004|R005|R012,4,1,,True,False,1,0,REVISION_MANUAL,0
25,6000.0,1800.0,0,1,2,Propia,Consumo,10000.0,False,True,723209101,7232091,RECHAZADO,13,0.3,MODERADO,R002|R005,2,0,,True,True,0,0,RECHAZADO,0
44,700.0,210.0,0,2,3,Propia,Negocio,12000.0,False,True,723302101,7233021,RECHAZADO,29,0.3,MODERADO,R002|R005|R006,3,0,,True,True,0,0,RECHAZADO,0
40,3000.0,900.0,2,1,1,Familiar,Consumo,10000.0,False,True,723816102,7238161,REVISION_MANUAL,72,0.3,MODERADO,R001|R012,2,1,,True,False,1,0,REVISION_MANUAL,0
25,2000.0,600.0,2,4,0,Familiar,Consumo,10000.0,False,True,724420102,7244201,REVISION_MANUAL,73,0.3,MODERADO,R001,1,0,,True,False,1,0,REVISION_MANUAL,0
52,30000.0,9000.0,0,1,0,Propia,Consumo,10000.0,False,True,724501101,7245011,RECHAZADO,32,0.3,MODERADO,R002|R005,2,0,,True,True,0,0,RECHAZADO,0
48,10000.0,3000.0,2,4,2,Propia,Consumo,10000.0,False,True,724819101,7248191,APROBADO,100,0.3,MODERADO,R001|R005|R012,3,1,,True,False,1,1,APROBADO,1
46,4000.0,1200.0,2,4,1,Familiar,Consumo,10000.0,False,True,724909101,7249091,APROBADO,83,0.3,MODERADO,R001|R012,2,1,,True,False,1,1,APROBADO,1
30,2000.0,600.0,2,2,3,Familiar,Consumo,10000.0,False,True,725005103,7250051,REVISION_MANUAL,68,0.3,MODERADO,R001,1,0,,True,False,1,0,REVISION_MANUAL,0
27,6000.0,1800.0,2,3,2,Propia,Consumo,10000.0,False,True,725105101,7251051,APROBADO,98,0.3,MODERADO,R001|R005|R012,3,1,,True,False,1,1,APROBADO,1
27,11000.0,3300.0,2,4,4,Propia,Consumo,10000.0,False,True,725211106,7252111,APROBADO,88,0.3,MODERADO,R001|R005|R010|R012,4,1,,True,False,1,1,APROBADO,1
63,1500.0,450.0,0,0,1,Familiar,Consumo,10000.0,True,True,725301101,7253011,RECHAZADO,0,0.3,MODERADO,R002|R004,2,0,,True,True,0,0,RECHAZADO,0
54,3500.0,1050.0,0,3,1,Propia,Consumo,10000.0,False,True,725502101,7255021,RECHAZADO,22,0.3,MODERADO,R002|R005,2,0,,True,True,0,0,RECHAZADO,0
31,10000.0,3000.0,2,1,0,Familiar,Consumo,10000.0,False,True,726004101,7260041,REVISION_MANUAL,78,0.3,MODERADO,R001|R012,2,1,,True,False,1,0,APROBADO,1
36,3300.0,990.0,2,4,2,Propia,Consumo,10000.0,False,True,726104101,7261041,APROBADO,96,0.3,MODERADO,R001|R005|R012,3,1,,True,False,1,1,APROBADO,1
44,3500.0,1050.0,2,4,2,Propia,Consumo,10000.0,False,True,726702102,7267021,APROBADO,96,0.3,MODERADO,R001|R005|R012,3,1,,True,False,1,1,APROBADO,1
20,1500.0,450.0,2,0,1,Familiar,Negocio,12000.0,True,True,727110102,7271101,RECHAZADO,43,0.3,MODERADO,R001|R004|R006|R009,4,0,,True,False,1,0,RECHAZADO,0
68,2000.0,600.0,2,0,0,Propia,Consumo,10000.0,True,True,727305101,7273051,RECHAZADO,58,0.3,MODERADO,R001|R004|R005,3,0,,True,False,1,0,REVISION_MANUAL,0
31,20000.0,6000.0,2,4,1,Propia,Consumo,10000.0,False,True,727405101,7274051,APROBADO,100,0.3,MODERADO,R001|R005|R012,3,1,,True,False,1,1,APROBADO,1
31,8000.0,2400.0,2,4,1,Propia,Consumo,10000.0,False,True,727502102,7275021,APROBADO,100,0.3,MODERADO,R001|R005|R012,3,1,,True,False,1,1,APROBADO,1
62,4200.0,1260.0,2,2,0,Propia,Consumo,10000.0,False,True,727708101,7277081,APROBADO,97,0.3,MODERADO,R001|R005|R012,3,1,,True,False,1,1,APROBADO,1
25,3000.0,900.0,2,2,4,Familiar,Consumo,10000.0,False,True,728003103,7280031,REVISION_MANUAL,68,0.3,MODERADO,R001|R010|R012,3,1,,True,False,1,0,REVISION_MANUAL,0
23,3000.0,900.0,2,1,4,Familiar,Consumo,10000.0,False,True,728103104,7281031,RECHAZADO,56,0.3,MODERADO,R001|R010|R012,3,1,,True,False,1,0,REVISION_MANUAL,0
21,1200.0,360.0,2,2,2,Familiar,Consumo,10000.0,False,True,728202103,7282021,REVISION_MANUAL,67,0.3,MODERADO,R001,1,0,,True,False,1,0,REVISION_MANUAL,0
50,1500.0,450.0,2,1,2,Familiar,Negocio,12000.0,False,True,728501103,7285011,REVISION_MANUAL,72,0.3,MODERADO,R001|R006,2,0,,True,False,1,0,REVISION_MANUAL,0
56,20000.0,6000.0,2,1,2,Familiar,Consumo,10000.0,False,True,728915101,7289151,APROBADO,80,0.3,MODERADO,R001|R012,2,1,,True,False,1,1,APROBADO,1
24,4000.0,1200.0,2,4,0,Familiar,Consumo,10000.0,False,True,729502101,7295021,APROBADO,82,0.3,MODERADO,R001|R012,2,1,,True,False,1,1,APROBADO,1
28,2000.0,600.0,2,1,3,Familiar,Negocio,12000.0,False,True,729605102,7296051,REVISION_MANUAL,70,0.3,MODERADO,R001|R006,2,0,,True,False,1,0,REVISION_MANUAL,0
39,2000.0,600.0,2,0,0,Familiar,Consumo,10000.0,True,True,729802103,7298021,RECHAZADO,45,0.3,MODERADO,R001|R004,2,0,,True,False,1,0,RECHAZADO,0
32,20000.0,6000.0,2,4,0,Propia,Consumo,10000.0,False,True,730401102,7304011,APROBADO,100,0.3,MODERADO,R001|R005|R012|R015,4,2,,True,False,1,1,APROBADO,1
67,1500.0,450.0,2,0,0,Propia,Consumo,10000.0,True,True,730501102,7305011,RECHAZADO,58,0.3,MODERADO,R001|R004|R005,3,0,,True,False,1,0,REVISION_MANUAL,0
35,15600.0,4680.0,2,4,2,Propia,Consumo,10000.0,False,True,730705101,7307051,APROBADO,100,0.3,MODERADO,R001|R005|R012,3,1,,True,False,1,1,APROBADO,1
50,60000.0,18000.0,2,5,2,Propia,Consumo,10000.0,False,True,730801101,7308011,APROBADO,100,0.3,MODERADO,R001|R003|R005|R012,4,1,,True,False,1,1,APROBADO,1
51,4800.0,1440.0,2,2,0,Familiar,Consumo,10000.0,False,True,731202101,7312021,APROBADO,85,0.3,MODERADO,R001|R012,2,1,,True,False,1,1,APROBADO,1
37,2600.0,780.0,2,4,4,Propia,Consumo,10000.0,False,True,731401102,7314011,APROBADO,82,0.3,MODERADO,R001|R005|R010|R012,4,1,,True,False,1,1,APROBADO,1
69,22000.0,6600.0,2,4,1,Propia,Consumo,10000.0,False,True,731503101,7315031,APROBADO,100,0.3,MODERADO,R001|R005|R012,3,1,,True,False,1,1,APROBADO,1
24,6000.0,1800.0,2,4,3,Familiar,Consumo,10000.0,False,True,731903102,7319031,REVISION_MANUAL,79,0.3,MODERADO,R001|R012,2,1,,True,False,1,0,APROBADO,1
37,30000.0,9000.0,2,4,1,Propia,Consumo,10000.0,False,True,732305101,7323051,APROBADO,100,0.3,MODERADO,R001|R005|R012,3,1,,True,False,1,1,APROBADO,1
40,900.0,270.0,2,2,5,Familiar,Negocio,12000.0,False,True,733109103,7331091,REVISION_MANUAL,69,0.3,MODERADO,R001|R006|R010,3,0,,True,False,1,0,REVISION_MANUAL,0
53,4000.0,1200.0,2,4,0,Familiar,Consumo,10000.0,False,True,733305101,7333051,APROBADO,84,0.3,MODERADO,R001|R012,2,1,,True,False,1,1,APROBADO,1
43,3000.0,900.0,0,4,2,Propia,Consumo,10000.0,False,True,733401101,7334011,RECHAZADO,21,0.3,MODERADO,R002|R005,2,0,,True,True,0,0,RECHAZADO,0
24,2000.0,600.0,2,4,1,Familiar,Consumo,10000.0,False,True,733714102,7337141,REVISION_MANUAL,69,0.3,MODERADO,R001,1,0,,True,False,1,0,REVISION_MANUAL,0
46,200.0,60.0,2,1,1,Propia,Consumo,3600.0,False,True,733819103,7338191,REVISION_MANUAL,75,0.3,MODERADO,R001|R005,2,0,,True,False,1,0,APROBADO,1
38,10000.0,3000.0,2,1,3,Propia,Negocio,12000.0,False,True,734212102,7342121,APROBADO,100,0.3,MODERADO,R001|R005|R006|R012,4,1,,True,False,1,1,APROBADO,1
18,7000.0,2100.0,2,0,2,Familiar,Consumo,10000.0,True,True,734401104,7344011,RECHAZADO,41,0.3,MODERADO,R001|R004|R009|R012,4,1,,True,False,1,0,RECHAZADO,0
44,400.0,120.0,0,2,3,Propia,Consumo,7200.0,False,True,734704101,7347041,RECHAZADO,17,0.3,MODERADO,R002|R005,2,0,,True,True,0,0,RECHAZADO,0
51,1000.0,300.0,2,1,0,Propia,Consumo,10000.0,False,True,734804101,7348041,REVISION_MANUAL,77,0.3,MODERADO,R001|R005,2,0,,True,False,1,0,APROBADO,1
21,5500.0,1650.0,2,4,2,Familiar,Consumo,10000.0,False,True,734904103,7349041,APROBADO,80,0.3,MODERADO,R001|R012,2,1,,True,False,1,1,APROBADO,1
37,30000.0,9000.0,2,5,1,Propia,Consumo,10000.0,False,True,735203101,7352031,APROBADO,100,0.3,MODERADO,R001|R003|R005|R012,4,1,,True,False,1,1,APROBADO,1
26,2500.0,750.0,0,1,2,Familiar,Consumo,10000.0,False,True,735403103,7354031,RECHAZADO,0,0.3,MODERADO,R002,1,0,,True,True,0,0,RECHAZADO,0
36,2000.0,600.0,0,0,2,Familiar,Consumo,10000.0,True,True,736414102,7364141,RECHAZADO,0,0.3,MODERADO,R002|R004,2,0,,True,True,0,0,RECHAZADO,0
66,4300.0,1290.0,2,4,0,Propia,Consumo,10000.0,False,True,736805101,7368051,APROBADO,100,0.3,MODERADO,R001|R005|R012|R015,4,2,,True,False,1,1,APROBADO,1
20,2000.0,600.0,2,4,2,Familiar,Consumo,10000.0,False,True,736904102,7369041,RECHAZADO,56,0.3,MODERADO,R001|R009,2,0,,True,False,1,0,REVISION_MANUAL,0
56,4000.0,1200.0,2,0,5,Propia,Consumo,10000.0,True,True,737102105,7371021,RECHAZADO,52,0.3,MODERADO,R001|R004|R005|R010|R012,5,1,,True,False,1,0,RECHAZADO,0
60,300.0,90.0,2,1,0,Propia,Consumo,5400.0,False,True,737808101,7378081,REVISION_MANUAL,75,0.3,MODERADO,R001|R005,2,0,,True,False,1,0,APROBADO,1
90,1500.0,450.0,2,0,0,Propia,Consumo,10000.0,True,True,738015101,7380151,RECHAZADO,58,0.3,MODERADO,R001|R004|R005,3,0,,True,False,1,0,REVISION_MANUAL,0
49,2300.0,690.0,2,1,0,Familiar,Consumo,10000.0,False,True,738302101,7383021,REVISION_MANUAL,63,0.3,MODERADO,R001,1,0,,True,False,1,0,REVISION_MANUAL,0
39,14000.0,4200.0,2,4,1,Propia,Consumo,10000.0,True,True,738705101,7387051,APROBADO,100,0.3,MODERADO,R001|R005|R012,3,1,,True,False,1,1,APROBADO,1
42,7000.0,2100.0,2,4,2,Familiar,Consumo,10000.0,True,True,739503101,7395031,APROBADO,83,0.3,MODERADO,R001|R012,2,1,,True,False,1,1,APROBADO,1
30,1200.0,360.0,0,1,3,Familiar,Consumo,10000.0,False,True,739812104,7398121,RECHAZADO,0,0.3,MODERADO,R002,1,0,,True,True,0,0,RECHAZADO,0
43,1800.0,540.0,2,4,5,Familiar,Consumo,10000.0,False,True,739901103,7399011,RECHAZADO,57,0.3,MODERADO,R001|R010,2,0,,True,False,1,0,REVISION_MANUAL,0
24,3800.0,1140.0,2,4,1,Familiar,Consumo,10000.0,False,True,740208102,7402081,APROBADO,81,0.3,MODERADO,R001|R012,2,1,,True,False,1,1,APROBADO,1
37,9000.0,2700.0,2,4,3,Propia,Consumo,10000.0,False,True,740604101,7406041,APROBADO,98,0.3,MODERADO,R001|R005|R012,3,1,,True,False,1,1,APROBADO,1
40,7000.0,2100.0,2,0,1,Propia,Consumo,10000.0,True,True,740701102,7407011,REVISION_MANUAL,72,0.3,MODERADO,R001|R004|R005|R012,4,1,,True,False,1,0,REVISION_MANUAL,0
22,1200.0,360.0,0,2,0,Familiar,Consumo,10000.0,False,True,741201102,7412011,RECHAZADO,5,0.3,MODERADO,R002,1,0,,True,True,0,0,RECHAZADO,0
88,1000.0,300.0,2,0,0,Propia,Consumo,10000.0,True,True,741620101,7416201,RECHAZADO,57,0.3,MODERADO,R001|R004|R005,3,0,,True,False,1,0,REVISION_MANUAL,0
19,2500.0,750.0,2,0,1,Familiar,Consumo,10000.0,True,True,741905103,7419051,RECHAZADO,40,0.3,MODERADO,R001|R004|R009|R012,4,1,,True,False,1,0,RECHAZADO,0
24,3500.0,1050.0,2,2,2,Propia,Consumo,10000.0,False,True,742016101,7420161,APROBADO,94,0.3,MODERADO,R001|R005|R012,3,1,,True,False,1,1,APROBADO,1
41,5000.0,1500.0,0,4,1,Familiar,Consumo,10000.0,False,True,742104102,7421041,RECHAZADO,8,0.3,MODERADO,R002,1,0,,True,True,0,0,RECHAZADO,0
29,2500.0,750.0,2,0,4,Familiar,Consumo,10000.0,True,True,742203102,7422031,RECHAZADO,39,0.3,MODERADO,R001|R004|R010|R012,4,1,,True,False,1,0,RECHAZADO,0
46,2000.0,600.0,0,4,3,Propia,Consumo,10000.0,False,True,742504101,7425041,RECHAZADO,18,0.3,MODERADO,R002|R005,2,0,,True,True,0,0,RECHAZADO,0
29,2500.0,750.0,2,0,2,Propia,Consumo,10000.0,True,True,742607102,7426071,REVISION_MANUAL,67,0.3,MODERADO,R001|R004|R005|R012,4,1,,True,False,1,0,REVISION_MANUAL,0
36,1800.0,540.0,2,1,2,Propia,Consumo,10000.0,False,True,743005101,7430051,REVISION_MANUAL,75,0.3,MODERADO,R001|R005,2,0,,True,False,1,0,APROBADO,1
40,20000.0,6000.0,2,4,3,Familiar,Consumo,10000.0,False,True,743204103,7432041,APROBADO,90,0.3,MODERADO,R001|R012,2,1,,True,False,1,1,APROBADO,1
32,2500.0,750.0,2,4,3,Propia,Consumo,10000.0,False,True,743313102,7433131,APROBADO,94,0.3,MODERADO,R001|R005|R012,3,1,,True,False,1,1,APROBADO,1
49,7300.0,2190.0,2,4,3,Propia,Consumo,10000.0,False,True,743403103,7434031,APROBADO,97,0.3,MODERADO,R001|R005|R012,3,1,,True,False,1,1,APROBADO,1
28,2000.0,600.0,2,4,2,Propia,Consumo,10000.0,False,True,743501101,7435011,APROBADO,85,0.3,MODERADO,R001|R005,2,0,,True,False,1,1,APROBADO,1
50,6000.0,1800.0,2,4,1,Familiar,Consumo,10000.0,False,True,743704101,7437041,APROBADO,84,0.3,MODERADO,R001|R012,2,1,,True,False,1,1,APROBADO,1
32,13000.0,3900.0,2,4,0,Propia,Consumo,10000.0,False,True,743802101,7438021,APROBADO,100,0.3,MODERADO,R001|R005|R012|R015,4,2,,True,False,1,1,APROBADO,1
36,3000.0,900.0,0,3,2,Familiar,Consumo,10000.0,False,True,743902101,7439021,RECHAZADO,6,0.3,MODERADO,R002,1,0,,True,True,0,0,RECHAZADO,0
48,5000.0,1500.0,0,1,0,Familiar,Consumo,10000.0,False,True,744101101,7441011,RECHAZADO,0,0.3,MODERADO,R002,1,0,,True,True,0,0,RECHAZADO,0
53,1200.0,360.0,2,2,2,Propia,Consumo,10000.0,False,True,744503102,7445031,APROBADO,84,0.3,MODERADO,R001|R005,2,0,,True,False,1,1,APROBADO,1
38,9000.0,2700.0,2,4,0,Familiar,Consumo,10000.0,False,True,744705102,7447051,APROBADO,88,0.3,MODERADO,R001|R012,2,1,,True,False,1,1,APROBADO,1
40,8000.0,2400.0,2,4,0,Propia,Consumo,10000.0,False,True,744902101,7449021,APROBADO,100,0.3,MODERADO,R001|R005|R012|R015,4,2,,True,False,1,1,APROBADO,1
54,2000.0,600.0,2,0,0,Propia,Consumo,10000.0,True,True,745004101,7450041,REVISION_MANUAL,60,0.3,MODERADO,R001|R004|R005,3,0,,True,False,1,0,REVISION_MANUAL,0
45,6300.0,1890.0,0,4,2,Familiar,Negocio,12000.0,False,True,745104101,7451041,RECHAZADO,20,0.3,MODERADO,R002|R006,2,0,,True,True,0,0,RECHAZADO,0
29,14000.0,4200.0,0,4,1,Familiar,Consumo,10000.0,False,True,745202102,7452021,RECHAZADO,14,0.3,MODERADO,R002,1,0,,True,True,0,0,RECHAZADO,0
40,6000.0,1800.0,2,4,3,Propia,Consumo,10000.0,False,True,745313102,7453131,APROBADO,96,0.3,MODERADO,R001|R005|R012,3,1,,True,False,1,1,APROBADO,1
55,2000.0,600.0,2,0,4,Propia,Consumo,10000.0,True,True,745513101,7455131,RECHAZADO,44,0.3,MODERADO,R001|R004|R005|R010,4,0,,True,False,1,0,RECHAZADO,0
51,1500.0,450.0,0,0,1,Propia,Consumo,10000.0,True,True,745907103,7459071,RECHAZADO,0,0.3,MODERADO,R002|R004|R005,3,0,,True,True,0,0,RECHAZADO,0
36,9000.0,2700.0,0,4,6,Propia,Consumo,10000.0,False,True,746004103,7460041,RECHAZADO,9,0.3,MODERADO,R002|R005|R010,3,0,,True,True,0,0,RECHAZADO,0
26,10000.0,3000.0,2,4,1,Familiar,Consumo,10000.0,False,True,746505103,7465051,APROBADO,87,0.3,MODERADO,R001|R012,2,1,,True,False,1,1,APROBADO,1
30,1800.0,540.0,2,4,2,Propia,Consumo,10000.0,False,True,746801103,7468011,APROBADO,85,0.3,MODERADO,R001|R005,2,0,,True,False,1,1,APROBADO,1
48,2500.0,750.0,0,4,3,Propia,Consumo,10000.0,False,True,747601101,7476011,RECHAZADO,19,0.3,MODERADO,R002|R005,2,0,,True,True,0,0,RECHAZADO,0
24,7000.0,2100.0,2,1,1,Propia,Consumo,10000.0,False,True,748102101,7481021,APROBADO,88,0.3,MODERADO,R001|R005|R012,3,1,,True,False,1,1,APROBADO,1
40,2500.0,750.0,2,2,2,Familiar,Consumo,10000.0,True,True,748302102,7483021,APROBADO,80,0.3,MODERADO,R001|R012,2,1,,True,False,1,1,APROBADO,1
65,1000.0,300.0,2,1,0,Propia,Negocio,12000.0,False,True,748902101,7489021,APROBADO,89,0.3,MODERADO,R001|R005|R006,3,0,,True,False,1,1,APROBADO,1
34,3700.0,1110.0,0,4,3,Propia,Consumo,10000.0,False,True,749003101,7490031,RECHAZADO,19,0.3,MODERADO,R002|R005,2,0,,True,True,0,0,RECHAZADO,0
32,1500.0,450.0,2,1,3,Familiar,Consumo,10000.0,False,True,749911102,7499111,RECHAZADO,58,0.3,MODERADO,R001,1,0,,True,False,1,0,REVISION_MANUAL,0
26,3000.0,900.0,0,2,2,Familiar,Consumo,10000.0,False,True,750005106,7500051,RECHAZADO,6,0.3,MODERADO,R002,1,0,,True,True,0,0,RECHAZADO,0
37,2000.0,600.0,2,4,0,Familiar,Consumo,10000.0,False,True,750503101,7505031,REVISION_MANUAL,73,0.3,MODERADO,R001,1,0,,True,False,1,0,REVISION_MANUAL,0
29,1600.0,480.0,2,2,0,Familiar,Consumo,10000.0,False,True,751015101,7510151,REVISION_MANUAL,73,0.3,MODERADO,R001,1,0,,True,False,1,0,REVISION_MANUAL,0
34,10000.0,3000.0,2,4,1,Familiar,Consumo,10000.0,False,True,751203101,7512031,APROBADO,87,0.3,MODERADO,R001|R012,2,1,,True,False,1,1,APROBADO,1
46,14000.0,4200.0,2,4,0,Familiar,Consumo,10000.0,True,True,751304102,7513041,APROBADO,91,0.3,MODERADO,R001|R012,2,1,,True,False,1,1,APROBADO,1
58,500.0,150.0,2,2,3,Familiar,Consumo,9000.0,False,True,751604101,7516041,REVISION_MANUAL,65,0.3,MODERADO,R001,1,0,,True,False,1,0,REVISION_MANUAL,0
34,4000.0,1200.0,2,4,2,Propia,Consumo,10000.0,False,True,751901101,7519011,APROBADO,96,0.3,MODERADO,R001|R005|R012,3,1,,True,False,1,1,APROBADO,1
50,5000.0,1500.0,2,4,1,Propia,Consumo,10000.0,False,True,752203301,7522033,APROBADO,98,0.3,MODERADO,R001|R005|R012,3,1,,True,False,1,1,APROBADO,1
20,10000.0,3000.0,2,4,3,Familiar,Negocio,12000.0,False,True,752501102,7525011,APROBADO,84,0.3,MODERADO,R001|R006|R009|R012,4,1,,True,False,1,1,APROBADO,1
52,2500.0,750.0,2,0,0,Propia,Consumo,10000.0,True,True,753004101,7530041,REVISION_MANUAL,70,0.3,MODERADO,R001|R004|R005|R012,4,1,,True,False,1,0,REVISION_MANUAL,0
46,15000.0,4500.0,2,1,1,Familiar,Consumo,10000.0,False,True,753304101,7533041,APROBADO,80,0.3,MODERADO,R001|R012,2,1,,True,False,1,1,APROBADO,1
61,7000.0,2100.0,2,0,0,Propia,Consumo,10000.0,True,True,753403102,7534031,REVISION_MANUAL,71,0.3,MODERADO,R001|R004|R005|R012,4,1,,True,False,1,0,REVISION_MANUAL,0
37,20000.0,6000.0,2,4,0,Familiar,Consumo,10000.0,False,True,753701102,7537011,APROBADO,95,0.3,MODERADO,R001|R012,2,1,,True,False,1,1,APROBADO,1
20,1900.0,570.0,2,1,1,Familiar,Consumo,10000.0,False,True,753804102,7538041,RECHAZADO,47,0.3,MODERADO,R001|R009,2,0,,True,False,1,0,RECHAZADO,0
67,14000.0,4200.0,2,0,0,Propia,Consumo,10000.0,True,True,754403101,7544031,REVISION_MANUAL,76,0.3,MODERADO,R001|R004|R005|R012,4,1,,True,False,1,0,APROBADO,1
64,2000.0,600.0,2,0,0,Propia,Consumo,10000.0,True,True,754803101,7548031,RECHAZADO,58,0.3,MODERADO,R001|R004|R005,3,0,,True,False,1,0,REVISION_MANUAL,0
60,12000.0,3600.0,2,2,0,Propia,Consumo,10000.0,False,True,755101101,7551011,APROBADO,100,0.3,MODERADO,R001|R005|R012,3,1,,True,False,1,1,APROBADO,1
40,19000.0,5700.0,2,4,0,Propia,Consumo,10000.0,False,True,755205101,7552051,APROBADO,100,0.3,MODERADO,R001|R005|R012|R015,4,2,,True,False,1,1,APROBADO,1
34,7000.0,2100.0,0,4,0,Familiar,Consumo,10000.0,True,True,755303101,7553031,RECHAZADO,11,0.3,MODERADO,R002,1,0,,True,True,0,0,RECHAZADO,0
58,1500.0,450.0,2,1,1,Propia,Consumo,10000.0,False,True,755403101,7554031,REVISION_MANUAL,74,0.3,MODERADO,R001|R005,2,0,,True,False,1,0,REVISION_MANUAL,0
62,5000.0,1500.0,0,4,2,Familiar,Consumo,10000.0,False,True,755503103,7555031,RECHAZADO,5,0.3,MODERADO,R002,1,0,,True,True,0,0,RECHAZADO,0
70,2000.0,600.0,2,0,2,Propia,Consumo,10000.0,True,True,755903102,7559031,RECHAZADO,55,0.3,MODERADO,R001|R004|R005,3,0,,True,False,1,0,REVISION_MANUAL,0
45,6000.0,1800.0,2,4,2,Familiar,Consumo,10000.0,False,True,756205101,7562051,APROBADO,83,0.3,MODERADO,R001|R012,2,1,,True,False,1,1,APROBADO,1
23,2000.0,600.0,0,1,1,Familiar,Consumo,10000.0,False,True,756314102,7563141,RECHAZADO,0,0.3,MODERADO,R002,1,0,,True,True,0,0,RECHAZADO,0
31,15000.0,4500.0,0,4,0,Propia,Consumo,10000.0,False,True,756805101,7568051,RECHAZADO,40,0.3,MODERADO,R002|R005|R015,3,1,,True,True,0,0,RECHAZADO,0
31,1000.0,300.0,2,1,2,Propia,Consumo,10000.0,False,True,757001102,7570011,REVISION_MANUAL,74,0.3,MODERADO,R001|R005,2,0,,True,False,1,0,REVISION_MANUAL,0
35,12000.0,3600.0,0,4,0,Propia,Consumo,10000.0,False,True,757102101,7571021,RECHAZADO,38,0.3,MODERADO,R002|R005|R015,3,1,,True,True,0,0,RECHAZADO,0
42,2000.0,600.0,2,0,2,Familiar,Consumo,10000.0,True,True,757309102,7573091,RECHAZADO,42,0.3,MODERADO,R001|R004,2,0,,True,False,1,0,RECHAZADO,0
55,900.0,270.0,2,1,1,Familiar,Consumo,10000.0,False,True,757702101,7577021,REVISION_MANUAL,61,0.3,MODERADO,R001,1,0,,True,False,1,0,REVISION_MANUAL,0
37,20000.0,6000.0,2,4,0,Familiar,Consumo,10000.0,False,True,758004101,7580041,APROBADO,95,0.3,MODERADO,R001|R012,2,1,,True,False,1,1,APROBADO,1
34,2000.0,600.0,2,0,3,Familiar,Consumo,10000.0,True,True,758109102,7581091,RECHAZADO,40,0.3,MODERADO,R001|R004,2,0,,True,False,1,0,RECHAZADO,0
25,2000.0,600.0,2,4,2,Familiar,Consumo,10000.0,True,True,758215101,7582151,REVISION_MANUAL,70,0.3,MODERADO,R001,1,0,,True,False,1,0,REVISION_MANUAL,0
45,2000.0,600.0,2,0,3,Familiar,Consumo,10000.0,True,True,758319101,7583191,RECHAZADO,40,0.3,MODERADO,R001|R004,2,0,,True,False,1,0,RECHAZADO,0
62,300.0,90.0,2,1,0,Familiar,Consumo,5400.0,False,True,758402102,7584021,REVISION_MANUAL,60,0.3,MODERADO,R001,1,0,,True,False,1,0,REVISION_MANUAL,0
32,10000.0,3000.0,2,4,0,Familiar,Consumo,10000.0,False,True,759103101,7591031,APROBADO,88,0.3,MODERADO,R001|R012,2,1,,True,False,1,1,APROBADO,1
39,4000.0,1200.0,2,4,0,Propia,Consumo,10000.0,False,True,759804101,7598041,APROBADO,100,0.3,MODERADO,R001|R005|R012|R015,4,2,,True,False,1,1,APROBADO,1
49,9000.0,2700.0,0,4,0,Propia,Consumo,10000.0,False,True,760019101,7600191,RECHAZADO,36,0.3,MODERADO,R002|R005|R015,3,1,,True,True,0,0,RECHAZADO,0
35,20000.0,6000.0,2,4,0,Propia,Consumo,10000.0,False,True,760201101,7602011,APROBADO,100,0.3,MODERADO,R001|R005|R012|R015,4,2,,True,False,1,1,APROBADO,1
21,2000.0,600.0,0,2,2,Familiar,Consumo,10000.0,False,True,761109102,7611091,RECHAZADO,3,0.3,MODERADO,R002,1,0,,True,True,0,0,RECHAZADO,0
42,3000.0,900.0,2,1,1,Propia,Consumo,10000.0,False,True,761401101,7614011,APROBADO,87,0.3,MODERADO,R001|R005|R012,3,1,,True,False,1,1,APROBADO,1
37,15000.0,4500.0,2,1,1,Familiar,Consumo,10000.0,False,True,761503102,7615031,APROBADO,80,0.3,MODERADO,R001|R012,2,1,,True,False,1,1,APROBADO,1
54,4000.0,1200.0,2,0,0,Propia,Consumo,10000.0,True,True,761705102,7617051,REVISION_MANUAL,71,0.3,MODERADO,R001|R004|R005|R012,4,1,,True,False,1,0,REVISION_MANUAL,0
59,8000.0,2400.0,2,4,0,Propia,Consumo,10000.0,False,True,761802101,7618021,APROBADO,100,0.3,MODERADO,R001|R005|R012|R015,4,2,,True,False,1,1,APROBADO,1
45,2000.0,600.0,2,0,1,Propia,Consumo,10000.0,True,True,761919101,7619191,RECHAZADO,58,0.3,MODERADO,R001|R004|R005,3,0,,True,False,1,0,REVISION_MANUAL,0
42,2800.0,840.0,2,4,2,Propia,Consumo,10000.0,False,True,762002101,7620021,APROBADO,95,0.3,MODERADO,R001|R005|R012,3,1,,True,False,1,1,APROBADO,1
61,7000.0,2100.0,0,0,2,Propia,Consumo,10000.0,True,True,762202101,7622021,RECHAZADO,0,0.3,MODERADO,R002|R004|R005,3,0,,True,True,0,0,RECHAZADO,0
66,48000.0,14400.0,2,4,1,Propia,Consumo,10000.0,False,True,762504101,7625041,APROBADO,100,0.3,MODERADO,R001|R005|R012,3,1,,True,False,1,1,APROBADO,1
38,12000.0,3600.0,0,4,1,Familiar,Consumo,10000.0,False,True,762603101,7626031,RECHAZADO,13,0.3,MODERADO,R002,1,0,,True,True,0,0,RECHAZADO,0
39,600.0,180.0,2,1,2,Propia,Consumo,10000.0,False,True,763113102,7631131,REVISION_MANUAL,74,0.3,MODERADO,R001|R005,2,0,,True,False,1,0,REVISION_MANUAL,0
61,7000.0,2100.0,2,0,0,Propia,Consumo,10000.0,True,True,763705101,7637051,REVISION_MANUAL,71,0.3,MODERADO,R001|R004|R005|R012,4,1,,True,False,1,0,REVISION_MANUAL,0
34,16000.0,4800.0,2,4,0,Familiar,Consumo,10000.0,False,True,763804101,7638041,APROBADO,92,0.3,MODERADO,R001|R012,2,1,,True,False,1,1,APROBADO,1
37,40000.0,12000.0,2,4,0,Propia,Consumo,10000.0,False,True,764005102,7640051,APROBADO,100,0.3,MODERADO,R001|R005|R012|R015,4,2,,True,False,1,1,APROBADO,1
47,1500.0,450.0,2,1,0,Familiar,Negocio,12000.0,False,True,764106102,7641061,REVISION_MANUAL,75,0.3,MODERADO,R001|R006,2,0,,True,False,1,0,APROBADO,1
21,7000.0,2100.0,0,0,1,Familiar,Consumo,10000.0,True,True,764303102,7643031,RECHAZADO,0,0.3,MODERADO,R002|R004,2,0,,True,True,0,0,RECHAZADO,0
23,2500.0,750.0,2,0,1,Familiar,Negocio,12000.0,True,True,764514101,7645141,RECHAZADO,56,0.3,MODERADO,R001|R004|R006,3,0,,True,False,1,0,REVISION_MANUAL,0
25,1800.0,540.0,2,4,2,Familiar,Consumo,10000.0,False,True,764617102,7646171,REVISION_MANUAL,70,0.3,MODERADO,R001,1,0,,True,False,1,0,REVISION_MANUAL,0
38,2800.0,840.0,2,2,1,Familiar,Consumo,10000.0,False,True,765406101,7654061,APROBADO,82,0.3,MODERADO,R001|R012,2,1,,True,False,1,1,APROBADO,1
46,5000.0,1500.0,2,2,2,Propia,Consumo,10000.0,False,True,766105101,7661051,APROBADO,97,0.3,MODERADO,R001|R005|R012,3,1,,True,False,1,1,APROBADO,1
43,1200.0,360.0,2,2,0,Familiar,Consumo,10000.0,False,True,766303102,7663031,REVISION_MANUAL,72,0.3,MODERADO,R001,1,0,,True,False,1,0,REVISION_MANUAL,0
37,10000.0,3000.0,0,4,0,Propia,Consumo,10000.0,False,True,766705101,7667051,RECHAZADO,36,0.3,MODERADO,R002|R005|R015,3,1,,True,True,0,0,RECHAZADO,0
37,12000.0,3600.0,2,4,2,Propia,Consumo,10000.0,False,True,767405102,7674051,APROBADO,100,0.3,MODERADO,R001|R005|R012,3,1,,True,False,1,1,APROBADO,1
50,2500.0,750.0,2,4,0,Propia,Consumo,10000.0,True,True,767603101,7676031,APROBADO,100,0.3,MODERADO,R001|R005|R012|R015,4,2,,True,False,1,1,APROBADO,1
22,1500.0,450.0,2,2,0,Familiar,Consumo,10000.0,False,True,768004101,7680041,REVISION_MANUAL,71,0.3,MODERADO,R001,1,0,,True,False,1,0,REVISION_MANUAL,0
35,5000.0,1500.0,0,1,3,Familiar,Consumo,10000.0,False,True,768102102,7681021,RECHAZADO,0,0.3,MODERADO,R002,1,0,,True,True,0,0,RECHAZADO,0
35,15000.0,4500.0,2,4,2,Propia,Consumo,10000.0,False,True,768702102,7687021,APROBADO,100,0.3,MODERADO,R001|R005|R012,3,1,,True,False,1,1,APROBADO,1
47,3500.0,1050.0,2,4,2,Familiar,Consumo,10000.0,False,True,768802101,7688021,APROBADO,81,0.3,MODERADO,R001|R012,2,1,,True,False,1,1,APROBADO,1
54,30000.0,9000.0,2,4,0,Familiar,Consumo,10000.0,False,True,769003101,7690031,APROBADO,100,0.3,MODERADO,R001|R012,2,1,,True,False,1,1,APROBADO,1
45,50000.0,15000.0,2,4,1,Propia,Consumo,10000.0,False,True,769104101,7691041,APROBADO,100,0.3,MODERADO,R001|R005|R012,3,1,,True,False,1,1,APROBADO,1
63,1000.0,300.0,2,1,0,Familiar,Consumo,10000.0,False,True,769212101,7692121,REVISION_MANUAL,60,0.3,MODERADO,R001,1,0,,True,False,1,0,REVISION_MANUAL,0
49,15000.0,4500.0,2,4,0,Propia,Consumo,10000.0,False,True,769505101,7695051,APROBADO,100,0.3,MODERADO,R001|R005|R012|R015,4,2,,True,False,1,1,APROBADO,1
77,7000.0,2100.0,2,1,0,Propia,Consumo,10000.0,True,True,769803101,7698031,APROBADO,89,0.3,MODERADO,R001|R005|R012,3,1,,True,False,1,1,APROBADO,1
48,15000.0,4500.0,0,2,0,Familiar,Consumo,10000.0,False,True,769903101,7699031,RECHAZADO,17,0.3,MODERADO,R002,1,0,,True,True,0,0,RECHAZADO,0
32,1050.0,315.0,2,2,2,Familiar,Consumo,10000.0,False,True,770604104,7706041,REVISION_MANUAL,69,0.3,MODERADO,R001,1,0,,True,False,1,0,REVISION_MANUAL,0
29,800.0,240.0,2,2,1,Familiar,Consumo,10000.0,False,True,771005102,7710051,REVISION_MANUAL,71,0.3,MODERADO,R001,1,0,,True,False,1,0,REVISION_MANUAL,0
36,1000.0,300.0,2,2,1,Familiar,Consumo,10000.0,False,True,771115102,7711151,REVISION_MANUAL,71,0.3,MODERADO,R001,1,0,,True,False,1,0,REVISION_MANUAL,0
79,2000.0,600.0,2,0,0,Propia,Consumo,10000.0,True,True,771304101,7713041,RECHAZADO,58,0.3,MODERADO,R001|R004|R005,3,0,,True,False,1,0,REVISION_MANUAL,0
50,3100.0,930.0,2,4,1,Familiar,Consumo,10000.0,False,True,771501101,7715011,APROBADO,82,0.3,MODERADO,R001|R012,2,1,,True,False,1,1,APROBADO,1
33,400.0,120.0,0,1,2,Familiar,Consumo,7200.0,False,True,771607102,7716071,RECHAZADO,0,0.3,MODERADO,R002,1,0,,True,True,0,0,RECHAZADO,0
47,10000.0,3000.0,2,4,0,Familiar,Consumo,10000.0,False,True,771703101,7717031,APROBADO,88,0.3,MODERADO,R001|R012,2,1,,True,False,1,1,APROBADO,1
49,1400.0,420.0,2,1,0,Familiar,Consumo,10000.0,False,True,771820102,7718201,REVISION_MANUAL,62,0.3,MODERADO,R001,1,0,,True,False,1,0,REVISION_MANUAL,0
22,7000.0,2100.0,2,0,2,Familiar,Consumo,10000.0,True,True,772005102,7720051,RECHAZADO,53,0.3,MODERADO,R001|R004|R012,3,1,,True,False,1,0,RECHAZADO,0
33,3000.0,900.0,2,1,3,Propia,Consumo,10000.0,False,True,772508101,7725081,APROBADO,84,0.3,MODERADO,R001|R005|R012,3,1,,True,False,1,1,APROBADO,1
50,2000.0,600.0,2,1,1,Propia,Consumo,10000.0,False,True,772601102,7726011,REVISION_MANUAL,76,0.3,MODERADO,R001|R005,2,0,,True,False,1,0,APROBADO,1
57,4000.0,1200.0,2,4,2,Propia,Consumo,10000.0,False,True,772705101,7727051,APROBADO,94,0.3,MODERADO,R001|R005|R012,3,1,,True,False,1,1,APROBADO,1
42,500.0,150.0,2,1,2,Familiar,Consumo,9000.0,False,True,773001102,7730011,RECHAZADO,59,0.3,MODERADO,R001,1,0,,True,False,1,0,REVISION_MANUAL,0
33,20000.0,6000.0,2,4,1,Familiar,Consumo,10000.0,False,True,773104101,7731041,APROBADO,93,0.3,MODERADO,R001|R012,2,1,,True,False,1,1,APROBADO,1
48,750.0,225.0,2,1,4,Propia,Consumo,10000.0,False,True,773402101,7734021,REVISION_MANUAL,62,0.3,MODERADO,R001|R005|R010,3,0,,True,False,1,0,REVISION_MANUAL,0
32,2000.0,600.0,2,4,3,Propia,Consumo,10000.0,False,True,773617101,7736171,APROBADO,83,0.3,MODERADO,R001|R005,2,0,,True,False,1,1,APROBADO,1
44,1800.0,540.0,2,2,1,Propia,Consumo,10000.0,False,True,773804101,7738041,APROBADO,86,0.3,MODERADO,R001|R005,2,0,,True,False,1,1,APROBADO,1
19,7000.0,2100.0,2,0,1,Familiar,Consumo,10000.0,True,True,773905102,7739051,RECHAZADO,43,0.3,MODERADO,R001|R004|R009|R012,4,1,,True,False,1,0,RECHAZADO,0
36,5000.0,1500.0,0,4,1,Propia,Consumo,10000.0,False,True,775620101,7756201,RECHAZADO,23,0.3,MODERADO,R002|R005,2,0,,True,True,0,0,RECHAZADO,0
27,14000.0,4200.0,0,4,2,Familiar,Consumo,10000.0,False,True,775704101,7757041,RECHAZADO,13,0.3,MODERADO,R002,1,0,,True,True,0,0,RECHAZADO,0
32,7500.0,2250.0,2,4,3,Propia,Consumo,10000.0,False,True,775807103,7758071,APROBADO,97,0.3,MODERADO,R001|R005|R012,3,1,,True,False,1,1,APROBADO,1
51,5000.0,1500.0,2,4,1,Familiar,Consumo,10000.0,False,True,775903101,7759031,APROBADO,83,0.3,MODERADO,R001|R012,2,1,,True,False,1,1,APROBADO,1
46,2500.0,750.0,2,0,3,Propia,Consumo,10000.0,True,True,776204102,7762041,REVISION_MANUAL,66,0.3,MODERADO,R001|R004|R005|R012,4,1,,True,False,1,0,REVISION_MANUAL,0
33,200.0,60.0,0,1,1,Familiar,Consumo,3600.0,False,True,776504102,7765041,RECHAZADO,0,0.3,MODERADO,R002,1,0,,True,True,0,0,RECHAZADO,0
55,700.0,210.0,2,4,4,Familiar,Consumo,10000.0,False,True,776603101,7766031,RECHAZADO,57,0.3,MODERADO,R001|R010,2,0,,True,False,1,0,REVISION_MANUAL,0
48,3300.0,990.0,2,4,1,Propia,Consumo,10000.0,False,True,777605101,7776051,APROBADO,97,0.3,MODERADO,R001|R005|R012,3,1,,True,False,1,1,APROBADO,1
18,2000.0,600.0,2,0,1,Familiar,Consumo,10000.0,True,True,778305103,7783051,RECHAZADO,29,0.3,MODERADO,R001|R004|R009,3,0,,True,False,1,0,RECHAZADO,0
57,1500.0,450.0,2,1,0,Familiar,Consumo,10000.0,False,True,779208101,7792081,REVISION_MANUAL,61,0.3,MODERADO,R001,1,0,,True,False,1,0,REVISION_MANUAL,0
29,20000.0,6000.0,2,4,0,Propia,Consumo,10000.0,False,True,779702101,7797021,APROBADO,100,0.3,MODERADO,R001|R005|R012|R015,4,2,,True,False,1,1,APROBADO,1
26,600.0,180.0,2,2,1,Familiar,Consumo,10000.0,False,True,780102101,7801021,REVISION_MANUAL,70,0.3,MODERADO,R001,1,0,,True,False,1,0,REVISION_MANUAL,0
39,1600.0,480.0,2,2,2,Propia,Consumo,10000.0,False,True,780213101,7802131,APROBADO,85,0.3,MODERADO,R001|R005,2,0,,True,False,1,1,APROBADO,1
28,5000.0,1500.0,2,4,1,Familiar,Consumo,10000.0,False,True,780508101,7805081,APROBADO,83,0.3,MODERADO,R001|R012,2,1,,True,False,1,1,APROBADO,1
31,34000.0,10200.0,2,4,0,Familiar,Consumo,10000.0,False,True,781205101,7812051,APROBADO,100,0.3,MODERADO,R001|R012,2,1,,True,False,1,1,APROBADO,1
53,2200.0,660.0,2,4,1,Familiar,Consumo,10000.0,False,True,781302101,7813021,REVISION_MANUAL,71,0.3,MODERADO,R001,1,0,,True,False,1,0,REVISION_MANUAL,0
42,1000.0,300.0,2,1,1,Familiar,Negocio,12000.0,False,True,781820101,7818201,REVISION_MANUAL,73,0.3,MODERADO,R001|R006,2,0,,True,False,1,0,REVISION_MANUAL,0
42,1000.0,300.0,0,4,2,Propia,Consumo,10000.0,False,True,781904101,7819041,RECHAZADO,19,0.3,MODERADO,R002|R005,2,0,,True,True,0,0,RECHAZADO,0
58,2500.0,750.0,2,0,0,Familiar,Consumo,10000.0,True,True,782010101,7820101,RECHAZADO,53,0.3,MODERADO,R001|R004|R012,3,1,,True,False,1,0,RECHAZADO,0
39,3500.0,1050.0,0,4,3,Familiar,Consumo,10000.0,False,True,782105101,7821051,RECHAZADO,4,0.3,MODERADO,R002,1,0,,True,True,0,0,RECHAZADO,0
40,900.0,270.0,2,4,5,Familiar,Negocio,12000.0,False,True,783004103,7830041,REVISION_MANUAL,69,0.3,MODERADO,R001|R006|R010,3,0,,True,False,1,0,REVISION_MANUAL,0
59,1800.0,540.0,2,2,1,Propia,Consumo,10000.0,False,True,783210101,7832101,APROBADO,84,0.3,MODERADO,R001|R005,2,0,,True,False,1,1,APROBADO,1
37,20000.0,6000.0,2,4,2,Propia,Consumo,10000.0,False,True,783404102,7834041,APROBADO,100,0.3,MODERADO,R001|R005|R012,3,1,,True,False,1,1,APROBADO,1
33,14000.0,4200.0,2,4,3,Propia,Consumo,10000.0,False,True,783604103,7836041,APROBADO,100,0.3,MODERADO,R001|R005|R012,3,1,,True,False,1,1,APROBADO,1
21,12000.0,3600.0,2,2,2,Familiar,Consumo,10000.0,False,True,783704104,7837041,APROBADO,85,0.3,MODERADO,R001|R012,2,1,,True,False,1,1,APROBADO,1
29,3000.0,900.0,2,1,1,Familiar,Consumo,10000.0,False,True,784003101,7840031,REVISION_MANUAL,72,0.3,MODERADO,R001|R012,2,1,,True,False,1,0,REVISION_MANUAL,0
37,7000.0,2100.0,0,4,0,Familiar,Consumo,10000.0,False,True,784304101,7843041,RECHAZADO,11,0.3,MODERADO,R002,1,0,,True,True,0,0,RECHAZADO,0
44,20000.0,6000.0,2,4,0,Familiar,Consumo,10000.0,False,True,784905101,7849051,APROBADO,95,0.3,MODERADO,R001|R012,2,1,,True,False,1,1,APROBADO,1
24,2800.0,840.0,2,2,2,Familiar,Consumo,10000.0,False,True,785005102,7850051,REVISION_MANUAL,78,0.3,MODERADO,R001|R012,2,1,,True,False,1,0,APROBADO,1
42,18000.0,5400.0,2,4,1,Propia,Consumo,10000.0,False,True,785202101,7852021,APROBADO,100,0.3,MODERADO,R001|R005|R012,3,1,,True,False,1,1,APROBADO,1
30,2000.0,600.0,2,2,1,Familiar,Consumo,10000.0,False,True,785403101,7854031,REVISION_MANUAL,71,0.3,MODERADO,R001,1,0,,True,False,1,0,REVISION_MANUAL,0
76,1000.0,300.0,0,0,0,Familiar,Consumo,10000.0,True,True,785719101,7857191,RECHAZADO,0,0.3,MODERADO,R002|R004,2,0,,True,True,0,0,RECHAZADO,0
42,15000.0,4500.0,2,4,0,Propia,Consumo,10000.0,False,True,785903102,7859031,APROBADO,100,0.3,MODERADO,R001|R005|R012|R015,4,2,,True,False,1,1,APROBADO,1
43,1000.0,300.0,2,1,4,Familiar,Consumo,10000.0,False,True,786319101,7863191,RECHAZADO,47,0.3,MODERADO,R001|R010,2,0,,True,False,1,0,RECHAZADO,0
32,2500.0,750.0,0,0,4,Familiar,Consumo,10000.0,True,True,786504102,7865041,RECHAZADO,0,0.3,MODERADO,R002|R004|R010,3,0,,True,True,0,0,RECHAZADO,0
27,8000.0,2400.0,2,4,1,Propia,Consumo,10000.0,False,True,786801101,7868011,APROBADO,100,0.3,MODERADO,R001|R005|R012,3,1,,True,False,1,1,APROBADO,1
48,600.0,180.0,2,2,5,Propia,Consumo,10000.0,False,True,787019101,7870191,REVISION_MANUAL,72,0.3,MODERADO,R001|R005|R010,3,0,,True,False,1,0,REVISION_MANUAL,0
26,2500.0,750.0,2,1,1,Propia,Consumo,10000.0,False,True,787113102,7871131,APROBADO,87,0.3,MODERADO,R001|R005|R012,3,1,,True,False,1,1,APROBADO,1
35,2500.0,750.0,2,1,1,Familiar,Consumo,10000.0,False,True,787204102,7872041,REVISION_MANUAL,72,0.3,MODERADO,R001|R012,2,1,,True,False,1,0,REVISION_MANUAL,0
37,60000.0,18000.0,2,2,0,Familiar,Consumo,10000.0,False,True,787901101,7879011,APROBADO,100,0.3,MODERADO,R001|R012,2,1,,True,False,1,1,APROBADO,1
58,1000.0,300.0,2,0,2,Propia,Consumo,10000.0,True,True,788002101,7880021,RECHAZADO,54,0.3,MODERADO,R001|R004|R005,3,0,,True,False,1,0,RECHAZADO,0
40,4000.0,1200.0,2,0,3,Familiar,Consumo,10000.0,True,True,788105102,7881051,RECHAZADO,52,0.3,MODERADO,R001|R004|R012,3,1,,True,False,1,0,RECHAZADO,0
52,1800.0,540.0,2,1,0,Familiar,Consumo,10000.0,False,True,788605101,7886051,REVISION_MANUAL,63,0.3,MODERADO,R001,1,0,,True,False,1,0,REVISION_MANUAL,0
45,3000.0,900.0,2,3,3,Propia,Consumo,10000.0,False,True,788704102,7887041,APROBADO,94,0.3,MODERADO,R001|R005|R012,3,1,,True,False,1,1,APROBADO,1
29,10000.0,3000.0,2,4,4,Familiar,Consumo,10000.0,False,True,788805101,7888051,REVISION_MANUAL,72,0.3,MODERADO,R001|R010|R012,3,1,,True,False,1,0,REVISION_MANUAL,0
37,2900.0,870.0,2,4,4,Familiar,Consumo,10000.0,False,True,789005101,7890051,REVISION_MANUAL,67,0.3,MODERADO,R001|R010|R012,3,1,,True,False,1,0,REVISION_MANUAL,0
48,10500.0,3150.0,2,4,1,Propia,Consumo,10000.0,False,True,789202101,7892021,APROBADO,100,0.3,MODERADO,R001|R005|R012,3,1,,True,False,1,1,APROBADO,1
67,2000.0,600.0,0,0,0,Propia,Negocio,12000.0,True,True,789304101,7893041,RECHAZADO,7,0.3,MODERADO,R002|R004|R005|R006,4,0,,True,True,0,0,RECHAZADO,0
65,12000.0,3600.0,2,4,0,Propia,Consumo,10000.0,False,True,789403101,7894031,APROBADO,100,0.3,MODERADO,R001|R005|R012|R015,4,2,,True,False,1,1,APROBADO,1
59,2500.0,750.0,2,0,2,Propia,Consumo,10000.0,True,True,789503101,7895031,REVISION_MANUAL,65,0.3,MODERADO,R001|R004|R005|R012,4,1,,True,False,1,0,REVISION_MANUAL,0
68,500.0,150.0,2,1,0,Propia,Consumo,9000.0,False,True,789705101,7897051,REVISION_MANUAL,75,0.3,MODERADO,R001|R005,2,0,,True,False,1,0,APROBADO,1
72,2500.0,750.0,0,0,0,Familiar,Consumo,10000.0,True,True,790117101,7901171,RECHAZADO,0,0.3,MODERADO,R002|R004,2,0,,True,True,0,0,RECHAZADO,0
35,7000.0,2100.0,0,0,1,Familiar,Consumo,10000.0,True,True,790404102,7904041,RECHAZADO,0,0.3,MODERADO,R002|R004,2,0,,True,True,0,0,RECHAZADO,0
72,7000.0,2100.0,2,0,1,Propia,Consumo,10000.0,True,True,790504101,7905041,REVISION_MANUAL,70,0.3,MODERADO,R001|R004|R005|R012,4,1,,True,False,1,0,REVISION_MANUAL,0
23,7000.0,2100.0,2,0,0,Familiar,Consumo,10000.0,False,True,790901101,7909011,RECHAZADO,56,0.3,MODERADO,R001|R004|R012,3,1,,True,False,1,0,REVISION_MANUAL,0
67,7000.0,2100.0,2,1,2,Propia,Consumo,10000.0,False,True,791004101,7910041,APROBADO,86,0.3,MODERADO,R001|R005|R012,3,1,,True,False,1,1,APROBADO,1
29,2500.0,750.0,0,0,1,Familiar,Consumo,10000.0,True,True,791101201,7911012,RECHAZADO,0,0.3,MODERADO,R002|R004,2,0,,True,True,0,0,RECHAZADO,0
63,18000.0,5400.0,2,3,0,Propia,Consumo,10000.0,False,True,791602101,7916021,APROBADO,100,0.3,MODERADO,R001|R005|R012|R015,4,2,,True,False,1,1,APROBADO,1
22,10000.0,3000.0,2,4,3,Familiar,Consumo,10000.0,False,True,792116103,7921161,APROBADO,82,0.3,MODERADO,R001|R012,2,1,,True,False,1,1,APROBADO,1
54,900.0,270.0,2,4,0,Propia,Consumo,10000.0,False,True,792202101,7922021,APROBADO,95,0.3,MODERADO,R001|R005|R015,3,1,,True,False,1,1,APROBADO,1
46,7000.0,2100.0,2,4,4,Familiar,Consumo,10000.0,True,True,792304103,7923041,REVISION_MANUAL,70,0.3,MODERADO,R001|R010|R012,3,1,,True,False,1,0,REVISION_MANUAL,0
67,6000.0,1800.0,2,1,3,Propia,Consumo,10000.0,False,True,792802102,7928021,APROBADO,84,0.3,MODERADO,R001|R005|R012,3,1,,True,False,1,1,APROBADO,1
24,1500.0,450.0,0,2,6,Familiar,Consumo,10000.0,False,True,792904103,7929041,RECHAZADO,0,0.3,MODERADO,R002|R010,2,0,,True,True,0,0,RECHAZADO,0
31,4000.0,1200.0,0,1,4,Familiar,Consumo,10000.0,False,True,793403101,7934031,RECHAZADO,0,0.3,MODERADO,R002|R010,2,0,,True,True,0,0,RECHAZADO,0
50,15000.0,4500.0,2,4,2,Propia,Consumo,10000.0,False,True,793503101,7935031,APROBADO,100,0.3,MODERADO,R001|R005|R012,3,1,,True,False,1,1,APROBADO,1
68,50000.0,15000.0,2,5,0,Propia,Consumo,10000.0,False,True,793802101,7938021,APROBADO,100,0.3,MODERADO,R001|R003|R005|R012|R015,5,2,,True,False,1,1,APROBADO,1
64,40000.0,12000.0,2,4,0,Propia,Consumo,10000.0,False,True,793904102,7939041,APROBADO,100,0.3,MODERADO,R001|R005|R012|R015,4,2,,True,False,1,1,APROBADO,1
44,11000.0,3300.0,0,4,1,Propia,Consumo,10000.0,False,True,794201102,7942011,RECHAZADO,27,0.3,MODERADO,R002|R005,2,0,,True,True,0,0,RECHAZADO,0
43,1000.0,300.0,2,1,2,Familiar,Consumo,10000.0,False,True,795311102,7953111,RECHAZADO,59,0.3,MODERADO,R001,1,0,,True,False,1,0,REVISION_MANUAL,0
40,14000.0,4200.0,0,4,0,Familiar,Consumo,10000.0,False,True,795601101,7956011,RECHAZADO,16,0.3,MODERADO,R002,1,0,,True,True,0,0,RECHAZADO,0
36,2400.0,720.0,2,4,1,Familiar,Consumo,10000.0,False,True,795801102,7958011,REVISION_MANUAL,72,0.3,MODERADO,R001,1,0,,True,False,1,0,REVISION_MANUAL,0
50,14000.0,4200.0,2,4,2,Propia,Consumo,10000.0,False,True,795902101,7959021,APROBADO,100,0.3,MODERADO,R001|R005|R012,3,1,,True,False,1,1,APROBADO,1
31,1000.0,300.0,2,2,2,Familiar,Consumo,10000.0,False,True,796120101,7961201,REVISION_MANUAL,69,0.3,MODERADO,R001,1,0,,True,False,1,0,REVISION_MANUAL,0
59,4500.0,1350.0,2,4,0,Familiar,Consumo,10000.0,False,True,796204101,7962041,APROBADO,83,0.3,MODERADO,R001|R012,2,1,,True,False,1,1,APROBADO,1
33,5000.0,1500.0,2,4,0,Propia,Consumo,10000.0,False,True,796405102,7964051,APROBADO,100,0.3,MODERADO,R001|R005|R012|R015,4,2,,True,False,1,1,APROBADO,1
24,1000.0,300.0,2,1,4,Familiar,Consumo,10000.0,False,True,796518103,7965181,RECHAZADO,45,0.3,MODERADO,R001|R010,2,0,,True,False,1,0,RECHAZADO,0
56,16000.0,4800.0,2,4,0,Propia,Consumo,10000.0,False,True,796603101,7966031,APROBADO,100,0.3,MODERADO,R001|R005|R012|R015,4,2,,True,False,1,1,APROBADO,1
24,5500.0,1650.0,0,4,1,Familiar,Consumo,10000.0,False,True,796703102,7967031,RECHAZADO,7,0.3,MODERADO,R002,1,0,,True,True,0,0,RECHAZADO,0
55,25000.0,7500.0,2,4,2,Propia,Consumo,10000.0,False,True,796801101,7968011,APROBADO,100,0.3,MODERADO,R001|R005|R012,3,1,,True,False,1,1,APROBADO,1
30,7000.0,2100.0,2,4,3,Familiar,Consumo,10000.0,False,True,797515101,7975151,APROBADO,82,0.3,MODERADO,R001|R012,2,1,,True,False,1,1,APROBADO,1
40,3000.0,900.0,2,4,1,Propia,Consumo,10000.0,False,True,797815102,7978151,APROBADO,97,0.3,MODERADO,R001|R005|R012,3,1,,True,False,1,1,APROBADO,1
66,1500.0,450.0,0,2,0,Familiar,Consumo,10000.0,False,True,798102102,7981021,RECHAZADO,6,0.3,MODERADO,R002,1,0,,True,True,0,0,RECHAZADO,0
27,3500.0,1050.0,2,4,4,Propia,Consumo,10000.0,False,True,798204101,7982041,APROBADO,83,0.3,MODERADO,R001|R005|R010|R012,4,1,,True,False,1,1,APROBADO,1
25,7000.0,2100.0,2,4,0,Propia,Consumo,10000.0,False,True,798407101,7984071,APROBADO,100,0.3,MODERADO,R001|R005|R012|R015,4,2,,True,False,1,1,APROBADO,1
39,1700.0,510.0,2,4,2,Propia,Consumo,10000.0,False,True,798602101,7986021,APROBADO,85,0.3,MODERADO,R001|R005,2,0,,True,False,1,1,APROBADO,1
39,14600.0,4380.0,2,4,2,Propia,Consumo,10000.0,False,True,798816101,7988161,APROBADO,100,0.3,MODERADO,R001|R005|R012,3,1,,True,False,1,1,APROBADO,1
61,1000.0,300.0,2,1,3,Propia,Consumo,10000.0,False,True,798901101,7989011,REVISION_MANUAL,71,0.3,MODERADO,R001|R005,2,0,,True,False,1,0,REVISION_MANUAL,0
27,3500.0,1050.0,0,0,2,Propia,Consumo,10000.0,False,True,799405101,7994051,RECHAZADO,0,0.3,MODERADO,R002|R004|R005,3,0,,True,True,0,0,RECHAZADO,0
19,1500.0,450.0,0,2,4,Propia,Consumo,10000.0,False,True,799701103,7997011,RECHAZADO,0,0.3,MODERADO,R002|R005|R009|R010,4,0,,True,True,0,0,RECHAZADO,0
50,1500.0,450.0,2,0,5,Familiar,Consumo,10000.0,True,True,799804102,7998041,RECHAZADO,29,0.3,MODERADO,R001|R004|R010,3,0,,True,False,1,0,RECHAZADO,0
26,1900.0,570.0,2,4,2,Familiar,Consumo,10000.0,False,True,800006104,8000061,REVISION_MANUAL,70,0.3,MODERADO,R001,1,0,,True,False,1,0,REVISION_MANUAL,0
32,2500.0,750.0,2,4,1,Familiar,Consumo,10000.0,False,True,800202101,8002021,APROBADO,82,0.3,MODERADO,R001|R012,2,1,,True,False,1,1,APROBADO,1
36,14000.0,4200.0,2,4,2,Familiar,Consumo,10000.0,False,True,800603101,8006031,APROBADO,88,0.3,MODERADO,R001|R012,2,1,,True,False,1,1,APROBADO,1
45,12000.0,3600.0,2,4,3,Familiar,Consumo,10000.0,False,True,801013103,8010131,APROBADO,85,0.3,MODERADO,R001|R012,2,1,,True,False,1,1,APROBADO,1
30,5000.0,1500.0,2,4,0,Propia,Consumo,10000.0,False,True,801604101,8016041,APROBADO,100,0.3,MODERADO,R001|R005|R012|R015,4,2,,True,False,1,1,APROBADO,1
68,1500.0,450.0,2,3,2,Propia,Consumo,10000.0,True,True,801702101,8017021,APROBADO,83,0.3,MODERADO,R001|R005,2,0,,True,False,1,1,APROBADO,1
48,7000.0,2100.0,2,4,4,Propia,Consumo,10000.0,False,True,801816101,8018161,APROBADO,85,0.3,MODERADO,R001|R005|R010|R012,4,1,,True,False,1,1,APROBADO,1
26,4000.0,1200.0,2,4,2,Familiar,Consumo,10000.0,False,True,802602103,8026021,APROBADO,81,0.3,MODERADO,R001|R012,2,1,,True,False,1,1,APROBADO,1
38,20000.0,6000.0,2,4,2,Familiar,Consumo,10000.0,False,True,802804104,8028041,APROBADO,92,0.3,MODERADO,R001|R012,2,1,,True,False,1,1,APROBADO,1
24,2000.0,600.0,2,0,1,Propia,Consumo,10000.0,True,True,802913101,8029131,RECHAZADO,56,0.3,MODERADO,R001|R004|R005,3,0,,True,False,1,0,REVISION_MANUAL,0
33,21000.0,6300.0,0,4,0,Familiar,Consumo,10000.0,False,True,803004101,8030041,RECHAZADO,21,0.3,MODERADO,R002,1,0,,True,True,0,0,RECHAZADO,0
62,500.0,150.0,2,1,0,Propia,Consumo,9000.0,False,True,803201101,8032011,REVISION_MANUAL,75,0.3,MODERADO,R001|R005,2,0,,True,False,1,0,APROBADO,1
44,2800.0,840.0,2,4,1,Propia,Consumo,10000.0,False,True,803301102,8033011,APROBADO,97,0.3,MODERADO,R001|R005|R012,3,1,,True,False,1,1,APROBADO,1
58,1500.0,450.0,2,1,0,Familiar,Consumo,10000.0,True,True,803715101,8037151,REVISION_MANUAL,61,0.3,MODERADO,R001,1,0,,True,False,1,0,REVISION_MANUAL,0
51,8000.0,2400.0,2,4,1,Familiar,Consumo,10000.0,False,True,803801101,8038011,APROBADO,85,0.3,MODERADO,R001|R012,2,1,,True,False,1,1,APROBADO,1
35,1500.0,450.0,0,1,2,Familiar,Consumo,10000.0,False,True,804008102,8040081,RECHAZADO,0,0.3,MODERADO,R002,1,0,,True,True,0,0,RECHAZADO,0
61,1500.0,450.0,2,0,1,Propia,Consumo,10000.0,True,True,804101102,8041011,RECHAZADO,56,0.3,MODERADO,R001|R004|R005,3,0,,True,False,1,0,REVISION_MANUAL,0
52,35000.0,10500.0,2,1,0,Familiar,Consumo,10000.0,False,True,804303101,8043031,APROBADO,92,0.3,MODERADO,R001|R012,2,1,,True,False,1,1,APROBADO,1
72,2500.0,750.0,2,0,0,Propia,Consumo,10000.0,True,True,804802101,8048021,REVISION_MANUAL,68,0.3,MODERADO,R001|R004|R005|R012,4,1,,True,False,1,0,REVISION_MANUAL,0
53,15000.0,4500.0,2,3,3,Propia,Consumo,10000.0,False,True,805003101,8050031,APROBADO,100,0.3,MODERADO,R001|R005|R012,3,1,,True,False,1,1,APROBADO,1
21,2000.0,600.0,2,4,1,Familiar,Consumo,10000.0,False,True,805601102,8056011,REVISION_MANUAL,69,0.3,MODERADO,R001,1,0,,True,False,1,0,REVISION_MANUAL,0
37,2500.0,750.0,0,2,4,Propia,Consumo,10000.0,False,True,806020101,8060201,RECHAZADO,7,0.3,MODERADO,R002|R005|R010,3,0,,True,True,0,0,RECHAZADO,0
31,3500.0,1050.0,2,4,2,Familiar,Consumo,10000.0,False,True,806108102,8061081,APROBADO,81,0.3,MODERADO,R001|R012,2,1,,True,False,1,1,APROBADO,1
24,8000.0,2400.0,2,4,3,Familiar,Consumo,10000.0,False,True,806404104,8064041,APROBADO,80,0.3,MODERADO,R001|R012,2,1,,True,False,1,1,APROBADO,1
18,2500.0,750.0,2,0,2,Familiar,Consumo,10000.0,True,True,807203103,8072031,RECHAZADO,38,0.3,MODERADO,R001|R004|R009|R012,4,1,,True,False,1,0,RECHAZADO,0
41,4000.0,1200.0,2,2,1,Familiar,Consumo,10000.0,False,True,807904102,8079041,APROBADO,83,0.3,MODERADO,R001|R012,2,1,,True,False,1,1,APROBADO,1
36,2000.0,600.0,2,4,1,Propia,Consumo,10000.0,False,True,808201101,8082011,APROBADO,86,0.3,MODERADO,R001|R005,2,0,,True,False,1,1,APROBADO,1
49,22000.0,6600.0,2,4,2,Familiar,Consumo,10000.0,False,True,808501102,8085011,APROBADO,93,0.3,MODERADO,R001|R012,2,1,,True,False,1,1,APROBADO,1
24,15000.0,4500.0,2,4,0,Familiar,Consumo,10000.0,False,True,808802101,8088021,APROBADO,90,0.3,MODERADO,R001|R012,2,1,,True,False,1,1,APROBADO,1
53,4000.0,1200.0,0,1,1,Propia,Consumo,10000.0,False,True,808802202,8088022,RECHAZADO,13,0.3,MODERADO,R002|R005,2,0,,True,True,0,0,RECHAZADO,0
62,1500.0,450.0,0,1,3,Propia,Consumo,10000.0,False,True,808910101,8089101,RECHAZADO,6,0.3,MODERADO,R002|R005,2,0,,True,True,0,0,RECHAZADO,0
64,1500.0,450.0,2,1,0,Familiar,Consumo,10000.0,False,True,809010102,8090101,REVISION_MANUAL,61,0.3,MODERADO,R001,1,0,,True,False,1,0,REVISION_MANUAL,0
42,1500.0,450.0,2,0,2,Familiar,Consumo,10000.0,True,True,809010202,8090102,RECHAZADO,42,0.3,MODERADO,R001|R004,2,0,,True,False,1,0,RECHAZADO,0
31,2000.0,600.0,0,1,3,Familiar,Consumo,10000.0,False,True,809102101,8091021,RECHAZADO,0,0.3,MODERADO,R002,1,0,,True,True,0,0,RECHAZADO,0
21,7000.0,2100.0,2,0,3,Familiar,Consumo,10000.0,True,True,809303103,8093031,RECHAZADO,52,0.3,MODERADO,R001|R004|R012,3,1,,True,False,1,0,RECHAZADO,0
27,15000.0,4500.0,2,5,2,Familiar,Consumo,10000.0,False,True,809504103,8095041,APROBADO,100,0.3,MODERADO,R001|R003|R012,3,1,,True,False,1,1,APROBADO,1
30,13000.0,3900.0,2,4,5,Propia,Consumo,10000.0,False,True,809704103,8097041,APROBADO,88,0.3,MODERADO,R001|R005|R010|R012,4,1,,True,False,1,1,APROBADO,1
27,1600.0,480.0,2,2,1,Familiar,Consumo,10000.0,False,True,810102102,8101021,REVISION_MANUAL,71,0.3,MODERADO,R001,1,0,,True,False,1,0,REVISION_MANUAL,0
44,2000.0,600.0,2,0,2,Propia,Negocio,12000.0,True,True,810202102,8102021,REVISION_MANUAL,69,0.3,MODERADO,R001|R004|R005|R006,4,0,,True,False,1,0,REVISION_MANUAL,0
52,2500.0,750.0,2,0,0,Propia,Consumo,10000.0,True,True,810603101,8106031,REVISION_MANUAL,70,0.3,MODERADO,R001|R004|R005|R012,4,1,,True,False,1,0,REVISION_MANUAL,0
51,2500.0,750.0,0,1,0,Propia,Consumo,10000.0,True,True,810905101,8109051,RECHAZADO,13,0.3,MODERADO,R002|R005,2,0,,True,True,0,0,RECHAZADO,0
25,3500.0,1050.0,2,4,1,Propia,Consumo,10000.0,False,True,811005101,8110051,APROBADO,97,0.3,MODERADO,R001|R005|R012,3,1,,True,False,1,1,APROBADO,1
44,2000.0,600.0,2,0,4,Familiar,Consumo,10000.0,True,True,811505102,8115051,RECHAZADO,29,0.3,MODERADO,R001|R004|R010,3,0,,True,False,1,0,RECHAZADO,0
46,1750.0,525.0,2,1,0,Familiar,Negocio,12000.0,False,True,811705101,8117051,REVISION_MANUAL,75,0.3,MODERADO,R001|R006,2,0,,True,False,1,0,APROBADO,1
20,5000.0,1500.0,2,2,3,Familiar,Consumo,10000.0,False,True,811805102,8118051,REVISION_MANUAL,66,0.3,MODERADO,R001|R009|R012,3,1,,True,False,1,0,REVISION_MANUAL,0
42,1600.0,480.0,2,2,2,Familiar,Consumo,10000.0,False,True,811918102,8119181,REVISION_MANUAL,70,0.3,MODERADO,R001,1,0,,True,False,1,0,REVISION_MANUAL,0
31,1000.0,300.0,0,1,0,Familiar,Consumo,10000.0,False,True,812204102,8122041,RECHAZADO,0,0.3,MODERADO,R002,1,0,,True,True,0,0,RECHAZADO,0
46,1000.0,300.0,2,2,1,Familiar,Consumo,10000.0,False,True,812313102,8123131,REVISION_MANUAL,71,0.3,MODERADO,R001,1,0,,True,False,1,0,REVISION_MANUAL,0
60,10000.0,3000.0,0,4,1,Familiar,Consumo,10000.0,False,True,812605101,8126051,RECHAZADO,10,0.3,MODERADO,R002,1,0,,True,True,0,0,RECHAZADO,0
45,8000.0,2400.0,0,1,2,Propia,Consumo,10000.0,False,True,812701102,8127011,RECHAZADO,14,0.3,MODERADO,R002|R005,2,0,,True,True,0,0,RECHAZADO,0
52,2300.0,690.0,2,4,0,Propia,Consumo,10000.0,False,True,812801101,8128011,APROBADO,96,0.3,MODERADO,R001|R005|R015,3,1,,True,False,1,1,APROBADO,1
25,3000.0,900.0,2,2,1,Familiar,Negocio,12000.0,False,True,813302102,8133021,APROBADO,94,0.3,MODERADO,R001|R006|R012,3,1,,True,False,1,1,APROBADO,1
37,6500.0,1950.0,2,4,2,Propia,Consumo,10000.0,False,True,813703101,8137031,APROBADO,98,0.3,MODERADO,R001|R005|R012,3,1,,True,False,1,1,APROBADO,1
29,600.0,180.0,2,1,4,Familiar,Consumo,10000.0,False,True,813904103,8139041,RECHAZADO,47,0.3,MODERADO,R001|R010,2,0,,True,False,1,0,RECHAZADO,0
27,35000.0,10500.0,2,4,0,Familiar,Consumo,10000.0,False,True,814005101,8140051,APROBADO,100,0.3,MODERADO,R001|R012,2,1,,True,False,1,1,APROBADO,1
37,500.0,150.0,0,2,0,Familiar,Consumo,9000.0,False,True,814403102,8144031,RECHAZADO,7,0.3,MODERADO,R002,1,0,,True,True,0,0,RECHAZADO,0
37,30000.0,9000.0,2,4,0,Propia,Consumo,10000.0,False,True,814502101,8145021,APROBADO,100,0.3,MODERADO,R001|R005|R012|R015,4,2,,True,False,1,1,APROBADO,1
63,5000.0,1500.0,2,3,0,Propia,Consumo,10000.0,False,True,814601104,8146011,APROBADO,100,0.3,MODERADO,R001|R005|R012|R015,4,2,,True,False,1,1,APROBADO,1
32,1250.0,375.0,2,2,6,Familiar,Consumo,10000.0,False,True,814803103,8148031,RECHAZADO,57,0.3,MODERADO,R001|R010,2,0,,True,False,1,0,REVISION_MANUAL,0
36,1400.0,420.0,2,2,2,Propia,Negocio,12000.0,False,True,814909102,8149091,APROBADO,96,0.3,MODERADO,R001|R005|R006,3,0,,True,False,1,1,APROBADO,1
49,24000.0,7200.0,0,1,2,Familiar,Negocio,12000.0,False,True,815205101,8152051,RECHAZADO,22,0.3,MODERADO,R002|R006,2,0,,True,True,0,0,RECHAZADO,0
50,1400.0,420.0,0,1,0,Propia,Negocio,12000.0,False,True,815302101,8153021,RECHAZADO,24,0.3,MODERADO,R002|R005|R006,3,0,,True,True,0,0,RECHAZADO,0
25,2600.0,780.0,0,1,2,Familiar,Consumo,10000.0,False,True,816202103,8162021,RECHAZADO,0,0.3,MODERADO,R002,1,0,,True,True,0,0,RECHAZADO,0
24,11000.0,3300.0,0,4,0,Familiar,Consumo,10000.0,False,True,816603102,8166031,RECHAZADO,12,0.3,MODERADO,R002,1,0,,True,True,0,0,RECHAZADO,0
70,1500.0,450.0,2,0,1,Propia,Consumo,10000.0,True,True,816704101,8167041,RECHAZADO,56,0.3,MODERADO,R001|R004|R005,3,0,,True,False,1,0,REVISION_MANUAL,0
42,6000.0,1800.0,2,3,3,Familiar,Consumo,10000.0,False,True,816805102,8168051,APROBADO,81,0.3,MODERADO,R001|R012,2,1,,True,False,1,1,APROBADO,1
58,57000.0,17100.0,2,4,3,Propia,Consumo,10000.0,False,True,817101101,8171011,APROBADO,100,0.3,MODERADO,R001|R005|R012,3,1,,True,False,1,1,APROBADO,1
31,30000.0,9000.0,2,4,0,Propia,Consumo,10000.0,False,True,817702101,8177021,APROBADO,100,0.3,MODERADO,R001|R005|R012|R015,4,2,,True,False,1,1,APROBADO,1
32,7000.0,2100.0,0,4,2,Propia,Consumo,10000.0,True,True,818002102,8180021,RECHAZADO,23,0.3,MODERADO,R002|R005,2,0,,True,True,0,0,RECHAZADO,0
47,6000.0,1800.0,0,2,0,Propia,Consumo,10000.0,False,True,818305101,8183051,RECHAZADO,26,0.3,MODERADO,R002|R005,2,0,,True,True,0,0,RECHAZADO,0
65,38000.0,11400.0,2,4,0,Propia,Consumo,10000.0,False,True,818801101,8188011,APROBADO,100,0.3,MODERADO,R001|R005|R012|R015,4,2,,True,False,1,1,APROBADO,1
55,20000.0,6000.0,2,4,2,Propia,Consumo,10000.0,False,True,819004101,8190041,APROBADO,100,0.3,MODERADO,R001|R005|R012,3,1,,True,False,1,1,APROBADO,1
32,400.0,120.0,2,1,3,Familiar,Consumo,7200.0,False,True,819209102,8192091,RECHAZADO,57,0.3,MODERADO,R001,1,0,,True,False,1,0,REVISION_MANUAL,0
29,5000.0,1500.0,2,4,1,Familiar,Consumo,10000.0,False,True,819412101,8194121,APROBADO,83,0.3,MODERADO,R001|R012,2,1,,True,False,1,1,APROBADO,1
67,2500.0,750.0,2,0,0,Propia,Consumo,10000.0,True,True,819603101,8196031,REVISION_MANUAL,68,0.3,MODERADO,R001|R004|R005|R012,4,1,,True,False,1,0,REVISION_MANUAL,0
39,2800.0,840.0,0,1,0,Familiar,Consumo,10000.0,False,True,819807101,8198071,RECHAZADO,0,0.3,MODERADO,R002,1,0,,True,True,0,0,RECHAZADO,0
58,400.0,120.0,2,1,1,Propia,Consumo,7200.0,False,True,820216101,8202161,REVISION_MANUAL,73,0.3,MODERADO,R001|R005,2,0,,True,False,1,0,REVISION_MANUAL,0
28,1800.0,540.0,2,4,2,Familiar,Consumo,10000.0,False,True,821504102,8215041,REVISION_MANUAL,70,0.3,MODERADO,R001,1,0,,True,False,1,0,REVISION_MANUAL,0
33,1000.0,300.0,2,1,1,Familiar,Consumo,10000.0,False,True,821701102,8217011,REVISION_MANUAL,61,0.3,MODERADO,R001,1,0,,True,False,1,0,REVISION_MANUAL,0
24,2500.0,750.0,2,4,5,Propia,Consumo,10000.0,False,True,821805103,8218051,APROBADO,80,0.3,MODERADO,R001|R005|R010|R012,4,1,,True,False,1,1,APROBADO,1
46,7000.0,2100.0,0,1,0,Familiar,Consumo,10000.0,False,True,821903101,8219031,RECHAZADO,1,0.3,MODERADO,R002,1,0,,True,True,0,0,RECHAZADO,0
65,40000.0,12000.0,2,1,0,Propia,Negocio,12000.0,False,True,822002102,8220021,APROBADO,100,0.3,MODERADO,R001|R005|R006|R012,4,1,,True,False,1,1,APROBADO,1
55,24000.0,7200.0,2,4,0,Propia,Consumo,10000.0,False,True,822105101,8221051,APROBADO,100,0.3,MODERADO,R001|R005|R012|R015,4,2,,True,False,1,1,APROBADO,1
29,2000.0,600.0,2,4,3,Familiar,Consumo,10000.0,False,True,822303101,8223031,REVISION_MANUAL,68,0.3,MODERADO,R001,1,0,,True,False,1,0,REVISION_MANUAL,0
37,2500.0,750.0,2,1,2,Familiar,Negocio,12000.0,False,True,822505102,8225051,REVISION_MANUAL,72,0.3,MODERADO,R001|R006,2,0,,True,False,1,0,REVISION_MANUAL,0
19,1400.0,420.0,2,2,4,Familiar,Consumo,10000.0,False,True,822820103,8228201,RECHAZADO,43,0.3,MODERADO,R001|R009|R010,3,0,,True,False,1,0,RECHAZADO,0
39,1500.0,450.0,2,1,2,Familiar,Negocio,12000.0,True,True,823007102,8230071,REVISION_MANUAL,72,0.3,MODERADO,R001|R006,2,0,,True,False,1,0,REVISION_MANUAL,0
55,3000.0,900.0,2,1,1,Familiar,Consumo,10000.0,False,True,823404101,8234041,REVISION_MANUAL,72,0.3,MODERADO,R001|R012,2,1,,True,False,1,0,REVISION_MANUAL,0
59,2200.0,660.0,2,4,0,Propia,Consumo,10000.0,False,True,823511101,8235111,APROBADO,94,0.3,MODERADO,R001|R005|R015,3,1,,True,False,1,1,APROBADO,1
49,18000.0,5400.0,2,4,3,Familiar,Consumo,10000.0,False,True,824005101,8240051,APROBADO,89,0.3,MODERADO,R001|R012,2,1,,True,False,1,1,APROBADO,1
53,2500.0,750.0,0,0,1,Familiar,Consumo,10000.0,True,True,824503102,8245031,RECHAZADO,0,0.3,MODERADO,R002|R004,2,0,,True,True,0,0,RECHAZADO,0
26,1800.0,540.0,2,4,2,Propia,Consumo,10000.0,False,True,824702101,8247021,APROBADO,85,0.3,MODERADO,R001|R005,2,0,,True,False,1,1,APROBADO,1
56,3250.0,975.0,2,4,1,Propia,Consumo,10000.0,False,True,824804101,8248041,APROBADO,95,0.3,MODERADO,R001|R005|R012,3,1,,True,False,1,1,APROBADO,1
24,2000.0,600.0,2,2,0,Familiar,Consumo,10000.0,False,True,825002101,8250021,REVISION_MANUAL,71,0.3,MODERADO,R001,1,0,,True,False,1,0,REVISION_MANUAL,0
35,3500.0,1050.0,2,4,2,Propia,Consumo,10000.0,False,True,825601101,8256011,APROBADO,96,0.3,MODERADO,R001|R005|R012,3,1,,True,False,1,1,APROBADO,1
51,1050.0,315.0,0,2,3,Propia,Consumo,10000.0,False,True,825702101,8257021,RECHAZADO,18,0.3,MODERADO,R002|R005,2,0,,True,True,0,0,RECHAZADO,0
18,10000.0,3000.0,2,3,2,Familiar,Consumo,10000.0,False,True,826001102,8260011,REVISION_MANUAL,71,0.3,MODERADO,R001|R009|R012,3,1,,True,False,1,0,REVISION_MANUAL,0
52,2000.0,600.0,2,4,1,Familiar,Negocio,12000.0,False,True,826105101,8261051,APROBADO,83,0.3,MODERADO,R001|R006,2,0,,True,False,1,1,APROBADO,1
71,3000.0,900.0,2,0,3,Propia,Consumo,10000.0,True,True,826201101,8262011,REVISION_MANUAL,64,0.3,MODERADO,R001|R004|R005|R012,4,1,,True,False,1,0,REVISION_MANUAL,0
63,14000.0,4200.0,2,0,0,Propia,Consumo,10000.0,True,True,826303101,8263031,REVISION_MANUAL,76,0.3,MODERADO,R001|R004|R005|R012,4,1,,True,False,1,0,APROBADO,1
23,1800.0,540.0,0,4,0,Familiar,Consumo,10000.0,False,True,826405102,8264051,RECHAZADO,6,0.3,MODERADO,R002,1,0,,True,True,0,0,RECHAZADO,0
53,1700.0,510.0,2,4,2,Propia,Consumo,10000.0,False,True,826702101,8267021,APROBADO,85,0.3,MODERADO,R001|R005,2,0,,True,False,1,1,APROBADO,1
23,7000.0,2100.0,0,0,0,Familiar,Consumo,10000.0,True,True,826901101,8269011,RECHAZADO,0,0.3,MODERADO,R002|R004,2,0,,True,True,0,0,RECHAZADO,0
35,12000.0,3600.0,2,2,0,Propia,Consumo,10000.0,False,True,826901201,8269012,APROBADO,100,0.3,MODERADO,R001|R005|R012,3,1,,True,False,1,1,APROBADO,1
55,8000.0,2400.0,2,1,2,Familiar,Consumo,10000.0,False,True,827203101,8272031,REVISION_MANUAL,74,0.3,MODERADO,R001|R012,2,1,,True,False,1,0,REVISION_MANUAL,0
31,2500.0,750.0,2,4,1,Familiar,Consumo,10000.0,False,True,827304103,8273041,APROBADO,82,0.3,MODERADO,R001|R012,2,1,,True,False,1,1,APROBADO,1
34,1800.0,540.0,0,4,2,Familiar,Consumo,10000.0,False,True,828205101,8282051,RECHAZADO,5,0.3,MODERADO,R002,1,0,,True,True,0,0,RECHAZADO,0
58,700.0,210.0,2,4,1,Propia,Consumo,10000.0,False,True,828401101,8284011,APROBADO,83,0.3,MODERADO,R001|R005,2,0,,True,False,1,1,APROBADO,1
68,2500.0,750.0,2,0,0,Propia,Consumo,10000.0,True,True,828605101,8286051,REVISION_MANUAL,68,0.3,MODERADO,R001|R004|R005|R012,4,1,,True,False,1,0,REVISION_MANUAL,0
27,3500.0,1050.0,2,1,0,Familiar,Consumo,10000.0,False,True,828703103,8287031,REVISION_MANUAL,74,0.3,MODERADO,R001|R012,2,1,,True,False,1,0,REVISION_MANUAL,0
38,1500.0,450.0,0,1,0,Propia,Consumo,10000.0,True,True,828817102,8288171,RECHAZADO,13,0.3,MODERADO,R002|R005,2,0,,True,True,0,0,RECHAZADO,0
62,700.0,210.0,2,2,0,Familiar,Consumo,10000.0,False,True,829215101,8292151,REVISION_MANUAL,70,0.3,MODERADO,R001,1,0,,True,False,1,0,REVISION_MANUAL,0
35,1000.0,300.0,2,2,0,Familiar,Consumo,10000.0,False,True,829401101,8294011,REVISION_MANUAL,72,0.3,MODERADO,R001,1,0,,True,False,1,0,REVISION_MANUAL,0
65,2000.0,600.0,2,2,1,Propia,Consumo,10000.0,False,True,829502101,8295021,APROBADO,84,0.3,MODERADO,R001|R005,2,0,,True,False,1,1,APROBADO,1
21,7000.0,2100.0,2,0,2,Familiar,Consumo,10000.0,True,True,830118103,8301181,RECHAZADO,53,0.3,MODERADO,R001|R004|R012,3,1,,True,False,1,0,RECHAZADO,0
30,20000.0,6000.0,0,4,1,Propia,Consumo,10000.0,False,True,831106102,8311061,RECHAZADO,33,0.3,MODERADO,R002|R005,2,0,,True,True,0,0,RECHAZADO,0
20,2500.0,750.0,0,0,1,Familiar,Consumo,10000.0,True,True,831305102,8313051,RECHAZADO,0,0.3,MODERADO,R002|R004|R009,3,0,,True,True,0,0,RECHAZADO,0
37,1500.0,450.0,2,4,0,Familiar,Consumo,10000.0,False,True,831405101,8314051,REVISION_MANUAL,73,0.3,MODERADO,R001,1,0,,True,False,1,0,REVISION_MANUAL,0
35,1500.0,450.0,2,0,0,Propia,Consumo,10000.0,True,True,831512101,8315121,REVISION_MANUAL,60,0.3,MODERADO,R001|R004|R005,3,0,,True,False,1,0,REVISION_MANUAL,0
45,600.0,180.0,2,1,1,Familiar,Consumo,10000.0,False,True,831603101,8316031,REVISION_MANUAL,60,0.3,MODERADO,R001,1,0,,True,False,1,0,REVISION_MANUAL,0
64,400.0,120.0,2,1,0,Propia,Consumo,7200.0,False,True,832002101,8320021,REVISION_MANUAL,75,0.3,MODERADO,R001|R005,2,0,,True,False,1,0,APROBADO,1
38,2500.0,750.0,2,0,3,Familiar,Consumo,10000.0,True,True,832102101,8321021,RECHAZADO,51,0.3,MODERADO,R001|R004|R012,3,1,,True,False,1,0,RECHAZADO,0
44,200.0,60.0,0,1,1,Familiar,Consumo,3600.0,False,True,832309101,8323091,RECHAZADO,0,0.3,MODERADO,R002,1,0,,True,True,0,0,RECHAZADO,0
25,24000.0,7200.0,2,4,0,Familiar,Consumo,10000.0,False,True,832704101,8327041,APROBADO,98,0.3,MODERADO,R001|R012,2,1,,True,False,1,1,APROBADO,1
52,14000.0,4200.0,2,4,2,Propia,Consumo,10000.0,True,True,833605101,8336051,APROBADO,100,0.3,MODERADO,R001|R005|R012,3,1,,True,False,1,1,APROBADO,1
61,4500.0,1350.0,2,4,1,Propia,Consumo,10000.0,False,True,833801102,8338011,APROBADO,96,0.3,MODERADO,R001|R005|R012,3,1,,True,False,1,1,APROBADO,1
54,2000.0,600.0,2,1,0,Familiar,Consumo,10000.0,False,True,834103101,8341031,REVISION_MANUAL,63,0.3,MODERADO,R001,1,0,,True,False,1,0,REVISION_MANUAL,0
20,3300.0,990.0,2,1,7,Familiar,Consumo,10000.0,False,True,834201102,8342011,RECHAZADO,43,0.3,MODERADO,R001|R009|R010|R012,4,1,,True,False,1,0,RECHAZADO,0
36,30000.0,9000.0,2,4,0,Familiar,Consumo,10000.0,False,True,834602101,8346021,APROBADO,100,0.3,MODERADO,R001|R012,2,1,,True,False,1,1,APROBADO,1
31,5000.0,1500.0,2,4,0,Familiar,Consumo,10000.0,False,True,834805201,8348052,APROBADO,85,0.3,MODERADO,R001|R012,2,1,,True,False,1,1,APROBADO,1
60,500.0,150.0,0,1,0,Familiar,Consumo,9000.0,False,True,835005101,8350051,RECHAZADO,0,0.3,MODERADO,R002,1,0,,True,True,0,0,RECHAZADO,0
26,1500.0,450.0,2,0,2,Familiar,Consumo,10000.0,True,True,835113102,8351131,RECHAZADO,42,0.3,MODERADO,R001|R004,2,0,,True,False,1,0,RECHAZADO,0
55,2000.0,600.0,0,1,2,Familiar,Consumo,10000.0,False,True,835507104,8355071,RECHAZADO,0,0.3,MODERADO,R002,1,0,,True,True,0,0,RECHAZADO,0
43,10000.0,3000.0,2,4,2,Propia,Consumo,10000.0,False,True,835802102,8358021,APROBADO,100,0.3,MODERADO,R001|R005|R012,3,1,,True,False,1,1,APROBADO,1
22,7000.0,2100.0,0,0,0,Familiar,Consumo,10000.0,True,True,836002103,8360021,RECHAZADO,0,0.3,MODERADO,R002|R004,2,0,,True,True,0,0,RECHAZADO,0
55,1000.0,300.0,2,2,1,Familiar,Consumo,10000.0,False,True,836101102,8361011,REVISION_MANUAL,71,0.3,MODERADO,R001,1,0,,True,False,1,0,REVISION_MANUAL,0
46,3200.0,960.0,2,4,1,Familiar,Consumo,10000.0,False,True,836502101,8365021,APROBADO,82,0.3,MODERADO,R001|R012,2,1,,True,False,1,1,APROBADO,1
52,2500.0,750.0,2,4,1,Familiar,Consumo,10000.0,False,True,836702101,8367021,APROBADO,82,0.3,MODERADO,R001|R012,2,1,,True,False,1,1,APROBADO,1
34,2500.0,750.0,0,2,0,Familiar,Consumo,10000.0,False,True,837001101,8370011,RECHAZADO,8,0.3,MODERADO,R002,1,0,,True,True,0,0,RECHAZADO,0
19,2300.0,690.0,2,4,6,Familiar,Consumo,10000.0,False,True,837203104,8372031,RECHAZADO,43,0.3,MODERADO,R001|R009|R010,3,0,,True,False,1,0,RECHAZADO,0
20,4500.0,1350.0,2,2,1,Familiar,Consumo,10000.0,False,True,837403103,8374031,REVISION_MANUAL,69,0.3,MODERADO,R001|R009|R012,3,1,,True,False,1,0,REVISION_MANUAL,0
60,2000.0,600.0,2,1,0,Propia,Consumo,10000.0,False,True,837503101,8375031,REVISION_MANUAL,76,0.3,MODERADO,R001|R005,2,0,,True,False,1,0,APROBADO,1
18,2500.0,750.0,2,0,3,Familiar,Consumo,10000.0,True,True,838005104,8380051,RECHAZADO,37,0.3,MODERADO,R001|R004|R009|R012,4,1,,True,False,1,0,RECHAZADO,0
30,4000.0,1200.0,2,5,2,Propia,Negocio,12000.0,False,True,838404102,8384041,APROBADO,100,0.3,MODERADO,R001|R003|R005|R006|R012,5,1,,True,False,1,1,APROBADO,1
44,6000.0,1800.0,2,4,1,Familiar,Consumo,10000.0,False,True,838513103,8385131,APROBADO,84,0.3,MODERADO,R001|R012,2,1,,True,False,1,1,APROBADO,1
71,2500.0,750.0,2,1,2,Propia,Consumo,10000.0,True,True,838803101,8388031,APROBADO,83,0.3,MODERADO,R001|R005|R012,3,1,,True,False,1,1,APROBADO,1
21,2500.0,750.0,0,0,5,Familiar,Consumo,10000.0,True,True,838910102,8389101,RECHAZADO,0,0.3,MODERADO,R002|R004|R010,3,0,,True,True,0,0,RECHAZADO,0
50,3150.0,945.0,2,4,1,Propia,Consumo,10000.0,False,True,839502101,8395021,APROBADO,97,0.3,MODERADO,R001|R005|R012,3,1,,True,False,1,1,APROBADO,1
67,14000.0,4200.0,2,0,0,Propia,Consumo,10000.0,True,True,839702101,8397021,REVISION_MANUAL,76,0.3,MODERADO,R001|R004|R005|R012,4,1,,True,False,1,0,APROBADO,1
32,2300.0,690.0,2,4,2,Familiar,Negocio,12000.0,False,True,840002102,8400021,APROBADO,82,0.3,MODERADO,R001|R006,2,0,,True,False,1,1,APROBADO,1
63,1000.0,300.0,2,2,4,Propia,Consumo,10000.0,False,True,840101102,8401011,REVISION_MANUAL,70,0.3,MODERADO,R001|R005|R010,3,0,,True,False,1,0,REVISION_MANUAL,0
19,130.0,39.0,2,4,3,Familiar,Consumo,2340.0,False,True,840302103,8403021,RECHAZADO,53,0.3,MODERADO,R001|R009,2,0,,True,False,1,0,RECHAZADO,0
38,1500.0,450.0,2,0,2,Propia,Consumo,10000.0,True,True,840416101,8404161,RECHAZADO,57,0.3,MODERADO,R001|R004|R005,3,0,,True,False,1,0,REVISION_MANUAL,0
55,35000.0,10500.0,2,4,1,Propia,Consumo,10000.0,False,True,840503103,8405031,APROBADO,100,0.3,MODERADO,R001|R005|R012,3,1,,True,False,1,1,APROBADO,1
35,29000.0,8700.0,2,4,1,Familiar,Consumo,10000.0,False,True,840606102,8406061,APROBADO,99,0.3,MODERADO,R001|R012,2,1,,True,False,1,1,APROBADO,1
35,1500.0,450.0,2,0,1,Familiar,Consumo,10000.0,True,True,840702102,8407021,RECHAZADO,43,0.3,MODERADO,R001|R004,2,0,,True,False,1,0,RECHAZADO,0
41,11000.0,3300.0,0,4,4,Familiar,Consumo,10000.0,False,True,840801104,8408011,RECHAZADO,0,0.3,MODERADO,R002|R010,2,0,,True,True,0,0,RECHAZADO,0
38,1200.0,360.0,2,4,3,Propia,Consumo,10000.0,False,True,841203101,8412031,APROBADO,83,0.3,MODERADO,R001|R005,2,0,,True,False,1,1,APROBADO,1
29,1000.0,300.0,0,2,1,Familiar,Consumo,10000.0,False,True,841802102,8418021,RECHAZADO,6,0.3,MODERADO,R002,1,0,,True,True,0,0,RECHAZADO,0
42,4000.0,1200.0,2,4,1,Propia,Consumo,10000.0,False,True,842002101,8420021,APROBADO,98,0.3,MODERADO,R001|R005|R012,3,1,,True,False,1,1,APROBADO,1
22,2000.0,600.0,2,1,1,Familiar,Consumo,10000.0,False,True,842405102,8424051,RECHAZADO,59,0.3,MODERADO,R001,1,0,,True,False,1,0,REVISION_MANUAL,0
32,8000.0,2400.0,2,4,1,Familiar,Consumo,10000.0,False,True,843001103,8430011,APROBADO,85,0.3,MODERADO,R001|R012,2,1,,True,False,1,1,APROBADO,1
52,2500.0,750.0,2,0,2,Propia,Consumo,10000.0,True,True,843213102,8432131,REVISION_MANUAL,67,0.3,MODERADO,R001|R004|R005|R012,4,1,,True,False,1,0,REVISION_MANUAL,0
54,1200.0,360.0,2,1,0,Propia,Negocio,12000.0,False,True,843303101,8433031,APROBADO,89,0.3,MODERADO,R001|R005|R006,3,0,,True,False,1,1,APROBADO,1
36,15000.0,4500.0,2,4,0,Familiar,Consumo,10000.0,False,True,843603101,8436031,APROBADO,92,0.3,MODERADO,R001|R012,2,1,,True,False,1,1,APROBADO,1
51,2000.0,600.0,2,1,1,Propia,Negocio,12000.0,False,True,844205101,8442051,APROBADO,88,0.3,MODERADO,R001|R005|R006,3,0,,True,False,1,1,APROBADO,1
35,18000.0,5400.0,2,4,0,Familiar,Consumo,10000.0,False,True,844303101,8443031,APROBADO,94,0.3,MODERADO,R001|R012,2,1,,True,False,1,1,APROBADO,1
31,2000.0,600.0,2,1,3,Familiar,Consumo,10000.0,False,True,844503102,8445031,RECHAZADO,58,0.3,MODERADO,R001,1,0,,True,False,1,0,REVISION_MANUAL,0
32,2400.0,720.0,2,1,2,Familiar,Consumo,10000.0,False,True,844701102,8447011,REVISION_MANUAL,60,0.3,MODERADO,R001,1,0,,True,False,1,0,REVISION_MANUAL,0
47,1800.0,540.0,2,4,3,Propia,Consumo,10000.0,False,True,844802101,8448021,APROBADO,83,0.3,MODERADO,R001|R005,2,0,,True,False,1,1,APROBADO,1
26,3600.0,1080.0,2,4,2,Familiar,Consumo,10000.0,False,True,845105104,8451051,APROBADO,81,0.3,MODERADO,R001|R012,2,1,,True,False,1,1,APROBADO,1
52,10000.0,3000.0,0,4,1,Propia,Consumo,10000.0,False,True,845303101,8453031,RECHAZADO,27,0.3,MODERADO,R002|R005,2,0,,True,True,0,0,RECHAZADO,0
31,4000.0,1200.0,0,2,1,Familiar,Consumo,10000.0,False,True,845601102,8456011,RECHAZADO,8,0.3,MODERADO,R002,1,0,,True,True,0,0,RECHAZADO,0
47,13000.0,3900.0,2,4,1,Propia,Consumo,10000.0,False,True,846105101,8461051,APROBADO,100,0.3,MODERADO,R001|R005|R012,3,1,,True,False,1,1,APROBADO,1
30,500.0,150.0,2,1,3,Propia,Consumo,9000.0,False,True,846603102,8466031,REVISION_MANUAL,72,0.3,MODERADO,R001|R005,2,0,,True,False,1,0,REVISION_MANUAL,0
40,50000.0,15000.0,2,4,0,Propia,Consumo,10000.0,False,True,846903101,8469031,APROBADO,100,0.3,MODERADO,R001|R005|R012|R015,4,2,,True,False,1,1,APROBADO,1
56,1500.0,450.0,2,2,1,Propia,Consumo,10000.0,False,True,847405102,8474051,APROBADO,84,0.3,MODERADO,R001|R005,2,0,,True,False,1,1,APROBADO,1
22,1900.0,570.0,0,4,0,Familiar,Consumo,10000.0,False,True,847905101,8479051,RECHAZADO,6,0.3,MODERADO,R002,1,0,,True,True,0,0,RECHAZADO,0
40,2500.0,750.0,2,4,2,Familiar,Consumo,10000.0,True,True,848201101,8482011,APROBADO,80,0.3,MODERADO,R001|R012,2,1,,True,False,1,1,APROBADO,1
48,2000.0,600.0,2,0,1,Familiar,Consumo,10000.0,True,True,848304102,8483041,RECHAZADO,43,0.3,MODERADO,R001|R004,2,0,,True,False,1,0,RECHAZADO,0
33,3000.0,900.0,0,4,3,Propia,Consumo,10000.0,False,True,848605101,8486051,RECHAZADO,19,0.3,MODERADO,R002|R005,2,0,,True,True,0,0,RECHAZADO,0
33,2000.0,600.0,2,4,0,Propia,Consumo,10000.0,True,True,848702102,8487021,APROBADO,96,0.3,MODERADO,R001|R005|R015,3,1,,True,False,1,1,APROBADO,1
44,2500.0,750.0,0,4,2,Familiar,Negocio,12000.0,False,True,848801101,8488011,RECHAZADO,17,0.3,MODERADO,R002|R006,2,0,,True,True,0,0,RECHAZADO,0
31,1750.0,525.0,2,4,2,Familiar,Consumo,10000.0,False,True,848913102,8489131,REVISION_MANUAL,70,0.3,MODERADO,R001,1,0,,True,False,1,0,REVISION_MANUAL,0
39,1500.0,450.0,2,0,1,Familiar,Negocio,12000.0,True,True,849014102,8490141,RECHAZADO,55,0.3,MODERADO,R001|R004|R006,3,0,,True,False,1,0,REVISION_MANUAL,0
70,2500.0,750.0,2,0,1,Familiar,Consumo,10000.0,True,True,849105102,8491051,RECHAZADO,52,0.3,MODERADO,R001|R004|R012,3,1,,True,False,1,0,RECHAZADO,0
57,7000.0,2100.0,2,0,0,Propia,Consumo,10000.0,True,True,849209101,8492091,REVISION_MANUAL,71,0.3,MODERADO,R001|R004|R005|R012,4,1,,True,False,1,0,REVISION_MANUAL,0
47,10000.0,3000.0,2,4,2,Propia,Consumo,10000.0,False,True,849402103,8494021,APROBADO,100,0.3,MODERADO,R001|R005|R012,3,1,,True,False,1,1,APROBADO,1
18,2000.0,600.0,0,0,3,Familiar,Consumo,10000.0,True,True,849703104,8497031,RECHAZADO,0,0.3,MODERADO,R002|R004|R009,3,0,,True,True,0,0,RECHAZADO,0
44,10000.0,3000.0,2,4,0,Propia,Consumo,10000.0,False,True,850101101,8501011,APROBADO,100,0.3,MODERADO,R001|R005|R012|R015,4,2,,True,False,1,1,APROBADO,1
40,3000.0,900.0,2,1,1,Familiar,Consumo,10000.0,False,True,851008103,8510081,REVISION_MANUAL,72,0.3,MODERADO,R001|R012,2,1,,True,False,1,0,REVISION_MANUAL,0
32,6000.0,1800.0,2,4,0,Propia,Consumo,10000.0,False,True,851303101,8513031,APROBADO,100,0.3,MODERADO,R001|R005|R012|R015,4,2,,True,False,1,1,APROBADO,1
37,6000.0,1800.0,2,4,3,Familiar,Consumo,10000.0,False,True,851805103,8518051,APROBADO,81,0.3,MODERADO,R001|R012,2,1,,True,False,1,1,APROBADO,1
40,45000.0,13500.0,2,4,1,Familiar,Consumo,10000.0,False,True,852002101,8520021,APROBADO,100,0.3,MODERADO,R001|R012,2,1,,True,False,1,1,APROBADO,1
27,3800.0,1140.0,0,2,1,Familiar,Consumo,10000.0,False,True,852104103,8521041,RECHAZADO,8,0.3,MODERADO,R002,1,0,,True,True,0,0,RECHAZADO,0
56,1500.0,450.0,2,0,1,Propia,Consumo,10000.0,True,True,852411101,8524111,RECHAZADO,56,0.3,MODERADO,R001|R004|R005,3,0,,True,False,1,0,REVISION_MANUAL,0
33,5000.0,1500.0,2,4,0,Propia,Consumo,10000.0,False,True,852804101,8528041,APROBADO,100,0.3,MODERADO,R001|R005|R012|R015,4,2,,True,False,1,1,APROBADO,1
42,5300.0,1590.0,2,4,3,Propia,Consumo,10000.0,False,True,853003101,8530031,APROBADO,96,0.3,MODERADO,R001|R005|R012,3,1,,True,False,1,1,APROBADO,1
63,7000.0,2100.0,2,0,1,Propia,Consumo,10000.0,True,True,853101101,8531011,REVISION_MANUAL,70,0.3,MODERADO,R001|R004|R005|R012,4,1,,True,False,1,0,REVISION_MANUAL,0
48,8000.0,2400.0,2,2,0,Propia,Consumo,10000.0,False,True,853304101,8533041,APROBADO,100,0.3,MODERADO,R001|R005|R012,3,1,,True,False,1,1,APROBADO,1
63,7000.0,2100.0,2,0,0,Propia,Consumo,10000.0,True,True,853602101,8536021,REVISION_MANUAL,71,0.3,MODERADO,R001|R004|R005|R012,4,1,,True,False,1,0,REVISION_MANUAL,0
33,1000.0,300.0,2,4,2,Propia,Consumo,10000.0,False,True,854107102,8541071,APROBADO,84,0.3,MODERADO,R001|R005,2,0,,True,False,1,1,APROBADO,1
22,9000.0,2700.0,2,2,4,Familiar,Consumo,10000.0,False,True,854401103,8544011,REVISION_MANUAL,70,0.3,MODERADO,R001|R010|R012,3,1,,True,False,1,0,REVISION_MANUAL,0
43,4000.0,1200.0,0,4,1,Propia,Consumo,10000.0,True,True,854505102,8545051,RECHAZADO,23,0.3,MODERADO,R002|R005,2,0,,True,True,0,0,RECHAZADO,0
46,2000.0,600.0,2,0,0,Familiar,Consumo,10000.0,True,True,854620102,8546201,RECHAZADO,45,0.3,MODERADO,R001|R004,2,0,,True,False,1,0,RECHAZADO,0
46,3000.0,900.0,0,1,0,Propia,Negocio,12000.0,False,True,854705102,8547051,RECHAZADO,26,0.3,MODERADO,R002|R005|R006,3,0,,True,True,0,0,RECHAZADO,0
53,2000.0,600.0,2,0,3,Familiar,Consumo,10000.0,True,True,854820102,8548201,RECHAZADO,40,0.3,MODERADO,R001|R004,2,0,,True,False,1,0,RECHAZADO,0
45,8000.0,2400.0,2,4,0,Familiar,Consumo,10000.0,False,True,855203101,8552031,APROBADO,87,0.3,MODERADO,R001|R012,2,1,,True,False,1,1,APROBADO,1
32,2000.0,600.0,0,2,3,Familiar,Negocio,12000.0,False,True,855603101,8556031,RECHAZADO,15,0.3,MODERADO,R002|R006,2,0,,True,True,0,0,RECHAZADO,0
59,1500.0,450.0,2,0,1,Propia,Consumo,10000.0,True,True,855702102,8557021,RECHAZADO,56,0.3,MODERADO,R001|R004|R005,3,0,,True,False,1,0,REVISION_MANUAL,0
21,2300.0,690.0,2,4,3,Familiar,Consumo,10000.0,False,True,855803103,8558031,REVISION_MANUAL,67,0.3,MODERADO,R001,1,0,,True,False,1,0,REVISION_MANUAL,0
64,2500.0,750.0,2,0,1,Propia,Consumo,10000.0,True,True,856105102,8561051,REVISION_MANUAL,67,0.3,MODERADO,R001|R004|R005|R012,4,1,,True,False,1,0,REVISION_MANUAL,0
24,2000.0,600.0,2,4,0,Familiar,Consumo,10000.0,False,True,856204101,8562041,REVISION_MANUAL,71,0.3,MODERADO,R001,1,0,,True,False,1,0,REVISION_MANUAL,0
35,1000.0,300.0,2,2,2,Familiar,Consumo,10000.0,False,True,856415102,8564151,REVISION_MANUAL,69,0.3,MODERADO,R001,1,0,,True,False,1,0,REVISION_MANUAL,0
64,1500.0,450.0,2,0,2,Familiar,Negocio,12000.0,True,True,856504105,8565041,RECHAZADO,54,0.3,MODERADO,R001|R004|R006,3,0,,True,False,1,0,RECHAZADO,0
56,400.0,120.0,2,1,0,Familiar,Negocio,7200.0,False,True,856709101,8567091,REVISION_MANUAL,74,0.3,MODERADO,R001|R006,2,0,,True,False,1,0,REVISION_MANUAL,0
61,2000.0,600.0,2,1,0,Familiar,Consumo,10000.0,False,True,857112101,8571121,REVISION_MANUAL,61,0.3,MODERADO,R001,1,0,,True,False,1,0,REVISION_MANUAL,0
32,1000.0,300.0,0,1,2,Familiar,Consumo,10000.0,False,True,857404103,8574041,RECHAZADO,0,0.3,MODERADO,R002,1,0,,True,True,0,0,RECHAZADO,0
33,30000.0,9000.0,2,4,0,Familiar,Consumo,10000.0,False,True,857602101,8576021,APROBADO,100,0.3,MODERADO,R001|R012,2,1,,True,False,1,1,APROBADO,1
68,2000.0,600.0,2,0,0,Propia,Consumo,10000.0,True,True,857703101,8577031,RECHAZADO,58,0.3,MODERADO,R001|R004|R005,3,0,,True,False,1,0,REVISION_MANUAL,0
40,13000.0,3900.0,2,4,2,Propia,Consumo,10000.0,False,True,857802101,8578021,APROBADO,100,0.3,MODERADO,R001|R005|R012,3,1,,True,False,1,1,APROBADO,1
64,1000.0,300.0,0,0,0,Propia,Consumo,10000.0,True,True,857904101,8579041,RECHAZADO,0,0.3,MODERADO,R002|R004|R005,3,0,,True,True,0,0,RECHAZADO,0
28,4000.0,1200.0,2,2,1,Propia,Consumo,10000.0,False,True,858006101,8580061,APROBADO,98,0.3,MODERADO,R001|R005|R012,3,1,,True,False,1,1,APROBADO,1
40,1000.0,300.0,2,2,3,Familiar,Consumo,10000.0,False,True,858302103,8583021,REVISION_MANUAL,68,0.3,MODERADO,R001,1,0,,True,False,1,0,REVISION_MANUAL,0
28,5000.0,1500.0,2,4,0,Familiar,Consumo,10000.0,False,True,858405101,8584051,APROBADO,85,0.3,MODERADO,R001|R012,2,1,,True,False,1,1,APROBADO,1
28,6000.0,1800.0,2,1,2,Familiar,Consumo,10000.0,False,True,858503102,8585031,REVISION_MANUAL,73,0.3,MODERADO,R001|R012,2,1,,True,False,1,0,REVISION_MANUAL,0
60,7000.0,2100.0,2,0,3,Propia,Consumo,10000.0,True,True,858704104,8587041,REVISION_MANUAL,67,0.3,MODERADO,R001|R004|R005|R012,4,1,,True,False,1,0,REVISION_MANUAL,0
49,2000.0,600.0,2,0,0,Propia,Consumo,10000.0,True,True,858914101,8589141,REVISION_MANUAL,60,0.3,MODERADO,R001|R004|R005,3,0,,True,False,1,0,REVISION_MANUAL,0
22,4500.0,1350.0,2,4,3,Familiar,Consumo,10000.0,False,True,859204104,8592041,REVISION_MANUAL,78,0.3,MODERADO,R001|R012,2,1,,True,False,1,0,APROBADO,1
33,1000.0,300.0,2,1,3,Familiar,Consumo,10000.0,False,True,859815101,8598151,RECHAZADO,58,0.3,MODERADO,R001,1,0,,True,False,1,0,REVISION_MANUAL,0
45,2000.0,600.0,2,1,1,Propia,Consumo,10000.0,False,True,860106101,8601061,REVISION_MANUAL,76,0.3,MODERADO,R001|R005,2,0,,True,False,1,0,APROBADO,1
45,4000.0,1200.0,2,1,0,Propia,Consumo,10000.0,True,True,860403102,8604031,APROBADO,89,0.3,MODERADO,R001|R005|R012,3,1,,True,False,1,1,APROBADO,1
43,2500.0,750.0,2,2,2,Familiar,Consumo,10000.0,True,True,860617101,8606171,APROBADO,80,0.3,MODERADO,R001|R012,2,1,,True,False,1,1,APROBADO,1
37,7000.0,2100.0,0,4,3,Familiar,Consumo,10000.0,False,True,860705103,8607051,RECHAZADO,7,0.3,MODERADO,R002,1,0,,True,True,0,0,RECHAZADO,0
40,10000.0,3000.0,2,4,2,Propia,Consumo,10000.0,False,True,860801102,8608011,APROBADO,100,0.3,MODERADO,R001|R005|R012,3,1,,True,False,1,1,APROBADO,1
25,18000.0,5400.0,2,4,0,Familiar,Consumo,10000.0,False,True,860903102,8609031,APROBADO,94,0.3,MODERADO,R001|R012,2,1,,True,False,1,1,APROBADO,1
55,3000.0,900.0,2,4,0,Propia,Negocio,12000.0,False,True,861201101,8612011,APROBADO,100,0.3,MODERADO,R001|R005|R006|R012|R015,5,2,,True,False,1,1,APROBADO,1
31,10000.0,3000.0,2,4,1,Familiar,Negocio,12000.0,False,True,861302103,8613021,APROBADO,99,0.3,MODERADO,R001|R006|R012,3,1,,True,False,1,1,APROBADO,1
29,4000.0,1200.0,0,4,3,Familiar,Consumo,10000.0,False,True,861905102,8619051,RECHAZADO,5,0.3,MODERADO,R002,1,0,,True,True,0,0,RECHAZADO,0
35,1600.0,480.0,2,4,1,Familiar,Consumo,10000.0,False,True,862305102,8623051,REVISION_MANUAL,71,0.3,MODERADO,R001,1,0,,True,False,1,0,REVISION_MANUAL,0
51,1500.0,450.0,2,0,5,Familiar,Negocio,12000.0,True,True,862806102,8628061,RECHAZADO,41,0.3,MODERADO,R001|R004|R006|R010,4,0,,True,False,1,0,RECHAZADO,0
29,3000.0,900.0,2,2,2,Familiar,Consumo,10000.0,False,True,862806201,8628062,APROBADO,81,0.3,MODERADO,R001|R012,2,1,,True,False,1,1,APROBADO,1
36,20000.0,6000.0,0,1,2,Familiar,Consumo,10000.0,False,True,862901101,8629011,RECHAZADO,7,0.3,MODERADO,R002,1,0,,True,True,0,0,RECHAZADO,0
25,4500.0,1350.0,2,4,3,Familiar,Consumo,10000.0,False,True,863303103,8633031,APROBADO,80,0.3,MODERADO,R001|R012,2,1,,True,False,1,1,APROBADO,1
71,7000.0,2100.0,2,0,0,Propia,Consumo,10000.0,True,True,863802101,8638021,REVISION_MANUAL,71,0.3,MODERADO,R001|R004|R005|R012,4,1,,True,False,1,0,REVISION_MANUAL,0
20,7000.0,2100.0,2,0,3,Familiar,Consumo,10000.0,True,True,864001104,8640011,RECHAZADO,40,0.3,MODERADO,R001|R004|R009|R012,4,1,,True,False,1,0,RECHAZADO,0
63,1600.0,480.0,2,4,6,Propia,Consumo,10000.0,False,True,864101101,8641011,REVISION_MANUAL,70,0.3,MODERADO,R001|R005|R010,3,0,,True,False,1,0,REVISION_MANUAL,0
54,2000.0,600.0,2,2,0,Propia,Consumo,10000.0,False,True,864405101,8644051,APROBADO,88,0.3,MODERADO,R001|R005,2,0,,True,False,1,1,APROBADO,1
28,2500.0,750.0,2,4,3,Familiar,Consumo,10000.0,False,True,864614101,8646141,REVISION_MANUAL,79,0.3,MODERADO,R001|R012,2,1,,True,False,1,0,APROBADO,1
43,7000.0,2100.0,2,0,2,Familiar,Negocio,12000.0,True,True,864813102,8648131,REVISION_MANUAL,67,0.3,MODERADO,R001|R004|R006|R012,4,1,,True,False,1,0,REVISION_MANUAL,0
67,2000.0,600.0,2,0,1,Familiar,Consumo,10000.0,True,True,865104101,8651041,RECHAZADO,41,0.3,MODERADO,R001|R004,2,0,,True,False,1,0,RECHAZADO,0
45,1000.0,300.0,2,2,3,Familiar,Consumo,10000.0,False,True,865206101,8652061,REVISION_MANUAL,68,0.3,MODERADO,R001,1,0,,True,False,1,0,REVISION_MANUAL,0
35,5500.0,1650.0,2,4,0,Propia,Consumo,10000.0,False,True,865903102,8659031,APROBADO,100,0.3,MODERADO,R001|R005|R012|R015,4,2,,True,False,1,1,APROBADO,1
49,25000.0,7500.0,0,5,0,Propia,Consumo,10000.0,False,True,866107102,8661071,REVISION_MANUAL,65,0.3,MODERADO,R002|R003|R005|R015,4,1,,True,True,0,0,REVISION_MANUAL,0
51,2200.0,660.0,2,4,2,Familiar,Consumo,10000.0,False,True,866503101,8665031,REVISION_MANUAL,70,0.3,MODERADO,R001,1,0,,True,False,1,0,REVISION_MANUAL,0
42,750.0,225.0,0,2,0,Familiar,Consumo,10000.0,False,True,866702101,8667021,RECHAZADO,7,0.3,MODERADO,R002,1,0,,True,True,0,0,RECHAZADO,0
39,5000.0,1500.0,2,4,0,Familiar,Consumo,10000.0,False,True,867203102,8672031,APROBADO,85,0.3,MODERADO,R001|R012,2,1,,True,False,1,1,APROBADO,1
27,2500.0,750.0,0,0,3,Propia,Consumo,10000.0,True,True,867802103,8678021,RECHAZADO,0,0.3,MODERADO,R002|R004|R005,3,0,,True,True,0,0,RECHAZADO,0
49,2500.0,750.0,2,4,0,Familiar,Consumo,10000.0,True,True,867905102,8679051,APROBADO,83,0.3,MODERADO,R001|R012,2,1,,True,False,1,1,APROBADO,1
44,1500.0,450.0,2,0,3,Familiar,Consumo,10000.0,True,True,868105101,8681051,RECHAZADO,40,0.3,MODERADO,R001|R004,2,0,,True,False,1,0,RECHAZADO,0
33,3000.0,900.0,2,1,2,Familiar,Negocio,12000.0,False,True,868605101,8686051,APROBADO,83,0.3,MODERADO,R001|R006|R012,3,1,,True,False,1,1,APROBADO,1
55,3500.0,1050.0,2,1,3,Propia,Consumo,10000.0,False,True,869003101,8690031,APROBADO,84,0.3,MODERADO,R001|R005|R012,3,1,,True,False,1,1,APROBADO,1
40,4500.0,1350.0,2,4,2,Propia,Negocio,12000.0,False,True,869615102,8696151,APROBADO,100,0.3,MODERADO,R001|R005|R006|R012,4,1,,True,False,1,1,APROBADO,1
26,2000.0,600.0,2,4,1,Propia,Consumo,10000.0,False,True,869801101,8698011,APROBADO,86,0.3,MODERADO,R001|R005,2,0,,True,False,1,1,APROBADO,1
58,1500.0,450.0,2,2,0,Familiar,Consumo,10000.0,False,True,870007101,8700071,REVISION_MANUAL,71,0.3,MODERADO,R001,1,0,,True,False,1,0,REVISION_MANUAL,0
25,15000.0,4500.0,0,4,2,Familiar,Consumo,10000.0,False,True,870405104,8704051,RECHAZADO,14,0.3,MODERADO,R002,1,0,,True,True,0,0,RECHAZADO,0
55,2500.0,750.0,2,4,0,Propia,Consumo,10000.0,False,True,870503102,8705031,APROBADO,100,0.3,MODERADO,R001|R005|R012|R015,4,2,,True,False,1,1,APROBADO,1
28,40000.0,12000.0,2,4,3,Familiar,Consumo,10000.0,False,True,870802103,8708021,APROBADO,97,0.3,MODERADO,R001|R012,2,1,,True,False,1,1,APROBADO,1
41,3000.0,900.0,2,4,0,Familiar,Consumo,10000.0,False,True,871104101,8711041,APROBADO,84,0.3,MODERADO,R001|R012,2,1,,True,False,1,1,APROBADO,1
30,3000.0,900.0,0,2,3,Familiar,Consumo,10000.0,False,True,871202102,8712021,RECHAZADO,4,0.3,MODERADO,R002,1,0,,True,True,0,0,RECHAZADO,0
45,12000.0,3600.0,2,1,2,Familiar,Consumo,10000.0,False,True,871301102,8713011,REVISION_MANUAL,77,0.3,MODERADO,R001|R012,2,1,,True,False,1,0,APROBADO,1
40,1600.0,480.0,2,4,1,Familiar,Negocio,12000.0,False,True,871907101,8719071,APROBADO,83,0.3,MODERADO,R001|R006,2,0,,True,False,1,1,APROBADO,1
22,2500.0,750.0,2,0,4,Familiar,Consumo,10000.0,True,True,872202107,8722021,RECHAZADO,37,0.3,MODERADO,R001|R004|R010|R012,4,1,,True,False,1,0,RECHAZADO,0
44,1000.0,300.0,2,4,1,Propia,Consumo,10000.0,False,True,872604101,8726041,APROBADO,86,0.3,MODERADO,R001|R005,2,0,,True,False,1,1,APROBADO,1
38,1000.0,300.0,2,1,2,Familiar,Consumo,10000.0,False,True,872701102,8727011,RECHAZADO,59,0.3,MODERADO,R001,1,0,,True,False,1,0,REVISION_MANUAL,0
22,1500.0,450.0,0,0,1,Familiar,Consumo,10000.0,True,True,872803101,8728031,RECHAZADO,0,0.3,MODERADO,R002|R004,2,0,,True,True,0,0,RECHAZADO,0
57,12000.0,3600.0,2,4,1,Familiar,Negocio,12000.0,False,True,873211102,8732111,APROBADO,100,0.3,MODERADO,R001|R006|R012,3,1,,True,False,1,1,APROBADO,1
58,3000.0,900.0,0,4,3,Familiar,Consumo,10000.0,False,True,873505101,8735051,RECHAZADO,2,0.3,MODERADO,R002,1,0,,True,True,0,0,RECHAZADO,0
68,7000.0,2100.0,2,0,0,Propia,Consumo,10000.0,True,True,873603101,8736031,REVISION_MANUAL,71,0.3,MODERADO,R001|R004|R005|R012,4,1,,True,False,1,0,REVISION_MANUAL,0
18,1000.0,300.0,2,1,3,Familiar,Consumo,10000.0,False,True,874502103,8745021,RECHAZADO,44,0.3,MODERADO,R001|R009,2,0,,True,False,1,0,RECHAZADO,0
68,80000.0,24000.0,2,4,1,Familiar,Consumo,10000.0,False,True,874601101,8746011,APROBADO,98,0.3,MODERADO,R001|R012,2,1,,True,False,1,1,APROBADO,1
33,7000.0,2100.0,2,4,0,Familiar,Consumo,10000.0,False,True,874802101,8748021,APROBADO,86,0.3,MODERADO,R001|R012,2,1,,True,False,1,1,APROBADO,1
30,1000.0,300.0,0,1,2,Familiar,Negocio,12000.0,False,True,875010102,8750101,RECHAZADO,6,0.3,MODERADO,R002|R006,2,0,,True,True,0,0,RECHAZADO,0
62,2300.0,690.0,2,2,0,Propia,Consumo,10000.0,False,True,875610101,8756101,APROBADO,86,0.3,MODERADO,R001|R005,2,0,,True,False,1,1,APROBADO,1
42,2450.0,735.0,2,4,3,Propia,Consumo,10000.0,False,True,875701102,8757011,APROBADO,84,0.3,MODERADO,R001|R005,2,0,,True,False,1,1,APROBADO,1
26,3800.0,1140.0,2,4,0,Familiar,Consumo,10000.0,False,True,876501104,8765011,APROBADO,84,0.3,MODERADO,R001|R012,2,1,,True,False,1,1,APROBADO,1
33,6000.0,1800.0,2,4,3,Familiar,Consumo,10000.0,False,True,876901101,8769011,APROBADO,81,0.3,MODERADO,R001|R012,2,1,,True,False,1,1,APROBADO,1
32,15000.0,4500.0,2,4,1,Familiar,Consumo,10000.0,False,True,877102104,8771021,APROBADO,90,0.3,MODERADO,R001|R012,2,1,,True,False,1,1,APROBADO,1
56,1500.0,450.0,2,0,1,Familiar,Consumo,10000.0,True,True,877311102,8773111,RECHAZADO,41,0.3,MODERADO,R001|R004,2,0,,True,False,1,0,RECHAZADO,0
50,7000.0,2100.0,2,4,1,Familiar,Consumo,10000.0,True,True,877402102,8774021,APROBADO,85,0.3,MODERADO,R001|R012,2,1,,True,False,1,1,APROBADO,1
59,7000.0,2100.0,0,0,1,Propia,Consumo,10000.0,True,True,877505102,8775051,RECHAZADO,0,0.3,MODERADO,R002|R004|R005,3,0,,True,True,0,0,RECHAZADO,0
52,1000.0,300.0,2,1,0,Familiar,Consumo,10000.0,False,True,878105102,8781051,REVISION_MANUAL,62,0.3,MODERADO,R001,1,0,,True,False,1,0,REVISION_MANUAL,0
45,2000.0,600.0,0,0,2,Familiar,Consumo,10000.0,True,True,878206101,8782061,RECHAZADO,0,0.3,MODERADO,R002|R004,2,0,,True,True,0,0,RECHAZADO,0
66,4000.0,1200.0,2,0,1,Familiar,Consumo,10000.0,True,True,878302102,8783021,RECHAZADO,53,0.3,MODERADO,R001|R004|R012,3,1,,True,False,1,0,RECHAZADO,0
72,2500.0,750.0,2,0,2,Familiar,Consumo,10000.0,True,True,878602102,8786021,RECHAZADO,50,0.3,MODERADO,R001|R004|R012,3,1,,True,False,1,0,RECHAZADO,0
45,4000.0,1200.0,2,0,1,Propia,Consumo,10000.0,True,True,879005101,8790051,REVISION_MANUAL,70,0.3,MODERADO,R001|R004|R005|R012,4,1,,True,False,1,0,REVISION_MANUAL,0
30,2000.0,600.0,0,2,4,Familiar,Consumo,10000.0,False,True,879404104,8794041,RECHAZADO,0,0.3,MODERADO,R002|R010,2,0,,True,True,0,0,RECHAZADO,0
35,14000.0,4200.0,2,4,1,Propia,Consumo,10000.0,False,True,879504101,8795041,APROBADO,100,0.3,MODERADO,R001|R005|R012,3,1,,True,False,1,1,APROBADO,1
33,10000.0,3000.0,2,4,2,Propia,Consumo,10000.0,False,True,879903101,8799031,APROBADO,100,0.3,MODERADO,R001|R005|R012,3,1,,True,False,1,1,APROBADO,1
27,4000.0,1200.0,0,2,0,Propia,Consumo,10000.0,False,True,880120101,8801201,RECHAZADO,24,0.3,MODERADO,R002|R005,2,0,,True,True,0,0,RECHAZADO,0
28,2800.0,840.0,0,2,2,Familiar,Consumo,10000.0,False,True,880205102,8802051,RECHAZADO,5,0.3,MODERADO,R002,1,0,,True,True,0,0,RECHAZADO,0
58,2500.0,750.0,2,4,1,Familiar,Consumo,10000.0,False,True,880302101,8803021,APROBADO,80,0.3,MODERADO,R001|R012,2,1,,True,False,1,1,APROBADO,1
49,1500.0,450.0,2,1,0,Familiar,Consumo,10000.0,False,True,880616101,8806161,REVISION_MANUAL,63,0.3,MODERADO,R001,1,0,,True,False,1,0,REVISION_MANUAL,0
58,5000.0,1500.0,2,4,0,Familiar,Consumo,10000.0,False,True,880802101,8808021,APROBADO,83,0.3,MODERADO,R001|R012,2,1,,True,False,1,1,APROBADO,1
44,19000.0,5700.0,2,4,2,Propia,Consumo,10000.0,False,True,880904101,8809041,APROBADO,100,0.3,MODERADO,R001|R005|R012,3,1,,True,False,1,1,APROBADO,1
24,2200.0,660.0,2,2,1,Familiar,Consumo,10000.0,False,True,881205102,8812051,REVISION_MANUAL,69,0.3,MODERADO,R001,1,0,,True,False,1,0,REVISION_MANUAL,0
63,1500.0,450.0,2,1,1,Propia,Consumo,10000.0,False,True,881305102,8813051,REVISION_MANUAL,74,0.3,MODERADO,R001|R005,2,0,,True,False,1,0,REVISION_MANUAL,0
38,2800.0,840.0,0,1,4,Propia,Consumo,10000.0,False,True,881505101,8815051,RECHAZADO,0,0.3,MODERADO,R002|R005|R010,3,0,,True,True,0,0,RECHAZADO,0
40,15000.0,4500.0,2,4,1,Propia,Consumo,10000.0,False,True,881605101,8816051,APROBADO,100,0.3,MODERADO,R001|R005|R012,3,1,,True,False,1,1,APROBADO,1
28,1700.0,510.0,2,4,2,Familiar,Consumo,10000.0,False,True,882604102,8826041,REVISION_MANUAL,70,0.3,MODERADO,R001,1,0,,True,False,1,0,REVISION_MANUAL,0
38,500.0,150.0,2,1,5,Familiar,Consumo,9000.0,False,True,882714102,8827141,RECHAZADO,47,0.3,MODERADO,R001|R010,2,0,,True,False,1,0,RECHAZADO,0
42,3500.0,1050.0,2,4,2,Propia,Consumo,10000.0,False,True,882901102,8829011,APROBADO,96,0.3,MODERADO,R001|R005|R012,3,1,,True,False,1,1,APROBADO,1
36,2500.0,750.0,2,0,3,Familiar,Consumo,10000.0,True,True,883019102,8830191,RECHAZADO,51,0.3,MODERADO,R001|R004|R012,3,1,,True,False,1,0,RECHAZADO,0
38,20000.0,6000.0,2,4,2,Familiar,Consumo,10000.0,False,True,883404102,8834041,APROBADO,92,0.3,MODERADO,R001|R012,2,1,,True,False,1,1,APROBADO,1
57,5000.0,1500.0,0,2,0,Propia,Consumo,10000.0,False,True,883801101,8838011,RECHAZADO,23,0.3,MODERADO,R002|R005,2,0,,True,True,0,0,RECHAZADO,0
39,200.0,60.0,2,2,1,Familiar,Negocio,3600.0,False,True,883918102,8839181,APROBADO,82,0.3,MODERADO,R001|R006,2,0,,True,False,1,1,APROBADO,1
50,8000.0,2400.0,0,4,1,Familiar,Consumo,10000.0,False,True,884304102,8843041,RECHAZADO,10,0.3,MODERADO,R002,1,0,,True,True,0,0,RECHAZADO,0
31,4286.0,1285.8,0,4,4,Propia,Negocio,12000.0,False,True,884401102,8844011,RECHAZADO,20,0.3,MODERADO,R002|R005|R006|R010,4,0,,True,True,0,0,RECHAZADO,0
45,10000.0,3000.0,2,2,0,Familiar,Consumo,10000.0,False,True,884506102,8845061,APROBADO,88,0.3,MODERADO,R001|R012,2,1,,True,False,1,1,APROBADO,1
48,7000.0,2100.0,2,0,0,Propia,Consumo,10000.0,True,True,884606101,8846061,REVISION_MANUAL,73,0.3,MODERADO,R001|R004|R005|R012,4,1,,True,False,1,0,REVISION_MANUAL,0
43,16000.0,4800.0,2,4,0,Propia,Consumo,10000.0,False,True,884902101,8849021,APROBADO,100,0.3,MODERADO,R001|R005|R012|R015,4,2,,True,False,1,1,APROBADO,1
47,1000.0,300.0,2,1,2,Propia,Negocio,12000.0,False,True,885018101,8850181,APROBADO,86,0.3,MODERADO,R001|R005|R006,3,0,,True,False,1,1,APROBADO,1
32,500.0,150.0,0,1,2,Propia,Consumo,9000.0,False,True,885103101,8851031,RECHAZADO,9,0.3,MODERADO,R002|R005,2,0,,True,True,0,0,RECHAZADO,0
40,25000.0,7500.0,2,2,1,Propia,Consumo,10000.0,False,True,885304101,8853041,APROBADO,100,0.3,MODERADO,R001|R005|R012,3,1,,True,False,1,1,APROBADO,1
18,1800.0,540.0,2,1,1,Familiar,Consumo,10000.0,False,True,885401103,8854011,RECHAZADO,47,0.3,MODERADO,R001|R009,2,0,,True,False,1,0,RECHAZADO,0
47,1750.0,525.0,0,4,0,Propia,Negocio,12000.0,False,True,885701101,8857011,RECHAZADO,43,0.3,MODERADO,R002|R005|R006|R015,4,1,,True,True,0,0,RECHAZADO,0
65,14000.0,4200.0,0,0,1,Propia,Consumo,10000.0,True,True,886202101,8862021,RECHAZADO,0,0.3,MODERADO,R002|R004|R005,3,0,,True,True,0,0,RECHAZADO,0
52,10000.0,3000.0,0,4,1,Familiar,Consumo,10000.0,False,True,886302102,8863021,RECHAZADO,12,0.3,MODERADO,R002,1,0,,True,True,0,0,RECHAZADO,0
59,7000.0,2100.0,2,0,0,Propia,Consumo,10000.0,True,True,886502102,8865021,REVISION_MANUAL,71,0.3,MODERADO,R001|R004|R005|R012,4,1,,True,False,1,0,REVISION_MANUAL,0
77,7000.0,2100.0,2,0,0,Familiar,Consumo,10000.0,True,True,886705101,8867051,RECHAZADO,56,0.3,MODERADO,R001|R004|R012,3,1,,True,False,1,0,REVISION_MANUAL,0
36,18000.0,5400.0,2,5,1,Propia,Consumo,10000.0,False,True,887003101,8870031,APROBADO,100,0.3,MODERADO,R001|R003|R005|R012,4,1,,True,False,1,1,APROBADO,1
44,15000.0,4500.0,2,4,2,Propia,Consumo,10000.0,False,True,887602101,8876021,APROBADO,100,0.3,MODERADO,R001|R005|R012,3,1,,True,False,1,1,APROBADO,1
52,5000.0,1500.0,2,4,2,Propia,Consumo,10000.0,False,True,887702101,8877021,APROBADO,97,0.3,MODERADO,R001|R005|R012,3,1,,True,False,1,1,APROBADO,1
43,2000.0,600.0,2,4,0,Familiar,Consumo,10000.0,False,True,887903103,8879031,REVISION_MANUAL,73,0.3,MODERADO,R001,1,0,,True,False,1,0,REVISION_MANUAL,0
43,10000.0,3000.0,2,4,2,Familiar,Consumo,10000.0,False,True,888105102,8881051,APROBADO,85,0.3,MODERADO,R001|R012,2,1,,True,False,1,1,APROBADO,1
47,10000.0,3000.0,2,4,0,Propia,Consumo,10000.0,False,True,888404101,8884041,APROBADO,100,0.3,MODERADO,R001|R005|R012|R015,4,2,,True,False,1,1,APROBADO,1
55,1400.0,420.0,2,1,1,Familiar,Consumo,10000.0,False,True,888505101,8885051,REVISION_MANUAL,61,0.3,MODERADO,R001,1,0,,True,False,1,0,REVISION_MANUAL,0
30,2500.0,750.0,0,0,3,Familiar,Consumo,10000.0,True,True,889217101,8892171,RECHAZADO,0,0.3,MODERADO,R002|R004,2,0,,True,True,0,0,RECHAZADO,0
59,300.0,90.0,2,1,0,Familiar,Consumo,5400.0,False,True,889513102,8895131,REVISION_MANUAL,60,0.3,MODERADO,R001,1,0,,True,False,1,0,REVISION_MANUAL,0
78,2500.0,750.0,2,0,0,Propia,Consumo,10000.0,True,True,889901101,8899011,REVISION_MANUAL,68,0.3,MODERADO,R001|R004|R005|R012,4,1,,True,False,1,0,REVISION_MANUAL,0
44,200.0,60.0,2,1,1,Familiar,Consumo,3600.0,False,True,890502102,8905021,REVISION_MANUAL,60,0.3,MODERADO,R001,1,0,,True,False,1,0,REVISION_MANUAL,0
26,800.0,240.0,0,2,2,Familiar,Negocio,12000.0,False,True,891211101,8912111,RECHAZADO,16,0.3,MODERADO,R002|R006,2,0,,True,True,0,0,RECHAZADO,0
45,10000.0,3000.0,0,4,1,Propia,Consumo,10000.0,False,True,891303101,8913031,RECHAZADO,27,0.3,MODERADO,R002|R005,2,0,,True,True,0,0,RECHAZADO,0
18,7000.0,2100.0,2,0,2,Familiar,Consumo,10000.0,True,True,891518103,8915181,RECHAZADO,41,0.3,MODERADO,R001|R004|R009|R012,4,1,,True,False,1,0,RECHAZADO,0
27,1500.0,450.0,2,2,3,Familiar,Consumo,10000.0,False,True,891601103,8916011,REVISION_MANUAL,68,0.3,MODERADO,R001,1,0,,True,False,1,0,REVISION_MANUAL,0
25,1700.0,510.0,2,4,0,Propia,Consumo,10000.0,False,True,892103101,8921031,APROBADO,96,0.3,MODERADO,R001|R005|R015,3,1,,True,False,1,1,APROBADO,1
34,500.0,150.0,0,1,2,Familiar,Consumo,9000.0,False,True,893601102,8936011,RECHAZADO,0,0.3,MODERADO,R002,1,0,,True,True,0,0,RECHAZADO,0
52,4600.0,1380.0,2,2,0,Propia,Consumo,10000.0,False,True,894202101,8942021,APROBADO,100,0.3,MODERADO,R001|R005|R012,3,1,,True,False,1,1,APROBADO,1
35,1900.0,570.0,0,4,3,Propia,Consumo,10000.0,False,True,894406101,8944061,RECHAZADO,18,0.3,MODERADO,R002|R005,2,0,,True,True,0,0,RECHAZADO,0
39,4500.0,1350.0,2,4,3,Familiar,Consumo,10000.0,False,True,894501101,8945011,APROBADO,80,0.3,MODERADO,R001|R012,2,1,,True,False,1,1,APROBADO,1
38,12000.0,3600.0,2,4,0,Familiar,Consumo,10000.0,False,True,894605102,8946051,APROBADO,90,0.3,MODERADO,R001|R012,2,1,,True,False,1,1,APROBADO,1
29,2000.0,600.0,0,0,4,Familiar,Consumo,10000.0,True,True,894802103,8948021,RECHAZADO,0,0.3,MODERADO,R002|R004|R010,3,0,,True,True,0,0,RECHAZADO,0
56,2400.0,720.0,2,4,0,Propia,Consumo,10000.0,False,True,894903101,8949031,APROBADO,94,0.3,MODERADO,R001|R005|R015,3,1,,True,False,1,1,APROBADO,1
53,2000.0,600.0,0,0,0,Familiar,Consumo,10000.0,True,True,895205101,8952051,RECHAZADO,0,0.3,MODERADO,R002|R004,2,0,,True,True,0,0,RECHAZADO,0
32,1000.0,300.0,2,1,2,Propia,Consumo,10000.0,False,True,895513101,8955131,REVISION_MANUAL,74,0.3,MODERADO,R001|R005,2,0,,True,False,1,0,REVISION_MANUAL,0
28,4000.0,1200.0,0,4,0,Familiar,Consumo,10000.0,False,True,895603102,8956031,RECHAZADO,9,0.3,MODERADO,R002,1,0,,True,True,0,0,RECHAZADO,0
77,7000.0,2100.0,2,0,0,Familiar,Consumo,10000.0,True,True,895705102,8957051,RECHAZADO,56,0.3,MODERADO,R001|R004|R012,3,1,,True,False,1,0,REVISION_MANUAL,0
43,2500.0,750.0,0,0,3,Familiar,Consumo,10000.0,True,True,896108102,8961081,RECHAZADO,0,0.3,MODERADO,R002|R004,2,0,,True,True,0,0,RECHAZADO,0
30,7000.0,2100.0,0,4,3,Propia,Consumo,10000.0,True,True,896302101,8963021,RECHAZADO,22,0.3,MODERADO,R002|R005,2,0,,True,True,0,0,RECHAZADO,0
50,20000.0,6000.0,0,1,2,Propia,Consumo,10000.0,False,True,896901101,8969011,RECHAZADO,22,0.3,MODERADO,R002|R005,2,0,,True,True,0,0,RECHAZADO,0
24,3500.0,1050.0,2,4,0,Propia,Consumo,10000.0,False,True,897001101,8970011,APROBADO,100,0.3,MODERADO,R001|R005|R012|R015,4,2,,True,False,1,1,APROBADO,1
28,7000.0,2100.0,2,0,0,Familiar,Consumo,10000.0,True,True,897105102,8971051,RECHAZADO,58,0.3,MODERADO,R001|R004|R012,3,1,,True,False,1,0,REVISION_MANUAL,0
30,5000.0,1500.0,2,2,0,Familiar,Consumo,10000.0,False,True,897403102,8974031,APROBADO,85,0.3,MODERADO,R001|R012,2,1,,True,False,1,1,APROBADO,1
38,7000.0,2100.0,2,4,2,Propia,Consumo,10000.0,False,True,897602101,8976021,APROBADO,98,0.3,MODERADO,R001|R005|R012,3,1,,True,False,1,1,APROBADO,1
19,3500.0,1050.0,2,4,1,Familiar,Consumo,10000.0,False,True,897701104,8977011,REVISION_MANUAL,68,0.3,MODERADO,R001|R009|R012,3,1,,True,False,1,0,REVISION_MANUAL,0
50,15000.0,4500.0,0,4,0,Propia,Consumo,10000.0,False,True,897903101,8979031,RECHAZADO,40,0.3,MODERADO,R002|R005|R015,3,1,,True,True,0,0,RECHAZADO,0
64,850.0,255.0,2,4,4,Familiar,Consumo,10000.0,False,True,898004101,8980041,RECHAZADO,55,0.3,MODERADO,R001|R010,2,0,,True,False,1,0,REVISION_MANUAL,0
34,2500.0,750.0,2,0,1,Familiar,Consumo,10000.0,True,True,898103102,8981031,RECHAZADO,54,0.3,MODERADO,R001|R004|R012,3,1,,True,False,1,0,RECHAZADO,0
42,30000.0,9000.0,0,4,2,Propia,Consumo,10000.0,False,True,898303101,8983031,RECHAZADO,39,0.3,MODERADO,R002|R005,2,0,,True,True,0,0,RECHAZADO,0
25,7000.0,2100.0,2,0,2,Familiar,Consumo,10000.0,True,True,898601102,8986011,RECHAZADO,55,0.3,MODERADO,R001|R004|R012,3,1,,True,False,1,0,REVISION_MANUAL,0
62,2000.0,600.0,2,0,3,Propia,Consumo,10000.0,True,True,898703101,8987031,RECHAZADO,53,0.3,MODERADO,R001|R004|R005,3,0,,True,False,1,0,RECHAZADO,0
32,36000.0,10800.0,2,4,0,Familiar,Consumo,10000.0,False,True,898803102,8988031,APROBADO,100,0.3,MODERADO,R001|R012,2,1,,True,False,1,1,APROBADO,1
47,2000.0,600.0,2,4,3,Familiar,Consumo,10000.0,False,True,899309101,8993091,REVISION_MANUAL,68,0.3,MODERADO,R001,1,0,,True,False,1,0,REVISION_MANUAL,0
37,800.0,240.0,2,1,1,Familiar,Negocio,12000.0,False,True,899403102,8994031,REVISION_MANUAL,73,0.3,MODERADO,R001|R006,2,0,,True,False,1,0,REVISION_MANUAL,0
59,2000.0,600.0,0,2,0,Propia,Consumo,10000.0,False,True,899604101,8996041,RECHAZADO,21,0.3,MODERADO,R002|R005,2,0,,True,True,0,0,RECHAZADO,0
64,2500.0,750.0,0,1,1,Propia,Consumo,10000.0,False,True,899906102,8999061,RECHAZADO,10,0.3,MODERADO,R002|R005,2,0,,True,True,0,0,RECHAZADO,0
29,2000.0,600.0,2,1,3,Familiar,Consumo,10000.0,False,True,900305103,9003051,RECHAZADO,58,0.3,MODERADO,R001,1,0,,True,False,1,0,REVISION_MANUAL,0
66,1500.0,450.0,2,0,0,Familiar,Consumo,10000.0,True,True,900604102,9006041,RECHAZADO,43,0.3,MODERADO,R001|R004,2,0,,True,False,1,0,RECHAZADO,0
26,5000.0,1500.0,0,1,1,Familiar,Consumo,10000.0,False,True,900704101,9007041,RECHAZADO,0,0.3,MODERADO,R002,1,0,,True,True,0,0,RECHAZADO,0
44,31000.0,9300.0,2,4,3,Familiar,Consumo,10000.0,False,True,900804101,9008041,APROBADO,97,0.3,MODERADO,R001|R012,2,1,,True,False,1,1,APROBADO,1
51,10000.0,3000.0,2,4,0,Propia,Consumo,10000.0,False,True,901305101,9013051,APROBADO,100,0.3,MODERADO,R001|R005|R012|R015,4,2,,True,False,1,1,APROBADO,1
28,3000.0,900.0,2,4,1,Familiar,Consumo,10000.0,False,True,901408101,9014081,APROBADO,82,0.3,MODERADO,R001|R012,2,1,,True,False,1,1,APROBADO,1
37,1500.0,450.0,2,1,1,Familiar,Consumo,10000.0,False,True,901901101,9019011,REVISION_MANUAL,61,0.3,MODERADO,R001,1,0,,True,False,1,0,REVISION_MANUAL,0
21,4000.0,1200.0,2,1,1,Familiar,Consumo,10000.0,False,True,902003103,9020031,REVISION_MANUAL,71,0.3,MODERADO,R001|R012,2,1,,True,False,1,0,REVISION_MANUAL,0
59,600.0,180.0,2,1,2,Familiar,Consumo,10000.0,False,True,902302101,9023021,RECHAZADO,57,0.3,MODERADO,R001,1,0,,True,False,1,0,REVISION_MANUAL,0
29,17000.0,5100.0,0,4,0,Familiar,Consumo,10000.0,False,True,902403101,9024031,RECHAZADO,18,0.3,MODERADO,R002,1,0,,True,True,0,0,RECHAZADO,0
33,8000.0,2400.0,2,1,2,Familiar,Consumo,10000.0,False,True,902501101,9025011,REVISION_MANUAL,74,0.3,MODERADO,R001|R012,2,1,,True,False,1,0,REVISION_MANUAL,0
42,4000.0,1200.0,2,1,0,Familiar,Consumo,10000.0,False,True,902704101,9027041,REVISION_MANUAL,74,0.3,MODERADO,R001|R012,2,1,,True,False,1,0,REVISION_MANUAL,0
80,1000.0,300.0,2,3,2,Propia,Consumo,10000.0,False,True,902905101,9029051,APROBADO,82,0.3,MODERADO,R001|R005,2,0,,True,False,1,1,APROBADO,1
49,6800.0,2040.0,2,4,1,Propia,Consumo,10000.0,False,True,903202102,9032021,APROBADO,100,0.3,MODERADO,R001|R005|R012,3,1,,True,False,1,1,APROBADO,1
26,4000.0,1200.0,2,2,0,Familiar,Consumo,10000.0,False,True,903502101,9035021,APROBADO,84,0.3,MODERADO,R001|R012,2,1,,True,False,1,1,APROBADO,1
47,5400.0,1620.0,2,2,0,Propia,Consumo,10000.0,False,True,903502201,9035022,APROBADO,100,0.3,MODERADO,R001|R005|R012,3,1,,True,False,1,1,APROBADO,1
49,2500.0,750.0,2,1,1,Familiar,Consumo,10000.0,False,True,903805102,9038051,REVISION_MANUAL,72,0.3,MODERADO,R001|R012,2,1,,True,False,1,0,REVISION_MANUAL,0
33,20000.0,6000.0,2,4,0,Propia,Consumo,10000.0,False,True,904204102,9042041,APROBADO,100,0.3,MODERADO,R001|R005|R012|R015,4,2,,True,False,1,1,APROBADO,1
30,2500.0,750.0,2,0,2,Propia,Negocio,12000.0,True,True,904318102,9043181,REVISION_MANUAL,69,0.3,MODERADO,R001|R004|R005|R006,4,0,,True,False,1,0,REVISION_MANUAL,0
39,3500.0,1050.0,0,4,2,Propia,Consumo,10000.0,False,True,904802101,9048021,RECHAZADO,21,0.3,MODERADO,R002|R005,2,0,,True,True,0,0,RECHAZADO,0
33,1500.0,450.0,0,2,1,Familiar,Consumo,10000.0,False,True,904902102,9049021,RECHAZADO,6,0.3,MODERADO,R002,1,0,,True,True,0,0,RECHAZADO,0
63,2500.0,750.0,2,1,0,Propia,Consumo,10000.0,False,True,905004101,9050041,APROBADO,86,0.3,MODERADO,R001|R005|R012,3,1,,True,False,1,1,APROBADO,1
53,2000.0,600.0,2,0,2,Propia,Consumo,10000.0,True,True,905110102,9051101,RECHAZADO,57,0.3,MODERADO,R001|R004|R005,3,0,,True,False,1,0,REVISION_MANUAL,0
29,20000.0,6000.0,2,4,0,Familiar,Consumo,10000.0,False,True,905304101,9053041,APROBADO,95,0.3,MODERADO,R001|R012,2,1,,True,False,1,1,APROBADO,1
32,2000.0,600.0,2,0,1,Familiar,Consumo,10000.0,True,True,906108102,9061081,RECHAZADO,43,0.3,MODERADO,R001|R004,2,0,,True,False,1,0,RECHAZADO,0
29,2000.0,600.0,2,0,1,Propia,Consumo,10000.0,True,True,906209101,9062091,RECHAZADO,58,0.3,MODERADO,R001|R004|R005,3,0,,True,False,1,0,REVISION_MANUAL,0
33,3250.0,975.0,0,4,2,Propia,Consumo,10000.0,False,True,906602101,9066021,RECHAZADO,21,0.3,MODERADO,R002|R005,2,0,,True,True,0,0,RECHAZADO,0
31,5000.0,1500.0,0,4,1,Familiar,Consumo,10000.0,False,True,907101102,9071011,RECHAZADO,8,0.3,MODERADO,R002,1,0,,True,True,0,0,RECHAZADO,0
58,2500.0,750.0,0,0,1,Propia,Consumo,10000.0,True,True,907405102,9074051,RECHAZADO,0,0.3,MODERADO,R002|R004|R005,3,0,,True,True,0,0,RECHAZADO,0
41,3500.0,1050.0,0,1,1,Propia,Consumo,10000.0,False,True,907518101,9075181,RECHAZADO,12,0.3,MODERADO,R002|R005,2,0,,True,True,0,0,RECHAZADO,0
22,7000.0,2100.0,2,0,0,Familiar,Consumo,10000.0,True,True,907604101,9076041,RECHAZADO,56,0.3,MODERADO,R001|R004|R012,3,1,,True,False,1,0,REVISION_MANUAL,0
22,600.0,180.0,0,2,0,Familiar,Consumo,10000.0,False,True,907604201,9076042,RECHAZADO,5,0.3,MODERADO,R002,1,0,,True,True,0,0,RECHAZADO,0
23,600.0,180.0,0,2,0,Familiar,Consumo,10000.0,False,True,907604301,9076043,RECHAZADO,5,0.3,MODERADO,R002,1,0,,True,True,0,0,RECHAZADO,0
39,1400.0,420.0,2,4,2,Propia,Consumo,10000.0,False,True,907703101,9077031,APROBADO,84,0.3,MODERADO,R001|R005,2,0,,True,False,1,1,APROBADO,1
22,13000.0,3900.0,0,4,1,Familiar,Consumo,10000.0,False,True,908103102,9081031,RECHAZADO,12,0.3,MODERADO,R002,1,0,,True,True,0,0,RECHAZADO,0
46,1800.0,540.0,0,4,1,Familiar,Consumo,10000.0,False,True,908303102,9083031,RECHAZADO,6,0.3,MODERADO,R002,1,0,,True,True,0,0,RECHAZADO,0
19,1800.0,540.0,2,4,3,Familiar,Consumo,10000.0,False,True,908714103,9087141,RECHAZADO,54,0.3,MODERADO,R001|R009,2,0,,True,False,1,0,RECHAZADO,0
24,1800.0,540.0,2,2,2,Propia,Consumo,10000.0,False,True,908801102,9088011,APROBADO,83,0.3,MODERADO,R001|R005,2,0,,True,False,1,1,APROBADO,1
34,30000.0,9000.0,0,4,2,Propia,Consumo,10000.0,False,True,908907103,9089071,RECHAZADO,39,0.3,MODERADO,R002|R005,2,0,,True,True,0,0,RECHAZADO,0
31,22000.0,6600.0,2,4,0,Propia,Consumo,10000.0,False,True,909004102,9090041,APROBADO,100,0.3,MODERADO,R001|R005|R012|R015,4,2,,True,False,1,1,APROBADO,1
61,7000.0,2100.0,2,0,0,Propia,Consumo,10000.0,True,True,909203101,9092031,REVISION_MANUAL,71,0.3,MODERADO,R001|R004|R005|R012,4,1,,True,False,1,0,REVISION_MANUAL,0
36,200.0,60.0,2,1,0,Propia,Consumo,3600.0,False,True,909309102,9093091,REVISION_MANUAL,77,0.3,MODERADO,R001|R005,2,0,,True,False,1,0,APROBADO,1
36,1500.0,450.0,2,0,4,Propia,Consumo,10000.0,True,True,909410101,9094101,RECHAZADO,44,0.3,MODERADO,R001|R004|R005|R010,4,0,,True,False,1,0,RECHAZADO,0
44,2500.0,750.0,2,4,1,Familiar,Consumo,10000.0,False,True,909705102,9097051,APROBADO,82,0.3,MODERADO,R001|R012,2,1,,True,False,1,1,APROBADO,1
47,7000.0,2100.0,2,4,2,Propia,Consumo,10000.0,True,True,909805102,9098051,APROBADO,98,0.3,MODERADO,R001|R005|R012,3,1,,True,False,1,1,APROBADO,1
68,7000.0,2100.0,2,0,0,Propia,Consumo,10000.0,True,True,909901101,9099011,REVISION_MANUAL,71,0.3,MODERADO,R001|R004|R005|R012,4,1,,True,False,1,0,REVISION_MANUAL,0
65,2500.0,750.0,2,3,0,Propia,Consumo,10000.0,True,True,910001101,9100011,APROBADO,100,0.3,MODERADO,R001|R005|R012|R015,4,2,,True,False,1,1,APROBADO,1
54,1200.0,360.0,0,2,0,Propia,Consumo,10000.0,False,True,910117102,9101171,RECHAZADO,22,0.3,MODERADO,R002|R005,2,0,,True,True,0,0,RECHAZADO,0
41,12000.0,3600.0,2,4,2,Familiar,Consumo,10000.0,False,True,910504102,9105041,APROBADO,87,0.3,MODERADO,R001|R012,2,1,,True,False,1,1,APROBADO,1
42,7000.0,2100.0,2,0,1,Familiar,Negocio,12000.0,True,True,910612102,9106121,REVISION_MANUAL,69,0.3,MODERADO,R001|R004|R006|R012,4,1,,True,False,1,0,REVISION_MANUAL,0
29,7000.0,2100.0,2,4,2,Propia,Consumo,10000.0,True,True,910704101,9107041,APROBADO,98,0.3,MODERADO,R001|R005|R012,3,1,,True,False,1,1,APROBADO,1
34,2500.0,750.0,2,1,3,Propia,Negocio,12000.0,False,True,910809101,9108091,APROBADO,86,0.3,MODERADO,R001|R005|R006,3,0,,True,False,1,1,APROBADO,1
30,2500.0,750.0,2,0,1,Familiar,Consumo,10000.0,True,True,910910102,9109101,RECHAZADO,54,0.3,MODERADO,R001|R004|R012,3,1,,True,False,1,0,RECHAZADO,0
38,10000.0,3000.0,0,4,2,Propia,Consumo,10000.0,False,True,911004102,9110041,RECHAZADO,25,0.3,MODERADO,R002|R005,2,0,,True,True,0,0,RECHAZADO,0
34,2500.0,750.0,2,2,3,Familiar,Consumo,10000.0,False,True,911216105,9112161,REVISION_MANUAL,79,0.3,MODERADO,R001|R012,2,1,,True,False,1,0,APROBADO,1
29,3500.0,1050.0,2,4,0,Propia,Consumo,10000.0,False,True,911403101,9114031,APROBADO,100,0.3,MODERADO,R001|R005|R012|R015,4,2,,True,False,1,1,APROBADO,1
30,1800.0,540.0,2,1,2,Propia,Consumo,10000.0,False,True,911508102,9115081,REVISION_MANUAL,75,0.3,MODERADO,R001|R005,2,0,,True,False,1,0,APROBADO,1
66,1500.0,450.0,2,0,0,Propia,Consumo,10000.0,True,True,911601101,9116011,RECHAZADO,58,0.3,MODERADO,R001|R004|R005,3,0,,True,False,1,0,REVISION_MANUAL,0
35,6000.0,1800.0,2,4,3,Propia,Consumo,10000.0,False,True,911705101,9117051,APROBADO,96,0.3,MODERADO,R001|R005|R012,3,1,,True,False,1,1,APROBADO,1
38,14000.0,4200.0,2,4,0,Familiar,Consumo,10000.0,True,True,911805101,9118051,APROBADO,91,0.3,MODERADO,R001|R012,2,1,,True,False,1,1,APROBADO,1
36,800.0,240.0,0,2,2,Familiar,Consumo,10000.0,False,True,912105101,9121051,RECHAZADO,4,0.3,MODERADO,R002,1,0,,True,True,0,0,RECHAZADO,0
41,9000.0,2700.0,2,4,3,Propia,Consumo,10000.0,False,True,912405101,9124051,APROBADO,98,0.3,MODERADO,R001|R005|R012,3,1,,True,False,1,1,APROBADO,1
29,2000.0,600.0,2,1,2,Familiar,Consumo,10000.0,False,True,912604102,9126041,REVISION_MANUAL,60,0.3,MODERADO,R001,1,0,,True,False,1,0,REVISION_MANUAL,0
55,9500.0,2850.0,2,4,0,Propia,Consumo,10000.0,False,True,912604201,9126042,APROBADO,100,0.3,MODERADO,R001|R005|R012|R015,4,2,,True,False,1,1,APROBADO,1
44,8000.0,2400.0,0,4,0,Propia,Consumo,10000.0,False,True,912705101,9127051,RECHAZADO,35,0.3,MODERADO,R002|R005|R015,3,1,,True,True,0,0,RECHAZADO,0
40,18000.0,5400.0,2,4,1,Familiar,Consumo,10000.0,False,True,912804102,9128041,APROBADO,92,0.3,MODERADO,R001|R012,2,1,,True,False,1,1,APROBADO,1
34,15000.0,4500.0,2,4,1,Propia,Consumo,10000.0,False,True,913001102,9130011,APROBADO,100,0.3,MODERADO,R001|R005|R012,3,1,,True,False,1,1,APROBADO,1
47,700.0,210.0,2,1,2,Propia,Consumo,10000.0,False,True,913119104,9131191,REVISION_MANUAL,74,0.3,MODERADO,R001|R005,2,0,,True,False,1,0,REVISION_MANUAL,0
51,750.0,225.0,2,2,2,Propia,Consumo,10000.0,False,True,913403102,9134031,APROBADO,84,0.3,MODERADO,R001|R005,2,0,,True,False,1,1,APROBADO,1
66,3000.0,900.0,2,2,0,Familiar,Consumo,10000.0,False,True,913601101,9136011,APROBADO,82,0.3,MODERADO,R001|R012,2,1,,True,False,1,1,APROBADO,1
35,6000.0,1800.0,2,4,5,Familiar,Consumo,10000.0,False,True,913705103,9137051,REVISION_MANUAL,68,0.3,MODERADO,R001|R010|R012,3,1,,True,False,1,0,REVISION_MANUAL,0
39,1000.0,300.0,2,2,3,Familiar,Negocio,12000.0,False,True,913804102,9138041,APROBADO,80,0.3,MODERADO,R001|R006,2,0,,True,False,1,1,APROBADO,1
45,8000.0,2400.0,2,4,2,Propia,Consumo,10000.0,False,True,914901101,9149011,APROBADO,99,0.3,MODERADO,R001|R005|R012,3,1,,True,False,1,1,APROBADO,1
40,12000.0,3600.0,0,4,0,Familiar,Consumo,10000.0,False,True,915003102,9150031,RECHAZADO,15,0.3,MODERADO,R002,1,0,,True,True,0,0,RECHAZADO,0
39,4700.0,1410.0,0,4,4,Familiar,Consumo,10000.0,False,True,915503102,9155031,RECHAZADO,0,0.3,MODERADO,R002|R010,2,0,,True,True,0,0,RECHAZADO,0
58,10000.0,3000.0,2,4,0,Propia,Consumo,10000.0,False,True,915605101,9156051,APROBADO,100,0.3,MODERADO,R001|R005|R012|R015,4,2,,True,False,1,1,APROBADO,1
55,2000.0,600.0,2,0,0,Familiar,Consumo,10000.0,True,True,915809102,9158091,RECHAZADO,45,0.3,MODERADO,R001|R004,2,0,,True,False,1,0,RECHAZADO,0
47,7000.0,2100.0,0,4,3,Familiar,Consumo,10000.0,False,True,916503102,9165031,RECHAZADO,7,0.3,MODERADO,R002,1,0,,True,True,0,0,RECHAZADO,0
27,3600.0,1080.0,2,4,2,Familiar,Consumo,10000.0,False,True,916619102,9166191,APROBADO,81,0.3,MODERADO,R001|R012,2,1,,True,False,1,1,APROBADO,1
53,1800.0,540.0,2,1,3,Familiar,Consumo,10000.0,False,True,917102101,9171021,RECHAZADO,58,0.3,MODERADO,R001,1,0,,True,False,1,0,REVISION_MANUAL,0
80,7000.0,2100.0,2,0,0,Propia,Consumo,10000.0,True,True,917205102,9172051,REVISION_MANUAL,71,0.3,MODERADO,R001|R004|R005|R012,4,1,,True,False,1,0,REVISION_MANUAL,0
30,7600.0,2280.0,2,4,2,Familiar,Consumo,10000.0,False,True,917303101,9173031,APROBADO,84,0.3,MODERADO,R001|R012,2,1,,True,False,1,1,APROBADO,1
55,6000.0,1800.0,2,1,1,Familiar,Consumo,10000.0,False,True,918001101,9180011,REVISION_MANUAL,74,0.3,MODERADO,R001|R012,2,1,,True,False,1,0,REVISION_MANUAL,0
62,2500.0,750.0,2,2,1,Propia,Consumo,10000.0,False,True,918109101,9181091,APROBADO,95,0.3,MODERADO,R001|R005|R012,3,1,,True,False,1,1,APROBADO,1
39,300.0,90.0,2,1,3,Familiar,Consumo,5400.0,False,True,918308101,9183081,RECHAZADO,57,0.3,MODERADO,R001,1,0,,True,False,1,0,REVISION_MANUAL,0
55,4600.0,1380.0,2,4,0,Propia,Consumo,10000.0,False,True,918517101,9185171,APROBADO,100,0.3,MODERADO,R001|R005|R012|R015,4,2,,True,False,1,1,APROBADO,1
52,3000.0,900.0,2,1,3,Propia,Consumo,10000.0,False,True,918602101,9186021,APROBADO,84,0.3,MODERADO,R001|R005|R012,3,1,,True,False,1,1,APROBADO,1
77,7000.0,2100.0,2,0,2,Propia,Consumo,10000.0,True,True,919820102,9198201,REVISION_MANUAL,68,0.3,MODERADO,R001|R004|R005|R012,4,1,,True,False,1,0,REVISION_MANUAL,0
31,9000.0,2700.0,0,5,0,Familiar,Consumo,10000.0,False,True,919901101,9199011,RECHAZADO,37,0.3,MODERADO,R002|R003,2,0,,True,True,0,0,RECHAZADO,0
35,15000.0,4500.0,2,4,0,Propia,Consumo,10000.0,False,True,919901201,9199012,APROBADO,100,0.3,MODERADO,R001|R005|R012|R015,4,2,,True,False,1,1,APROBADO,1
57,18000.0,5400.0,2,1,0,Propia,Consumo,10000.0,False,True,920311101,9203111,APROBADO,97,0.3,MODERADO,R001|R005|R012,3,1,,True,False,1,1,APROBADO,1
22,7000.0,2100.0,2,0,0,Familiar,Consumo,10000.0,True,True,920402101,9204021,RECHAZADO,56,0.3,MODERADO,R001|R004|R012,3,1,,True,False,1,0,REVISION_MANUAL,0
48,10000.0,3000.0,0,4,2,Propia,Consumo,10000.0,False,True,920605101,9206051,RECHAZADO,25,0.3,MODERADO,R002|R005,2,0,,True,True,0,0,RECHAZADO,0
44,2000.0,600.0,2,4,1,Familiar,Consumo,10000.0,False,True,920806101,9208061,REVISION_MANUAL,71,0.3,MODERADO,R001,1,0,,True,False,1,0,REVISION_MANUAL,0
56,2200.0,660.0,0,4,1,Propia,Consumo,10000.0,False,True,921101101,9211011,RECHAZADO,19,0.3,MODERADO,R002|R005,2,0,,True,True,0,0,RECHAZADO,0
31,7000.0,2100.0,0,4,5,Propia,Consumo,10000.0,True,True,921602102,9216021,RECHAZADO,9,0.3,MODERADO,R002|R005|R010,3,0,,True,True,0,0,RECHAZADO,0
27,3000.0,900.0,0,2,4,Familiar,Consumo,10000.0,False,True,922008105,9220081,RECHAZADO,0,0.3,MODERADO,R002|R010,2,0,,True,True,0,0,RECHAZADO,0
20,1500.0,450.0,2,1,0,Familiar,Negocio,12000.0,False,True,923121102,9231211,REVISION_MANUAL,63,0.3,MODERADO,R001|R006|R009,3,0,,True,False,1,0,REVISION_MANUAL,0
76,1500.0,450.0,2,0,0,Propia,Consumo,10000.0,True,True,923205101,9232051,RECHAZADO,58,0.3,MODERADO,R001|R004|R005,3,0,,True,False,1,0,REVISION_MANUAL,0
36,2500.0,750.0,2,1,2,Familiar,Consumo,10000.0,False,True,923303101,9233031,REVISION_MANUAL,70,0.3,MODERADO,R001|R012,2,1,,True,False,1,0,REVISION_MANUAL,0
22,9000.0,2700.0,2,4,1,Familiar,Consumo,10000.0,False,True,923803102,9238031,APROBADO,84,0.3,MODERADO,R001|R012,2,1,,True,False,1,1,APROBADO,1
48,2000.0,600.0,2,0,10,Propia,Consumo,10000.0,True,True,923903103,9239031,RECHAZADO,44,0.3,MODERADO,R001|R004|R005|R010,4,0,,True,False,1,0,RECHAZADO,0
68,2500.0,750.0,2,0,1,Propia,Consumo,10000.0,True,True,924005101,9240051,REVISION_MANUAL,67,0.3,MODERADO,R001|R004|R005|R012,4,1,,True,False,1,0,REVISION_MANUAL,0
26,2000.0,600.0,2,2,2,Propia,Negocio,12000.0,False,True,924119101,9241191,APROBADO,97,0.3,MODERADO,R001|R005|R006,3,0,,True,False,1,1,APROBADO,1
33,35000.0,10500.0,0,3,0,Familiar,Consumo,10000.0,False,True,924203101,9242031,RECHAZADO,27,0.3,MODERADO,R002,1,0,,True,True,0,0,RECHAZADO,0
60,7000.0,2100.0,2,0,1,Familiar,Consumo,10000.0,True,True,924305102,9243051,RECHAZADO,55,0.3,MODERADO,R001|R004|R012,3,1,,True,False,1,0,REVISION_MANUAL,0
48,3600.0,1080.0,0,4,1,Familiar,Negocio,12000.0,False,True,924604102,9246041,RECHAZADO,19,0.3,MODERADO,R002|R006,2,0,,True,True,0,0,RECHAZADO,0
60,7000.0,2100.0,2,4,0,Propia,Consumo,10000.0,True,True,924805101,9248051,APROBADO,100,0.3,MODERADO,R001|R005|R012|R015,4,2,,True,False,1,1,APROBADO,1
36,1000.0,300.0,0,4,1,Familiar,Consumo,10000.0,False,True,924903102,9249031,RECHAZADO,6,0.3,MODERADO,R002,1,0,,True,True,0,0,RECHAZADO,0
47,15000.0,4500.0,2,4,1,Propia,Consumo,10000.0,False,True,925102102,9251021,APROBADO,100,0.3,MODERADO,R001|R005|R012,3,1,,True,False,1,1,APROBADO,1
63,2000.0,600.0,2,0,2,Propia,Consumo,10000.0,True,True,925209101,9252091,RECHAZADO,55,0.3,MODERADO,R001|R004|R005,3,0,,True,False,1,0,REVISION_MANUAL,0
42,2000.0,600.0,0,4,0,Familiar,Consumo,10000.0,True,True,925304102,9253041,RECHAZADO,8,0.3,MODERADO,R002,1,0,,True,True,0,0,RECHAZADO,0
33,14000.0,4200.0,2,4,0,Familiar,Consumo,10000.0,False,True,925505101,9255051,APROBADO,91,0.3,MODERADO,R001|R012,2,1,,True,False,1,1,APROBADO,1
31,1800.0,540.0,2,2,3,Propia,Consumo,10000.0,False,True,925902101,9259021,APROBADO,83,0.3,MODERADO,R001|R005,2,0,,True,False,1,1,APROBADO,1
63,1000.0,300.0,2,1,1,Propia,Consumo,10000.0,False,True,926001101,9260011,REVISION_MANUAL,74,0.3,MODERADO,R001|R005,2,0,,True,False,1,0,REVISION_MANUAL,0
28,3000.0,900.0,2,4,0,Familiar,Consumo,10000.0,False,True,926404101,9264041,APROBADO,84,0.3,MODERADO,R001|R012,2,1,,True,False,1,1,APROBADO,1
30,10000.0,3000.0,2,1,0,Familiar,Consumo,10000.0,False,True,926502101,9265021,REVISION_MANUAL,78,0.3,MODERADO,R001|R012,2,1,,True,False,1,0,APROBADO,1
45,3000.0,900.0,2,1,3,Familiar,Negocio,12000.0,False,True,926614102,9266141,APROBADO,81,0.3,MODERADO,R001|R006|R012,3,1,,True,False,1,1,APROBADO,1
20,2500.0,750.0,2,0,2,Familiar,Consumo,10000.0,True,True,926702103,9267021,RECHAZADO,38,0.3,MODERADO,R001|R004|R009|R012,4,1,,True,False,1,0,RECHAZADO,0
49,2500.0,750.0,0,0,0,Familiar,Consumo,10000.0,True,True,926803102,9268031,RECHAZADO,0,0.3,MODERADO,R002|R004,2,0,,True,True,0,0,RECHAZADO,0
69,2000.0,600.0,2,0,0,Familiar,Consumo,10000.0,True,True,926905102,9269051,RECHAZADO,43,0.3,MODERADO,R001|R004,2,0,,True,False,1,0,RECHAZADO,0
27,9000.0,2700.0,2,4,0,Familiar,Consumo,10000.0,False,True,927205101,9272051,APROBADO,88,0.3,MODERADO,R001|R012,2,1,,True,False,1,1,APROBADO,1
54,8000.0,2400.0,2,5,0,Propia,Consumo,10000.0,False,True,927303101,9273031,APROBADO,100,0.3,MODERADO,R001|R003|R005|R012|R015,5,2,,True,False,1,1,APROBADO,1
50,2500.0,750.0,2,4,2,Propia,Consumo,10000.0,False,True,927401101,9274011,APROBADO,95,0.3,MODERADO,R001|R005|R012,3,1,,True,False,1,1,APROBADO,1
41,3000.0,900.0,2,4,0,Familiar,Consumo,10000.0,False,True,927501102,9275011,APROBADO,84,0.3,MODERADO,R001|R012,2,1,,True,False,1,1,APROBADO,1
28,2400.0,720.0,2,4,2,Propia,Consumo,10000.0,False,True,927603103,9276031,APROBADO,85,0.3,MODERADO,R001|R005,2,0,,True,False,1,1,APROBADO,1
39,5000.0,1500.0,2,2,3,Propia,Consumo,10000.0,False,True,927811101,9278111,APROBADO,95,0.3,MODERADO,R001|R005|R012,3,1,,True,False,1,1,APROBADO,1
30,500.0,150.0,2,1,3,Familiar,Consumo,9000.0,False,True,927905102,9279051,RECHAZADO,57,0.3,MODERADO,R001,1,0,,True,False,1,0,REVISION_MANUAL,0
26,7000.0,2100.0,2,0,1,Familiar,Consumo,10000.0,True,True,928004103,9280041,RECHAZADO,57,0.3,MODERADO,R001|R004|R012,3,1,,True,False,1,0,REVISION_MANUAL,0
29,7000.0,2100.0,2,0,2,Familiar,Consumo,10000.0,True,True,928305102,9283051,RECHAZADO,55,0.3,MODERADO,R001|R004|R012,3,1,,True,False,1,0,REVISION_MANUAL,0
25,7000.0,2100.0,2,4,0,Familiar,Consumo,10000.0,True,True,928403101,9284031,APROBADO,86,0.3,MODERADO,R001|R012,2,1,,True,False,1,1,APROBADO,1
24,6000.0,1800.0,2,4,3,Familiar,Consumo,10000.0,False,True,929114102,9291141,REVISION_MANUAL,79,0.3,MODERADO,R001|R012,2,1,,True,False,1,0,APROBADO,1
48,5000.0,1500.0,2,2,0,Propia,Consumo,10000.0,False,True,929304101,9293041,APROBADO,100,0.3,MODERADO,R001|R005|R012,3,1,,True,False,1,1,APROBADO,1
71,150.0,45.0,2,2,0,Familiar,Consumo,2700.0,False,True,929516101,9295161,REVISION_MANUAL,70,0.3,MODERADO,R001,1,0,,True,False,1,0,APROBADO,1
60,1500.0,450.0,2,1,1,Familiar,Consumo,10000.0,False,True,929605101,9296051,RECHAZADO,59,0.3,MODERADO,R001,1,0,,True,False,1,0,REVISION_MANUAL,0
34,15000.0,4500.0,2,5,0,Propia,Consumo,10000.0,False,True,929716101,9297161,APROBADO,100,0.3,MODERADO,R001|R003|R005|R012|R015,5,2,,True,False,1,1,APROBADO,1
36,2000.0,600.0,0,4,1,Propia,Consumo,10000.0,False,True,930201102,9302011,RECHAZADO,21,0.3,MODERADO,R002|R005,2,0,,True,True,0,0,RECHAZADO,0
56,20000.0,6000.0,2,4,0,Propia,Consumo,10000.0,False,True,930902101,9309021,APROBADO,100,0.3,MODERADO,R001|R005|R012|R015,4,2,,True,False,1,1,APROBADO,1
23,2000.0,600.0,2,4,2,Familiar,Consumo,10000.0,False,True,931003102,9310031,REVISION_MANUAL,68,0.3,MODERADO,R001,1,0,,True,False,1,0,REVISION_MANUAL,0
23,3000.0,900.0,2,1,0,Familiar,Consumo,10000.0,False,True,931119101,9311191,REVISION_MANUAL,72,0.3,MODERADO,R001|R012,2,1,,True,False,1,0,REVISION_MANUAL,0
51,300.0,90.0,2,1,1,Familiar,Consumo,5400.0,False,True,931518101,9315181,REVISION_MANUAL,60,0.3,MODERADO,R001,1,0,,True,False,1,0,REVISION_MANUAL,0
44,2000.0,600.0,2,0,2,Familiar,Consumo,10000.0,True,True,931706104,9317061,RECHAZADO,42,0.3,MODERADO,R001|R004,2,0,,True,False,1,0,RECHAZADO,0
47,2000.0,600.0,0,4,2,Familiar,Negocio,12000.0,False,True,932501101,9325011,RECHAZADO,17,0.3,MODERADO,R002|R006,2,0,,True,True,0,0,RECHAZADO,0
39,8000.0,2400.0,0,4,0,Propia,Consumo,10000.0,False,True,932705101,9327051,RECHAZADO,35,0.3,MODERADO,R002|R005|R015,3,1,,True,True,0,0,RECHAZADO,0
26,1500.0,450.0,2,4,4,Familiar,Negocio,12000.0,False,True,932902102,9329021,REVISION_MANUAL,69,0.3,MODERADO,R001|R006|R010,3,0,,True,False,1,0,REVISION_MANUAL,0
33,7000.0,2100.0,2,0,3,Familiar,Consumo,10000.0,True,True,933014102,9330141,RECHAZADO,54,0.3,MODERADO,R001|R004|R012,3,1,,True,False,1,0,RECHAZADO,0
61,30000.0,9000.0,2,1,0,Propia,Consumo,10000.0,False,True,933104102,9331041,APROBADO,100,0.3,MODERADO,R001|R005|R012,3,1,,True,False,1,1,APROBADO,1
36,28000.0,8400.0,2,4,0,Familiar,Consumo,10000.0,False,True,933202102,9332021,APROBADO,100,0.3,MODERADO,R001|R012,2,1,,True,False,1,1,APROBADO,1
46,11000.0,3300.0,2,4,1,Propia,Consumo,10000.0,False,True,933305101,9333051,APROBADO,100,0.3,MODERADO,R001|R005|R012,3,1,,True,False,1,1,APROBADO,1
29,2800.0,840.0,0,4,2,Familiar,Consumo,10000.0,False,True,933505104,9335051,RECHAZADO,5,0.3,MODERADO,R002,1,0,,True,True,0,0,RECHAZADO,0
34,1000.0,300.0,2,2,2,Propia,Consumo,10000.0,False,True,933805102,9338051,APROBADO,84,0.3,MODERADO,R001|R005,2,0,,True,False,1,1,APROBADO,1
63,40000.0,12000.0,2,5,0,Propia,Consumo,10000.0,False,True,934103101,9341031,APROBADO,100,0.3,MODERADO,R001|R003|R005|R012|R015,5,2,,True,False,1,1,APROBADO,1
43,1800.0,540.0,0,4,2,Familiar,Consumo,10000.0,False,True,934201101,9342011,RECHAZADO,5,0.3,MODERADO,R002,1,0,,True,True,0,0,RECHAZADO,0
37,6000.0,1800.0,0,4,0,Propia,Consumo,10000.0,False,True,934505101,9345051,RECHAZADO,34,0.3,MODERADO,R002|R005|R015,3,1,,True,True,0,0,RECHAZADO,0
65,45000.0,13500.0,2,1,0,Propia,Consumo,10000.0,False,True,934604101,9346041,APROBADO,100,0.3,MODERADO,R001|R005|R012,3,1,,True,False,1,1,APROBADO,1
39,6000.0,1800.0,2,4,4,Propia,Consumo,10000.0,False,True,934704101,9347041,APROBADO,85,0.3,MODERADO,R001|R005|R010|R012,4,1,,True,False,1,1,APROBADO,1
35,40000.0,12000.0,2,1,0,Propia,Consumo,10000.0,False,True,934904101,9349041,APROBADO,100,0.3,MODERADO,R001|R005|R012,3,1,,True,False,1,1,APROBADO,1
25,7000.0,2100.0,2,0,1,Propia,Consumo,10000.0,True,True,935003102,9350031,REVISION_MANUAL,72,0.3,MODERADO,R001|R004|R005|R012,4,1,,True,False,1,0,REVISION_MANUAL,0
32,1800.0,540.0,0,4,2,Familiar,Consumo,10000.0,False,True,935917101,9359171,RECHAZADO,5,0.3,MODERADO,R002,1,0,,True,True,0,0,RECHAZADO,0
46,2000.0,600.0,2,0,1,Propia,Consumo,10000.0,True,True,936113103,9361131,RECHAZADO,58,0.3,MODERADO,R001|R004|R005,3,0,,True,False,1,0,REVISION_MANUAL,0
60,7000.0,2100.0,2,0,0,Propia,Consumo,10000.0,True,True,936302101,9363021,REVISION_MANUAL,71,0.3,MODERADO,R001|R004|R005|R012,4,1,,True,False,1,0,REVISION_MANUAL,0
46,2000.0,600.0,0,0,1,Propia,Consumo,10000.0,True,True,936503101,9365031,RECHAZADO,0,0.3,MODERADO,R002|R004|R005,3,0,,True,True,0,0,RECHAZADO,0
28,3180.0,954.0,0,4,3,Propia,Consumo,10000.0,False,True,936601101,9366011,RECHAZADO,19,0.3,MODERADO,R002|R005,2,0,,True,True,0,0,RECHAZADO,0
46,21000.0,6300.0,2,4,0,Propia,Consumo,10000.0,False,True,937001101,9370011,APROBADO,100,0.3,MODERADO,R001|R005|R012|R015,4,2,,True,False,1,1,APROBADO,1
30,3000.0,900.0,2,5,1,Familiar,Consumo,10000.0,False,True,937105102,9371051,APROBADO,100,0.3,MODERADO,R001|R003|R012,3,1,,True,False,1,1,APROBADO,1
79,200.0,60.0,0,1,0,Propia,Consumo,3600.0,False,True,937204101,9372041,RECHAZADO,10,0.3,MODERADO,R002|R005,2,0,,True,True,0,0,RECHAZADO,0
24,15000.0,4500.0,2,4,1,Familiar,Consumo,10000.0,False,True,937303202,9373032,APROBADO,88,0.3,MODERADO,R001|R012,2,1,,True,False,1,1,APROBADO,1
45,2500.0,750.0,2,5,0,Familiar,Consumo,10000.0,False,True,937401301,9374013,APROBADO,100,0.3,MODERADO,R001|R003|R012,3,1,,True,False,1,1,APROBADO,1
39,2000.0,600.0,0,4,2,Propia,Consumo,10000.0,True,True,937602101,9376021,RECHAZADO,20,0.3,MODERADO,R002|R005,2,0,,True,True,0,0,RECHAZADO,0
40,3000.0,900.0,2,4,2,Propia,Consumo,10000.0,False,True,937810101,9378101,APROBADO,96,0.3,MODERADO,R001|R005|R012,3,1,,True,False,1,1,APROBADO,1
49,7000.0,2100.0,2,4,0,Propia,Consumo,10000.0,True,True,937902102,9379021,APROBADO,100,0.3,MODERADO,R001|R005|R012|R015,4,2,,True,False,1,1,APROBADO,1
26,28000.0,8400.0,2,4,0,Familiar,Consumo,10000.0,False,True,938203101,9382031,APROBADO,100,0.3,MODERADO,R001|R012,2,1,,True,False,1,1,APROBADO,1
56,2500.0,750.0,0,4,0,Propia,Consumo,10000.0,True,True,938303201,9383032,RECHAZADO,29,0.3,MODERADO,R002|R005|R015,3,1,,True,True,0,0,RECHAZADO,0
22,4000.0,1200.0,2,4,2,Familiar,Consumo,10000.0,False,True,938401103,9384011,REVISION_MANUAL,79,0.3,MODERADO,R001|R012,2,1,,True,False,1,0,APROBADO,1
25,6200.0,1860.0,2,2,2,Familiar,Consumo,10000.0,False,True,938502102,9385021,APROBADO,83,0.3,MODERADO,R001|R012,2,1,,True,False,1,1,APROBADO,1
57,2000.0,600.0,0,2,0,Familiar,Consumo,10000.0,False,True,938702101,9387021,RECHAZADO,6,0.3,MODERADO,R002,1,0,,True,True,0,0,RECHAZADO,0
27,1500.0,450.0,2,0,3,Familiar,Consumo,10000.0,True,True,938811101,9388111,RECHAZADO,40,0.3,MODERADO,R001|R004,2,0,,True,False,1,0,RECHAZADO,0
51,2500.0,750.0,2,0,1,Familiar,Negocio,12000.0,True,True,939103102,9391031,RECHAZADO,56,0.3,MODERADO,R001|R004|R006,3,0,,True,False,1,0,REVISION_MANUAL,0
30,17000.0,5100.0,2,4,0,Familiar,Consumo,10000.0,False,True,939301101,9393011,APROBADO,93,0.3,MODERADO,R001|R012,2,1,,True,False,1,1,APROBADO,1
23,2300.0,690.0,2,4,4,Familiar,Consumo,10000.0,False,True,939605104,9396051,RECHAZADO,55,0.3,MODERADO,R001|R010,2,0,,True,False,1,0,REVISION_MANUAL,0
70,2000.0,600.0,2,2,0,Propia,Consumo,10000.0,False,True,939804101,9398041,APROBADO,86,0.3,MODERADO,R001|R005,2,0,,True,False,1,1,APROBADO,1
34,7000.0,2100.0,0,0,1,Propia,Consumo,10000.0,True,True,940202102,9402021,RECHAZADO,0,0.3,MODERADO,R002|R004|R005,3,0,,True,True,0,0,RECHAZADO,0
74,1500.0,450.0,2,0,0,Propia,Consumo,10000.0,True,True,940302101,9403021,RECHAZADO,58,0.3,MODERADO,R001|R004|R005,3,0,,True,False,1,0,REVISION_MANUAL,0
42,35000.0,10500.0,2,1,0,Familiar,Consumo,10000.0,False,True,940403101,9404031,APROBADO,92,0.3,MODERADO,R001|R012,2,1,,True,False,1,1,APROBADO,1
51,1000.0,300.0,2,1,2,Propia,Consumo,10000.0,False,True,940504102,9405041,REVISION_MANUAL,74,0.3,MODERADO,R001|R005,2,0,,True,False,1,0,REVISION_MANUAL,0
32,2680.0,804.0,2,4,0,Familiar,Consumo,10000.0,False,True,940804102,9408041,APROBADO,83,0.3,MODERADO,R001|R012,2,1,,True,False,1,1,APROBADO,1
40,19000.0,5700.0,0,4,2,Familiar,Consumo,10000.0,False,True,941205102,9412051,RECHAZADO,16,0.3,MODERADO,R002,1,0,,True,True,0,0,RECHAZADO,0
25,1200.0,360.0,2,2,1,Familiar,Consumo,10000.0,False,True,941305102,9413051,REVISION_MANUAL,71,0.3,MODERADO,R001,1,0,,True,False,1,0,REVISION_MANUAL,0
38,30000.0,9000.0,2,1,0,Familiar,Consumo,10000.0,False,True,941901101,9419011,APROBADO,92,0.3,MODERADO,R001|R012,2,1,,True,False,1,1,APROBADO,1
42,30000.0,9000.0,2,4,2,Propia,Consumo,10000.0,False,True,942205101,9422051,APROBADO,100,0.3,MODERADO,R001|R005|R012,3,1,,True,False,1,1,APROBADO,1
45,1800.0,540.0,0,2,5,Propia,Consumo,10000.0,False,True,942602102,9426021,RECHAZADO,7,0.3,MODERADO,R002|R005|R010,3,0,,True,True,0,0,RECHAZADO,0
50,8000.0,2400.0,2,4,2,Propia,Consumo,10000.0,False,True,943002101,9430021,APROBADO,99,0.3,MODERADO,R001|R005|R012,3,1,,True,False,1,1,APROBADO,1
36,300.0,90.0,0,1,2,Familiar,Consumo,5400.0,False,True,943212101,9432121,RECHAZADO,0,0.3,MODERADO,R002,1,0,,True,True,0,0,RECHAZADO,0
25,6000.0,1800.0,2,4,2,Familiar,Consumo,10000.0,False,True,943403103,9434031,APROBADO,83,0.3,MODERADO,R001|R012,2,1,,True,False,1,1,APROBADO,1
35,7000.0,2100.0,0,0,2,Propia,Consumo,10000.0,True,True,944304102,9443041,RECHAZADO,0,0.3,MODERADO,R002|R004|R005,3,0,,True,True,0,0,RECHAZADO,0
53,2000.0,600.0,2,0,0,Propia,Consumo,10000.0,True,True,944402102,9444021,REVISION_MANUAL,60,0.3,MODERADO,R001|R004|R005,3,0,,True,False,1,0,REVISION_MANUAL,0
41,5000.0,1500.0,0,3,2,Propia,Consumo,10000.0,False,True,944705101,9447051,RECHAZADO,22,0.3,MODERADO,R002|R005,2,0,,True,True,0,0,RECHAZADO,0
71,7000.0,2100.0,2,0,0,Propia,Consumo,10000.0,True,True,944805102,9448051,REVISION_MANUAL,71,0.3,MODERADO,R001|R004|R005|R012,4,1,,True,False,1,0,REVISION_MANUAL,0
43,2300.0,690.0,0,4,0,Familiar,Consumo,10000.0,False,True,945301201,9453012,RECHAZADO,8,0.3,MODERADO,R002,1,0,,True,True,0,0,RECHAZADO,0
28,1800.0,540.0,2,4,3,Familiar,Consumo,10000.0,False,True,945510102,9455101,REVISION_MANUAL,68,0.3,MODERADO,R001,1,0,,True,False,1,0,REVISION_MANUAL,0
37,10000.0,3000.0,2,4,2,Propia,Consumo,10000.0,False,True,946003102,9460031,APROBADO,100,0.3,MODERADO,R001|R005|R012,3,1,,True,False,1,1,APROBADO,1
26,20000.0,6000.0,2,4,1,Familiar,Consumo,10000.0,False,True,946105102,9461051,APROBADO,93,0.3,MODERADO,R001|R012,2,1,,True,False,1,1,APROBADO,1
36,2400.0,720.0,0,2,2,Propia,Consumo,10000.0,False,True,946219101,9462191,RECHAZADO,20,0.3,MODERADO,R002|R005,2,0,,True,True,0,0,RECHAZADO,0
51,5000.0,1500.0,2,1,1,Propia,Consumo,10000.0,False,True,947115101,9471151,APROBADO,88,0.3,MODERADO,R001|R005|R012,3,1,,True,False,1,1,APROBADO,1
34,3000.0,900.0,2,2,6,Familiar,Consumo,10000.0,False,True,947402106,9474021,REVISION_MANUAL,67,0.3,MODERADO,R001|R010|R012,3,1,,True,False,1,0,REVISION_MANUAL,0
27,7000.0,2100.0,2,1,2,Familiar,Consumo,10000.0,True,True,947601104,9476011,REVISION_MANUAL,73,0.3,MODERADO,R001|R012,2,1,,True,False,1,0,REVISION_MANUAL,0
48,20000.0,6000.0,2,3,4,Propia,Consumo,10000.0,False,True,947901101,9479011,APROBADO,94,0.3,MODERADO,R001|R005|R010|R012,4,1,,True,False,1,1,APROBADO,1
26,14000.0,4200.0,2,4,4,Familiar,Consumo,10000.0,False,True,948102105,9481021,REVISION_MANUAL,75,0.3,MODERADO,R001|R010|R012,3,1,,True,False,1,0,APROBADO,1
50,1500.0,450.0,2,0,2,Familiar,Negocio,12000.0,True,True,948403103,9484031,RECHAZADO,54,0.3,MODERADO,R001|R004|R006,3,0,,True,False,1,0,RECHAZADO,0
72,1400.0,420.0,2,1,1,Familiar,Consumo,10000.0,False,True,948502101,9485021,RECHAZADO,59,0.3,MODERADO,R001,1,0,,True,False,1,0,REVISION_MANUAL,0
37,2000.0,600.0,2,0,2,Propia,Consumo,10000.0,True,True,948906101,9489061,RECHAZADO,57,0.3,MODERADO,R001|R004|R005,3,0,,True,False,1,0,REVISION_MANUAL,0
29,10600.0,3180.0,2,4,0,Familiar,Consumo,10000.0,False,True,949020101,9490201,APROBADO,89,0.3,MODERADO,R001|R012,2,1,,True,False,1,1,APROBADO,1
61,1000.0,300.0,2,4,0,Propia,Consumo,10000.0,False,True,949501101,9495011,APROBADO,93,0.3,MODERADO,R001|R005|R015,3,1,,True,False,1,1,APROBADO,1
32,1700.0,510.0,2,2,3,Familiar,Consumo,10000.0,False,True,949618101,9496181,REVISION_MANUAL,68,0.3,MODERADO,R001,1,0,,True,False,1,0,REVISION_MANUAL,0
32,500.0,150.0,2,1,2,Propia,Consumo,9000.0,False,True,949702102,9497021,REVISION_MANUAL,74,0.3,MODERADO,R001|R005,2,0,,True,False,1,0,REVISION_MANUAL,0
25,5000.0,1500.0,2,2,1,Familiar,Consumo,10000.0,False,True,949902102,9499021,APROBADO,83,0.3,MODERADO,R001|R012,2,1,,True,False,1,1,APROBADO,1
62,3700.0,1110.0,2,1,0,Propia,Consumo,10000.0,False,True,950203101,9502031,APROBADO,87,0.3,MODERADO,R001|R005|R012,3,1,,True,False,1,1,APROBADO,1
41,12000.0,3600.0,0,1,2,Propia,Consumo,10000.0,False,True,950505101,9505051,RECHAZADO,17,0.3,MODERADO,R002|R005,2,0,,True,True,0,0,RECHAZADO,0
65,30000.0,9000.0,2,5,0,Propia,Consumo,10000.0,False,True,951101101,9511011,APROBADO,100,0.3,MODERADO,R001|R003|R005|R012|R015,5,2,,True,False,1,1,APROBADO,1
45,2000.0,600.0,2,4,1,Familiar,Consumo,10000.0,False,True,951303101,9513031,REVISION_MANUAL,71,0.3,MODERADO,R001,1,0,,True,False,1,0,REVISION_MANUAL,0
34,15000.0,4500.0,2,4,1,Propia,Consumo,10000.0,False,True,951702101,9517021,APROBADO,100,0.3,MODERADO,R001|R005|R012,3,1,,True,False,1,1,APROBADO,1
36,450.0,135.0,2,2,2,Propia,Consumo,8100.0,False,True,951815102,9518151,APROBADO,84,0.3,MODERADO,R001|R005,2,0,,True,False,1,1,APROBADO,1
65,7000.0,2100.0,2,0,0,Propia,Consumo,10000.0,True,True,952502101,9525021,REVISION_MANUAL,71,0.3,MODERADO,R001|R004|R005|R012,4,1,,True,False,1,0,REVISION_MANUAL,0
48,7000.0,2100.0,2,4,0,Propia,Consumo,10000.0,False,True,952603101,9526031,APROBADO,100,0.3,MODERADO,R001|R005|R012|R015,4,2,,True,False,1,1,APROBADO,1
53,200.0,60.0,0,1,2,Familiar,Consumo,3600.0,False,True,952720102,9527201,RECHAZADO,0,0.3,MODERADO,R002,1,0,,True,True,0,0,RECHAZADO,0
37,14000.0,4200.0,0,0,0,Familiar,Consumo,10000.0,True,True,952805102,9528051,RECHAZADO,0,0.3,MODERADO,R002|R004,2,0,,True,True,0,0,RECHAZADO,0
25,7000.0,2100.0,2,2,2,Familiar,Consumo,10000.0,True,True,953004102,9530041,APROBADO,83,0.3,MODERADO,R001|R012,2,1,,True,False,1,1,APROBADO,1
33,20000.0,6000.0,2,4,3,Familiar,Consumo,10000.0,False,True,953201105,9532011,APROBADO,90,0.3,MODERADO,R001|R012,2,1,,True,False,1,1,APROBADO,1
40,2000.0,600.0,2,1,3,Familiar,Consumo,10000.0,False,True,953501102,9535011,RECHAZADO,58,0.3,MODERADO,R001,1,0,,True,False,1,0,REVISION_MANUAL,0
62,4500.0,1350.0,0,4,0,Propia,Consumo,10000.0,False,True,953705101,9537051,RECHAZADO,31,0.3,MODERADO,R002|R005|R015,3,1,,True,True,0,0,RECHAZADO,0
27,4000.0,1200.0,2,2,1,Familiar,Consumo,10000.0,False,True,953803101,9538031,APROBADO,83,0.3,MODERADO,R001|R012,2,1,,True,False,1,1,APROBADO,1
57,10000.0,3000.0,2,0,2,Familiar,Consumo,10000.0,False,True,954005101,9540051,RECHAZADO,55,0.3,MODERADO,R001|R004|R012,3,1,,True,False,1,0,REVISION_MANUAL,0
25,1000.0,300.0,2,2,3,Familiar,Consumo,10000.0,False,True,954219102,9542191,REVISION_MANUAL,68,0.3,MODERADO,R001,1,0,,True,False,1,0,REVISION_MANUAL,0
48,8000.0,2400.0,2,4,2,Propia,Negocio,12000.0,False,True,954401102,9544011,APROBADO,100,0.3,MODERADO,R001|R005|R006|R012,4,1,,True,False,1,1,APROBADO,1
51,800.0,240.0,2,2,2,Familiar,Negocio,12000.0,False,True,954503101,9545031,APROBADO,81,0.3,MODERADO,R001|R006,2,0,,True,False,1,1,APROBADO,1
21,6000.0,1800.0,0,4,0,Familiar,Consumo,10000.0,False,True,955007103,9550071,RECHAZADO,9,0.3,MODERADO,R002,1,0,,True,True,0,0,RECHAZADO,0
35,22000.0,6600.0,0,1,1,Familiar,Consumo,10000.0,False,True,955101101,9551011,RECHAZADO,10,0.3,MODERADO,R002,1,0,,True,True,0,0,RECHAZADO,0
39,7000.0,2100.0,2,0,2,Familiar,Consumo,10000.0,True,True,955410102,9554101,RECHAZADO,55,0.3,MODERADO,R001|R004|R012,3,1,,True,False,1,0,REVISION_MANUAL,0
35,6200.0,1860.0,2,4,2,Familiar,Consumo,10000.0,False,True,955514101,9555141,APROBADO,83,0.3,MODERADO,R001|R012,2,1,,True,False,1,1,APROBADO,1
18,1000.0,300.0,2,2,3,Familiar,Consumo,10000.0,False,True,955820104,9558201,RECHAZADO,54,0.3,MODERADO,R001|R009,2,0,,True,False,1,0,RECHAZADO,0
56,3000.0,900.0,2,4,0,Familiar,Consumo,10000.0,False,True,955901101,9559011,APROBADO,82,0.3,MODERADO,R001|R012,2,1,,True,False,1,1,APROBADO,1
44,14000.0,4200.0,2,4,2,Familiar,Consumo,10000.0,False,True,956001101,9560011,APROBADO,88,0.3,MODERADO,R001|R012,2,1,,True,False,1,1,APROBADO,1
43,1200.0,360.0,2,2,1,Familiar,Consumo,10000.0,False,True,956412102,9564121,REVISION_MANUAL,71,0.3,MODERADO,R001,1,0,,True,False,1,0,REVISION_MANUAL,0
58,4700.0,1410.0,2,4,1,Propia,Consumo,10000.0,False,True,956503101,9565031,APROBADO,96,0.3,MODERADO,R001|R005|R012,3,1,,True,False,1,1,APROBADO,1
25,800.0,240.0,2,1,2,Familiar,Consumo,10000.0,False,True,956613102,9566131,RECHAZADO,59,0.3,MODERADO,R001,1,0,,True,False,1,0,REVISION_MANUAL,0
43,2500.0,750.0,2,0,1,Familiar,Consumo,10000.0,True,True,956716102,9567161,RECHAZADO,54,0.3,MODERADO,R001|R004|R012,3,1,,True,False,1,0,RECHAZADO,0
42,6000.0,1800.0,2,4,0,Propia,Consumo,10000.0,False,True,956805101,9568051,APROBADO,100,0.3,MODERADO,R001|R005|R012|R015,4,2,,True,False,1,1,APROBADO,1
30,16000.0,4800.0,2,4,1,Familiar,Consumo,10000.0,False,True,957102102,9571021,APROBADO,91,0.3,MODERADO,R001|R012,2,1,,True,False,1,1,APROBADO,1
50,3500.0,1050.0,2,1,0,Propia,Consumo,10000.0,False,True,957403101,9574031,APROBADO,89,0.3,MODERADO,R001|R005|R012,3,1,,True,False,1,1,APROBADO,1
24,7000.0,2100.0,2,0,4,Familiar,Consumo,10000.0,True,True,957601103,9576011,RECHAZADO,40,0.3,MODERADO,R001|R004|R010|R012,4,1,,True,False,1,0,RECHAZADO,0
21,2500.0,750.0,2,0,2,Familiar,Consumo,10000.0,True,True,957802103,9578021,RECHAZADO,50,0.3,MODERADO,R001|R004|R012,3,1,,True,False,1,0,RECHAZADO,0
54,4200.0,1260.0,2,1,0,Propia,Consumo,10000.0,False,True,958004101,9580041,APROBADO,89,0.3,MODERADO,R001|R005|R012,3,1,,True,False,1,1,APROBADO,1
52,2500.0,750.0,0,4,1,Familiar,Consumo,10000.0,True,True,958101103,9581011,RECHAZADO,7,0.3,MODERADO,R002,1,0,,True,True,0,0,RECHAZADO,0
22,7000.0,2100.0,2,0,0,Familiar,Consumo,10000.0,True,True,958604102,9586041,RECHAZADO,56,0.3,MODERADO,R001|R004|R012,3,1,,True,False,1,0,REVISION_MANUAL,0
63,2500.0,750.0,2,0,1,Familiar,Consumo,10000.0,True,True,959004103,9590041,RECHAZADO,52,0.3,MODERADO,R001|R004|R012,3,1,,True,False,1,0,RECHAZADO,0
44,5200.0,1560.0,2,4,2,Propia,Consumo,10000.0,False,True,959201102,9592011,APROBADO,97,0.3,MODERADO,R001|R005|R012,3,1,,True,False,1,1,APROBADO,1
35,6000.0,1800.0,0,1,2,Propia,Consumo,10000.0,False,True,959403102,9594031,RECHAZADO,13,0.3,MODERADO,R002|R005,2,0,,True,True,0,0,RECHAZADO,0
27,2000.0,600.0,2,0,3,Familiar,Consumo,10000.0,True,True,959512102,9595121,RECHAZADO,40,0.3,MODERADO,R001|R004,2,0,,True,False,1,0,RECHAZADO,0
54,7000.0,2100.0,2,1,2,Propia,Consumo,10000.0,True,True,960505102,9605051,APROBADO,88,0.3,MODERADO,R001|R005|R012,3,1,,True,False,1,1,APROBADO,1
40,20000.0,6000.0,2,1,1,Familiar,Consumo,10000.0,False,True,960804101,9608041,APROBADO,83,0.3,MODERADO,R001|R012,2,1,,True,False,1,1,APROBADO,1
43,15000.0,4500.0,0,1,1,Propia,Consumo,10000.0,False,True,961105101,9611051,RECHAZADO,20,0.3,MODERADO,R002|R005,2,0,,True,True,0,0,RECHAZADO,0
23,8000.0,2400.0,2,2,0,Familiar,Consumo,10000.0,False,True,961203102,9612031,APROBADO,85,0.3,MODERADO,R001|R012,2,1,,True,False,1,1,APROBADO,1
67,2000.0,600.0,0,1,0,Familiar,Consumo,10000.0,False,True,961401101,9614011,RECHAZADO,0,0.3,MODERADO,R002,1,0,,True,True,0,0,RECHAZADO,0
54,6000.0,1800.0,2,4,2,Propia,Consumo,10000.0,False,True,961703101,9617031,APROBADO,98,0.3,MODERADO,R001|R005|R012,3,1,,True,False,1,1,APROBADO,1
49,2000.0,600.0,2,0,3,Familiar,Consumo,10000.0,True,True,961907102,9619071,RECHAZADO,40,0.3,MODERADO,R001|R004,2,0,,True,False,1,0,RECHAZADO,0
34,50000.0,15000.0,2,5,0,Familiar,Consumo,10000.0,False,True,962005101,9620051,APROBADO,100,0.3,MODERADO,R001|R003|R012,3,1,,True,False,1,1,APROBADO,1
34,12000.0,3600.0,2,4,1,Propia,Consumo,10000.0,False,True,962105102,9621051,APROBADO,100,0.3,MODERADO,R001|R005|R012,3,1,,True,False,1,1,APROBADO,1
26,1700.0,510.0,2,2,3,Familiar,Consumo,10000.0,False,True,962615102,9626151,REVISION_MANUAL,68,0.3,MODERADO,R001,1,0,,True,False,1,0,REVISION_MANUAL,0
70,7000.0,2100.0,2,0,0,Propia,Consumo,10000.0,True,True,962802102,9628021,REVISION_MANUAL,71,0.3,MODERADO,R001|R004|R005|R012,4,1,,True,False,1,0,REVISION_MANUAL,0
29,25000.0,7500.0,2,4,1,Familiar,Consumo,10000.0,False,True,962901102,9629011,APROBADO,97,0.3,MODERADO,R001|R012,2,1,,True,False,1,1,APROBADO,1
25,2500.0,750.0,2,0,2,Familiar,Consumo,10000.0,True,True,963201103,9632011,RECHAZADO,52,0.3,MODERADO,R001|R004|R012,3,1,,True,False,1,0,RECHAZADO,0
30,12000.0,3600.0,2,5,1,Familiar,Consumo,10000.0,False,True,964002102,9640021,APROBADO,100,0.3,MODERADO,R001|R003|R012,3,1,,True,False,1,1,APROBADO,1
20,12000.0,3600.0,2,4,3,Familiar,Consumo,10000.0,False,True,964205104,9642051,REVISION_MANUAL,71,0.3,MODERADO,R001|R009|R012,3,1,,True,False,1,0,REVISION_MANUAL,0
33,1740.0,522.0,2,4,1,Propia,Negocio,12000.0,False,True,964315101,9643151,APROBADO,98,0.3,MODERADO,R001|R005|R006,3,0,,True,False,1,1,APROBADO,1
40,2500.0,750.0,2,4,2,Propia,Consumo,10000.0,False,True,964618101,9646181,APROBADO,95,0.3,MODERADO,R001|R005|R012,3,1,,True,False,1,1,APROBADO,1
33,300.0,90.0,0,1,2,Familiar,Consumo,5400.0,False,True,964806101,9648061,RECHAZADO,0,0.3,MODERADO,R002,1,0,,True,True,0,0,RECHAZADO,0
44,6000.0,1800.0,2,4,0,Propia,Consumo,10000.0,False,True,964902101,9649021,APROBADO,100,0.3,MODERADO,R001|R005|R012|R015,4,2,,True,False,1,1,APROBADO,1
49,750.0,225.0,2,2,1,Propia,Negocio,12000.0,False,True,965110101,9651101,APROBADO,98,0.3,MODERADO,R001|R005|R006,3,0,,True,False,1,1,APROBADO,1
23,1000.0,300.0,2,4,2,Familiar,Negocio,12000.0,False,True,965404102,9654041,APROBADO,81,0.3,MODERADO,R001|R006,2,0,,True,False,1,1,APROBADO,1
24,9200.0,2760.0,2,4,1,Familiar,Consumo,10000.0,False,True,965505102,9655051,APROBADO,84,0.3,MODERADO,R001|R012,2,1,,True,False,1,1,APROBADO,1
28,1850.0,555.0,2,2,0,Familiar,Consumo,10000.0,False,True,965701101,9657011,REVISION_MANUAL,73,0.3,MODERADO,R001,1,0,,True,False,1,0,REVISION_MANUAL,0
23,9200.0,2760.0,2,2,2,Familiar,Consumo,10000.0,False,True,966507103,9665071,APROBADO,83,0.3,MODERADO,R001|R012,2,1,,True,False,1,1,APROBADO,1
51,8000.0,2400.0,2,4,2,Propia,Negocio,12000.0,False,True,966602101,9666021,APROBADO,100,0.3,MODERADO,R001|R005|R006|R012,4,1,,True,False,1,1,APROBADO,1
28,12600.0,3780.0,2,4,2,Propia,Consumo,10000.0,False,True,966704101,9667041,APROBADO,100,0.3,MODERADO,R001|R005|R012,3,1,,True,False,1,1,APROBADO,1
66,2500.0,750.0,2,0,3,Propia,Consumo,10000.0,True,True,966802101,9668021,REVISION_MANUAL,64,0.3,MODERADO,R001|R004|R005|R012,4,1,,True,False,1,0,REVISION_MANUAL,0
42,10000.0,3000.0,2,4,2,Propia,Consumo,10000.0,False,True,966902102,9669021,APROBADO,100,0.3,MODERADO,R001|R005|R012,3,1,,True,False,1,1,APROBADO,1
26,2000.0,600.0,0,2,1,Familiar,Negocio,12000.0,False,True,967103102,9671031,RECHAZADO,18,0.3,MODERADO,R002|R006,2,0,,True,True,0,0,RECHAZADO,0
63,7000.0,2100.0,2,0,2,Propia,Consumo,10000.0,True,True,967608101,9676081,REVISION_MANUAL,68,0.3,MODERADO,R001|R004|R005|R012,4,1,,True,False,1,0,REVISION_MANUAL,0
43,8000.0,2400.0,2,1,1,Familiar,Consumo,10000.0,False,True,967704102,9677041,REVISION_MANUAL,75,0.3,MODERADO,R001|R012,2,1,,True,False,1,0,APROBADO,1
73,2500.0,750.0,2,0,0,Propia,Consumo,10000.0,True,True,968205101,9682051,REVISION_MANUAL,68,0.3,MODERADO,R001|R004|R005|R012,4,1,,True,False,1,0,REVISION_MANUAL,0
27,4000.0,1200.0,0,0,3,Familiar,Consumo,10000.0,True,True,968704103,9687041,RECHAZADO,0,0.3,MODERADO,R002|R004,2,0,,True,True,0,0,RECHAZADO,0
41,24000.0,7200.0,2,4,3,Familiar,Consumo,10000.0,False,True,969204102,9692041,APROBADO,93,0.3,MODERADO,R001|R012,2,1,,True,False,1,1,APROBADO,1
63,2400.0,720.0,2,4,1,Propia,Consumo,10000.0,False,True,969503101,9695031,APROBADO,85,0.3,MODERADO,R001|R005,2,0,,True,False,1,1,APROBADO,1
33,7000.0,2100.0,2,5,1,Familiar,Consumo,10000.0,True,True,969602101,9696021,APROBADO,100,0.3,MODERADO,R001|R003|R012,3,1,,True,False,1,1,APROBADO,1
48,7000.0,2100.0,2,2,2,Propia,Consumo,10000.0,False,True,969805101,9698051,APROBADO,98,0.3,MODERADO,R001|R005|R012,3,1,,True,False,1,1,APROBADO,1
53,7000.0,2100.0,2,0,0,Familiar,Consumo,10000.0,True,True,970101102,9701011,RECHAZADO,58,0.3,MODERADO,R001|R004|R012,3,1,,True,False,1,0,REVISION_MANUAL,0
40,15000.0,4500.0,2,4,1,Propia,Consumo,10000.0,False,True,970302103,9703021,APROBADO,100,0.3,MODERADO,R001|R005|R012,3,1,,True,False,1,1,APROBADO,1
43,3000.0,900.0,2,4,1,Propia,Consumo,10000.0,False,True,970603101,9706031,APROBADO,97,0.3,MODERADO,R001|R005|R012,3,1,,True,False,1,1,APROBADO,1
41,6300.0,1890.0,2,4,0,Propia,Consumo,10000.0,False,True,970802101,9708021,APROBADO,100,0.3,MODERADO,R001|R005|R012|R015,4,2,,True,False,1,1,APROBADO,1
53,3000.0,900.0,2,4,0,Propia,Consumo,10000.0,False,True,970905101,9709051,APROBADO,100,0.3,MODERADO,R001|R005|R012|R015,4,2,,True,False,1,1,APROBADO,1
25,4000.0,1200.0,2,0,1,Familiar,Consumo,10000.0,True,True,971605103,9716051,RECHAZADO,55,0.3,MODERADO,R001|R004|R012,3,1,,True,False,1,0,REVISION_MANUAL,0
67,600.0,180.0,2,2,0,Familiar,Consumo,10000.0,False,True,971701102,9717011,REVISION_MANUAL,70,0.3,MODERADO,R001,1,0,,True,False,1,0,REVISION_MANUAL,0
28,8700.0,2610.0,2,4,4,Familiar,Consumo,10000.0,False,True,971901105,9719011,REVISION_MANUAL,71,0.3,MODERADO,R001|R010|R012,3,1,,True,False,1,0,REVISION_MANUAL,0
45,5000.0,1500.0,2,2,0,Familiar,Consumo,10000.0,False,True,972003101,9720031,APROBADO,85,0.3,MODERADO,R001|R012,2,1,,True,False,1,1,APROBADO,1
35,12000.0,3600.0,2,4,2,Familiar,Consumo,10000.0,False,True,972205102,9722051,APROBADO,87,0.3,MODERADO,R001|R012,2,1,,True,False,1,1,APROBADO,1
41,7000.0,2100.0,0,1,2,Familiar,Consumo,10000.0,True,True,972405102,9724051,RECHAZADO,0,0.3,MODERADO,R002,1,0,,True,True,0,0,RECHAZADO,0
22,500.0,150.0,0,1,1,Familiar,Consumo,9000.0,False,True,972710102,9727101,RECHAZADO,0,0.3,MODERADO,R002,1,0,,True,True,0,0,RECHAZADO,0
50,6500.0,1950.0,2,4,2,Familiar,Consumo,10000.0,False,True,972904101,9729041,APROBADO,83,0.3,MODERADO,R001|R012,2,1,,True,False,1,1,APROBADO,1
32,45000.0,13500.0,2,1,0,Familiar,Consumo,10000.0,False,True,973203101,9732031,APROBADO,92,0.3,MODERADO,R001|R012,2,1,,True,False,1,1,APROBADO,1
30,13000.0,3900.0,0,4,0,Familiar,Consumo,10000.0,False,True,973301101,9733011,RECHAZADO,15,0.3,MODERADO,R002,1,0,,True,True,0,0,RECHAZADO,0
37,11850.0,3555.0,2,1,1,Propia,Consumo,10000.0,False,True,973812102,9738121,APROBADO,93,0.3,MODERADO,R001|R005|R012,3,1,,True,False,1,1,APROBADO,1
61,10000.0,3000.0,2,0,0,Propia,Consumo,10000.0,False,True,973903101,9739031,REVISION_MANUAL,73,0.3,MODERADO,R001|R004|R005|R012,4,1,,True,False,1,0,REVISION_MANUAL,0
30,15000.0,4500.0,2,4,0,Propia,Consumo,10000.0,False,True,974003101,9740031,APROBADO,100,0.3,MODERADO,R001|R005|R012|R015,4,2,,True,False,1,1,APROBADO,1
36,2500.0,750.0,2,1,4,Familiar,Consumo,10000.0,False,True,974102101,9741021,RECHAZADO,57,0.3,MODERADO,R001|R010|R012,3,1,,True,False,1,0,REVISION_MANUAL,0
24,3300.0,990.0,2,4,2,Familiar,Consumo,10000.0,False,True,974305104,9743051,REVISION_MANUAL,79,0.3,MODERADO,R001|R012,2,1,,True,False,1,0,APROBADO,1
64,1500.0,450.0,2,2,0,Familiar,Negocio,12000.0,False,True,974417101,9744171,APROBADO,85,0.3,MODERADO,R001|R006,2,0,,True,False,1,1,APROBADO,1
59,1000.0,300.0,0,1,0,Propia,Consumo,10000.0,False,True,974505101,9745051,RECHAZADO,10,0.3,MODERADO,R002|R005,2,0,,True,True,0,0,RECHAZADO,0
36,2000.0,600.0,0,0,3,Familiar,Consumo,10000.0,True,True,974706102,9747061,RECHAZADO,0,0.3,MODERADO,R002|R004,2,0,,True,True,0,0,RECHAZADO,0
63,7000.0,2100.0,2,0,1,Familiar,Consumo,10000.0,True,True,974801102,9748011,RECHAZADO,55,0.3,MODERADO,R001|R004|R012,3,1,,True,False,1,0,REVISION_MANUAL,0
27,2000.0,600.0,2,4,1,Familiar,Consumo,10000.0,False,True,975402101,9754021,REVISION_MANUAL,71,0.3,MODERADO,R001,1,0,,True,False,1,0,REVISION_MANUAL,0
44,1400.0,420.0,2,4,0,Propia,Consumo,10000.0,False,True,975505101,9755051,APROBADO,95,0.3,MODERADO,R001|R005|R015,3,1,,True,False,1,1,APROBADO,1
36,6000.0,1800.0,2,4,2,Familiar,Consumo,10000.0,False,True,975702104,9757021,APROBADO,83,0.3,MODERADO,R001|R012,2,1,,True,False,1,1,APROBADO,1
34,12000.0,3600.0,2,4,1,Familiar,Consumo,10000.0,False,True,975901101,9759011,APROBADO,88,0.3,MODERADO,R001|R012,2,1,,True,False,1,1,APROBADO,1
70,1500.0,450.0,2,0,1,Propia,Consumo,10000.0,True,True,976705102,9767051,RECHAZADO,56,0.3,MODERADO,R001|R004|R005,3,0,,True,False,1,0,REVISION_MANUAL,0
64,800.0,240.0,2,1,0,Propia,Negocio,12000.0,False,True,976915101,9769151,APROBADO,89,0.3,MODERADO,R001|R005|R006,3,0,,True,False,1,1,APROBADO,1
78,7000.0,2100.0,2,0,4,Propia,Consumo,10000.0,True,True,977002101,9770021,RECHAZADO,55,0.3,MODERADO,R001|R004|R005|R010|R012,5,1,,True,False,1,0,REVISION_MANUAL,0
67,7000.0,2100.0,2,4,0,Propia,Consumo,10000.0,True,True,977205101,9772051,APROBADO,100,0.3,MODERADO,R001|R005|R012|R015,4,2,,True,False,1,1,APROBADO,1
46,2000.0,600.0,2,1,3,Propia,Negocio,12000.0,False,True,977603101,9776031,APROBADO,85,0.3,MODERADO,R001|R005|R006,3,0,,True,False,1,1,APROBADO,1
45,12000.0,3600.0,0,1,2,Propia,Consumo,10000.0,False,True,978301103,9783011,RECHAZADO,17,0.3,MODERADO,R002|R005,2,0,,True,True,0,0,RECHAZADO,0
36,600.0,180.0,0,1,2,Propia,Consumo,10000.0,False,True,978414101,9784141,RECHAZADO,9,0.3,MODERADO,R002|R005,2,0,,True,True,0,0,RECHAZADO,0
50,2000.0,600.0,0,0,2,Propia,Consumo,10000.0,True,True,978704103,9787041,RECHAZADO,0,0.3,MODERADO,R002|R004|R005,3,0,,True,True,0,0,RECHAZADO,0
43,2000.0,600.0,2,4,1,Familiar,Consumo,10000.0,False,True,979218102,9792181,REVISION_MANUAL,71,0.3,MODERADO,R001,1,0,,True,False,1,0,REVISION_MANUAL,0
38,1800.0,540.0,0,1,3,Propia,Consumo,10000.0,False,True,979901101,9799011,RECHAZADO,8,0.3,MODERADO,R002|R005,2,0,,True,True,0,0,RECHAZADO,0
65,15000.0,4500.0,2,4,1,Propia,Consumo,10000.0,False,True,980204101,9802041,APROBADO,100,0.3,MODERADO,R001|R005|R012,3,1,,True,False,1,1,APROBADO,1
55,2800.0,840.0,2,2,0,Propia,Consumo,10000.0,False,True,981014101,9810141,APROBADO,98,0.3,MODERADO,R001|R005|R012,3,1,,True,False,1,1,APROBADO,1
42,3000.0,900.0,2,4,1,Propia,Consumo,10000.0,False,True,981402102,9814021,APROBADO,97,0.3,MODERADO,R001|R005|R012,3,1,,True,False,1,1,APROBADO,1
33,7000.0,2100.0,2,0,1,Familiar,Consumo,10000.0,True,True,981503102,9815031,RECHAZADO,57,0.3,MODERADO,R001|R004|R012,3,1,,True,False,1,0,REVISION_MANUAL,0
54,5000.0,1500.0,2,1,0,Propia,Consumo,10000.0,False,True,981604101,9816041,APROBADO,90,0.3,MODERADO,R001|R005|R012,3,1,,True,False,1,1,APROBADO,1
43,3600.0,1080.0,2,4,2,Familiar,Consumo,10000.0,False,True,981805102,9818051,APROBADO,81,0.3,MODERADO,R001|R012,2,1,,True,False,1,1,APROBADO,1
40,26000.0,7800.0,2,4,4,Propia,Consumo,10000.0,False,True,981903104,9819031,APROBADO,98,0.3,MODERADO,R001|R005|R010|R012,4,1,,True,False,1,1,APROBADO,1
39,15000.0,4500.0,2,2,1,Familiar,Consumo,10000.0,False,True,982505101,9825051,APROBADO,90,0.3,MODERADO,R001|R012,2,1,,True,False,1,1,APROBADO,1
44,2000.0,600.0,0,0,2,Propia,Consumo,10000.0,True,True,982704102,9827041,RECHAZADO,0,0.3,MODERADO,R002|R004|R005,3,0,,True,True,0,0,RECHAZADO,0
26,30000.0,9000.0,2,5,1,Familiar,Consumo,10000.0,False,True,982806102,9828061,APROBADO,100,0.3,MODERADO,R001|R003|R012,3,1,,True,False,1,1,APROBADO,1
22,1800.0,540.0,2,4,0,Familiar,Consumo,10000.0,False,True,982902201,9829022,REVISION_MANUAL,71,0.3,MODERADO,R001,1,0,,True,False,1,0,REVISION_MANUAL,0
30,10000.0,3000.0,2,4,1,Familiar,Consumo,10000.0,False,True,983005102,9830051,APROBADO,87,0.3,MODERADO,R001|R012,2,1,,True,False,1,1,APROBADO,1
68,2500.0,750.0,2,0,2,Propia,Consumo,10000.0,True,True,983403101,9834031,REVISION_MANUAL,65,0.3,MODERADO,R001|R004|R005|R012,4,1,,True,False,1,0,REVISION_MANUAL,0
26,2000.0,600.0,0,1,3,Familiar,Consumo,10000.0,False,True,983719102,9837191,RECHAZADO,0,0.3,MODERADO,R002,1,0,,True,True,0,0,RECHAZADO,0
98,7000.0,2100.0,0,4,1,Familiar,Consumo,10000.0,True,True,984003102,9840031,RECHAZADO,8,0.3,MODERADO,R002,1,0,,True,True,0,0,RECHAZADO,0
65,1500.0,450.0,0,0,1,Familiar,Consumo,10000.0,True,True,984203102,9842031,RECHAZADO,0,0.3,MODERADO,R002|R004,2,0,,True,True,0,0,RECHAZADO,0
31,6000.0,1800.0,2,4,1,Familiar,Consumo,10000.0,False,True,984501102,9845011,APROBADO,84,0.3,MODERADO,R001|R012,2,1,,True,False,1,1,APROBADO,1
35,4000.0,1200.0,2,4,2,Familiar,Consumo,10000.0,True,True,985203102,9852031,APROBADO,81,0.3,MODERADO,R001|R012,2,1,,True,False,1,1,APROBADO,1
19,6000.0,1800.0,2,4,1,Familiar,Consumo,10000.0,False,True,985303101,9853031,REVISION_MANUAL,70,0.3,MODERADO,R001|R009|R012,3,1,,True,False,1,0,REVISION_MANUAL,0
37,30000.0,9000.0,2,4,0,Familiar,Consumo,10000.0,False,True,985601101,9856011,APROBADO,100,0.3,MODERADO,R001|R012,2,1,,True,False,1,1,APROBADO,1
41,50000.0,15000.0,2,4,0,Familiar,Consumo,10000.0,False,True,986003102,9860031,APROBADO,100,0.3,MODERADO,R001|R012,2,1,,True,False,1,1,APROBADO,1
47,3000.0,900.0,2,4,0,Propia,Negocio,12000.0,False,True,986307101,9863071,APROBADO,100,0.3,MODERADO,R001|R005|R006|R012|R015,5,2,,True,False,1,1,APROBADO,1
40,1500.0,450.0,0,0,1,Familiar,Negocio,12000.0,True,True,986404102,9864041,RECHAZADO,0,0.3,MODERADO,R002|R004|R006,3,0,,True,True,0,0,RECHAZADO,0
35,2000.0,600.0,2,0,3,Propia,Consumo,10000.0,True,True,986905101,9869051,RECHAZADO,55,0.3,MODERADO,R001|R004|R005,3,0,,True,False,1,0,REVISION_MANUAL,0
53,1800.0,540.0,2,4,5,Propia,Consumo,10000.0,False,True,987003101,9870031,REVISION_MANUAL,72,0.3,MODERADO,R001|R005|R010,3,0,,True,False,1,0,REVISION_MANUAL,0
27,7000.0,2100.0,0,4,2,Familiar,Consumo,10000.0,True,True,987205103,9872051,RECHAZADO,8,0.3,MODERADO,R002,1,0,,True,True,0,0,RECHAZADO,0
60,1500.0,450.0,2,0,1,Familiar,Consumo,10000.0,True,True,987501102,9875011,RECHAZADO,41,0.3,MODERADO,R001|R004,2,0,,True,False,1,0,RECHAZADO,0
20,2500.0,750.0,0,0,0,Familiar,Consumo,10000.0,True,True,987602102,9876021,RECHAZADO,0,0.3,MODERADO,R002|R004|R009,3,0,,True,True,0,0,RECHAZADO,0
49,6000.0,1800.0,2,1,0,Familiar,Consumo,10000.0,False,True,987801102,9878011,REVISION_MANUAL,76,0.3,MODERADO,R001|R012,2,1,,True,False,1,0,APROBADO,1
47,1500.0,450.0,2,1,2,Propia,Consumo,10000.0,True,True,987904101,9879041,REVISION_MANUAL,75,0.3,MODERADO,R001|R005,2,0,,True,False,1,0,APROBADO,1
37,2000.0,600.0,0,1,2,Propia,Consumo,10000.0,True,True,988309101,9883091,RECHAZADO,10,0.3,MODERADO,R002|R005,2,0,,True,True,0,0,RECHAZADO,0
55,2500.0,750.0,2,0,0,Propia,Consumo,10000.0,True,True,989604102,9896041,REVISION_MANUAL,70,0.3,MODERADO,R001|R004|R005|R012,4,1,,True,False,1,0,REVISION_MANUAL,0
31,2000.0,600.0,2,4,0,Familiar,Consumo,10000.0,False,True,989704101,9897041,REVISION_MANUAL,73,0.3,MODERADO,R001,1,0,,True,False,1,0,REVISION_MANUAL,0
54,3000.0,900.0,2,4,1,Propia,Consumo,10000.0,False,True,989801102,9898011,APROBADO,97,0.3,MODERADO,R001|R005|R012,3,1,,True,False,1,1,APROBADO,1
39,2700.0,810.0,2,4,4,Familiar,Consumo,10000.0,False,True,990014103,9900141,REVISION_MANUAL,67,0.3,MODERADO,R001|R010|R012,3,1,,True,False,1,0,REVISION_MANUAL,0
66,7000.0,2100.0,2,0,0,Familiar,Consumo,10000.0,True,True,990402101,9904021,RECHAZADO,56,0.3,MODERADO,R001|R004|R012,3,1,,True,False,1,0,REVISION_MANUAL,0
24,3000.0,900.0,2,3,3,Propia,Negocio,12000.0,False,True,990503101,9905031,APROBADO,100,0.3,MODERADO,R001|R005|R006|R012,4,1,,True,False,1,1,APROBADO,1
37,20000.0,6000.0,2,4,2,Familiar,Consumo,10000.0,False,True,990603102,9906031,APROBADO,92,0.3,MODERADO,R001|R012,2,1,,True,False,1,1,APROBADO,1
27,15000.0,4500.0,0,2,3,Familiar,Consumo,10000.0,False,True,990905104,9909051,RECHAZADO,12,0.3,MODERADO,R002,1,0,,True,True,0,0,RECHAZADO,0
66,14000.0,4200.0,2,4,1,Propia,Consumo,10000.0,True,True,991003101,9910031,APROBADO,100,0.3,MODERADO,R001|R005|R012,3,1,,True,False,1,1,APROBADO,1
79,2000.0,600.0,2,0,0,Propia,Consumo,10000.0,True,True,991205101,9912051,RECHAZADO,58,0.3,MODERADO,R001|R004|R005,3,0,,True,False,1,0,REVISION_MANUAL,0
35,7000.0,2100.0,0,4,1,Familiar,Consumo,10000.0,True,True,991501101,9915011,RECHAZADO,10,0.3,MODERADO,R002,1,0,,True,True,0,0,RECHAZADO,0
31,7000.0,2100.0,2,4,0,Familiar,Consumo,10000.0,True,True,992403101,9924031,APROBADO,86,0.3,MODERADO,R001|R012,2,1,,True,False,1,1,APROBADO,1
53,1800.0,540.0,2,4,1,Propia,Consumo,10000.0,False,True,992503101,9925031,APROBADO,86,0.3,MODERADO,R001|R005,2,0,,True,False,1,1,APROBADO,1
29,15000.0,4500.0,2,4,0,Familiar,Consumo,10000.0,False,True,992605102,9926051,APROBADO,92,0.3,MODERADO,R001|R012,2,1,,True,False,1,1,APROBADO,1
31,1800.0,540.0,0,2,1,Familiar,Consumo,10000.0,False,True,992905102,9929051,RECHAZADO,6,0.3,MODERADO,R002,1,0,,True,True,0,0,RECHAZADO,0
68,2000.0,600.0,2,0,1,Propia,Consumo,10000.0,True,True,993405101,9934051,RECHAZADO,56,0.3,MODERADO,R001|R004|R005,3,0,,True,False,1,0,REVISION_MANUAL,0
76,1300.0,390.0,2,1,3,Propia,Consumo,10000.0,False,True,993810101,9938101,REVISION_MANUAL,71,0.3,MODERADO,R001|R005,2,0,,True,False,1,0,REVISION_MANUAL,0
36,12000.0,3600.0,2,4,0,Familiar,Consumo,10000.0,False,True,993904102,9939041,APROBADO,90,0.3,MODERADO,R001|R012,2,1,,True,False,1,1,APROBADO,1
29,25000.0,7500.0,2,4,1,Propia,Consumo,10000.0,False,True,994205101,9942051,APROBADO,100,0.3,MODERADO,R001|R005|R012,3,1,,True,False,1,1,APROBADO,1
30,16000.0,4800.0,2,4,0,Propia,Consumo,10000.0,False,True,995105101,9951051,APROBADO,100,0.3,MODERADO,R001|R005|R012|R015,4,2,,True,False,1,1,APROBADO,1
38,4000.0,1200.0,2,0,2,Propia,Consumo,10000.0,True,True,995302102,9953021,REVISION_MANUAL,68,0.3,MODERADO,R001|R004|R005|R012,4,1,,True,False,1,0,REVISION_MANUAL,0
26,4000.0,1200.0,2,0,1,Familiar,Consumo,10000.0,True,True,995603102,9956031,RECHAZADO,55,0.3,MODERADO,R001|R004|R012,3,1,,True,False,1,0,REVISION_MANUAL,0
25,8000.0,2400.0,2,2,1,Familiar,Consumo,10000.0,False,True,995904101,9959041,APROBADO,85,0.3,MODERADO,R001|R012,2,1,,True,False,1,1,APROBADO,1
36,3000.0,900.0,0,4,2,Familiar,Consumo,10000.0,False,True,996011101,9960111,RECHAZADO,6,0.3,MODERADO,R002,1,0,,True,True,0,0,RECHAZADO,0
36,2000.0,600.0,2,4,0,Familiar,Consumo,10000.0,False,True,996616102,9966161,REVISION_MANUAL,73,0.3,MODERADO,R001,1,0,,True,False,1,0,REVISION_MANUAL,0
65,1000.0,300.0,0,0,1,Familiar,Consumo,10000.0,True,True,997003102,9970031,RECHAZADO,0,0.3,MODERADO,R002|R004,2,0,,True,True,0,0,RECHAZADO,0
30,1400.0,420.0,2,1,3,Familiar,Negocio,12000.0,False,True,997309103,9973091,REVISION_MANUAL,70,0.3,MODERADO,R001|R006,2,0,,True,False,1,0,REVISION_MANUAL,0
28,14000.0,4200.0,2,4,1,Familiar,Consumo,10000.0,False,True,997501101,9975011,APROBADO,89,0.3,MODERADO,R001|R012,2,1,,True,False,1,1,APROBADO,1
28,4300.0,1290.0,2,4,4,Familiar,Consumo,10000.0,False,True,997918103,9979181,REVISION_MANUAL,68,0.3,MODERADO,R001|R010|R012,3,1,,True,False,1,0,REVISION_MANUAL,0
22,3800.0,1140.0,2,4,0,Familiar,Consumo,10000.0,False,True,998304102,9983041,APROBADO,82,0.3,MODERADO,R001|R012,2,1,,True,False,1,1,APROBADO,1
56,1500.0,450.0,2,2,4,Familiar,Consumo,10000.0,False,True,998505101,9985051,RECHAZADO,55,0.3,MODERADO,R001|R010,2,0,,True,False,1,0,REVISION_MANUAL,0
42,2000.0,600.0,2,4,7,Familiar,Negocio,12000.0,False,True,998814103,9988141,REVISION_MANUAL,69,0.3,MODERADO,R001|R006|R010,3,0,,True,False,1,0,REVISION_MANUAL,0
57,2400.0,720.0,0,2,7,Familiar,Consumo,10000.0,False,True,998920101,9989201,RECHAZADO,0,0.3,MODERADO,R002|R010,2,0,,True,True,0,0,RECHAZADO,0
42,7000.0,2100.0,0,4,2,Familiar,Consumo,10000.0,True,True,999301102,9993011,RECHAZADO,8,0.3,MODERADO,R002,1,0,,True,True,0,0,RECHAZADO,0
40,2000.0,600.0,2,0,3,Propia,Consumo,10000.0,True,True,999405101,9994051,RECHAZADO,55,0.3,MODERADO,R001|R004|R005,3,0,,True,False,1,0,REVISION_MANUAL,0
72,5000.0,1500.0,2,4,1,Propia,Consumo,10000.0,False,True,999503101,9995031,APROBADO,96,0.3,MODERADO,R001|R005|R012,3,1,,True,False,1,1,APROBADO,1
53,45000.0,13500.0,2,4,2,Propia,Consumo,10000.0,False,True,1000004101,10000041,APROBADO,100,0.3,MODERADO,R001|R005|R012,3,1,,True,False,1,1,APROBADO,1
45,1250.0,375.0,2,3,2,Propia,Consumo,10000.0,False,True,1000202101,10002021,APROBADO,84,0.3,MODERADO,R001|R005,2,0,,True,False,1,1,APROBADO,1
24,6800.0,2040.0,0,1,3,Familiar,Consumo,10000.0,False,True,1000301104,10003011,RECHAZADO,0,0.3,MODERADO,R002,1,0,,True,True,0,0,RECHAZADO,0
36,500.0,150.0,2,2,2,Familiar,Consumo,9000.0,False,True,1000301201,10003012,REVISION_MANUAL,69,0.3,MODERADO,R001,1,0,,True,False,1,0,REVISION_MANUAL,0
24,1600.0,480.0,2,4,5,Familiar,Consumo,10000.0,False,True,1000504103,10005041,RECHAZADO,55,0.3,MODERADO,R001|R010,2,0,,True,False,1,0,REVISION_MANUAL,0
47,5000.0,1500.0,0,1,1,Propia,Consumo,10000.0,False,True,1000803101,10008031,RECHAZADO,13,0.3,MODERADO,R002|R005,2,0,,True,True,0,0,RECHAZADO,0
49,1000.0,300.0,2,1,2,Propia,Consumo,10000.0,False,True,1000904101,10009041,REVISION_MANUAL,74,0.3,MODERADO,R001|R005,2,0,,True,False,1,0,REVISION_MANUAL,0
36,2000.0,600.0,2,1,3,Familiar,Consumo,10000.0,False,True,1001005102,10010051,RECHAZADO,58,0.3,MODERADO,R001,1,0,,True,False,1,0,REVISION_MANUAL,0
31,6000.0,1800.0,2,4,2,Familiar,Consumo,10000.0,False,True,1001103102,10011031,APROBADO,83,0.3,MODERADO,R001|R012,2,1,,True,False,1,1,APROBADO,1
24,1800.0,540.0,2,4,2,Familiar,Consumo,10000.0,False,True,1001407103,10014071,REVISION_MANUAL,68,0.3,MODERADO,R001,1,0,,True,False,1,0,REVISION_MANUAL,0
42,13000.0,3900.0,2,4,2,Propia,Consumo,10000.0,False,True,1001504101,10015041,APROBADO,100,0.3,MODERADO,R001|R005|R012,3,1,,True,False,1,1,APROBADO,1
18,600.0,180.0,0,1,2,Familiar,Consumo,10000.0,False,True,1001612103,10016121,RECHAZADO,0,0.3,MODERADO,R002|R009,2,0,,True,True,0,0,RECHAZADO,0
62,4500.0,1350.0,2,1,2,Propia,Consumo,10000.0,False,True,1001904101,10019041,APROBADO,85,0.3,MODERADO,R001|R005|R012,3,1,,True,False,1,1,APROBADO,1
29,9800.0,2940.0,2,4,1,Familiar,Consumo,10000.0,False,True,1002001103,10020011,APROBADO,87,0.3,MODERADO,R001|R012,2,1,,True,False,1,1,APROBADO,1
42,7000.0,2100.0,2,4,1,Familiar,Consumo,10000.0,True,True,1002104101,10021041,APROBADO,85,0.3,MODERADO,R001|R012,2,1,,True,False,1,1,APROBADO,1
41,36000.0,10800.0,2,4,2,Propia,Consumo,10000.0,False,True,1002903101,10029031,APROBADO,100,0.3,MODERADO,R001|R005|R012,3,1,,True,False,1,1,APROBADO,1
98,2000.0,600.0,0,4,0,Familiar,Consumo,10000.0,True,True,1003203101,10032031,RECHAZADO,6,0.3,MODERADO,R002,1,0,,True,True,0,0,RECHAZADO,0
72,2500.0,750.0,2,0,0,Propia,Consumo,10000.0,True,True,1003502101,10035021,REVISION_MANUAL,68,0.3,MODERADO,R001|R004|R005|R012,4,1,,True,False,1,0,REVISION_MANUAL,0
47,1200.0,360.0,2,4,2,Propia,Consumo,10000.0,False,True,1003604102,10036041,APROBADO,84,0.3,MODERADO,R001|R005,2,0,,True,False,1,1,APROBADO,1
66,2000.0,600.0,0,1,0,Propia,Consumo,10000.0,False,True,1003903101,10039031,RECHAZADO,11,0.3,MODERADO,R002|R005,2,0,,True,True,0,0,RECHAZADO,0
49,14000.0,4200.0,2,4,0,Propia,Consumo,10000.0,False,True,1004103101,10041031,APROBADO,100,0.3,MODERADO,R001|R005|R012|R015,4,2,,True,False,1,1,APROBADO,1
22,7000.0,2100.0,2,0,1,Familiar,Consumo,10000.0,True,True,1004305103,10043051,RECHAZADO,55,0.3,MODERADO,R001|R004|R012,3,1,,True,False,1,0,REVISION_MANUAL,0
39,12000.0,3600.0,0,4,1,Propia,Consumo,10000.0,False,True,1004503101,10045031,RECHAZADO,28,0.3,MODERADO,R002|R005,2,0,,True,True,0,0,RECHAZADO,0
49,6000.0,1800.0,2,1,3,Familiar,Negocio,12000.0,False,True,1004809102,10048091,APROBADO,83,0.3,MODERADO,R001|R006|R012,3,1,,True,False,1,1,APROBADO,1
32,2500.0,750.0,2,5,2,Familiar,Consumo,10000.0,False,True,1004905102,10049051,APROBADO,100,0.3,MODERADO,R001|R003|R012,3,1,,True,False,1,1,APROBADO,1
42,3500.0,1050.0,2,4,3,Propia,Consumo,10000.0,False,True,1005312102,10053121,APROBADO,94,0.3,MODERADO,R001|R005|R012,3,1,,True,False,1,1,APROBADO,1
21,18000.0,5400.0,0,4,2,Familiar,Consumo,10000.0,False,True,1005505102,10055051,RECHAZADO,14,0.3,MODERADO,R002,1,0,,True,True,0,0,RECHAZADO,0
51,7000.0,2100.0,2,5,1,Familiar,Consumo,10000.0,True,True,1005903101,10059031,APROBADO,100,0.3,MODERADO,R001|R003|R012,3,1,,True,False,1,1,APROBADO,1
36,2700.0,810.0,2,4,4,Familiar,Consumo,10000.0,False,True,1006101101,10061011,REVISION_MANUAL,67,0.3,MODERADO,R001|R010|R012,3,1,,True,False,1,0,REVISION_MANUAL,0
40,14000.0,4200.0,2,4,1,Propia,Consumo,10000.0,True,True,1006204102,10062041,APROBADO,100,0.3,MODERADO,R001|R005|R012,3,1,,True,False,1,1,APROBADO,1
64,1500.0,450.0,2,0,0,Familiar,Consumo,10000.0,True,True,1006301102,10063011,RECHAZADO,43,0.3,MODERADO,R001|R004,2,0,,True,False,1,0,RECHAZADO,0
30,600.0,180.0,2,1,1,Familiar,Consumo,10000.0,False,True,1006504101,10065041,REVISION_MANUAL,60,0.3,MODERADO,R001,1,0,,True,False,1,0,REVISION_MANUAL,0
27,2000.0,600.0,2,0,3,Propia,Negocio,12000.0,True,True,1006702102,10067021,REVISION_MANUAL,67,0.3,MODERADO,R001|R004|R005|R006,4,0,,True,False,1,0,REVISION_MANUAL,0
44,10000.0,3000.0,2,4,2,Propia,Consumo,10000.0,False,True,1006809101,10068091,APROBADO,100,0.3,MODERADO,R001|R005|R012,3,1,,True,False,1,1,APROBADO,1
41,2000.0,600.0,0,4,1,Propia,Consumo,10000.0,False,True,1006906102,10069061,RECHAZADO,21,0.3,MODERADO,R002|R005,2,0,,True,True,0,0,RECHAZADO,0
41,10000.0,3000.0,2,4,0,Propia,Consumo,10000.0,False,True,1007004101,10070041,APROBADO,100,0.3,MODERADO,R001|R005|R012|R015,4,2,,True,False,1,1,APROBADO,1
29,2000.0,600.0,2,3,1,Familiar,Consumo,10000.0,False,True,1007407103,10074071,REVISION_MANUAL,71,0.3,MODERADO,R001,1,0,,True,False,1,0,REVISION_MANUAL,0
29,14000.0,4200.0,0,4,1,Familiar,Consumo,10000.0,False,True,1007505102,10075051,RECHAZADO,14,0.3,MODERADO,R002,1,0,,True,True,0,0,RECHAZADO,0
40,30000.0,9000.0,0,4,0,Propia,Consumo,10000.0,False,True,1007603101,10076031,RECHAZADO,50,0.3,MODERADO,R002|R005|R015,3,1,,True,True,0,0,RECHAZADO,0
22,1200.0,360.0,2,2,0,Familiar,Consumo,10000.0,False,True,1007710102,10077101,REVISION_MANUAL,70,0.3,MODERADO,R001,1,0,,True,False,1,0,REVISION_MANUAL,0
28,20000.0,6000.0,2,4,0,Familiar,Consumo,10000.0,False,True,1007802101,10078021,APROBADO,95,0.3,MODERADO,R001|R012,2,1,,True,False,1,1,APROBADO,1
48,15000.0,4500.0,2,4,1,Propia,Consumo,10000.0,False,True,1008102101,10081021,APROBADO,100,0.3,MODERADO,R001|R005|R012,3,1,,True,False,1,1,APROBADO,1
64,2200.0,660.0,0,2,1,Familiar,Consumo,10000.0,False,True,1008614102,10086141,RECHAZADO,4,0.3,MODERADO,R002,1,0,,True,True,0,0,RECHAZADO,0
34,3000.0,900.0,2,4,2,Familiar,Consumo,10000.0,False,True,1008702103,10087021,APROBADO,81,0.3,MODERADO,R001|R012,2,1,,True,False,1,1,APROBADO,1
30,1200.0,360.0,2,4,1,Propia,Consumo,10000.0,False,True,1008805101,10088051,APROBADO,86,0.3,MODERADO,R001|R005,2,0,,True,False,1,1,APROBADO,1
35,10000.0,3000.0,2,4,0,Propia,Consumo,10000.0,False,True,1008904101,10089041,APROBADO,100,0.3,MODERADO,R001|R005|R012|R015,4,2,,True,False,1,1,APROBADO,1
69,1500.0,450.0,2,0,3,Propia,Consumo,10000.0,True,True,1009102101,10091021,RECHAZADO,53,0.3,MODERADO,R001|R004|R005,3,0,,True,False,1,0,RECHAZADO,0
48,2000.0,600.0,2,4,2,Propia,Consumo,10000.0,False,True,1009304102,10093041,APROBADO,85,0.3,MODERADO,R001|R005,2,0,,True,False,1,1,APROBADO,1
42,10000.0,3000.0,0,2,1,Familiar,Consumo,10000.0,False,True,1009505101,10095051,RECHAZADO,12,0.3,MODERADO,R002,1,0,,True,True,0,0,RECHAZADO,0
49,400.0,120.0,0,1,1,Familiar,Negocio,7200.0,False,True,1009601101,10096011,RECHAZADO,7,0.3,MODERADO,R002|R006,2,0,,True,True,0,0,RECHAZADO,0
40,1700.0,510.0,2,4,0,Familiar,Consumo,10000.0,False,True,1009901101,10099011,REVISION_MANUAL,73,0.3,MODERADO,R001,1,0,,True,False,1,0,REVISION_MANUAL,0
39,2000.0,600.0,2,1,1,Familiar,Negocio,12000.0,True,True,1010205102,10102051,REVISION_MANUAL,73,0.3,MODERADO,R001|R006,2,0,,True,False,1,0,REVISION_MANUAL,0
23,1500.0,450.0,2,1,1,Familiar,Consumo,10000.0,False,True,1010420103,10104201,RECHAZADO,59,0.3,MODERADO,R001,1,0,,True,False,1,0,REVISION_MANUAL,0
28,4000.0,1200.0,2,4,3,Familiar,Consumo,10000.0,True,True,1010901103,10109011,APROBADO,80,0.3,MODERADO,R001|R012,2,1,,True,False,1,1,APROBADO,1
36,2000.0,600.0,2,2,1,Familiar,Consumo,10000.0,False,True,1011103101,10111031,REVISION_MANUAL,71,0.3,MODERADO,R001,1,0,,True,False,1,0,REVISION_MANUAL,0
45,30000.0,9000.0,0,4,1,Propia,Consumo,10000.0,False,True,1011404101,10114041,RECHAZADO,40,0.3,MODERADO,R002|R005,2,0,,True,True,0,0,RECHAZADO,0
21,2500.0,750.0,2,4,2,Familiar,Consumo,10000.0,False,True,1011704103,10117041,REVISION_MANUAL,78,0.3,MODERADO,R001|R012,2,1,,True,False,1,0,APROBADO,1
70,9000.0,2700.0,2,5,0,Propia,Consumo,10000.0,False,True,1011804101,10118041,APROBADO,100,0.3,MODERADO,R001|R003|R005|R012|R015,5,2,,True,False,1,1,APROBADO,1
19,1500.0,450.0,2,2,3,Familiar,Consumo,10000.0,False,True,1011914103,10119141,RECHAZADO,54,0.3,MODERADO,R001|R009,2,0,,True,False,1,0,RECHAZADO,0
34,1500.0,450.0,0,2,1,Familiar,Consumo,10000.0,False,True,1012004101,10120041,RECHAZADO,6,0.3,MODERADO,R002,1,0,,True,True,0,0,RECHAZADO,0
55,7000.0,2100.0,0,0,0,Propia,Consumo,10000.0,True,True,1012105102,10121051,RECHAZADO,0,0.3,MODERADO,R002|R004|R005,3,0,,True,True,0,0,RECHAZADO,0
40,12000.0,3600.0,2,4,2,Familiar,Consumo,10000.0,False,True,1012803102,10128031,APROBADO,87,0.3,MODERADO,R001|R012,2,1,,True,False,1,1,APROBADO,1
30,3200.0,960.0,2,2,0,Familiar,Consumo,10000.0,False,True,1012904102,10129041,APROBADO,84,0.3,MODERADO,R001|R012,2,1,,True,False,1,1,APROBADO,1
58,2500.0,750.0,2,0,0,Familiar,Consumo,10000.0,True,True,1013005102,10130051,RECHAZADO,53,0.3,MODERADO,R001|R004|R012,3,1,,True,False,1,0,RECHAZADO,0
18,500.0,150.0,2,2,2,Familiar,Consumo,9000.0,False,True,1013303103,10133031,RECHAZADO,55,0.3,MODERADO,R001|R009,2,0,,True,False,1,0,REVISION_MANUAL,0
29,7000.0,2100.0,2,4,0,Familiar,Consumo,10000.0,False,True,1013404101,10134041,APROBADO,86,0.3,MODERADO,R001|R012,2,1,,True,False,1,1,APROBADO,1
49,1300.0,390.0,2,4,4,Familiar,Consumo,10000.0,False,True,1014102101,10141021,RECHAZADO,57,0.3,MODERADO,R001|R010,2,0,,True,False,1,0,REVISION_MANUAL,0
39,8000.0,2400.0,0,4,2,Propia,Consumo,10000.0,False,True,1014504102,10145041,RECHAZADO,24,0.3,MODERADO,R002|R005,2,0,,True,True,0,0,RECHAZADO,0
46,2000.0,600.0,0,2,0,Propia,Consumo,10000.0,False,True,1014901101,10149011,RECHAZADO,23,0.3,MODERADO,R002|R005,2,0,,True,True,0,0,RECHAZADO,0
33,13000.0,3900.0,2,4,4,Propia,Consumo,10000.0,False,True,1015002101,10150021,APROBADO,89,0.3,MODERADO,R001|R005|R010|R012,4,1,,True,False,1,1,APROBADO,1
39,1300.0,390.0,0,4,3,Familiar,Consumo,10000.0,False,True,1015204102,10152041,RECHAZADO,3,0.3,MODERADO,R002,1,0,,True,True,0,0,RECHAZADO,0
50,6000.0,1800.0,2,1,2,Familiar,Consumo,10000.0,False,True,1015305101,10153051,REVISION_MANUAL,73,0.3,MODERADO,R001|R012,2,1,,True,False,1,0,REVISION_MANUAL,0
28,4000.0,1200.0,2,5,0,Propia,Consumo,10000.0,False,True,1015518101,10155181,APROBADO,100,0.3,MODERADO,R001|R003|R005|R012|R015,5,2,,True,False,1,1,APROBADO,1
20,4500.0,1350.0,2,4,0,Familiar,Consumo,10000.0,False,True,1015901101,10159011,REVISION_MANUAL,71,0.3,MODERADO,R001|R009|R012,3,1,,True,False,1,0,REVISION_MANUAL,0
50,20000.0,6000.0,2,3,3,Propia,Consumo,10000.0,False,True,1016004102,10160041,APROBADO,100,0.3,MODERADO,R001|R005|R012,3,1,,True,False,1,1,APROBADO,1
29,2000.0,600.0,0,0,2,Familiar,Negocio,12000.0,True,True,1016220102,10162201,RECHAZADO,0,0.3,MODERADO,R002|R004|R006,3,0,,True,True,0,0,RECHAZADO,0
77,1500.0,450.0,2,0,0,Propia,Consumo,10000.0,True,True,1016615102,10166151,RECHAZADO,58,0.3,MODERADO,R001|R004|R005,3,0,,True,False,1,0,REVISION_MANUAL,0
41,1000.0,300.0,2,1,3,Familiar,Negocio,12000.0,False,True,1016701102,10167011,REVISION_MANUAL,70,0.3,MODERADO,R001|R006,2,0,,True,False,1,0,REVISION_MANUAL,0
49,25000.0,7500.0,2,1,1,Familiar,Consumo,10000.0,False,True,1016901103,10169011,APROBADO,87,0.3,MODERADO,R001|R012,2,1,,True,False,1,1,APROBADO,1
20,9000.0,2700.0,2,4,2,Familiar,Consumo,10000.0,False,True,1017103103,10171031,REVISION_MANUAL,71,0.3,MODERADO,R001|R009|R012,3,1,,True,False,1,0,REVISION_MANUAL,0
22,2000.0,600.0,0,1,1,Familiar,Consumo,10000.0,False,True,1017201101,10172011,RECHAZADO,0,0.3,MODERADO,R002,1,0,,True,True,0,0,RECHAZADO,0
26,12000.0,3600.0,2,4,2,Familiar,Consumo,10000.0,False,True,1017405103,10174051,APROBADO,87,0.3,MODERADO,R001|R012,2,1,,True,False,1,1,APROBADO,1
23,1200.0,360.0,2,4,4,Familiar,Consumo,10000.0,False,True,1017602103,10176021,RECHAZADO,55,0.3,MODERADO,R001|R010,2,0,,True,False,1,0,REVISION_MANUAL,0
24,7000.0,2100.0,2,0,1,Familiar,Consumo,10000.0,True,True,1017704102,10177041,RECHAZADO,55,0.3,MODERADO,R001|R004|R012,3,1,,True,False,1,0,REVISION_MANUAL,0
33,4000.0,1200.0,2,1,2,Familiar,Consumo,10000.0,False,True,1017901101,10179011,REVISION_MANUAL,71,0.3,MODERADO,R001|R012,2,1,,True,False,1,0,REVISION_MANUAL,0
35,1400.0,420.0,2,5,2,Familiar,Consumo,10000.0,False,True,1018006102,10180061,APROBADO,93,0.3,MODERADO,R001|R003,2,0,,True,False,1,1,APROBADO,1
67,600.0,180.0,2,3,2,Propia,Consumo,10000.0,False,True,1018112101,10181121,APROBADO,82,0.3,MODERADO,R001|R005,2,0,,True,False,1,1,APROBADO,1
34,2500.0,750.0,0,4,1,Familiar,Consumo,10000.0,False,True,1018320103,10183201,RECHAZADO,7,0.3,MODERADO,R002,1,0,,True,True,0,0,RECHAZADO,0
38,2200.0,660.0,2,4,2,Familiar,Consumo,10000.0,False,True,1019702101,10197021,REVISION_MANUAL,70,0.3,MODERADO,R001,1,0,,True,False,1,0,REVISION_MANUAL,0
25,25000.0,7500.0,2,4,0,Familiar,Consumo,10000.0,False,True,1019805201,10198052,APROBADO,98,0.3,MODERADO,R001|R012,2,1,,True,False,1,1,APROBADO,1
41,15000.0,4500.0,2,3,1,Familiar,Consumo,10000.0,False,True,1020203103,10202031,APROBADO,90,0.3,MODERADO,R001|R012,2,1,,True,False,1,1,APROBADO,1
45,9000.0,2700.0,2,4,0,Propia,Consumo,10000.0,False,True,1020302101,10203021,APROBADO,100,0.3,MODERADO,R001|R005|R012|R015,4,2,,True,False,1,1,APROBADO,1
75,1500.0,450.0,2,1,0,Propia,Negocio,12000.0,False,True,1020505102,10205051,APROBADO,90,0.3,MODERADO,R001|R005|R006,3,0,,True,False,1,1,APROBADO,1
35,20000.0,6000.0,2,4,0,Propia,Consumo,10000.0,False,True,1020602101,10206021,APROBADO,100,0.3,MODERADO,R001|R005|R012|R015,4,2,,True,False,1,1,APROBADO,1
36,4500.0,1350.0,2,1,4,Familiar,Consumo,10000.0,False,True,1020902102,10209021,RECHAZADO,59,0.3,MODERADO,R001|R010|R012,3,1,,True,False,1,0,REVISION_MANUAL,0
22,2500.0,750.0,2,0,0,Familiar,Consumo,10000.0,True,True,1021203101,10212031,RECHAZADO,53,0.3,MODERADO,R001|R004|R012,3,1,,True,False,1,0,RECHAZADO,0
22,3000.0,900.0,2,4,0,Familiar,Consumo,10000.0,False,True,1021203501,10212035,APROBADO,82,0.3,MODERADO,R001|R012,2,1,,True,False,1,1,APROBADO,1
39,3000.0,900.0,0,4,2,Familiar,Consumo,10000.0,False,True,1021301102,10213011,RECHAZADO,6,0.3,MODERADO,R002,1,0,,True,True,0,0,RECHAZADO,0
38,1500.0,450.0,2,0,6,Familiar,Consumo,10000.0,True,True,1021420102,10214201,RECHAZADO,29,0.3,MODERADO,R001|R004|R010,3,0,,True,False,1,0,RECHAZADO,0
32,1900.0,570.0,2,4,2,Propia,Consumo,10000.0,False,True,1021520102,10215201,APROBADO,85,0.3,MODERADO,R001|R005,2,0,,True,False,1,1,APROBADO,1
18,1700.0,510.0,0,2,0,Familiar,Consumo,10000.0,False,True,1021612102,10216121,RECHAZADO,0,0.3,MODERADO,R002|R009,2,0,,True,True,0,0,RECHAZADO,0
36,660.0,198.0,0,1,4,Familiar,Negocio,11880.0,False,True,1021812101,10218121,RECHAZADO,0,0.3,MODERADO,R002|R006|R010,3,0,,True,True,0,0,RECHAZADO,0
37,5000.0,1500.0,0,4,3,Propia,Consumo,10000.0,False,True,1021903101,10219031,RECHAZADO,20,0.3,MODERADO,R002|R005,2,0,,True,True,0,0,RECHAZADO,0
50,32000.0,9600.0,2,4,0,Propia,Consumo,10000.0,False,True,1022201102,10222011,APROBADO,100,0.3,MODERADO,R001|R005|R012|R015,4,2,,True,False,1,1,APROBADO,1
56,2500.0,750.0,2,0,1,Propia,Consumo,10000.0,True,True,1022405101,10224051,REVISION_MANUAL,67,0.3,MODERADO,R001|R004|R005|R012,4,1,,True,False,1,0,REVISION_MANUAL,0
32,600.0,180.0,0,1,2,Familiar,Consumo,10000.0,False,True,1022801102,10228011,RECHAZADO,0,0.3,MODERADO,R002,1,0,,True,True,0,0,RECHAZADO,0
28,15000.0,4500.0,0,4,0,Propia,Consumo,10000.0,False,True,1022901102,10229011,RECHAZADO,40,0.3,MODERADO,R002|R005|R015,3,1,,True,True,0,0,RECHAZADO,0
53,2500.0,750.0,2,0,1,Propia,Consumo,10000.0,True,True,1023104101,10231041,REVISION_MANUAL,69,0.3,MODERADO,R001|R004|R005|R012,4,1,,True,False,1,0,REVISION_MANUAL,0
22,1800.0,540.0,2,4,5,Familiar,Consumo,10000.0,False,True,1023410104,10234101,RECHAZADO,55,0.3,MODERADO,R001|R010,2,0,,True,False,1,0,REVISION_MANUAL,0
39,20000.0,6000.0,2,4,3,Propia,Consumo,10000.0,False,True,1023604101,10236041,APROBADO,100,0.3,MODERADO,R001|R005|R012,3,1,,True,False,1,1,APROBADO,1
64,2000.0,600.0,2,0,0,Propia,Consumo,10000.0,True,True,1023809102,10238091,RECHAZADO,58,0.3,MODERADO,R001|R004|R005,3,0,,True,False,1,0,REVISION_MANUAL,0
26,2500.0,750.0,2,1,8,Familiar,Consumo,10000.0,False,True,1023904102,10239041,RECHAZADO,57,0.3,MODERADO,R001|R010|R012,3,1,,True,False,1,0,REVISION_MANUAL,0
38,7000.0,2100.0,2,4,0,Familiar,Consumo,10000.0,True,True,1024205101,10242051,APROBADO,86,0.3,MODERADO,R001|R012,2,1,,True,False,1,1,APROBADO,1
34,10000.0,3000.0,0,4,3,Propia,Consumo,10000.0,False,True,1024416101,10244161,RECHAZADO,24,0.3,MODERADO,R002|R005,2,0,,True,True,0,0,RECHAZADO,0
54,2500.0,750.0,2,4,2,Propia,Consumo,10000.0,True,True,1024603101,10246031,APROBADO,95,0.3,MODERADO,R001|R005|R012,3,1,,True,False,1,1,APROBADO,1
68,800.0,240.0,2,1,2,Propia,Consumo,10000.0,False,True,1024815102,10248151,REVISION_MANUAL,72,0.3,MODERADO,R001|R005,2,0,,True,False,1,0,REVISION_MANUAL,0
44,1500.0,450.0,2,1,4,Propia,Consumo,10000.0,True,True,1024905101,10249051,REVISION_MANUAL,62,0.3,MODERADO,R001|R005|R010,3,0,,True,False,1,0,REVISION_MANUAL,0
39,28000.0,8400.0,0,4,0,Familiar,Consumo,10000.0,False,True,1025001101,10250011,RECHAZADO,25,0.3,MODERADO,R002,1,0,,True,True,0,0,RECHAZADO,0
44,3000.0,900.0,0,1,3,Familiar,Consumo,10000.0,False,True,1025301102,10253011,RECHAZADO,0,0.3,MODERADO,R002,1,0,,True,True,0,0,RECHAZADO,0
38,5000.0,1500.0,2,2,0,Propia,Consumo,10000.0,False,True,1025704101,10257041,APROBADO,100,0.3,MODERADO,R001|R005|R012,3,1,,True,False,1,1,APROBADO,1
21,2500.0,750.0,2,3,1,Familiar,Consumo,10000.0,False,True,1026001101,10260011,APROBADO,80,0.3,MODERADO,R001|R012,2,1,,True,False,1,1,APROBADO,1
29,16000.0,4800.0,2,4,0,Familiar,Consumo,10000.0,False,True,1026102101,10261021,APROBADO,92,0.3,MODERADO,R001|R012,2,1,,True,False,1,1,APROBADO,1
56,2500.0,750.0,0,0,1,Familiar,Consumo,10000.0,True,True,1026201101,10262011,RECHAZADO,0,0.3,MODERADO,R002|R004,2,0,,True,True,0,0,RECHAZADO,0
44,2500.0,750.0,2,4,2,Propia,Consumo,10000.0,False,True,1026405102,10264051,APROBADO,95,0.3,MODERADO,R001|R005|R012,3,1,,True,False,1,1,APROBADO,1
63,2500.0,750.0,2,0,1,Familiar,Consumo,10000.0,True,True,1026503101,10265031,RECHAZADO,52,0.3,MODERADO,R001|R004|R012,3,1,,True,False,1,0,RECHAZADO,0
45,60000.0,18000.0,2,5,2,Propia,Consumo,10000.0,False,True,1026804101,10268041,APROBADO,100,0.3,MODERADO,R001|R003|R005|R012,4,1,,True,False,1,1,APROBADO,1
29,40000.0,12000.0,0,4,0,Familiar,Consumo,10000.0,False,True,1027005101,10270051,RECHAZADO,27,0.3,MODERADO,R002,1,0,,True,True,0,0,RECHAZADO,0
35,16000.0,4800.0,2,4,0,Propia,Consumo,10000.0,False,True,1027301101,10273011,APROBADO,100,0.3,MODERADO,R001|R005|R012|R015,4,2,,True,False,1,1,APROBADO,1
39,7000.0,2100.0,0,0,2,Propia,Consumo,10000.0,True,True,1027401102,10274011,RECHAZADO,0,0.3,MODERADO,R002|R004|R005,3,0,,True,True,0,0,RECHAZADO,0
73,2500.0,750.0,2,0,0,Familiar,Consumo,10000.0,True,True,1027504102,10275041,RECHAZADO,53,0.3,MODERADO,R001|R004|R012,3,1,,True,False,1,0,RECHAZADO,0
39,7000.0,2100.0,2,1,0,Propia,Consumo,10000.0,True,True,1027605101,10276051,APROBADO,91,0.3,MODERADO,R001|R005|R012,3,1,,True,False,1,1,APROBADO,1
44,2000.0,600.0,2,2,3,Propia,Consumo,10000.0,False,True,1027703101,10277031,APROBADO,83,0.3,MODERADO,R001|R005,2,0,,True,False,1,1,APROBADO,1
22,1200.0,360.0,0,4,2,Familiar,Consumo,10000.0,False,True,1027802102,10278021,RECHAZADO,2,0.3,MODERADO,R002,1,0,,True,True,0,0,RECHAZADO,0
47,7500.0,2250.0,0,4,1,Propia,Consumo,10000.0,False,True,1028115101,10281151,RECHAZADO,25,0.3,MODERADO,R002|R005,2,0,,True,True,0,0,RECHAZADO,0
24,13000.0,3900.0,2,2,0,Familiar,Consumo,10000.0,False,True,1028204102,10282041,APROBADO,88,0.3,MODERADO,R001|R012,2,1,,True,False,1,1,APROBADO,1
32,16500.0,4950.0,2,4,2,Familiar,Consumo,10000.0,False,True,1028301101,10283011,APROBADO,90,0.3,MODERADO,R001|R012,2,1,,True,False,1,1,APROBADO,1
41,30000.0,9000.0,2,1,0,Familiar,Consumo,10000.0,False,True,1029003102,10290031,APROBADO,92,0.3,MODERADO,R001|R012,2,1,,True,False,1,1,APROBADO,1
50,2000.0,600.0,2,4,2,Propia,Consumo,10000.0,False,True,1029301101,10293011,APROBADO,85,0.3,MODERADO,R001|R005,2,0,,True,False,1,1,APROBADO,1
57,2000.0,600.0,2,1,1,Familiar,Consumo,10000.0,False,True,1029403101,10294031,RECHAZADO,59,0.3,MODERADO,R001,1,0,,True,False,1,0,REVISION_MANUAL,0
57,3000.0,900.0,2,1,0,Propia,Consumo,10000.0,False,True,1029703101,10297031,APROBADO,87,0.3,MODERADO,R001|R005|R012,3,1,,True,False,1,1,APROBADO,1
20,2100.0,630.0,2,4,1,Familiar,Consumo,10000.0,False,True,1030305103,10303051,RECHAZADO,57,0.3,MODERADO,R001|R009,2,0,,True,False,1,0,REVISION_MANUAL,0
32,8500.0,2550.0,2,2,0,Familiar,Consumo,10000.0,False,True,1030902101,10309021,APROBADO,87,0.3,MODERADO,R001|R012,2,1,,True,False,1,1,APROBADO,1
31,8000.0,2400.0,2,4,0,Propia,Consumo,10000.0,False,True,1030902201,10309022,APROBADO,100,0.3,MODERADO,R001|R005|R012|R015,4,2,,True,False,1,1,APROBADO,1
38,2850.0,855.0,2,4,3,Propia,Consumo,10000.0,False,True,1031202101,10312021,APROBADO,94,0.3,MODERADO,R001|R005|R012,3,1,,True,False,1,1,APROBADO,1
27,3800.0,1140.0,2,4,1,Propia,Consumo,10000.0,False,True,1031304102,10313041,APROBADO,98,0.3,MODERADO,R001|R005|R012,3,1,,True,False,1,1,APROBADO,1
35,2000.0,600.0,2,4,2,Propia,Consumo,10000.0,False,True,1031402101,10314021,APROBADO,85,0.3,MODERADO,R001|R005,2,0,,True,False,1,1,APROBADO,1
29,2000.0,600.0,2,4,0,Familiar,Consumo,10000.0,False,True,1031703101,10317031,REVISION_MANUAL,73,0.3,MODERADO,R001,1,0,,True,False,1,0,REVISION_MANUAL,0
52,2000.0,600.0,2,4,1,Propia,Consumo,10000.0,False,True,1031906102,10319061,APROBADO,86,0.3,MODERADO,R001|R005,2,0,,True,False,1,1,APROBADO,1
58,2000.0,600.0,2,1,2,Propia,Consumo,10000.0,False,True,1032004102,10320041,REVISION_MANUAL,73,0.3,MODERADO,R001|R005,2,0,,True,False,1,0,REVISION_MANUAL,0
44,4000.0,1200.0,2,4,1,Familiar,Consumo,10000.0,False,True,1032105102,10321051,APROBADO,83,0.3,MODERADO,R001|R012,2,1,,True,False,1,1,APROBADO,1
30,65000.0,19500.0,2,4,1,Propia,Consumo,10000.0,False,True,1032201101,10322011,APROBADO,100,0.3,MODERADO,R001|R005|R012,3,1,,True,False,1,1,APROBADO,1
40,4000.0,1200.0,2,0,2,Familiar,Consumo,10000.0,True,True,1032419102,10324191,RECHAZADO,53,0.3,MODERADO,R001|R004|R012,3,1,,True,False,1,0,RECHAZADO,0
39,1800.0,540.0,0,4,0,Propia,Consumo,10000.0,False,True,1032908102,10329081,RECHAZADO,31,0.3,MODERADO,R002|R005|R015,3,1,,True,True,0,0,RECHAZADO,0
60,7000.0,2100.0,0,0,1,Familiar,Consumo,10000.0,True,True,1033004101,10330041,RECHAZADO,0,0.3,MODERADO,R002|R004,2,0,,True,True,0,0,RECHAZADO,0
38,2000.0,600.0,0,3,2,Propia,Consumo,10000.0,True,True,1033401101,10334011,RECHAZADO,20,0.3,MODERADO,R002|R005,2,0,,True,True,0,0,RECHAZADO,0
33,1400.0,420.0,2,2,1,Propia,Consumo,10000.0,False,True,1033505101,10335051,APROBADO,86,0.3,MODERADO,R001|R005,2,0,,True,False,1,1,APROBADO,1
23,1500.0,450.0,0,2,1,Familiar,Consumo,10000.0,False,True,1033904101,10339041,RECHAZADO,4,0.3,MODERADO,R002,1,0,,True,True,0,0,RECHAZADO,0
32,13000.0,3900.0,2,4,2,Familiar,Consumo,10000.0,False,True,1034102101,10341021,APROBADO,87,0.3,MODERADO,R001|R012,2,1,,True,False,1,1,APROBADO,1
25,2000.0,600.0,2,2,3,Propia,Consumo,10000.0,False,True,1034219103,10342191,APROBADO,83,0.3,MODERADO,R001|R005,2,0,,True,False,1,1,APROBADO,1
56,1500.0,450.0,2,0,1,Familiar,Consumo,10000.0,True,True,1034402102,10344021,RECHAZADO,41,0.3,MODERADO,R001|R004,2,0,,True,False,1,0,RECHAZADO,0
69,2000.0,600.0,2,2,0,Propia,Consumo,10000.0,False,True,1034502101,10345021,APROBADO,86,0.3,MODERADO,R001|R005,2,0,,True,False,1,1,APROBADO,1
27,2500.0,750.0,2,0,3,Propia,Consumo,10000.0,True,True,1034612101,10346121,REVISION_MANUAL,66,0.3,MODERADO,R001|R004|R005|R012,4,1,,True,False,1,0,REVISION_MANUAL,0
35,8000.0,2400.0,2,4,1,Familiar,Consumo,10000.0,False,True,1034702102,10347021,APROBADO,85,0.3,MODERADO,R001|R012,2,1,,True,False,1,1,APROBADO,1
31,1500.0,450.0,2,1,3,Familiar,Negocio,12000.0,False,True,1034812103,10348121,REVISION_MANUAL,70,0.3,MODERADO,R001|R006,2,0,,True,False,1,0,REVISION_MANUAL,0
39,50000.0,15000.0,2,4,0,Propia,Consumo,10000.0,False,True,1034905101,10349051,APROBADO,100,0.3,MODERADO,R001|R005|R012|R015,4,2,,True,False,1,1,APROBADO,1
32,15000.0,4500.0,0,4,2,Familiar,Consumo,10000.0,False,True,1035101101,10351011,RECHAZADO,14,0.3,MODERADO,R002,1,0,,True,True,0,0,RECHAZADO,0
33,12000.0,3600.0,2,4,1,Propia,Consumo,10000.0,False,True,1035204101,10352041,APROBADO,100,0.3,MODERADO,R001|R005|R012,3,1,,True,False,1,1,APROBADO,1
34,1000.0,300.0,2,1,2,Familiar,Consumo,10000.0,False,True,1035408101,10354081,RECHAZADO,59,0.3,MODERADO,R001,1,0,,True,False,1,0,REVISION_MANUAL,0
19,2500.0,750.0,2,4,2,Familiar,Consumo,10000.0,False,True,1035504103,10355041,REVISION_MANUAL,66,0.3,MODERADO,R001|R009|R012,3,1,,True,False,1,0,REVISION_MANUAL,0
68,2000.0,600.0,0,0,1,Propia,Consumo,10000.0,True,True,1035813102,10358131,RECHAZADO,0,0.3,MODERADO,R002|R004|R005,3,0,,True,True,0,0,RECHAZADO,0
34,2000.0,600.0,2,0,4,Familiar,Consumo,10000.0,True,True,1036505104,10365051,RECHAZADO,29,0.3,MODERADO,R001|R004|R010,3,0,,True,False,1,0,RECHAZADO,0
32,12000.0,3600.0,2,4,2,Propia,Consumo,10000.0,False,True,1036604101,10366041,APROBADO,100,0.3,MODERADO,R001|R005|R012,3,1,,True,False,1,1,APROBADO,1
45,7000.0,2100.0,2,4,2,Propia,Consumo,10000.0,False,True,1036703101,10367031,APROBADO,98,0.3,MODERADO,R001|R005|R012,3,1,,True,False,1,1,APROBADO,1
36,8800.0,2640.0,2,4,2,Familiar,Consumo,10000.0,False,True,1037003106,10370031,APROBADO,84,0.3,MODERADO,R001|R012,2,1,,True,False,1,1,APROBADO,1
50,9000.0,2700.0,0,4,2,Propia,Consumo,10000.0,False,True,1037801101,10378011,RECHAZADO,25,0.3,MODERADO,R002|R005,2,0,,True,True,0,0,RECHAZADO,0
48,2000.0,600.0,2,1,0,Propia,Consumo,10000.0,False,True,1037901101,10379011,REVISION_MANUAL,78,0.3,MODERADO,R001|R005,2,0,,True,False,1,0,APROBADO,1
54,2100.0,630.0,2,4,1,Propia,Consumo,10000.0,False,True,1038105101,10381051,APROBADO,86,0.3,MODERADO,R001|R005,2,0,,True,False,1,1,APROBADO,1
46,8000.0,2400.0,2,4,1,Propia,Consumo,10000.0,False,True,1038305101,10383051,APROBADO,100,0.3,MODERADO,R001|R005|R012,3,1,,True,False,1,1,APROBADO,1
26,2500.0,750.0,2,0,3,Familiar,Consumo,10000.0,True,True,1038804105,10388041,RECHAZADO,51,0.3,MODERADO,R001|R004|R012,3,1,,True,False,1,0,RECHAZADO,0
43,4000.0,1200.0,2,0,2,Familiar,Consumo,10000.0,True,True,1038901102,10389011,RECHAZADO,53,0.3,MODERADO,R001|R004|R012,3,1,,True,False,1,0,RECHAZADO,0
34,200.0,60.0,2,2,3,Familiar,Consumo,3600.0,False,True,1039207102,10392071,REVISION_MANUAL,67,0.3,MODERADO,R001,1,0,,True,False,1,0,REVISION_MANUAL,0
60,7000.0,2100.0,2,0,2,Propia,Consumo,10000.0,True,True,1039401102,10394011,REVISION_MANUAL,68,0.3,MODERADO,R001|R004|R005|R012,4,1,,True,False,1,0,REVISION_MANUAL,0
50,2000.0,600.0,2,0,0,Familiar,Negocio,12000.0,True,True,1039802102,10398021,RECHAZADO,57,0.3,MODERADO,R001|R004|R006,3,0,,True,False,1,0,REVISION_MANUAL,0
36,2000.0,600.0,2,1,1,Familiar,Consumo,10000.0,True,True,1040002101,10400021,REVISION_MANUAL,61,0.3,MODERADO,R001,1,0,,True,False,1,0,REVISION_MANUAL,0
42,1400.0,420.0,0,2,3,Familiar,Consumo,10000.0,False,True,1040211102,10402111,RECHAZADO,3,0.3,MODERADO,R002,1,0,,True,True,0,0,RECHAZADO,0
22,1900.0,570.0,2,4,2,Familiar,Consumo,10000.0,False,True,1040301102,10403011,REVISION_MANUAL,68,0.3,MODERADO,R001,1,0,,True,False,1,0,REVISION_MANUAL,0
18,1800.0,540.0,2,2,6,Familiar,Consumo,10000.0,False,True,1040501105,10405011,RECHAZADO,43,0.3,MODERADO,R001|R009|R010,3,0,,True,False,1,0,RECHAZADO,0
46,4000.0,1200.0,2,4,1,Propia,Consumo,10000.0,False,True,1040805101,10408051,APROBADO,98,0.3,MODERADO,R001|R005|R012,3,1,,True,False,1,1,APROBADO,1
41,1750.0,525.0,2,4,0,Propia,Consumo,10000.0,False,True,1041105101,10411051,APROBADO,96,0.3,MODERADO,R001|R005|R015,3,1,,True,False,1,1,APROBADO,1
72,1000.0,300.0,2,0,0,Familiar,Consumo,10000.0,True,True,1041803101,10418031,RECHAZADO,42,0.3,MODERADO,R001|R004,2,0,,True,False,1,0,RECHAZADO,0
66,1500.0,450.0,2,0,0,Familiar,Consumo,10000.0,True,True,1041917102,10419171,RECHAZADO,43,0.3,MODERADO,R001|R004,2,0,,True,False,1,0,RECHAZADO,0
63,2000.0,600.0,2,0,2,Familiar,Consumo,10000.0,True,True,1042302102,10423021,RECHAZADO,40,0.3,MODERADO,R001|R004,2,0,,True,False,1,0,RECHAZADO,0
43,1800.0,540.0,0,4,4,Familiar,Consumo,10000.0,False,True,1042504102,10425041,RECHAZADO,0,0.3,MODERADO,R002|R010,2,0,,True,True,0,0,RECHAZADO,0
23,1200.0,360.0,2,1,1,Familiar,Consumo,10000.0,False,True,1042605103,10426051,RECHAZADO,59,0.3,MODERADO,R001,1,0,,True,False,1,0,REVISION_MANUAL,0
51,1300.0,390.0,2,4,1,Propia,Consumo,10000.0,False,True,1042803101,10428031,APROBADO,86,0.3,MODERADO,R001|R005,2,0,,True,False,1,1,APROBADO,1
37,1500.0,450.0,2,0,4,Propia,Consumo,10000.0,True,True,1043201101,10432011,RECHAZADO,44,0.3,MODERADO,R001|R004|R005|R010,4,0,,True,False,1,0,RECHAZADO,0
31,3500.0,1050.0,2,4,3,Familiar,Consumo,10000.0,False,True,1043402102,10434021,REVISION_MANUAL,79,0.3,MODERADO,R001|R012,2,1,,True,False,1,0,APROBADO,1
67,10000.0,3000.0,2,4,1,Propia,Consumo,10000.0,False,True,1043602101,10436021,APROBADO,100,0.3,MODERADO,R001|R005|R012,3,1,,True,False,1,1,APROBADO,1
24,2500.0,750.0,0,4,1,Familiar,Consumo,10000.0,False,True,1043810101,10438101,RECHAZADO,5,0.3,MODERADO,R002,1,0,,True,True,0,0,RECHAZADO,0
41,890.0,267.0,2,4,1,Familiar,Consumo,10000.0,False,True,1044013102,10440131,REVISION_MANUAL,71,0.3,MODERADO,R001,1,0,,True,False,1,0,REVISION_MANUAL,0
71,2500.0,750.0,2,3,1,Familiar,Consumo,10000.0,False,True,1044505101,10445051,APROBADO,80,0.3,MODERADO,R001|R012,2,1,,True,False,1,1,APROBADO,1
47,9500.0,2850.0,2,4,2,Propia,Consumo,10000.0,False,True,1044715101,10447151,APROBADO,100,0.3,MODERADO,R001|R005|R012,3,1,,True,False,1,1,APROBADO,1
21,9000.0,2700.0,0,2,2,Familiar,Consumo,10000.0,False,True,1045502104,10455021,RECHAZADO,8,0.3,MODERADO,R002,1,0,,True,True,0,0,RECHAZADO,0
44,7000.0,2100.0,2,4,1,Propia,Consumo,10000.0,False,True,1045617201,10456172,APROBADO,100,0.3,MODERADO,R001|R005|R012,3,1,,True,False,1,1,APROBADO,1
55,2500.0,750.0,0,1,0,Propia,Consumo,10000.0,False,True,1045805101,10458051,RECHAZADO,13,0.3,MODERADO,R002|R005,2,0,,True,True,0,0,RECHAZADO,0
29,3000.0,900.0,0,4,1,Propia,Consumo,10000.0,False,True,1046105103,10461051,RECHAZADO,22,0.3,MODERADO,R002|R005,2,0,,True,True,0,0,RECHAZADO,0
37,9000.0,2700.0,0,4,0,Propia,Consumo,10000.0,False,True,1046503101,10465031,RECHAZADO,36,0.3,MODERADO,R002|R005|R015,3,1,,True,True,0,0,RECHAZADO,0
45,25000.0,7500.0,0,4,3,Propia,Consumo,10000.0,False,True,1046801102,10468011,RECHAZADO,34,0.3,MODERADO,R002|R005,2,0,,True,True,0,0,RECHAZADO,0
40,3000.0,900.0,2,5,0,Familiar,Negocio,12000.0,False,True,1046902101,10469021,APROBADO,100,0.3,MODERADO,R001|R003|R006|R012,4,1,,True,False,1,1,APROBADO,1
62,2000.0,600.0,0,0,4,Familiar,Consumo,10000.0,True,True,1047017101,10470171,RECHAZADO,0,0.3,MODERADO,R002|R004|R010,3,0,,True,True,0,0,RECHAZADO,0
53,8000.0,2400.0,2,4,2,Familiar,Consumo,10000.0,False,True,1047801102,10478011,APROBADO,84,0.3,MODERADO,R001|R012,2,1,,True,False,1,1,APROBADO,1
40,1200.0,360.0,2,2,0,Propia,Consumo,10000.0,False,True,1048005102,10480051,APROBADO,87,0.3,MODERADO,R001|R005,2,0,,True,False,1,1,APROBADO,1
39,15000.0,4500.0,2,4,2,Propia,Consumo,10000.0,False,True,1048304101,10483041,APROBADO,100,0.3,MODERADO,R001|R005|R012,3,1,,True,False,1,1,APROBADO,1
39,2500.0,750.0,0,0,3,Propia,Consumo,10000.0,True,True,1049104102,10491041,RECHAZADO,0,0.3,MODERADO,R002|R004|R005,3,0,,True,True,0,0,RECHAZADO,0
33,500.0,150.0,2,1,0,Familiar,Consumo,9000.0,False,True,1049203102,10492031,REVISION_MANUAL,62,0.3,MODERADO,R001,1,0,,True,False,1,0,REVISION_MANUAL,0
47,12000.0,3600.0,2,4,2,Propia,Consumo,10000.0,False,True,1049304101,10493041,APROBADO,100,0.3,MODERADO,R001|R005|R012,3,1,,True,False,1,1,APROBADO,1
43,8000.0,2400.0,2,1,1,Familiar,Consumo,10000.0,False,True,1049401101,10494011,REVISION_MANUAL,75,0.3,MODERADO,R001|R012,2,1,,True,False,1,0,APROBADO,1
52,2000.0,600.0,2,1,1,Familiar,Consumo,10000.0,False,True,1049504102,10495041,REVISION_MANUAL,61,0.3,MODERADO,R001,1,0,,True,False,1,0,REVISION_MANUAL,0
49,8000.0,2400.0,0,2,0,Propia,Consumo,10000.0,False,True,1049601101,10496011,RECHAZADO,27,0.3,MODERADO,R002|R005,2,0,,True,True,0,0,RECHAZADO,0
27,2600.0,780.0,0,2,1,Propia,Consumo,10000.0,False,True,1050003101,10500031,RECHAZADO,22,0.3,MODERADO,R002|R005,2,0,,True,True,0,0,RECHAZADO,0
70,7000.0,2100.0,2,0,1,Propia,Consumo,10000.0,True,True,1050202101,10502021,REVISION_MANUAL,70,0.3,MODERADO,R001|R004|R005|R012,4,1,,True,False,1,0,REVISION_MANUAL,0
54,6500.0,1950.0,2,4,1,Familiar,Consumo,10000.0,False,True,1050301102,10503011,APROBADO,84,0.3,MODERADO,R001|R012,2,1,,True,False,1,1,APROBADO,1
25,1800.0,540.0,2,4,1,Familiar,Consumo,10000.0,False,True,1050403103,10504031,REVISION_MANUAL,71,0.3,MODERADO,R001,1,0,,True,False,1,0,REVISION_MANUAL,0
18,4000.0,1200.0,2,3,1,Familiar,Consumo,10000.0,False,True,1050905103,10509051,REVISION_MANUAL,69,0.3,MODERADO,R001|R009|R012,3,1,,True,False,1,0,REVISION_MANUAL,0
69,2000.0,600.0,2,3,2,Familiar,Consumo,10000.0,False,True,1051002101,10510021,REVISION_MANUAL,68,0.3,MODERADO,R001,1,0,,True,False,1,0,REVISION_MANUAL,0
37,6500.0,1950.0,2,4,1,Familiar,Consumo,10000.0,False,True,1051304101,10513041,APROBADO,84,0.3,MODERADO,R001|R012,2,1,,True,False,1,1,APROBADO,1
50,1500.0,450.0,2,0,4,Propia,Negocio,12000.0,True,True,1052303101,10523031,RECHAZADO,56,0.3,MODERADO,R001|R004|R005|R006|R010,5,0,,True,False,1,0,REVISION_MANUAL,0
46,26000.0,7800.0,2,4,1,Propia,Consumo,10000.0,False,True,1052403101,10524031,APROBADO,100,0.3,MODERADO,R001|R005|R012,3,1,,True,False,1,1,APROBADO,1
32,20000.0,6000.0,2,4,3,Familiar,Consumo,10000.0,False,True,1052605103,10526051,APROBADO,90,0.3,MODERADO,R001|R012,2,1,,True,False,1,1,APROBADO,1
52,100.0,30.0,2,1,0,Propia,Consumo,1800.0,False,True,1052813102,10528131,REVISION_MANUAL,77,0.3,MODERADO,R001|R005,2,0,,True,False,1,0,APROBADO,1
60,800.0,240.0,2,1,0,Propia,Consumo,10000.0,False,True,1052903101,10529031,REVISION_MANUAL,75,0.3,MODERADO,R001|R005,2,0,,True,False,1,0,APROBADO,1
30,15000.0,4500.0,2,4,1,Propia,Consumo,10000.0,False,True,1053004101,10530041,APROBADO,100,0.3,MODERADO,R001|R005|R012,3,1,,True,False,1,1,APROBADO,1
27,2000.0,600.0,2,4,1,Familiar,Consumo,10000.0,False,True,1053201101,10532011,REVISION_MANUAL,71,0.3,MODERADO,R001,1,0,,True,False,1,0,REVISION_MANUAL,0
59,2500.0,750.0,0,0,2,Propia,Consumo,10000.0,True,True,1053303102,10533031,RECHAZADO,0,0.3,MODERADO,R002|R004|R005,3,0,,True,True,0,0,RECHAZADO,0
19,2000.0,600.0,2,0,2,Familiar,Consumo,10000.0,True,True,1053701102,10537011,RECHAZADO,28,0.3,MODERADO,R001|R004|R009,3,0,,True,False,1,0,RECHAZADO,0
32,5000.0,1500.0,0,4,2,Familiar,Consumo,10000.0,False,True,1053901103,10539011,RECHAZADO,7,0.3,MODERADO,R002,1,0,,True,True,0,0,RECHAZADO,0
42,5000.0,1500.0,2,4,1,Propia,Consumo,10000.0,False,True,1054418101,10544181,APROBADO,98,0.3,MODERADO,R001|R005|R012,3,1,,True,False,1,1,APROBADO,1
53,15000.0,4500.0,0,1,0,Familiar,Consumo,10000.0,False,True,1054504101,10545041,RECHAZADO,7,0.3,MODERADO,R002,1,0,,True,True,0,0,RECHAZADO,0
48,3500.0,1050.0,2,4,1,Propia,Negocio,12000.0,False,True,1054601103,10546011,APROBADO,100,0.3,MODERADO,R001|R005|R006|R012,4,1,,True,False,1,1,APROBADO,1
38,24000.0,7200.0,2,4,2,Propia,Consumo,10000.0,False,True,1055102101,10551021,APROBADO,100,0.3,MODERADO,R001|R005|R012,3,1,,True,False,1,1,APROBADO,1
48,7000.0,2100.0,2,4,1,Familiar,Consumo,10000.0,True,True,1055304101,10553041,APROBADO,85,0.3,MODERADO,R001|R012,2,1,,True,False,1,1,APROBADO,1
67,1000.0,300.0,2,1,0,Propia,Negocio,12000.0,False,True,1055507101,10555071,APROBADO,89,0.3,MODERADO,R001|R005|R006,3,0,,True,False,1,1,APROBADO,1
47,1200.0,360.0,2,2,1,Familiar,Consumo,10000.0,False,True,1055803101,10558031,REVISION_MANUAL,71,0.3,MODERADO,R001,1,0,,True,False,1,0,REVISION_MANUAL,0
27,12000.0,3600.0,0,4,3,Familiar,Consumo,10000.0,False,True,1055903101,10559031,RECHAZADO,10,0.3,MODERADO,R002,1,0,,True,True,0,0,RECHAZADO,0
30,1500.0,450.0,2,4,0,Propia,Consumo,10000.0,False,True,1056204101,10562041,APROBADO,96,0.3,MODERADO,R001|R005|R015,3,1,,True,False,1,1,APROBADO,1
23,1800.0,540.0,0,4,0,Familiar,Consumo,10000.0,False,True,1056510201,10565102,RECHAZADO,6,0.3,MODERADO,R002,1,0,,True,True,0,0,RECHAZADO,0
28,1800.0,540.0,2,4,4,Familiar,Consumo,10000.0,False,True,1056601102,10566011,RECHAZADO,57,0.3,MODERADO,R001|R010,2,0,,True,False,1,0,REVISION_MANUAL,0
38,1200.0,360.0,0,1,2,Familiar,Consumo,10000.0,False,True,1056702101,10567021,RECHAZADO,0,0.3,MODERADO,R002,1,0,,True,True,0,0,RECHAZADO,0
30,1200.0,360.0,2,2,2,Familiar,Consumo,10000.0,False,True,1057401101,10574011,REVISION_MANUAL,69,0.3,MODERADO,R001,1,0,,True,False,1,0,REVISION_MANUAL,0
65,2000.0,600.0,2,0,2,Propia,Consumo,10000.0,True,True,1057503102,10575031,RECHAZADO,55,0.3,MODERADO,R001|R004|R005,3,0,,True,False,1,0,REVISION_MANUAL,0
39,90000.0,27000.0,2,4,2,Propia,Consumo,10000.0,False,True,1057605101,10576051,APROBADO,100,0.3,MODERADO,R001|R005|R012,3,1,,True,False,1,1,APROBADO,1
53,1600.0,480.0,2,4,0,Propia,Consumo,10000.0,False,True,1057705101,10577051,APROBADO,96,0.3,MODERADO,R001|R005|R015,3,1,,True,False,1,1,APROBADO,1
34,4300.0,1290.0,0,4,2,Propia,Consumo,10000.0,False,True,1058005102,10580051,RECHAZADO,21,0.3,MODERADO,R002|R005,2,0,,True,True,0,0,RECHAZADO,0
31,3000.0,900.0,0,1,3,Propia,Consumo,10000.0,False,True,1058101101,10581011,RECHAZADO,9,0.3,MODERADO,R002|R005,2,0,,True,True,0,0,RECHAZADO,0
41,1500.0,450.0,0,0,2,Familiar,Consumo,10000.0,True,True,1058403102,10584031,RECHAZADO,0,0.3,MODERADO,R002|R004,2,0,,True,True,0,0,RECHAZADO,0
37,1600.0,480.0,0,4,2,Familiar,Consumo,10000.0,False,True,1058601101,10586011,RECHAZADO,5,0.3,MODERADO,R002,1,0,,True,True,0,0,RECHAZADO,0
59,13000.0,3900.0,2,4,2,Familiar,Consumo,10000.0,False,True,1058803101,10588031,APROBADO,85,0.3,MODERADO,R001|R012,2,1,,True,False,1,1,APROBADO,1
55,15000.0,4500.0,2,4,0,Propia,Consumo,10000.0,False,True,1059001101,10590011,APROBADO,100,0.3,MODERADO,R001|R005|R012|R015,4,2,,True,False,1,1,APROBADO,1
83,2000.0,600.0,2,0,0,Propia,Consumo,10000.0,True,True,1059101101,10591011,RECHAZADO,58,0.3,MODERADO,R001|R004|R005,3,0,,True,False,1,0,REVISION_MANUAL,0
47,23000.0,6900.0,2,4,0,Propia,Consumo,10000.0,False,True,1059205101,10592051,APROBADO,100,0.3,MODERADO,R001|R005|R012|R015,4,2,,True,False,1,1,APROBADO,1
60,2000.0,600.0,2,4,1,Familiar,Consumo,10000.0,True,True,1059604102,10596041,REVISION_MANUAL,69,0.3,MODERADO,R001,1,0,,True,False,1,0,REVISION_MANUAL,0
59,1500.0,450.0,2,0,0,Familiar,Consumo,10000.0,True,True,1059705101,10597051,RECHAZADO,43,0.3,MODERADO,R001|R004,2,0,,True,False,1,0,RECHAZADO,0
33,2500.0,750.0,2,0,3,Familiar,Consumo,10000.0,True,True,1059920101,10599201,RECHAZADO,51,0.3,MODERADO,R001|R004|R012,3,1,,True,False,1,0,RECHAZADO,0
50,6500.0,1950.0,2,4,1,Propia,Consumo,10000.0,False,True,1060104102,10601041,APROBADO,99,0.3,MODERADO,R001|R005|R012,3,1,,True,False,1,1,APROBADO,1
19,7000.0,2100.0,2,1,1,Propia,Consumo,10000.0,False,True,1060703101,10607031,REVISION_MANUAL,76,0.3,MODERADO,R001|R005|R009|R012,4,1,,True,False,1,0,APROBADO,1
40,12000.0,3600.0,2,4,1,Propia,Consumo,10000.0,False,True,1061005102,10610051,APROBADO,100,0.3,MODERADO,R001|R005|R012,3,1,,True,False,1,1,APROBADO,1
39,1800.0,540.0,2,1,2,Propia,Consumo,10000.0,False,True,1061111101,10611111,REVISION_MANUAL,75,0.3,MODERADO,R001|R005,2,0,,True,False,1,0,APROBADO,1
20,7000.0,2100.0,2,0,1,Familiar,Consumo,10000.0,True,True,1061517104,10615171,RECHAZADO,43,0.3,MODERADO,R001|R004|R009|R012,4,1,,True,False,1,0,RECHAZADO,0
61,2000.0,600.0,2,0,2,Propia,Negocio,12000.0,True,True,1061701101,10617011,REVISION_MANUAL,69,0.3,MODERADO,R001|R004|R005|R006,4,0,,True,False,1,0,REVISION_MANUAL,0
53,25000.0,7500.0,2,3,2,Familiar,Consumo,10000.0,False,True,1062504101,10625041,APROBADO,95,0.3,MODERADO,R001|R012,2,1,,True,False,1,1,APROBADO,1
35,12000.0,3600.0,2,2,2,Familiar,Consumo,10000.0,False,True,1062603104,10626031,APROBADO,87,0.3,MODERADO,R001|R012,2,1,,True,False,1,1,APROBADO,1
44,8000.0,2400.0,2,4,2,Propia,Consumo,10000.0,False,True,1062905101,10629051,APROBADO,99,0.3,MODERADO,R001|R005|R012,3,1,,True,False,1,1,APROBADO,1
57,2000.0,600.0,0,4,0,Propia,Consumo,10000.0,True,True,1063001102,10630011,RECHAZADO,29,0.3,MODERADO,R002|R005|R015,3,1,,True,True,0,0,RECHAZADO,0
58,8000.0,2400.0,2,4,0,Propia,Consumo,10000.0,False,True,1063302101,10633021,APROBADO,100,0.3,MODERADO,R001|R005|R012|R015,4,2,,True,False,1,1,APROBADO,1
36,8000.0,2400.0,0,4,1,Propia,Consumo,10000.0,False,True,1063502101,10635021,RECHAZADO,25,0.3,MODERADO,R002|R005,2,0,,True,True,0,0,RECHAZADO,0
27,5000.0,1500.0,2,4,2,Propia,Consumo,10000.0,False,True,1064101103,10641011,APROBADO,97,0.3,MODERADO,R001|R005|R012,3,1,,True,False,1,1,APROBADO,1
63,2000.0,600.0,2,0,0,Familiar,Consumo,10000.0,True,True,1064401101,10644011,RECHAZADO,43,0.3,MODERADO,R001|R004,2,0,,True,False,1,0,RECHAZADO,0
41,3500.0,1050.0,2,4,1,Propia,Negocio,12000.0,False,True,1064517102,10645171,APROBADO,100,0.3,MODERADO,R001|R005|R006|R012,4,1,,True,False,1,1,APROBADO,1
19,3000.0,900.0,2,3,1,Propia,Consumo,10000.0,False,True,1064802102,10648021,APROBADO,83,0.3,MODERADO,R001|R005|R009|R012,4,1,,True,False,1,1,APROBADO,1
21,1800.0,540.0,2,4,1,Familiar,Consumo,10000.0,False,True,1065002102,10650021,REVISION_MANUAL,69,0.3,MODERADO,R001,1,0,,True,False,1,0,REVISION_MANUAL,0
52,250.0,75.0,2,1,0,Propia,Consumo,4500.0,False,True,1065105101,10651051,REVISION_MANUAL,77,0.3,MODERADO,R001|R005,2,0,,True,False,1,0,APROBADO,1
56,1000.0,300.0,2,1,0,Familiar,Consumo,10000.0,False,True,1065305101,10653051,REVISION_MANUAL,60,0.3,MODERADO,R001,1,0,,True,False,1,0,REVISION_MANUAL,0
33,18000.0,5400.0,2,4,3,Propia,Consumo,10000.0,False,True,1065503101,10655031,APROBADO,100,0.3,MODERADO,R001|R005|R012,3,1,,True,False,1,1,APROBADO,1
31,12000.0,3600.0,2,4,1,Propia,Consumo,10000.0,False,True,1065604101,10656041,APROBADO,100,0.3,MODERADO,R001|R005|R012,3,1,,True,False,1,1,APROBADO,1
48,3000.0,900.0,2,4,3,Propia,Consumo,10000.0,False,True,1066304101,10663041,APROBADO,94,0.3,MODERADO,R001|R005|R012,3,1,,True,False,1,1,APROBADO,1
29,1800.0,540.0,0,2,3,Familiar,Consumo,10000.0,False,True,1066501104,10665011,RECHAZADO,3,0.3,MODERADO,R002,1,0,,True,True,0,0,RECHAZADO,0
22,3500.0,1050.0,2,4,2,Familiar,Consumo,10000.0,False,True,1066902105,10669021,REVISION_MANUAL,79,0.3,MODERADO,R001|R012,2,1,,True,False,1,0,APROBADO,1
45,1500.0,450.0,2,0,3,Familiar,Consumo,10000.0,True,True,1067007101,10670071,RECHAZADO,40,0.3,MODERADO,R001|R004,2,0,,True,False,1,0,RECHAZADO,0
68,10000.0,3000.0,2,4,0,Propia,Consumo,10000.0,False,True,1067101101,10671011,APROBADO,100,0.3,MODERADO,R001|R005|R012|R015,4,2,,True,False,1,1,APROBADO,1
57,12000.0,3600.0,2,4,0,Propia,Consumo,10000.0,False,True,1067303101,10673031,APROBADO,100,0.3,MODERADO,R001|R005|R012|R015,4,2,,True,False,1,1,APROBADO,1
37,8000.0,2400.0,2,4,0,Familiar,Consumo,10000.0,False,True,1067601101,10676011,APROBADO,87,0.3,MODERADO,R001|R012,2,1,,True,False,1,1,APROBADO,1
26,1000.0,300.0,2,4,4,Familiar,Consumo,10000.0,False,True,1067701102,10677011,RECHAZADO,57,0.3,MODERADO,R001|R010,2,0,,True,False,1,0,REVISION_MANUAL,0
71,1500.0,450.0,2,0,0,Familiar,Consumo,10000.0,True,True,1067901101,10679011,RECHAZADO,43,0.3,MODERADO,R001|R004,2,0,,True,False,1,0,RECHAZADO,0
35,1500.0,450.0,0,1,0,Propia,Consumo,10000.0,False,True,1068204101,10682041,RECHAZADO,13,0.3,MODERADO,R002|R005,2,0,,True,True,0,0,RECHAZADO,0
56,4500.0,1350.0,2,1,4,Propia,Consumo,10000.0,False,True,1068804101,10688041,REVISION_MANUAL,72,0.3,MODERADO,R001|R005|R010|R012,4,1,,True,False,1,0,REVISION_MANUAL,0
40,4000.0,1200.0,0,1,0,Familiar,Consumo,10000.0,False,True,1068902101,10689021,RECHAZADO,0,0.3,MODERADO,R002,1,0,,True,True,0,0,RECHAZADO,0
48,15000.0,4500.0,0,1,0,Propia,Consumo,10000.0,False,True,1069102101,10691021,RECHAZADO,22,0.3,MODERADO,R002|R005,2,0,,True,True,0,0,RECHAZADO,0
23,2000.0,600.0,2,0,1,Propia,Consumo,10000.0,True,True,1069305102,10693051,RECHAZADO,56,0.3,MODERADO,R001|R004|R005,3,0,,True,False,1,0,REVISION_MANUAL,0
26,27000.0,8100.0,2,5,0,Propia,Consumo,10000.0,False,True,1069403102,10694031,APROBADO,100,0.3,MODERADO,R001|R003|R005|R012|R015,5,2,,True,False,1,1,APROBADO,1
21,7000.0,2100.0,2,0,3,Familiar,Consumo,10000.0,True,True,1069501105,10695011,RECHAZADO,52,0.3,MODERADO,R001|R004|R012,3,1,,True,False,1,0,RECHAZADO,0
50,2000.0,600.0,2,0,2,Propia,Consumo,10000.0,True,True,1069717102,10697171,RECHAZADO,57,0.3,MODERADO,R001|R004|R005,3,0,,True,False,1,0,REVISION_MANUAL,0
39,1500.0,450.0,2,1,0,Familiar,Consumo,10000.0,False,True,1069801102,10698011,REVISION_MANUAL,63,0.3,MODERADO,R001,1,0,,True,False,1,0,REVISION_MANUAL,0
68,3000.0,900.0,2,3,0,Propia,Consumo,10000.0,False,True,1070002101,10700021,APROBADO,100,0.3,MODERADO,R001|R005|R012|R015,4,2,,True,False,1,1,APROBADO,1
35,1000.0,300.0,2,4,2,Familiar,Consumo,10000.0,False,True,1070113101,10701131,REVISION_MANUAL,69,0.3,MODERADO,R001,1,0,,True,False,1,0,REVISION_MANUAL,0
35,1200.0,360.0,2,1,4,Familiar,Negocio,12000.0,False,True,1070220102,10702201,RECHAZADO,59,0.3,MODERADO,R001|R006|R010,3,0,,True,False,1,0,REVISION_MANUAL,0
44,1050.0,315.0,2,2,6,Familiar,Negocio,12000.0,False,True,1070308101,10703081,REVISION_MANUAL,69,0.3,MODERADO,R001|R006|R010,3,0,,True,False,1,0,REVISION_MANUAL,0
62,2500.0,750.0,2,0,0,Propia,Consumo,10000.0,True,True,1070501102,10705011,REVISION_MANUAL,68,0.3,MODERADO,R001|R004|R005|R012,4,1,,True,False,1,0,REVISION_MANUAL,0
41,3500.0,1050.0,2,4,2,Familiar,Consumo,10000.0,False,True,1070705101,10707051,APROBADO,81,0.3,MODERADO,R001|R012,2,1,,True,False,1,1,APROBADO,1
52,4000.0,1200.0,2,0,2,Propia,Consumo,10000.0,True,True,1071601102,10716011,REVISION_MANUAL,68,0.3,MODERADO,R001|R004|R005|R012,4,1,,True,False,1,0,REVISION_MANUAL,0
24,6000.0,1800.0,2,4,0,Familiar,Consumo,10000.0,False,True,1071720102,10717201,APROBADO,84,0.3,MODERADO,R001|R012,2,1,,True,False,1,1,APROBADO,1
23,2600.0,780.0,0,4,2,Propia,Consumo,10000.0,False,True,1071803101,10718031,RECHAZADO,18,0.3,MODERADO,R002|R005,2,0,,True,True,0,0,RECHAZADO,0
40,8000.0,2400.0,2,1,4,Propia,Consumo,10000.0,False,True,1072202101,10722021,REVISION_MANUAL,76,0.3,MODERADO,R001|R005|R010|R012,4,1,,True,False,1,0,APROBADO,1
51,20000.0,6000.0,2,4,0,Propia,Consumo,10000.0,False,True,1072801101,10728011,APROBADO,100,0.3,MODERADO,R001|R005|R012|R015,4,2,,True,False,1,1,APROBADO,1
32,1500.0,450.0,2,4,0,Propia,Consumo,10000.0,False,True,1072902102,10729021,APROBADO,96,0.3,MODERADO,R001|R005|R015,3,1,,True,False,1,1,APROBADO,1
34,1500.0,450.0,2,2,3,Propia,Negocio,12000.0,False,True,1073114102,10731141,APROBADO,95,0.3,MODERADO,R001|R005|R006,3,0,,True,False,1,1,APROBADO,1
42,30000.0,9000.0,2,4,2,Familiar,Consumo,10000.0,False,True,1073403102,10734031,APROBADO,99,0.3,MODERADO,R001|R012,2,1,,True,False,1,1,APROBADO,1
25,4000.0,1200.0,2,4,0,Propia,Consumo,10000.0,False,True,1073801102,10738011,APROBADO,100,0.3,MODERADO,R001|R005|R012|R015,4,2,,True,False,1,1,APROBADO,1
61,3000.0,900.0,2,2,1,Propia,Consumo,10000.0,False,True,1074009101,10740091,APROBADO,95,0.3,MODERADO,R001|R005|R012,3,1,,True,False,1,1,APROBADO,1
35,3500.0,1050.0,2,2,1,Familiar,Negocio,12000.0,False,True,1074302101,10743021,APROBADO,94,0.3,MODERADO,R001|R006|R012,3,1,,True,False,1,1,APROBADO,1
35,3000.0,900.0,2,4,2,Propia,Consumo,10000.0,False,True,1074618101,10746181,APROBADO,96,0.3,MODERADO,R001|R005|R012,3,1,,True,False,1,1,APROBADO,1
59,25000.0,7500.0,2,3,0,Propia,Consumo,10000.0,True,True,1074803101,10748031,APROBADO,100,0.3,MODERADO,R001|R005|R012|R015,4,2,,True,False,1,1,APROBADO,1
24,2000.0,600.0,0,2,2,Familiar,Consumo,10000.0,False,True,1075105102,10751051,RECHAZADO,3,0.3,MODERADO,R002,1,0,,True,True,0,0,RECHAZADO,0
39,5000.0,1500.0,2,2,3,Familiar,Consumo,10000.0,False,True,1075316103,10753161,APROBADO,80,0.3,MODERADO,R001|R012,2,1,,True,False,1,1,APROBADO,1
28,11000.0,3300.0,2,4,1,Familiar,Consumo,10000.0,False,True,1075412102,10754121,APROBADO,87,0.3,MODERADO,R001|R012,2,1,,True,False,1,1,APROBADO,1
50,2300.0,690.0,2,2,1,Familiar,Consumo,10000.0,False,True,1075703103,10757031,REVISION_MANUAL,72,0.3,MODERADO,R001,1,0,,True,False,1,0,REVISION_MANUAL,0
36,2000.0,600.0,0,1,1,Propia,Negocio,12000.0,False,True,1075801102,10758011,RECHAZADO,23,0.3,MODERADO,R002|R005|R006,3,0,,True,True,0,0,RECHAZADO,0
29,9800.0,2940.0,0,4,1,Familiar,Consumo,10000.0,False,True,1075904102,10759041,RECHAZADO,12,0.3,MODERADO,R002,1,0,,True,True,0,0,RECHAZADO,0
56,2000.0,600.0,2,0,1,Propia,Consumo,10000.0,True,True,1076104101,10761041,RECHAZADO,56,0.3,MODERADO,R001|R004|R005,3,0,,True,False,1,0,REVISION_MANUAL,0
26,2000.0,600.0,2,0,5,Familiar,Consumo,10000.0,True,True,1076604103,10766041,RECHAZADO,29,0.3,MODERADO,R001|R004|R010,3,0,,True,False,1,0,RECHAZADO,0
35,15000.0,4500.0,0,1,2,Propia,Consumo,10000.0,False,True,1076703104,10767031,RECHAZADO,19,0.3,MODERADO,R002|R005,2,0,,True,True,0,0,RECHAZADO,0
23,1800.0,540.0,0,2,1,Familiar,Negocio,12000.0,False,True,1077508201,10775082,RECHAZADO,18,0.3,MODERADO,R002|R006,2,0,,True,True,0,0,RECHAZADO,0
32,1200.0,360.0,2,2,1,Familiar,Consumo,10000.0,False,True,1077605102,10776051,REVISION_MANUAL,71,0.3,MODERADO,R001,1,0,,True,False,1,0,REVISION_MANUAL,0
40,7000.0,2100.0,2,4,1,Propia,Consumo,10000.0,True,True,1077903102,10779031,APROBADO,100,0.3,MODERADO,R001|R005|R012,3,1,,True,False,1,1,APROBADO,1
32,2500.0,750.0,2,0,2,Familiar,Consumo,10000.0,True,True,1078008101,10780081,RECHAZADO,52,0.3,MODERADO,R001|R004|R012,3,1,,True,False,1,0,RECHAZADO,0
29,10000.0,3000.0,2,4,1,Familiar,Consumo,10000.0,False,True,1078104102,10781041,APROBADO,87,0.3,MODERADO,R001|R012,2,1,,True,False,1,1,APROBADO,1
44,1500.0,450.0,2,0,5,Familiar,Consumo,10000.0,True,True,1078204101,10782041,RECHAZADO,29,0.3,MODERADO,R001|R004|R010,3,0,,True,False,1,0,RECHAZADO,0
55,25000.0,7500.0,2,4,0,Familiar,Consumo,10000.0,True,True,1078402101,10784021,APROBADO,98,0.3,MODERADO,R001|R012,2,1,,True,False,1,1,APROBADO,1
50,30000.0,9000.0,2,1,2,Propia,Consumo,10000.0,False,True,1078502101,10785021,APROBADO,100,0.3,MODERADO,R001|R005|R012,3,1,,True,False,1,1,APROBADO,1
44,2000.0,600.0,0,4,1,Propia,Consumo,10000.0,False,True,1078604102,10786041,RECHAZADO,21,0.3,MODERADO,R002|R005,2,0,,True,True,0,0,RECHAZADO,0
20,2500.0,750.0,0,0,1,Familiar,Consumo,10000.0,True,True,1078718102,10787181,RECHAZADO,0,0.3,MODERADO,R002|R004|R009,3,0,,True,True,0,0,RECHAZADO,0
39,1200.0,360.0,0,1,3,Propia,Consumo,10000.0,False,True,1079004101,10790041,RECHAZADO,8,0.3,MODERADO,R002|R005,2,0,,True,True,0,0,RECHAZADO,0
42,5000.0,1500.0,2,2,2,Familiar,Consumo,10000.0,False,True,1079103102,10791031,APROBADO,82,0.3,MODERADO,R001|R012,2,1,,True,False,1,1,APROBADO,1
52,10000.0,3000.0,0,2,3,Propia,Consumo,10000.0,False,True,1079405101,10794051,RECHAZADO,24,0.3,MODERADO,R002|R005,2,0,,True,True,0,0,RECHAZADO,0
45,1800.0,540.0,0,1,2,Familiar,Consumo,10000.0,False,True,1079510104,10795101,RECHAZADO,0,0.3,MODERADO,R002,1,0,,True,True,0,0,RECHAZADO,0
63,7000.0,2100.0,2,0,0,Propia,Consumo,10000.0,True,True,1079902101,10799021,REVISION_MANUAL,71,0.3,MODERADO,R001|R004|R005|R012,4,1,,True,False,1,0,REVISION_MANUAL,0
46,2000.0,600.0,0,0,3,Propia,Negocio,12000.0,True,True,1080804101,10808041,RECHAZADO,2,0.3,MODERADO,R002|R004|R005|R006,4,0,,True,True,0,0,RECHAZADO,0
68,2200.0,660.0,2,4,1,Propia,Consumo,10000.0,False,True,1081005101,10810051,APROBADO,84,0.3,MODERADO,R001|R005,2,0,,True,False,1,1,APROBADO,1
32,2000.0,600.0,2,0,2,Propia,Consumo,10000.0,True,True,1081305101,10813051,RECHAZADO,57,0.3,MODERADO,R001|R004|R005,3,0,,True,False,1,0,REVISION_MANUAL,0
48,20000.0,6000.0,0,4,2,Propia,Consumo,10000.0,False,True,1081402101,10814021,RECHAZADO,32,0.3,MODERADO,R002|R005,2,0,,True,True,0,0,RECHAZADO,0
45,2000.0,600.0,0,2,0,Propia,Consumo,10000.0,True,True,1081704103,10817041,RECHAZADO,23,0.3,MODERADO,R002|R005,2,0,,True,True,0,0,RECHAZADO,0
25,1500.0,450.0,2,2,1,Propia,Consumo,10000.0,False,True,1081808101,10818081,APROBADO,86,0.3,MODERADO,R001|R005,2,0,,True,False,1,1,APROBADO,1
28,55000.0,16500.0,2,4,0,Familiar,Consumo,10000.0,False,True,1082001101,10820011,APROBADO,100,0.3,MODERADO,R001|R012,2,1,,True,False,1,1,APROBADO,1
34,4000.0,1200.0,2,2,3,Familiar,Consumo,10000.0,False,True,1082604103,10826041,APROBADO,80,0.3,MODERADO,R001|R012,2,1,,True,False,1,1,APROBADO,1
42,30000.0,9000.0,2,4,0,Propia,Consumo,10000.0,False,True,1082803101,10828031,APROBADO,100,0.3,MODERADO,R001|R005|R012|R015,4,2,,True,False,1,1,APROBADO,1
58,400.0,120.0,0,1,3,Familiar,Consumo,7200.0,False,True,1082908103,10829081,RECHAZADO,0,0.3,MODERADO,R002,1,0,,True,True,0,0,RECHAZADO,0
19,4000.0,1200.0,2,0,3,Familiar,Consumo,10000.0,True,True,1083003103,10830031,RECHAZADO,38,0.3,MODERADO,R001|R004|R009|R012,4,1,,True,False,1,0,RECHAZADO,0
31,3000.0,900.0,2,4,2,Familiar,Consumo,10000.0,False,True,1083205102,10832051,APROBADO,81,0.3,MODERADO,R001|R012,2,1,,True,False,1,1,APROBADO,1
25,2000.0,600.0,2,0,3,Familiar,Consumo,10000.0,True,True,1083505103,10835051,RECHAZADO,40,0.3,MODERADO,R001|R004,2,0,,True,False,1,0,RECHAZADO,0
50,14900.0,4470.0,2,4,0,Familiar,Consumo,10000.0,False,True,1083701101,10837011,APROBADO,91,0.3,MODERADO,R001|R012,2,1,,True,False,1,1,APROBADO,1
46,3000.0,900.0,0,1,2,Familiar,Consumo,10000.0,False,True,1083804101,10838041,RECHAZADO,0,0.3,MODERADO,R002,1,0,,True,True,0,0,RECHAZADO,0
55,1500.0,450.0,2,0,0,Familiar,Consumo,10000.0,True,True,1083903102,10839031,RECHAZADO,45,0.3,MODERADO,R001|R004,2,0,,True,False,1,0,RECHAZADO,0
42,4000.0,1200.0,0,1,3,Propia,Consumo,10000.0,False,True,1084001101,10840011,RECHAZADO,10,0.3,MODERADO,R002|R005,2,0,,True,True,0,0,RECHAZADO,0
55,1000.0,300.0,0,4,2,Propia,Consumo,10000.0,False,True,1084702101,10847021,RECHAZADO,19,0.3,MODERADO,R002|R005,2,0,,True,True,0,0,RECHAZADO,0
53,500.0,150.0,2,1,1,Familiar,Consumo,9000.0,False,True,1085014102,10850141,REVISION_MANUAL,60,0.3,MODERADO,R001,1,0,,True,False,1,0,REVISION_MANUAL,0
35,30000.0,9000.0,2,3,0,Familiar,Consumo,10000.0,False,True,1085404101,10854041,APROBADO,100,0.3,MODERADO,R001|R012,2,1,,True,False,1,1,APROBADO,1
50,6000.0,1800.0,0,4,0,Propia,Consumo,10000.0,False,True,1085503101,10855031,RECHAZADO,34,0.3,MODERADO,R002|R005|R015,3,1,,True,True,0,0,RECHAZADO,0
52,10000.0,3000.0,2,2,2,Familiar,Consumo,10000.0,False,True,1085601101,10856011,APROBADO,85,0.3,MODERADO,R001|R012,2,1,,True,False,1,1,APROBADO,1
43,6000.0,1800.0,2,4,3,Propia,Consumo,10000.0,False,True,1085901102,10859011,APROBADO,96,0.3,MODERADO,R001|R005|R012,3,1,,True,False,1,1,APROBADO,1
52,1000.0,300.0,0,3,2,Familiar,Consumo,10000.0,False,True,1086002102,10860021,RECHAZADO,4,0.3,MODERADO,R002,1,0,,True,True,0,0,RECHAZADO,0
40,3000.0,900.0,0,4,0,Propia,Consumo,10000.0,False,True,1086104101,10861041,RECHAZADO,32,0.3,MODERADO,R002|R005|R015,3,1,,True,True,0,0,RECHAZADO,0
32,1600.0,480.0,2,4,0,Propia,Consumo,10000.0,False,True,1086201102,10862011,APROBADO,96,0.3,MODERADO,R001|R005|R015,3,1,,True,False,1,1,APROBADO,1
31,2500.0,750.0,0,4,1,Familiar,Consumo,10000.0,False,True,1086405101,10864051,RECHAZADO,7,0.3,MODERADO,R002,1,0,,True,True,0,0,RECHAZADO,0
41,5000.0,1500.0,2,1,2,Propia,Consumo,10000.0,False,True,1086503101,10865031,APROBADO,87,0.3,MODERADO,R001|R005|R012,3,1,,True,False,1,1,APROBADO,1
24,1500.0,450.0,2,2,10,Familiar,Consumo,10000.0,False,True,1086716103,10867161,RECHAZADO,55,0.3,MODERADO,R001|R010,2,0,,True,False,1,0,REVISION_MANUAL,0
65,7000.0,2100.0,2,0,2,Propia,Consumo,10000.0,True,True,1086804101,10868041,REVISION_MANUAL,68,0.3,MODERADO,R001|R004|R005|R012,4,1,,True,False,1,0,REVISION_MANUAL,0
46,3500.0,1050.0,2,1,2,Propia,Consumo,10000.0,False,True,1086902101,10869021,APROBADO,86,0.3,MODERADO,R001|R005|R012,3,1,,True,False,1,1,APROBADO,1
32,5000.0,1500.0,2,1,3,Familiar,Consumo,10000.0,False,True,1087005101,10870051,REVISION_MANUAL,70,0.3,MODERADO,R001|R012,2,1,,True,False,1,0,REVISION_MANUAL,0
37,16000.0,4800.0,0,4,1,Propia,Consumo,10000.0,False,True,1087904101,10879041,RECHAZADO,31,0.3,MODERADO,R002|R005,2,0,,True,True,0,0,RECHAZADO,0
77,400.0,120.0,2,1,1,Familiar,Consumo,7200.0,False,True,1088305101,10883051,RECHAZADO,58,0.3,MODERADO,R001,1,0,,True,False,1,0,REVISION_MANUAL,0
56,2500.0,750.0,0,0,2,Familiar,Consumo,10000.0,True,True,1088503102,10885031,RECHAZADO,0,0.3,MODERADO,R002|R004,2,0,,True,True,0,0,RECHAZADO,0
56,9000.0,2700.0,2,4,0,Propia,Negocio,12000.0,False,True,1088701101,10887011,APROBADO,100,0.3,MODERADO,R001|R005|R006|R012|R015,5,2,,True,False,1,1,APROBADO,1
47,1200.0,360.0,0,2,3,Familiar,Consumo,10000.0,False,True,1089112101,10891121,RECHAZADO,3,0.3,MODERADO,R002,1,0,,True,True,0,0,RECHAZADO,0
48,2100.0,630.0,2,4,3,Propia,Consumo,10000.0,False,True,1089202101,10892021,APROBADO,83,0.3,MODERADO,R001|R005,2,0,,True,False,1,1,APROBADO,1
46,9400.0,2820.0,2,4,0,Propia,Consumo,10000.0,False,True,1089304102,10893041,APROBADO,100,0.3,MODERADO,R001|R005|R012|R015,4,2,,True,False,1,1,APROBADO,1
50,5000.0,1500.0,2,4,0,Propia,Consumo,10000.0,False,True,1089405101,10894051,APROBADO,100,0.3,MODERADO,R001|R005|R012|R015,4,2,,True,False,1,1,APROBADO,1
39,40000.0,12000.0,0,4,3,Propia,Consumo,10000.0,False,True,1089605101,10896051,RECHAZADO,37,0.3,MODERADO,R002|R005,2,0,,True,True,0,0,RECHAZADO,0
60,2500.0,750.0,2,0,1,Familiar,Consumo,10000.0,True,True,1089705102,10897051,RECHAZADO,52,0.3,MODERADO,R001|R004|R012,3,1,,True,False,1,0,RECHAZADO,0
68,6000.0,1800.0,2,3,0,Propia,Consumo,10000.0,False,True,1089809101,10898091,APROBADO,100,0.3,MODERADO,R001|R005|R012|R015,4,2,,True,False,1,1,APROBADO,1
38,20000.0,6000.0,2,4,2,Propia,Consumo,10000.0,False,True,1090603102,10906031,APROBADO,100,0.3,MODERADO,R001|R005|R012,3,1,,True,False,1,1,APROBADO,1
25,3000.0,900.0,2,4,0,Familiar,Consumo,10000.0,False,True,1090704102,10907041,APROBADO,84,0.3,MODERADO,R001|R012,2,1,,True,False,1,1,APROBADO,1
20,2500.0,750.0,2,0,1,Familiar,Consumo,10000.0,True,True,1090802102,10908021,RECHAZADO,40,0.3,MODERADO,R001|R004|R009|R012,4,1,,True,False,1,0,RECHAZADO,0
25,3400.0,1020.0,2,4,2,Familiar,Consumo,10000.0,False,True,1091405104,10914051,APROBADO,81,0.3,MODERADO,R001|R012,2,1,,True,False,1,1,APROBADO,1
28,13000.0,3900.0,2,1,3,Familiar,Consumo,10000.0,False,True,1091705103,10917051,REVISION_MANUAL,76,0.3,MODERADO,R001|R012,2,1,,True,False,1,0,APROBADO,1
38,2500.0,750.0,2,4,2,Propia,Consumo,10000.0,False,True,1091806101,10918061,APROBADO,95,0.3,MODERADO,R001|R005|R012,3,1,,True,False,1,1,APROBADO,1
46,20000.0,6000.0,2,1,3,Familiar,Consumo,10000.0,False,True,1092004101,10920041,APROBADO,80,0.3,MODERADO,R001|R012,2,1,,True,False,1,1,APROBADO,1
56,15000.0,4500.0,2,4,0,Propia,Consumo,10000.0,False,True,1092302101,10923021,APROBADO,100,0.3,MODERADO,R001|R005|R012|R015,4,2,,True,False,1,1,APROBADO,1
50,2500.0,750.0,2,2,2,Propia,Negocio,12000.0,True,True,1092404101,10924041,APROBADO,97,0.3,MODERADO,R001|R005|R006,3,0,,True,False,1,1,APROBADO,1
33,3000.0,900.0,2,4,0,Propia,Consumo,10000.0,False,True,1092505101,10925051,APROBADO,100,0.3,MODERADO,R001|R005|R012|R015,4,2,,True,False,1,1,APROBADO,1
27,23000.0,6900.0,2,4,0,Familiar,Consumo,10000.0,False,True,1093005101,10930051,APROBADO,97,0.3,MODERADO,R001|R012,2,1,,True,False,1,1,APROBADO,1
20,7000.0,2100.0,0,2,0,Familiar,Consumo,10000.0,False,True,1093202102,10932021,RECHAZADO,0,0.3,MODERADO,R002|R009,2,0,,True,True,0,0,RECHAZADO,0
71,700.0,210.0,2,0,0,Familiar,Consumo,10000.0,False,True,1093505101,10935051,RECHAZADO,42,0.3,MODERADO,R001|R004,2,0,,True,False,1,0,RECHAZADO,0
21,2000.0,600.0,2,2,0,Familiar,Consumo,10000.0,False,True,1093603102,10936031,REVISION_MANUAL,71,0.3,MODERADO,R001,1,0,,True,False,1,0,REVISION_MANUAL,0
37,3800.0,1140.0,0,4,1,Familiar,Negocio,12000.0,False,True,1093705102,10937051,RECHAZADO,20,0.3,MODERADO,R002|R006,2,0,,True,True,0,0,RECHAZADO,0
39,30000.0,9000.0,2,1,0,Familiar,Consumo,10000.0,False,True,1093905101,10939051,APROBADO,92,0.3,MODERADO,R001|R012,2,1,,True,False,1,1,APROBADO,1
26,1000.0,300.0,2,1,1,Propia,Consumo,10000.0,False,True,1094004102,10940041,REVISION_MANUAL,76,0.3,MODERADO,R001|R005,2,0,,True,False,1,0,APROBADO,1
66,7000.0,2100.0,2,0,0,Propia,Consumo,10000.0,True,True,1094208101,10942081,REVISION_MANUAL,71,0.3,MODERADO,R001|R004|R005|R012,4,1,,True,False,1,0,REVISION_MANUAL,0
36,7000.0,2100.0,2,4,2,Familiar,Negocio,12000.0,False,True,1094305102,10943051,APROBADO,95,0.3,MODERADO,R001|R006|R012,3,1,,True,False,1,1,APROBADO,1
22,2500.0,750.0,2,4,1,Familiar,Consumo,10000.0,True,True,1094503103,10945031,APROBADO,80,0.3,MODERADO,R001|R012,2,1,,True,False,1,1,APROBADO,1
81,7000.0,2100.0,2,0,0,Familiar,Consumo,10000.0,True,True,1094801101,10948011,RECHAZADO,56,0.3,MODERADO,R001|R004|R012,3,1,,True,False,1,0,REVISION_MANUAL,0
48,2000.0,600.0,2,0,3,Familiar,Consumo,10000.0,True,True,1095101101,10951011,RECHAZADO,40,0.3,MODERADO,R001|R004,2,0,,True,False,1,0,RECHAZADO,0
42,2600.0,780.0,2,4,1,Propia,Consumo,10000.0,False,True,1095204101,10952041,APROBADO,97,0.3,MODERADO,R001|R005|R012,3,1,,True,False,1,1,APROBADO,1
57,15000.0,4500.0,0,1,0,Propia,Consumo,10000.0,False,True,1095503101,10955031,RECHAZADO,20,0.3,MODERADO,R002|R005,2,0,,True,True,0,0,RECHAZADO,0
68,2000.0,600.0,2,0,0,Familiar,Consumo,10000.0,True,True,1095603102,10956031,RECHAZADO,43,0.3,MODERADO,R001|R004,2,0,,True,False,1,0,RECHAZADO,0
30,5000.0,1500.0,0,2,3,Familiar,Consumo,10000.0,False,True,1095802102,10958021,RECHAZADO,5,0.3,MODERADO,R002,1,0,,True,True,0,0,RECHAZADO,0
53,3500.0,1050.0,2,1,2,Familiar,Negocio,12000.0,False,True,1095901102,10959011,APROBADO,83,0.3,MODERADO,R001|R006|R012,3,1,,True,False,1,1,APROBADO,1
65,2500.0,750.0,0,0,0,Familiar,Consumo,10000.0,True,True,1096103102,10961031,RECHAZADO,0,0.3,MODERADO,R002|R004,2,0,,True,True,0,0,RECHAZADO,0
34,500.0,150.0,2,1,1,Propia,Negocio,9000.0,False,True,1096808101,10968081,APROBADO,87,0.3,MODERADO,R001|R005|R006,3,0,,True,False,1,1,APROBADO,1
47,7000.0,2100.0,2,4,0,Propia,Consumo,10000.0,False,True,1097302101,10973021,APROBADO,100,0.3,MODERADO,R001|R005|R012|R015,4,2,,True,False,1,1,APROBADO,1
46,2185.0,655.5,2,4,2,Propia,Consumo,10000.0,False,True,1097418101,10974181,APROBADO,85,0.3,MODERADO,R001|R005,2,0,,True,False,1,1,APROBADO,1
45,6000.0,1800.0,2,4,2,Propia,Consumo,10000.0,False,True,1098002102,10980021,APROBADO,98,0.3,MODERADO,R001|R005|R012,3,1,,True,False,1,1,APROBADO,1
30,18000.0,5400.0,2,4,2,Familiar,Consumo,10000.0,False,True,1098302103,10983021,APROBADO,91,0.3,MODERADO,R001|R012,2,1,,True,False,1,1,APROBADO,1
54,1200.0,360.0,2,2,1,Familiar,Consumo,10000.0,False,True,1098504101,10985041,REVISION_MANUAL,71,0.3,MODERADO,R001,1,0,,True,False,1,0,REVISION_MANUAL,0
54,800.0,240.0,2,1,1,Propia,Negocio,12000.0,False,True,1098604101,10986041,APROBADO,88,0.3,MODERADO,R001|R005|R006,3,0,,True,False,1,1,APROBADO,1
45,2500.0,750.0,2,0,2,Familiar,Consumo,10000.0,True,True,1098704102,10987041,RECHAZADO,52,0.3,MODERADO,R001|R004|R012,3,1,,True,False,1,0,RECHAZADO,0
52,14000.0,4200.0,2,4,0,Propia,Consumo,10000.0,False,True,1098803101,10988031,APROBADO,100,0.3,MODERADO,R001|R005|R012|R015,4,2,,True,False,1,1,APROBADO,1
40,15000.0,4500.0,0,2,1,Familiar,Consumo,10000.0,False,True,1099403102,10994031,RECHAZADO,15,0.3,MODERADO,R002,1,0,,True,True,0,0,RECHAZADO,0
45,14000.0,4200.0,2,4,0,Propia,Consumo,10000.0,True,True,1099504101,10995041,APROBADO,100,0.3,MODERADO,R001|R005|R012|R015,4,2,,True,False,1,1,APROBADO,1
36,98000.0,29400.0,2,5,0,Propia,Consumo,10000.0,False,True,1099804102,10998041,APROBADO,100,0.3,MODERADO,R001|R003|R005|R012|R015,5,2,,True,False,1,1,APROBADO,1
50,3000.0,900.0,2,1,0,Propia,Consumo,10000.0,False,True,1100401101,11004011,APROBADO,89,0.3,MODERADO,R001|R005|R012,3,1,,True,False,1,1,APROBADO,1
45,1500.0,450.0,0,0,1,Familiar,Consumo,10000.0,True,True,1100503101,11005031,RECHAZADO,0,0.3,MODERADO,R002|R004,2,0,,True,True,0,0,RECHAZADO,0
66,2000.0,600.0,0,0,0,Propia,Consumo,10000.0,True,True,1100604102,11006041,RECHAZADO,0,0.3,MODERADO,R002|R004|R005,3,0,,True,True,0,0,RECHAZADO,0
62,1500.0,450.0,2,1,3,Propia,Negocio,12000.0,False,True,1100705101,11007051,APROBADO,85,0.3,MODERADO,R001|R005|R006,3,0,,True,False,1,1,APROBADO,1
41,1500.0,450.0,2,2,1,Familiar,Negocio,12000.0,False,True,1100914101,11009141,APROBADO,83,0.3,MODERADO,R001|R006,2,0,,True,False,1,1,APROBADO,1
30,1500.0,450.0,0,4,1,Propia,Consumo,10000.0,False,True,1101402101,11014021,RECHAZADO,21,0.3,MODERADO,R002|R005,2,0,,True,True,0,0,RECHAZADO,0
28,2500.0,750.0,0,1,0,Propia,Consumo,10000.0,False,True,1101604101,11016041,RECHAZADO,13,0.3,MODERADO,R002|R005,2,0,,True,True,0,0,RECHAZADO,0
30,4000.0,1200.0,2,4,1,Familiar,Consumo,10000.0,False,True,1101802103,11018021,APROBADO,83,0.3,MODERADO,R001|R012,2,1,,True,False,1,1,APROBADO,1
38,1000.0,300.0,0,2,3,Propia,Consumo,10000.0,False,True,1101908102,11019081,RECHAZADO,18,0.3,MODERADO,R002|R005,2,0,,True,True,0,0,RECHAZADO,0
32,3500.0,1050.0,2,2,0,Familiar,Consumo,10000.0,False,True,1102002101,11020021,APROBADO,84,0.3,MODERADO,R001|R012,2,1,,True,False,1,1,APROBADO,1
38,22000.0,6600.0,2,4,0,Propia,Consumo,10000.0,False,True,1102105101,11021051,APROBADO,100,0.3,MODERADO,R001|R005|R012|R015,4,2,,True,False,1,1,APROBADO,1
40,15000.0,4500.0,2,4,0,Propia,Consumo,10000.0,False,True,1102507101,11025071,APROBADO,100,0.3,MODERADO,R001|R005|R012|R015,4,2,,True,False,1,1,APROBADO,1
64,1800.0,540.0,0,4,0,Familiar,Consumo,10000.0,False,True,1102604101,11026041,RECHAZADO,6,0.3,MODERADO,R002,1,0,,True,True,0,0,RECHAZADO,0
41,3500.0,1050.0,0,1,1,Familiar,Consumo,10000.0,False,True,1102802101,11028021,RECHAZADO,0,0.3,MODERADO,R002,1,0,,True,True,0,0,RECHAZADO,0
79,1000.0,300.0,0,0,0,Propia,Negocio,12000.0,True,True,1103607102,11036071,RECHAZADO,6,0.3,MODERADO,R002|R004|R005|R006,4,0,,True,True,0,0,RECHAZADO,0
62,50000.0,15000.0,2,5,1,Propia,Consumo,10000.0,False,True,1103704101,11037041,APROBADO,100,0.3,MODERADO,R001|R003|R005|R012,4,1,,True,False,1,1,APROBADO,1
72,14000.0,4200.0,2,0,3,Propia,Consumo,10000.0,True,True,1104001101,11040011,REVISION_MANUAL,71,0.3,MODERADO,R001|R004|R005|R012,4,1,,True,False,1,0,REVISION_MANUAL,0
30,15000.0,4500.0,2,4,0,Familiar,Consumo,10000.0,False,True,1104501101,11045011,APROBADO,92,0.3,MODERADO,R001|R012,2,1,,True,False,1,1,APROBADO,1
33,24000.0,7200.0,2,4,2,Propia,Consumo,10000.0,False,True,1104605101,11046051,APROBADO,100,0.3,MODERADO,R001|R005|R012,3,1,,True,False,1,1,APROBADO,1
45,2500.0,750.0,2,1,0,Familiar,Consumo,10000.0,True,True,1104701102,11047011,REVISION_MANUAL,73,0.3,MODERADO,R001|R012,2,1,,True,False,1,0,REVISION_MANUAL,0
28,2000.0,600.0,0,4,1,Familiar,Consumo,10000.0,False,True,1104807101,11048071,RECHAZADO,6,0.3,MODERADO,R002,1,0,,True,True,0,0,RECHAZADO,0
36,1200.0,360.0,2,1,3,Propia,Consumo,10000.0,False,True,1105201101,11052011,REVISION_MANUAL,73,0.3,MODERADO,R001|R005,2,0,,True,False,1,0,REVISION_MANUAL,0
19,9000.0,2700.0,2,4,4,Familiar,Consumo,10000.0,False,True,1105605104,11056051,RECHAZADO,58,0.3,MODERADO,R001|R009|R010|R012,4,1,,True,False,1,0,REVISION_MANUAL,0
51,3500.0,1050.0,2,4,1,Propia,Consumo,10000.0,False,True,1105702101,11057021,APROBADO,97,0.3,MODERADO,R001|R005|R012,3,1,,True,False,1,1,APROBADO,1
62,7000.0,2100.0,2,0,0,Propia,Consumo,10000.0,True,True,1106003101,11060031,REVISION_MANUAL,71,0.3,MODERADO,R001|R004|R005|R012,4,1,,True,False,1,0,REVISION_MANUAL,0
71,1200.0,360.0,2,1,1,Propia,Consumo,10000.0,False,True,1106117101,11061171,REVISION_MANUAL,74,0.3,MODERADO,R001|R005,2,0,,True,False,1,0,REVISION_MANUAL,0
55,1050.0,315.0,0,2,0,Propia,Consumo,10000.0,False,True,1106602101,11066021,RECHAZADO,22,0.3,MODERADO,R002|R005,2,0,,True,True,0,0,RECHAZADO,0
39,6000.0,1800.0,2,4,2,Familiar,Consumo,10000.0,False,True,1106902101,11069021,APROBADO,83,0.3,MODERADO,R001|R012,2,1,,True,False,1,1,APROBADO,1
25,9500.0,2850.0,2,4,2,Familiar,Consumo,10000.0,False,True,1107004104,11070041,APROBADO,85,0.3,MODERADO,R001|R012,2,1,,True,False,1,1,APROBADO,1
32,16000.0,4800.0,0,4,2,Propia,Consumo,10000.0,False,True,1107301101,11073011,RECHAZADO,29,0.3,MODERADO,R002|R005,2,0,,True,True,0,0,RECHAZADO,0
49,6000.0,1800.0,2,4,2,Familiar,Consumo,10000.0,False,True,1107403101,11074031,APROBADO,83,0.3,MODERADO,R001|R012,2,1,,True,False,1,1,APROBADO,1
68,7000.0,2100.0,2,0,1,Propia,Consumo,10000.0,True,True,1107704102,11077041,REVISION_MANUAL,70,0.3,MODERADO,R001|R004|R005|R012,4,1,,True,False,1,0,REVISION_MANUAL,0
55,6000.0,1800.0,2,4,0,Familiar,Consumo,10000.0,False,True,1107804101,11078041,APROBADO,86,0.3,MODERADO,R001|R012,2,1,,True,False,1,1,APROBADO,1
59,3000.0,900.0,2,4,0,Propia,Consumo,10000.0,False,True,1108301101,11083011,APROBADO,100,0.3,MODERADO,R001|R005|R012|R015,4,2,,True,False,1,1,APROBADO,1
50,6000.0,1800.0,2,4,2,Propia,Consumo,10000.0,False,True,1108703101,11087031,APROBADO,98,0.3,MODERADO,R001|R005|R012,3,1,,True,False,1,1,APROBADO,1
45,10000.0,3000.0,2,4,2,Propia,Consumo,10000.0,False,True,1109003101,11090031,APROBADO,100,0.3,MODERADO,R001|R005|R012,3,1,,True,False,1,1,APROBADO,1
26,5000.0,1500.0,2,4,6,Familiar,Consumo,10000.0,False,True,1110207103,11102071,REVISION_MANUAL,67,0.3,MODERADO,R001|R010|R012,3,1,,True,False,1,0,REVISION_MANUAL,0
33,25000.0,7500.0,2,4,2,Propia,Consumo,10000.0,False,True,1111801102,11118011,APROBADO,100,0.3,MODERADO,R001|R005|R012,3,1,,True,False,1,1,APROBADO,1
47,10000.0,3000.0,2,1,0,Propia,Consumo,10000.0,False,True,1112102101,11121021,APROBADO,93,0.3,MODERADO,R001|R005|R012,3,1,,True,False,1,1,APROBADO,1
66,4000.0,1200.0,2,0,2,Propia,Consumo,10000.0,True,True,1112301102,11123011,REVISION_MANUAL,66,0.3,MODERADO,R001|R004|R005|R012,4,1,,True,False,1,0,REVISION_MANUAL,0
60,8000.0,2400.0,2,4,0,Familiar,Consumo,10000.0,False,True,1112401101,11124011,APROBADO,85,0.3,MODERADO,R001|R012,2,1,,True,False,1,1,APROBADO,1
63,1500.0,450.0,2,0,5,Propia,Consumo,10000.0,True,True,1112605101,11126051,RECHAZADO,42,0.3,MODERADO,R001|R004|R005|R010,4,0,,True,False,1,0,RECHAZADO,0
42,2500.0,750.0,2,2,0,Familiar,Consumo,10000.0,False,True,1112920102,11129201,APROBADO,83,0.3,MODERADO,R001|R012,2,1,,True,False,1,1,APROBADO,1
34,8000.0,2400.0,2,4,4,Propia,Consumo,10000.0,False,True,1113203101,11132031,APROBADO,86,0.3,MODERADO,R001|R005|R010|R012,4,1,,True,False,1,1,APROBADO,1
62,2500.0,750.0,0,0,0,Propia,Consumo,10000.0,True,True,1113304101,11133041,RECHAZADO,0,0.3,MODERADO,R002|R004|R005,3,0,,True,True,0,0,RECHAZADO,0
30,45000.0,13500.0,0,4,0,Familiar,Consumo,10000.0,False,True,1113403101,11134031,RECHAZADO,27,0.3,MODERADO,R002,1,0,,True,True,0,0,RECHAZADO,0
59,14000.0,4200.0,2,0,1,Propia,Consumo,10000.0,True,True,1113802102,11138021,REVISION_MANUAL,74,0.3,MODERADO,R001|R004|R005|R012,4,1,,True,False,1,0,REVISION_MANUAL,0
36,300.0,90.0,2,1,1,Familiar,Consumo,5400.0,False,True,1114702201,11147022,REVISION_MANUAL,60,0.3,MODERADO,R001,1,0,,True,False,1,0,REVISION_MANUAL,0
76,7000.0,2100.0,2,0,0,Familiar,Consumo,10000.0,True,True,1114803101,11148031,RECHAZADO,56,0.3,MODERADO,R001|R004|R012,3,1,,True,False,1,0,REVISION_MANUAL,0
23,600.0,180.0,2,2,0,Familiar,Consumo,10000.0,False,True,1114907101,11149071,REVISION_MANUAL,70,0.3,MODERADO,R001,1,0,,True,False,1,0,REVISION_MANUAL,0
23,1200.0,360.0,0,2,1,Familiar,Consumo,10000.0,False,True,1115005101,11150051,RECHAZADO,4,0.3,MODERADO,R002,1,0,,True,True,0,0,RECHAZADO,0
27,2500.0,750.0,2,0,2,Familiar,Consumo,10000.0,True,True,1115203102,11152031,RECHAZADO,52,0.3,MODERADO,R001|R004|R012,3,1,,True,False,1,0,RECHAZADO,0
36,20000.0,6000.0,2,4,0,Propia,Consumo,10000.0,False,True,1115301101,11153011,APROBADO,100,0.3,MODERADO,R001|R005|R012|R015,4,2,,True,False,1,1,APROBADO,1
28,6000.0,1800.0,0,1,1,Familiar,Consumo,10000.0,False,True,1115408101,11154081,RECHAZADO,0,0.3,MODERADO,R002,1,0,,True,True,0,0,RECHAZADO,0
47,1000.0,300.0,2,1,3,Familiar,Consumo,10000.0,False,True,1115611101,11156111,RECHAZADO,58,0.3,MODERADO,R001,1,0,,True,False,1,0,REVISION_MANUAL,0
37,2000.0,600.0,2,4,2,Propia,Consumo,10000.0,False,True,1115705102,11157051,APROBADO,85,0.3,MODERADO,R001|R005,2,0,,True,False,1,1,APROBADO,1
23,2000.0,600.0,2,1,4,Familiar,Consumo,10000.0,False,True,1115811103,11158111,RECHAZADO,45,0.3,MODERADO,R001|R010,2,0,,True,False,1,0,RECHAZADO,0
30,7000.0,2100.0,2,0,0,Familiar,Consumo,10000.0,True,True,1116102101,11161021,RECHAZADO,58,0.3,MODERADO,R001|R004|R012,3,1,,True,False,1,0,REVISION_MANUAL,0
53,15000.0,4500.0,2,4,2,Familiar,Consumo,10000.0,False,True,1116203103,11162031,APROBADO,89,0.3,MODERADO,R001|R012,2,1,,True,False,1,1,APROBADO,1
55,100.0,30.0,0,1,5,Familiar,Consumo,1800.0,False,True,1116920108,11169201,RECHAZADO,0,0.3,MODERADO,R002|R010,2,0,,True,True,0,0,RECHAZADO,0
55,1500.0,450.0,2,0,0,Propia,Consumo,10000.0,True,True,1117016101,11170161,REVISION_MANUAL,60,0.3,MODERADO,R001|R004|R005,3,0,,True,False,1,0,REVISION_MANUAL,0
23,2000.0,600.0,2,0,3,Familiar,Consumo,10000.0,True,True,1117120106,11171201,RECHAZADO,38,0.3,MODERADO,R001|R004,2,0,,True,False,1,0,RECHAZADO,0
57,20000.0,6000.0,2,1,0,Propia,Consumo,10000.0,False,True,1117801101,11178011,APROBADO,98,0.3,MODERADO,R001|R005|R012,3,1,,True,False,1,1,APROBADO,1
53,500.0,150.0,2,1,0,Propia,Consumo,9000.0,False,True,1118319101,11183191,REVISION_MANUAL,77,0.3,MODERADO,R001|R005,2,0,,True,False,1,0,APROBADO,1
36,2500.0,750.0,2,0,3,Propia,Negocio,12000.0,True,True,1118604102,11186041,REVISION_MANUAL,68,0.3,MODERADO,R001|R004|R005|R006,4,0,,True,False,1,0,REVISION_MANUAL,0
49,4000.0,1200.0,2,4,1,Propia,Consumo,10000.0,False,True,1118703101,11187031,APROBADO,98,0.3,MODERADO,R001|R005|R012,3,1,,True,False,1,1,APROBADO,1
42,4000.0,1200.0,2,1,1,Propia,Consumo,10000.0,False,True,1118802101,11188021,APROBADO,88,0.3,MODERADO,R001|R005|R012,3,1,,True,False,1,1,APROBADO,1
52,7000.0,2100.0,2,1,0,Propia,Consumo,10000.0,False,True,1118914101,11189141,APROBADO,91,0.3,MODERADO,R001|R005|R012,3,1,,True,False,1,1,APROBADO,1
45,2500.0,750.0,2,4,2,Familiar,Consumo,10000.0,True,True,1119004101,11190041,APROBADO,80,0.3,MODERADO,R001|R012,2,1,,True,False,1,1,APROBADO,1
42,6000.0,1800.0,0,4,1,Familiar,Consumo,10000.0,False,True,1119104102,11191041,RECHAZADO,9,0.3,MODERADO,R002,1,0,,True,True,0,0,RECHAZADO,0
32,36000.0,10800.0,2,4,1,Familiar,Consumo,10000.0,False,True,1119302102,11193021,APROBADO,100,0.3,MODERADO,R001|R012,2,1,,True,False,1,1,APROBADO,1
42,13000.0,3900.0,2,4,0,Propia,Consumo,10000.0,False,True,1119407101,11194071,APROBADO,100,0.3,MODERADO,R001|R005|R012|R015,4,2,,True,False,1,1,APROBADO,1
37,2000.0,600.0,2,0,0,Familiar,Consumo,10000.0,True,True,1120905102,11209051,RECHAZADO,45,0.3,MODERADO,R001|R004,2,0,,True,False,1,0,RECHAZADO,0
43,7000.0,2100.0,2,1,2,Propia,Consumo,10000.0,False,True,1121204101,11212041,APROBADO,88,0.3,MODERADO,R001|R005|R012,3,1,,True,False,1,1,APROBADO,1
33,11000.0,3300.0,2,4,2,Propia,Consumo,10000.0,False,True,1121504101,11215041,APROBADO,100,0.3,MODERADO,R001|R005|R012,3,1,,True,False,1,1,APROBADO,1
27,20000.0,6000.0,2,4,3,Familiar,Consumo,10000.0,False,True,1121801104,11218011,APROBADO,90,0.3,MODERADO,R001|R012,2,1,,True,False,1,1,APROBADO,1
55,6000.0,1800.0,2,4,2,Familiar,Negocio,12000.0,False,True,1122804102,11228041,APROBADO,95,0.3,MODERADO,R001|R006|R012,3,1,,True,False,1,1,APROBADO,1
35,2800.0,840.0,2,4,1,Familiar,Consumo,10000.0,False,True,1123405101,11234051,APROBADO,82,0.3,MODERADO,R001|R012,2,1,,True,False,1,1,APROBADO,1
34,6000.0,1800.0,2,1,2,Familiar,Consumo,10000.0,False,True,1123616101,11236161,REVISION_MANUAL,73,0.3,MODERADO,R001|R012,2,1,,True,False,1,0,REVISION_MANUAL,0
40,7000.0,2100.0,2,4,1,Propia,Consumo,10000.0,True,True,1124004101,11240041,APROBADO,100,0.3,MODERADO,R001|R005|R012,3,1,,True,False,1,1,APROBADO,1
33,1800.0,540.0,2,4,8,Propia,Consumo,10000.0,False,True,1124101102,11241011,REVISION_MANUAL,72,0.3,MODERADO,R001|R005|R010,3,0,,True,False,1,0,REVISION_MANUAL,0
21,7000.0,2100.0,2,0,1,Familiar,Consumo,10000.0,True,True,1124303103,11243031,RECHAZADO,55,0.3,MODERADO,R001|R004|R012,3,1,,True,False,1,0,REVISION_MANUAL,0
42,7000.0,2100.0,2,4,3,Propia,Negocio,12000.0,False,True,1124518101,11245181,APROBADO,100,0.3,MODERADO,R001|R005|R006|R012,4,1,,True,False,1,1,APROBADO,1
42,25000.0,7500.0,2,5,1,Propia,Consumo,10000.0,False,True,1124602102,11246021,APROBADO,100,0.3,MODERADO,R001|R003|R005|R012,4,1,,True,False,1,1,APROBADO,1
40,16000.0,4800.0,2,4,2,Propia,Consumo,10000.0,False,True,1125004101,11250041,APROBADO,100,0.3,MODERADO,R001|R005|R012,3,1,,True,False,1,1,APROBADO,1
22,2000.0,600.0,2,1,3,Familiar,Consumo,10000.0,True,True,1125304104,11253041,RECHAZADO,56,0.3,MODERADO,R001,1,0,,True,False,1,0,REVISION_MANUAL,0
68,1500.0,450.0,2,0,0,Propia,Consumo,10000.0,True,True,1125405101,11254051,RECHAZADO,58,0.3,MODERADO,R001|R004|R005,3,0,,True,False,1,0,REVISION_MANUAL,0
40,2500.0,750.0,0,0,3,Propia,Consumo,10000.0,True,True,1125505101,11255051,RECHAZADO,0,0.3,MODERADO,R002|R004|R005,3,0,,True,True,0,0,RECHAZADO,0
28,2500.0,750.0,2,0,1,Familiar,Consumo,10000.0,True,True,1126102101,11261021,RECHAZADO,54,0.3,MODERADO,R001|R004|R012,3,1,,True,False,1,0,RECHAZADO,0
34,1700.0,510.0,2,4,4,Familiar,Consumo,10000.0,False,True,1126405101,11264051,RECHAZADO,57,0.3,MODERADO,R001|R010,2,0,,True,False,1,0,REVISION_MANUAL,0
35,20000.0,6000.0,0,5,1,Propia,Consumo,10000.0,False,True,1126502101,11265021,RECHAZADO,52,0.3,MODERADO,R002|R003|R005,3,0,,True,True,0,0,RECHAZADO,0
56,23000.0,6900.0,2,4,0,Propia,Consumo,10000.0,False,True,1127303101,11273031,APROBADO,100,0.3,MODERADO,R001|R005|R012|R015,4,2,,True,False,1,1,APROBADO,1
20,3700.0,1110.0,0,4,0,Familiar,Consumo,10000.0,False,True,1127401101,11274011,RECHAZADO,0,0.3,MODERADO,R002|R009,2,0,,True,True,0,0,RECHAZADO,0
57,25000.0,7500.0,2,4,0,Propia,Consumo,10000.0,False,True,1127904101,11279041,APROBADO,100,0.3,MODERADO,R001|R005|R012|R015,4,2,,True,False,1,1,APROBADO,1
53,26000.0,7800.0,0,4,0,Propia,Consumo,10000.0,False,True,1128101101,11281011,RECHAZADO,47,0.3,MODERADO,R002|R005|R015,3,1,,True,True,0,0,RECHAZADO,0
47,6000.0,1800.0,2,4,2,Propia,Consumo,10000.0,False,True,1128705102,11287051,APROBADO,98,0.3,MODERADO,R001|R005|R012,3,1,,True,False,1,1,APROBADO,1
38,15000.0,4500.0,2,4,0,Familiar,Consumo,10000.0,False,True,1129501102,11295011,APROBADO,92,0.3,MODERADO,R001|R012,2,1,,True,False,1,1,APROBADO,1
36,2500.0,750.0,2,4,2,Familiar,Consumo,10000.0,False,True,1129603102,11296031,APROBADO,80,0.3,MODERADO,R001|R012,2,1,,True,False,1,1,APROBADO,1
38,2000.0,600.0,2,1,3,Familiar,Consumo,10000.0,False,True,1130105101,11301051,RECHAZADO,58,0.3,MODERADO,R001,1,0,,True,False,1,0,REVISION_MANUAL,0
30,2900.0,870.0,2,4,2,Familiar,Consumo,10000.0,False,True,1130203102,11302031,APROBADO,80,0.3,MODERADO,R001|R012,2,1,,True,False,1,1,APROBADO,1
32,1800.0,540.0,0,4,3,Propia,Consumo,10000.0,False,True,1130517101,11305171,RECHAZADO,18,0.3,MODERADO,R002|R005,2,0,,True,True,0,0,RECHAZADO,0
32,2600.0,780.0,2,4,3,Familiar,Negocio,12000.0,False,True,1130601102,11306011,APROBADO,81,0.3,MODERADO,R001|R006,2,0,,True,False,1,1,APROBADO,1
51,2500.0,750.0,2,0,2,Familiar,Consumo,10000.0,True,True,1131102102,11311021,RECHAZADO,52,0.3,MODERADO,R001|R004|R012,3,1,,True,False,1,0,RECHAZADO,0
44,2000.0,600.0,2,0,4,Familiar,Consumo,10000.0,True,True,1131219102,11312191,RECHAZADO,29,0.3,MODERADO,R001|R004|R010,3,0,,True,False,1,0,RECHAZADO,0
45,2400.0,720.0,2,1,2,Familiar,Consumo,10000.0,False,True,1131314101,11313141,REVISION_MANUAL,60,0.3,MODERADO,R001,1,0,,True,False,1,0,REVISION_MANUAL,0
50,2000.0,600.0,2,2,1,Familiar,Consumo,10000.0,False,True,1131402102,11314021,REVISION_MANUAL,71,0.3,MODERADO,R001,1,0,,True,False,1,0,REVISION_MANUAL,0
26,900.0,270.0,0,2,1,Propia,Consumo,10000.0,False,True,1131518102,11315181,RECHAZADO,21,0.3,MODERADO,R002|R005,2,0,,True,True,0,0,RECHAZADO,0
53,7000.0,2100.0,2,0,1,Familiar,Consumo,10000.0,True,True,1131605101,11316051,RECHAZADO,57,0.3,MODERADO,R001|R004|R012,3,1,,True,False,1,0,REVISION_MANUAL,0
43,7000.0,2100.0,2,4,0,Familiar,Consumo,10000.0,True,True,1131805102,11318051,APROBADO,86,0.3,MODERADO,R001|R012,2,1,,True,False,1,1,APROBADO,1
51,4500.0,1350.0,2,4,3,Familiar,Consumo,10000.0,False,True,1131905102,11319051,APROBADO,80,0.3,MODERADO,R001|R012,2,1,,True,False,1,1,APROBADO,1
41,4000.0,1200.0,2,5,2,Familiar,Consumo,10000.0,False,True,1132020102,11320201,APROBADO,100,0.3,MODERADO,R001|R003|R012,3,1,,True,False,1,1,APROBADO,1
36,800.0,240.0,2,1,2,Propia,Consumo,10000.0,False,True,1132319101,11323191,REVISION_MANUAL,74,0.3,MODERADO,R001|R005,2,0,,True,False,1,0,REVISION_MANUAL,0
21,1900.0,570.0,2,4,4,Familiar,Consumo,10000.0,False,True,1132702104,11327021,RECHAZADO,55,0.3,MODERADO,R001|R010,2,0,,True,False,1,0,REVISION_MANUAL,0
50,4000.0,1200.0,0,4,0,Propia,Consumo,10000.0,False,True,1132905101,11329051,RECHAZADO,32,0.3,MODERADO,R002|R005|R015,3,1,,True,True,0,0,RECHAZADO,0
41,2500.0,750.0,2,0,2,Propia,Consumo,10000.0,True,True,1134019101,11340191,REVISION_MANUAL,67,0.3,MODERADO,R001|R004|R005|R012,4,1,,True,False,1,0,REVISION_MANUAL,0
79,2000.0,600.0,2,0,0,Propia,Negocio,12000.0,True,True,1135201101,11352011,REVISION_MANUAL,72,0.3,MODERADO,R001|R004|R005|R006,4,0,,True,False,1,0,REVISION_MANUAL,0
31,5000.0,1500.0,0,1,2,Propia,Negocio,12000.0,False,True,1135603101,11356031,RECHAZADO,24,0.3,MODERADO,R002|R005|R006,3,0,,True,True,0,0,RECHAZADO,0
30,7000.0,2100.0,2,0,2,Familiar,Consumo,10000.0,True,True,1135902102,11359021,RECHAZADO,55,0.3,MODERADO,R001|R004|R012,3,1,,True,False,1,0,REVISION_MANUAL,0
80,2000.0,600.0,2,0,1,Propia,Consumo,10000.0,True,True,1136004101,11360041,RECHAZADO,56,0.3,MODERADO,R001|R004|R005,3,0,,True,False,1,0,REVISION_MANUAL,0
48,16000.0,4800.0,0,4,2,Propia,Consumo,10000.0,False,True,1136301101,11363011,RECHAZADO,29,0.3,MODERADO,R002|R005,2,0,,True,True,0,0,RECHAZADO,0
50,30000.0,9000.0,2,4,1,Propia,Consumo,10000.0,False,True,1136502101,11365021,APROBADO,100,0.3,MODERADO,R001|R005|R012,3,1,,True,False,1,1,APROBADO,1
28,10000.0,3000.0,2,1,1,Familiar,Consumo,10000.0,False,True,1136715103,11367151,REVISION_MANUAL,77,0.3,MODERADO,R001|R012,2,1,,True,False,1,0,APROBADO,1
25,2500.0,750.0,0,0,2,Familiar,Consumo,10000.0,True,True,1136805103,11368051,RECHAZADO,0,0.3,MODERADO,R002|R004,2,0,,True,True,0,0,RECHAZADO,0
49,12000.0,3600.0,2,4,3,Propia,Consumo,10000.0,False,True,1136902101,11369021,APROBADO,100,0.3,MODERADO,R001|R005|R012,3,1,,True,False,1,1,APROBADO,1
30,12000.0,3600.0,2,4,2,Familiar,Consumo,10000.0,False,True,1137005103,11370051,APROBADO,87,0.3,MODERADO,R001|R012,2,1,,True,False,1,1,APROBADO,1
44,3500.0,1050.0,2,4,1,Propia,Consumo,10000.0,False,True,1137302201,11373022,APROBADO,97,0.3,MODERADO,R001|R005|R012,3,1,,True,False,1,1,APROBADO,1
37,1500.0,450.0,0,2,3,Propia,Consumo,10000.0,False,True,1137601101,11376011,RECHAZADO,18,0.3,MODERADO,R002|R005,2,0,,True,True,0,0,RECHAZADO,0
50,14000.0,4200.0,0,4,3,Propia,Consumo,10000.0,False,True,1137904102,11379041,RECHAZADO,26,0.3,MODERADO,R002|R005,2,0,,True,True,0,0,RECHAZADO,0
27,7000.0,2100.0,2,4,2,Familiar,Consumo,10000.0,True,True,1138102103,11381021,APROBADO,83,0.3,MODERADO,R001|R012,2,1,,True,False,1,1,APROBADO,1
38,7500.0,2250.0,2,2,1,Familiar,Consumo,10000.0,False,True,1138203101,11382031,APROBADO,85,0.3,MODERADO,R001|R012,2,1,,True,False,1,1,APROBADO,1
51,5300.0,1590.0,2,4,0,Propia,Consumo,10000.0,False,True,1138511101,11385111,APROBADO,100,0.3,MODERADO,R001|R005|R012|R015,4,2,,True,False,1,1,APROBADO,1
60,2000.0,600.0,2,0,4,Propia,Negocio,12000.0,True,True,1138902102,11389021,RECHAZADO,56,0.3,MODERADO,R001|R004|R005|R006|R010,5,0,,True,False,1,0,REVISION_MANUAL,0
32,2500.0,750.0,2,0,2,Familiar,Consumo,10000.0,True,True,1139020102,11390201,RECHAZADO,52,0.3,MODERADO,R001|R004|R012,3,1,,True,False,1,0,RECHAZADO,0
33,2000.0,600.0,2,4,0,Propia,Consumo,10000.0,False,True,1139305102,11393051,APROBADO,96,0.3,MODERADO,R001|R005|R015,3,1,,True,False,1,1,APROBADO,1
35,2400.0,720.0,0,1,2,Propia,Consumo,10000.0,False,True,1139410101,11394101,RECHAZADO,10,0.3,MODERADO,R002|R005,2,0,,True,True,0,0,RECHAZADO,0
32,1800.0,540.0,2,4,1,Familiar,Consumo,10000.0,False,True,1139502102,11395021,REVISION_MANUAL,71,0.3,MODERADO,R001,1,0,,True,False,1,0,REVISION_MANUAL,0
26,2800.0,840.0,2,1,2,Familiar,Consumo,10000.0,False,True,1139907102,11399071,REVISION_MANUAL,70,0.3,MODERADO,R001|R012,2,1,,True,False,1,0,REVISION_MANUAL,0
57,10000.0,3000.0,2,4,1,Familiar,Consumo,10000.0,False,True,1140105101,11401051,APROBADO,85,0.3,MODERADO,R001|R012,2,1,,True,False,1,1,APROBADO,1
21,2500.0,750.0,2,1,4,Familiar,Consumo,10000.0,False,True,1140202104,11402021,RECHAZADO,55,0.3,MODERADO,R001|R010|R012,3,1,,True,False,1,0,REVISION_MANUAL,0
39,30000.0,9000.0,0,4,0,Propia,Consumo,10000.0,False,True,1141303101,11413031,RECHAZADO,50,0.3,MODERADO,R002|R005|R015,3,1,,True,True,0,0,RECHAZADO,0
21,2000.0,600.0,2,4,1,Familiar,Consumo,10000.0,False,True,1141401102,11414011,REVISION_MANUAL,69,0.3,MODERADO,R001,1,0,,True,False,1,0,REVISION_MANUAL,0
38,4000.0,1200.0,0,4,2,Familiar,Consumo,10000.0,False,True,1141503101,11415031,RECHAZADO,6,0.3,MODERADO,R002,1,0,,True,True,0,0,RECHAZADO,0
22,1750.0,525.0,2,4,1,Familiar,Consumo,10000.0,False,True,1141705102,11417051,REVISION_MANUAL,69,0.3,MODERADO,R001,1,0,,True,False,1,0,REVISION_MANUAL,0
41,400.0,120.0,0,4,2,Propia,Consumo,7200.0,False,True,1141906102,11419061,RECHAZADO,19,0.3,MODERADO,R002|R005,2,0,,True,True,0,0,RECHAZADO,0
56,30000.0,9000.0,2,4,2,Propia,Consumo,10000.0,False,True,1142101101,11421011,APROBADO,100,0.3,MODERADO,R001|R005|R012,3,1,,True,False,1,1,APROBADO,1
27,2000.0,600.0,2,2,3,Familiar,Consumo,10000.0,False,True,1142303103,11423031,REVISION_MANUAL,68,0.3,MODERADO,R001,1,0,,True,False,1,0,REVISION_MANUAL,0
30,2900.0,870.0,2,4,3,Familiar,Consumo,10000.0,False,True,1142405103,11424051,REVISION_MANUAL,79,0.3,MODERADO,R001|R012,2,1,,True,False,1,0,APROBADO,1
34,1000.0,300.0,2,1,2,Propia,Consumo,10000.0,False,True,1142603101,11426031,REVISION_MANUAL,74,0.3,MODERADO,R001|R005,2,0,,True,False,1,0,REVISION_MANUAL,0
40,20000.0,6000.0,0,4,2,Familiar,Consumo,10000.0,False,True,1143002101,11430021,RECHAZADO,17,0.3,MODERADO,R002,1,0,,True,True,0,0,RECHAZADO,0
30,15000.0,4500.0,2,4,2,Familiar,Consumo,10000.0,False,True,1143604103,11436041,APROBADO,89,0.3,MODERADO,R001|R012,2,1,,True,False,1,1,APROBADO,1
42,1800.0,540.0,0,4,2,Familiar,Consumo,10000.0,False,True,1143715101,11437151,RECHAZADO,5,0.3,MODERADO,R002,1,0,,True,True,0,0,RECHAZADO,0
35,3000.0,900.0,2,2,2,Propia,Consumo,10000.0,False,True,1143820101,11438201,APROBADO,96,0.3,MODERADO,R001|R005|R012,3,1,,True,False,1,1,APROBADO,1
29,2800.0,840.0,0,4,0,Familiar,Consumo,10000.0,False,True,1144018101,11440181,RECHAZADO,8,0.3,MODERADO,R002,1,0,,True,True,0,0,RECHAZADO,0
31,7500.0,2250.0,2,4,0,Propia,Consumo,10000.0,False,True,1144104101,11441041,APROBADO,100,0.3,MODERADO,R001|R005|R012|R015,4,2,,True,False,1,1,APROBADO,1
31,2000.0,600.0,0,1,2,Familiar,Consumo,10000.0,False,True,1144201102,11442011,RECHAZADO,0,0.3,MODERADO,R002,1,0,,True,True,0,0,RECHAZADO,0
70,150.0,45.0,2,1,3,Familiar,Negocio,2700.0,False,True,1144602101,11446021,REVISION_MANUAL,69,0.3,MODERADO,R001|R006,2,0,,True,False,1,0,REVISION_MANUAL,0
48,6500.0,1950.0,2,0,2,Familiar,Consumo,10000.0,False,True,1144701101,11447011,RECHAZADO,55,0.3,MODERADO,R001|R004|R012,3,1,,True,False,1,0,REVISION_MANUAL,0
32,15000.0,4500.0,0,4,0,Familiar,Consumo,10000.0,False,True,1144819102,11448191,RECHAZADO,17,0.3,MODERADO,R002,1,0,,True,True,0,0,RECHAZADO,0
34,6500.0,1950.0,2,4,3,Familiar,Consumo,10000.0,False,True,1145001103,11450011,APROBADO,81,0.3,MODERADO,R001|R012,2,1,,True,False,1,1,APROBADO,1
34,2500.0,750.0,2,2,1,Familiar,Consumo,10000.0,False,True,1145102102,11451021,APROBADO,82,0.3,MODERADO,R001|R012,2,1,,True,False,1,1,APROBADO,1
46,4000.0,1200.0,2,1,3,Propia,Consumo,10000.0,False,True,1145705102,11457051,APROBADO,85,0.3,MODERADO,R001|R005|R012,3,1,,True,False,1,1,APROBADO,1
42,18000.0,5400.0,2,5,1,Familiar,Consumo,10000.0,False,True,1145810101,11458101,APROBADO,100,0.3,MODERADO,R001|R003|R012,3,1,,True,False,1,1,APROBADO,1
41,5000.0,1500.0,2,1,3,Familiar,Consumo,10000.0,False,True,1145904101,11459041,REVISION_MANUAL,70,0.3,MODERADO,R001|R012,2,1,,True,False,1,0,REVISION_MANUAL,0
41,2000.0,600.0,2,0,2,Propia,Negocio,12000.0,True,True,1146006102,11460061,REVISION_MANUAL,69,0.3,MODERADO,R001|R004|R005|R006,4,0,,True,False,1,0,REVISION_MANUAL,0
36,1000.0,300.0,0,2,1,Familiar,Consumo,10000.0,False,True,1146402102,11464021,RECHAZADO,6,0.3,MODERADO,R002,1,0,,True,True,0,0,RECHAZADO,0
73,15000.0,4500.0,2,2,0,Propia,Consumo,10000.0,False,True,1146604101,11466041,APROBADO,100,0.3,MODERADO,R001|R005|R012,3,1,,True,False,1,1,APROBADO,1
51,750.0,225.0,2,2,1,Familiar,Consumo,10000.0,False,True,1146804101,11468041,REVISION_MANUAL,71,0.3,MODERADO,R001,1,0,,True,False,1,0,REVISION_MANUAL,0
48,3000.0,900.0,2,4,2,Propia,Consumo,10000.0,False,True,1147101101,11471011,APROBADO,96,0.3,MODERADO,R001|R005|R012,3,1,,True,False,1,1,APROBADO,1
53,4000.0,1200.0,0,1,2,Propia,Consumo,10000.0,False,True,1147203102,11472031,RECHAZADO,11,0.3,MODERADO,R002|R005,2,0,,True,True,0,0,RECHAZADO,0
62,25000.0,7500.0,2,5,0,Propia,Consumo,10000.0,False,True,1147303101,11473031,APROBADO,100,0.3,MODERADO,R001|R003|R005|R012|R015,5,2,,True,False,1,1,APROBADO,1
31,5000.0,1500.0,2,4,1,Familiar,Consumo,10000.0,False,True,1148004101,11480041,APROBADO,83,0.3,MODERADO,R001|R012,2,1,,True,False,1,1,APROBADO,1
28,14000.0,4200.0,2,4,2,Familiar,Consumo,10000.0,False,True,1148101103,11481011,APROBADO,88,0.3,MODERADO,R001|R012,2,1,,True,False,1,1,APROBADO,1
28,6000.0,1800.0,2,4,3,Familiar,Consumo,10000.0,False,True,1148305101,11483051,APROBADO,81,0.3,MODERADO,R001|R012,2,1,,True,False,1,1,APROBADO,1
54,7000.0,2100.0,2,0,0,Propia,Consumo,10000.0,True,True,1148801101,11488011,REVISION_MANUAL,73,0.3,MODERADO,R001|R004|R005|R012,4,1,,True,False,1,0,REVISION_MANUAL,0
29,3000.0,900.0,2,4,0,Propia,Consumo,10000.0,False,True,1148905102,11489051,APROBADO,100,0.3,MODERADO,R001|R005|R012|R015,4,2,,True,False,1,1,APROBADO,1
60,2500.0,750.0,2,0,1,Familiar,Consumo,10000.0,True,True,1149204101,11492041,RECHAZADO,52,0.3,MODERADO,R001|R004|R012,3,1,,True,False,1,0,RECHAZADO,0
45,1500.0,450.0,2,1,2,Propia,Consumo,10000.0,False,True,1150205101,11502051,REVISION_MANUAL,75,0.3,MODERADO,R001|R005,2,0,,True,False,1,0,APROBADO,1
42,2000.0,600.0,2,2,2,Familiar,Consumo,10000.0,False,True,1150504102,11505041,REVISION_MANUAL,70,0.3,MODERADO,R001,1,0,,True,False,1,0,REVISION_MANUAL,0
49,14000.0,4200.0,0,4,0,Familiar,Consumo,10000.0,True,True,1150801102,11508011,RECHAZADO,16,0.3,MODERADO,R002,1,0,,True,True,0,0,RECHAZADO,0
40,1500.0,450.0,0,2,0,Familiar,Consumo,10000.0,True,True,1151304101,11513041,RECHAZADO,8,0.3,MODERADO,R002,1,0,,True,True,0,0,RECHAZADO,0
19,1000.0,300.0,2,2,4,Familiar,Consumo,10000.0,False,True,1151703104,11517031,RECHAZADO,43,0.3,MODERADO,R001|R009|R010,3,0,,True,False,1,0,RECHAZADO,0
21,1800.0,540.0,0,2,3,Familiar,Consumo,10000.0,False,True,1152007104,11520071,RECHAZADO,1,0.3,MODERADO,R002,1,0,,True,True,0,0,RECHAZADO,0
74,1500.0,450.0,2,0,1,Propia,Consumo,10000.0,True,True,1152804101,11528041,RECHAZADO,56,0.3,MODERADO,R001|R004|R005,3,0,,True,False,1,0,REVISION_MANUAL,0
52,1800.0,540.0,2,1,1,Propia,Negocio,12000.0,False,True,1153215101,11532151,APROBADO,88,0.3,MODERADO,R001|R005|R006,3,0,,True,False,1,1,APROBADO,1
70,1500.0,450.0,2,0,2,Propia,Consumo,10000.0,True,True,1153307101,11533071,RECHAZADO,55,0.3,MODERADO,R001|R004|R005,3,0,,True,False,1,0,REVISION_MANUAL,0
27,3500.0,1050.0,2,2,3,Familiar,Consumo,10000.0,False,True,1153502103,11535021,REVISION_MANUAL,79,0.3,MODERADO,R001|R012,2,1,,True,False,1,0,APROBADO,1
53,4240.0,1272.0,2,2,0,Propia,Consumo,10000.0,False,True,1153902101,11539021,APROBADO,99,0.3,MODERADO,R001|R005|R012,3,1,,True,False,1,1,APROBADO,1
68,2100.0,630.0,2,1,0,Propia,Consumo,10000.0,False,True,1154303101,11543031,REVISION_MANUAL,76,0.3,MODERADO,R001|R005,2,0,,True,False,1,0,APROBADO,1
50,9000.0,2700.0,2,4,1,Familiar,Consumo,10000.0,False,True,1154401103,11544011,APROBADO,86,0.3,MODERADO,R001|R012,2,1,,True,False,1,1,APROBADO,1
66,3000.0,900.0,2,1,0,Propia,Consumo,10000.0,False,True,1154611101,11546111,APROBADO,87,0.3,MODERADO,R001|R005|R012,3,1,,True,False,1,1,APROBADO,1
35,9000.0,2700.0,2,4,2,Familiar,Consumo,10000.0,False,True,1155203101,11552031,APROBADO,85,0.3,MODERADO,R001|R012,2,1,,True,False,1,1,APROBADO,1
48,1500.0,450.0,2,2,2,Propia,Negocio,12000.0,False,True,1155305102,11553051,APROBADO,97,0.3,MODERADO,R001|R005|R006,3,0,,True,False,1,1,APROBADO,1
32,7000.0,2100.0,0,0,2,Propia,Consumo,10000.0,True,True,1155405104,11554051,RECHAZADO,0,0.3,MODERADO,R002|R004|R005,3,0,,True,True,0,0,RECHAZADO,0
30,7000.0,2100.0,2,0,0,Familiar,Consumo,10000.0,True,True,1155505102,11555051,RECHAZADO,58,0.3,MODERADO,R001|R004|R012,3,1,,True,False,1,0,REVISION_MANUAL,0
38,20000.0,6000.0,2,4,1,Propia,Consumo,10000.0,False,True,1155702101,11557021,APROBADO,100,0.3,MODERADO,R001|R005|R012,3,1,,True,False,1,1,APROBADO,1
39,15000.0,4500.0,2,4,2,Familiar,Consumo,10000.0,False,True,1156205101,11562051,APROBADO,89,0.3,MODERADO,R001|R012,2,1,,True,False,1,1,APROBADO,1
53,4000.0,1200.0,2,0,1,Familiar,Consumo,10000.0,True,True,1156401102,11564011,RECHAZADO,55,0.3,MODERADO,R001|R004|R012,3,1,,True,False,1,0,REVISION_MANUAL,0
44,22000.0,6600.0,2,2,1,Familiar,Consumo,10000.0,False,True,1156603102,11566031,APROBADO,95,0.3,MODERADO,R001|R012,2,1,,True,False,1,1,APROBADO,1
56,6000.0,1800.0,2,1,1,Familiar,Consumo,10000.0,False,True,1156705102,11567051,REVISION_MANUAL,72,0.3,MODERADO,R001|R012,2,1,,True,False,1,0,REVISION_MANUAL,0
40,5000.0,1500.0,2,3,1,Propia,Consumo,10000.0,False,True,1156903101,11569031,APROBADO,98,0.3,MODERADO,R001|R005|R012,3,1,,True,False,1,1,APROBADO,1
49,800.0,240.0,2,2,2,Familiar,Consumo,10000.0,False,True,1158307102,11583071,REVISION_MANUAL,69,0.3,MODERADO,R001,1,0,,True,False,1,0,REVISION_MANUAL,0
34,14000.0,4200.0,2,4,1,Propia,Consumo,10000.0,False,True,1158601104,11586011,APROBADO,100,0.3,MODERADO,R001|R005|R012,3,1,,True,False,1,1,APROBADO,1
48,2000.0,600.0,2,0,1,Familiar,Consumo,10000.0,True,True,1158819102,11588191,RECHAZADO,43,0.3,MODERADO,R001|R004,2,0,,True,False,1,0,RECHAZADO,0
49,1200.0,360.0,0,1,0,Familiar,Consumo,10000.0,False,True,1158915102,11589151,RECHAZADO,0,0.3,MODERADO,R002,1,0,,True,True,0,0,RECHAZADO,0
57,14000.0,4200.0,2,4,1,Propia,Consumo,10000.0,False,True,1159105103,11591051,APROBADO,100,0.3,MODERADO,R001|R005|R012,3,1,,True,False,1,1,APROBADO,1
56,750.0,225.0,0,2,0,Familiar,Consumo,10000.0,False,True,1159204101,11592041,RECHAZADO,5,0.3,MODERADO,R002,1,0,,True,True,0,0,RECHAZADO,0
54,8000.0,2400.0,2,4,0,Propia,Consumo,10000.0,False,True,1159504102,11595041,APROBADO,100,0.3,MODERADO,R001|R005|R012|R015,4,2,,True,False,1,1,APROBADO,1
38,1200.0,360.0,2,1,0,Propia,Consumo,10000.0,False,True,1159604102,11596041,REVISION_MANUAL,77,0.3,MODERADO,R001|R005,2,0,,True,False,1,0,APROBADO,1
34,12000.0,3600.0,2,4,0,Propia,Consumo,10000.0,False,True,1159704102,11597041,APROBADO,100,0.3,MODERADO,R001|R005|R012|R015,4,2,,True,False,1,1,APROBADO,1
32,3500.0,1050.0,2,5,5,Familiar,Consumo,10000.0,False,True,1160905101,11609051,APROBADO,91,0.3,MODERADO,R001|R003|R010|R012,4,1,,True,False,1,1,APROBADO,1
45,2000.0,600.0,2,4,0,Propia,Consumo,10000.0,False,True,1161104101,11611041,APROBADO,96,0.3,MODERADO,R001|R005|R015,3,1,,True,False,1,1,APROBADO,1
37,13500.0,4050.0,2,4,3,Familiar,Consumo,10000.0,False,True,1161201101,11612011,APROBADO,86,0.3,MODERADO,R001|R012,2,1,,True,False,1,1,APROBADO,1
75,300.0,90.0,2,1,0,Propia,Negocio,5400.0,False,True,1161503101,11615031,APROBADO,89,0.3,MODERADO,R001|R005|R006,3,0,,True,False,1,1,APROBADO,1
49,7000.0,2100.0,2,4,2,Propia,Consumo,10000.0,True,True,1161701101,11617011,APROBADO,98,0.3,MODERADO,R001|R005|R012,3,1,,True,False,1,1,APROBADO,1
44,2000.0,600.0,2,0,2,Propia,Consumo,10000.0,True,True,1161920102,11619201,RECHAZADO,57,0.3,MODERADO,R001|R004|R005,3,0,,True,False,1,0,REVISION_MANUAL,0
72,2000.0,600.0,2,0,0,Propia,Consumo,10000.0,True,True,1162105101,11621051,RECHAZADO,58,0.3,MODERADO,R001|R004|R005,3,0,,True,False,1,0,REVISION_MANUAL,0
43,1800.0,540.0,2,1,1,Propia,Consumo,10000.0,False,True,1162403101,11624031,REVISION_MANUAL,76,0.3,MODERADO,R001|R005,2,0,,True,False,1,0,APROBADO,1
74,2500.0,750.0,2,0,0,Familiar,Consumo,10000.0,True,True,1162620102,11626201,RECHAZADO,53,0.3,MODERADO,R001|R004|R012,3,1,,True,False,1,0,RECHAZADO,0
58,1000.0,300.0,0,0,0,Familiar,Consumo,10000.0,True,True,1162702102,11627021,RECHAZADO,0,0.3,MODERADO,R002|R004,2,0,,True,True,0,0,RECHAZADO,0
54,20000.0,6000.0,0,4,1,Familiar,Consumo,10000.0,False,True,1163003101,11630031,RECHAZADO,18,0.3,MODERADO,R002,1,0,,True,True,0,0,RECHAZADO,0
38,2000.0,600.0,2,0,2,Familiar,Consumo,10000.0,True,True,1163301102,11633011,RECHAZADO,42,0.3,MODERADO,R001|R004,2,0,,True,False,1,0,RECHAZADO,0
35,2000.0,600.0,0,0,2,Familiar,Consumo,10000.0,True,True,1163402102,11634021,RECHAZADO,0,0.3,MODERADO,R002|R004,2,0,,True,True,0,0,RECHAZADO,0
26,2800.0,840.0,2,4,1,Familiar,Consumo,10000.0,False,True,1164009103,11640091,APROBADO,82,0.3,MODERADO,R001|R012,2,1,,True,False,1,1,APROBADO,1
48,1800.0,540.0,2,2,2,Familiar,Consumo,10000.0,False,True,1164405101,11644051,REVISION_MANUAL,70,0.3,MODERADO,R001,1,0,,True,False,1,0,REVISION_MANUAL,0
34,3500.0,1050.0,2,4,1,Familiar,Consumo,10000.0,False,True,1164505103,11645051,APROBADO,82,0.3,MODERADO,R001|R012,2,1,,True,False,1,1,APROBADO,1
34,1200.0,360.0,0,2,2,Familiar,Consumo,10000.0,False,True,1164814101,11648141,RECHAZADO,4,0.3,MODERADO,R002,1,0,,True,True,0,0,RECHAZADO,0
80,7000.0,2100.0,2,0,0,Propia,Consumo,10000.0,True,True,1164904101,11649041,REVISION_MANUAL,71,0.3,MODERADO,R001|R004|R005|R012,4,1,,True,False,1,0,REVISION_MANUAL,0
54,2400.0,720.0,2,4,0,Propia,Consumo,10000.0,False,True,1165120101,11651201,APROBADO,96,0.3,MODERADO,R001|R005|R015,3,1,,True,False,1,1,APROBADO,1
41,2100.0,630.0,2,4,3,Familiar,Consumo,10000.0,False,True,1165418101,11654181,REVISION_MANUAL,68,0.3,MODERADO,R001,1,0,,True,False,1,0,REVISION_MANUAL,0
37,1600.0,480.0,2,4,0,Propia,Consumo,10000.0,False,True,1165603101,11656031,APROBADO,96,0.3,MODERADO,R001|R005|R015,3,1,,True,False,1,1,APROBADO,1
30,6000.0,1800.0,0,4,2,Familiar,Consumo,10000.0,False,True,1165904102,11659041,RECHAZADO,8,0.3,MODERADO,R002,1,0,,True,True,0,0,RECHAZADO,0
44,3000.0,900.0,2,3,0,Propia,Consumo,10000.0,False,True,1166016101,11660161,APROBADO,100,0.3,MODERADO,R001|R005|R012|R015,4,2,,True,False,1,1,APROBADO,1
64,7000.0,2100.0,2,0,1,Propia,Consumo,10000.0,True,True,1166102101,11661021,REVISION_MANUAL,70,0.3,MODERADO,R001|R004|R005|R012,4,1,,True,False,1,0,REVISION_MANUAL,0
24,14000.0,4200.0,2,0,1,Familiar,Consumo,10000.0,True,True,1166304103,11663041,RECHAZADO,59,0.3,MODERADO,R001|R004|R012,3,1,,True,False,1,0,REVISION_MANUAL,0
41,12000.0,3600.0,0,2,3,Familiar,Consumo,10000.0,False,True,1166819102,11668191,RECHAZADO,10,0.3,MODERADO,R002,1,0,,True,True,0,0,RECHAZADO,0
44,6000.0,1800.0,2,4,2,Propia,Consumo,10000.0,False,True,1167103102,11671031,APROBADO,98,0.3,MODERADO,R001|R005|R012,3,1,,True,False,1,1,APROBADO,1
31,10800.0,3240.0,0,4,0,Familiar,Consumo,10000.0,False,True,1167204101,11672041,RECHAZADO,14,0.3,MODERADO,R002,1,0,,True,True,0,0,RECHAZADO,0
36,200.0,60.0,2,1,0,Familiar,Consumo,3600.0,False,True,1167405102,11674051,REVISION_MANUAL,62,0.3,MODERADO,R001,1,0,,True,False,1,0,REVISION_MANUAL,0
62,3000.0,900.0,2,0,0,Propia,Consumo,10000.0,True,True,1167610101,11676101,REVISION_MANUAL,69,0.3,MODERADO,R001|R004|R005|R012,4,1,,True,False,1,0,REVISION_MANUAL,0
58,3000.0,900.0,2,1,0,Propia,Consumo,10000.0,False,True,1167802101,11678021,APROBADO,87,0.3,MODERADO,R001|R005|R012,3,1,,True,False,1,1,APROBADO,1
46,18000.0,5400.0,2,4,0,Propia,Consumo,10000.0,False,True,1168005101,11680051,APROBADO,100,0.3,MODERADO,R001|R005|R012|R015,4,2,,True,False,1,1,APROBADO,1
23,8000.0,2400.0,2,4,0,Familiar,Consumo,10000.0,False,True,1168403101,11684031,APROBADO,85,0.3,MODERADO,R001|R012,2,1,,True,False,1,1,APROBADO,1
35,12000.0,3600.0,2,4,2,Propia,Consumo,10000.0,False,True,1168504101,11685041,APROBADO,100,0.3,MODERADO,R001|R005|R012,3,1,,True,False,1,1,APROBADO,1
30,1000.0,300.0,2,1,2,Propia,Consumo,10000.0,False,True,1168601101,11686011,REVISION_MANUAL,74,0.3,MODERADO,R001|R005,2,0,,True,False,1,0,REVISION_MANUAL,0
47,400.0,120.0,0,1,1,Familiar,Consumo,7200.0,False,True,1168913101,11689131,RECHAZADO,0,0.3,MODERADO,R002,1,0,,True,True,0,0,RECHAZADO,0
35,1800.0,540.0,2,4,0,Propia,Consumo,10000.0,False,True,1169203101,11692031,APROBADO,96,0.3,MODERADO,R001|R005|R015,3,1,,True,False,1,1,APROBADO,1
23,1800.0,540.0,2,2,1,Familiar,Consumo,10000.0,False,True,1169303103,11693031,REVISION_MANUAL,69,0.3,MODERADO,R001,1,0,,True,False,1,0,REVISION_MANUAL,0
27,2800.0,840.0,0,4,2,Familiar,Consumo,10000.0,False,True,1169401103,11694011,RECHAZADO,5,0.3,MODERADO,R002,1,0,,True,True,0,0,RECHAZADO,0
39,7000.0,2100.0,2,4,1,Familiar,Consumo,10000.0,False,True,1169503101,11695031,APROBADO,85,0.3,MODERADO,R001|R012,2,1,,True,False,1,1,APROBADO,1
42,10000.0,3000.0,0,4,2,Propia,Consumo,10000.0,False,True,1169702101,11697021,RECHAZADO,25,0.3,MODERADO,R002|R005,2,0,,True,True,0,0,RECHAZADO,0
20,2500.0,750.0,2,0,4,Familiar,Consumo,10000.0,True,True,1169902103,11699021,RECHAZADO,25,0.3,MODERADO,R001|R004|R009|R010|R012,5,1,,True,False,1,0,RECHAZADO,0
65,3000.0,900.0,2,0,2,Propia,Consumo,10000.0,True,True,1170203101,11702031,REVISION_MANUAL,66,0.3,MODERADO,R001|R004|R005|R012,4,1,,True,False,1,0,REVISION_MANUAL,0
19,1700.0,510.0,2,4,3,Familiar,Consumo,10000.0,False,True,1170401102,11704011,RECHAZADO,54,0.3,MODERADO,R001|R009,2,0,,True,False,1,0,RECHAZADO,0
19,2200.0,660.0,2,4,2,Familiar,Consumo,10000.0,False,True,1170505104,11705051,RECHAZADO,56,0.3,MODERADO,R001|R009,2,0,,True,False,1,0,REVISION_MANUAL,0
50,10000.0,3000.0,2,4,1,Familiar,Consumo,10000.0,False,True,1170620102,11706201,APROBADO,87,0.3,MODERADO,R001|R012,2,1,,True,False,1,1,APROBADO,1
22,3000.0,900.0,2,4,1,Familiar,Consumo,10000.0,False,True,1170802102,11708021,APROBADO,80,0.3,MODERADO,R001|R012,2,1,,True,False,1,1,APROBADO,1
35,1000.0,300.0,2,1,2,Familiar,Consumo,10000.0,False,True,1170903102,11709031,RECHAZADO,59,0.3,MODERADO,R001,1,0,,True,False,1,0,REVISION_MANUAL,0
62,7000.0,2100.0,2,0,0,Propia,Consumo,10000.0,True,True,1171302101,11713021,REVISION_MANUAL,71,0.3,MODERADO,R001|R004|R005|R012,4,1,,True,False,1,0,REVISION_MANUAL,0
67,900.0,270.0,2,4,1,Propia,Consumo,10000.0,False,True,1171608102,11716081,APROBADO,84,0.3,MODERADO,R001|R005,2,0,,True,False,1,1,APROBADO,1
48,1500.0,450.0,0,2,5,Familiar,Consumo,10000.0,False,True,1171704102,11717041,RECHAZADO,0,0.3,MODERADO,R002|R010,2,0,,True,True,0,0,RECHAZADO,0
38,400.0,120.0,2,1,1,Propia,Consumo,7200.0,False,True,1172403102,11724031,REVISION_MANUAL,75,0.3,MODERADO,R001|R005,2,0,,True,False,1,0,APROBADO,1
27,1000.0,300.0,2,2,2,Familiar,Consumo,10000.0,False,True,1172911102,11729111,REVISION_MANUAL,69,0.3,MODERADO,R001,1,0,,True,False,1,0,REVISION_MANUAL,0
28,2000.0,600.0,2,0,5,Familiar,Consumo,10000.0,True,True,1173002102,11730021,RECHAZADO,29,0.3,MODERADO,R001|R004|R010,3,0,,True,False,1,0,RECHAZADO,0
39,25000.0,7500.0,2,4,1,Familiar,Consumo,10000.0,False,True,1174103101,11741031,APROBADO,97,0.3,MODERADO,R001|R012,2,1,,True,False,1,1,APROBADO,1
52,2000.0,600.0,0,0,0,Propia,Consumo,10000.0,True,True,1174205101,11742051,RECHAZADO,0,0.3,MODERADO,R002|R004|R005,3,0,,True,True,0,0,RECHAZADO,0
24,8000.0,2400.0,2,4,4,Familiar,Consumo,10000.0,False,True,1174301106,11743011,REVISION_MANUAL,69,0.3,MODERADO,R001|R010|R012,3,1,,True,False,1,0,REVISION_MANUAL,0
61,2000.0,600.0,0,0,2,Propia,Consumo,10000.0,True,True,1174502101,11745021,RECHAZADO,0,0.3,MODERADO,R002|R004|R005,3,0,,True,True,0,0,RECHAZADO,0
34,4000.0,1200.0,2,0,3,Familiar,Consumo,10000.0,True,True,1174615101,11746151,RECHAZADO,52,0.3,MODERADO,R001|R004|R012,3,1,,True,False,1,0,RECHAZADO,0
65,7000.0,2100.0,2,0,2,Propia,Consumo,10000.0,True,True,1174704102,11747041,REVISION_MANUAL,68,0.3,MODERADO,R001|R004|R005|R012,4,1,,True,False,1,0,REVISION_MANUAL,0
33,4000.0,1200.0,2,2,2,Propia,Consumo,10000.0,False,True,1174810101,11748101,APROBADO,96,0.3,MODERADO,R001|R005|R012,3,1,,True,False,1,1,APROBADO,1
37,16000.0,4800.0,0,4,2,Propia,Consumo,10000.0,False,True,1174904101,11749041,RECHAZADO,29,0.3,MODERADO,R002|R005,2,0,,True,True,0,0,RECHAZADO,0
57,15000.0,4500.0,0,1,0,Propia,Consumo,10000.0,False,True,1175101101,11751011,RECHAZADO,20,0.3,MODERADO,R002|R005,2,0,,True,True,0,0,RECHAZADO,0
49,60000.0,18000.0,2,3,2,Propia,Consumo,10000.0,False,True,1175203101,11752031,APROBADO,100,0.3,MODERADO,R001|R005|R012,3,1,,True,False,1,1,APROBADO,1
33,2000.0,600.0,2,1,1,Familiar,Consumo,10000.0,False,True,1175403102,11754031,REVISION_MANUAL,61,0.3,MODERADO,R001,1,0,,True,False,1,0,REVISION_MANUAL,0
20,500.0,150.0,2,1,1,Familiar,Consumo,9000.0,False,True,1175504102,11755041,RECHAZADO,46,0.3,MODERADO,R001|R009,2,0,,True,False,1,0,RECHAZADO,0
59,6200.0,1860.0,2,1,0,Propia,Consumo,10000.0,False,True,1175607101,11756071,APROBADO,89,0.3,MODERADO,R001|R005|R012,3,1,,True,False,1,1,APROBADO,1
37,2000.0,600.0,2,0,1,Familiar,Consumo,10000.0,True,True,1175920102,11759201,RECHAZADO,43,0.3,MODERADO,R001|R004,2,0,,True,False,1,0,RECHAZADO,0
63,2000.0,600.0,2,4,0,Propia,Consumo,10000.0,False,True,1176019101,11760191,APROBADO,94,0.3,MODERADO,R001|R005|R015,3,1,,True,False,1,1,APROBADO,1
22,4000.0,1200.0,2,4,2,Familiar,Consumo,10000.0,False,True,1176301103,11763011,REVISION_MANUAL,79,0.3,MODERADO,R001|R012,2,1,,True,False,1,0,APROBADO,1
57,8500.0,2550.0,2,4,0,Propia,Consumo,10000.0,False,True,1176402102,11764021,APROBADO,100,0.3,MODERADO,R001|R005|R012|R015,4,2,,True,False,1,1,APROBADO,1
19,7000.0,2100.0,0,0,4,Familiar,Consumo,10000.0,True,True,1176802104,11768021,RECHAZADO,0,0.3,MODERADO,R002|R004|R009|R010,4,0,,True,True,0,0,RECHAZADO,0
42,1800.0,540.0,2,4,0,Propia,Consumo,10000.0,False,True,1176905101,11769051,APROBADO,96,0.3,MODERADO,R001|R005|R015,3,1,,True,False,1,1,APROBADO,1
37,7000.0,2100.0,2,4,0,Familiar,Consumo,10000.0,False,True,1177404101,11774041,APROBADO,86,0.3,MODERADO,R001|R012,2,1,,True,False,1,1,APROBADO,1
49,5000.0,1500.0,0,1,0,Propia,Consumo,10000.0,False,True,1177703101,11777031,RECHAZADO,15,0.3,MODERADO,R002|R005,2,0,,True,True,0,0,RECHAZADO,0
57,2000.0,600.0,2,1,0,Propia,Consumo,10000.0,False,True,1177901101,11779011,REVISION_MANUAL,76,0.3,MODERADO,R001|R005,2,0,,True,False,1,0,APROBADO,1
29,1500.0,450.0,2,4,2,Familiar,Consumo,10000.0,False,True,1178016102,11780161,REVISION_MANUAL,70,0.3,MODERADO,R001,1,0,,True,False,1,0,REVISION_MANUAL,0
49,3000.0,900.0,2,1,2,Familiar,Consumo,10000.0,False,True,1178403101,11784031,REVISION_MANUAL,71,0.3,MODERADO,R001|R012,2,1,,True,False,1,0,REVISION_MANUAL,0
67,800.0,240.0,2,1,0,Propia,Negocio,12000.0,False,True,1178619101,11786191,APROBADO,89,0.3,MODERADO,R001|R005|R006,3,0,,True,False,1,1,APROBADO,1
40,700.0,210.0,2,3,2,Propia,Consumo,10000.0,False,True,1178902101,11789021,APROBADO,84,0.3,MODERADO,R001|R005,2,0,,True,False,1,1,APROBADO,1
30,7000.0,2100.0,2,0,2,Familiar,Consumo,10000.0,True,True,1179603104,11796031,RECHAZADO,55,0.3,MODERADO,R001|R004|R012,3,1,,True,False,1,0,REVISION_MANUAL,0
38,8000.0,2400.0,2,2,3,Familiar,Negocio,12000.0,False,True,1179901101,11799011,APROBADO,94,0.3,MODERADO,R001|R006|R012,3,1,,True,False,1,1,APROBADO,1
62,9000.0,2700.0,2,4,1,Propia,Consumo,10000.0,False,True,1180004101,11800041,APROBADO,99,0.3,MODERADO,R001|R005|R012,3,1,,True,False,1,1,APROBADO,1
23,1500.0,450.0,0,4,2,Familiar,Consumo,10000.0,False,True,1180118102,11801181,RECHAZADO,3,0.3,MODERADO,R002,1,0,,True,True,0,0,RECHAZADO,0
53,7000.0,2100.0,2,4,1,Propia,Consumo,10000.0,False,True,1180601101,11806011,APROBADO,100,0.3,MODERADO,R001|R005|R012,3,1,,True,False,1,1,APROBADO,1
30,1500.0,450.0,2,4,2,Familiar,Negocio,12000.0,False,True,1180818102,11808181,APROBADO,82,0.3,MODERADO,R001|R006,2,0,,True,False,1,1,APROBADO,1
45,2500.0,750.0,0,0,3,Familiar,Consumo,10000.0,True,True,1181001104,11810011,RECHAZADO,0,0.3,MODERADO,R002|R004,2,0,,True,True,0,0,RECHAZADO,0
55,2500.0,750.0,0,1,1,Familiar,Consumo,10000.0,True,True,1181105101,11811051,RECHAZADO,0,0.3,MODERADO,R002,1,0,,True,True,0,0,RECHAZADO,0
64,2500.0,750.0,2,0,1,Familiar,Consumo,10000.0,True,True,1181202102,11812021,RECHAZADO,52,0.3,MODERADO,R001|R004|R012,3,1,,True,False,1,0,RECHAZADO,0
58,2000.0,600.0,0,0,0,Familiar,Consumo,10000.0,True,True,1181502101,11815021,RECHAZADO,0,0.3,MODERADO,R002|R004,2,0,,True,True,0,0,RECHAZADO,0
31,32000.0,9600.0,2,4,1,Familiar,Consumo,10000.0,False,True,1181603103,11816031,APROBADO,100,0.3,MODERADO,R001|R012,2,1,,True,False,1,1,APROBADO,1
25,7000.0,2100.0,2,0,4,Familiar,Consumo,10000.0,True,True,1181801105,11818011,RECHAZADO,42,0.3,MODERADO,R001|R004|R010|R012,4,1,,True,False,1,0,RECHAZADO,0
28,2000.0,600.0,2,2,1,Familiar,Consumo,10000.0,False,True,1182017102,11820171,REVISION_MANUAL,71,0.3,MODERADO,R001,1,0,,True,False,1,0,REVISION_MANUAL,0
59,98000.0,29400.0,2,4,1,Propia,Consumo,10000.0,False,True,1182102101,11821021,APROBADO,100,0.3,MODERADO,R001|R005|R012,3,1,,True,False,1,1,APROBADO,1
29,8000.0,2400.0,2,4,2,Propia,Consumo,10000.0,False,True,1182205102,11822051,APROBADO,99,0.3,MODERADO,R001|R005|R012,3,1,,True,False,1,1,APROBADO,1
45,2000.0,600.0,0,1,2,Propia,Consumo,10000.0,False,True,1182303101,11823031,RECHAZADO,10,0.3,MODERADO,R002|R005,2,0,,True,True,0,0,RECHAZADO,0
44,7000.0,2100.0,2,4,1,Propia,Consumo,10000.0,True,True,1182505102,11825051,APROBADO,100,0.3,MODERADO,R001|R005|R012,3,1,,True,False,1,1,APROBADO,1
38,10000.0,3000.0,2,1,1,Familiar,Consumo,10000.0,False,True,1182602101,11826021,REVISION_MANUAL,77,0.3,MODERADO,R001|R012,2,1,,True,False,1,0,APROBADO,1
53,800.0,240.0,0,1,2,Familiar,Consumo,10000.0,False,True,1183004102,11830041,RECHAZADO,0,0.3,MODERADO,R002,1,0,,True,True,0,0,RECHAZADO,0
31,2500.0,750.0,0,4,3,Familiar,Consumo,10000.0,False,True,1183304104,11833041,RECHAZADO,4,0.3,MODERADO,R002,1,0,,True,True,0,0,RECHAZADO,0
66,2000.0,600.0,2,0,0,Propia,Negocio,12000.0,True,True,1183604102,11836041,REVISION_MANUAL,72,0.3,MODERADO,R001|R004|R005|R006,4,0,,True,False,1,0,REVISION_MANUAL,0
52,2500.0,750.0,2,0,2,Familiar,Consumo,10000.0,True,True,1183701102,11837011,RECHAZADO,52,0.3,MODERADO,R001|R004|R012,3,1,,True,False,1,0,RECHAZADO,0
62,4500.0,1350.0,2,4,2,Propia,Consumo,10000.0,False,True,1183905102,11839051,APROBADO,95,0.3,MODERADO,R001|R005|R012,3,1,,True,False,1,1,APROBADO,1
29,1500.0,450.0,2,1,1,Familiar,Negocio,12000.0,False,True,1184002102,11840021,REVISION_MANUAL,73,0.3,MODERADO,R001|R006,2,0,,True,False,1,0,REVISION_MANUAL,0
44,1000.0,300.0,0,4,1,Familiar,Consumo,10000.0,False,True,1184115101,11841151,RECHAZADO,6,0.3,MODERADO,R002,1,0,,True,True,0,0,RECHAZADO,0
56,1500.0,450.0,2,4,2,Propia,Consumo,10000.0,False,True,1184202101,11842021,APROBADO,83,0.3,MODERADO,R001|R005,2,0,,True,False,1,1,APROBADO,1
63,2000.0,600.0,2,1,0,Familiar,Consumo,10000.0,False,True,1184601101,11846011,REVISION_MANUAL,61,0.3,MODERADO,R001,1,0,,True,False,1,0,REVISION_MANUAL,0
30,2000.0,600.0,2,1,1,Familiar,Consumo,10000.0,False,True,1184803101,11848031,REVISION_MANUAL,61,0.3,MODERADO,R001,1,0,,True,False,1,0,REVISION_MANUAL,0
37,2000.0,600.0,2,0,3,Familiar,Consumo,10000.0,True,True,1185002102,11850021,RECHAZADO,40,0.3,MODERADO,R001|R004,2,0,,True,False,1,0,RECHAZADO,0
32,2000.0,600.0,2,0,2,Propia,Negocio,12000.0,True,True,1185418101,11854181,REVISION_MANUAL,69,0.3,MODERADO,R001|R004|R005|R006,4,0,,True,False,1,0,REVISION_MANUAL,0
33,3000.0,900.0,0,4,3,Familiar,Consumo,10000.0,False,True,1185616202,11856162,RECHAZADO,4,0.3,MODERADO,R002,1,0,,True,True,0,0,RECHAZADO,0
37,1200.0,360.0,2,2,1,Familiar,Consumo,10000.0,False,True,1185804101,11858041,REVISION_MANUAL,71,0.3,MODERADO,R001,1,0,,True,False,1,0,REVISION_MANUAL,0
51,7000.0,2100.0,2,0,0,Propia,Consumo,10000.0,True,True,1186105101,11861051,REVISION_MANUAL,73,0.3,MODERADO,R001|R004|R005|R012,4,1,,True,False,1,0,REVISION_MANUAL,0
65,14000.0,4200.0,2,0,0,Propia,Consumo,10000.0,True,True,1186205101,11862051,REVISION_MANUAL,76,0.3,MODERADO,R001|R004|R005|R012,4,1,,True,False,1,0,APROBADO,1
27,1500.0,450.0,2,1,2,Familiar,Negocio,12000.0,False,True,1186607102,11866071,REVISION_MANUAL,72,0.3,MODERADO,R001|R006,2,0,,True,False,1,0,REVISION_MANUAL,0
32,20000.0,6000.0,2,4,2,Familiar,Consumo,10000.0,False,True,1186904103,11869041,APROBADO,92,0.3,MODERADO,R001|R012,2,1,,True,False,1,1,APROBADO,1
50,8000.0,2400.0,2,4,0,Propia,Consumo,10000.0,False,True,1187001101,11870011,APROBADO,100,0.3,MODERADO,R001|R005|R012|R015,4,2,,True,False,1,1,APROBADO,1
40,500.0,150.0,2,1,2,Familiar,Consumo,9000.0,False,True,1187709102,11877091,RECHAZADO,59,0.3,MODERADO,R001,1,0,,True,False,1,0,REVISION_MANUAL,0
45,2180.0,654.0,2,4,3,Propia,Consumo,10000.0,False,True,1187805101,11878051,APROBADO,83,0.3,MODERADO,R001|R005,2,0,,True,False,1,1,APROBADO,1
66,1500.0,450.0,2,0,0,Propia,Consumo,10000.0,True,True,1188001101,11880011,RECHAZADO,58,0.3,MODERADO,R001|R004|R005,3,0,,True,False,1,0,REVISION_MANUAL,0
38,1000.0,300.0,0,1,3,Familiar,Consumo,10000.0,False,True,1188414102,11884141,RECHAZADO,0,0.3,MODERADO,R002,1,0,,True,True,0,0,RECHAZADO,0
39,18000.0,5400.0,2,4,1,Familiar,Consumo,10000.0,False,True,1188501101,11885011,APROBADO,92,0.3,MODERADO,R001|R012,2,1,,True,False,1,1,APROBADO,1
44,14000.0,4200.0,2,4,2,Propia,Consumo,10000.0,False,True,1188802102,11888021,APROBADO,100,0.3,MODERADO,R001|R005|R012,3,1,,True,False,1,1,APROBADO,1
26,2200.0,660.0,2,4,3,Familiar,Consumo,10000.0,False,True,1189005102,11890051,REVISION_MANUAL,68,0.3,MODERADO,R001,1,0,,True,False,1,0,REVISION_MANUAL,0
46,2000.0,600.0,2,0,3,Familiar,Negocio,12000.0,True,True,1189101102,11891011,RECHAZADO,52,0.3,MODERADO,R001|R004|R006,3,0,,True,False,1,0,RECHAZADO,0
25,20000.0,6000.0,2,4,3,Propia,Consumo,10000.0,False,True,1189204102,11892041,APROBADO,100,0.3,MODERADO,R001|R005|R012,3,1,,True,False,1,1,APROBADO,1
51,70000.0,21000.0,0,1,2,Propia,Consumo,10000.0,False,True,1189702101,11897021,RECHAZADO,29,0.3,MODERADO,R002|R005,2,0,,True,True,0,0,RECHAZADO,0
61,7000.0,2100.0,2,0,0,Propia,Consumo,10000.0,True,True,1190102103,11901021,REVISION_MANUAL,71,0.3,MODERADO,R001|R004|R005|R012,4,1,,True,False,1,0,REVISION_MANUAL,0
22,1900.0,570.0,0,4,2,Familiar,Negocio,12000.0,False,True,1190203102,11902031,RECHAZADO,17,0.3,MODERADO,R002|R006,2,0,,True,True,0,0,RECHAZADO,0
62,12000.0,3600.0,2,1,2,Propia,Consumo,10000.0,False,True,1190402101,11904021,APROBADO,90,0.3,MODERADO,R001|R005|R012,3,1,,True,False,1,1,APROBADO,1
48,3500.0,1050.0,2,4,1,Propia,Consumo,10000.0,False,True,1190702101,11907021,APROBADO,97,0.3,MODERADO,R001|R005|R012,3,1,,True,False,1,1,APROBADO,1
29,2000.0,600.0,2,4,3,Familiar,Consumo,10000.0,False,True,1190806103,11908061,REVISION_MANUAL,68,0.3,MODERADO,R001,1,0,,True,False,1,0,REVISION_MANUAL,0
51,3000.0,900.0,2,4,0,Familiar,Consumo,10000.0,False,True,1191009102,11910091,APROBADO,84,0.3,MODERADO,R001|R012,2,1,,True,False,1,1,APROBADO,1
48,6000.0,1800.0,2,1,1,Familiar,Consumo,10000.0,False,True,1191602102,11916021,REVISION_MANUAL,74,0.3,MODERADO,R001|R012,2,1,,True,False,1,0,REVISION_MANUAL,0
18,1000.0,300.0,0,3,2,Familiar,Consumo,10000.0,False,True,1191801104,11918011,RECHAZADO,0,0.3,MODERADO,R002|R009,2,0,,True,True,0,0,RECHAZADO,0
33,2000.0,600.0,2,2,2,Familiar,Consumo,10000.0,False,True,1191905102,11919051,REVISION_MANUAL,70,0.3,MODERADO,R001,1,0,,True,False,1,0,REVISION_MANUAL,0
48,1500.0,450.0,2,1,7,Familiar,Negocio,12000.0,False,True,1192012103,11920121,RECHAZADO,59,0.3,MODERADO,R001|R006|R010,3,0,,True,False,1,0,REVISION_MANUAL,0
25,5500.0,1650.0,2,4,2,Familiar,Consumo,10000.0,False,True,1192203103,11922031,APROBADO,82,0.3,MODERADO,R001|R012,2,1,,True,False,1,1,APROBADO,1
70,7000.0,2100.0,2,0,0,Propia,Consumo,10000.0,True,True,1192702101,11927021,REVISION_MANUAL,71,0.3,MODERADO,R001|R004|R005|R012,4,1,,True,False,1,0,REVISION_MANUAL,0
25,2500.0,750.0,2,4,4,Familiar,Consumo,10000.0,False,True,1192910102,11929101,REVISION_MANUAL,67,0.3,MODERADO,R001|R010|R012,3,1,,True,False,1,0,REVISION_MANUAL,0
60,50000.0,15000.0,2,1,2,Propia,Consumo,10000.0,False,True,1193012101,11930121,APROBADO,100,0.3,MODERADO,R001|R005|R012,3,1,,True,False,1,1,APROBADO,1
52,30000.0,9000.0,2,4,3,Propia,Consumo,10000.0,False,True,1193403101,11934031,APROBADO,100,0.3,MODERADO,R001|R005|R012,3,1,,True,False,1,1,APROBADO,1
39,1300.0,390.0,0,4,4,Familiar,Consumo,10000.0,False,True,1193704103,11937041,RECHAZADO,0,0.3,MODERADO,R002|R010,2,0,,True,True,0,0,RECHAZADO,0
70,2500.0,750.0,2,0,0,Propia,Consumo,10000.0,True,True,1193804102,11938041,REVISION_MANUAL,68,0.3,MODERADO,R001|R004|R005|R012,4,1,,True,False,1,0,REVISION_MANUAL,0
22,2300.0,690.0,2,4,2,Familiar,Consumo,10000.0,False,True,1194102101,11941021,REVISION_MANUAL,68,0.3,MODERADO,R001,1,0,,True,False,1,0,REVISION_MANUAL,0
41,5000.0,1500.0,2,1,0,Propia,Consumo,10000.0,False,True,1194304101,11943041,APROBADO,90,0.3,MODERADO,R001|R005|R012,3,1,,True,False,1,1,APROBADO,1
59,1500.0,450.0,2,0,3,Propia,Consumo,10000.0,True,True,1194405101,11944051,RECHAZADO,53,0.3,MODERADO,R001|R004|R005,3,0,,True,False,1,0,RECHAZADO,0
56,2400.0,720.0,2,4,4,Propia,Consumo,10000.0,False,True,1194503102,11945031,REVISION_MANUAL,70,0.3,MODERADO,R001|R005|R010,3,0,,True,False,1,0,REVISION_MANUAL,0
35,15000.0,4500.0,2,4,1,Familiar,Consumo,10000.0,False,True,1194602101,11946021,APROBADO,90,0.3,MODERADO,R001|R012,2,1,,True,False,1,1,APROBADO,1
29,5000.0,1500.0,2,4,1,Familiar,Consumo,10000.0,False,True,1194805102,11948051,APROBADO,83,0.3,MODERADO,R001|R012,2,1,,True,False,1,1,APROBADO,1
59,2000.0,600.0,0,0,0,Propia,Consumo,10000.0,True,True,1195203101,11952031,RECHAZADO,0,0.3,MODERADO,R002|R004|R005,3,0,,True,True,0,0,RECHAZADO,0
48,5000.0,1500.0,2,4,2,Familiar,Consumo,10000.0,False,True,1195401102,11954011,APROBADO,82,0.3,MODERADO,R001|R012,2,1,,True,False,1,1,APROBADO,1
33,2500.0,750.0,2,0,2,Familiar,Consumo,10000.0,True,True,1195504102,11955041,RECHAZADO,52,0.3,MODERADO,R001|R004|R012,3,1,,True,False,1,0,RECHAZADO,0
52,10000.0,3000.0,2,4,0,Propia,Consumo,10000.0,False,True,1195704101,11957041,APROBADO,100,0.3,MODERADO,R001|R005|R012|R015,4,2,,True,False,1,1,APROBADO,1
43,12000.0,3600.0,2,1,0,Propia,Consumo,10000.0,False,True,1196501101,11965011,APROBADO,95,0.3,MODERADO,R001|R005|R012,3,1,,True,False,1,1,APROBADO,1
61,7000.0,2100.0,2,0,2,Propia,Consumo,10000.0,True,True,1196903101,11969031,REVISION_MANUAL,68,0.3,MODERADO,R001|R004|R005|R012,4,1,,True,False,1,0,REVISION_MANUAL,0
66,7000.0,2100.0,2,0,0,Propia,Consumo,10000.0,True,True,1197002101,11970021,REVISION_MANUAL,71,0.3,MODERADO,R001|R004|R005|R012,4,1,,True,False,1,0,REVISION_MANUAL,0
39,3700.0,1110.0,2,4,2,Propia,Consumo,10000.0,False,True,1197103102,11971031,APROBADO,96,0.3,MODERADO,R001|R005|R012,3,1,,True,False,1,1,APROBADO,1
42,2500.0,750.0,2,0,0,Familiar,Negocio,12000.0,True,True,1197409102,11974091,RECHAZADO,57,0.3,MODERADO,R001|R004|R006,3,0,,True,False,1,0,REVISION_MANUAL,0
26,1500.0,450.0,2,2,4,Propia,Negocio,12000.0,False,True,1197618103,11976181,APROBADO,84,0.3,MODERADO,R001|R005|R006|R010,4,0,,True,False,1,1,APROBADO,1
36,1800.0,540.0,0,2,2,Familiar,Negocio,12000.0,False,True,1197902101,11979021,RECHAZADO,17,0.3,MODERADO,R002|R006,2,0,,True,True,0,0,RECHAZADO,0
69,7000.0,2100.0,2,0,0,Propia,Consumo,10000.0,True,True,1198405102,11984051,REVISION_MANUAL,71,0.3,MODERADO,R001|R004|R005|R012,4,1,,True,False,1,0,REVISION_MANUAL,0
43,1000.0,300.0,2,1,2,Familiar,Consumo,10000.0,False,True,1198601102,11986011,RECHAZADO,59,0.3,MODERADO,R001,1,0,,True,False,1,0,REVISION_MANUAL,0
59,200.0,60.0,2,2,1,Propia,Consumo,3600.0,False,True,1199002101,11990021,APROBADO,83,0.3,MODERADO,R001|R005,2,0,,True,False,1,1,APROBADO,1
65,7000.0,2100.0,2,0,0,Propia,Consumo,10000.0,True,True,1199105101,11991051,REVISION_MANUAL,71,0.3,MODERADO,R001|R004|R005|R012,4,1,,True,False,1,0,REVISION_MANUAL,0
58,2000.0,600.0,0,1,0,Propia,Consumo,10000.0,False,True,1200504101,12005041,RECHAZADO,11,0.3,MODERADO,R002|R005,2,0,,True,True,0,0,RECHAZADO,0
25,15000.0,4500.0,2,4,2,Propia,Consumo,10000.0,False,True,1200605104,12006051,APROBADO,100,0.3,MODERADO,R001|R005|R012,3,1,,True,False,1,1,APROBADO,1
54,8000.0,2400.0,2,4,1,Familiar,Consumo,10000.0,False,True,1201002101,12010021,APROBADO,85,0.3,MODERADO,R001|R012,2,1,,True,False,1,1,APROBADO,1
30,800.0,240.0,2,1,0,Familiar,Consumo,10000.0,False,True,1201104102,12011041,REVISION_MANUAL,62,0.3,MODERADO,R001,1,0,,True,False,1,0,REVISION_MANUAL,0
29,3000.0,900.0,2,1,1,Familiar,Consumo,10000.0,False,True,1201205101,12012051,REVISION_MANUAL,72,0.3,MODERADO,R001|R012,2,1,,True,False,1,0,REVISION_MANUAL,0
27,300.0,90.0,2,1,1,Familiar,Consumo,5400.0,False,True,1201320103,12013201,REVISION_MANUAL,60,0.3,MODERADO,R001,1,0,,True,False,1,0,REVISION_MANUAL,0
31,40000.0,12000.0,2,4,0,Propia,Consumo,10000.0,False,True,1202402101,12024021,APROBADO,100,0.3,MODERADO,R001|R005|R012|R015,4,2,,True,False,1,1,APROBADO,1
37,8000.0,2400.0,2,1,2,Propia,Consumo,10000.0,False,True,1202603101,12026031,APROBADO,89,0.3,MODERADO,R001|R005|R012,3,1,,True,False,1,1,APROBADO,1
50,2700.0,810.0,0,4,3,Familiar,Consumo,10000.0,False,True,1202701102,12027011,RECHAZADO,4,0.3,MODERADO,R002,1,0,,True,True,0,0,RECHAZADO,0
53,2200.0,660.0,2,4,1,Propia,Consumo,10000.0,False,True,1203401101,12034011,APROBADO,86,0.3,MODERADO,R001|R005,2,0,,True,False,1,1,APROBADO,1
59,10000.0,3000.0,2,4,0,Propia,Consumo,10000.0,False,True,1203502101,12035021,APROBADO,100,0.3,MODERADO,R001|R005|R012|R015,4,2,,True,False,1,1,APROBADO,1
43,7000.0,2100.0,2,4,1,Familiar,Consumo,10000.0,False,True,1203602101,12036021,APROBADO,85,0.3,MODERADO,R001|R012,2,1,,True,False,1,1,APROBADO,1
19,1500.0,450.0,2,2,2,Familiar,Consumo,10000.0,False,True,1203811102,12038111,RECHAZADO,56,0.3,MODERADO,R001|R009,2,0,,True,False,1,0,REVISION_MANUAL,0
39,3800.0,1140.0,2,4,1,Propia,Consumo,10000.0,False,True,1203903103,12039031,APROBADO,98,0.3,MODERADO,R001|R005|R012,3,1,,True,False,1,1,APROBADO,1
38,35000.0,10500.0,0,4,0,Propia,Consumo,10000.0,False,True,1204001101,12040011,RECHAZADO,50,0.3,MODERADO,R002|R005|R015,3,1,,True,True,0,0,RECHAZADO,0
21,12000.0,3600.0,2,4,2,Familiar,Consumo,10000.0,False,True,1205102103,12051021,APROBADO,85,0.3,MODERADO,R001|R012,2,1,,True,False,1,1,APROBADO,1
63,7700.0,2310.0,2,4,0,Propia,Consumo,10000.0,False,True,1205605101,12056051,APROBADO,100,0.3,MODERADO,R001|R005|R012|R015,4,2,,True,False,1,1,APROBADO,1
62,500.0,150.0,2,1,0,Propia,Consumo,9000.0,False,True,1205801101,12058011,REVISION_MANUAL,75,0.3,MODERADO,R001|R005,2,0,,True,False,1,0,APROBADO,1
28,10000.0,3000.0,2,2,0,Familiar,Consumo,10000.0,False,True,1206003101,12060031,APROBADO,88,0.3,MODERADO,R001|R012,2,1,,True,False,1,1,APROBADO,1
44,2500.0,750.0,0,1,4,Familiar,Consumo,10000.0,False,True,1206101101,12061011,RECHAZADO,0,0.3,MODERADO,R002|R010,2,0,,True,True,0,0,RECHAZADO,0
52,15000.0,4500.0,2,4,1,Propia,Consumo,10000.0,False,True,1206405101,12064051,APROBADO,100,0.3,MODERADO,R001|R005|R012,3,1,,True,False,1,1,APROBADO,1
61,1500.0,450.0,2,1,3,Familiar,Consumo,10000.0,False,True,1206602102,12066021,RECHAZADO,56,0.3,MODERADO,R001,1,0,,True,False,1,0,REVISION_MANUAL,0
20,4600.0,1380.0,2,4,3,Familiar,Consumo,10000.0,False,True,1206709105,12067091,REVISION_MANUAL,66,0.3,MODERADO,R001|R009|R012,3,1,,True,False,1,0,REVISION_MANUAL,0
46,2600.0,780.0,2,4,0,Propia,Consumo,10000.0,False,True,1206901102,12069011,APROBADO,100,0.3,MODERADO,R001|R005|R012|R015,4,2,,True,False,1,1,APROBADO,1
20,16000.0,4800.0,0,4,1,Familiar,Consumo,10000.0,False,True,1207105101,12071051,RECHAZADO,2,0.3,MODERADO,R002|R009,2,0,,True,True,0,0,RECHAZADO,0
25,2500.0,750.0,2,4,1,Familiar,Consumo,10000.0,False,True,1207304102,12073041,APROBADO,82,0.3,MODERADO,R001|R012,2,1,,True,False,1,1,APROBADO,1
59,14000.0,4200.0,0,4,4,Propia,Negocio,12000.0,False,True,1207504102,12075041,RECHAZADO,27,0.3,MODERADO,R002|R005|R006|R010,4,0,,True,True,0,0,RECHAZADO,0
41,500.0,150.0,2,1,2,Propia,Consumo,9000.0,False,True,1207608102,12076081,REVISION_MANUAL,74,0.3,MODERADO,R001|R005,2,0,,True,False,1,0,REVISION_MANUAL,0
65,10000.0,3000.0,2,1,0,Propia,Consumo,10000.0,False,True,1207701101,12077011,APROBADO,91,0.3,MODERADO,R001|R005|R012,3,1,,True,False,1,1,APROBADO,1
32,2900.0,870.0,0,4,1,Propia,Consumo,10000.0,False,True,1207801101,12078011,RECHAZADO,22,0.3,MODERADO,R002|R005,2,0,,True,True,0,0,RECHAZADO,0
31,20000.0,6000.0,0,4,0,Propia,Negocio,12000.0,False,True,1208001102,12080011,RECHAZADO,55,0.3,MODERADO,R002|R005|R006|R015,4,1,,True,True,0,0,REVISION_MANUAL,0
30,3000.0,900.0,2,1,3,Familiar,Consumo,10000.0,False,True,1208401103,12084011,REVISION_MANUAL,69,0.3,MODERADO,R001|R012,2,1,,True,False,1,0,REVISION_MANUAL,0
29,2300.0,690.0,2,5,3,Familiar,Consumo,10000.0,False,True,1208602101,12086021,APROBADO,93,0.3,MODERADO,R001|R003,2,0,,True,False,1,1,APROBADO,1
36,1500.0,450.0,0,1,3,Familiar,Consumo,10000.0,False,True,1208704101,12087041,RECHAZADO,0,0.3,MODERADO,R002,1,0,,True,True,0,0,RECHAZADO,0
36,25000.0,7500.0,0,5,3,Propia,Consumo,10000.0,False,True,1208801101,12088011,RECHAZADO,53,0.3,MODERADO,R002|R003|R005,3,0,,True,True,0,0,RECHAZADO,0
23,2100.0,630.0,2,4,1,Familiar,Consumo,10000.0,False,True,1209103102,12091031,REVISION_MANUAL,69,0.3,MODERADO,R001,1,0,,True,False,1,0,REVISION_MANUAL,0
47,15000.0,4500.0,2,1,1,Propia,Consumo,10000.0,False,True,1209203101,12092031,APROBADO,95,0.3,MODERADO,R001|R005|R012,3,1,,True,False,1,1,APROBADO,1
37,4000.0,1200.0,2,4,2,Familiar,Consumo,10000.0,False,True,1209601101,12096011,APROBADO,81,0.3,MODERADO,R001|R012,2,1,,True,False,1,1,APROBADO,1
28,300.0,90.0,0,1,2,Propia,Consumo,5400.0,False,True,1209705101,12097051,RECHAZADO,9,0.3,MODERADO,R002|R005,2,0,,True,True,0,0,RECHAZADO,0
30,6000.0,1800.0,2,4,1,Familiar,Consumo,10000.0,False,True,1209804103,12098041,APROBADO,84,0.3,MODERADO,R001|R012,2,1,,True,False,1,1,APROBADO,1
36,15000.0,4500.0,2,4,2,Propia,Consumo,10000.0,False,True,1210104102,12101041,APROBADO,100,0.3,MODERADO,R001|R005|R012,3,1,,True,False,1,1,APROBADO,1
38,25000.0,7500.0,2,4,2,Familiar,Consumo,10000.0,False,True,1210505101,12105051,APROBADO,95,0.3,MODERADO,R001|R012,2,1,,True,False,1,1,APROBADO,1
35,45000.0,13500.0,2,5,0,Propia,Consumo,10000.0,False,True,1210603102,12106031,APROBADO,100,0.3,MODERADO,R001|R003|R005|R012|R015,5,2,,True,False,1,1,APROBADO,1
54,2500.0,750.0,2,1,3,Propia,Consumo,10000.0,False,True,1210704102,12107041,APROBADO,84,0.3,MODERADO,R001|R005|R012,3,1,,True,False,1,1,APROBADO,1
31,2000.0,600.0,2,2,3,Familiar,Consumo,10000.0,False,True,1210804103,12108041,REVISION_MANUAL,68,0.3,MODERADO,R001,1,0,,True,False,1,0,REVISION_MANUAL,0
41,2200.0,660.0,2,4,0,Familiar,Consumo,10000.0,False,True,1211201101,12112011,REVISION_MANUAL,73,0.3,MODERADO,R001,1,0,,True,False,1,0,REVISION_MANUAL,0
65,1200.0,360.0,2,1,4,Propia,Consumo,10000.0,False,True,1211501101,12115011,REVISION_MANUAL,60,0.3,MODERADO,R001|R005|R010,3,0,,True,False,1,0,REVISION_MANUAL,0
36,20000.0,6000.0,2,4,2,Propia,Consumo,10000.0,False,True,1212004101,12120041,APROBADO,100,0.3,MODERADO,R001|R005|R012,3,1,,True,False,1,1,APROBADO,1
46,15000.0,4500.0,2,4,1,Propia,Consumo,10000.0,False,True,1213403101,12134031,APROBADO,100,0.3,MODERADO,R001|R005|R012,3,1,,True,False,1,1,APROBADO,1
40,15000.0,4500.0,2,1,2,Familiar,Consumo,10000.0,False,True,1213803101,12138031,REVISION_MANUAL,79,0.3,MODERADO,R001|R012,2,1,,True,False,1,0,APROBADO,1
28,10000.0,3000.0,2,3,2,Familiar,Consumo,10000.0,False,True,1214516102,12145161,APROBADO,85,0.3,MODERADO,R001|R012,2,1,,True,False,1,1,APROBADO,1
70,1500.0,450.0,2,0,0,Familiar,Consumo,10000.0,True,True,1215204103,12152041,RECHAZADO,43,0.3,MODERADO,R001|R004,2,0,,True,False,1,0,RECHAZADO,0
47,1900.0,570.0,2,4,0,Propia,Consumo,10000.0,False,True,1215304101,12153041,APROBADO,96,0.3,MODERADO,R001|R005|R015,3,1,,True,False,1,1,APROBADO,1
72,25000.0,7500.0,2,4,0,Propia,Consumo,10000.0,True,True,1215401101,12154011,APROBADO,100,0.3,MODERADO,R001|R005|R012|R015,4,2,,True,False,1,1,APROBADO,1
31,24000.0,7200.0,2,4,0,Propia,Consumo,10000.0,False,True,1215703101,12157031,APROBADO,100,0.3,MODERADO,R001|R005|R012|R015,4,2,,True,False,1,1,APROBADO,1
25,19000.0,5700.0,2,4,0,Familiar,Consumo,10000.0,False,True,1216004102,12160041,APROBADO,94,0.3,MODERADO,R001|R012,2,1,,True,False,1,1,APROBADO,1
39,3700.0,1110.0,2,4,0,Propia,Negocio,12000.0,False,True,1216417101,12164171,APROBADO,100,0.3,MODERADO,R001|R005|R006|R012|R015,5,2,,True,False,1,1,APROBADO,1
30,32000.0,9600.0,2,4,1,Familiar,Consumo,10000.0,False,True,1216504101,12165041,APROBADO,100,0.3,MODERADO,R001|R012,2,1,,True,False,1,1,APROBADO,1
58,4000.0,1200.0,2,0,2,Propia,Consumo,10000.0,True,True,1216504202,12165042,REVISION_MANUAL,66,0.3,MODERADO,R001|R004|R005|R012,4,1,,True,False,1,0,REVISION_MANUAL,0
34,5000.0,1500.0,2,1,2,Propia,Consumo,10000.0,False,True,1216804101,12168041,APROBADO,87,0.3,MODERADO,R001|R005|R012,3,1,,True,False,1,1,APROBADO,1
56,7000.0,2100.0,2,4,0,Propia,Consumo,10000.0,True,True,1217003101,12170031,APROBADO,100,0.3,MODERADO,R001|R005|R012|R015,4,2,,True,False,1,1,APROBADO,1
59,300.0,90.0,2,1,2,Familiar,Consumo,5400.0,False,True,1217212101,12172121,RECHAZADO,57,0.3,MODERADO,R001,1,0,,True,False,1,0,REVISION_MANUAL,0
32,15000.0,4500.0,0,4,2,Propia,Consumo,10000.0,False,True,1217613101,12176131,RECHAZADO,29,0.3,MODERADO,R002|R005,2,0,,True,True,0,0,RECHAZADO,0
36,2500.0,750.0,2,3,2,Propia,Consumo,10000.0,False,True,1217705101,12177051,APROBADO,95,0.3,MODERADO,R001|R005|R012,3,1,,True,False,1,1,APROBADO,1
28,2000.0,600.0,2,4,0,Propia,Consumo,10000.0,False,True,1217802101,12178021,APROBADO,96,0.3,MODERADO,R001|R005|R015,3,1,,True,False,1,1,APROBADO,1
71,7000.0,2100.0,2,0,0,Familiar,Consumo,10000.0,True,True,1217904101,12179041,RECHAZADO,56,0.3,MODERADO,R001|R004|R012,3,1,,True,False,1,0,REVISION_MANUAL,0
33,2000.0,600.0,2,4,7,Familiar,Consumo,10000.0,False,True,1218005104,12180051,RECHAZADO,57,0.3,MODERADO,R001|R010,2,0,,True,False,1,0,REVISION_MANUAL,0
39,3000.0,900.0,2,4,2,Propia,Consumo,10000.0,False,True,1218401102,12184011,APROBADO,96,0.3,MODERADO,R001|R005|R012,3,1,,True,False,1,1,APROBADO,1
51,3600.0,1080.0,2,4,3,Propia,Consumo,10000.0,False,True,1219117101,12191171,APROBADO,94,0.3,MODERADO,R001|R005|R012,3,1,,True,False,1,1,APROBADO,1
50,1800.0,540.0,2,4,1,Propia,Negocio,12000.0,False,True,1219319101,12193191,APROBADO,98,0.3,MODERADO,R001|R005|R006,3,0,,True,False,1,1,APROBADO,1
40,6000.0,1800.0,0,4,1,Familiar,Consumo,10000.0,False,True,1219402101,12194021,RECHAZADO,9,0.3,MODERADO,R002,1,0,,True,True,0,0,RECHAZADO,0
55,900.0,270.0,0,1,3,Propia,Consumo,10000.0,False,True,1220410101,12204101,RECHAZADO,8,0.3,MODERADO,R002|R005,2,0,,True,True,0,0,RECHAZADO,0
29,25000.0,7500.0,0,0,0,Familiar,Consumo,10000.0,True,True,1220905101,12209051,RECHAZADO,0,0.3,MODERADO,R002|R004,2,0,,True,True,0,0,RECHAZADO,0
38,6800.0,2040.0,2,4,1,Familiar,Consumo,10000.0,False,True,1221102101,12211021,APROBADO,85,0.3,MODERADO,R001|R012,2,1,,True,False,1,1,APROBADO,1
38,1400.0,420.0,2,2,2,Familiar,Consumo,10000.0,False,True,1221519101,12215191,REVISION_MANUAL,69,0.3,MODERADO,R001,1,0,,True,False,1,0,REVISION_MANUAL,0
43,12000.0,3600.0,2,2,1,Propia,Consumo,10000.0,False,True,1221903101,12219031,APROBADO,100,0.3,MODERADO,R001|R005|R012,3,1,,True,False,1,1,APROBADO,1
48,1200.0,360.0,2,4,1,Familiar,Consumo,10000.0,False,True,1222120201,12221202,REVISION_MANUAL,71,0.3,MODERADO,R001,1,0,,True,False,1,0,REVISION_MANUAL,0
29,7000.0,2100.0,0,4,0,Familiar,Consumo,10000.0,True,True,1222202101,12222021,RECHAZADO,11,0.3,MODERADO,R002,1,0,,True,True,0,0,RECHAZADO,0
39,2000.0,600.0,2,1,1,Familiar,Consumo,10000.0,False,True,1222504103,12225041,REVISION_MANUAL,61,0.3,MODERADO,R001,1,0,,True,False,1,0,REVISION_MANUAL,0
25,1500.0,450.0,2,2,2,Familiar,Consumo,10000.0,False,True,1223105102,12231051,REVISION_MANUAL,70,0.3,MODERADO,R001,1,0,,True,False,1,0,REVISION_MANUAL,0
38,3800.0,1140.0,0,4,0,Propia,Consumo,10000.0,False,True,1223601101,12236011,RECHAZADO,32,0.3,MODERADO,R002|R005|R015,3,1,,True,True,0,0,RECHAZADO,0
33,40000.0,12000.0,2,4,0,Familiar,Consumo,10000.0,False,True,1223702102,12237021,APROBADO,100,0.3,MODERADO,R001|R012,2,1,,True,False,1,1,APROBADO,1
48,13000.0,3900.0,2,4,2,Familiar,Consumo,10000.0,False,True,1224103102,12241031,APROBADO,87,0.3,MODERADO,R001|R012,2,1,,True,False,1,1,APROBADO,1
50,2000.0,600.0,2,3,1,Propia,Consumo,10000.0,False,True,1224504101,12245041,APROBADO,86,0.3,MODERADO,R001|R005,2,0,,True,False,1,1,APROBADO,1
29,6000.0,1800.0,0,1,3,Familiar,Consumo,10000.0,False,True,1224605103,12246051,RECHAZADO,0,0.3,MODERADO,R002,1,0,,True,True,0,0,RECHAZADO,0
57,3000.0,900.0,2,2,2,Propia,Consumo,10000.0,False,True,1224703101,12247031,APROBADO,94,0.3,MODERADO,R001|R005|R012,3,1,,True,False,1,1,APROBADO,1
33,3000.0,900.0,2,1,3,Propia,Consumo,10000.0,False,True,1224904101,12249041,APROBADO,84,0.3,MODERADO,R001|R005|R012,3,1,,True,False,1,1,APROBADO,1
67,10000.0,3000.0,2,4,1,Propia,Consumo,10000.0,False,True,1225102102,12251021,APROBADO,100,0.3,MODERADO,R001|R005|R012,3,1,,True,False,1,1,APROBADO,1
25,1800.0,540.0,0,2,3,Familiar,Consumo,10000.0,False,True,1225203102,12252031,RECHAZADO,3,0.3,MODERADO,R002,1,0,,True,True,0,0,RECHAZADO,0
39,12000.0,3600.0,2,5,2,Propia,Consumo,10000.0,False,True,1225902101,12259021,APROBADO,100,0.3,MODERADO,R001|R003|R005|R012,4,1,,True,False,1,1,APROBADO,1
54,20000.0,6000.0,2,4,0,Propia,Consumo,10000.0,False,True,1226101102,12261011,APROBADO,100,0.3,MODERADO,R001|R005|R012|R015,4,2,,True,False,1,1,APROBADO,1
65,4000.0,1200.0,0,0,1,Propia,Consumo,10000.0,True,True,1226405102,12264051,RECHAZADO,0,0.3,MODERADO,R002|R004|R005,3,0,,True,True,0,0,RECHAZADO,0
50,1800.0,540.0,2,1,1,Familiar,Consumo,10000.0,False,True,1226509101,12265091,REVISION_MANUAL,61,0.3,MODERADO,R001,1,0,,True,False,1,0,REVISION_MANUAL,0
55,4000.0,1200.0,0,4,1,Propia,Consumo,10000.0,True,True,1226604101,12266041,RECHAZADO,23,0.3,MODERADO,R002|R005,2,0,,True,True,0,0,RECHAZADO,0
50,1500.0,450.0,2,2,1,Familiar,Consumo,10000.0,False,True,1227206103,12272061,REVISION_MANUAL,71,0.3,MODERADO,R001,1,0,,True,False,1,0,REVISION_MANUAL,0
19,1600.0,480.0,2,4,4,Familiar,Consumo,10000.0,False,True,1227702103,12277021,RECHAZADO,43,0.3,MODERADO,R001|R009|R010,3,0,,True,False,1,0,RECHAZADO,0
32,3000.0,900.0,2,4,1,Propia,Consumo,10000.0,False,True,1228101101,12281011,APROBADO,97,0.3,MODERADO,R001|R005|R012,3,1,,True,False,1,1,APROBADO,1
27,4500.0,1350.0,2,4,0,Propia,Consumo,10000.0,False,True,1228202101,12282021,APROBADO,100,0.3,MODERADO,R001|R005|R012|R015,4,2,,True,False,1,1,APROBADO,1
32,7000.0,2100.0,0,0,1,Propia,Consumo,10000.0,True,True,1228316102,12283161,RECHAZADO,0,0.3,MODERADO,R002|R004|R005,3,0,,True,True,0,0,RECHAZADO,0
19,3000.0,900.0,2,2,2,Familiar,Consumo,10000.0,False,True,1228403103,12284031,REVISION_MANUAL,67,0.3,MODERADO,R001|R009|R012,3,1,,True,False,1,0,REVISION_MANUAL,0
70,2500.0,750.0,2,0,0,Propia,Consumo,10000.0,True,True,1228706101,12287061,REVISION_MANUAL,68,0.3,MODERADO,R001|R004|R005|R012,4,1,,True,False,1,0,REVISION_MANUAL,0
51,2000.0,600.0,2,0,1,Propia,Consumo,10000.0,True,True,1229103101,12291031,RECHAZADO,58,0.3,MODERADO,R001|R004|R005,3,0,,True,False,1,0,REVISION_MANUAL,0
54,6000.0,1800.0,2,1,3,Propia,Consumo,10000.0,False,True,1229201102,12292011,APROBADO,86,0.3,MODERADO,R001|R005|R012,3,1,,True,False,1,1,APROBADO,1
55,1500.0,450.0,2,0,0,Propia,Consumo,10000.0,True,True,1229305102,12293051,REVISION_MANUAL,60,0.3,MODERADO,R001|R004|R005,3,0,,True,False,1,0,REVISION_MANUAL,0
36,10000.0,3000.0,2,4,0,Familiar,Consumo,10000.0,False,True,1229410101,12294101,APROBADO,88,0.3,MODERADO,R001|R012,2,1,,True,False,1,1,APROBADO,1
36,25000.0,7500.0,0,4,0,Propia,Consumo,10000.0,False,True,1229604101,12296041,RECHAZADO,46,0.3,MODERADO,R002|R005|R015,3,1,,True,True,0,0,RECHAZADO,0
51,3000.0,900.0,2,1,2,Propia,Consumo,10000.0,False,True,1230105101,12301051,APROBADO,86,0.3,MODERADO,R001|R005|R012,3,1,,True,False,1,1,APROBADO,1
42,6000.0,1800.0,2,4,2,Propia,Consumo,10000.0,False,True,1230308102,12303081,APROBADO,98,0.3,MODERADO,R001|R005|R012,3,1,,True,False,1,1,APROBADO,1
29,5000.0,1500.0,2,5,0,Familiar,Consumo,10000.0,False,True,1230404104,12304041,APROBADO,100,0.3,MODERADO,R001|R003|R012,3,1,,True,False,1,1,APROBADO,1
52,2000.0,600.0,2,0,2,Familiar,Consumo,10000.0,True,True,1230515104,12305151,RECHAZADO,42,0.3,MODERADO,R001|R004,2,0,,True,False,1,0,RECHAZADO,0
81,40000.0,12000.0,2,3,0,Propia,Consumo,10000.0,False,True,1230704101,12307041,APROBADO,100,0.3,MODERADO,R001|R005|R012|R015,4,2,,True,False,1,1,APROBADO,1
56,1000.0,300.0,2,2,0,Familiar,Consumo,10000.0,False,True,1230902101,12309021,REVISION_MANUAL,70,0.3,MODERADO,R001,1,0,,True,False,1,0,REVISION_MANUAL,0
43,38000.0,11400.0,2,4,2,Propia,Consumo,10000.0,False,True,1231003102,12310031,APROBADO,100,0.3,MODERADO,R001|R005|R012,3,1,,True,False,1,1,APROBADO,1
57,1000.0,300.0,2,2,2,Propia,Consumo,10000.0,False,True,1231402102,12314021,APROBADO,82,0.3,MODERADO,R001|R005,2,0,,True,False,1,1,APROBADO,1
24,3000.0,900.0,2,4,1,Familiar,Consumo,10000.0,False,True,1232005103,12320051,APROBADO,80,0.3,MODERADO,R001|R012,2,1,,True,False,1,1,APROBADO,1
53,9000.0,2700.0,2,4,2,Propia,Consumo,10000.0,False,True,1232101101,12321011,APROBADO,100,0.3,MODERADO,R001|R005|R012,3,1,,True,False,1,1,APROBADO,1
41,800.0,240.0,0,1,0,Propia,Consumo,10000.0,False,True,1232205101,12322051,RECHAZADO,12,0.3,MODERADO,R002|R005,2,0,,True,True,0,0,RECHAZADO,0
33,10000.0,3000.0,0,4,3,Familiar,Consumo,10000.0,False,True,1232404102,12324041,RECHAZADO,9,0.3,MODERADO,R002,1,0,,True,True,0,0,RECHAZADO,0
52,8000.0,2400.0,2,4,0,Propia,Consumo,10000.0,False,True,1232501102,12325011,APROBADO,100,0.3,MODERADO,R001|R005|R012|R015,4,2,,True,False,1,1,APROBADO,1
27,25000.0,7500.0,2,4,3,Propia,Consumo,10000.0,False,True,1232703102,12327031,APROBADO,100,0.3,MODERADO,R001|R005|R012,3,1,,True,False,1,1,APROBADO,1
43,1700.0,510.0,0,4,3,Propia,Consumo,10000.0,False,True,1233301101,12333011,RECHAZADO,18,0.3,MODERADO,R002|R005,2,0,,True,True,0,0,RECHAZADO,0
48,1700.0,510.0,0,4,2,Propia,Consumo,10000.0,False,True,1233504101,12335041,RECHAZADO,20,0.3,MODERADO,R002|R005,2,0,,True,True,0,0,RECHAZADO,0
31,1250.0,375.0,2,2,3,Familiar,Consumo,10000.0,False,True,1234002102,12340021,REVISION_MANUAL,68,0.3,MODERADO,R001,1,0,,True,False,1,0,REVISION_MANUAL,0
33,500.0,150.0,2,2,4,Familiar,Consumo,9000.0,False,True,1234217103,12342171,RECHAZADO,57,0.3,MODERADO,R001|R010,2,0,,True,False,1,0,REVISION_MANUAL,0
31,500.0,150.0,0,2,2,Familiar,Consumo,9000.0,False,True,1234610102,12346101,RECHAZADO,4,0.3,MODERADO,R002,1,0,,True,True,0,0,RECHAZADO,0
59,1000.0,300.0,2,1,1,Propia,Consumo,10000.0,False,True,1234904101,12349041,REVISION_MANUAL,74,0.3,MODERADO,R001|R005,2,0,,True,False,1,0,REVISION_MANUAL,0
42,6000.0,1800.0,2,4,3,Propia,Consumo,10000.0,False,True,1235402102,12354021,APROBADO,96,0.3,MODERADO,R001|R005|R012,3,1,,True,False,1,1,APROBADO,1
34,10000.0,3000.0,2,4,0,Familiar,Consumo,10000.0,False,True,1235602101,12356021,APROBADO,88,0.3,MODERADO,R001|R012,2,1,,True,False,1,1,APROBADO,1
26,2000.0,600.0,0,0,1,Familiar,Negocio,12000.0,True,True,1235907101,12359071,RECHAZADO,0,0.3,MODERADO,R002|R004|R006,3,0,,True,True,0,0,RECHAZADO,0
65,46000.0,13800.0,2,4,0,Propia,Consumo,10000.0,False,True,1236101101,12361011,APROBADO,100,0.3,MODERADO,R001|R005|R012|R015,4,2,,True,False,1,1,APROBADO,1
26,2500.0,750.0,2,0,2,Propia,Consumo,10000.0,True,True,1236916101,12369161,REVISION_MANUAL,67,0.3,MODERADO,R001|R004|R005|R012,4,1,,True,False,1,0,REVISION_MANUAL,0
32,5000.0,1500.0,2,4,1,Familiar,Consumo,10000.0,False,True,1237201101,12372011,APROBADO,83,0.3,MODERADO,R001|R012,2,1,,True,False,1,1,APROBADO,1
63,15000.0,4500.0,2,4,2,Propia,Consumo,10000.0,False,True,1237303102,12373031,APROBADO,100,0.3,MODERADO,R001|R005|R012,3,1,,True,False,1,1,APROBADO,1
42,6000.0,1800.0,2,4,4,Familiar,Consumo,10000.0,False,True,1237604104,12376041,REVISION_MANUAL,70,0.3,MODERADO,R001|R010|R012,3,1,,True,False,1,0,REVISION_MANUAL,0
74,7000.0,2100.0,2,0,1,Propia,Consumo,10000.0,True,True,1237701101,12377011,REVISION_MANUAL,70,0.3,MODERADO,R001|R004|R005|R012,4,1,,True,False,1,0,REVISION_MANUAL,0
25,3000.0,900.0,0,2,1,Familiar,Consumo,10000.0,False,True,1237904101,12379041,RECHAZADO,7,0.3,MODERADO,R002,1,0,,True,True,0,0,RECHAZADO,0
51,70000.0,21000.0,2,3,1,Propia,Consumo,10000.0,False,True,1238004101,12380041,APROBADO,100,0.3,MODERADO,R001|R005|R012,3,1,,True,False,1,1,APROBADO,1
30,4000.0,1200.0,0,1,1,Familiar,Consumo,10000.0,False,True,1238303101,12383031,RECHAZADO,0,0.3,MODERADO,R002,1,0,,True,True,0,0,RECHAZADO,0
40,1500.0,450.0,2,4,2,Propia,Consumo,10000.0,False,True,1238404101,12384041,APROBADO,85,0.3,MODERADO,R001|R005,2,0,,True,False,1,1,APROBADO,1
32,800.0,240.0,2,4,2,Propia,Consumo,10000.0,False,True,1238613102,12386131,APROBADO,84,0.3,MODERADO,R001|R005,2,0,,True,False,1,1,APROBADO,1
78,7000.0,2100.0,2,0,0,Propia,Consumo,10000.0,True,True,1238801102,12388011,REVISION_MANUAL,71,0.3,MODERADO,R001|R004|R005|R012,4,1,,True,False,1,0,REVISION_MANUAL,0
28,10000.0,3000.0,0,4,0,Propia,Consumo,10000.0,False,True,1239003101,12390031,RECHAZADO,36,0.3,MODERADO,R002|R005|R015,3,1,,True,True,0,0,RECHAZADO,0
41,4000.0,1200.0,2,0,1,Familiar,Consumo,10000.0,True,True,1239104101,12391041,RECHAZADO,55,0.3,MODERADO,R001|R004|R012,3,1,,True,False,1,0,REVISION_MANUAL,0
62,2800.0,840.0,2,1,0,Propia,Consumo,10000.0,False,True,1239301101,12393011,APROBADO,86,0.3,MODERADO,R001|R005|R012,3,1,,True,False,1,1,APROBADO,1
55,2000.0,600.0,2,0,2,Familiar,Consumo,10000.0,True,True,1239605102,12396051,RECHAZADO,42,0.3,MODERADO,R001|R004,2,0,,True,False,1,0,RECHAZADO,0
43,2500.0,750.0,0,0,3,Familiar,Consumo,10000.0,True,True,1239820102,12398201,RECHAZADO,0,0.3,MODERADO,R002|R004,2,0,,True,True,0,0,RECHAZADO,0
52,5200.0,1560.0,2,4,2,Propia,Consumo,10000.0,False,True,1239905101,12399051,APROBADO,97,0.3,MODERADO,R001|R005|R012,3,1,,True,False,1,1,APROBADO,1
30,12000.0,3600.0,2,1,1,Propia,Consumo,10000.0,False,True,1240102101,12401021,APROBADO,93,0.3,MODERADO,R001|R005|R012,3,1,,True,False,1,1,APROBADO,1
46,4500.0,1350.0,2,4,1,Familiar,Consumo,10000.0,False,True,1240204101,12402041,APROBADO,83,0.3,MODERADO,R001|R012,2,1,,True,False,1,1,APROBADO,1
51,7000.0,2100.0,2,4,0,Familiar,Consumo,10000.0,False,True,1240505101,12405051,APROBADO,86,0.3,MODERADO,R001|R012,2,1,,True,False,1,1,APROBADO,1
42,6000.0,1800.0,2,2,2,Propia,Consumo,10000.0,False,True,1240702101,12407021,APROBADO,98,0.3,MODERADO,R001|R005|R012,3,1,,True,False,1,1,APROBADO,1
30,2500.0,750.0,2,2,0,Familiar,Consumo,10000.0,True,True,1240811101,12408111,APROBADO,83,0.3,MODERADO,R001|R012,2,1,,True,False,1,1,APROBADO,1
39,2800.0,840.0,2,4,1,Familiar,Consumo,10000.0,False,True,1241005102,12410051,APROBADO,82,0.3,MODERADO,R001|R012,2,1,,True,False,1,1,APROBADO,1
55,2500.0,750.0,2,0,3,Propia,Consumo,10000.0,True,True,1241603102,12416031,REVISION_MANUAL,66,0.3,MODERADO,R001|R004|R005|R012,4,1,,True,False,1,0,REVISION_MANUAL,0
48,7000.0,2100.0,0,0,2,Familiar,Consumo,10000.0,True,True,1242105102,12421051,RECHAZADO,0,0.3,MODERADO,R002|R004,2,0,,True,True,0,0,RECHAZADO,0
45,500.0,150.0,2,1,1,Propia,Consumo,9000.0,False,True,1242205101,12422051,REVISION_MANUAL,75,0.3,MODERADO,R001|R005,2,0,,True,False,1,0,APROBADO,1
48,1800.0,540.0,2,2,0,Propia,Consumo,10000.0,False,True,1242305102,12423051,APROBADO,88,0.3,MODERADO,R001|R005,2,0,,True,False,1,1,APROBADO,1
34,2000.0,600.0,2,1,2,Propia,Consumo,10000.0,False,True,1242605101,12426051,REVISION_MANUAL,75,0.3,MODERADO,R001|R005,2,0,,True,False,1,0,APROBADO,1
23,12000.0,3600.0,2,2,5,Familiar,Consumo,10000.0,False,True,1242701105,12427011,REVISION_MANUAL,70,0.3,MODERADO,R001|R010|R012,3,1,,True,False,1,0,REVISION_MANUAL,0
46,35000.0,10500.0,2,4,0,Propia,Consumo,10000.0,False,True,1242805101,12428051,APROBADO,100,0.3,MODERADO,R001|R005|R012|R015,4,2,,True,False,1,1,APROBADO,1
55,2000.0,600.0,2,0,4,Propia,Consumo,10000.0,True,True,1243018101,12430181,RECHAZADO,44,0.3,MODERADO,R001|R004|R005|R010,4,0,,True,False,1,0,RECHAZADO,0
42,7000.0,2100.0,0,4,3,Propia,Consumo,10000.0,True,True,1243102101,12431021,RECHAZADO,22,0.3,MODERADO,R002|R005,2,0,,True,True,0,0,RECHAZADO,0
42,6500.0,1950.0,0,4,2,Propia,Consumo,10000.0,False,True,1243905101,12439051,RECHAZADO,23,0.3,MODERADO,R002|R005,2,0,,True,True,0,0,RECHAZADO,0
21,9000.0,2700.0,2,4,4,Familiar,Consumo,10000.0,False,True,1244403104,12444031,REVISION_MANUAL,70,0.3,MODERADO,R001|R010|R012,3,1,,True,False,1,0,REVISION_MANUAL,0
39,1200.0,360.0,2,4,2,Propia,Consumo,10000.0,False,True,1244502102,12445021,APROBADO,84,0.3,MODERADO,R001|R005,2,0,,True,False,1,1,APROBADO,1
41,2000.0,600.0,2,0,3,Familiar,Consumo,10000.0,True,True,1244805102,12448051,RECHAZADO,40,0.3,MODERADO,R001|R004,2,0,,True,False,1,0,RECHAZADO,0
46,12000.0,3600.0,2,4,2,Propia,Consumo,10000.0,False,True,1245103103,12451031,APROBADO,100,0.3,MODERADO,R001|R005|R012,3,1,,True,False,1,1,APROBADO,1
44,50000.0,15000.0,2,4,3,Propia,Consumo,10000.0,False,True,1245203101,12452031,APROBADO,100,0.3,MODERADO,R001|R005|R012,3,1,,True,False,1,1,APROBADO,1
57,9000.0,2700.0,2,4,0,Propia,Consumo,10000.0,False,True,1245302101,12453021,APROBADO,100,0.3,MODERADO,R001|R005|R012|R015,4,2,,True,False,1,1,APROBADO,1
63,3400.0,1020.0,2,4,3,Propia,Negocio,12000.0,False,True,1245501101,12455011,APROBADO,100,0.3,MODERADO,R001|R005|R006|R012,4,1,,True,False,1,1,APROBADO,1
34,20000.0,6000.0,2,5,1,Propia,Consumo,10000.0,False,True,1245715101,12457151,APROBADO,100,0.3,MODERADO,R001|R003|R005|R012,4,1,,True,False,1,1,APROBADO,1
20,1750.0,525.0,0,2,2,Familiar,Consumo,10000.0,False,True,1245803104,12458031,RECHAZADO,0,0.3,MODERADO,R002|R009,2,0,,True,True,0,0,RECHAZADO,0
62,10000.0,3000.0,2,1,0,Propia,Consumo,10000.0,False,True,1245902102,12459021,APROBADO,91,0.3,MODERADO,R001|R005|R012,3,1,,True,False,1,1,APROBADO,1
42,1800.0,540.0,0,4,2,Familiar,Consumo,10000.0,False,True,1246005101,12460051,RECHAZADO,5,0.3,MODERADO,R002,1,0,,True,True,0,0,RECHAZADO,0
72,7000.0,2100.0,2,0,0,Propia,Consumo,10000.0,True,True,1246202101,12462021,REVISION_MANUAL,71,0.3,MODERADO,R001|R004|R005|R012,4,1,,True,False,1,0,REVISION_MANUAL,0
66,25000.0,7500.0,2,1,0,Propia,Consumo,10000.0,False,True,1246502101,12465021,APROBADO,100,0.3,MODERADO,R001|R005|R012,3,1,,True,False,1,1,APROBADO,1
66,4000.0,1200.0,0,0,2,Propia,Consumo,10000.0,True,True,1246603101,12466031,RECHAZADO,0,0.3,MODERADO,R002|R004|R005,3,0,,True,True,0,0,RECHAZADO,0
28,2000.0,600.0,0,0,5,Propia,Consumo,10000.0,True,True,1246704103,12467041,RECHAZADO,0,0.3,MODERADO,R002|R004|R005|R010,4,0,,True,True,0,0,RECHAZADO,0
35,7000.0,2100.0,2,0,2,Familiar,Consumo,10000.0,True,True,1247202102,12472021,RECHAZADO,55,0.3,MODERADO,R001|R004|R012,3,1,,True,False,1,0,REVISION_MANUAL,0
34,20000.0,6000.0,0,4,0,Propia,Consumo,10000.0,False,True,1247305101,12473051,RECHAZADO,43,0.3,MODERADO,R002|R005|R015,3,1,,True,True,0,0,RECHAZADO,0
46,2200.0,660.0,0,4,0,Familiar,Consumo,10000.0,False,True,1247404101,12474041,RECHAZADO,8,0.3,MODERADO,R002,1,0,,True,True,0,0,RECHAZADO,0
45,9500.0,2850.0,2,4,3,Propia,Consumo,10000.0,False,True,1247602101,12476021,APROBADO,98,0.3,MODERADO,R001|R005|R012,3,1,,True,False,1,1,APROBADO,1
56,1800.0,540.0,2,4,5,Propia,Consumo,10000.0,False,True,1247804101,12478041,REVISION_MANUAL,70,0.3,MODERADO,R001|R005|R010,3,0,,True,False,1,0,REVISION_MANUAL,0
19,7000.0,2100.0,2,0,3,Familiar,Consumo,10000.0,True,True,1247904105,12479041,RECHAZADO,40,0.3,MODERADO,R001|R004|R009|R012,4,1,,True,False,1,0,RECHAZADO,0
49,40000.0,12000.0,0,4,1,Propia,Consumo,10000.0,False,True,1248301101,12483011,RECHAZADO,40,0.3,MODERADO,R002|R005,2,0,,True,True,0,0,RECHAZADO,0
35,6000.0,1800.0,0,4,0,Familiar,Consumo,10000.0,False,True,1248503101,12485031,RECHAZADO,11,0.3,MODERADO,R002,1,0,,True,True,0,0,RECHAZADO,0
80,1500.0,450.0,2,0,0,Propia,Consumo,10000.0,True,True,1248602101,12486021,RECHAZADO,58,0.3,MODERADO,R001|R004|R005,3,0,,True,False,1,0,REVISION_MANUAL,0
22,1800.0,540.0,2,2,4,Familiar,Consumo,10000.0,False,True,1249104103,12491041,RECHAZADO,55,0.3,MODERADO,R001|R010,2,0,,True,False,1,0,REVISION_MANUAL,0
49,1000.0,300.0,0,1,2,Propia,Consumo,10000.0,False,True,1249215101,12492151,RECHAZADO,9,0.3,MODERADO,R002|R005,2,0,,True,True,0,0,RECHAZADO,0
39,2000.0,600.0,0,1,4,Propia,Negocio,12000.0,False,True,1249313102,12493131,RECHAZADO,9,0.3,MODERADO,R002|R005|R006|R010,4,0,,True,True,0,0,RECHAZADO,0
24,2500.0,750.0,2,4,2,Familiar,Consumo,10000.0,False,True,1249504102,12495041,REVISION_MANUAL,78,0.3,MODERADO,R001|R012,2,1,,True,False,1,0,APROBADO,1
49,8400.0,2520.0,2,4,1,Propia,Consumo,10000.0,False,True,1249602102,12496021,APROBADO,100,0.3,MODERADO,R001|R005|R012,3,1,,True,False,1,1,APROBADO,1
44,30000.0,9000.0,2,4,0,Propia,Consumo,10000.0,False,True,1249703101,12497031,APROBADO,100,0.3,MODERADO,R001|R005|R012|R015,4,2,,True,False,1,1,APROBADO,1
30,2000.0,600.0,0,1,1,Familiar,Consumo,10000.0,False,True,1249904102,12499041,RECHAZADO,0,0.3,MODERADO,R002,1,0,,True,True,0,0,RECHAZADO,0
42,15000.0,4500.0,2,4,2,Propia,Consumo,10000.0,False,True,1250103101,12501031,APROBADO,100,0.3,MODERADO,R001|R005|R012,3,1,,True,False,1,1,APROBADO,1
39,40000.0,12000.0,2,4,0,Propia,Consumo,10000.0,False,True,1250217102,12502171,APROBADO,100,0.3,MODERADO,R001|R005|R012|R015,4,2,,True,False,1,1,APROBADO,1
54,15000.0,4500.0,2,4,1,Propia,Consumo,10000.0,False,True,1250405101,12504051,APROBADO,100,0.3,MODERADO,R001|R005|R012,3,1,,True,False,1,1,APROBADO,1
56,1800.0,540.0,0,2,3,Familiar,Consumo,10000.0,False,True,1250714102,12507141,RECHAZADO,1,0.3,MODERADO,R002,1,0,,True,True,0,0,RECHAZADO,0
58,2100.0,630.0,2,1,0,Propia,Consumo,10000.0,False,True,1250902101,12509021,REVISION_MANUAL,76,0.3,MODERADO,R001|R005,2,0,,True,False,1,0,APROBADO,1
20,1700.0,510.0,2,4,3,Familiar,Consumo,10000.0,False,True,1251104103,12511041,RECHAZADO,54,0.3,MODERADO,R001|R009,2,0,,True,False,1,0,RECHAZADO,0
48,1000.0,300.0,0,1,1,Familiar,Consumo,10000.0,False,True,1251201102,12512011,RECHAZADO,0,0.3,MODERADO,R002,1,0,,True,True,0,0,RECHAZADO,0
36,40000.0,12000.0,2,4,1,Familiar,Consumo,10000.0,False,True,1251520102,12515201,APROBADO,100,0.3,MODERADO,R001|R012,2,1,,True,False,1,1,APROBADO,1
59,2500.0,750.0,2,4,0,Propia,Consumo,10000.0,False,True,1251704101,12517041,APROBADO,100,0.3,MODERADO,R001|R005|R012|R015,4,2,,True,False,1,1,APROBADO,1
19,7000.0,2100.0,2,0,3,Familiar,Consumo,10000.0,True,True,1252218102,12522181,RECHAZADO,40,0.3,MODERADO,R001|R004|R009|R012,4,1,,True,False,1,0,RECHAZADO,0
79,1500.0,450.0,2,0,0,Familiar,Consumo,10000.0,True,True,1252302101,12523021,RECHAZADO,43,0.3,MODERADO,R001|R004,2,0,,True,False,1,0,RECHAZADO,0
23,5000.0,1500.0,2,5,1,Propia,Consumo,10000.0,False,True,1252616101,12526161,APROBADO,100,0.3,MODERADO,R001|R003|R005|R012,4,1,,True,False,1,1,APROBADO,1
54,1200.0,360.0,2,1,3,Familiar,Consumo,10000.0,False,True,1252718101,12527181,RECHAZADO,58,0.3,MODERADO,R001,1,0,,True,False,1,0,REVISION_MANUAL,0
35,20000.0,6000.0,2,1,0,Propia,Consumo,10000.0,False,True,1253101101,12531011,APROBADO,100,0.3,MODERADO,R001|R005|R012,3,1,,True,False,1,1,APROBADO,1
48,14000.0,4200.0,2,4,2,Propia,Consumo,10000.0,True,True,1253303102,12533031,APROBADO,100,0.3,MODERADO,R001|R005|R012,3,1,,True,False,1,1,APROBADO,1
79,7000.0,2100.0,2,0,2,Propia,Consumo,10000.0,True,True,1253405102,12534051,REVISION_MANUAL,68,0.3,MODERADO,R001|R004|R005|R012,4,1,,True,False,1,0,REVISION_MANUAL,0
22,1800.0,540.0,2,4,0,Familiar,Consumo,10000.0,False,True,1254301101,12543011,REVISION_MANUAL,71,0.3,MODERADO,R001,1,0,,True,False,1,0,REVISION_MANUAL,0
48,14000.0,4200.0,2,4,1,Familiar,Consumo,10000.0,False,True,1254603102,12546031,APROBADO,89,0.3,MODERADO,R001|R012,2,1,,True,False,1,1,APROBADO,1
24,1500.0,450.0,2,4,0,Familiar,Consumo,10000.0,False,True,1254817101,12548171,REVISION_MANUAL,71,0.3,MODERADO,R001,1,0,,True,False,1,0,REVISION_MANUAL,0
62,1000.0,300.0,2,1,1,Familiar,Negocio,12000.0,False,True,1255504101,12555041,REVISION_MANUAL,73,0.3,MODERADO,R001|R006,2,0,,True,False,1,0,REVISION_MANUAL,0
66,1500.0,450.0,2,0,0,Propia,Consumo,10000.0,True,True,1256103101,12561031,RECHAZADO,58,0.3,MODERADO,R001|R004|R005,3,0,,True,False,1,0,REVISION_MANUAL,0
33,1700.0,510.0,2,4,2,Familiar,Consumo,10000.0,False,True,1256302102,12563021,REVISION_MANUAL,70,0.3,MODERADO,R001,1,0,,True,False,1,0,REVISION_MANUAL,0
44,1000.0,300.0,2,2,1,Familiar,Consumo,10000.0,False,True,1257111101,12571111,REVISION_MANUAL,71,0.3,MODERADO,R001,1,0,,True,False,1,0,REVISION_MANUAL,0
20,3000.0,900.0,2,4,3,Familiar,Consumo,10000.0,False,True,1257402104,12574021,REVISION_MANUAL,65,0.3,MODERADO,R001|R009|R012,3,1,,True,False,1,0,REVISION_MANUAL,0
52,8000.0,2400.0,2,4,1,Familiar,Consumo,10000.0,False,True,1258102101,12581021,APROBADO,85,0.3,MODERADO,R001|R012,2,1,,True,False,1,1,APROBADO,1
51,3200.0,960.0,0,4,2,Propia,Consumo,10000.0,False,True,1258404102,12584041,RECHAZADO,21,0.3,MODERADO,R002|R005,2,0,,True,True,0,0,RECHAZADO,0
76,2000.0,600.0,2,0,0,Propia,Consumo,10000.0,True,True,1258502101,12585021,RECHAZADO,58,0.3,MODERADO,R001|R004|R005,3,0,,True,False,1,0,REVISION_MANUAL,0
40,7000.0,2100.0,2,4,0,Familiar,Consumo,10000.0,False,True,1258502201,12585022,APROBADO,86,0.3,MODERADO,R001|R012,2,1,,True,False,1,1,APROBADO,1
23,3000.0,900.0,2,2,1,Familiar,Consumo,10000.0,False,True,1258502302,12585023,APROBADO,80,0.3,MODERADO,R001|R012,2,1,,True,False,1,1,APROBADO,1
28,7000.0,2100.0,2,4,1,Familiar,Consumo,10000.0,False,True,1258605102,12586051,APROBADO,85,0.3,MODERADO,R001|R012,2,1,,True,False,1,1,APROBADO,1
41,19000.0,5700.0,2,4,0,Propia,Consumo,10000.0,False,True,1259020101,12590201,APROBADO,100,0.3,MODERADO,R001|R005|R012|R015,4,2,,True,False,1,1,APROBADO,1
58,7000.0,2100.0,2,4,0,Propia,Consumo,10000.0,False,True,1259402101,12594021,APROBADO,100,0.3,MODERADO,R001|R005|R012|R015,4,2,,True,False,1,1,APROBADO,1
32,3500.0,1050.0,2,1,0,Propia,Consumo,10000.0,False,True,1259604102,12596041,APROBADO,89,0.3,MODERADO,R001|R005|R012,3,1,,True,False,1,1,APROBADO,1
90,25000.0,7500.0,2,1,2,Propia,Consumo,10000.0,False,True,1259710101,12597101,APROBADO,98,0.3,MODERADO,R001|R005|R012,3,1,,True,False,1,1,APROBADO,1
63,2000.0,600.0,0,1,0,Familiar,Consumo,10000.0,False,True,1259810101,12598101,RECHAZADO,0,0.3,MODERADO,R002,1,0,,True,True,0,0,RECHAZADO,0
38,2000.0,600.0,2,0,2,Familiar,Consumo,10000.0,True,True,1260001101,12600011,RECHAZADO,42,0.3,MODERADO,R001|R004,2,0,,True,False,1,0,RECHAZADO,0
76,1500.0,450.0,2,0,0,Familiar,Consumo,10000.0,True,True,1260204101,12602041,RECHAZADO,43,0.3,MODERADO,R001|R004,2,0,,True,False,1,0,RECHAZADO,0
26,2500.0,750.0,0,0,1,Familiar,Consumo,10000.0,True,True,1260314101,12603141,RECHAZADO,0,0.3,MODERADO,R002|R004,2,0,,True,True,0,0,RECHAZADO,0
41,2300.0,690.0,0,4,2,Propia,Consumo,10000.0,False,True,1260611101,12606111,RECHAZADO,20,0.3,MODERADO,R002|R005,2,0,,True,True,0,0,RECHAZADO,0
66,1500.0,450.0,2,0,0,Propia,Consumo,10000.0,True,True,1260902101,12609021,RECHAZADO,58,0.3,MODERADO,R001|R004|R005,3,0,,True,False,1,0,REVISION_MANUAL,0
45,10000.0,3000.0,0,4,3,Familiar,Consumo,10000.0,False,True,1261515101,12615151,RECHAZADO,9,0.3,MODERADO,R002,1,0,,True,True,0,0,RECHAZADO,0
56,1750.0,525.0,2,4,1,Propia,Consumo,10000.0,False,True,1261804102,12618041,APROBADO,84,0.3,MODERADO,R001|R005,2,0,,True,False,1,1,APROBADO,1
47,3000.0,900.0,0,1,0,Propia,Consumo,10000.0,False,True,1262201101,12622011,RECHAZADO,14,0.3,MODERADO,R002|R005,2,0,,True,True,0,0,RECHAZADO,0
48,2000.0,600.0,2,0,1,Propia,Consumo,10000.0,True,True,1262803102,12628031,RECHAZADO,58,0.3,MODERADO,R001|R004|R005,3,0,,True,False,1,0,REVISION_MANUAL,0
63,4000.0,1200.0,0,0,0,Familiar,Consumo,10000.0,True,True,1263104101,12631041,RECHAZADO,0,0.3,MODERADO,R002|R004,2,0,,True,True,0,0,RECHAZADO,0
26,2000.0,600.0,2,0,0,Familiar,Consumo,10000.0,True,True,1263205102,12632051,RECHAZADO,45,0.3,MODERADO,R001|R004,2,0,,True,False,1,0,RECHAZADO,0
58,7000.0,2100.0,2,0,3,Propia,Consumo,10000.0,True,True,1263401101,12634011,REVISION_MANUAL,67,0.3,MODERADO,R001|R004|R005|R012,4,1,,True,False,1,0,REVISION_MANUAL,0
47,18000.0,5400.0,2,4,0,Propia,Consumo,10000.0,False,True,1263703101,12637031,APROBADO,100,0.3,MODERADO,R001|R005|R012|R015,4,2,,True,False,1,1,APROBADO,1
48,1000.0,300.0,2,1,0,Propia,Consumo,10000.0,False,True,1263819101,12638191,REVISION_MANUAL,77,0.3,MODERADO,R001|R005,2,0,,True,False,1,0,APROBADO,1
30,9000.0,2700.0,2,4,4,Familiar,Consumo,10000.0,False,True,1264504103,12645041,REVISION_MANUAL,72,0.3,MODERADO,R001|R010|R012,3,1,,True,False,1,0,REVISION_MANUAL,0
62,2500.0,750.0,2,0,0,Familiar,Consumo,10000.0,True,True,1264701102,12647011,RECHAZADO,53,0.3,MODERADO,R001|R004|R012,3,1,,True,False,1,0,RECHAZADO,0
40,30000.0,9000.0,2,3,2,Propia,Consumo,10000.0,False,True,1265605101,12656051,APROBADO,100,0.3,MODERADO,R001|R005|R012,3,1,,True,False,1,1,APROBADO,1
33,14000.0,4200.0,2,2,0,Familiar,Consumo,10000.0,False,True,1265705101,12657051,APROBADO,91,0.3,MODERADO,R001|R012,2,1,,True,False,1,1,APROBADO,1
23,12000.0,3600.0,2,4,0,Familiar,Consumo,10000.0,False,True,1265803101,12658031,APROBADO,88,0.3,MODERADO,R001|R012,2,1,,True,False,1,1,APROBADO,1
32,20000.0,6000.0,2,4,2,Propia,Consumo,10000.0,False,True,1266202101,12662021,APROBADO,100,0.3,MODERADO,R001|R005|R012,3,1,,True,False,1,1,APROBADO,1
53,6000.0,1800.0,2,4,2,Propia,Consumo,10000.0,False,True,1266801102,12668011,APROBADO,98,0.3,MODERADO,R001|R005|R012,3,1,,True,False,1,1,APROBADO,1
29,1500.0,450.0,2,0,2,Familiar,Consumo,10000.0,True,True,1266908101,12669081,RECHAZADO,42,0.3,MODERADO,R001|R004,2,0,,True,False,1,0,RECHAZADO,0
42,2400.0,720.0,2,4,0,Familiar,Consumo,10000.0,False,True,1267015101,12670151,REVISION_MANUAL,73,0.3,MODERADO,R001,1,0,,True,False,1,0,REVISION_MANUAL,0
42,30000.0,9000.0,2,4,3,Propia,Consumo,10000.0,False,True,1267307103,12673071,APROBADO,100,0.3,MODERADO,R001|R005|R012,3,1,,True,False,1,1,APROBADO,1
59,30000.0,9000.0,2,4,0,Propia,Consumo,10000.0,False,True,1267405101,12674051,APROBADO,100,0.3,MODERADO,R001|R005|R012|R015,4,2,,True,False,1,1,APROBADO,1
61,1800.0,540.0,0,4,1,Familiar,Consumo,10000.0,False,True,1267504102,12675041,RECHAZADO,4,0.3,MODERADO,R002,1,0,,True,True,0,0,RECHAZADO,0
65,20000.0,6000.0,2,3,0,Propia,Consumo,10000.0,False,True,1267903102,12679031,APROBADO,100,0.3,MODERADO,R001|R005|R012|R015,4,2,,True,False,1,1,APROBADO,1
47,2500.0,750.0,2,4,2,Propia,Consumo,10000.0,True,True,1268001102,12680011,APROBADO,95,0.3,MODERADO,R001|R005|R012,3,1,,True,False,1,1,APROBADO,1
32,25000.0,7500.0,2,5,0,Familiar,Consumo,10000.0,False,True,1268104101,12681041,APROBADO,100,0.3,MODERADO,R001|R003|R012,3,1,,True,False,1,1,APROBADO,1
33,7000.0,2100.0,2,4,2,Familiar,Consumo,10000.0,False,True,1268211104,12682111,APROBADO,83,0.3,MODERADO,R001|R012,2,1,,True,False,1,1,APROBADO,1
28,3000.0,900.0,0,4,3,Propia,Consumo,10000.0,False,True,1268402101,12684021,RECHAZADO,19,0.3,MODERADO,R002|R005,2,0,,True,True,0,0,RECHAZADO,0
33,2500.0,750.0,2,4,1,Propia,Consumo,10000.0,False,True,1268501101,12685011,APROBADO,97,0.3,MODERADO,R001|R005|R012,3,1,,True,False,1,1,APROBADO,1
59,3000.0,900.0,2,4,1,Propia,Consumo,10000.0,False,True,1268608101,12686081,APROBADO,95,0.3,MODERADO,R001|R005|R012,3,1,,True,False,1,1,APROBADO,1
33,1000.0,300.0,2,1,0,Propia,Consumo,10000.0,False,True,1268704102,12687041,REVISION_MANUAL,77,0.3,MODERADO,R001|R005,2,0,,True,False,1,0,APROBADO,1
28,7000.0,2100.0,2,0,0,Familiar,Consumo,10000.0,True,True,1269101102,12691011,RECHAZADO,58,0.3,MODERADO,R001|R004|R012,3,1,,True,False,1,0,REVISION_MANUAL,0
54,300.0,90.0,0,1,1,Familiar,Consumo,5400.0,False,True,1269503102,12695031,RECHAZADO,0,0.3,MODERADO,R002,1,0,,True,True,0,0,RECHAZADO,0
24,2000.0,600.0,2,2,2,Familiar,Consumo,10000.0,False,True,1270005102,12700051,REVISION_MANUAL,68,0.3,MODERADO,R001,1,0,,True,False,1,0,REVISION_MANUAL,0
44,600.0,180.0,2,1,6,Familiar,Consumo,10000.0,False,True,1270102102,12701021,RECHAZADO,47,0.3,MODERADO,R001|R010,2,0,,True,False,1,0,RECHAZADO,0
26,18000.0,5400.0,2,4,0,Propia,Consumo,10000.0,False,True,1270202101,12702021,APROBADO,100,0.3,MODERADO,R001|R005|R012|R015,4,2,,True,False,1,1,APROBADO,1
45,7000.0,2100.0,2,4,2,Familiar,Consumo,10000.0,True,True,1270401101,12704011,APROBADO,83,0.3,MODERADO,R001|R012,2,1,,True,False,1,1,APROBADO,1
55,20000.0,6000.0,2,4,2,Propia,Consumo,10000.0,False,True,1270502101,12705021,APROBADO,100,0.3,MODERADO,R001|R005|R012,3,1,,True,False,1,1,APROBADO,1
41,20000.0,6000.0,0,1,0,Propia,Consumo,10000.0,False,True,1270704101,12707041,RECHAZADO,25,0.3,MODERADO,R002|R005,2,0,,True,True,0,0,RECHAZADO,0
33,1500.0,450.0,2,4,3,Propia,Consumo,10000.0,False,True,1271019101,12710191,APROBADO,83,0.3,MODERADO,R001|R005,2,0,,True,False,1,1,APROBADO,1
49,4200.0,1260.0,2,4,1,Propia,Consumo,10000.0,False,True,1271203101,12712031,APROBADO,98,0.3,MODERADO,R001|R005|R012,3,1,,True,False,1,1,APROBADO,1
19,2500.0,750.0,2,0,3,Familiar,Consumo,10000.0,True,True,1271303105,12713031,RECHAZADO,37,0.3,MODERADO,R001|R004|R009|R012,4,1,,True,False,1,0,RECHAZADO,0
53,3500.0,1050.0,2,4,0,Propia,Consumo,10000.0,False,True,1271603101,12716031,APROBADO,100,0.3,MODERADO,R001|R005|R012|R015,4,2,,True,False,1,1,APROBADO,1
59,3000.0,900.0,2,1,4,Propia,Consumo,10000.0,False,True,1271701101,12717011,REVISION_MANUAL,71,0.3,MODERADO,R001|R005|R010|R012,4,1,,True,False,1,0,REVISION_MANUAL,0
34,10000.0,3000.0,2,4,3,Propia,Consumo,10000.0,False,True,1271816102,12718161,APROBADO,99,0.3,MODERADO,R001|R005|R012,3,1,,True,False,1,1,APROBADO,1
52,3000.0,900.0,2,4,0,Familiar,Consumo,10000.0,False,True,1271918101,12719181,APROBADO,84,0.3,MODERADO,R001|R012,2,1,,True,False,1,1,APROBADO,1
31,2500.0,750.0,2,0,1,Propia,Consumo,10000.0,True,True,1272104102,12721041,REVISION_MANUAL,69,0.3,MODERADO,R001|R004|R005|R012,4,1,,True,False,1,0,REVISION_MANUAL,0
27,30000.0,9000.0,2,4,2,Familiar,Consumo,10000.0,False,True,1272202103,12722021,APROBADO,99,0.3,MODERADO,R001|R012,2,1,,True,False,1,1,APROBADO,1
35,4000.0,1200.0,2,4,0,Familiar,Consumo,10000.0,False,True,1272604102,12726041,APROBADO,84,0.3,MODERADO,R001|R012,2,1,,True,False,1,1,APROBADO,1
26,2000.0,600.0,0,1,1,Propia,Consumo,10000.0,False,True,1272903101,12729031,RECHAZADO,11,0.3,MODERADO,R002|R005,2,0,,True,True,0,0,RECHAZADO,0
33,8000.0,2400.0,2,3,0,Familiar,Consumo,10000.0,False,True,1273101101,12731011,APROBADO,87,0.3,MODERADO,R001|R012,2,1,,True,False,1,1,APROBADO,1
65,10000.0,3000.0,0,4,0,Propia,Consumo,10000.0,False,True,1273803101,12738031,RECHAZADO,34,0.3,MODERADO,R002|R005|R015,3,1,,True,True,0,0,RECHAZADO,0
38,7000.0,2100.0,0,0,2,Propia,Consumo,10000.0,True,True,1274004102,12740041,RECHAZADO,0,0.3,MODERADO,R002|R004|R005,3,0,,True,True,0,0,RECHAZADO,0
33,4000.0,1200.0,2,2,3,Familiar,Consumo,10000.0,False,True,1274203102,12742031,APROBADO,80,0.3,MODERADO,R001|R012,2,1,,True,False,1,1,APROBADO,1
54,2500.0,750.0,0,1,0,Propia,Consumo,10000.0,False,True,1274707102,12747071,RECHAZADO,13,0.3,MODERADO,R002|R005,2,0,,True,True,0,0,RECHAZADO,0
43,8000.0,2400.0,2,1,1,Propia,Consumo,10000.0,False,True,1274917101,12749171,APROBADO,90,0.3,MODERADO,R001|R005|R012,3,1,,True,False,1,1,APROBADO,1
44,2200.0,660.0,2,4,2,Propia,Consumo,10000.0,False,True,1275001102,12750011,APROBADO,85,0.3,MODERADO,R001|R005,2,0,,True,False,1,1,APROBADO,1
51,32500.0,9750.0,0,4,2,Propia,Consumo,10000.0,False,True,1275202102,12752021,RECHAZADO,39,0.3,MODERADO,R002|R005,2,0,,True,True,0,0,RECHAZADO,0
31,1500.0,450.0,2,0,4,Familiar,Consumo,10000.0,True,True,1275509101,12755091,RECHAZADO,29,0.3,MODERADO,R001|R004|R010,3,0,,True,False,1,0,RECHAZADO,0
62,1000.0,300.0,2,1,2,Propia,Consumo,10000.0,False,True,1275913103,12759131,REVISION_MANUAL,72,0.3,MODERADO,R001|R005,2,0,,True,False,1,0,REVISION_MANUAL,0
31,3000.0,900.0,2,4,0,Propia,Consumo,10000.0,False,True,1276213101,12762131,APROBADO,100,0.3,MODERADO,R001|R005|R012|R015,4,2,,True,False,1,1,APROBADO,1
30,5000.0,1500.0,2,4,0,Familiar,Consumo,10000.0,False,True,1276404101,12764041,APROBADO,85,0.3,MODERADO,R001|R012,2,1,,True,False,1,1,APROBADO,1
64,36000.0,10800.0,2,4,3,Propia,Consumo,10000.0,False,True,1276504101,12765041,APROBADO,100,0.3,MODERADO,R001|R005|R012,3,1,,True,False,1,1,APROBADO,1
52,2000.0,600.0,2,0,1,Familiar,Consumo,10000.0,True,True,1276803102,12768031,RECHAZADO,43,0.3,MODERADO,R001|R004,2,0,,True,False,1,0,RECHAZADO,0
38,300.0,90.0,2,1,3,Propia,Consumo,5400.0,False,True,1276905102,12769051,REVISION_MANUAL,72,0.3,MODERADO,R001|R005,2,0,,True,False,1,0,REVISION_MANUAL,0
58,1600.0,480.0,2,4,0,Propia,Consumo,10000.0,False,True,1277202101,12772021,APROBADO,94,0.3,MODERADO,R001|R005|R015,3,1,,True,False,1,1,APROBADO,1
27,14000.0,4200.0,2,5,0,Familiar,Consumo,10000.0,False,True,1277905101,12779051,APROBADO,100,0.3,MODERADO,R001|R003|R012,3,1,,True,False,1,1,APROBADO,1
53,6800.0,2040.0,2,4,1,Propia,Consumo,10000.0,False,True,1278302101,12783021,APROBADO,100,0.3,MODERADO,R001|R005|R012,3,1,,True,False,1,1,APROBADO,1
34,10000.0,3000.0,2,4,0,Familiar,Consumo,10000.0,False,True,1278605101,12786051,APROBADO,88,0.3,MODERADO,R001|R012,2,1,,True,False,1,1,APROBADO,1
41,1500.0,450.0,2,2,1,Familiar,Consumo,10000.0,False,True,1278703103,12787031,REVISION_MANUAL,71,0.3,MODERADO,R001,1,0,,True,False,1,0,REVISION_MANUAL,0
51,2000.0,600.0,0,1,0,Propia,Consumo,10000.0,False,True,1278905101,12789051,RECHAZADO,13,0.3,MODERADO,R002|R005,2,0,,True,True,0,0,RECHAZADO,0
49,40000.0,12000.0,2,4,4,Propia,Consumo,10000.0,False,True,1279604101,12796041,APROBADO,100,0.3,MODERADO,R001|R005|R010|R012,4,1,,True,False,1,1,APROBADO,1
18,1000.0,300.0,0,1,3,Familiar,Consumo,10000.0,False,True,1279806103,12798061,RECHAZADO,0,0.3,MODERADO,R002|R009,2,0,,True,True,0,0,RECHAZADO,0
41,4000.0,1200.0,0,4,1,Propia,Consumo,10000.0,False,True,1280904101,12809041,RECHAZADO,23,0.3,MODERADO,R002|R005,2,0,,True,True,0,0,RECHAZADO,0
52,6000.0,1800.0,0,1,1,Propia,Consumo,10000.0,False,True,1281105101,12811051,RECHAZADO,14,0.3,MODERADO,R002|R005,2,0,,True,True,0,0,RECHAZADO,0
52,4000.0,1200.0,0,1,2,Propia,Consumo,10000.0,False,True,1281301101,12813011,RECHAZADO,11,0.3,MODERADO,R002|R005,2,0,,True,True,0,0,RECHAZADO,0
54,20000.0,6000.0,2,4,3,Propia,Consumo,10000.0,False,True,1281409101,12814091,APROBADO,100,0.3,MODERADO,R001|R005|R012,3,1,,True,False,1,1,APROBADO,1
36,2000.0,600.0,0,4,4,Propia,Consumo,10000.0,False,True,1281501102,12815011,RECHAZADO,7,0.3,MODERADO,R002|R005|R010,3,0,,True,True,0,0,RECHAZADO,0
49,4400.0,1320.0,0,4,1,Familiar,Consumo,10000.0,False,True,1282208101,12822081,RECHAZADO,8,0.3,MODERADO,R002,1,0,,True,True,0,0,RECHAZADO,0
23,2000.0,600.0,2,1,3,Familiar,Consumo,10000.0,False,True,1282318104,12823181,RECHAZADO,56,0.3,MODERADO,R001,1,0,,True,False,1,0,REVISION_MANUAL,0
59,3000.0,900.0,2,0,0,Propia,Consumo,10000.0,True,True,1282603101,12826031,REVISION_MANUAL,69,0.3,MODERADO,R001|R004|R005|R012,4,1,,True,False,1,0,REVISION_MANUAL,0
50,500.0,150.0,2,1,3,Familiar,Consumo,9000.0,False,True,1282711101,12827111,RECHAZADO,57,0.3,MODERADO,R001,1,0,,True,False,1,0,REVISION_MANUAL,0
32,1500.0,450.0,2,2,4,Familiar,Consumo,10000.0,False,True,1283420105,12834201,RECHAZADO,57,0.3,MODERADO,R001|R010,2,0,,True,False,1,0,REVISION_MANUAL,0
52,12000.0,3600.0,2,4,1,Propia,Consumo,10000.0,False,True,1283604102,12836041,APROBADO,100,0.3,MODERADO,R001|R005|R012,3,1,,True,False,1,1,APROBADO,1
49,10000.0,3000.0,0,4,2,Propia,Consumo,10000.0,False,True,1283903101,12839031,RECHAZADO,25,0.3,MODERADO,R002|R005,2,0,,True,True,0,0,RECHAZADO,0
47,3000.0,900.0,2,1,2,Propia,Consumo,10000.0,False,True,1284004101,12840041,APROBADO,86,0.3,MODERADO,R001|R005|R012,3,1,,True,False,1,1,APROBADO,1
51,4500.0,1350.0,2,1,3,Propia,Consumo,10000.0,False,True,1284103101,12841031,APROBADO,85,0.3,MODERADO,R001|R005|R012,3,1,,True,False,1,1,APROBADO,1
63,6000.0,1800.0,2,4,0,Propia,Consumo,10000.0,False,True,1284504101,12845041,APROBADO,100,0.3,MODERADO,R001|R005|R012|R015,4,2,,True,False,1,1,APROBADO,1
62,15000.0,4500.0,2,1,0,Familiar,Consumo,10000.0,False,True,1285203102,12852031,APROBADO,80,0.3,MODERADO,R001|R012,2,1,,True,False,1,1,APROBADO,1
20,1200.0,360.0,2,2,1,Familiar,Consumo,10000.0,False,True,1285401103,12854011,RECHAZADO,57,0.3,MODERADO,R001|R009,2,0,,True,False,1,0,REVISION_MANUAL,0
43,35000.0,10500.0,2,4,0,Propia,Consumo,10000.0,False,True,1285502102,12855021,APROBADO,100,0.3,MODERADO,R001|R005|R012|R015,4,2,,True,False,1,1,APROBADO,1
34,5000.0,1500.0,2,4,2,Familiar,Consumo,10000.0,False,True,1285701103,12857011,APROBADO,82,0.3,MODERADO,R001|R012,2,1,,True,False,1,1,APROBADO,1
46,2000.0,600.0,2,0,1,Familiar,Consumo,10000.0,True,True,1286204101,12862041,RECHAZADO,43,0.3,MODERADO,R001|R004,2,0,,True,False,1,0,RECHAZADO,0
46,6200.0,1860.0,2,1,1,Familiar,Consumo,10000.0,False,True,1286501101,12865011,REVISION_MANUAL,74,0.3,MODERADO,R001|R012,2,1,,True,False,1,0,REVISION_MANUAL,0
27,1500.0,450.0,2,1,5,Familiar,Consumo,10000.0,False,True,1286620103,12866201,RECHAZADO,47,0.3,MODERADO,R001|R010,2,0,,True,False,1,0,RECHAZADO,0
29,4000.0,1200.0,2,1,1,Familiar,Consumo,10000.0,False,True,1286702102,12867021,REVISION_MANUAL,73,0.3,MODERADO,R001|R012,2,1,,True,False,1,0,REVISION_MANUAL,0
34,3200.0,960.0,0,4,5,Familiar,Consumo,10000.0,False,True,1286805101,12868051,RECHAZADO,0,0.3,MODERADO,R002|R010,2,0,,True,True,0,0,RECHAZADO,0
51,6000.0,1800.0,2,4,1,Propia,Consumo,10000.0,False,True,1286909101,12869091,APROBADO,99,0.3,MODERADO,R001|R005|R012,3,1,,True,False,1,1,APROBADO,1
21,500.0,150.0,2,2,1,Familiar,Consumo,9000.0,False,True,1287015102,12870151,REVISION_MANUAL,68,0.3,MODERADO,R001,1,0,,True,False,1,0,REVISION_MANUAL,0
38,12000.0,3600.0,2,4,1,Propia,Consumo,10000.0,False,True,1287116101,12871161,APROBADO,100,0.3,MODERADO,R001|R005|R012,3,1,,True,False,1,1,APROBADO,1
43,2000.0,600.0,2,3,2,Propia,Consumo,10000.0,False,True,1287903101,12879031,APROBADO,85,0.3,MODERADO,R001|R005,2,0,,True,False,1,1,APROBADO,1
24,2000.0,600.0,0,1,2,Familiar,Consumo,10000.0,True,True,1288302102,12883021,RECHAZADO,0,0.3,MODERADO,R002,1,0,,True,True,0,0,RECHAZADO,0
39,6000.0,1800.0,0,2,3,Familiar,Consumo,10000.0,False,True,1288902101,12889021,RECHAZADO,6,0.3,MODERADO,R002,1,0,,True,True,0,0,RECHAZADO,0
31,5000.0,1500.0,2,4,3,Propia,Consumo,10000.0,False,True,1289203101,12892031,APROBADO,95,0.3,MODERADO,R001|R005|R012,3,1,,True,False,1,1,APROBADO,1
43,1500.0,450.0,2,1,2,Propia,Consumo,10000.0,True,True,1289305101,12893051,REVISION_MANUAL,75,0.3,MODERADO,R001|R005,2,0,,True,False,1,0,APROBADO,1
32,6500.0,1950.0,2,2,3,Familiar,Consumo,10000.0,False,True,1289605103,12896051,APROBADO,81,0.3,MODERADO,R001|R012,2,1,,True,False,1,1,APROBADO,1
31,9500.0,2850.0,2,4,1,Familiar,Consumo,10000.0,False,True,1289702102,12897021,APROBADO,86,0.3,MODERADO,R001|R012,2,1,,True,False,1,1,APROBADO,1
32,3800.0,1140.0,2,4,1,Familiar,Consumo,10000.0,False,True,1289920101,12899201,APROBADO,83,0.3,MODERADO,R001|R012,2,1,,True,False,1,1,APROBADO,1
33,2500.0,750.0,2,2,2,Familiar,Negocio,12000.0,False,True,1290018101,12900181,APROBADO,82,0.3,MODERADO,R001|R006,2,0,,True,False,1,1,APROBADO,1
38,11000.0,3300.0,0,4,5,Familiar,Consumo,10000.0,False,True,1290202103,12902021,RECHAZADO,0,0.3,MODERADO,R002|R010,2,0,,True,True,0,0,RECHAZADO,0
40,10000.0,3000.0,2,1,2,Propia,Consumo,10000.0,False,True,1290401101,12904011,APROBADO,90,0.3,MODERADO,R001|R005|R012,3,1,,True,False,1,1,APROBADO,1
39,15000.0,4500.0,2,4,3,Familiar,Consumo,10000.0,False,True,1290501101,12905011,APROBADO,87,0.3,MODERADO,R001|R012,2,1,,True,False,1,1,APROBADO,1
44,20000.0,6000.0,2,4,0,Propia,Consumo,10000.0,False,True,1290905102,12909051,APROBADO,100,0.3,MODERADO,R001|R005|R012|R015,4,2,,True,False,1,1,APROBADO,1
68,2500.0,750.0,2,0,4,Familiar,Consumo,10000.0,True,True,1291102101,12911021,RECHAZADO,37,0.3,MODERADO,R001|R004|R010|R012,4,1,,True,False,1,0,RECHAZADO,0
50,8000.0,2400.0,2,4,0,Familiar,Consumo,10000.0,False,True,1291401101,12914011,APROBADO,87,0.3,MODERADO,R001|R012,2,1,,True,False,1,1,APROBADO,1
55,2500.0,750.0,0,2,0,Propia,Consumo,10000.0,False,True,1291803101,12918031,RECHAZADO,23,0.3,MODERADO,R002|R005,2,0,,True,True,0,0,RECHAZADO,0
22,7000.0,2100.0,0,0,5,Familiar,Consumo,10000.0,True,True,1292101103,12921011,RECHAZADO,0,0.3,MODERADO,R002|R004|R010,3,0,,True,True,0,0,RECHAZADO,0
60,2000.0,600.0,2,0,2,Familiar,Consumo,10000.0,True,True,1292201105,12922011,RECHAZADO,40,0.3,MODERADO,R001|R004,2,0,,True,False,1,0,RECHAZADO,0
29,750.0,225.0,2,2,2,Familiar,Consumo,10000.0,False,True,1292304102,12923041,REVISION_MANUAL,69,0.3,MODERADO,R001,1,0,,True,False,1,0,REVISION_MANUAL,0
60,1000.0,300.0,2,0,0,Propia,Consumo,10000.0,True,True,1292403101,12924031,RECHAZADO,57,0.3,MODERADO,R001|R004|R005,3,0,,True,False,1,0,REVISION_MANUAL,0
27,16000.0,4800.0,2,4,2,Familiar,Consumo,10000.0,False,True,1292502103,12925021,APROBADO,89,0.3,MODERADO,R001|R012,2,1,,True,False,1,1,APROBADO,1
36,30000.0,9000.0,2,4,2,Propia,Consumo,10000.0,False,True,1292803101,12928031,APROBADO,100,0.3,MODERADO,R001|R005|R012,3,1,,True,False,1,1,APROBADO,1
40,600.0,180.0,2,1,3,Propia,Consumo,10000.0,False,True,1292901101,12929011,REVISION_MANUAL,72,0.3,MODERADO,R001|R005,2,0,,True,False,1,0,REVISION_MANUAL,0
36,7000.0,2100.0,2,4,2,Propia,Negocio,12000.0,True,True,1293204101,12932041,APROBADO,100,0.3,MODERADO,R001|R005|R006|R012,4,1,,True,False,1,1,APROBADO,1
34,4000.0,1200.0,2,4,1,Familiar,Consumo,10000.0,False,True,1293901101,12939011,APROBADO,83,0.3,MODERADO,R001|R012,2,1,,True,False,1,1,APROBADO,1
55,12000.0,3600.0,2,4,1,Propia,Consumo,10000.0,False,True,1294105101,12941051,APROBADO,100,0.3,MODERADO,R001|R005|R012,3,1,,True,False,1,1,APROBADO,1
19,6000.0,1800.0,2,4,2,Familiar,Consumo,10000.0,False,True,1294202103,12942021,REVISION_MANUAL,69,0.3,MODERADO,R001|R009|R012,3,1,,True,False,1,0,REVISION_MANUAL,0
46,5500.0,1650.0,2,2,0,Familiar,Consumo,10000.0,False,True,1294402101,12944021,APROBADO,85,0.3,MODERADO,R001|R012,2,1,,True,False,1,1,APROBADO,1
36,5000.0,1500.0,2,4,1,Propia,Consumo,10000.0,False,True,1294703102,12947031,APROBADO,98,0.3,MODERADO,R001|R005|R012,3,1,,True,False,1,1,APROBADO,1
55,1500.0,450.0,2,0,0,Propia,Consumo,10000.0,True,True,1294804102,12948041,REVISION_MANUAL,60,0.3,MODERADO,R001|R004|R005,3,0,,True,False,1,0,REVISION_MANUAL,0
66,1500.0,450.0,2,0,2,Propia,Consumo,10000.0,True,True,1294902103,12949021,RECHAZADO,55,0.3,MODERADO,R001|R004|R005,3,0,,True,False,1,0,REVISION_MANUAL,0
44,12000.0,3600.0,2,4,0,Propia,Consumo,10000.0,False,True,1295004101,12950041,APROBADO,100,0.3,MODERADO,R001|R005|R012|R015,4,2,,True,False,1,1,APROBADO,1
38,4000.0,1200.0,2,4,0,Propia,Consumo,10000.0,False,True,1295103102,12951031,APROBADO,100,0.3,MODERADO,R001|R005|R012|R015,4,2,,True,False,1,1,APROBADO,1
63,2000.0,600.0,2,0,2,Propia,Consumo,10000.0,True,True,1295210101,12952101,RECHAZADO,55,0.3,MODERADO,R001|R004|R005,3,0,,True,False,1,0,REVISION_MANUAL,0
42,2800.0,840.0,2,4,1,Propia,Consumo,10000.0,False,True,1295405101,12954051,APROBADO,97,0.3,MODERADO,R001|R005|R012,3,1,,True,False,1,1,APROBADO,1
33,2200.0,660.0,2,4,0,Familiar,Consumo,10000.0,False,True,1296113101,12961131,REVISION_MANUAL,73,0.3,MODERADO,R001,1,0,,True,False,1,0,REVISION_MANUAL,0
54,2000.0,600.0,2,2,4,Familiar,Consumo,10000.0,False,True,1296505101,12965051,RECHAZADO,57,0.3,MODERADO,R001|R010,2,0,,True,False,1,0,REVISION_MANUAL,0
27,3800.0,1140.0,0,4,1,Propia,Consumo,10000.0,False,True,1297020101,12970201,RECHAZADO,23,0.3,MODERADO,R002|R005,2,0,,True,True,0,0,RECHAZADO,0
20,2400.0,720.0,0,2,2,Familiar,Consumo,10000.0,False,True,1297119102,12971191,RECHAZADO,0,0.3,MODERADO,R002|R009,2,0,,True,True,0,0,RECHAZADO,0
52,7000.0,2100.0,2,1,0,Propia,Consumo,10000.0,False,True,1297216101,12972161,APROBADO,91,0.3,MODERADO,R001|R005|R012,3,1,,True,False,1,1,APROBADO,1
69,1000.0,300.0,0,5,0,Familiar,Consumo,10000.0,False,True,1297304101,12973041,RECHAZADO,29,0.3,MODERADO,R002|R003,2,0,,True,True,0,0,RECHAZADO,0
34,1500.0,450.0,2,1,0,Familiar,Consumo,10000.0,False,True,1297502102,12975021,REVISION_MANUAL,63,0.3,MODERADO,R001,1,0,,True,False,1,0,REVISION_MANUAL,0
51,20000.0,6000.0,2,4,2,Propia,Consumo,10000.0,False,True,1297705101,12977051,APROBADO,100,0.3,MODERADO,R001|R005|R012,3,1,,True,False,1,1,APROBADO,1
33,2000.0,600.0,2,4,0,Familiar,Consumo,10000.0,False,True,1297801101,12978011,REVISION_MANUAL,73,0.3,MODERADO,R001,1,0,,True,False,1,0,REVISION_MANUAL,0
56,14000.0,4200.0,2,4,0,Propia,Consumo,10000.0,True,True,1298102101,12981021,APROBADO,100,0.3,MODERADO,R001|R005|R012|R015,4,2,,True,False,1,1,APROBADO,1
70,2000.0,600.0,2,0,0,Propia,Consumo,10000.0,True,True,1298219101,12982191,RECHAZADO,58,0.3,MODERADO,R001|R004|R005,3,0,,True,False,1,0,REVISION_MANUAL,0
33,2200.0,660.0,2,4,0,Propia,Consumo,10000.0,False,True,1298304101,12983041,APROBADO,96,0.3,MODERADO,R001|R005|R015,3,1,,True,False,1,1,APROBADO,1
32,25000.0,7500.0,2,4,3,Familiar,Consumo,10000.0,False,True,1298405102,12984051,APROBADO,94,0.3,MODERADO,R001|R012,2,1,,True,False,1,1,APROBADO,1
59,2500.0,750.0,2,0,2,Familiar,Consumo,10000.0,True,True,1298516102,12985161,RECHAZADO,50,0.3,MODERADO,R001|R004|R012,3,1,,True,False,1,0,RECHAZADO,0
37,1000.0,300.0,2,3,2,Propia,Consumo,10000.0,False,True,1298805102,12988051,APROBADO,84,0.3,MODERADO,R001|R005,2,0,,True,False,1,1,APROBADO,1
37,32000.0,9600.0,2,4,2,Propia,Consumo,10000.0,False,True,1299017101,12990171,APROBADO,100,0.3,MODERADO,R001|R005|R012,3,1,,True,False,1,1,APROBADO,1
46,1800.0,540.0,2,2,2,Familiar,Negocio,12000.0,False,True,1299210102,12992101,APROBADO,82,0.3,MODERADO,R001|R006,2,0,,True,False,1,1,APROBADO,1
50,700.0,210.0,0,1,0,Propia,Negocio,12000.0,False,True,1299713101,12997131,RECHAZADO,24,0.3,MODERADO,R002|R005|R006,3,0,,True,True,0,0,RECHAZADO,0
66,1500.0,450.0,2,0,0,Propia,Consumo,10000.0,True,True,1299802101,12998021,RECHAZADO,58,0.3,MODERADO,R001|R004|R005,3,0,,True,False,1,0,REVISION_MANUAL,0
27,3000.0,900.0,2,4,0,Familiar,Consumo,10000.0,False,True,1300102101,13001021,APROBADO,84,0.3,MODERADO,R001|R012,2,1,,True,False,1,1,APROBADO,1
43,2500.0,750.0,0,4,2,Propia,Consumo,10000.0,False,True,1300505101,13005051,RECHAZADO,20,0.3,MODERADO,R002|R005,2,0,,True,True,0,0,RECHAZADO,0
18,1500.0,450.0,2,1,1,Familiar,Negocio,12000.0,False,True,1301301102,13013011,REVISION_MANUAL,61,0.3,MODERADO,R001|R006|R009,3,0,,True,False,1,0,REVISION_MANUAL,0
32,2500.0,750.0,2,4,0,Familiar,Consumo,10000.0,False,True,1301504102,13015041,APROBADO,83,0.3,MODERADO,R001|R012,2,1,,True,False,1,1,APROBADO,1
32,3000.0,900.0,0,4,4,Propia,Consumo,10000.0,False,True,1301603103,13016031,RECHAZADO,8,0.3,MODERADO,R002|R005|R010,3,0,,True,True,0,0,RECHAZADO,0
66,500.0,150.0,2,1,0,Familiar,Consumo,9000.0,False,True,1301704101,13017041,REVISION_MANUAL,60,0.3,MODERADO,R001,1,0,,True,False,1,0,REVISION_MANUAL,0
24,7000.0,2100.0,0,0,0,Familiar,Consumo,10000.0,True,True,1301903103,13019031,RECHAZADO,0,0.3,MODERADO,R002|R004,2,0,,True,True,0,0,RECHAZADO,0
23,18000.0,5400.0,0,4,6,Familiar,Consumo,10000.0,False,True,1302001103,13020011,RECHAZADO,0,0.3,MODERADO,R002|R010,2,0,,True,True,0,0,RECHAZADO,0
48,35000.0,10500.0,2,4,0,Propia,Consumo,10000.0,False,True,1302105101,13021051,APROBADO,100,0.3,MODERADO,R001|R005|R012|R015,4,2,,True,False,1,1,APROBADO,1
35,30000.0,9000.0,2,5,1,Propia,Consumo,10000.0,False,True,1302205101,13022051,APROBADO,100,0.3,MODERADO,R001|R003|R005|R012,4,1,,True,False,1,1,APROBADO,1
45,3000.0,900.0,2,4,6,Familiar,Consumo,10000.0,False,True,1302802103,13028021,REVISION_MANUAL,67,0.3,MODERADO,R001|R010|R012,3,1,,True,False,1,0,REVISION_MANUAL,0
20,2500.0,750.0,2,1,3,Familiar,Consumo,10000.0,False,True,1302910105,13029101,RECHAZADO,55,0.3,MODERADO,R001|R009|R012,3,1,,True,False,1,0,REVISION_MANUAL,0
46,4700.0,1410.0,2,4,2,Familiar,Negocio,12000.0,False,True,1303205101,13032051,APROBADO,94,0.3,MODERADO,R001|R006|R012,3,1,,True,False,1,1,APROBADO,1
23,5000.0,1500.0,2,3,2,Familiar,Consumo,10000.0,False,True,1303302102,13033021,APROBADO,80,0.3,MODERADO,R001|R012,2,1,,True,False,1,1,APROBADO,1
48,5000.0,1500.0,2,4,5,Familiar,Consumo,10000.0,False,True,1303506103,13035061,REVISION_MANUAL,67,0.3,MODERADO,R001|R010|R012,3,1,,True,False,1,0,REVISION_MANUAL,0
32,6000.0,1800.0,0,4,1,Propia,Consumo,10000.0,False,True,1303705101,13037051,RECHAZADO,24,0.3,MODERADO,R002|R005,2,0,,True,True,0,0,RECHAZADO,0
36,2600.0,780.0,0,2,2,Propia,Consumo,10000.0,False,True,1303903102,13039031,RECHAZADO,20,0.3,MODERADO,R002|R005,2,0,,True,True,0,0,RECHAZADO,0
41,4000.0,1200.0,0,2,1,Propia,Consumo,10000.0,False,True,1304103101,13041031,RECHAZADO,23,0.3,MODERADO,R002|R005,2,0,,True,True,0,0,RECHAZADO,0
43,8000.0,2400.0,0,4,1,Familiar,Consumo,10000.0,False,True,1304103201,13041032,RECHAZADO,10,0.3,MODERADO,R002,1,0,,True,True,0,0,RECHAZADO,0
44,2000.0,600.0,2,4,2,Propia,Consumo,10000.0,False,True,1304103301,13041033,APROBADO,85,0.3,MODERADO,R001|R005,2,0,,True,False,1,1,APROBADO,1
21,7000.0,2100.0,0,4,1,Familiar,Consumo,10000.0,False,True,1304103402,13041034,RECHAZADO,8,0.3,MODERADO,R002,1,0,,True,True,0,0,RECHAZADO,0
20,2000.0,600.0,2,0,1,Propia,Consumo,10000.0,True,True,1304301102,13043011,RECHAZADO,44,0.3,MODERADO,R001|R004|R005|R009,4,0,,True,False,1,0,RECHAZADO,0
20,1500.0,450.0,2,5,2,Familiar,Consumo,10000.0,False,True,1304509103,13045091,APROBADO,80,0.3,MODERADO,R001|R003|R009,3,0,,True,False,1,1,APROBADO,1
62,1500.0,450.0,0,0,0,Propia,Consumo,10000.0,True,True,1304603101,13046031,RECHAZADO,0,0.3,MODERADO,R002|R004|R005,3,0,,True,True,0,0,RECHAZADO,0
33,30000.0,9000.0,2,5,1,Propia,Consumo,10000.0,False,True,1304702101,13047021,APROBADO,100,0.3,MODERADO,R001|R003|R005|R012,4,1,,True,False,1,1,APROBADO,1
55,2000.0,600.0,2,0,3,Familiar,Consumo,10000.0,True,True,1304803202,13048032,RECHAZADO,40,0.3,MODERADO,R001|R004,2,0,,True,False,1,0,RECHAZADO,0
23,7550.0,2265.0,2,2,4,Familiar,Consumo,10000.0,False,True,1305401104,13054011,REVISION_MANUAL,69,0.3,MODERADO,R001|R010|R012,3,1,,True,False,1,0,REVISION_MANUAL,0
62,3200.0,960.0,2,4,0,Propia,Consumo,10000.0,False,True,1305702101,13057021,APROBADO,100,0.3,MODERADO,R001|R005|R012|R015,4,2,,True,False,1,1,APROBADO,1
50,1500.0,450.0,2,1,1,Propia,Consumo,10000.0,False,True,1305805101,13058051,REVISION_MANUAL,76,0.3,MODERADO,R001|R005,2,0,,True,False,1,0,APROBADO,1
45,10000.0,3000.0,2,4,0,Propia,Consumo,10000.0,False,True,1305901101,13059011,APROBADO,100,0.3,MODERADO,R001|R005|R012|R015,4,2,,True,False,1,1,APROBADO,1
21,500.0,150.0,2,2,3,Familiar,Consumo,9000.0,False,True,1306203105,13062031,REVISION_MANUAL,65,0.3,MODERADO,R001,1,0,,True,False,1,0,REVISION_MANUAL,0
39,7000.0,2100.0,0,4,2,Propia,Consumo,10000.0,True,True,1306805101,13068051,RECHAZADO,23,0.3,MODERADO,R002|R005,2,0,,True,True,0,0,RECHAZADO,0
29,2000.0,600.0,0,2,1,Propia,Consumo,10000.0,False,True,1307103101,13071031,RECHAZADO,21,0.3,MODERADO,R002|R005,2,0,,True,True,0,0,RECHAZADO,0
38,6000.0,1800.0,2,4,3,Propia,Consumo,10000.0,False,True,1308201101,13082011,APROBADO,96,0.3,MODERADO,R001|R005|R012,3,1,,True,False,1,1,APROBADO,1
45,6000.0,1800.0,2,1,2,Propia,Consumo,10000.0,False,True,1308401101,13084011,APROBADO,88,0.3,MODERADO,R001|R005|R012,3,1,,True,False,1,1,APROBADO,1
33,2500.0,750.0,0,0,1,Familiar,Consumo,10000.0,True,True,1308616101,13086161,RECHAZADO,0,0.3,MODERADO,R002|R004,2,0,,True,True,0,0,RECHAZADO,0
44,1800.0,540.0,2,4,1,Propia,Consumo,10000.0,False,True,1308718101,13087181,APROBADO,86,0.3,MODERADO,R001|R005,2,0,,True,False,1,1,APROBADO,1
48,1000.0,300.0,2,0,1,Familiar,Negocio,12000.0,True,True,1309107101,13091071,RECHAZADO,55,0.3,MODERADO,R001|R004|R006,3,0,,True,False,1,0,REVISION_MANUAL,0
65,2000.0,600.0,2,0,0,Propia,Consumo,10000.0,True,True,1309304102,13093041,RECHAZADO,58,0.3,MODERADO,R001|R004|R005,3,0,,True,False,1,0,REVISION_MANUAL,0
40,4000.0,1200.0,0,1,0,Propia,Consumo,10000.0,False,True,1309505101,13095051,RECHAZADO,14,0.3,MODERADO,R002|R005,2,0,,True,True,0,0,RECHAZADO,0
45,2000.0,600.0,2,0,1,Familiar,Consumo,10000.0,True,True,1309706102,13097061,RECHAZADO,43,0.3,MODERADO,R001|R004,2,0,,True,False,1,0,RECHAZADO,0
77,20000.0,6000.0,2,1,2,Propia,Consumo,10000.0,False,True,1309805101,13098051,APROBADO,95,0.3,MODERADO,R001|R005|R012,3,1,,True,False,1,1,APROBADO,1
82,1500.0,450.0,2,1,0,Familiar,Consumo,10000.0,False,True,1310208101,13102081,REVISION_MANUAL,61,0.3,MODERADO,R001,1,0,,True,False,1,0,REVISION_MANUAL,0
48,3000.0,900.0,2,1,0,Propia,Consumo,10000.0,False,True,1310401101,13104011,APROBADO,89,0.3,MODERADO,R001|R005|R012,3,1,,True,False,1,1,APROBADO,1
30,16000.0,4800.0,0,4,2,Familiar,Consumo,10000.0,False,True,1310502103,13105021,RECHAZADO,14,0.3,MODERADO,R002,1,0,,True,True,0,0,RECHAZADO,0
39,7000.0,2100.0,2,4,2,Propia,Consumo,10000.0,True,True,1310804102,13108041,APROBADO,98,0.3,MODERADO,R001|R005|R012,3,1,,True,False,1,1,APROBADO,1
34,3000.0,900.0,2,4,2,Familiar,Consumo,10000.0,False,True,1310906102,13109061,APROBADO,81,0.3,MODERADO,R001|R012,2,1,,True,False,1,1,APROBADO,1
43,1000.0,300.0,2,2,5,Familiar,Consumo,10000.0,False,True,1311204102,13112041,RECHAZADO,57,0.3,MODERADO,R001|R010,2,0,,True,False,1,0,REVISION_MANUAL,0
37,4000.0,1200.0,2,4,0,Familiar,Consumo,10000.0,False,True,1311604101,13116041,APROBADO,84,0.3,MODERADO,R001|R012,2,1,,True,False,1,1,APROBADO,1
36,1800.0,540.0,2,4,2,Propia,Consumo,10000.0,False,True,1311704101,13117041,APROBADO,85,0.3,MODERADO,R001|R005,2,0,,True,False,1,1,APROBADO,1
52,4000.0,1200.0,2,1,3,Familiar,Consumo,10000.0,True,True,1312604102,13126041,REVISION_MANUAL,70,0.3,MODERADO,R001|R012,2,1,,True,False,1,0,REVISION_MANUAL,0
29,25000.0,7500.0,2,4,0,Familiar,Consumo,10000.0,False,True,1313105101,13131051,APROBADO,98,0.3,MODERADO,R001|R012,2,1,,True,False,1,1,APROBADO,1
54,2500.0,750.0,2,2,0,Familiar,Consumo,10000.0,False,True,1313105301,13131053,APROBADO,83,0.3,MODERADO,R001|R012,2,1,,True,False,1,1,APROBADO,1
35,1500.0,450.0,2,2,2,Familiar,Consumo,10000.0,False,True,1313204102,13132041,REVISION_MANUAL,70,0.3,MODERADO,R001,1,0,,True,False,1,0,REVISION_MANUAL,0
51,12000.0,3600.0,2,4,2,Familiar,Consumo,10000.0,False,True,1313401101,13134011,APROBADO,87,0.3,MODERADO,R001|R012,2,1,,True,False,1,1,APROBADO,1
61,7000.0,2100.0,2,0,0,Propia,Consumo,10000.0,True,True,1313619101,13136191,REVISION_MANUAL,71,0.3,MODERADO,R001|R004|R005|R012,4,1,,True,False,1,0,REVISION_MANUAL,0
29,16000.0,4800.0,0,4,6,Familiar,Consumo,10000.0,False,True,1314201103,13142011,RECHAZADO,0,0.3,MODERADO,R002|R010,2,0,,True,True,0,0,RECHAZADO,0
46,80000.0,24000.0,2,4,2,Familiar,Consumo,10000.0,False,True,1314701101,13147011,APROBADO,99,0.3,MODERADO,R001|R012,2,1,,True,False,1,1,APROBADO,1
37,7000.0,2100.0,2,4,2,Familiar,Consumo,10000.0,True,True,1315302102,13153021,APROBADO,83,0.3,MODERADO,R001|R012,2,1,,True,False,1,1,APROBADO,1
52,2100.0,630.0,2,2,1,Familiar,Negocio,12000.0,False,True,1315410104,13154101,APROBADO,83,0.3,MODERADO,R001|R006,2,0,,True,False,1,1,APROBADO,1
24,3500.0,1050.0,2,4,2,Familiar,Consumo,10000.0,False,True,1315503201,13155032,REVISION_MANUAL,79,0.3,MODERADO,R001|R012,2,1,,True,False,1,0,APROBADO,1
42,2500.0,750.0,2,3,1,Propia,Consumo,10000.0,False,True,1315802101,13158021,APROBADO,97,0.3,MODERADO,R001|R005|R012,3,1,,True,False,1,1,APROBADO,1
68,1000.0,300.0,2,0,0,Propia,Consumo,10000.0,True,True,1316115101,13161151,RECHAZADO,57,0.3,MODERADO,R001|R004|R005,3,0,,True,False,1,0,REVISION_MANUAL,0
23,2000.0,600.0,0,2,2,Familiar,Consumo,10000.0,False,True,1316904103,13169041,RECHAZADO,3,0.3,MODERADO,R002,1,0,,True,True,0,0,RECHAZADO,0
45,3000.0,900.0,2,4,1,Propia,Consumo,10000.0,False,True,1317202102,13172021,APROBADO,97,0.3,MODERADO,R001|R005|R012,3,1,,True,False,1,1,APROBADO,1
71,1500.0,450.0,2,0,0,Propia,Consumo,10000.0,True,True,1317405102,13174051,RECHAZADO,58,0.3,MODERADO,R001|R004|R005,3,0,,True,False,1,0,REVISION_MANUAL,0
49,700.0,210.0,2,3,4,Propia,Consumo,10000.0,False,True,1317604101,13176041,REVISION_MANUAL,72,0.3,MODERADO,R001|R005|R010,3,0,,True,False,1,0,REVISION_MANUAL,0
47,1200.0,360.0,2,4,2,Familiar,Consumo,10000.0,False,True,1318012101,13180121,REVISION_MANUAL,69,0.3,MODERADO,R001,1,0,,True,False,1,0,REVISION_MANUAL,0
38,20000.0,6000.0,2,4,2,Propia,Consumo,10000.0,False,True,1318103201,13181032,APROBADO,100,0.3,MODERADO,R001|R005|R012,3,1,,True,False,1,1,APROBADO,1
32,2200.0,660.0,2,4,3,Propia,Consumo,10000.0,False,True,1318416102,13184161,APROBADO,83,0.3,MODERADO,R001|R005,2,0,,True,False,1,1,APROBADO,1
40,5000.0,1500.0,0,2,3,Propia,Negocio,12000.0,False,True,1318803101,13188031,RECHAZADO,32,0.3,MODERADO,R002|R005|R006,3,0,,True,True,0,0,RECHAZADO,0
31,12000.0,3600.0,0,1,0,Familiar,Consumo,10000.0,False,True,1318901101,13189011,RECHAZADO,5,0.3,MODERADO,R002,1,0,,True,True,0,0,RECHAZADO,0
53,500.0,150.0,2,1,2,Propia,Negocio,9000.0,False,True,1319002101,13190021,APROBADO,86,0.3,MODERADO,R001|R005|R006,3,0,,True,False,1,1,APROBADO,1
47,3200.0,960.0,2,4,1,Familiar,Consumo,10000.0,False,True,1319103102,13191031,APROBADO,82,0.3,MODERADO,R001|R012,2,1,,True,False,1,1,APROBADO,1
25,2000.0,600.0,2,4,3,Familiar,Consumo,10000.0,False,True,1319705106,13197051,REVISION_MANUAL,68,0.3,MODERADO,R001,1,0,,True,False,1,0,REVISION_MANUAL,0
42,7000.0,2100.0,2,4,4,Familiar,Consumo,10000.0,False,True,1320001101,13200011,REVISION_MANUAL,70,0.3,MODERADO,R001|R010|R012,3,1,,True,False,1,0,REVISION_MANUAL,0
43,3500.0,1050.0,2,4,1,Propia,Consumo,10000.0,False,True,1320202101,13202021,APROBADO,97,0.3,MODERADO,R001|R005|R012,3,1,,True,False,1,1,APROBADO,1
57,1500.0,450.0,0,1,0,Propia,Consumo,10000.0,False,True,1320304101,13203041,RECHAZADO,11,0.3,MODERADO,R002|R005,2,0,,True,True,0,0,RECHAZADO,0
60,5000.0,1500.0,0,1,1,Propia,Consumo,10000.0,False,True,1320412101,13204121,RECHAZADO,11,0.3,MODERADO,R002|R005,2,0,,True,True,0,0,RECHAZADO,0
60,1800.0,540.0,2,1,3,Familiar,Consumo,10000.0,False,True,1320606101,13206061,RECHAZADO,56,0.3,MODERADO,R001,1,0,,True,False,1,0,REVISION_MANUAL,0
39,8000.0,2400.0,2,4,2,Propia,Consumo,10000.0,False,True,1321220101,13212201,APROBADO,99,0.3,MODERADO,R001|R005|R012,3,1,,True,False,1,1,APROBADO,1
34,2500.0,750.0,2,4,2,Familiar,Consumo,10000.0,True,True,1321503101,13215031,APROBADO,80,0.3,MODERADO,R001|R012,2,1,,True,False,1,1,APROBADO,1
66,1000.0,300.0,2,1,1,Familiar,Consumo,10000.0,False,True,1321601101,13216011,RECHAZADO,59,0.3,MODERADO,R001,1,0,,True,False,1,0,REVISION_MANUAL,0
38,7000.0,2100.0,2,4,3,Familiar,Consumo,10000.0,False,True,1321704101,13217041,APROBADO,82,0.3,MODERADO,R001|R012,2,1,,True,False,1,1,APROBADO,1
24,1500.0,450.0,0,1,0,Familiar,Consumo,10000.0,False,True,1321817101,13218171,RECHAZADO,0,0.3,MODERADO,R002,1,0,,True,True,0,0,RECHAZADO,0
24,6000.0,1800.0,0,4,1,Familiar,Consumo,10000.0,False,True,1321903101,13219031,RECHAZADO,7,0.3,MODERADO,R002,1,0,,True,True,0,0,RECHAZADO,0
33,7000.0,2100.0,2,0,2,Familiar,Consumo,10000.0,True,True,1322211101,13222111,RECHAZADO,55,0.3,MODERADO,R001|R004|R012,3,1,,True,False,1,0,REVISION_MANUAL,0
36,30000.0,9000.0,2,5,0,Familiar,Consumo,10000.0,False,True,1322501101,13225011,APROBADO,100,0.3,MODERADO,R001|R003|R012,3,1,,True,False,1,1,APROBADO,1
38,1000.0,300.0,2,1,2,Propia,Consumo,10000.0,False,True,1322718101,13227181,REVISION_MANUAL,74,0.3,MODERADO,R001|R005,2,0,,True,False,1,0,REVISION_MANUAL,0
42,20000.0,6000.0,2,5,2,Propia,Consumo,10000.0,False,True,1322805101,13228051,APROBADO,100,0.3,MODERADO,R001|R003|R005|R012,4,1,,True,False,1,1,APROBADO,1
53,1000.0,300.0,2,0,1,Propia,Negocio,12000.0,True,True,1322902101,13229021,REVISION_MANUAL,70,0.3,MODERADO,R001|R004|R005|R006,4,0,,True,False,1,0,REVISION_MANUAL,0
36,3000.0,900.0,2,2,4,Familiar,Negocio,12000.0,False,True,1323205101,13232051,APROBADO,80,0.3,MODERADO,R001|R006|R010|R012,4,1,,True,False,1,1,APROBADO,1
32,1700.0,510.0,2,4,3,Familiar,Negocio,12000.0,False,True,1323604102,13236041,APROBADO,80,0.3,MODERADO,R001|R006,2,0,,True,False,1,1,APROBADO,1
60,7000.0,2100.0,2,4,1,Familiar,Consumo,10000.0,False,True,1323701101,13237011,APROBADO,83,0.3,MODERADO,R001|R012,2,1,,True,False,1,1,APROBADO,1
59,20000.0,6000.0,2,4,0,Propia,Consumo,10000.0,False,True,1324003101,13240031,APROBADO,100,0.3,MODERADO,R001|R005|R012|R015,4,2,,True,False,1,1,APROBADO,1
32,6000.0,1800.0,0,4,1,Propia,Consumo,10000.0,False,True,1324105101,13241051,RECHAZADO,24,0.3,MODERADO,R002|R005,2,0,,True,True,0,0,RECHAZADO,0
67,2000.0,600.0,0,0,1,Propia,Consumo,10000.0,True,True,1324711101,13247111,RECHAZADO,0,0.3,MODERADO,R002|R004|R005,3,0,,True,True,0,0,RECHAZADO,0
65,2500.0,750.0,2,0,1,Propia,Consumo,10000.0,True,True,1324802102,13248021,REVISION_MANUAL,67,0.3,MODERADO,R001|R004|R005|R012,4,1,,True,False,1,0,REVISION_MANUAL,0
20,2000.0,600.0,2,0,5,Familiar,Consumo,10000.0,True,True,1325401104,13254011,RECHAZADO,15,0.3,MODERADO,R001|R004|R009|R010,4,0,,True,False,1,0,RECHAZADO,0
25,6000.0,1800.0,0,4,1,Familiar,Consumo,10000.0,False,True,1325605101,13256051,RECHAZADO,9,0.3,MODERADO,R002,1,0,,True,True,0,0,RECHAZADO,0
26,1750.0,525.0,2,4,1,Familiar,Consumo,10000.0,False,True,1325801102,13258011,REVISION_MANUAL,71,0.3,MODERADO,R001,1,0,,True,False,1,0,REVISION_MANUAL,0
49,52000.0,15600.0,2,4,2,Familiar,Consumo,10000.0,False,True,1326102101,13261021,APROBADO,99,0.3,MODERADO,R001|R012,2,1,,True,False,1,1,APROBADO,1
38,32000.0,9600.0,2,1,0,Familiar,Consumo,10000.0,False,True,1326301101,13263011,APROBADO,92,0.3,MODERADO,R001|R012,2,1,,True,False,1,1,APROBADO,1
32,4000.0,1200.0,0,4,0,Propia,Consumo,10000.0,False,True,1326501101,13265011,RECHAZADO,32,0.3,MODERADO,R002|R005|R015,3,1,,True,True,0,0,RECHAZADO,0
37,2500.0,750.0,2,0,3,Familiar,Consumo,10000.0,True,True,1326603102,13266031,RECHAZADO,51,0.3,MODERADO,R001|R004|R012,3,1,,True,False,1,0,RECHAZADO,0
42,3000.0,900.0,2,4,2,Propia,Consumo,10000.0,False,True,1326701104,13267011,APROBADO,96,0.3,MODERADO,R001|R005|R012,3,1,,True,False,1,1,APROBADO,1
60,2500.0,750.0,2,0,0,Familiar,Consumo,10000.0,True,True,1326902102,13269021,RECHAZADO,53,0.3,MODERADO,R001|R004|R012,3,1,,True,False,1,0,RECHAZADO,0
34,2000.0,600.0,2,1,1,Familiar,Consumo,10000.0,False,True,1327912102,13279121,REVISION_MANUAL,61,0.3,MODERADO,R001,1,0,,True,False,1,0,REVISION_MANUAL,0
58,2500.0,750.0,2,0,1,Propia,Consumo,10000.0,True,True,1328801102,13288011,REVISION_MANUAL,67,0.3,MODERADO,R001|R004|R005|R012,4,1,,True,False,1,0,REVISION_MANUAL,0
37,2300.0,690.0,0,4,1,Familiar,Consumo,10000.0,False,True,1329104102,13291041,RECHAZADO,7,0.3,MODERADO,R002,1,0,,True,True,0,0,RECHAZADO,0
30,4000.0,1200.0,0,0,1,Familiar,Consumo,10000.0,True,True,1329404102,13294041,RECHAZADO,0,0.3,MODERADO,R002|R004,2,0,,True,True,0,0,RECHAZADO,0
29,7000.0,2100.0,2,0,0,Familiar,Consumo,10000.0,True,True,1329503101,13295031,RECHAZADO,58,0.3,MODERADO,R001|R004|R012,3,1,,True,False,1,0,REVISION_MANUAL,0
24,2500.0,750.0,0,0,3,Familiar,Consumo,10000.0,True,True,1329707102,13297071,RECHAZADO,0,0.3,MODERADO,R002|R004,2,0,,True,True,0,0,RECHAZADO,0
34,10000.0,3000.0,0,1,3,Propia,Consumo,10000.0,False,True,1330105101,13301051,RECHAZADO,14,0.3,MODERADO,R002|R005,2,0,,True,True,0,0,RECHAZADO,0
