llavehog,llaveviv,p2_8,folio,viv_sel,hogar,est_dis,upm_dis,fac_hog
1011,101,1,1,1,1,17,196,633
2101,210,1,2,10,1,179,2088,1811
3031,303,2,3,3,1,50,763,485
4011,401,1,4,1,1,17,182,739
5031,503,1,5,3,1,49,631,3756
6031,603,0,6,3,1,40,459,4568
7041,704,0,7,4,1,111,1380,3726
8031,803,2,8,3,1,135,1585,1797
9041,904,2,9,4,1,107,1297,3504
10041,1004,1,10,4,1,11,136,2692
11021,1102,1,11,2,1,127,1481,2049
12011,1201,1,12,1,1,57,834,19030
13031,1303,3,13,3,1,156,1831,1596
14081,1408,0,14,8,1,39,454,3356
15041,1504,2,15,4,1,97,1171,1518
16091,1609,2,16,9,1,77,970,8757
17041,1704,0,17,4,1,30,358,1424
18161,1816,0,18,16,1,70,933,2426
19041,1904,2,19,4,1,44,508,2710
20081,2008,1,20,8,1,160,1848,1343
21051,2105,1,21,5,1,87,1095,11960
22051,2205,2,22,5,1,59,861,5503
23181,2318,1,23,18,1,88,1108,4784
24131,2413,2,24,13,1,8,63,1922
25021,2502,0,25,2,1,50,735,2939
26011,2601,2,26,1,1,186,2143,1518
26012,2601,0,26,1,2,186,2143,1518
27011,2701,1,27,1,1,164,1953,2054
28051,2805,3,28,5,1,56,829,19751
29201,2920,1,29,20,1,153,1812,2385
30011,3001,0,30,1,1,50,736,2891
31021,3102,2,31,2,1,120,1419,6156
32091,3209,1,32,9,1,89,1113,3095
33161,3316,2,33,16,1,153,1811,2396
34031,3403,3,34,3,1,30,356,1435
35041,3504,1,35,4,1,151,1773,2173
36031,3603,0,36,3,1,127,1494,1700
37041,3704,1,37,4,1,11,137,2455
38041,3804,1,38,4,1,164,1958,1911
39031,3903,2,39,3,1,49,612,4271
40141,4014,1,40,14,1,63,888,2579
41021,4102,2,41,2,1,71,934,2679
42151,4215,3,42,15,1,116,1407,6595
43151,4315,1,43,15,1,43,482,3070
44051,4405,1,44,5,1,85,1027,15661
45111,4511,1,45,11,1,155,1821,1493
46041,4604,2,46,4,1,65,900,2939
47051,4705,2,47,5,1,169,1986,1167
48151,4815,1,48,15,1,63,887,2678
49011,4901,2,49,1,1,49,670,2177
50041,5004,2,50,4,1,132,1555,1256
51011,5101,0,51,1,1,70,931,3702
52051,5205,2,52,5,1,29,290,1734
53051,5305,1,53,5,1,98,1199,1137
54101,5410,0,54,10,1,186,2142,1673
55191,5519,0,55,19,1,105,1255,1919
56061,5606,1,56,6,1,167,1976,500
57041,5704,3,57,4,1,50,750,2094
58051,5805,1,58,5,1,11,134,2795
59091,5909,1,59,9,1,173,2043,4521
60041,6004,1,60,4,1,152,1801,2119
61031,6103,2,61,3,1,59,863,5357
62141,6214,1,62,14,1,62,879,3249
63161,6316,1,63,16,1,137,1597,1065
64031,6403,3,64,3,1,54,811,1294
65191,6519,2,65,19,1,51,765,1494
66141,6614,2,66,14,1,187,2146,1688
67051,6705,1,67,5,1,23,250,380
68041,6804,1,68,4,1,49,607,4573
69031,6903,1,69,3,1,100,1214,1363
70031,7003,2,70,3,1,5,39,1139
71031,7103,1,71,3,1,143,1683,811
72151,7215,3,72,15,1,186,2142,1673
73021,7302,0,73,2,1,11,139,2151
74021,7402,2,74,2,1,85,1044,11976
75011,7501,1,75,1,1,120,1427,4872
76151,7615,1,76,15,1,43,484,2372
77181,7718,0,77,18,1,37,443,3934
78031,7803,1,78,3,1,190,2171,1808
79121,7912,2,79,12,1,109,1374,2508
80091,8009,1,80,9,1,173,2040,4785
81111,8111,2,81,11,1,39,454,3356
82031,8203,3,82,3,1,10,96,3718
83011,8301,1,83,1,1,49,649,3262
84021,8402,2,84,2,1,50,682,3886
85201,8520,2,85,20,1,143,1678,2442
86041,8604,0,86,4,1,27,276,1431
87171,8717,1,87,17,1,105,1255,1919
88021,8802,2,88,2,1,49,622,4001
89041,8904,2,89,4,1,137,1599,1009
90011,9001,1,90,1,1,88,1109,4626
91111,9111,4,91,11,1,43,484,2372
92161,9216,2,92,16,1,115,1405,6115
93021,9302,1,93,2,1,185,2139,1468
94031,9403,1,94,3,1,79,991,8242
95051,9505,2,95,5,1,144,1687,3018
96191,9619,0,96,19,1,136,1588,1337
97031,9703,3,97,3,1,138,1604,1399
98161,9816,1,98,16,1,110,1375,5038
99041,9904,1,99,4,1,155,1818,1651
100011,10001,1,100,1,1,81,1014,20259
101031,10103,1,101,3,1,139,1641,1237
102031,10203,2,102,3,1,86,1089,2758
103051,10305,1,103,5,1,23,245,744
104051,10405,1,104,5,1,49,658,3100
105021,10502,0,105,2,1,30,357,1426
106021,10602,2,106,2,1,30,356,1435
107091,10709,2,107,9,1,147,1736,2632
108041,10804,2,108,4,1,50,754,1844
109111,10911,0,109,11,1,56,830,5624
110051,11005,2,110,5,1,45,521,3216
111021,11102,2,111,2,1,103,1239,952
112011,11201,1,112,1,1,77,969,10589
113051,11305,1,113,5,1,78,981,8739
113052,11305,1,113,5,2,78,981,8739
113053,11305,1,113,5,3,78,981,8739
114011,11401,2,114,1,1,138,1607,1334
115011,11501,1,115,1,1,85,1029,15501
116011,11601,0,116,1,1,71,938,2501
117101,11710,1,117,10,1,88,1108,4784
118061,11806,2,118,6,1,153,1812,2385
119041,11904,2,119,4,1,29,282,1851
120011,12001,2,120,1,1,163,1942,1708
121131,12113,2,121,13,1,67,923,1581
122151,12215,1,122,15,1,42,480,3631
123041,12304,3,123,4,1,85,1041,12342
124041,12404,1,124,4,1,145,1720,1138
125051,12505,1,125,5,1,152,1797,2217
126021,12602,1,126,2,1,44,504,2767
127141,12714,2,127,14,1,83,1024,5447
128051,12805,1,128,5,1,35,420,813
129041,12904,3,129,4,1,146,1728,3474
130021,13002,1,130,2,1,23,246,730
131051,13105,2,131,5,1,46,538,3159
132081,13208,2,132,8,1,111,1385,3030
133191,13319,1,133,19,1,110,1375,5038
134021,13402,2,134,2,1,85,1047,11613
135131,13513,0,135,13,1,135,1586,1785
136011,13601,2,136,1,1,29,319,1519
136012,13601,1,136,1,2,29,319,1519
137081,13708,1,137,8,1,125,1467,2137
138081,13808,1,138,8,1,136,1589,1281
139041,13904,2,139,4,1,50,715,3333
140041,14004,2,140,4,1,163,1927,1789
141101,14110,1,141,10,1,173,2041,4774
142041,14204,1,142,4,1,169,2008,972
143041,14304,4,143,4,1,163,1945,1669
144091,14409,1,144,9,1,2,6,392
145141,14514,3,145,14,1,14,148,833
146171,14617,3,146,17,1,153,1808,2893
147031,14703,3,147,3,1,133,1564,1797
148011,14801,1,148,1,1,86,1087,7105
149041,14904,1,149,4,1,85,1027,15661
150021,15002,6,150,2,1,141,1674,2757
151081,15108,1,151,8,1,26,274,1433
152031,15203,2,152,3,1,79,996,7162
153011,15301,2,153,1,1,13,147,488
154041,15404,2,154,4,1,81,1015,19018
155041,15504,1,155,4,1,164,1956,2005
156021,15602,1,156,2,1,183,2122,1914
157041,15704,0,157,4,1,35,414,927
158161,15816,1,158,16,1,137,1600,973
159031,15903,0,159,3,1,176,2072,5967
160011,16001,1,160,1,1,152,1799,2201
161041,16104,3,161,4,1,158,1839,3897
162021,16202,0,162,2,1,98,1197,1206
163081,16308,0,163,8,1,89,1112,3110
163082,16308,1,163,8,2,89,1112,3110
164061,16406,1,164,6,1,111,1379,3848
165011,16501,1,165,1,1,68,924,5515
166011,16601,2,166,1,1,183,2111,2375
167031,16703,1,167,3,1,65,899,2997
168051,16805,2,168,5,1,34,411,728
169021,16902,2,169,2,1,49,636,3624
170051,17005,1,170,5,1,91,1127,3613
171181,17118,2,171,18,1,173,2043,4521
172051,17205,1,172,5,1,126,1475,1858
173161,17316,2,173,16,1,129,1514,2031
174201,17420,1,174,20,1,137,1600,973
175171,17517,0,175,17,1,166,1969,729
176121,17612,3,176,12,1,110,1376,4727
177201,17720,4,177,20,1,155,1818,1651
178031,17803,2,178,3,1,75,961,16402
179051,17905,1,179,5,1,5,34,1336
180041,18004,1,180,4,1,15,154,728
181041,18104,1,181,4,1,67,919,1831
182041,18204,1,182,4,1,162,1887,1655
183101,18310,1,183,10,1,56,832,4770
184021,18402,2,184,2,1,170,2015,1223
185051,18505,1,185,5,1,8,63,1922
186071,18607,3,186,7,1,83,1023,11415
187021,18702,2,187,2,1,127,1488,1944
188021,18802,2,188,2,1,17,190,687
189041,18904,2,189,4,1,17,187,709
190021,19002,4,190,2,1,169,2006,987
191041,19104,1,191,4,1,107,1324,3029
192111,19211,1,192,11,1,12,144,592
193121,19312,2,193,12,1,147,1737,2630
194021,19402,4,194,2,1,107,1302,3301
195041,19504,1,195,4,1,106,1283,3163
196191,19619,3,196,19,1,153,1809,2602
197051,19705,2,197,5,1,92,1128,5229
198051,19805,3,198,5,1,106,1286,3116
199041,19904,1,199,4,1,189,2161,1175
200031,20003,1,200,3,1,151,1788,1815
201181,20118,1,201,18,1,56,830,5624
202011,20201,2,202,1,1,34,402,809
203011,20301,1,203,1,1,128,1501,2174
204091,20409,3,204,9,1,149,1740,2152
205041,20504,1,205,4,1,39,451,3817
206021,20602,2,206,2,1,108,1336,3506
207031,20703,1,207,3,1,49,624,3913
208051,20805,1,208,5,1,140,1658,1434
209101,20910,2,209,10,1,20,223,797
210041,21004,1,210,4,1,66,908,3730
211041,21104,1,211,4,1,49,640,3566
212051,21205,1,212,5,1,144,1697,2258
213021,21302,2,213,2,1,52,768,1450
214071,21407,1,214,7,1,67,919,1831
215171,21517,2,215,17,1,111,1381,3504
216041,21604,2,216,4,1,106,1271,3317
217041,21704,0,217,4,1,189,2157,1267
218091,21809,2,218,9,1,56,831,4889
219041,21904,2,219,4,1,79,986,9208
220021,22002,2,220,2,1,132,1535,1754
221021,22102,2,221,2,1,30,346,1489
222041,22204,0,222,4,1,98,1199,1137
223051,22305,1,223,5,1,29,319,1519
224201,22420,1,224,20,1,56,832,4770
225011,22501,2,225,1,1,107,1322,3056
226121,22612,0,226,12,1,20,223,797
227051,22705,2,227,5,1,131,1521,1873
228011,22801,2,228,1,1,160,1848,1343
229041,22904,3,229,4,1,78,973,11411
230041,23004,0,230,4,1,52,771,1323
231051,23105,1,231,5,1,167,1973,2789
232021,23202,1,232,2,1,162,1907,1463
233041,23304,0,233,4,1,183,2119,2058
234041,23404,2,234,4,1,154,1814,2660
235031,23503,2,235,3,1,137,1600,973
236041,23604,1,236,4,1,121,1446,3141
236042,23604,2,236,4,2,121,1446,3141
236043,23604,2,236,4,3,121,1446,3141
237031,23703,2,237,3,1,79,993,7413
238181,23818,4,238,18,1,61,876,2994
239041,23904,2,239,4,1,29,309,1601
240021,24002,1,240,2,1,79,992,7674
241011,24101,2,241,1,1,103,1237,1027
242041,24204,2,242,4,1,169,2005,989
243181,24318,1,243,18,1,147,1735,2939
244041,24404,0,244,4,1,49,668,2665
245021,24502,2,245,2,1,139,1643,1214
246041,24604,1,246,4,1,145,1699,2772
247011,24701,4,247,1,1,166,1966,2755
248051,24805,1,248,5,1,9,92,2345
249021,24902,1,249,2,1,24,252,863
250021,25002,1,250,2,1,105,1255,1919
251021,25102,0,251,2,1,97,1160,1876
252051,25205,1,252,5,1,75,962,15240
253021,25302,2,253,2,1,9,78,3090
254131,25413,1,254,13,1,143,1680,2209
255021,25502,2,255,2,1,183,2118,2076
256071,25607,1,256,7,1,47,556,1507
257051,25705,1,257,5,1,152,1801,2119
258071,25807,1,258,7,1,96,1157,995
259031,25903,2,259,3,1,77,969,10589
260011,26001,2,260,1,1,162,1909,1376
261141,26114,4,261,14,1,167,1976,500
262011,26201,0,262,1,1,9,66,3514
263041,26304,1,263,4,1,42,479,11188
264101,26410,1,264,10,1,101,1218,1072
265031,26503,3,265,3,1,126,1478,1530
266131,26613,1,266,13,1,110,1376,4727
267041,26704,3,267,4,1,102,1222,1297
268011,26801,1,268,1,1,58,842,5870
269051,26905,1,269,5,1,132,1552,1391
270131,27013,3,270,13,1,94,1149,884
271021,27102,2,271,2,1,99,1202,1757
272031,27203,0,272,3,1,97,1170,1534
273121,27312,0,273,12,1,117,1411,4824
274041,27404,1,274,4,1,10,106,2989
275091,27509,2,275,9,1,7,60,4118
276051,27605,1,276,5,1,130,1515,1790
277121,27712,1,277,12,1,155,1819,1628
278041,27804,1,278,4,1,35,431,727
279011,27901,2,279,1,1,140,1653,1511
280061,28006,1,280,6,1,71,937,2578
281051,28105,2,281,5,1,162,1908,1446
282051,28205,0,282,5,1,163,1916,1950
283011,28301,2,283,1,1,31,379,1799
284051,28405,2,284,5,1,54,815,1250
285011,28501,1,285,1,1,128,1505,2103
286051,28605,4,286,5,1,41,471,4775
287021,28702,1,287,2,1,162,1899,1566
288041,28804,2,288,4,1,54,797,1406
289181,28918,0,289,18,1,27,276,1431
290051,29005,0,290,5,1,37,443,3934
291091,29109,2,291,9,1,56,830,5624
292021,29202,1,292,2,1,169,1993,1100
293051,29305,1,293,5,1,40,461,4346
294111,29411,1,294,11,1,101,1217,1108
295171,29517,1,295,17,1,43,482,3070
296041,29604,1,296,4,1,85,1030,15076
297011,29701,1,297,1,1,48,602,1454
298131,29813,1,298,13,1,71,937,2578
298132,29813,0,298,13,2,71,937,2578
299041,29904,0,299,4,1,30,348,1476
300021,30002,1,300,2,1,108,1349,3340
301031,30103,2,301,3,1,39,452,3699
302031,30203,1,302,3,1,44,495,2970
303021,30302,3,303,2,1,49,623,3934
304021,30402,2,304,2,1,31,379,1799
305031,30503,2,305,3,1,152,1805,1980
306031,30603,0,306,3,1,37,443,3934
307051,30705,2,307,5,1,58,840,6057
308021,30802,2,308,2,1,9,90,2545
309011,30901,2,309,1,1,164,1960,1830
310011,31001,1,310,1,1,184,2135,2421
311021,31102,1,311,2,1,145,1703,2703
312021,31202,2,312,2,1,39,450,4023
313011,31301,2,313,1,1,164,1959,1904
314011,31401,2,314,1,1,132,1532,1887
315011,31501,2,315,1,1,102,1222,1297
316041,31604,2,316,4,1,72,945,1958
317021,31702,2,317,2,1,86,1078,10950
318151,31815,1,318,15,1,142,1677,2524
319051,31905,1,319,5,1,54,803,1326
320021,32002,0,320,2,1,49,614,4170
321011,32101,0,321,1,1,162,1854,1989
322031,32203,1,322,3,1,24,254,842
323021,32302,0,323,2,1,103,1231,1105
324161,32416,0,324,16,1,96,1156,1044
325071,32507,2,325,7,1,96,1156,1044
326131,32613,3,326,13,1,3,8,1437
327131,32713,2,327,13,1,172,2037,7996
328051,32805,2,328,5,1,170,2015,1223
329161,32916,0,329,16,1,172,2038,7996
330031,33003,0,330,3,1,162,1876,1713
331131,33113,2,331,13,1,100,1212,1495
332031,33203,1,332,3,1,113,1397,2146
333011,33301,1,333,1,1,49,659,3093
334031,33403,0,334,3,1,172,2035,8923
335031,33503,1,335,3,1,73,950,2414
336151,33615,1,336,15,1,155,1818,1651
337091,33709,1,337,9,1,116,1407,6595
338011,33801,1,338,1,1,30,335,1555
339061,33906,2,339,6,1,154,1814,2660
340031,34003,2,340,3,1,18,200,1048
341171,34117,1,341,17,1,52,770,1405
342011,34201,2,342,1,1,106,1262,3621
343011,34301,2,343,1,1,5,33,1371
344031,34403,1,344,3,1,45,524,3117
345191,34519,1,345,19,1,94,1147,957
346011,34601,1,346,1,1,127,1482,2035
347181,34718,1,347,18,1,173,2040,4785
348151,34815,4,348,15,1,67,920,1739
349051,34905,2,349,5,1,2,6,392
350021,35002,1,350,2,1,120,1422,5722
351121,35112,1,351,12,1,96,1157,995
352171,35217,3,352,17,1,153,1813,2357
353031,35303,3,353,3,1,5,44,882
354021,35402,1,354,2,1,164,1959,1904
355121,35512,1,355,12,1,167,1976,500
356161,35616,1,356,16,1,166,1969,729
357041,35704,0,357,4,1,48,602,1454
358031,35803,1,358,3,1,58,840,6057
359011,35901,0,359,1,1,170,2018,1060
360011,36001,2,360,1,1,15,158,585
361041,36104,1,361,4,1,85,1057,9893
362011,36201,1,362,1,1,134,1577,1657
363041,36304,1,363,4,1,68,928,1288
364011,36401,2,364,1,1,140,1657,1444
365161,36516,1,365,16,1,61,878,2843
366161,36616,1,366,16,1,160,1848,1343
367051,36705,1,367,5,1,190,2170,1959
368121,36812,2,368,12,1,81,1018,5909
369121,36912,0,369,12,1,39,455,3338
370021,37002,1,370,2,1,52,774,1138
371031,37103,1,371,3,1,75,966,3387
372021,37202,3,372,2,1,49,619,4117
373021,37302,3,373,2,1,78,980,9014
374011,37401,1,374,1,1,162,1893,1611
375021,37502,1,375,2,1,103,1237,1027
376011,37601,1,376,1,1,85,1032,13530
377051,37705,1,377,5,1,107,1301,3306
378201,37820,2,378,20,1,39,456,3330
379041,37904,2,379,4,1,22,230,474
380021,38002,0,380,2,1,85,1054,10409
381181,38118,0,381,18,1,111,1382,3286
382041,38204,1,382,4,1,170,2027,908
383201,38320,2,383,20,1,159,1843,2250
384051,38405,3,384,5,1,10,111,2857
385051,38505,3,385,5,1,29,282,1851
386021,38602,3,386,2,1,54,813,1277
387041,38704,1,387,4,1,87,1095,11960
388081,38808,3,388,8,1,105,1255,1919
389031,38903,1,389,3,1,154,1814,2660
390091,39009,1,390,9,1,71,939,2376
391051,39105,2,391,5,1,4,27,1069
392051,39205,3,392,5,1,16,175,625
393051,39305,1,393,5,1,45,529,3028
394051,39405,1,394,5,1,50,704,3500
395171,39517,0,395,17,1,143,1680,2209
396051,39605,1,396,5,1,53,782,1294
397011,39701,0,397,1,1,119,1416,4593
398021,39802,1,398,2,1,58,856,4181
399031,39903,2,399,3,1,121,1447,1361
400021,40002,0,400,2,1,39,456,3330
401031,40103,2,401,3,1,58,845,5229
402151,40215,1,402,15,1,112,1386,3430
403151,40315,3,403,15,1,141,1674,2757
404171,40417,1,404,17,1,105,1254,2584
405011,40501,1,405,1,1,188,2152,1515
406051,40605,4,406,5,1,25,265,978
407191,40719,1,407,19,1,137,1595,1121
408011,40801,0,408,1,1,35,418,826
409031,40903,1,409,3,1,29,298,1669
410021,41002,1,410,2,1,30,352,1452
411041,41104,1,411,4,1,49,673,1454
412031,41203,1,412,3,1,152,1804,2023
413051,41305,1,413,5,1,33,395,576
414041,41404,1,414,4,1,45,535,2768
415141,41514,3,415,14,1,116,1409,5069
416021,41602,2,416,2,1,9,70,3330
417151,41715,1,417,15,1,70,932,2540
418051,41805,2,418,5,1,183,2117,2111
419031,41903,1,419,3,1,40,464,4088
420031,42003,1,420,3,1,145,1719,2356
421151,42115,1,421,15,1,21,225,1029
422201,42220,2,422,20,1,13,146,496
423041,42304,2,423,4,1,50,680,4276
424011,42401,2,424,1,1,9,73,3206
425031,42503,1,425,3,1,107,1332,1023
426141,42614,2,426,14,1,117,1413,3844
427041,42704,3,427,4,1,139,1646,1169
428011,42801,1,428,1,1,136,1588,1337
429191,42919,1,429,19,1,39,450,4023
430051,43005,2,430,5,1,65,902,2856
431041,43104,2,431,4,1,23,246,730
431042,43104,1,431,4,2,23,246,730
432011,43201,2,432,1,1,151,1786,1977
433051,43305,2,433,5,1,53,780,1306
434021,43402,1,434,2,1,25,266,878
435031,43503,0,435,3,1,183,2123,1910
436041,43604,1,436,4,1,40,470,2325
437041,43704,1,437,4,1,9,76,3158
438051,43805,1,438,5,1,6,49,1395
439011,43901,1,439,1,1,134,1573,2057
440031,44003,2,440,3,1,64,890,4317
441011,44101,0,441,1,1,50,705,3499
442011,44201,2,442,1,1,132,1544,1573
443031,44303,0,443,3,1,172,2034,32524
444041,44404,2,444,4,1,139,1651,1027
445041,44504,1,445,4,1,113,1394,3011
446011,44601,1,446,1,1,162,1901,1547
447051,44705,1,447,5,1,91,1118,4504
448021,44802,2,448,2,1,169,1984,1177
449021,44902,1,449,2,1,162,1871,1732
450011,45001,0,450,1,1,50,714,3398
451111,45111,1,451,11,1,63,884,3037
452031,45203,2,452,3,1,19,220,820
453011,45301,1,453,1,1,66,910,3312
454031,45403,2,454,3,1,44,498,2876
455021,45502,1,455,2,1,154,1816,2554
456061,45606,1,456,6,1,148,1738,2836
457091,45709,0,457,9,1,179,2087,1839
457092,45709,1,457,9,2,179,2087,1839
458091,45809,1,458,9,1,153,1811,2396
459181,45918,0,459,18,1,33,395,576
460041,46004,1,460,4,1,97,1174,1500
461081,46108,1,461,8,1,153,1811,2396
462081,46208,1,462,8,1,56,832,4770
463021,46302,2,463,2,1,102,1222,1297
464011,46401,1,464,1,1,111,1380,3726
465011,46501,2,465,1,1,49,678,1000
466101,46610,2,466,10,1,96,1157,995
467021,46702,2,467,2,1,132,1554,1316
467022,46702,0,467,2,2,132,1554,1316
468031,46803,1,468,3,1,10,108,2939
469051,46905,1,469,5,1,22,233,354
470041,47004,2,470,4,1,54,812,1291
471021,47102,1,471,2,1,134,1580,1129
472031,47203,0,472,3,1,151,1786,1977
473041,47304,1,473,4,1,103,1227,1201
474051,47405,2,474,5,1,169,1991,1103
475011,47501,1,475,1,1,49,624,3913
476041,47604,2,476,4,1,50,745,2439
477031,47703,2,477,3,1,141,1675,2637
478051,47805,1,478,5,1,9,80,3018
479041,47904,0,479,4,1,144,1684,4596
480041,48004,1,480,4,1,64,890,4317
481101,48110,3,481,10,1,149,1742,1939
482031,48203,2,482,3,1,9,86,2729
483011,48301,3,483,1,1,47,557,672
484011,48401,2,484,1,1,108,1358,3240
485141,48514,1,485,14,1,101,1216,1115
486031,48603,1,486,3,1,48,588,3638
487031,48703,1,487,3,1,83,1023,11415
488051,48805,2,488,5,1,16,179,561
489191,48919,2,489,19,1,71,937,2578
490151,49015,1,490,15,1,1,3,848
491051,49105,5,491,5,1,16,170,667
492051,49205,1,492,5,1,45,523,3117
493051,49305,1,493,5,1,48,593,3459
494181,49418,2,494,18,1,137,1595,1121
495081,49508,1,495,8,1,105,1250,2996
496021,49602,4,496,2,1,106,1290,2978
497091,49709,1,497,9,1,180,2092,2522
498091,49809,1,498,9,1,155,1820,1502
499021,49902,2,499,2,1,146,1733,2850
500091,50009,1,500,9,1,71,935,2985
501041,50104,1,501,4,1,24,254,842
502051,50205,2,502,5,1,4,23,1189
503171,50317,2,503,17,1,105,1250,2996
504051,50405,1,504,5,1,48,583,3806
505151,50515,1,505,15,1,159,1843,2250
506051,50605,1,506,5,1,107,1308,3224
507191,50719,1,507,19,1,100,1209,1651
508071,50807,0,508,7,1,39,456,3330
509041,50904,1,509,4,1,89,1113,3095
509042,50904,1,509,4,2,89,1113,3095
510041,51004,1,510,4,1,160,1846,1388
511041,51104,2,511,4,1,156,1830,1676
512051,51205,1,512,5,1,40,463,4100
513011,51301,4,513,1,1,5,40,1118
514021,51402,8,514,2,1,9,68,3501
515051,51505,3,515,5,1,79,997,6613
516031,51603,3,516,3,1,108,1348,3345
517011,51701,2,517,1,1,132,1551,1406
518051,51805,1,518,5,1,107,1299,3334
519051,51905,3,519,5,1,26,273,1479
520021,52002,1,520,2,1,5,35,1296
521031,52103,1,521,3,1,45,536,2447
522021,52202,1,522,2,1,145,1711,2513
523031,52303,2,523,3,1,163,1930,1776
524051,52405,2,524,5,1,155,1821,1493
525021,52502,2,525,2,1,140,1672,967
526021,52602,1,526,2,1,65,906,1456
527041,52704,1,527,4,1,45,521,3216
528031,52803,1,528,3,1,113,1389,3090
529121,52912,1,529,12,1,105,1254,2584
530021,53002,2,530,2,1,113,1393,3021
531051,53105,1,531,5,1,48,592,3525
532171,53217,2,532,17,1,76,968,7378
533021,53302,1,533,2,1,18,203,822
534041,53404,2,534,4,1,128,1504,2131
535061,53506,2,535,6,1,135,1585,1797
536061,53606,1,536,6,1,153,1808,2893
537051,53705,1,537,5,1,149,1740,2152
538031,53803,3,538,3,1,48,562,4673
539141,53914,0,539,14,1,174,2045,5770
540011,54001,1,540,1,1,85,1039,12518
541051,54105,2,541,5,1,43,485,1975
542131,54213,2,542,13,1,26,272,1902
543181,54318,1,543,18,1,155,1821,1493
544101,54410,1,544,10,1,21,225,1029
545031,54503,1,545,3,1,95,1153,2025
546141,54614,3,546,14,1,56,831,4889
547021,54702,2,547,2,1,132,1541,1625
548101,54810,0,548,10,1,135,1586,1785
549011,54901,2,549,1,1,182,2098,2146
550111,55011,1,550,11,1,154,1814,2660
551171,55117,1,551,17,1,187,2146,1688
552031,55203,0,552,3,1,60,871,7159
553111,55311,1,553,11,1,178,2084,2239
554111,55411,1,554,11,1,153,1811,2396
555021,55502,0,555,2,1,101,1217,1108
556141,55614,1,556,14,1,8,62,1927
557051,55705,1,557,5,1,126,1470,2278
558051,55805,1,558,5,1,177,2080,10259
559021,55902,1,559,2,1,169,2001,1021
560031,56003,0,560,3,1,107,1316,3120
561101,56110,0,561,10,1,111,1384,3206
562141,56214,1,562,14,1,159,1842,2431
563031,56303,1,563,3,1,108,1369,2848
564181,56418,1,564,18,1,57,836,4721
565141,56514,1,565,14,1,90,1116,3460
566031,56603,0,566,3,1,127,1483,2002
567031,56703,2,567,3,1,96,1156,1044
568011,56801,1,568,1,1,133,1564,1797
569021,56902,5,569,2,1,16,169,677
570011,57001,1,570,1,1,46,549,3082
571011,57101,1,571,1,1,106,1274,3242
572051,57205,0,572,5,1,67,922,1613
573041,57304,1,573,4,1,18,206,769
574051,57405,1,574,5,1,50,699,3527
575061,57506,4,575,6,1,88,1109,4626
576041,57604,2,576,4,1,98,1195,1209
577051,57705,1,577,5,1,101,1217,1108
578021,57802,0,578,2,1,107,1303,3279
579011,57901,1,579,1,1,125,1465,3729
580051,58005,0,580,5,1,39,449,4091
581031,58103,2,581,3,1,163,1925,1824
582041,58204,1,582,4,1,38,446,6693
583021,58302,2,583,2,1,53,795,1181
584041,58404,1,584,4,1,98,1190,1362
585041,58504,1,585,4,1,50,709,3450
586171,58617,1,586,17,1,63,885,2839
587051,58705,1,587,5,1,140,1655,1467
588031,58803,1,588,3,1,175,2052,6484
589021,58902,0,589,2,1,90,1116,3460
590081,59008,2,590,8,1,77,970,8757
591041,59104,1,591,4,1,25,264,995
592051,59205,1,592,5,1,160,1848,1343
593011,59301,2,593,1,1,46,546,3168
594131,59413,1,594,13,1,147,1737,2630
595021,59502,0,595,2,1,11,132,2860
596071,59607,0,596,7,1,111,1383,3212
597041,59704,1,597,4,1,49,608,4537
598021,59802,1,598,2,1,24,260,692
599031,59903,4,599,3,1,128,1497,2392
600121,60012,1,600,12,1,135,1586,1785
601051,60105,2,601,5,1,104,1246,891
602051,60205,1,602,5,1,15,155,720
603051,60305,2,603,5,1,29,302,1646
604091,60409,1,604,9,1,21,226,887
605021,60502,2,605,2,1,44,514,2406
606011,60601,1,606,1,1,108,1348,3345
607121,60712,1,607,12,1,70,933,2426
608191,60819,0,608,19,1,28,279,1313
609011,60901,1,609,1,1,48,594,3319
610041,61004,1,610,4,1,85,1050,11321
611031,61103,1,611,3,1,57,838,3502
612011,61201,1,612,1,1,24,255,837
613071,61307,4,613,7,1,166,1971,658
614021,61402,4,614,2,1,44,501,2795
615101,61510,2,615,10,1,112,1386,3430
616101,61610,0,616,10,1,155,1818,1651
617051,61705,2,617,5,1,163,1927,1789
618011,61801,2,618,1,1,29,300,1661
619191,61919,2,619,19,1,117,1411,4824
620041,62004,1,620,4,1,90,1117,3299
621131,62113,0,621,13,1,143,1682,2124
622021,62202,0,622,2,1,126,1475,1858
623061,62306,2,623,6,1,172,2035,8923
624021,62402,2,624,2,1,31,370,1942
625071,62507,2,625,7,1,94,1148,948
626041,62604,2,626,4,1,153,1810,2576
627121,62712,1,627,12,1,39,448,4578
628011,62801,2,628,1,1,6,57,1148
629051,62905,1,629,5,1,151,1769,2313
630031,63003,4,630,3,1,32,391,636
631031,63103,1,631,3,1,170,2026,917
632091,63209,4,632,9,1,75,964,4181
633031,63303,1,633,3,1,95,1152,3409
634041,63404,2,634,4,1,183,2118,2076
635121,63512,2,635,12,1,172,2035,8923
636051,63605,2,636,5,1,49,676,1034
637011,63701,3,637,1,1,122,1459,760
638011,63801,2,638,1,1,5,44,882
639051,63905,1,639,5,1,4,10,1404
640021,64002,0,640,2,1,78,979,9207
641021,64102,1,641,2,1,108,1342,3404
642021,64202,1,642,2,1,50,680,4276
643091,64309,0,643,9,1,39,448,4578
644181,64418,2,644,18,1,52,769,1449
645191,64519,2,645,19,1,142,1676,2626
646021,64602,2,646,2,1,54,816,1239
647021,64702,3,647,2,1,119,1416,4593
648021,64802,0,648,2,1,94,1151,720
649021,64902,1,649,2,1,14,148,833
650031,65003,2,650,3,1,30,343,1509
651051,65105,1,651,5,1,98,1195,1209
652031,65203,2,652,3,1,97,1166,1711
653031,65303,1,653,3,1,170,2021,1028
653032,65303,1,653,3,2,170,2021,1028
654031,65403,1,654,3,1,16,162,826
655171,65517,1,655,17,1,37,444,3822
656021,65602,1,656,2,1,72,945,1958
657031,65703,1,657,3,1,120,1424,5239
658051,65805,0,658,5,1,5,42,1088
659031,65903,3,659,3,1,106,1270,3319
660081,66008,1,660,8,1,180,2092,2522
661191,66119,2,661,19,1,57,838,3502
662051,66205,2,662,5,1,44,512,2443
663051,66305,1,663,5,1,29,301,1657
664011,66401,2,664,1,1,97,1164,1770
665041,66504,2,665,4,1,41,471,4775
666061,66606,3,666,6,1,56,833,4741
667181,66718,1,667,18,1,111,1378,4169
668151,66815,0,668,15,1,88,1111,4301
669021,66902,3,669,2,1,92,1131,4532
670191,67019,0,670,19,1,89,1112,3110
671041,67104,2,671,4,1,6,46,1634
672021,67202,3,672,2,1,114,1402,3050
673011,67301,2,673,1,1,91,1122,4192
674011,67401,1,674,1,1,53,778,1314
675081,67508,1,675,8,1,83,1023,11415
676101,67610,1,676,10,1,148,1739,2513
677031,67703,2,677,3,1,49,625,3906
678051,67805,1,678,5,1,144,1692,2663
679011,67901,2,679,1,1,46,542,3385
680041,68004,1,680,4,1,162,1885,1657
681011,68101,1,681,1,1,145,1718,2406
682011,68201,2,682,1,1,97,1171,1518
683031,68303,1,683,3,1,86,1071,12674
684031,68403,1,684,3,1,162,1862,1866
685021,68502,3,685,2,1,98,1192,1313
686081,68608,1,686,8,1,94,1151,720
687051,68705,0,687,5,1,155,1823,414
688031,68803,2,688,3,1,75,963,13690
689171,68917,1,689,17,1,52,772,1285
690051,69005,2,690,5,1,10,116,2816
691021,69102,2,691,2,1,87,1100,11129
692171,69217,1,692,17,1,42,481,3354
693171,69317,1,693,17,1,12,144,592
694191,69419,0,694,19,1,173,2040,4785
695031,69503,2,695,3,1,120,1431,1119
696011,69601,1,696,1,1,14,149,796
697031,69703,1,697,3,1,75,962,15240
698011,69801,0,698,1,1,95,1153,2025
699051,69905,1,699,5,1,139,1645,1196
700051,70005,4,700,5,1,151,1768,2339
701021,70102,2,701,2,1,189,2165,991
702111,70211,2,702,11,1,136,1589,1281
702112,70211,2,702,11,2,136,1589,1281
703021,70302,1,703,2,1,1,2,3475
704051,70405,2,704,5,1,122,1459,760
705021,70502,1,705,2,1,17,196,633
706051,70605,1,706,5,1,170,2022,1015
707011,70701,2,707,1,1,183,2112,2306
708171,70817,2,708,17,1,94,1151,720
709151,70915,1,709,15,1,187,2148,1543
710041,71004,1,710,4,1,20,224,779
711061,71106,3,711,6,1,89,1113,3095
712041,71204,1,712,4,1,50,689,3719
713021,71302,1,713,2,1,107,1300,3331
714071,71407,1,714,7,1,155,1821,1493
715011,71501,2,715,1,1,29,293,1694
716051,71605,1,716,5,1,85,1032,13530
717021,71702,2,717,2,1,41,477,3873
718081,71808,2,718,8,1,12,144,592
719201,71920,1,719,20,1,187,2144,1720
720011,72001,2,720,1,1,108,1351,3297
721011,72101,1,721,1,1,35,426,769
722051,72205,3,722,5,1,6,45,1681
723041,72304,1,723,4,1,162,1904,1534
724051,72405,1,724,5,1,58,852,4802
725011,72501,3,725,1,1,139,1621,1407
726011,72601,2,726,1,1,131,1518,2249
727101,72710,2,727,10,1,70,933,2426
728171,72817,2,728,17,1,159,1844,2105
729021,72902,2,729,2,1,175,2059,5427
730051,73005,3,730,5,1,34,413,135
731151,73115,2,731,15,1,75,964,4181
732201,73220,1,732,20,1,186,2143,1518
733171,73317,0,733,17,1,117,1413,3844
734011,73401,2,734,1,1,132,1542,1617
735031,73503,1,735,3,1,53,786,1242
736041,73604,1,736,4,1,49,669,2198
737051,73705,1,737,5,1,98,1194,1220
738101,73810,2,738,10,1,43,484,2372
739021,73902,2,739,2,1,97,1158,1598
740121,74012,0,740,12,1,39,450,4023
741031,74103,1,741,3,1,30,361,1361
742011,74201,1,742,1,1,44,512,2443
743011,74301,1,743,1,1,16,169,677
744031,74403,2,744,3,1,17,199,609
745021,74502,1,745,2,1,5,41,1110
746011,74601,2,746,1,1,162,1903,1537
747031,74703,1,747,3,1,183,2122,1914
748011,74801,1,748,1,1,64,892,3147
749041,74904,1,749,4,1,154,1815,2566
750051,75005,1,750,5,1,106,1295,995
751051,75105,2,751,5,1,18,214,680
752081,75208,1,752,8,1,8,63,1922
753041,75304,1,753,4,1,85,1052,10908
754151,75415,1,754,15,1,63,886,2839
755021,75502,1,755,2,1,9,91,2460
756031,75603,1,756,3,1,105,1253,2656
757041,75704,4,757,4,1,67,918,1831
758041,75804,1,758,4,1,49,664,2986
759041,75904,4,759,4,1,24,259,719
760011,76001,2,760,1,1,48,571,4158
761051,76105,0,761,5,1,54,808,1307
762051,76205,2,762,5,1,50,761,1061
763011,76301,2,763,1,1,29,315,1574
764011,76401,1,764,1,1,137,1597,1065
765031,76503,3,765,3,1,45,532,2963
766011,76601,3,766,1,1,5,32,1371
767121,76712,0,767,12,1,116,1406,6756
768031,76803,1,768,3,1,48,584,3791
769181,76918,2,769,18,1,180,2091,2598
770071,77007,2,770,7,1,42,480,3631
771021,77102,1,771,2,1,173,2041,4774
772101,77210,1,772,10,1,155,1822,916
773031,77303,0,773,3,1,160,1845,1479
774031,77403,3,774,3,1,122,1459,760
775191,77519,2,775,19,1,117,1410,5193
776151,77615,1,776,15,1,39,453,3363
777021,77702,1,777,2,1,29,296,1685
778031,77803,3,778,3,1,133,1566,1721
779181,77918,2,779,18,1,38,446,6693
780051,78005,1,780,5,1,96,1156,1044
781031,78103,1,781,3,1,95,1154,485
782161,78216,4,782,16,1,109,1373,2841
783031,78303,3,783,3,1,31,370,1942
784021,78402,0,784,2,1,145,1710,2564
785111,78511,1,785,11,1,172,2038,7996
786201,78620,1,786,20,1,115,1405,6115
787021,78702,5,787,2,1,6,56,1243
788021,78802,1,788,2,1,145,1707,2602
789021,78902,5,789,2,1,75,966,3387
790021,79002,1,790,2,1,106,1286,3116
791021,79102,1,791,2,1,132,1550,1443
792041,79204,2,792,4,1,99,1208,1238
793051,79305,1,793,5,1,49,667,2893
794031,79403,0,794,3,1,39,454,3356
795111,79511,1,795,11,1,116,1409,5069
796101,79610,1,796,10,1,96,1156,1044
797041,79704,1,797,4,1,87,1102,9482
798051,79805,2,798,5,1,78,980,9014
799161,79916,2,799,16,1,180,2091,2598
800011,80001,3,800,1,1,102,1220,1416
801031,80103,2,801,3,1,152,1794,2380
802021,80202,1,802,2,1,44,503,2774
803051,80305,1,803,5,1,49,656,3132
804021,80402,2,804,2,1,55,820,1487
805011,80501,3,805,1,1,59,865,5338
806011,80601,2,806,1,1,156,1824,2754
806012,80601,1,806,1,2,156,1824,2754
807041,80704,1,807,4,1,151,1777,2117
808071,80807,2,808,7,1,88,1106,5935
809191,80919,1,809,19,1,123,1461,2454
810121,81012,1,810,12,1,33,394,835
811041,81104,0,811,4,1,122,1449,5146
812051,81205,3,812,5,1,71,934,2679
813031,81303,1,813,3,1,38,446,6693
814051,81405,1,814,5,1,36,441,597
815021,81502,1,815,2,1,131,1528,848
816201,81620,1,816,20,1,19,220,820
817041,81704,1,817,4,1,169,2007,986
818061,81806,1,818,6,1,141,1673,2831
819161,81916,2,819,16,1,67,919,1831
820081,82008,1,820,8,1,137,1597,1065
821011,82101,1,821,1,1,56,832,4770
822191,82219,1,822,19,1,19,221,728
823201,82320,0,823,20,1,179,2090,1761
824021,82402,2,824,2,1,19,220,820
825011,82501,0,825,1,1,163,1924,1839
826011,82601,1,826,1,1,29,303,1637
827151,82715,1,827,15,1,14,148,833
828011,82801,2,828,1,1,151,1774,2152
829141,82914,1,829,14,1,32,391,636
830011,83001,1,830,1,1,18,211,734
831021,83102,0,831,2,1,169,1983,1189
832041,83204,2,832,4,1,23,247,721
833091,83309,2,833,9,1,88,1111,4301
834051,83405,1,834,5,1,55,823,1352
835121,83512,2,835,12,1,21,228,784
836121,83612,1,836,12,1,63,883,3042
837031,83703,0,837,3,1,136,1590,1225
838021,83802,1,838,2,1,133,1564,1797
839161,83916,3,839,16,1,21,229,690
840011,84001,1,840,1,1,79,996,7162
841041,84104,3,841,4,1,137,1600,973
842031,84203,1,842,3,1,108,1345,3363
843031,84303,2,843,3,1,29,302,1646
844051,84405,2,844,5,1,1,3,848
845021,84502,1,845,2,1,107,1315,3121
846091,84609,1,846,9,1,166,1971,658
847011,84701,1,847,1,1,34,401,824
848051,84805,0,848,5,1,31,369,1966
849021,84902,1,849,2,1,97,1181,303
850031,85003,2,850,3,1,182,2102,1987
851021,85102,0,851,2,1,162,1890,1631
852051,85205,1,852,5,1,89,1112,3110
853051,85305,1,853,5,1,85,1039,12518
854041,85404,2,854,4,1,134,1576,1773
855031,85503,0,855,3,1,144,1692,2663
856031,85603,2,856,3,1,49,630,3778
857111,85711,1,857,11,1,43,482,3070
858061,85806,1,858,6,1,137,1596,1073
859101,85910,5,859,10,1,83,1023,11415
859102,85910,2,859,10,2,83,1023,11415
860071,86007,1,860,7,1,52,774,1138
861041,86104,1,861,4,1,68,925,5432
862031,86203,0,862,3,1,31,381,1786
863041,86304,0,863,4,1,163,1930,1776
864011,86401,2,864,1,1,120,1431,1119
865191,86519,1,865,19,1,90,1115,3760
866021,86602,1,866,2,1,110,1377,3890
867051,86705,5,867,5,1,86,1075,11783
868071,86807,2,868,7,1,117,1411,4824
869011,86901,0,869,1,1,66,913,3039
870021,87002,1,870,2,1,109,1372,3454
871011,87101,1,871,1,1,85,1048,11534
872051,87205,1,872,5,1,179,2089,1807
873021,87302,1,873,2,1,50,685,3836
874121,87412,3,874,12,1,71,935,2985
875051,87505,1,875,5,1,87,1098,11415
876021,87602,3,876,2,1,10,114,2830
877021,87702,1,877,2,1,48,584,3791
878031,87803,1,878,3,1,53,777,1333
879011,87901,1,879,1,1,87,1101,9942
880031,88003,1,880,3,1,127,1480,2089
881111,88111,4,881,11,1,88,1106,5935
882031,88203,1,882,3,1,23,234,961
883021,88302,2,883,2,1,139,1628,1338
884041,88404,3,884,4,1,151,1781,2099
885041,88504,0,885,4,1,15,157,654
886011,88601,1,886,1,1,163,1911,2151
887181,88718,4,887,18,1,125,1468,1809
887182,88718,1,887,18,2,125,1468,1809
887183,88718,2,887,18,3,125,1468,1809
888021,88802,1,888,2,1,121,1433,5100
889071,88907,1,889,7,1,43,483,2387
890041,89004,1,890,4,1,126,1470,2278
891041,89104,3,891,4,1,168,1978,1324
892111,89211,2,892,11,1,185,2141,1249
893041,89304,2,893,4,1,36,439,646
894161,89416,1,894,16,1,167,1974,661
895091,89509,2,895,9,1,173,2039,5218
896051,89605,2,896,5,1,44,499,2863
897021,89702,1,897,2,1,97,1163,1783
898031,89803,2,898,3,1,107,1324,3029
899051,89905,2,899,5,1,78,982,8224
900031,90003,2,900,3,1,91,1122,4192
901031,90103,2,901,3,1,49,638,3604
902021,90202,2,902,2,1,183,2113,2189
903101,90310,0,903,10,1,187,2144,1720
904041,90404,1,904,4,1,69,930,1984
905051,90505,3,905,5,1,145,1704,2651
906051,90605,2,906,5,1,5,40,1118
907021,90702,1,907,2,1,34,404,786
908051,90805,3,908,5,1,132,1548,1458
909031,90903,0,909,3,1,29,309,1601
910191,91019,3,910,19,1,166,1971,658
911131,91113,1,911,13,1,172,2036,8005
912031,91203,0,912,3,1,31,388,1595
913031,91303,1,913,3,1,150,1762,2283
914111,91411,1,914,11,1,172,2037,7996
915051,91505,3,915,5,1,49,642,3521
916011,91601,2,916,1,1,37,442,5052
917041,91704,1,917,4,1,85,1062,3180
918041,91804,2,918,4,1,48,582,3890
919041,91904,3,919,4,1,31,386,1676
920021,92002,2,920,2,1,10,111,2857
921031,92103,0,921,3,1,108,1352,3292
922131,92213,2,922,13,1,153,1811,2396
923021,92302,1,923,2,1,160,1847,1348
924021,92402,1,924,2,1,18,216,658
925041,92504,2,925,4,1,156,1831,1596
926191,92619,2,926,19,1,12,143,609
927161,92716,1,927,16,1,26,273,1479
928021,92802,0,928,2,1,32,391,636
929041,92904,1,929,4,1,138,1610,1269
930021,93002,1,930,2,1,108,1347,3354
931141,93114,2,931,14,1,155,1820,1502
932041,93204,2,932,4,1,41,473,4296
933171,93317,2,933,17,1,20,222,977
934021,93402,2,934,2,1,49,609,4460
935051,93505,1,935,5,1,91,1122,4192
936051,93605,2,936,5,1,162,1866,1814
937021,93702,1,937,2,1,52,769,1449
938041,93804,2,938,4,1,160,1848,1343
939131,93913,1,939,13,1,180,2092,2522
940181,94018,1,940,18,1,90,1114,10379
941021,94102,0,941,2,1,187,2147,1565
942021,94202,1,942,2,1,49,621,4008
943021,94302,1,943,2,1,30,344,1491
944111,94411,1,944,11,1,32,393,610
945161,94516,0,945,16,1,149,1742,1939
946051,94605,1,946,5,1,21,226,887
947041,94704,3,947,4,1,151,1770,2206
948021,94802,3,948,2,1,29,284,1820
949171,94917,2,949,17,1,187,2149,1504
950121,95012,1,950,12,1,129,1513,2829
951081,95108,3,951,8,1,129,1513,2829
952031,95203,1,952,3,1,5,33,1371
953031,95303,0,953,3,1,64,894,2202
954141,95414,1,954,14,1,136,1591,1218
955051,95505,2,955,5,1,181,2093,2816
956091,95609,1,956,9,1,143,1679,2282
957091,95709,1,957,9,1,67,919,1831
958191,95819,1,958,19,1,172,2036,8005
959051,95905,2,959,5,1,135,1585,1797
960131,96013,1,960,13,1,187,2145,1691
961051,96105,1,961,5,1,139,1639,1253
962071,96207,2,962,7,1,179,2087,1839
963011,96301,4,963,1,1,169,2000,1024
964041,96404,1,964,4,1,98,1185,1596
965081,96508,2,965,8,1,135,1583,1844
966011,96601,1,966,1,1,29,283,1835
967051,96705,1,967,5,1,63,886,2839
968051,96805,2,968,5,1,107,1328,2819
969011,96901,2,969,1,1,79,989,8822
970041,97004,0,970,4,1,97,1162,1831
971031,97103,2,971,3,1,28,278,1371
972141,97214,0,972,14,1,111,1379,3848
973021,97302,0,973,2,1,184,2125,3586
974041,97404,0,974,4,1,176,2067,6883
975011,97501,1,975,1,1,9,89,2560
976101,97610,1,976,10,1,62,879,3249
977011,97701,0,977,1,1,189,2161,1175
978041,97804,1,978,4,1,85,1033,13434
979021,97902,1,979,2,1,36,435,677
980051,98005,4,980,5,1,169,1988,1121
981011,98101,0,981,1,1,183,2123,1910
982181,98218,1,982,18,1,7,61,3848
983031,98303,1,983,3,1,131,1524,1703
984141,98414,0,984,14,1,160,1847,1348
985011,98501,1,985,1,1,24,261,653
986041,98604,1,986,4,1,122,1456,3365
987131,98713,2,987,13,1,185,2139,1468
988011,98801,2,988,1,1,74,957,2792
989141,98914,2,989,14,1,137,1596,1073
990181,99018,2,990,18,1,52,774,1138
991051,99105,3,991,5,1,115,1405,6115
992161,99216,0,992,16,1,62,880,3244
993011,99301,3,993,1,1,48,576,3999
994011,99401,2,994,1,1,126,1472,2162
995021,99502,1,995,2,1,10,109,2930
996041,99604,1,996,4,1,121,1444,3619
996042,99604,1,996,4,2,121,1444,3619
997021,99702,2,997,2,1,40,459,4568
998121,99812,0,998,12,1,57,835,5223
999161,99916,3,999,16,1,105,1254,2584
1000181,100018,2,1000,18,1,71,936,2779
1001171,100117,1,1001,17,1,77,970,8757
1002041,100204,1,1002,4,1,64,893,2857
1003131,100313,1,1003,13,1,38,445,7240
1004041,100404,1,1004,4,1,31,375,1829
1004042,100404,1,1004,4,2,31,375,1829
1005011,100501,2,1005,1,1,30,358,1424
1006041,100604,1,1006,4,1,163,1914,2052
1007021,100702,1,1007,2,1,96,1156,1044
1008081,100808,1,1008,8,1,28,278,1371
1009051,100905,0,1009,5,1,158,1841,3131
1010051,101005,2,1010,5,1,29,305,1617
1011131,101113,0,1011,13,1,111,1383,3212
1012071,101207,0,1012,7,1,33,395,576
1013041,101304,1,1013,4,1,50,752,2069
1014021,101402,2,1014,2,1,79,988,9068
1015011,101501,3,1015,1,1,167,1973,2789
1016161,101616,1,1016,16,1,154,1817,2285
1017041,101704,0,1017,4,1,4,10,1404
1018031,101803,3,1018,3,1,45,520,3304
1019131,101913,1,1019,13,1,21,229,690
1020051,102005,1,1020,5,1,106,1259,3653
1021011,102101,1,1021,1,1,29,321,1463
1022031,102203,0,1022,3,1,72,941,2736
1023051,102305,1,1023,5,1,53,788,1232
1024051,102405,2,1024,5,1,91,1125,3945
1025051,102505,2,1025,5,1,163,1915,2011
1026141,102614,1,1026,14,1,137,1598,1015
1027061,102706,3,1027,6,1,21,225,1029
1028091,102809,1,1028,9,1,8,63,1922
1029011,102901,1,1029,1,1,113,1388,3090
1030031,103003,2,1030,3,1,159,1844,2105
1031011,103101,0,1031,1,1,146,1734,1558
1032041,103204,2,1032,4,1,132,1544,1573
1033031,103303,0,1033,3,1,52,774,1138
1034051,103405,2,1034,5,1,85,1051,11199
1035031,103503,1,1035,3,1,169,2010,886
1036011,103601,2,1036,1,1,49,612,4271
1037051,103705,1,1037,5,1,145,1714,2478
1038081,103808,1,1038,8,1,187,2149,1504
1039151,103915,1,1039,15,1,136,1590,1225
1040021,104002,1,1040,2,1,133,1565,1745
1041051,104105,2,1041,5,1,145,1700,2768
1042101,104210,1,1042,10,1,109,1372,3454
1043191,104319,3,1043,19,1,12,144,592
1044091,104409,1,1044,9,1,137,1595,1121
1045021,104502,3,1045,2,1,132,1536,1748
1046041,104604,2,1046,4,1,45,528,3033
1047011,104701,1,1047,1,1,94,1143,3880
1048041,104804,4,1048,4,1,156,1833,1587
1049051,104905,2,1049,5,1,114,1402,3050
1050051,105005,1,1050,5,1,86,1078,10950
1051131,105113,1,1051,13,1,155,1818,1651
1052161,105216,2,1052,16,1,186,2143,1518
1053061,105306,1,1053,6,1,39,454,3356
1054031,105403,2,1054,3,1,40,467,3899
1055021,105502,1,1055,2,1,48,580,3906
1056191,105619,1,1056,19,1,81,1018,5909
1057021,105702,5,1057,2,1,44,502,2777
1058021,105802,0,1058,2,1,177,2083,8108
1059021,105902,2,1059,2,1,132,1545,1545
1060161,106016,2,1060,16,1,116,1406,6756
1061011,106101,4,1061,1,1,11,128,3011
1062071,106207,1,1062,7,1,155,1823,414
1063031,106303,3,1063,3,1,163,1912,2138
1064201,106420,2,1064,20,1,125,1468,1809
1065191,106519,1,1065,19,1,109,1372,3454
1066011,106601,1,1066,1,1,86,1089,2758
1067021,106702,1,1067,2,1,9,77,3152
1068051,106805,1,1068,5,1,97,1165,1754
1069141,106914,0,1069,14,1,77,969,10589
1070011,107001,1,1070,1,1,179,2088,1811
1071041,107104,4,1071,4,1,86,1075,11783
1072041,107204,1,1072,4,1,134,1578,1565
1073021,107302,2,1073,2,1,128,1501,2174
1074051,107405,3,1074,5,1,50,728,3027
1075031,107503,1,1075,3,1,134,1580,1129
1076031,107603,3,1076,3,1,29,282,1851
1077011,107701,1,1077,1,1,151,1766,2503
1078041,107804,2,1078,4,1,35,432,683
1079151,107915,2,1079,15,1,101,1216,1115
1080011,108001,0,1080,1,1,50,746,2395
1081201,108120,1,1081,20,1,75,965,3506
1082201,108220,1,1082,20,1,105,1254,2584
1083131,108313,0,1083,13,1,160,1847,1348
1084021,108402,1,1084,2,1,183,2123,1910
1085051,108505,1,1085,5,1,18,203,822
1086051,108605,2,1086,5,1,132,1533,1859
1087091,108709,2,1087,9,1,19,221,728
1088151,108815,2,1088,15,1,123,1461,2454
1089011,108901,2,1089,1,1,52,769,1449
1090021,109002,3,1090,2,1,132,1552,1391
1091101,109110,2,1091,10,1,135,1587,1397
1092081,109208,3,1092,8,1,179,2089,1807
1093201,109320,1,1093,20,1,70,931,3702
1094101,109410,1,1094,10,1,39,455,3338
1095041,109504,1,1095,4,1,169,1987,1155
1096141,109614,2,1096,14,1,149,1740,2152
1097201,109720,1,1097,20,1,57,835,5223
1098041,109804,3,1098,4,1,34,412,707
1099031,109903,1,1099,3,1,53,783,1277
1100051,110005,1,1100,5,1,98,1200,820
1101171,110117,0,1101,17,1,56,830,5624
1102021,110202,1,1102,2,1,131,1519,2214
1103011,110301,1,1103,1,1,86,1068,12827
1104011,110401,1,1104,1,1,109,1373,2841
1105011,110501,1,1105,1,1,49,672,1906
1106101,110610,3,1106,10,1,166,1971,658
1107141,110714,1,1107,14,1,178,2085,2014
1108191,110819,2,1108,19,1,148,1739,2513
1109081,110908,1,1109,8,1,33,395,576
1110061,111006,1,1110,6,1,116,1407,6595
1111191,111119,0,1111,19,1,112,1387,3229
1112121,111212,1,1112,12,1,153,1813,2357
1113041,111304,0,1113,4,1,122,1455,4160
1114081,111408,2,1114,8,1,185,2140,1353
1115161,111516,1,1115,16,1,21,228,784
1116011,111601,1,1116,1,1,106,1293,2525
1117021,111702,1,1117,2,1,60,871,7159
1118131,111813,2,1118,13,1,141,1674,2757
1119191,111919,0,1119,19,1,90,1116,3460
1120041,112004,2,1120,4,1,67,917,1831
1121181,112118,0,1121,18,1,39,448,4578
1122021,112202,1,1122,2,1,169,1999,1031
1123041,112304,4,1123,4,1,48,600,2328
1124101,112410,2,1124,10,1,88,1109,4626
1125011,112501,1,1125,1,1,25,269,771
1126031,112603,2,1126,3,1,49,672,1906
1127161,112716,1,1127,16,1,173,2044,4268
1128041,112804,0,1128,4,1,49,637,3623
1129071,112907,1,1129,7,1,39,454,3356
1130011,113001,4,1130,1,1,106,1276,3217
1131081,113108,0,1131,8,1,90,1117,3299
1132011,113201,2,1132,1,1,121,1438,4413
1133011,113301,2,1133,1,1,51,765,1494
1134021,113402,2,1134,2,1,154,1814,2660
1135181,113518,0,1135,18,1,39,447,4920
1136051,113605,4,1136,5,1,107,1327,2924
1137011,113701,2,1137,1,1,102,1223,1242
1138121,113812,2,1138,12,1,185,2139,1468
1139071,113907,2,1139,7,1,28,279,1313
1140051,114005,1,1140,5,1,131,1526,1205
1141141,114114,1,1141,14,1,88,1108,4784
1142041,114204,3,1142,4,1,163,1944,1681
1143011,114301,2,1143,1,1,109,1371,10690
1144031,114403,2,1144,3,1,15,155,720
1145051,114505,2,1145,5,1,132,1529,2051
1146011,114601,2,1146,1,1,178,2084,2239
1147021,114702,1,1147,2,1,10,102,3128
1148031,114803,1,1148,3,1,189,2158,1225
1149041,114904,1,1149,4,1,81,1017,6441
1150041,115004,0,1150,4,1,162,1881,1684
1151161,115116,3,1151,16,1,160,1847,1348
1152041,115204,1,1152,4,1,101,1217,1108
1153041,115304,2,1153,4,1,143,1679,2282
1154081,115408,1,1154,8,1,68,927,1392
1155011,115501,2,1155,1,1,76,967,28513
1156031,115603,3,1156,3,1,6,56,1243
1157021,115702,0,1157,2,1,151,1782,2050
1158021,115802,2,1158,2,1,44,507,2734
1159041,115904,1,1159,4,1,128,1497,2392
1160201,116020,1,1160,20,1,154,1817,2285
1161201,116120,2,1161,20,1,101,1219,985
1162071,116207,2,1162,7,1,71,936,2779
1163051,116305,2,1163,5,1,42,481,3354
1164021,116402,2,1164,2,1,50,687,3768
1165081,116508,0,1165,8,1,39,452,3699
1166031,116603,1,1166,3,1,132,1535,1754
1167181,116718,1,1167,18,1,63,886,2839
1168031,116803,1,1168,3,1,134,1572,2084
1169151,116915,1,1169,15,1,26,272,1902
1170011,117001,2,1170,1,1,49,627,3808
1171071,117107,1,1171,7,1,19,220,820
1172031,117203,1,1172,3,1,78,972,11513
1173041,117304,1,1173,4,1,111,1383,3212
1174011,117401,2,1174,1,1,120,1429,4036
1175021,117502,2,1175,2,1,48,585,3733
1176011,117601,2,1176,1,1,139,1643,1214
1177201,117720,1,1177,20,1,160,1847,1348
1178151,117815,1,1178,15,1,26,273,1479
1179041,117904,1,1179,4,1,107,1328,2819
1180051,118005,1,1180,5,1,116,1407,6595
1181041,118104,2,1181,4,1,91,1124,3957
1182101,118210,1,1182,10,1,136,1590,1225
1183021,118302,2,1183,2,1,50,724,3172
1184011,118401,3,1184,1,1,4,26,1132
1185031,118503,4,1185,3,1,184,2134,2491
1186041,118604,1,1186,4,1,86,1080,10183
1187031,118703,1,1187,3,1,113,1392,3160
1188021,118802,1,1188,2,1,81,1018,5909
1189041,118904,1,1189,4,1,114,1398,4060
1190011,119001,2,1190,1,1,49,657,3118
1191041,119104,2,1191,4,1,29,285,1799
1192041,119204,1,1192,4,1,58,842,5870
1193051,119305,1,1193,5,1,51,765,1494
1194141,119414,1,1194,14,1,67,921,1645
1195041,119504,1,1195,4,1,127,1488,1944
1196051,119605,1,1196,5,1,48,598,2860
1197041,119704,1,1197,4,1,111,1384,3206
1198081,119808,2,1198,8,1,81,1018,5909
1199031,119903,1,1199,3,1,128,1495,2148
1200051,120005,1,1200,5,1,14,148,833
1201011,120101,1,1201,1,1,139,1634,1295
1202051,120205,2,1202,5,1,11,131,2945
1203041,120304,3,1203,4,1,18,202,960
1204141,120414,1,1204,14,1,32,393,610
1205041,120504,3,1205,4,1,162,1875,1725
1206081,120608,0,1206,8,1,13,146,496
1207031,120703,0,1207,3,1,163,1920,1873
1208111,120811,1,1208,11,1,90,1116,3460
1209011,120901,2,1209,1,1,107,1311,3189
1210031,121003,0,1210,3,1,46,555,1050
1211201,121120,1,1211,20,1,187,2148,1543
1212041,121204,1,1212,4,1,175,2064,4903
1213201,121320,3,1213,20,1,111,1378,4169
1214191,121419,2,1214,19,1,185,2140,1353
1215021,121502,4,1215,2,1,89,1113,3095
1216021,121602,4,1216,2,1,94,1150,839
1217151,121715,2,1217,15,1,129,1513,2829
1218031,121803,1,1218,3,1,176,2078,5161
1219151,121915,0,1219,15,1,70,931,3702
1220041,122004,1,1220,4,1,4,24,1184
1221041,122104,2,1221,4,1,5,40,1118
1222071,122207,2,1222,7,1,32,390,691
1223191,122319,1,1223,19,1,100,1214,1363
1224061,122406,1,1224,6,1,63,889,2449
1225051,122505,1,1225,5,1,145,1698,2801
1226171,122617,2,1226,17,1,57,835,5223
1227201,122720,2,1227,20,1,174,2046,5443
1228041,122804,1,1228,4,1,108,1368,2920
1229061,122906,2,1229,6,1,129,1513,2829
1230011,123001,0,1230,1,1,135,1586,1785
1231011,123101,2,1231,1,1,44,499,2863
1232051,123205,2,1232,5,1,85,1028,15557
1233051,123305,2,1233,5,1,162,1899,1566
1234011,123401,1,1234,1,1,155,1821,1493
1235011,123501,1,1235,1,1,35,431,727
1236051,123605,1,1236,5,1,85,1053,10752
1236052,123605,2,1236,5,2,85,1053,10752
1237051,123705,2,1237,5,1,132,1559,486
1238021,123802,1,1238,2,1,175,2060,5357
1239091,123909,0,1239,9,1,136,1592,1094
1240101,124010,2,1240,10,1,51,767,1281
1241111,124111,1,1241,11,1,8,63,1922
1242021,124202,2,1242,2,1,92,1134,4164
1243071,124307,3,1243,7,1,105,1254,2584
1244041,124404,1,1244,4,1,43,484,2372
1245031,124503,1,1245,3,1,160,1846,1388
1246041,124604,1,1246,4,1,49,661,3053
1247201,124720,0,1247,20,1,179,2087,1839
1248051,124805,1,1248,5,1,37,444,3822
1249041,124904,0,1249,4,1,11,133,2813
1250161,125016,1,1250,16,1,39,454,3356
1250162,125016,1,1250,16,2,39,454,3356
1251121,125112,1,1251,12,1,43,482,3070
1252051,125205,1,1252,5,1,73,950,2414
1253021,125302,2,1253,2,1,88,1105,4784
1254131,125413,1,1254,13,1,3,7,1634
1255071,125507,1,1255,7,1,136,1588,1337
1256011,125601,2,1256,1,1,97,1162,1831
1257041,125704,2,1257,4,1,49,633,3737
1258101,125810,2,1258,10,1,185,2139,1468
1259031,125903,2,1259,3,1,108,1362,3181
1260021,126002,0,1260,2,1,137,1600,973
1261191,126119,2,1261,19,1,77,970,8757
1262031,126203,1,1262,3,1,122,1452,4517
1263031,126303,0,1263,3,1,173,2044,4268
1264031,126403,1,1264,3,1,106,1281,3171
1265051,126505,1,1265,5,1,97,1162,1831
1266041,126604,1,1266,4,1,29,281,1855
1267011,126701,0,1267,1,1,108,1356,3261
1268041,126804,1,1268,4,1,21,228,784
1269021,126902,2,1269,2,1,139,1624,1383
1270071,127007,1,1270,7,1,101,1216,1115
1271051,127105,0,1271,5,1,16,171,666
1272011,127201,1,1272,1,1,31,369,1966
1273031,127303,2,1273,3,1,183,2115,2129
1274181,127418,1,1274,18,1,75,966,3387
1275081,127508,1,1275,8,1,21,227,882
1276131,127613,1,1276,13,1,105,1250,2996
1277141,127714,0,1277,14,1,110,1377,3890
1278041,127804,4,1278,4,1,44,509,2701
1279141,127914,1,1279,14,1,143,1682,2124
1280081,128008,2,1280,8,1,88,1107,4964
1281041,128104,1,1281,4,1,58,839,5029
1282041,128204,1,1282,4,1,44,489,3232
1283011,128301,1,1283,1,1,16,179,561
1284181,128418,1,1284,18,1,172,2038,7996
1285071,128507,3,1285,7,1,141,1673,2831
1286031,128603,1,1286,3,1,94,1150,839
1287121,128712,1,1287,12,1,90,1117,3299
1288121,128812,1,1288,12,1,143,1679,2282
1289021,128902,0,1289,2,1,42,480,3631
1290041,129004,2,1290,4,1,107,1321,3056
1291011,129101,1,1291,1,1,184,2125,3586
1292051,129205,4,1292,5,1,34,402,809
1293031,129303,2,1293,3,1,49,671,1908
1294041,129404,2,1294,4,1,44,486,3883
1295021,129502,2,1295,2,1,15,155,720
1296181,129618,1,1296,18,1,186,2142,1673
1297041,129704,1,1297,4,1,107,1326,3018
1298181,129818,2,1298,18,1,12,144,592
1299121,129912,1,1299,12,1,1,3,848
1300051,130005,2,1300,5,1,97,1181,303
1300052,130005,1,1300,5,2,97,1181,303
1301041,130104,1,1301,4,1,21,226,887
1302031,130203,1,1302,3,1,44,494,3005
1303051,130305,2,1303,5,1,107,1331,2406
1304041,130404,2,1304,4,1,156,1824,2754
1305051,130505,0,1305,5,1,9,66,3514
1306031,130603,2,1306,3,1,48,598,2860
1307191,130719,2,1307,19,1,109,1374,2508
1308031,130803,0,1308,3,1,99,1203,1638
1309021,130902,1,1309,2,1,68,927,1392
1310121,131012,1,1310,12,1,116,1408,6402
1311051,131105,2,1311,5,1,108,1333,3295
1312021,131202,1,1312,2,1,34,401,824
1313031,131303,2,1313,3,1,108,1338,3457
1314051,131405,2,1314,5,1,9,85,2808
1315021,131502,1,1315,2,1,48,577,3999
1316021,131602,1,1316,2,1,121,1447,1361
1317041,131704,2,1317,4,1,122,1458,1444
1318151,131815,1,1318,15,1,109,1372,3454
1319031,131903,1,1319,3,1,162,1902,1538
1320051,132005,1,1320,5,1,113,1389,3090
1321161,132116,2,1321,16,1,95,1154,485
1322081,132208,3,1322,8,1,154,1814,2660
1323041,132304,2,1323,4,1,85,1048,11534
1324031,132403,1,1324,3,1,5,32,1371
1325011,132501,1,1325,1,1,50,757,1249
1326021,132602,2,1326,2,1,34,408,739
1327081,132708,1,1327,8,1,100,1209,1651
1328011,132801,1,1328,1,1,166,1967,2601
1329041,132904,3,1329,4,1,36,436,671
1330101,133010,1,1330,10,1,180,2091,2598
1331131,133113,1,1331,13,1,137,1599,1009
1332181,133218,1,1332,18,1,166,1970,682
1333021,133302,0,1333,2,1,163,1942,1708
1334031,133403,1,1334,3,1,17,196,633
1335011,133501,1,1335,1,1,73,951,2393
1336211,133621,2,1336,21,1,137,1598,1015
1337161,133716,0,1337,16,1,39,449,4091
1338171,133817,2,1338,17,1,62,881,1964
1339011,133901,1,1339,1,1,175,2058,5680
1340061,134006,3,1340,6,1,147,1737,2630
1341101,134110,1,1341,10,1,135,1585,1797
1342021,134202,1,1342,2,1,9,71,3257
1343021,134302,2,1343,2,1,79,987,9142
1344031,134403,2,1344,3,1,18,206,769
1345021,134502,2,1345,2,1,190,2172,1802
1346021,134602,0,1346,2,1,169,1989,1117
1347021,134702,4,1347,2,1,86,1073,12480
1348041,134804,0,1348,4,1,111,1382,3286
1349021,134902,2,1349,2,1,58,854,4749
1350041,135004,1,1350,4,1,4,16,1324
1351051,135105,3,1351,5,1,56,830,5624
1352031,135203,0,1352,3,1,52,773,1281
1353011,135301,0,1353,1,1,43,482,3070
1354071,135407,1,1354,7,1,167,1975,636
1355031,135503,2,1355,3,1,98,1193,1296
1356191,135619,1,1356,19,1,160,1846,1388
1357011,135701,1,1357,1,1,48,570,4237
1358031,135803,0,1358,3,1,55,825,1318
1359031,135903,1,1359,3,1,56,832,4770
1360141,136014,1,1360,14,1,174,2047,5218
1361081,136108,2,1361,8,1,62,881,1964
1362041,136204,1,1362,4,1,108,1365,3062
1363051,136305,0,1363,5,1,121,1435,4504
1364031,136403,3,1364,3,1,123,1462,2245
1365041,136504,2,1365,4,1,71,934,2679
1366031,136603,2,1366,3,1,85,1035,13117
1367051,136705,2,1367,5,1,106,1266,3387
1368051,136805,1,1368,5,1,52,772,1285
1369021,136902,1,1369,2,1,58,841,5905
1370111,137011,1,1370,11,1,112,1386,3430
1371051,137105,1,1371,5,1,59,859,6264
1372091,137209,1,1372,9,1,47,556,1507
1373011,137301,0,1373,1,1,80,1002,7693
1374011,137401,0,1374,1,1,11,125,3058
1375091,137509,1,1375,9,1,154,1814,2660
1376021,137602,0,1376,2,1,120,1420,5804
1377021,137702,1,1377,2,1,152,1801,2119
1378041,137804,0,1378,4,1,105,1253,2656
1379021,137902,4,1379,2,1,48,602,1454
1380031,138003,3,1380,3,1,104,1245,896
1381171,138117,1,1381,17,1,179,2089,1807
1382031,138203,1,1382,3,1,101,1216,1115
1383031,138303,3,1383,3,1,152,1793,2445
1384031,138403,1,1384,3,1,50,715,3333
1385011,138501,1,1385,1,1,17,198,609
1386061,138606,2,1386,6,1,167,1974,661
1387071,138707,2,1387,7,1,101,1218,1072
1388041,138804,1,1388,4,1,59,860,5611
1389111,138911,1,1389,11,1,173,2044,4268
1390031,139003,1,1390,3,1,46,540,3689
1391021,139102,1,1391,2,1,107,1312,3177
1392051,139205,1,1392,5,1,34,401,824
1393011,139301,1,1393,1,1,80,1009,6673
1394171,139417,1,1394,17,1,90,1116,3460
1395011,139501,0,1395,1,1,97,1176,1281
1395012,139501,1,1395,1,2,97,1176,1281
1396131,139613,1,1396,13,1,1,3,848
1397021,139702,3,1397,2,1,139,1646,1169
1398091,139809,0,1398,9,1,115,1404,6225
1399031,139903,1,1399,3,1,10,114,2830
1400201,140020,1,1400,20,1,178,2084,2239
1401021,140102,2,1401,2,1,115,1404,6225
1402171,140217,1,1402,17,1,137,1598,1015
1403161,140316,4,1403,16,1,20,222,977
1404041,140404,2,1404,4,1,49,610,4363
1405011,140501,1,1405,1,1,127,1494,1700
1406161,140616,1,1406,16,1,71,939,2376
1407031,140703,1,1407,3,1,74,956,2824
1408031,140803,0,1408,3,1,184,2137,2052
1409201,140920,2,1409,20,1,110,1376,4727
1410051,141005,1,1410,5,1,106,1269,3334
1411041,141104,0,1411,4,1,182,2095,2255
1412081,141208,1,1412,8,1,147,1736,2632
1413151,141315,1,1413,15,1,111,1380,3726
1414091,141409,2,1414,9,1,81,1017,6441
1415201,141520,0,1415,20,1,137,1598,1015
1416021,141602,6,1416,2,1,139,1619,1656
1417031,141703,2,1417,3,1,131,1521,1873
1418141,141814,1,1418,14,1,33,394,835
1419161,141916,1,1419,16,1,111,1382,3286
1420011,142001,1,1420,1,1,157,1836,3583
1421051,142105,1,1421,5,1,103,1232,1097
1422051,142205,1,1422,5,1,50,712,3409
1423021,142302,2,1423,2,1,51,764,4628
1424021,142402,1,1424,2,1,162,1909,1376
1425041,142504,0,1425,4,1,136,1591,1218
1426141,142614,1,1426,14,1,7,61,3848
1427041,142704,1,1427,4,1,16,162,826
1428151,142815,1,1428,15,1,39,449,4091
1429111,142911,0,1429,11,1,111,1380,3726
1430031,143003,1,1430,3,1,49,659,3093
1431061,143106,2,1431,6,1,125,1467,2137
1432011,143201,1,1432,1,1,11,130,2969
1433161,143316,2,1433,16,1,43,484,2372
1434141,143414,1,1434,14,1,185,2139,1468
1435121,143512,1,1435,12,1,174,2045,5770
1436051,143605,2,1436,5,1,8,62,1927
1437041,143704,2,1437,4,1,48,558,6076
1438181,143818,1,1438,18,1,63,888,2579
1439121,143912,1,1439,12,1,7,61,3848
1440031,144003,2,1440,3,1,176,2069,6624
1441051,144105,6,1441,5,1,85,1060,7080
1442051,144205,1,1442,5,1,150,1744,2766
1443031,144303,2,1443,3,1,50,747,2236
1444021,144402,1,1444,2,1,29,303,1637
1445141,144514,4,1445,14,1,32,390,691
1446051,144605,1,1446,5,1,93,1140,3966
1447051,144705,1,1447,5,1,104,1240,1188
1448131,144813,2,1448,13,1,13,147,488
1449011,144901,1,1449,1,1,49,614,4170
1450121,145012,1,1450,12,1,43,483,2387
1451011,145101,1,1451,1,1,49,621,4008
1452091,145209,1,1452,9,1,129,1514,2031
1453191,145319,1,1453,19,1,88,1111,4301
1454021,145402,3,1454,2,1,67,920,1739
1455121,145512,2,1455,12,1,159,1842,2431
1456131,145613,2,1456,13,1,147,1736,2632
1457051,145705,1,1457,5,1,29,293,1694
1458031,145803,2,1458,3,1,135,1587,1397
1459041,145904,2,1459,4,1,98,1191,1349
1460021,146002,1,1460,2,1,65,897,3274
1461021,146102,2,1461,2,1,121,1435,4504
1462121,146212,2,1462,12,1,136,1591,1218
1463051,146305,3,1463,5,1,163,1946,1630
1464041,146404,1,1464,4,1,85,1032,13530
1465041,146504,1,1465,4,1,71,939,2376
1466031,146603,2,1466,3,1,54,799,1396
1467151,146715,1,1467,15,1,136,1591,1218
1468041,146804,1,1468,4,1,34,404,786
1469011,146901,1,1469,1,1,150,1759,2444
1470201,147020,1,1470,20,1,154,1816,2554
1471021,147102,1,1471,2,1,133,1569,1256
1472051,147205,1,1472,5,1,162,1881,1684
1473041,147304,1,1473,4,1,140,1663,1305
1473042,147304,1,1473,4,2,140,1663,1305
1474021,147402,3,1474,2,1,163,1938,1729
1475161,147516,0,1475,16,1,70,931,3702
1476031,147603,2,1476,3,1,178,2085,2014
1477011,147701,1,1477,1,1,156,1834,771
1478021,147802,4,1478,2,1,32,393,610
1479051,147905,1,1479,5,1,49,645,3421
1480081,148008,1,1480,8,1,173,2043,4521
1481011,148101,3,1481,1,1,4,14,1342
1482011,148201,5,1482,1,1,107,1312,3177
1483131,148313,2,1483,13,1,7,61,3848
1484081,148408,1,1484,8,1,110,1376,4727
1485031,148503,2,1485,3,1,131,1526,1205
1486041,148604,2,1486,4,1,11,128,3011
1487181,148718,2,1487,18,1,61,877,2869
1488111,148811,1,1488,11,1,100,1210,1538
1489031,148903,1,1489,3,1,18,214,680
1489032,148903,1,1489,3,2,18,214,680
1489033,148903,1,1489,3,3,18,214,680
1490051,149005,1,1490,5,1,170,2029,865
1491051,149105,0,1491,5,1,55,828,1133
1492021,149202,0,1492,2,1,152,1792,2468
1493141,149314,4,1493,14,1,28,279,1313
1494041,149404,2,1494,4,1,55,819,1575
1495021,149502,2,1495,2,1,159,1843,2250
1496051,149605,1,1496,5,1,50,749,2142
1497011,149701,2,1497,1,1,63,886,2839
1498101,149810,1,1498,10,1,2,6,392
1499031,149903,3,1499,3,1,81,1016,19011
1500021,150002,3,1500,2,1,79,990,8771
1501081,150108,1,1501,8,1,38,446,6693
1502031,150203,0,1502,3,1,71,937,2578
1503051,150305,1,1503,5,1,160,1847,1348
1504081,150408,2,1504,8,1,42,481,3354
1505051,150505,0,1505,5,1,49,653,3183
1506141,150614,1,1506,14,1,101,1217,1108
1507071,150707,2,1507,7,1,100,1212,1495
1508041,150804,1,1508,4,1,91,1122,4192
1509081,150908,0,1509,8,1,3,7,1634
1510051,151005,1,1510,5,1,55,819,1575
1511161,151116,1,1511,16,1,63,885,2839
1512021,151202,1,1512,2,1,99,1206,1411
1513021,151302,1,1513,2,1,184,2132,2516
1514011,151401,1,1514,1,1,140,1656,1446
1515201,151520,2,1515,20,1,167,1975,636
1516011,151601,1,1516,1,1,51,766,1365
1517051,151705,2,1517,5,1,49,609,4460
1518041,151804,3,1518,4,1,182,2100,2028
1519121,151912,1,1519,12,1,63,885,2839
1520071,152007,2,1520,7,1,21,228,784
1521151,152115,1,1521,15,1,51,767,1281
1522021,152202,1,1522,2,1,140,1669,1201
1523191,152319,1,1523,19,1,57,837,4691
1524171,152417,2,1524,17,1,179,2087,1839
1525011,152501,4,1525,1,1,107,1313,3148
1526041,152604,1,1526,4,1,85,1045,11921
1527031,152703,3,1527,3,1,16,174,626
1528111,152811,2,1528,11,1,135,1583,1844
1529051,152905,0,1529,5,1,10,114,2830
1530181,153018,2,1530,18,1,43,485,1975
1531021,153102,0,1531,2,1,172,2037,7996
1532021,153202,3,1532,2,1,30,327,1676
1533071,153307,1,1533,7,1,63,886,2839
1534111,153411,1,1534,11,1,155,1819,1628
1535041,153504,3,1535,4,1,182,2103,1967
1536151,153615,1,1536,15,1,187,2146,1688
1537011,153701,1,1537,1,1,116,1408,6402
1538041,153804,3,1538,4,1,29,320,1482
1539011,153901,2,1539,1,1,107,1298,3361
1540181,154018,1,1540,18,1,101,1218,1072
1541011,154101,1,1541,1,1,159,1843,2250
1542011,154201,2,1542,1,1,45,523,3117
1543011,154301,1,1543,1,1,106,1280,3179
1543012,154301,3,1543,1,2,106,1280,3179
1544071,154407,1,1544,7,1,111,1379,3848
1545051,154505,1,1545,5,1,16,173,626
1546011,154601,1,1546,1,1,29,287,1774
1547011,154701,1,1547,1,1,85,1055,9998
1548031,154803,2,1548,3,1,17,194,643
1549051,154905,2,1549,5,1,16,169,677
1550051,155005,1,1550,5,1,128,1508,2001
1551061,155106,1,1551,6,1,117,1410,5193
1552021,155202,0,1552,2,1,176,2072,5967
1553101,155310,2,1553,10,1,117,1411,4824
1554071,155407,0,1554,7,1,137,1595,1121
1555051,155505,1,1555,5,1,166,1967,2601
1556011,155601,1,1556,1,1,49,637,3623
1557051,155705,3,1557,5,1,32,392,627
1558191,155819,0,1558,19,1,116,1409,5069
1559061,155906,0,1559,6,1,100,1210,1538
1560071,156007,1,1560,7,1,187,2145,1691
1561041,156104,1,1561,4,1,56,833,4741
1562031,156203,1,1562,3,1,29,305,1617
1563031,156303,1,1563,3,1,85,1032,13530
1564201,156420,1,1564,20,1,123,1462,2245
1565051,156505,0,1565,5,1,111,1382,3286
1566011,156601,3,1566,1,1,171,2033,371
1567021,156702,3,1567,2,1,139,1648,1096
1568071,156807,2,1568,7,1,70,933,2426
1569041,156904,1,1569,4,1,36,435,677
1570041,157004,1,1570,4,1,98,1186,1470
1571011,157101,2,1571,1,1,114,1402,3050
1572041,157204,2,1572,4,1,173,2044,4268
1573021,157302,1,1573,2,1,49,618,4123
1574051,157405,3,1574,5,1,174,2048,4995
1575031,157503,1,1575,3,1,25,270,631
1576171,157617,2,1576,17,1,96,1157,995
1577011,157701,2,1577,1,1,74,955,2938
1578101,157810,1,1578,10,1,57,838,3502
1579011,157901,1,1579,1,1,49,660,3083
1580031,158003,7,1580,3,1,2,6,392
1581021,158102,0,1581,2,1,67,922,1613
1582011,158201,1,1582,1,1,118,1414,5277
1583051,158305,1,1583,5,1,30,354,1444
1584031,158403,2,1584,3,1,140,1667,1249
1585041,158504,1,1585,4,1,31,384,1756
1586021,158602,2,1586,2,1,88,1107,4964
1587051,158705,1,1587,5,1,140,1672,967
1588011,158801,1,1588,1,1,50,763,485
1589021,158902,2,1589,2,1,10,101,3178
1590091,159009,1,1590,9,1,39,450,4023
1591031,159103,2,1591,3,1,189,2159,1210
1592031,159203,1,1592,3,1,24,262,629
1593041,159304,3,1593,4,1,4,20,1269
1594031,159403,1,1594,3,1,117,1411,4824
1595021,159502,3,1595,2,1,113,1390,3214
1596041,159604,1,1596,4,1,162,1895,1601
1597141,159714,1,1597,14,1,172,2038,7996
1598031,159803,1,1598,3,1,151,1771,2198
1599061,159906,1,1599,6,1,166,1969,729
1600071,160007,2,1600,7,1,7,60,4118
1601191,160119,0,1601,19,1,111,1385,3030
1602141,160214,2,1602,14,1,19,221,728
1603011,160301,2,1603,1,1,136,1590,1225
1604031,160403,1,1604,3,1,128,1502,2168
1605031,160503,2,1605,3,1,45,530,2985
1606071,160607,2,1606,7,1,178,2085,2014
1607071,160707,1,1607,7,1,137,1596,1073
1608031,160803,2,1608,3,1,85,1048,11534
1609041,160904,1,1609,4,1,162,1890,1631
1610101,161010,2,1610,10,1,57,836,4721
1611201,161120,2,1611,20,1,155,1823,414
1612021,161202,1,1612,2,1,49,664,2986
1613111,161311,1,1613,11,1,185,2138,1543
1614101,161410,2,1614,10,1,185,2141,1249
1615031,161503,2,1615,3,1,44,499,2863
1616041,161604,2,1616,4,1,44,498,2876
1617101,161710,1,1617,10,1,159,1842,2431
1618011,161801,1,1618,1,1,15,160,442
1618012,161801,1,1618,1,2,15,160,442
1619011,161901,2,1619,1,1,130,1516,1778
1620051,162005,1,1620,5,1,46,553,2825
1621041,162104,2,1621,4,1,67,923,1581
1622031,162203,1,1622,3,1,4,27,1069
1623111,162311,1,1623,11,1,155,1823,414
1624131,162413,1,1624,13,1,187,2148,1543
1625031,162503,2,1625,3,1,128,1501,2174
1626041,162604,0,1626,4,1,47,557,672
1627031,162703,1,1627,3,1,6,52,1338
1628031,162803,1,1628,3,1,141,1674,2757
1629091,162909,0,1629,9,1,118,1414,5277
1630031,163003,2,1630,3,1,183,2110,2712
1631191,163119,1,1631,19,1,141,1675,2637
1632051,163205,2,1632,5,1,86,1073,12480
1633131,163313,1,1633,13,1,185,2140,1353
1634041,163404,1,1634,4,1,133,1566,1721
1634042,163404,1,1634,4,2,133,1566,1721
1635081,163508,2,1635,8,1,88,1110,4468
1636021,163602,3,1636,2,1,132,1555,1256
1637051,163705,4,1637,5,1,44,496,2933
1638041,163804,1,1638,4,1,113,1392,3160
1639031,163903,2,1639,3,1,162,1878,1713
1640041,164004,0,1640,4,1,6,56,1243
1641011,164101,2,1641,1,1,167,1975,636
1642041,164204,1,1642,4,1,30,335,1555
1643151,164315,0,1643,15,1,179,2089,1807
1644111,164411,2,1644,11,1,51,767,1281
1645121,164512,1,1645,12,1,32,393,610
1646031,164603,0,1646,3,1,85,1042,12302
1647171,164717,1,1647,17,1,88,1106,5935
1648021,164802,0,1648,2,1,40,457,4914
1649021,164902,1,1649,2,1,151,1779,2117
1650011,165001,1,1650,1,1,128,1497,2392
1651031,165103,1,1651,3,1,48,560,5197
1652021,165202,2,1652,2,1,58,857,4148
1653051,165305,0,1653,5,1,162,1872,1730
1654111,165411,0,1654,11,1,135,1582,2162
1655041,165504,2,1655,4,1,30,346,1489
1656071,165607,1,1656,7,1,8,62,1927
1657041,165704,2,1657,4,1,150,1762,2283
1658091,165809,0,1658,9,1,137,1599,1009
1659041,165904,0,1659,4,1,94,1151,720
1660051,166005,2,1660,5,1,106,1285,3116
1661021,166102,3,1661,2,1,186,2142,1673
1662041,166204,1,1662,4,1,57,838,3502
1663141,166314,1,1663,14,1,63,885,2839
1664041,166404,1,1664,4,1,45,533,2933
1665031,166503,1,1665,3,1,16,165,721
1666041,166604,0,1666,4,1,50,762,789
1667041,166704,1,1667,4,1,114,1401,3180
1668011,166801,1,1668,1,1,173,2043,4521
1669151,166915,1,1669,15,1,101,1217,1108
1670041,167004,2,1670,4,1,84,1025,15426
1671011,167101,0,1671,1,1,18,205,772
1672051,167205,3,1672,5,1,97,1168,1667
1673051,167305,2,1673,5,1,36,433,666
1674131,167413,0,1674,13,1,101,1218,1072
1675021,167502,1,1675,2,1,35,418,826
1676041,167604,1,1676,4,1,7,61,3848
1677021,167702,0,1677,2,1,108,1358,3240
1678111,167811,2,1678,11,1,117,1413,3844
1679111,167911,2,1679,11,1,125,1466,2305
1680041,168004,2,1680,4,1,162,1862,1866
1681041,168104,3,1681,4,1,128,1503,2164
1682021,168202,2,1682,2,1,183,2111,2375
1683031,168303,1,1683,3,1,103,1237,1027
1684051,168405,3,1684,5,1,100,1209,1651
1685161,168516,2,1685,16,1,178,2085,2014
1686151,168615,1,1686,15,1,137,1598,1015
1687041,168704,1,1687,4,1,116,1407,6595
1688041,168804,1,1688,4,1,9,69,3373
1689051,168905,2,1689,5,1,36,434,714
1690031,169003,3,1690,3,1,182,2105,1935
1691121,169112,2,1691,12,1,88,1110,4468
1692041,169204,0,1692,4,1,145,1714,2478
1693011,169301,1,1693,1,1,49,632,3741
1694021,169402,1,1694,2,1,48,581,3904
1695111,169511,3,1695,11,1,149,1740,2152
1696041,169604,1,1696,4,1,139,1625,1380
1697171,169717,2,1697,17,1,117,1410,5193
1698021,169802,0,1698,2,1,140,1664,1294
1699191,169919,1,1699,19,1,149,1741,2121
1700051,170005,1,1700,5,1,157,1836,3583
1701021,170102,2,1701,2,1,54,799,1396
1702041,170204,1,1702,4,1,108,1343,3387
1703051,170305,2,1703,5,1,27,275,1555
1704011,170401,1,1704,1,1,10,110,2905
1705041,170504,1,1705,4,1,127,1489,1887
1706031,170603,2,1706,3,1,140,1669,1201
1707041,170704,2,1707,4,1,132,1557,1153
1708161,170816,1,1708,16,1,110,1377,3890
1709181,170918,1,1709,18,1,155,1823,414
1710101,171010,4,1710,10,1,90,1114,10379
1711041,171104,1,1711,4,1,132,1546,1543
1712131,171213,2,1712,13,1,95,1154,485
1713051,171305,1,1713,5,1,48,558,6076
1714051,171405,2,1714,5,1,149,1742,1939
1715111,171511,1,1715,11,1,143,1679,2282
1716051,171605,2,1716,5,1,44,501,2795
1717031,171703,0,1717,3,1,169,1984,1177
1718041,171804,3,1718,4,1,58,849,5018
1719101,171910,3,1719,10,1,94,1151,720
1720021,172002,2,1720,2,1,60,870,7327
1721141,172114,0,1721,14,1,37,444,3822
1722071,172207,1,1722,7,1,39,450,4023
1723021,172302,1,1723,2,1,50,729,3014
1724111,172411,2,1724,11,1,1,3,848
1725131,172513,1,1725,13,1,136,1588,1337
1726161,172616,1,1726,16,1,52,773,1281
1727011,172701,2,1727,1,1,161,1851,1956
1728041,172804,1,1728,4,1,44,510,2594
1729081,172908,2,1729,8,1,115,1404,6225
1730011,173001,1,1730,1,1,157,1838,827
1731011,173101,1,1731,1,1,53,779,1309
1732201,173220,1,1732,20,1,130,1515,1790
1733041,173304,0,1733,4,1,94,1146,3601
1734171,173417,1,1734,17,1,137,1596,1073
1735021,173502,2,1735,2,1,80,1000,8284
1736011,173601,2,1736,1,1,122,1452,4517
1737181,173718,4,1737,18,1,135,1584,1829
1738041,173804,2,1738,4,1,98,1197,1206
1739011,173901,1,1739,1,1,132,1538,1693
1740201,174020,1,1740,20,1,21,225,1029
1741051,174105,1,1741,5,1,112,1386,3430
1742051,174205,1,1742,5,1,108,1345,3363
1743051,174305,2,1743,5,1,137,1595,1121
1744051,174405,1,1744,5,1,107,1316,3120
1745051,174505,0,1745,5,1,50,683,3883
1746041,174604,4,1746,4,1,48,571,4158
1747041,174704,1,1747,4,1,108,1358,3240
1748021,174802,2,1748,2,1,17,192,663
1749131,174913,3,1749,13,1,88,1111,4301
1750021,175002,3,1750,2,1,56,830,5624
1751021,175102,0,1751,2,1,6,47,1535
1752131,175213,1,1752,13,1,38,446,6693
1753071,175307,2,1753,7,1,136,1592,1094
1754051,175405,1,1754,5,1,156,1826,2011
1755071,175507,2,1755,7,1,172,2038,7996
1756141,175614,1,1756,14,1,143,1683,811
1757041,175704,2,1757,4,1,169,1993,1100
1758031,175803,0,1758,3,1,152,1797,2217
1759021,175902,2,1759,2,1,50,743,2710
1760041,176004,0,1760,4,1,138,1604,1399
1761011,176101,1,1761,1,1,151,1783,2043
1762051,176205,3,1762,5,1,120,1423,5696
1763101,176310,1,1763,10,1,8,62,1927
1764171,176417,1,1764,17,1,173,2039,5218
1765101,176510,1,1765,10,1,167,1976,500
1766041,176604,1,1766,4,1,9,66,3514
1767031,176703,1,1767,3,1,15,159,501
1768011,176801,3,1768,1,1,30,343,1509
1769041,176904,2,1769,4,1,150,1754,2570
1770021,177002,2,1770,2,1,190,2169,2030
1771151,177115,1,1771,15,1,32,392,627
1772051,177205,1,1772,5,1,154,1817,2285
1773031,177303,1,1773,3,1,146,1728,3474
1774051,177405,2,1774,5,1,59,867,4931
1775011,177501,0,1775,1,1,49,638,3604
1776051,177605,3,1776,5,1,127,1481,2049
1777031,177703,2,1777,3,1,89,1112,3110
1778031,177803,2,1778,3,1,53,779,1309
1779021,177902,2,1779,2,1,15,160,442
1780021,178002,4,1780,2,1,59,865,5338
1781051,178105,0,1781,5,1,49,655,3136
1782031,178203,1,1782,3,1,121,1438,4413
1783121,178312,3,1783,12,1,109,1372,3454
1784041,178404,1,1784,4,1,3,8,1437
1785101,178510,3,1785,10,1,105,1255,1919
1786011,178601,3,1786,1,1,31,371,1862
1787021,178702,3,1787,2,1,81,1016,19011
1788051,178805,1,1788,5,1,156,1827,1986
1789091,178909,2,1789,9,1,123,1461,2454
1790011,179001,1,1790,1,1,150,1744,2766
1791051,179105,1,1791,5,1,128,1501,2174
1792041,179204,5,1792,4,1,86,1089,2758
1793031,179303,1,1793,3,1,78,974,11253
1794011,179401,1,1794,1,1,185,2138,1543
1795171,179517,2,1795,17,1,125,1468,1809
1796161,179616,1,1796,16,1,63,883,3042
1797191,179719,1,1797,19,1,70,932,2540
1798181,179818,2,1798,18,1,129,1514,2031
1799051,179905,1,1799,5,1,29,309,1601
1800011,180001,2,1800,1,1,22,230,474
1801051,180105,1,1801,5,1,54,811,1294
1802021,180202,1,1802,2,1,50,745,2439
1803041,180304,1,1803,4,1,4,26,1132
1804021,180402,1,1804,2,1,48,582,3890
1805051,180505,2,1805,5,1,40,467,3899
1806051,180605,0,1806,5,1,106,1274,3242
1807051,180705,1,1807,5,1,189,2159,1210
1808011,180801,2,1808,1,1,139,1637,1272
1809021,180902,0,1809,2,1,111,1384,3206
1810061,181006,1,1810,6,1,117,1413,3844
1811011,181101,2,1811,1,1,162,1892,1614
1812141,181214,1,1812,14,1,67,920,1739
1813031,181303,3,1813,3,1,50,729,3014
1814021,181402,2,1814,2,1,94,1143,3880
1815191,181519,1,1815,19,1,100,1211,1520
1816021,181602,5,1816,2,1,49,626,3854
1817101,181710,2,1817,10,1,116,1407,6595
1818011,181801,1,1818,1,1,148,1738,2836
1819021,181902,0,1819,2,1,63,885,2839
1820171,182017,2,1820,17,1,172,2036,8005
1821011,182101,1,1821,1,1,163,1943,1706
1822031,182203,1,1822,3,1,9,82,2951
1823051,182305,2,1823,5,1,184,2133,2511
1824021,182402,1,1824,2,1,162,1896,1593
1825121,182512,4,1825,12,1,167,1974,661
1826041,182604,2,1826,4,1,94,1142,4217
1827111,182711,1,1827,11,1,110,1375,5038
1828031,182803,2,1828,3,1,93,1140,3966
1829031,182903,2,1829,3,1,176,2071,5973
1830051,183005,2,1830,5,1,20,222,977
1831051,183105,2,1831,5,1,180,2091,2598
1832051,183205,3,1832,5,1,88,1105,4784
1833051,183305,3,1833,5,1,45,527,3042
1834051,183405,1,1834,5,1,166,1970,682
1835011,183501,1,1835,1,1,29,289,1737
1836041,183604,2,1836,4,1,51,764,4628
1837021,183702,1,1837,2,1,30,329,1661
1838161,183816,1,1838,16,1,32,391,636
1839051,183905,0,1839,5,1,43,483,2387
1840101,184010,2,1840,10,1,42,480,3631
1841081,184108,2,1841,8,1,71,936,2779
1842021,184202,1,1842,2,1,50,754,1844
1843011,184301,2,1843,1,1,166,1972,586
1844051,184405,1,1844,5,1,74,955,2938
1845051,184505,4,1845,5,1,9,64,3722
1846031,184603,2,1846,3,1,29,318,1530
1847061,184706,1,1847,6,1,109,1374,2508
1848031,184803,2,1848,3,1,107,1329,2780
1849041,184904,1,1849,4,1,120,1425,5082
1850021,185002,1,1850,2,1,48,589,3580
1851071,185107,1,1851,7,1,159,1843,2250
1852021,185202,0,1852,2,1,91,1122,4192
1853101,185310,2,1853,10,1,32,390,691
1854091,185409,3,1854,9,1,63,884,3037
1855051,185505,2,1855,5,1,143,1678,2442
1856031,185603,1,1856,3,1,78,984,6236
1857041,185704,1,1857,4,1,15,153,768
1858031,185803,2,1858,3,1,58,857,4148
1859171,185917,1,1859,17,1,111,1378,4169
1860181,186018,2,1860,18,1,187,2146,1688
1861061,186106,2,1861,6,1,137,1600,973
1862151,186215,0,1862,15,1,94,1150,839
1863021,186302,0,1863,2,1,140,1668,1209
1864151,186415,2,1864,15,1,160,1848,1343
1865021,186502,1,1865,2,1,176,2078,5161
1866171,186617,2,1866,17,1,100,1213,1488
1867041,186704,4,1867,4,1,30,343,1509
1868021,186802,1,1868,2,1,8,63,1922
1869131,186913,1,1869,13,1,160,1848,1343
1870021,187002,2,1870,2,1,156,1827,1986
1871051,187105,2,1871,5,1,132,1540,1661
1872041,187204,1,1872,4,1,16,163,800
1873051,187305,1,1873,5,1,86,1079,10531
1874081,187408,1,1874,8,1,63,888,2579
1875021,187502,1,1875,2,1,41,478,3417
1876011,187601,2,1876,1,1,139,1641,1237
1877011,187701,2,1877,1,1,66,911,3224
1878041,187804,4,1878,4,1,173,2039,5218
1879031,187903,1,1879,3,1,35,416,888
1880031,188003,2,1880,3,1,10,104,3024
1881011,188101,1,1881,1,1,6,58,1116
1882041,188204,2,1882,4,1,90,1116,3460
1883041,188304,1,1883,4,1,121,1439,4377
1884041,188404,2,1884,4,1,138,1608,1310
1885081,188508,2,1885,8,1,27,276,1431
1886021,188602,3,1886,2,1,162,1859,1917
1887141,188714,1,1887,14,1,153,1813,2357
1888041,188804,1,1888,4,1,151,1780,2117
1889041,188904,1,1889,4,1,39,456,3330
1890141,189014,1,1890,14,1,109,1372,3454
1891151,189115,2,1891,15,1,143,1680,2209
1892181,189218,2,1892,18,1,39,456,3330
1893021,189302,1,1893,2,1,48,598,2860
1894101,189410,1,1894,10,1,33,395,576
1895011,189501,3,1895,1,1,98,1198,1204
1896101,189610,0,1896,10,1,136,1592,1094
1897151,189715,2,1897,15,1,90,1114,10379
1898051,189805,1,1898,5,1,99,1204,1561
1899041,189904,1,1899,4,1,71,935,2985
1900161,190016,2,1900,16,1,116,1409,5069
1901051,190105,1,1901,5,1,79,987,9142
1902051,190205,2,1902,5,1,107,1300,3331
1903031,190303,0,1903,3,1,116,1408,6402
1904041,190404,1,1904,4,1,85,1049,11347
1905051,190505,2,1905,5,1,138,1617,1097
1906051,190605,1,1906,5,1,183,2111,2375
1907181,190718,1,1907,18,1,81,1017,6441
1908031,190803,0,1908,3,1,55,820,1487
1909031,190903,2,1909,3,1,91,1124,3957
1910011,191001,1,1910,1,1,70,933,2426
1911031,191103,1,1911,3,1,15,156,674
1912051,191205,1,1912,5,1,92,1133,4201
1913031,191303,1,1913,3,1,162,1904,1534
1914021,191402,2,1914,2,1,146,1727,3564
1915011,191501,2,1915,1,1,188,2151,1526
1916081,191608,1,1916,8,1,137,1595,1121
1917051,191705,0,1917,5,1,81,1018,5909
1918051,191805,2,1918,5,1,151,1772,2183
1919031,191903,2,1919,3,1,134,1577,1657
1920041,192004,1,1920,4,1,74,958,2331
1921041,192104,4,1921,4,1,44,488,3274
1922021,192202,1,1922,2,1,20,223,797
1923041,192304,0,1923,4,1,48,584,3791
1924011,192401,0,1924,1,1,62,881,1964
1925201,192520,0,1925,20,1,51,767,1281
1926011,192601,4,1926,1,1,94,1141,4270
1927011,192701,1,1927,1,1,138,1601,1592
1928051,192805,2,1928,5,1,62,880,3244
1929061,192906,2,1929,6,1,154,1815,2566
1930011,193001,3,1930,1,1,183,2119,2058
1931031,193103,1,1931,3,1,97,1176,1281
1932041,193204,2,1932,4,1,30,351,1464
1933021,193302,2,1933,2,1,188,2151,1526
1934041,193404,1,1934,4,1,57,836,4721
1935101,193510,1,1935,10,1,141,1674,2757
1936021,193602,2,1936,2,1,17,182,739
1937091,193709,1,1937,9,1,90,1115,3760
1938181,193818,1,1938,18,1,70,933,2426
1939011,193901,1,1939,1,1,59,866,5308
1940021,194002,1,1940,2,1,63,888,2579
1941191,194119,1,1941,19,1,52,772,1285
1942031,194203,2,1942,3,1,176,2070,6286
1943101,194310,0,1943,10,1,90,1116,3460
1943102,194310,1,1943,10,2,90,1116,3460
1943103,194310,2,1943,10,3,90,1116,3460
1944041,194404,0,1944,4,1,123,1461,2454
1945071,194507,1,1945,7,1,142,1677,2524
1946061,194606,1,1946,6,1,39,455,3338
1947051,194705,1,1947,5,1,86,1086,8324
1948071,194807,1,1948,7,1,39,455,3338
1949051,194905,1,1949,5,1,171,2033,371
1950031,195003,1,1950,3,1,98,1183,1674
1951041,195104,1,1951,4,1,175,2049,7597
1952041,195204,1,1952,4,1,127,1481,2049
1953041,195304,1,1953,4,1,29,302,1646
1954111,195411,2,1954,11,1,167,1974,661
1955071,195507,1,1955,7,1,7,61,3848
1956081,195608,0,1956,8,1,63,887,2678
1957201,195720,0,1957,20,1,180,2091,2598
1958101,195810,2,1958,10,1,160,1848,1343
1959051,195905,1,1959,5,1,81,1012,22127
1960031,196003,2,1960,3,1,29,299,1663
1961011,196101,1,1961,1,1,173,2042,4624
1962141,196214,1,1962,14,1,185,2138,1543
1963031,196303,1,1963,3,1,105,1247,2799
1964171,196417,0,1964,17,1,111,1382,3286
1965021,196502,3,1965,2,1,123,1460,9149
1966071,196607,1,1966,7,1,26,272,1902
1967011,196701,1,1967,1,1,48,560,5197
1968131,196813,1,1968,13,1,94,1148,948
1969171,196917,1,1969,17,1,105,1251,2799
1970021,197002,2,1970,2,1,108,1367,3056
1971031,197103,2,1971,3,1,58,841,5905
1972061,197206,1,1972,6,1,173,2041,4774
1973051,197305,2,1973,5,1,50,721,3243
1974181,197418,1,1974,18,1,153,1813,2357
1975111,197511,1,1975,11,1,39,455,3338
1976141,197614,1,1976,14,1,26,274,1433
1977031,197703,1,1977,3,1,151,1765,2599
1978031,197803,3,1978,3,1,92,1129,5118
1979131,197913,3,1979,13,1,154,1816,2554
1980021,198002,1,1980,2,1,10,117,2757
1981041,198104,1,1981,4,1,107,1308,3224
1982031,198203,1,1982,3,1,153,1806,2589
1983041,198304,2,1983,4,1,52,768,1450
1984051,198405,1,1984,5,1,10,97,3525
1985061,198506,1,1985,6,1,105,1254,2584
1986021,198602,1,1986,2,1,50,719,3305
1987051,198705,1,1987,5,1,49,616,4160
1988021,198802,1,1988,2,1,3,8,1437
1989051,198905,1,1989,5,1,177,2082,8379
1990021,199002,2,1990,2,1,150,1763,2272
1991051,199105,1,1991,5,1,67,920,1739
1992031,199203,2,1992,3,1,190,2167,2292
1993011,199301,3,1993,1,1,140,1671,1030
1994171,199417,1,1994,17,1,153,1812,2385
1995011,199501,1,1995,1,1,127,1479,1952
1996091,199609,0,1996,9,1,28,278,1371
1997011,199701,1,1997,1,1,74,954,3012
1998031,199803,1,1998,3,1,64,891,3190
1999131,199913,1,1999,13,1,61,877,2869
2000051,200005,1,2000,5,1,34,404,786
2001121,200112,3,2001,12,1,135,1583,1844
2002051,200205,1,2002,5,1,154,1814,2660
2002052,200205,1,2002,5,2,154,1814,2660
2002053,200205,1,2002,5,3,154,1814,2660
2003071,200307,2,2003,7,1,117,1412,4714
2004031,200403,1,2004,3,1,126,1476,1687
2005031,200503,2,2005,3,1,106,1276,3217
2005032,200503,2,2005,3,2,106,1276,3217
2006131,200613,2,2006,13,1,90,1115,3760
2007051,200705,1,2007,5,1,169,1979,1077
2008031,200803,1,2008,3,1,59,864,5348
2009011,200901,2,2009,1,1,92,1136,3408
2009012,200901,1,2009,1,2,92,1136,3408
2010021,201002,1,2010,2,1,50,704,3500
2011051,201105,1,2011,5,1,39,455,3338
2012051,201205,1,2012,5,1,120,1431,1119
2013041,201304,1,2013,4,1,34,397,960
2014021,201402,3,2014,2,1,5,30,1382
2015041,201504,2,2015,4,1,162,1865,1818
2016131,201613,0,2016,13,1,185,2141,1249
2017031,201703,1,2017,3,1,145,1704,2651
2018031,201803,4,2018,3,1,49,650,3248
2019051,201905,1,2019,5,1,99,1207,1405
2020011,202001,0,2020,1,1,174,2045,5770
2021041,202104,1,2021,4,1,151,1782,2050
2022031,202203,2,2022,3,1,48,565,4449
2023051,202305,4,2023,5,1,79,994,7315
2024031,202403,1,2024,3,1,63,882,3147
2025191,202519,1,2025,19,1,62,879,3249
2026061,202606,0,2026,6,1,117,1411,4824
2027021,202702,1,2027,2,1,156,1828,1791
2028031,202803,0,2028,3,1,108,1356,3261
2029071,202907,1,2029,7,1,173,2044,4268
2030091,203009,1,2030,9,1,135,1584,1829
2031051,203105,0,2031,5,1,58,855,4569
2032041,203204,1,2032,4,1,154,1816,2554
2033021,203302,2,2033,2,1,87,1091,13147
2034021,203402,1,2034,2,1,92,1128,5229
2035051,203505,1,2035,5,1,107,1326,3018
2036051,203605,1,2036,5,1,63,888,2579
2037061,203706,0,2037,6,1,56,831,4889
2038031,203803,1,2038,3,1,83,1021,33387
2039161,203916,1,2039,16,1,187,2147,1565
2040121,204012,1,2040,12,1,173,2044,4268
2041051,204105,1,2041,5,1,162,1860,1895
2042191,204219,1,2042,19,1,135,1583,1844
2043021,204302,1,2043,2,1,24,255,837
2044021,204402,0,2044,2,1,50,720,3279
2045011,204501,2,2045,1,1,134,1580,1129
2046021,204602,2,2046,2,1,134,1572,2084
2047101,204710,2,2047,10,1,149,1741,2121
2048041,204804,2,2048,4,1,85,1034,13299
2048042,204804,2,2048,4,2,85,1034,13299
2049031,204903,1,2049,3,1,110,1377,3890
2050121,205012,1,2050,12,1,141,1675,2637
2051041,205104,1,2051,4,1,50,743,2710
2052031,205203,2,2052,3,1,162,1887,1655
2053031,205303,1,2053,3,1,59,868,4829
2054011,205401,1,2054,1,1,57,838,3502
2055021,205502,1,2055,2,1,49,674,1437
2056011,205601,1,2056,1,1,49,603,5130
2057011,205701,1,2057,1,1,40,468,3585
2058111,205811,0,2058,11,1,57,837,4691
2059041,205904,1,2059,4,1,80,1000,8284
2060011,206001,1,2060,1,1,108,1334,3801
2061011,206101,1,2061,1,1,64,893,2857
2061012,206101,1,2061,1,2,64,893,2857
2062031,206203,0,2062,3,1,72,945,1958
2063051,206305,4,2063,5,1,78,973,11411
2064101,206410,1,2064,10,1,37,442,5052
2065031,206503,2,2065,3,1,85,1054,10409
2066041,206604,1,2066,4,1,172,2034,32524
2067111,206711,2,2067,11,1,166,1972,586
2068011,206801,1,2068,1,1,183,2114,2129
2069051,206905,1,2069,5,1,151,1790,1603
2070041,207004,3,2070,4,1,139,1644,1209
2071021,207102,1,2071,2,1,105,1250,2996
2072031,207203,2,2072,3,1,94,1141,4270
2073051,207305,1,2073,5,1,117,1412,4714
2074051,207405,1,2074,5,1,156,1832,1591
2075011,207501,2,2075,1,1,150,1747,2700
2076041,207604,1,2076,4,1,52,772,1285
2077011,207701,1,2077,1,1,112,1386,3430
2078171,207817,1,2078,17,1,178,2084,2239
2079011,207901,2,2079,1,1,176,2072,5967
2080021,208002,4,2080,2,1,10,107,2960
2081011,208101,3,2081,1,1,138,1616,1116
2082051,208205,1,2082,5,1,85,1061,6128
2083031,208303,5,2083,3,1,45,522,3170
2084011,208401,1,2084,1,1,116,1406,6756
2085011,208501,1,2085,1,1,4,13,1363
2086041,208604,3,2086,4,1,45,517,3447
2087041,208704,1,2087,4,1,95,1153,2025
2088031,208803,4,2088,3,1,48,589,3580
2089051,208905,2,2089,5,1,176,2075,5724
2090091,209009,2,2090,9,1,142,1676,2626
2091121,209112,1,2091,12,1,153,1812,2385
2092161,209216,1,2092,16,1,39,450,4023
2093011,209301,1,2093,1,1,48,598,2860
2094021,209402,1,2094,2,1,40,467,3899
2095041,209504,1,2095,4,1,139,1643,1214
2096021,209602,3,2096,2,1,4,16,1324
2097071,209707,3,2097,7,1,172,2037,7996
2098181,209818,1,2098,18,1,110,1375,5038
2099021,209902,0,2099,2,1,112,1386,3430
2100021,210002,1,2100,2,1,10,115,2825
2101021,210102,1,2101,2,1,50,761,1061
2102151,210215,3,2102,15,1,68,927,1392
2103031,210303,0,2103,3,1,140,1664,1294
2104011,210401,1,2104,1,1,11,134,2795
2105041,210504,0,2105,4,1,54,814,1273
2106191,210619,1,2106,19,1,137,1599,1009
2107041,210704,1,2107,4,1,50,679,4295
2108011,210801,1,2108,1,1,155,1820,1502
2109021,210902,0,2109,2,1,163,1929,1777
2110021,211002,2,2110,2,1,66,910,3312
2111151,211115,1,2111,15,1,100,1213,1488
2112041,211204,0,2112,4,1,49,651,3240
2113021,211302,1,2113,2,1,49,611,4288
2114031,211403,3,2114,3,1,61,876,2994
2115041,211504,2,2115,4,1,121,1447,1361
2116061,211606,1,2116,6,1,137,1598,1015
2117131,211713,2,2117,13,1,12,144,592
2118201,211820,3,2118,20,1,62,879,3249
2119161,211916,2,2119,16,1,141,1673,2831
2120041,212004,1,2120,4,1,106,1265,3434
2121181,212118,1,2121,18,1,96,1157,995
2122181,212218,1,2122,18,1,56,831,4889
2123041,212304,2,2123,4,1,6,57,1148
2124051,212405,1,2124,5,1,24,254,842
2125151,212515,1,2125,15,1,81,1018,5909
2126011,212601,1,2126,1,1,20,224,779
2127051,212705,2,2127,5,1,169,1984,1177
2128011,212801,1,2128,1,1,50,753,1937
2129131,212913,1,2129,13,1,137,1596,1073
2130041,213004,2,2130,4,1,128,1506,2031
2131011,213101,2,2131,1,1,139,1629,1328
2132051,213205,3,2132,5,1,163,1930,1776
2133021,213302,1,2133,2,1,172,2036,8005
2134041,213404,5,2134,4,1,49,622,4001
2135051,213505,1,2135,5,1,169,2003,1004
2136011,213601,3,2136,1,1,48,561,4978
2137021,213702,2,2137,2,1,115,1405,6115
2138051,213805,2,2138,5,1,152,1793,2445
2139011,213901,1,2139,1,1,80,1000,8284
2140021,214002,1,2140,2,1,169,2007,986
2141031,214103,0,2141,3,1,39,451,3817
2142031,214203,3,2142,3,1,85,1057,9893
2143041,214304,3,2143,4,1,152,1791,2508
2144011,214401,2,2144,1,1,91,1120,4396
2145041,214504,1,2145,4,1,169,1983,1189
2146021,214602,2,2146,2,1,30,358,1424
2147051,214705,2,2147,5,1,15,156,674
2147052,214705,1,2147,5,2,15,156,674
2148171,214817,4,2148,17,1,19,220,820
2149011,214901,1,2149,1,1,96,1155,3604
2150031,215003,1,2150,3,1,107,1296,3884
2151041,215104,2,2151,4,1,5,36,1258
2152191,215219,2,2152,19,1,172,2038,7996
2153011,215301,2,2153,1,1,6,47,1535
2154011,215401,1,2154,1,1,3,7,1634
2155061,215506,2,2155,6,1,143,1678,2442
2156121,215612,1,2156,12,1,159,1844,2105
2157011,215701,0,2157,1,1,182,2109,1788
2158211,215821,1,2158,21,1,70,932,2540
2159041,215904,1,2159,4,1,48,561,4978
2160031,216003,1,2160,3,1,57,837,4691
2161041,216104,2,2161,4,1,30,361,1361
2162051,216205,1,2162,5,1,30,355,1437
2163011,216301,0,2163,1,1,126,1478,1530
2164121,216412,1,2164,12,1,88,1106,5935
2165201,216520,1,2165,20,1,90,1114,10379
2166101,216610,0,2166,10,1,56,830,5624
2167011,216701,2,2167,1,1,85,1057,9893
2168151,216815,3,2168,15,1,105,1252,2794
2169021,216902,0,2169,2,1,5,38,1166
2170151,217015,1,2170,15,1,77,969,10589
2171181,217118,1,2171,18,1,71,937,2578
2172031,217203,1,2172,3,1,170,2016,1163
2173011,217301,0,2173,1,1,12,144,592
2174051,217405,2,2174,5,1,49,660,3083
2175041,217504,1,2175,4,1,40,468,3585
2176041,217604,1,2176,4,1,175,2058,5680
2177011,217701,1,2177,1,1,138,1612,1244
2178041,217804,0,2178,4,1,65,906,1456
2179031,217903,4,2179,3,1,31,369,1966
2180031,218003,2,2180,3,1,175,2056,5762
2181031,218103,0,2181,3,1,23,242,779
2182081,218208,1,2182,8,1,3,8,1437
2183151,218315,1,2183,15,1,38,445,7240
2184011,218401,0,2184,1,1,67,921,1645
2185021,218502,0,2185,2,1,49,670,2177
2186061,218606,2,2186,6,1,159,1842,2431
2187011,218701,0,2187,1,1,125,1468,1809
2188061,218806,2,2188,6,1,123,1461,2454
2189071,218907,1,2189,7,1,70,931,3702
2190031,219003,3,2190,3,1,22,232,413
2191051,219105,1,2191,5,1,151,1785,2005
2192111,219211,1,2192,11,1,173,2040,4785
2193031,219303,1,2193,3,1,54,807,1316
2194161,219416,1,2194,16,1,105,1252,2794
2195011,219501,3,2195,1,1,10,121,2435
2196031,219603,2,2196,3,1,97,1181,303
2197031,219703,1,2197,3,1,139,1643,1214
2198131,219813,1,2198,13,1,153,1809,2602
2199121,219912,1,2199,12,1,26,273,1479
2200021,220002,2,2200,2,1,108,1334,3801
2201011,220101,2,2201,1,1,163,1912,2138
2202121,220212,1,2202,12,1,117,1413,3844
2203111,220311,2,2203,11,1,32,392,627
2204131,220413,3,2204,13,1,186,2143,1518
2205011,220501,3,2205,1,1,31,370,1942
2206201,220620,2,2206,20,1,13,147,488
2207051,220705,0,2207,5,1,101,1219,985
2208011,220801,4,2208,1,1,183,2117,2111
2209031,220903,2,2209,3,1,94,1145,3671
2210041,221004,2,2210,4,1,105,1252,2794
2211031,221103,0,2211,3,1,29,289,1737
2212041,221204,0,2212,4,1,29,306,1616
2213041,221304,0,2213,4,1,125,1468,1809
2214111,221411,3,2214,11,1,96,1156,1044
2215141,221514,0,2215,14,1,67,922,1613
2216081,221608,3,2216,8,1,111,1380,3726
2217041,221704,2,2217,4,1,17,190,687
2218031,221803,1,2218,3,1,44,513,2427
2219051,221905,1,2219,5,1,32,393,610
2220011,222001,2,2220,1,1,18,204,778
2221121,222112,3,2221,12,1,33,395,576
2222031,222203,3,2222,3,1,48,566,4433
2223011,222301,1,2223,1,1,153,1809,2602
2224011,222401,2,2224,1,1,176,2076,5691
2225031,222503,0,2225,3,1,65,902,2856
2226051,222605,2,2226,5,1,169,1998,1037
2227011,222701,2,2227,1,1,151,1778,2117
2228021,222802,1,2228,2,1,23,240,801
2229071,222907,2,2229,7,1,185,2140,1353
2230011,223001,2,2230,1,1,54,805,1316
2231171,223117,3,2231,17,1,187,2144,1720
2232011,223201,2,2232,1,1,58,850,4874
2233051,223305,1,2233,5,1,103,1237,1027
2234161,223416,2,2234,16,1,81,1018,5909
2235011,223501,1,2235,1,1,19,220,820
2236181,223618,0,2236,18,1,111,1379,3848
2237051,223705,1,2237,5,1,94,1150,839
2238111,223811,1,2238,11,1,155,1822,916
2239051,223905,1,2239,5,1,40,457,4914
2240051,224005,1,2240,5,1,4,19,1284
2241051,224105,2,2241,5,1,163,1920,1873
2242041,224204,1,2242,4,1,80,1007,6826
2243051,224305,0,2243,5,1,90,1116,3460
2244051,224405,1,2244,5,1,4,12,1381
2245161,224516,2,2245,16,1,109,1374,2508
2246021,224602,2,2246,2,1,48,592,3525
2247161,224716,2,2247,16,1,90,1117,3299
2248081,224808,4,2248,8,1,7,61,3848
2249201,224920,1,2249,20,1,57,837,4691
2250051,225005,2,2250,5,1,17,195,641
2251041,225104,0,2251,4,1,49,631,3756
2252051,225205,1,2252,5,1,9,72,3214
2253021,225302,1,2253,2,1,87,1094,12086
2254081,225408,4,2254,8,1,71,939,2376
2255061,225506,4,2255,6,1,47,557,672
2256011,225601,1,2256,1,1,75,961,16402
2257051,225705,2,2257,5,1,2,5,1680
2258021,225802,1,2258,2,1,49,646,3384
2259011,225901,2,2259,1,1,75,964,4181
2260041,226004,2,2260,4,1,126,1476,1687
2261011,226101,2,2261,1,1,119,1418,3737
2262081,226208,2,2262,8,1,147,1735,2939
2263171,226317,1,2263,17,1,39,454,3356
2264181,226418,2,2264,18,1,8,62,1927
2265031,226503,2,2265,3,1,49,674,1437
2266041,226604,1,2266,4,1,106,1261,3630
2267131,226713,2,2267,13,1,179,2087,1839
2268201,226820,2,2268,20,1,88,1107,4964
2269011,226901,0,2269,1,1,96,1157,995
2270011,227001,1,2270,1,1,153,1806,2589
2271031,227103,1,2271,3,1,113,1395,2979
2272121,227212,0,2272,12,1,101,1216,1115
2273041,227304,1,2273,4,1,34,407,744
2274031,227403,2,2274,3,1,25,267,868
2275041,227504,2,2275,4,1,86,1088,4697
2276041,227604,2,2276,4,1,9,71,3257
2277061,227706,0,2277,6,1,90,1115,3760
2278051,227805,2,2278,5,1,182,2096,2228
2279051,227905,1,2279,5,1,17,181,747
2280181,228018,1,2280,18,1,88,1109,4626
2280182,228018,1,2280,18,2,88,1109,4626
2280183,228018,1,2280,18,3,88,1109,4626
2281011,228101,0,2281,1,1,163,1946,1630
2282021,228202,1,2282,2,1,41,474,4176
2283041,228304,2,2283,4,1,6,59,1038
2284101,228410,3,2284,10,1,63,885,2839
2285051,228505,3,2285,5,1,134,1576,1773
2286051,228605,1,2286,5,1,97,1178,1181
2287041,228704,2,2287,4,1,168,1977,1561
2288131,228813,1,2288,13,1,136,1591,1218
2289081,228908,1,2289,8,1,51,767,1281
2290201,229020,0,2290,20,1,39,452,3699
2291051,229105,3,2291,5,1,78,979,9207
2292021,229202,2,2292,2,1,175,2063,5171
2293031,229303,1,2293,3,1,69,930,1984
2294201,229420,2,2294,20,1,116,1407,6595
2295041,229504,2,2295,4,1,29,286,1778
2296091,229609,2,2296,9,1,136,1589,1281
2297031,229703,1,2297,3,1,74,954,3012
2298041,229804,3,2298,4,1,138,1618,1029
2299011,229901,2,2299,1,1,98,1186,1470
2300121,230012,1,2300,12,1,105,1255,1919
2301021,230102,0,2301,2,1,49,665,2914
2302121,230212,1,2302,12,1,51,766,1365
2303011,230301,2,2303,1,1,169,1990,1105
2304031,230403,2,2304,3,1,36,436,671
2305121,230512,1,2305,12,1,101,1219,985
2306051,230605,1,2306,5,1,44,488,3274
2307031,230703,5,2307,3,1,67,920,1739
2308121,230812,1,2308,12,1,130,1516,1778
2309031,230903,2,2309,3,1,132,1558,858
2310051,231005,1,2310,5,1,49,607,4573
2311031,231103,1,2311,3,1,62,881,1964
2312031,231203,2,2312,3,1,75,964,4181
2313021,231302,2,2313,2,1,138,1604,1399
2314041,231404,2,2314,4,1,49,677,1008
2315191,231519,1,2315,19,1,185,2141,1249
2316031,231603,0,2316,3,1,30,365,1327
2317071,231707,2,2317,7,1,100,1209,1651
2318051,231805,4,2318,5,1,106,1256,3877
2319011,231901,1,2319,1,1,5,36,1258
2320041,232004,2,2320,4,1,162,1864,1822
2321021,232102,1,2321,2,1,151,1781,2099
2322161,232216,1,2322,16,1,136,1591,1218
2323011,232301,1,2323,1,1,49,668,2665
2324041,232404,0,2324,4,1,4,25,1165
2325051,232505,1,2325,5,1,23,247,721
2326021,232602,1,2326,2,1,11,129,2991
2327201,232720,1,2327,20,1,27,275,1555
2328031,232803,1,2328,3,1,70,931,3702
2329041,232904,1,2329,4,1,92,1134,4164
2330051,233005,1,2330,5,1,41,476,4074
2331041,233104,1,2331,4,1,162,1894,1604
2332031,233203,1,2332,3,1,151,1783,2043
2333021,233302,2,2333,2,1,56,831,4889
2334031,233403,2,2334,3,1,54,812,1291
2335051,233505,3,2335,5,1,152,1792,2468
2336041,233604,6,2336,4,1,138,1616,1116
2337151,233715,2,2337,15,1,141,1675,2637
2338021,233802,1,2338,2,1,162,1858,1927
2339041,233904,3,2339,4,1,153,1809,2602
2340061,234006,0,2340,6,1,118,1415,5024
2341041,234104,3,2341,4,1,9,93,2149
2342111,234211,1,2342,11,1,147,1735,2939
2343051,234305,1,2343,5,1,9,73,3206
2344191,234419,1,2344,19,1,52,769,1449
2345051,234505,1,2345,5,1,35,423,794
2346051,234605,2,2346,5,1,50,756,1305
2347041,234704,1,2347,4,1,92,1130,4767
2348011,234801,2,2348,1,1,162,1905,1472
2349151,234915,1,2349,15,1,159,1842,2431
2350021,235002,1,2350,2,1,17,198,609
2351051,235105,0,2351,5,1,117,1413,3844
2352041,235204,2,2352,4,1,139,1619,1656
2353031,235303,0,2353,3,1,29,285,1799
2354051,235405,1,2354,5,1,10,96,3718
2355031,235503,1,2355,3,1,151,1766,2503
2356061,235606,0,2356,6,1,81,1017,6441
2357191,235719,2,2357,19,1,118,1415,5024
2358021,235802,2,2358,2,1,139,1631,1302
2359021,235902,1,2359,2,1,32,392,627
2359022,235902,1,2359,2,2,32,392,627
2360021,236002,1,2360,2,1,162,1893,1611
2361011,236101,2,2361,1,1,108,1339,3444
2362141,236214,1,2362,14,1,179,2087,1839
2363031,236303,0,2363,3,1,53,792,1205
2364051,236405,2,2364,5,1,45,526,3056
2365051,236505,0,2365,5,1,30,334,1560
2366171,236617,2,2366,17,1,179,2090,1761
2367031,236703,1,2367,3,1,3,7,1634
2368021,236802,0,2368,2,1,183,2124,1891
2369031,236903,1,2369,3,1,151,1774,2152
2370021,237002,1,2370,2,1,48,587,3640
2371051,237105,2,2371,5,1,44,513,2427
2372021,237202,3,2372,2,1,27,276,1431
2373171,237317,4,2373,17,1,68,927,1392
2374031,237403,4,2374,3,1,49,620,4040
2375041,237504,1,2375,4,1,11,124,3086
2376071,237607,0,2376,7,1,27,275,1555
2377081,237708,1,2377,8,1,39,451,3817
2378041,237804,1,2378,4,1,30,333,1615
2379031,237903,1,2379,3,1,34,409,731
2380051,238005,1,2380,5,1,107,1325,3020
2381041,238104,3,2381,4,1,31,374,1832
2382041,238204,3,2382,4,1,138,1613,1193
2383041,238304,1,2383,4,1,10,108,2939
2384051,238405,1,2384,5,1,172,2034,32524
2385031,238503,1,2385,3,1,5,29,1442
2386031,238603,1,2386,3,1,120,1426,4969
2387031,238703,1,2387,3,1,94,1142,4217
2388021,238802,0,2388,2,1,86,1068,12827
2389051,238905,0,2389,5,1,150,1762,2283
2390031,239003,2,2390,3,1,66,908,3730
2391051,239105,1,2391,5,1,123,1461,2454
2392031,239203,3,2392,3,1,163,1911,2151
2393181,239318,2,2393,18,1,179,2087,1839
2394041,239404,2,2394,4,1,139,1623,1392
2395061,239506,0,2395,6,1,39,448,4578
2396011,239601,3,2396,1,1,17,191,675
2397031,239703,1,2397,3,1,175,2060,5357
2398041,239804,2,2398,4,1,150,1750,2617
2399131,239913,1,2399,13,1,185,2138,1543
2400041,240004,2,2400,4,1,163,1919,1901
2401051,240105,2,2401,5,1,10,121,2435
2402201,240220,1,2402,20,1,39,450,4023
2403161,240316,3,2403,16,1,118,1414,5277
2404021,240402,1,2404,2,1,140,1657,1444
2405021,240502,1,2405,2,1,49,642,3521
2406021,240602,1,2406,2,1,138,1605,1367
2407031,240703,2,2407,3,1,121,1437,4489
2408041,240804,1,2408,4,1,187,2144,1720
2409031,240903,1,2409,3,1,154,1816,2554
2410151,241015,1,2410,15,1,149,1740,2152
2411091,241109,0,2411,9,1,77,969,10589
2412031,241203,0,2412,3,1,50,760,1073
2413011,241301,2,2413,1,1,144,1692,2663
2414051,241405,2,2414,5,1,53,776,1350
2415041,241504,1,2415,4,1,34,406,759
2416041,241604,1,2416,4,1,103,1234,1068
2417051,241705,4,2417,5,1,149,1741,2121
2418011,241801,2,2418,1,1,87,1096,11554
2419051,241905,1,2419,5,1,86,1085,9385
2420141,242014,1,2420,14,1,21,227,882
2421011,242101,2,2421,1,1,59,861,5503
2422011,242201,2,2422,1,1,128,1503,2164
2423031,242303,1,2423,3,1,26,274,1433
2424021,242402,1,2424,2,1,51,765,1494
2425021,242502,2,2425,2,1,78,981,8739
2426051,242605,2,2426,5,1,132,1554,1316
2427151,242715,2,2427,15,1,186,2143,1518
2428021,242802,1,2428,2,1,132,1538,1693
2429111,242911,1,2429,11,1,63,888,2579
2430071,243007,1,2430,7,1,67,920,1739
2430072,243007,1,2430,7,2,67,920,1739
2431011,243101,1,2431,1,1,153,1808,2893
2432051,243205,0,2432,5,1,64,891,3190
2433011,243301,0,2433,1,1,99,1203,1638
2434021,243402,1,2434,2,1,31,381,1786
2435121,243512,1,2435,12,1,81,1017,6441
2436051,243605,2,2436,5,1,30,328,1671
2437031,243703,1,2437,3,1,35,421,807
2437032,243703,2,2437,3,2,35,421,807
2438051,243805,1,2438,5,1,41,478,3417
2439011,243901,3,2439,1,1,24,257,790
2440041,244004,1,2440,4,1,5,29,1442
2441151,244115,1,2441,15,1,61,877,2869
2442061,244206,1,2442,6,1,110,1377,3890
2442062,244206,1,2442,6,2,110,1377,3890
2443131,244313,0,2443,13,1,148,1739,2513
2444041,244404,2,2444,4,1,97,1169,1663
2445021,244502,3,2445,2,1,106,1271,3317
2446181,244618,1,2446,18,1,178,2086,1819
2447041,244704,1,2447,4,1,113,1389,3090
2448011,244801,0,2448,1,1,97,1174,1500
2449101,244910,2,2449,10,1,38,446,6693
2450011,245001,2,2450,1,1,48,590,3550
2451151,245115,1,2451,15,1,100,1210,1538
2452051,245205,1,2452,5,1,31,380,1789
2453021,245302,2,2453,2,1,182,2100,2028
2454051,245405,0,2454,5,1,49,617,4132
2455161,245516,0,2455,16,1,94,1148,948
2456021,245602,2,2456,2,1,58,855,4569
2457171,245717,1,2457,17,1,51,766,1365
2458101,245810,2,2458,10,1,147,1735,2939
2459021,245902,3,2459,2,1,34,405,769
2460041,246004,5,2460,4,1,58,853,4768
2461021,246102,1,2461,2,1,150,1746,2719
2462041,246204,2,2462,4,1,49,672,1906
2463131,246313,1,2463,13,1,90,1114,10379
2464051,246405,0,2464,5,1,106,1279,3185
2465041,246504,3,2465,4,1,85,1059,9177
2466021,246602,2,2466,2,1,4,17,1290
2467031,246703,2,2467,3,1,50,726,3103
2468021,246802,1,2468,2,1,96,1157,995
2469051,246905,2,2469,5,1,49,604,4983
2470031,247003,3,2470,3,1,48,558,6076
2471091,247109,1,2471,9,1,143,1682,2124
2472191,247219,2,2472,19,1,52,770,1405
2473021,247302,4,2473,2,1,127,1492,1817
2474031,247403,1,2474,3,1,139,1640,1251
2475041,247504,0,2475,4,1,18,205,772
2476021,247602,1,2476,2,1,29,290,1734
2477051,247705,3,2477,5,1,106,1277,3200
2478051,247805,2,2478,5,1,133,1562,1817
2479041,247904,2,2479,4,1,45,520,3304
2480061,248006,2,2480,6,1,20,223,797
2481051,248105,1,2481,5,1,136,1589,1281
2482101,248210,2,2482,10,1,52,773,1281
2483041,248304,1,2483,4,1,162,1892,1614
2484061,248406,1,2484,6,1,136,1589,1281
2485051,248505,2,2485,5,1,163,1941,1725
2486101,248610,0,2486,10,1,160,1847,1348
2487051,248705,1,2487,5,1,35,414,927
2488161,248816,1,2488,16,1,56,833,4741
2489101,248910,0,2489,10,1,174,2048,4995
2490041,249004,2,2490,4,1,132,1543,1579
2491051,249105,3,2491,5,1,140,1660,1423
2492011,249201,2,2492,1,1,163,1925,1824
2493031,249303,0,2493,3,1,45,526,3056
2494101,249410,3,2494,10,1,77,970,8757
2495061,249506,1,2495,6,1,61,878,2843
2496141,249614,0,2496,14,1,43,485,1975
2497151,249715,1,2497,15,1,105,1253,2656
2498041,249804,2,2498,4,1,162,1879,1697
2499031,249903,2,2499,3,1,50,697,3527
2500021,250002,2,2500,2,1,32,390,691
2501041,250104,4,2501,4,1,78,984,6236
2502021,250202,2,2502,2,1,107,1313,3148
2503021,250302,0,2503,2,1,95,1153,2025
2504051,250405,1,2504,5,1,73,953,2147
2505021,250502,2,2505,2,1,55,825,1318
2506031,250603,1,2506,3,1,126,1475,1858
2507031,250703,0,2507,3,1,26,271,5495
2508051,250805,2,2508,5,1,183,2113,2189
2509011,250901,3,2509,1,1,9,76,3158
2510031,251003,1,2510,3,1,24,255,837
2511011,251101,2,2511,1,1,36,437,666
2512141,251214,1,2512,14,1,90,1115,3760
2513041,251304,1,2513,4,1,9,84,2880
2514031,251403,0,2514,3,1,10,115,2825
2515171,251517,4,2515,17,1,159,1842,2431
2516041,251604,1,2516,4,1,30,330,1652
2517051,251705,2,2517,5,1,29,285,1799
2518031,251803,2,2518,3,1,86,1084,9385
2519041,251904,4,2519,4,1,138,1611,1261
2520031,252003,1,2520,3,1,156,1833,1587
2521161,252116,3,2521,16,1,61,876,2994
2522051,252205,2,2522,5,1,106,1283,3163
2523111,252311,1,2523,11,1,129,1514,2031
2524031,252403,3,2524,3,1,172,2037,7996
2525011,252501,1,2525,1,1,29,296,1685
2526021,252602,1,2526,2,1,4,15,1335
2527021,252702,2,2527,2,1,93,1139,4168
2528041,252804,2,2528,4,1,145,1716,2453
2529091,252909,0,2529,9,1,95,1154,485
2530011,253001,2,2530,1,1,169,1982,1228
2531011,253101,2,2531,1,1,95,1154,485
2532031,253203,1,2532,3,1,169,2005,989
2533051,253305,2,2533,5,1,5,30,1382
2534101,253410,1,2534,10,1,117,1412,4714
2535161,253516,1,2535,16,1,153,1813,2357
2536161,253616,3,2536,16,1,13,146,496
2537021,253702,1,2537,2,1,85,1038,12598
2538041,253804,1,2538,4,1,108,1336,3506
2539041,253904,1,2539,4,1,82,1019,22834
2540181,254018,1,2540,18,1,123,1462,2245
2541031,254103,2,2541,3,1,63,885,2839
2542021,254202,2,2542,2,1,138,1606,1354
2543031,254303,3,2543,3,1,91,1120,4396
2544031,254403,2,2544,3,1,152,1795,2279
2545071,254507,1,2545,7,1,149,1741,2121
2546051,254605,0,2546,5,1,71,937,2578
2547051,254705,3,2547,5,1,61,878,2843
2548051,254805,2,2548,5,1,5,44,882
2549051,254905,2,2549,5,1,49,649,3262
2550021,255002,1,2550,2,1,133,1563,1816
2551051,255105,1,2551,5,1,79,989,8822
2552011,255201,2,2552,1,1,45,531,2980
2553171,255317,1,2553,17,1,178,2086,1819
2554201,255420,2,2554,20,1,88,1110,4468
2555041,255504,1,2555,4,1,102,1220,1416
2556031,255603,1,2556,3,1,9,78,3090
2557071,255707,1,2557,7,1,94,1151,720
2558041,255804,1,2558,4,1,9,73,3206
2559031,255903,2,2559,3,1,107,1320,3082
2560021,256002,0,2560,2,1,5,37,1190
2561171,256117,2,2561,17,1,185,2141,1249
2562021,256202,1,2562,2,1,17,184,726
2563031,256303,1,2563,3,1,86,1064,15368
2564021,256402,0,2564,2,1,50,689,3719
2565161,256516,2,2565,16,1,77,970,8757
2566131,256613,1,2566,13,1,39,448,4578
2567011,256701,1,2567,1,1,5,42,1088
2568051,256805,0,2568,5,1,30,348,1476
2569121,256912,2,2569,12,1,137,1598,1015
2570161,257016,1,2570,16,1,179,2088,1811
2571041,257104,1,2571,4,1,98,1183,1674
2572031,257203,3,2572,3,1,144,1694,2503
2573161,257316,0,2573,16,1,38,445,7240
2574041,257404,1,2574,4,1,9,65,3558
2575141,257514,1,2575,14,1,21,225,1029
2576051,257605,1,2576,5,1,29,297,1673
2577061,257706,1,2577,6,1,116,1406,6756
2578041,257804,3,2578,4,1,54,818,1125
2579041,257904,2,2579,4,1,53,791,1209
2580011,258001,1,2580,1,1,163,1932,1757
2581031,258103,2,2581,3,1,108,1344,3387
2582081,258208,2,2582,8,1,178,2084,2239
2583041,258304,1,2583,4,1,35,420,813
2584031,258403,1,2584,3,1,46,550,3054
2585091,258509,0,2585,9,1,159,1843,2250
2586041,258604,2,2586,4,1,16,168,683
2587021,258702,2,2587,2,1,169,1998,1037
2588021,258802,1,2588,2,1,160,1845,1479
2589191,258919,1,2589,19,1,21,225,1029
2590041,259004,1,2590,4,1,86,1077,10968
2591061,259106,2,2591,6,1,94,1147,957
2592011,259201,0,2592,1,1,4,19,1284
2593011,259301,4,2593,1,1,139,1639,1253
2594051,259405,0,2594,5,1,126,1474,1913
2595031,259503,1,2595,3,1,29,311,1588
2596021,259602,2,2596,2,1,4,11,1396
2597051,259705,0,2597,5,1,52,771,1323
2598041,259804,1,2598,4,1,23,242,779
2599031,259903,1,2599,3,1,166,1965,2972
2600051,260005,1,2600,5,1,138,1604,1399
2601021,260102,1,2601,2,1,50,763,485
2602051,260205,1,2602,5,1,164,1955,2022
2603011,260301,1,2603,1,1,53,788,1232
2604171,260417,1,2604,17,1,110,1375,5038
2605011,260501,6,2605,1,1,45,525,3117
2606051,260605,2,2606,5,1,162,1906,1468
2607051,260705,1,2607,5,1,128,1507,2017
2608011,260801,0,2608,1,1,37,443,3934
2609031,260903,0,2609,3,1,119,1417,4124
2610151,261015,1,2610,15,1,154,1815,2566
2611011,261101,1,2611,1,1,132,1555,1256
2612031,261203,1,2612,3,1,79,989,8822
2613021,261302,2,2613,2,1,9,72,3214
2614011,261401,1,2614,1,1,127,1489,1887
2615031,261503,1,2615,3,1,120,1430,3649
2616041,261604,2,2616,4,1,128,1499,2283
2617041,261704,1,2617,4,1,140,1661,1382
2618161,261816,1,2618,16,1,71,935,2985
2619011,261901,0,2619,1,1,58,847,5118
2620011,262001,1,2620,1,1,163,1913,2062
2621031,262103,1,2621,3,1,50,756,1305
2622011,262201,2,2622,1,1,31,375,1829
2623041,262304,1,2623,4,1,121,1445,3331
2624111,262411,1,2624,11,1,43,483,2387
2625131,262513,1,2625,13,1,130,1516,1778
2626021,262602,1,2626,2,1,126,1471,2195
2627041,262704,3,2627,4,1,29,283,1835
2628191,262819,0,2628,19,1,52,774,1138
2628192,262819,0,2628,19,2,52,774,1138
2629101,262910,1,2629,10,1,75,964,4181
2630021,263002,1,2630,2,1,125,1468,1809
2631081,263108,3,2631,8,1,71,937,2578
2632021,263202,1,2632,2,1,185,2140,1353
2633061,263306,2,2633,6,1,52,772,1285
2634021,263402,1,2634,2,1,162,1870,1743
2635021,263502,2,2635,2,1,53,785,1262
2636021,263602,2,2636,2,1,188,2154,1413
2637041,263704,1,2637,4,1,24,260,692
2638021,263802,1,2638,2,1,66,911,3224
2639031,263903,1,2639,3,1,108,1366,3059
2640041,264004,2,2640,4,1,35,415,890
2641111,264111,0,2641,11,1,39,449,4091
2642021,264202,2,2642,2,1,134,1581,1073
2643151,264315,4,2643,15,1,178,2084,2239
2644131,264413,1,2644,13,1,88,1108,4784
2645041,264504,2,2645,4,1,50,691,3701
2646021,264602,3,2646,2,1,132,1539,1677
2647021,264702,1,2647,2,1,162,1886,1656
2648041,264804,2,2648,4,1,151,1767,2414
2649151,264915,3,2649,15,1,63,885,2839
2650031,265003,1,2650,3,1,150,1759,2444
2651051,265105,2,2651,5,1,11,137,2455
2652091,265209,0,2652,9,1,136,1588,1337
2653041,265304,2,2653,4,1,49,642,3521
2654051,265405,4,2654,5,1,57,836,4721
2655161,265516,2,2655,16,1,116,1407,6595
2656091,265609,2,2656,9,1,14,149,796
2657131,265713,1,2657,13,1,167,1975,636
2658051,265805,6,2658,5,1,49,671,1908
2659061,265906,1,2659,6,1,136,1588,1337
2660031,266003,1,2660,3,1,152,1798,2202
2661031,266103,0,2661,3,1,132,1556,1226
2662181,266218,1,2662,18,1,100,1209,1651
2663051,266305,1,2663,5,1,111,1379,3848
2664021,266402,1,2664,2,1,97,1174,1500
2665151,266515,2,2665,15,1,56,830,5624
2666051,266605,0,2666,5,1,163,1913,2062
2667061,266706,0,2667,6,1,155,1821,1493
2667062,266706,1,2667,6,2,155,1821,1493
2668041,266804,3,2668,4,1,30,354,1444
2669011,266901,2,2669,1,1,150,1748,2637
2670081,267008,1,2670,8,1,70,932,2540
2671161,267116,1,2671,16,1,135,1586,1785
2672201,267220,1,2672,20,1,100,1210,1538
2673011,267301,2,2673,1,1,53,790,1212
2674111,267411,1,2674,11,1,137,1599,1009
2674112,267411,1,2674,11,2,137,1599,1009
2675041,267504,1,2675,4,1,153,1811,2396
2676021,267602,1,2676,2,1,150,1759,2444
2677011,267701,2,2677,1,1,108,1368,2920
2678111,267811,1,2678,11,1,186,2142,1673
2679081,267908,2,2679,8,1,67,920,1739
2680101,268010,1,2680,10,1,178,2086,1819
2681011,268101,3,2681,1,1,169,1992,1101
2682141,268214,2,2682,14,1,174,2046,5443
2683061,268306,2,2683,6,1,56,832,4770
2684011,268401,0,2684,1,1,108,1365,3062
2685021,268502,1,2685,2,1,175,2051,6551
2686031,268603,3,2686,3,1,54,806,1316
2687161,268716,1,2687,16,1,75,964,4181
2688141,268814,0,2688,14,1,160,1846,1388
2689051,268905,2,2689,5,1,25,264,995
2690021,269002,2,2690,2,1,30,343,1509
2691181,269118,1,2691,18,1,172,2036,8005
2692041,269204,3,2692,4,1,39,455,3338
2693051,269305,4,2693,5,1,62,879,3249
2694021,269402,0,2694,2,1,30,326,1688
2695031,269503,2,2695,3,1,175,2053,6475
2696011,269601,3,2696,1,1,49,626,3854
2697031,269703,2,2697,3,1,98,1197,1206
2698101,269810,1,2698,10,1,47,556,1507
2699091,269909,0,2699,9,1,75,966,3387
2700011,270001,4,2700,1,1,132,1558,858
2701041,270104,2,2701,4,1,17,188,706
2702051,270205,2,2702,5,1,143,1680,2209
2703021,270302,4,2703,2,1,67,923,1581
2704051,270405,1,2704,5,1,120,1420,5804
2705021,270502,3,2705,2,1,9,69,3373
2706051,270605,1,2706,5,1,108,1352,3292
2707121,270712,2,2707,12,1,38,445,7240
2708041,270804,2,2708,4,1,138,1612,1244
2709011,270901,1,2709,1,1,103,1227,1201
2710041,271004,1,2710,4,1,85,1029,15501
2711021,271102,1,2711,2,1,170,2031,273
2712051,271205,2,2712,5,1,86,1076,11196
2713101,271310,0,2713,10,1,37,443,3934
2714011,271401,1,2714,1,1,107,1303,3279
2715021,271502,1,2715,2,1,19,221,728
2716011,271601,1,2716,1,1,35,420,813
2717021,271702,1,2717,2,1,145,1709,2581
2718041,271804,1,2718,4,1,49,658,3100
2719091,271909,2,2719,9,1,14,148,833
2720021,272002,2,2720,2,1,94,1146,3601
2721021,272102,2,2721,2,1,48,583,3806
2722051,272205,2,2722,5,1,49,625,3906
2723011,272301,1,2723,1,1,170,2020,1036
2724041,272404,3,2724,4,1,75,966,3387
2725081,272508,1,2725,8,1,100,1212,1495
2726041,272604,1,2726,4,1,172,2037,7996
2727051,272705,1,2727,5,1,85,1047,11613
2728051,272805,1,2728,5,1,145,1708,2585
2729141,272914,3,2729,14,1,63,889,2449
2730041,273004,1,2730,4,1,184,2127,2788
2731021,273102,2,2731,2,1,150,1755,2570
2732031,273203,2,2732,3,1,88,1106,5935
2733031,273303,2,2733,3,1,31,374,1832
2734041,273404,2,2734,4,1,80,1011,4558
2735041,273504,1,2735,4,1,79,988,9068
2736021,273602,1,2736,2,1,9,73,3206
2737021,273702,1,2737,2,1,31,375,1829
2738031,273803,1,2738,3,1,49,658,3100
2739021,273902,1,2739,2,1,94,1141,4270
2740041,274004,2,2740,4,1,163,1921,1866
2741191,274119,0,2741,19,1,173,2039,5218
2742061,274206,2,2742,6,1,67,919,1831
2743031,274303,1,2743,3,1,9,83,2919
2744051,274405,1,2744,5,1,79,986,9208
2745201,274520,1,2745,20,1,112,1386,3430
2746141,274614,1,2746,14,1,70,931,3702
2747031,274703,2,2747,3,1,152,1791,2508
2748031,274803,2,2748,3,1,46,542,3385
2749021,274902,1,2749,2,1,49,677,1008
2750051,275005,1,2750,5,1,9,95,1551
2751041,275104,2,2751,4,1,83,1023,11415
2752031,275203,2,2752,3,1,53,776,1350
2753091,275309,1,2753,9,1,56,833,4741
2754031,275403,2,2754,3,1,40,466,3901
2755011,275501,3,2755,1,1,38,445,7240
2756041,275604,1,2756,4,1,51,765,1494
2757151,275715,1,2757,15,1,135,1586,1785
2758021,275802,2,2758,2,1,154,1817,2285
2759031,275903,1,2759,3,1,50,752,2069
2760201,276020,1,2760,20,1,141,1674,2757
2761031,276103,1,2761,3,1,40,465,4025
2762051,276205,1,2762,5,1,50,714,3398
2763041,276304,2,2763,4,1,120,1423,5696
2764051,276405,2,2764,5,1,18,206,769
2765031,276503,1,2765,3,1,114,1401,3180
2766141,276614,2,2766,14,1,42,480,3631
2767021,276702,4,2767,2,1,48,596,3213
2768121,276812,1,2768,12,1,39,449,4091
2769121,276912,1,2769,12,1,118,1414,5277
2770051,277005,2,2770,5,1,131,1519,2214
2771081,277108,3,2771,8,1,57,836,4721
2772061,277206,1,2772,6,1,42,480,3631
2773051,277305,2,2773,5,1,68,927,1392
2774011,277401,0,2774,1,1,29,281,1855
2775011,277501,1,2775,1,1,34,404,786
2776071,277607,2,2776,7,1,137,1597,1065
2777051,277705,1,2777,5,1,10,107,2960
2778021,277802,1,2778,2,1,40,464,4088
2779021,277902,1,2779,2,1,85,1056,9925
2780021,278002,1,2780,2,1,140,1654,1478
2781091,278109,2,2781,9,1,135,1582,2162
2782051,278205,2,2782,5,1,107,1307,3227
2783041,278304,1,2783,4,1,30,340,1528
2784051,278405,1,2784,5,1,153,1809,2602
2785011,278501,2,2785,1,1,106,1269,3334
2786151,278615,2,2786,15,1,83,1023,11415
2787041,278704,0,2787,4,1,49,619,4117
2788141,278814,1,2788,14,1,172,2037,7996
2789051,278905,0,2789,5,1,17,185,724
2790031,279003,2,2790,3,1,44,490,3184
2791041,279104,2,2791,4,1,53,785,1262
2792021,279202,2,2792,2,1,24,256,797
2793051,279305,2,2793,5,1,53,794,1193
2794021,279402,5,2794,2,1,30,324,1771
2795161,279516,1,2795,16,1,135,1583,1844
2796011,279601,1,2796,1,1,152,1804,2023
2797031,279703,1,2797,3,1,29,281,1855
2798091,279809,2,2798,9,1,20,223,797
2799021,279902,0,2799,2,1,109,1373,2841
2799022,279902,0,2799,2,2,109,1373,2841
2800021,280002,2,2800,2,1,68,924,5515
2801021,280102,0,2801,2,1,49,653,3183
2802021,280202,0,2802,2,1,52,771,1323
2803051,280305,2,2803,5,1,150,1749,2621
2804041,280404,3,2804,4,1,48,585,3733
2805081,280508,1,2805,8,1,67,922,1613
2806041,280604,0,2806,4,1,135,1587,1397
2807021,280702,1,2807,2,1,58,849,5018
2808031,280803,3,2808,3,1,14,148,833
2809051,280905,1,2809,5,1,138,1603,1445
2810011,281001,1,2810,1,1,86,1073,12480
2811051,281105,1,2811,5,1,49,627,3808
2812041,281204,1,2812,4,1,106,1278,3197
2813031,281303,1,2813,3,1,163,1916,1950
2814051,281405,1,2814,5,1,115,1404,6225
2815041,281504,1,2815,4,1,23,248,707
2816051,281605,2,2816,5,1,169,1994,1078
2817041,281704,1,2817,4,1,25,265,978
2818011,281801,1,2818,1,1,162,1867,1798
2819201,281920,3,2819,20,1,112,1387,3229
2820101,282010,3,2820,10,1,149,1740,2152
2821191,282119,0,2821,19,1,147,1735,2939
2822041,282204,1,2822,4,1,146,1731,3077
2823061,282306,2,2823,6,1,71,939,2376
2824041,282404,2,2824,4,1,28,277,1380
2825011,282501,1,2825,1,1,103,1228,1175
2826181,282618,1,2826,18,1,125,1465,3729
2827021,282702,1,2827,2,1,38,445,7240
2828031,282803,1,2828,3,1,16,170,667
2829011,282901,1,2829,1,1,60,869,7626
2830081,283008,0,2830,8,1,63,889,2449
2831021,283102,1,2831,2,1,57,834,19030
2832031,283203,2,2832,3,1,121,1440,4259
2833011,283301,2,2833,1,1,48,558,6076
2834191,283419,4,2834,19,1,100,1212,1495
2835031,283503,1,2835,3,1,70,933,2426
2836061,283606,1,2836,6,1,77,969,10589
2837021,283702,1,2837,2,1,128,1506,2031
2838031,283803,2,2838,3,1,29,293,1694
2839011,283901,1,2839,1,1,121,1433,5100
2840121,284012,1,2840,12,1,83,1024,5447
2841021,284102,1,2841,2,1,139,1640,1251
2842011,284201,1,2842,1,1,106,1265,3434
2843041,284304,1,2843,4,1,45,525,3117
2844041,284404,1,2844,4,1,39,449,4091
2845131,284513,2,2845,13,1,68,928,1288
2846051,284605,2,2846,5,1,187,2144,1720
2847011,284701,1,2847,1,1,67,922,1613
2848021,284802,2,2848,2,1,4,25,1165
2849111,284911,2,2849,11,1,38,445,7240
2850051,285005,1,2850,5,1,7,60,4118
2851041,285104,1,2851,4,1,138,1617,1097
2852141,285214,1,2852,14,1,167,1975,636
2853071,285307,2,2853,7,1,26,274,1433
2854071,285407,0,2854,7,1,135,1585,1797
2855041,285504,2,2855,4,1,150,1743,3025
2856171,285617,0,2856,17,1,187,2148,1543
2857041,285704,2,2857,4,1,132,1545,1545
2858031,285803,3,2858,3,1,122,1456,3365
2859021,285902,2,2859,2,1,163,1918,1906
2860051,286005,1,2860,5,1,163,1919,1901
2861051,286105,1,2861,5,1,29,304,1625
2862031,286203,1,2862,3,1,163,1928,1778
2863021,286302,2,2863,2,1,162,1855,1979
2864021,286402,2,2864,2,1,91,1125,3945
2865171,286517,2,2865,17,1,174,2046,5443
2866041,286604,1,2866,4,1,166,1969,729
2867031,286703,2,2867,3,1,35,427,768
2868041,286804,0,2868,4,1,128,1500,2224
2869011,286901,1,2869,1,1,9,74,3176
2870041,287004,1,2870,4,1,87,1090,13365
2871041,287104,2,2871,4,1,184,2126,3246
2872201,287220,0,2872,20,1,135,1582,2162
2873031,287303,3,2873,3,1,29,316,1573
2874051,287405,2,2874,5,1,170,2031,273
2875091,287509,0,2875,9,1,26,274,1433
2876051,287605,1,2876,5,1,4,15,1335
2877011,287701,1,2877,1,1,129,1514,2031
2878031,287803,2,2878,3,1,187,2147,1565
2879031,287903,1,2879,3,1,154,1815,2566
2880051,288005,1,2880,5,1,100,1212,1495
2881151,288115,2,2881,15,1,147,1737,2630
2882121,288212,2,2882,12,1,63,888,2579
2883051,288305,1,2883,5,1,169,1992,1101
2884011,288401,1,2884,1,1,94,1144,3862
2885131,288513,1,2885,13,1,153,1808,2893
2886051,288605,0,2886,5,1,162,1884,1659
2887021,288702,1,2887,2,1,175,2052,6484
2888121,288812,2,2888,12,1,94,1150,839
2889041,288904,2,2889,4,1,15,160,442
2890051,289005,1,2890,5,1,16,165,721
2891051,289105,1,2891,5,1,182,2103,1967
2892031,289203,1,2892,3,1,56,831,4889
2893051,289305,1,2893,5,1,151,1783,2043
2894041,289404,1,2894,4,1,169,2000,1024
2895051,289505,2,2895,5,1,89,1113,3095
2896031,289603,1,2896,3,1,150,1754,2570
2897021,289702,2,2897,2,1,163,1922,1856
2898031,289803,2,2898,3,1,11,139,2151
2899141,289914,0,2899,14,1,56,830,5624
2900201,290020,1,2900,20,1,110,1377,3890
2901011,290101,2,2901,1,1,134,1572,2084
2902111,290211,2,2902,11,1,13,146,496
2903011,290301,2,2903,1,1,162,1878,1713
2904051,290405,0,2904,5,1,113,1397,2146
2905051,290505,2,2905,5,1,139,1630,1306
2905052,290505,1,2905,5,2,139,1630,1306
2905053,290505,1,2905,5,3,139,1630,1306
2906031,290603,1,2906,3,1,87,1096,11554
2907091,290709,1,2907,9,1,142,1677,2524
2908031,290803,1,2908,3,1,48,596,3213
2909041,290904,3,2909,4,1,108,1355,3261
2910041,291004,1,2910,4,1,55,821,1377
2911051,291105,1,2911,5,1,49,638,3604
2912041,291204,1,2912,4,1,80,1003,7520
2913021,291302,2,2913,2,1,49,648,3306
2914011,291401,1,2914,1,1,140,1663,1305
2915011,291501,1,2915,1,1,162,1859,1917
2916011,291601,1,2916,1,1,54,799,1396
2917051,291705,2,2917,5,1,169,2005,989
2918051,291805,3,2918,5,1,50,735,2939
2919061,291906,1,2919,6,1,39,453,3363
2920051,292005,1,2920,5,1,162,1873,1728
2921031,292103,3,2921,3,1,67,918,1831
2922031,292203,3,2922,3,1,48,580,3906
2923031,292303,3,2923,3,1,156,1832,1591
2924171,292417,1,2924,17,1,136,1590,1225
2925021,292502,1,2925,2,1,137,1596,1073
2926041,292604,1,2926,4,1,175,2059,5427
2927011,292701,1,2927,1,1,60,871,7159
2928091,292809,0,2928,9,1,105,1253,2656
2929011,292901,1,2929,1,1,169,1988,1121
2930151,293015,0,2930,15,1,173,2041,4774
2931201,293120,2,2931,20,1,61,876,2994
2932021,293202,2,2932,2,1,1,1,3781
2933031,293303,1,2933,3,1,8,63,1922
2934041,293404,0,2934,4,1,35,430,741
2935031,293503,1,2935,3,1,182,2109,1788
2936161,293616,2,2936,16,1,27,276,1431
2937021,293702,1,2937,2,1,24,254,842
2938181,293818,2,2938,18,1,148,1738,2836
2939031,293903,1,2939,3,1,11,137,2455
2940111,294011,1,2940,11,1,33,394,835
2941051,294105,2,2941,5,1,145,1705,2626
2942031,294203,2,2942,3,1,49,617,4132
2943031,294303,1,2943,3,1,107,1319,3086
2944051,294405,0,2944,5,1,104,1245,896
2945021,294502,2,2945,2,1,85,1058,9709
2946041,294604,1,2946,4,1,151,1769,2313
2947011,294701,2,2947,1,1,120,1421,5724
2948021,294802,1,2948,2,1,98,1184,1658
2949011,294901,3,2949,1,1,16,167,697
2950041,295004,1,2950,4,1,171,2032,830
2951161,295116,1,2951,16,1,39,453,3363
2952101,295210,0,2952,10,1,90,1115,3760
2953031,295303,1,2953,3,1,59,859,6264
2954051,295405,2,2954,5,1,87,1101,9942
2955031,295503,1,2955,3,1,44,487,3392
2956131,295613,1,2956,13,1,28,279,1313
2957031,295703,2,2957,3,1,49,615,4169
2958061,295806,3,2958,6,1,43,482,3070
2959021,295902,1,2959,2,1,128,1509,1993
2960011,296001,1,2960,1,1,151,1780,2117
2961011,296101,1,2961,1,1,48,559,5687
2962101,296210,2,2962,10,1,27,276,1431
2963041,296304,1,2963,4,1,140,1657,1444
2964031,296403,2,2964,3,1,45,535,2768
2965201,296520,1,2965,20,1,155,1821,1493
2966021,296602,1,2966,2,1,16,167,697
2967071,296707,2,2967,7,1,153,1811,2396
2968041,296804,3,2968,4,1,11,125,3058
2969061,296906,2,2969,6,1,88,1106,5935
2970011,297001,3,2970,1,1,113,1395,2979
2971021,297102,1,2971,2,1,74,957,2792
2972041,297204,3,2972,4,1,58,855,4569
2973021,297302,1,2973,2,1,92,1136,3408
2974111,297411,2,2974,11,1,154,1817,2285
2975021,297502,1,2975,2,1,144,1692,2663
2976051,297605,1,2976,5,1,133,1565,1745
2977021,297702,2,2977,2,1,106,1287,3093
2978031,297803,1,2978,3,1,137,1594,1069
2979011,297901,3,2979,1,1,55,826,1300
2980031,298003,2,2980,3,1,108,1355,3261
2981041,298104,2,2981,4,1,49,663,2994
2982031,298203,1,2982,3,1,48,593,3459
2983041,298304,0,2983,4,1,49,623,3934
2984021,298402,1,2984,2,1,60,869,7626
2985031,298503,1,2985,3,1,187,2146,1688
2986041,298604,1,2986,4,1,106,1256,3877
2987031,298703,2,2987,3,1,29,286,1778
2988031,298803,3,2988,3,1,182,2104,1952
2989061,298906,3,2989,6,1,67,920,1739
2990011,299001,2,2990,1,1,189,2162,1154
2991021,299102,2,2991,2,1,29,318,1530
2992021,299202,5,2992,2,1,98,1199,1137
2993021,299302,0,2993,2,1,80,999,7057
2994111,299411,1,2994,11,1,136,1591,1218
2995041,299504,2,2995,4,1,145,1703,2703
2996041,299604,2,2996,4,1,142,1677,2524
2997021,299702,1,2997,2,1,140,1656,1446
2998051,299805,1,2998,5,1,49,630,3778
2999051,299905,1,2999,5,1,9,84,2880
3000031,300003,0,3000,3,1,163,1936,1737
3001041,300104,1,3001,4,1,175,2054,6294
3002021,300202,1,3002,2,1,107,1328,2819
3003171,300317,1,3003,17,1,95,1154,485
3004071,300407,0,3004,7,1,136,1590,1225
3005051,300505,1,3005,5,1,36,439,646
3006041,300604,1,3006,4,1,48,568,4282
3006042,300604,2,3006,4,2,48,568,4282
3007021,300702,1,3007,2,1,91,1120,4396
3008151,300815,2,3008,15,1,39,448,4578
3009081,300908,1,3009,8,1,174,2046,5443
3010051,301005,1,3010,5,1,29,291,1723
3011021,301102,1,3011,2,1,182,2109,1788
3012201,301220,1,3012,20,1,141,1673,2831
3013051,301305,4,3013,5,1,189,2158,1225
3014171,301417,1,3014,17,1,118,1414,5277
3015051,301505,2,3015,5,1,45,534,2917
3016031,301603,2,3016,3,1,158,1839,3897
3017021,301702,1,3017,2,1,140,1660,1423
3018031,301803,2,3018,3,1,11,126,3052
3019051,301905,3,3019,5,1,5,41,1110
3020061,302006,1,3020,6,1,110,1375,5038
3021041,302104,1,3021,4,1,50,692,3665
3022011,302201,2,3022,1,1,138,1606,1354
3023071,302307,0,3023,7,1,174,2048,4995
3024011,302401,0,3024,1,1,128,1495,2148
3025041,302504,2,3025,4,1,162,1882,1669
3026151,302615,10,3026,15,1,27,275,1555
3027021,302702,1,3027,2,1,50,709,3450
3028041,302804,2,3028,4,1,49,628,3794
3029051,302905,2,3029,5,1,10,112,2852
3030161,303016,2,3030,16,1,38,446,6693
3031011,303101,1,3031,1,1,50,716,3331
3032051,303205,2,3032,5,1,83,1021,33387
3033041,303304,0,3033,4,1,122,1450,4811
3034051,303405,0,3034,5,1,9,83,2919
3035031,303503,1,3035,3,1,50,744,2537
3036101,303610,0,3036,10,1,71,936,2779
3037021,303702,1,3037,2,1,46,552,2970
3038041,303804,3,3038,4,1,98,1184,1658
3039041,303904,1,3039,4,1,9,70,3330
3040141,304014,0,3040,14,1,81,1018,5909
3041031,304103,1,3041,3,1,163,1927,1789
3042011,304201,2,3042,1,1,50,681,4096
3043161,304316,1,3043,16,1,83,1023,11415
3044011,304401,2,3044,1,1,36,433,666
3045021,304502,1,3045,2,1,184,2133,2511
3046171,304617,0,3046,17,1,28,279,1313
3047031,304703,0,3047,3,1,48,590,3550
3048011,304801,1,3048,1,1,150,1762,2283
3049151,304915,3,3049,15,1,101,1219,985
3050041,305004,1,3050,4,1,58,846,5182
3051011,305101,1,3051,1,1,50,747,2236
3052031,305203,1,3052,3,1,106,1294,1910
3053041,305304,1,3053,4,1,162,1893,1611
3054141,305414,1,3054,14,1,67,923,1581
3055021,305502,1,3055,2,1,18,206,769
3056041,305604,1,3056,4,1,49,678,1000
3057011,305701,3,3057,1,1,49,604,4983
3058031,305803,0,3058,3,1,2,4,1716
3059031,305903,2,3059,3,1,150,1743,3025
3060041,306004,0,3060,4,1,31,370,1942
3061031,306103,2,3061,3,1,156,1828,1791
3062051,306205,2,3062,5,1,50,737,2858
3063021,306302,1,3063,2,1,126,1473,2107
3064011,306401,2,3064,1,1,175,2049,7597
3065181,306518,2,3065,18,1,63,883,3042
3066131,306613,1,3066,13,1,125,1466,2305
3067031,306703,2,3067,3,1,162,1873,1728
3068051,306805,1,3068,5,1,48,580,3906
3069161,306916,2,3069,16,1,147,1737,2630
3070091,307009,2,3070,9,1,143,1683,811
3071161,307116,1,3071,16,1,71,936,2779
3072051,307205,2,3072,5,1,164,1961,1825
3073031,307303,2,3073,3,1,53,782,1294
3074031,307403,1,3074,3,1,10,102,3128
3075151,307515,1,3075,15,1,111,1379,3848
3076111,307611,1,3076,11,1,153,1812,2385
3077051,307705,2,3077,5,1,48,566,4433
3078051,307805,1,3078,5,1,109,1374,2508
3079071,307907,1,3079,7,1,42,481,3354
3080051,308005,2,3080,5,1,6,57,1148
3081161,308116,1,3081,16,1,42,481,3354
3082011,308201,1,3082,1,1,58,848,5029
3083021,308302,2,3083,2,1,170,2028,888
3084051,308405,5,3084,5,1,139,1628,1338
3085191,308519,1,3085,19,1,137,1596,1073
3086011,308601,2,3086,1,1,121,1432,5447
3087031,308703,4,3087,3,1,58,856,4181
3088011,308801,1,3088,1,1,98,1196,1206
3088012,308801,2,3088,1,2,98,1196,1206
3089081,308908,1,3089,8,1,136,1588,1337
3090031,309003,2,3090,3,1,16,171,666
3091011,309101,0,3091,1,1,172,2034,32524
3092141,309214,1,3092,14,1,179,2090,1761
3093071,309307,0,3093,7,1,20,224,779
3094091,309409,1,3094,9,1,88,1108,4784
3095041,309504,1,3095,4,1,9,80,3018
3096041,309604,0,3096,4,1,182,2108,1861
3097021,309702,0,3097,2,1,50,718,3308
3098031,309803,1,3098,3,1,46,548,3089
3099031,309903,1,3099,3,1,50,725,3135
3100051,310005,2,3100,5,1,30,364,1340
3101031,310103,2,3101,3,1,10,103,3065
3102011,310201,2,3102,1,1,46,543,3376
3103041,310304,2,3103,4,1,151,1779,2117
3104071,310407,4,3104,7,1,116,1406,6756
3105081,310508,3,3105,8,1,83,1024,5447
3106011,310601,2,3106,1,1,44,504,2767
3107011,310701,1,3107,1,1,44,502,2777
3108051,310805,1,3108,5,1,50,733,2944
3109041,310904,2,3109,4,1,53,788,1232
3110051,311005,0,3110,5,1,137,1594,1069
3111131,311113,1,3111,13,1,116,1409,5069
3112111,311211,2,3112,11,1,32,391,636
3113051,311305,1,3113,5,1,121,1439,4377
3114051,311405,2,3114,5,1,48,594,3319
3115201,311520,1,3115,20,1,111,1385,3030
3116021,311602,1,3116,2,1,128,1497,2392
3117141,311714,1,3117,14,1,123,1462,2245
3118011,311801,0,3118,1,1,144,1693,2560
3119191,311919,0,3119,19,1,7,61,3848
3120011,312001,2,3120,1,1,169,2010,886
3121021,312102,2,3121,2,1,68,926,4627
3122011,312201,2,3122,1,1,169,1997,1038
3123021,312302,3,3123,2,1,125,1466,2305
3124011,312401,2,3124,1,1,132,1537,1731
3125021,312502,2,3125,2,1,34,403,791
3126031,312603,2,3126,3,1,11,141,1377
3127051,312705,2,3127,5,1,6,47,1535
3128121,312812,2,3128,12,1,43,484,2372
3129021,312902,0,3129,2,1,169,1981,1279
3130041,313004,1,3130,4,1,190,2171,1808
3131011,313101,3,3131,1,1,103,1231,1105
3132051,313205,1,3132,5,1,106,1258,3685
3133201,313320,0,3133,20,1,71,937,2578
3134051,313405,1,3134,5,1,138,1614,1185
3135201,313520,0,3135,20,1,3,8,1437
3136031,313603,0,3136,3,1,111,1379,3848
3137031,313703,3,3137,3,1,97,1167,1679
3138021,313802,1,3138,2,1,146,1728,3474
3139171,313917,0,3139,17,1,135,1586,1785
3140091,314009,2,3140,9,1,101,1216,1115
3141031,314103,2,3141,3,1,27,275,1555
3142051,314205,1,3142,5,1,162,1867,1798
3143041,314304,1,3143,4,1,137,1594,1069
3144171,314417,0,3144,17,1,7,61,3848
3145151,314515,3,3145,15,1,96,1157,995
3146051,314605,0,3146,5,1,182,2101,2002
3147021,314702,1,3147,2,1,9,94,2118
3148141,314814,2,3148,14,1,187,2149,1504
3149121,314912,5,3149,12,1,3,7,1634
3150071,315007,0,3150,7,1,51,767,1281
3151031,315103,3,3151,3,1,11,134,2795
3152051,315205,2,3152,5,1,75,961,16402
3153021,315302,1,3153,2,1,29,320,1482
3154021,315402,1,3154,2,1,31,371,1862
3155051,315505,4,3155,5,1,104,1242,1019
3156051,315605,1,3156,5,1,128,1500,2224
3157161,315716,0,3157,16,1,186,2142,1673
3158041,315804,3,3158,4,1,10,103,3065
3159201,315920,1,3159,20,1,135,1586,1785
3160051,316005,2,3160,5,1,29,287,1774
3161101,316110,0,3161,10,1,39,452,3699
3162081,316208,2,3162,8,1,105,1252,2794
3163161,316316,3,3163,16,1,179,2089,1807
3164081,316408,1,3164,8,1,88,1109,4626
3165011,316501,2,3165,1,1,168,1978,1324
3166081,316608,3,3166,8,1,63,883,3042
3167071,316707,1,3167,7,1,143,1679,2282
3168091,316809,1,3168,9,1,67,918,1831
3169101,316910,2,3169,10,1,100,1210,1538
3170051,317005,1,3170,5,1,121,1433,5100
3171181,317118,2,3171,18,1,43,482,3070
3172031,317203,1,3172,3,1,44,488,3274
3173041,317304,2,3173,4,1,163,1923,1853
3174021,317402,4,3174,2,1,151,1777,2117
3175031,317503,3,3175,3,1,182,2096,2228
3176041,317604,2,3176,4,1,25,270,631
3177051,317705,3,3177,5,1,50,722,3217
3178021,317802,0,3178,2,1,50,721,3243
3179131,317913,2,3179,13,1,100,1213,1488
3180051,318005,1,3180,5,1,43,484,2372
3181081,318108,1,3181,8,1,186,2143,1518
3182041,318204,1,3182,4,1,48,588,3638
3183131,318313,1,3183,13,1,155,1819,1628
3184011,318401,2,3184,1,1,46,550,3054
3185021,318502,3,3185,2,1,88,1110,4468
3186041,318604,2,3186,4,1,175,2050,6566
3187021,318702,2,3187,2,1,44,486,3883
3188131,318813,1,3188,13,1,63,883,3042
3189051,318905,1,3189,5,1,10,105,3019
3190041,319004,1,3190,4,1,138,1605,1367
3191121,319112,1,3191,12,1,135,1584,1829
3192031,319203,2,3192,3,1,162,1897,1571
3193051,319305,3,3193,5,1,164,1958,1911
3194011,319401,0,3194,1,1,71,936,2779
3195051,319505,1,3195,5,1,86,1082,9451
3196031,319603,1,3196,3,1,35,424,774
3197041,319704,1,3197,4,1,30,360,1402
3198021,319802,2,3198,2,1,49,647,3351
3199081,319908,1,3199,8,1,71,935,2985
3200021,320002,1,3200,2,1,162,1856,1976
3201011,320101,1,3201,1,1,105,1252,2794
3202091,320209,1,3202,9,1,174,2048,4995
3203121,320312,3,3203,12,1,27,275,1555
3204041,320404,2,3204,4,1,141,1675,2637
3205051,320505,2,3205,5,1,56,831,4889
3206051,320605,1,3206,5,1,169,1985,1170
3207021,320702,2,3207,2,1,15,158,585
3208021,320802,1,3208,2,1,134,1576,1773
3209161,320916,1,3209,16,1,33,394,835
3210031,321003,1,3210,3,1,183,2111,2375
3211021,321102,1,3211,2,1,46,540,3689
3212011,321201,1,3212,1,1,104,1245,896
3213021,321302,1,3213,2,1,132,1557,1153
3214011,321401,1,3214,1,1,97,1168,1667
3215011,321501,2,3215,1,1,16,171,666
3216051,321605,1,3216,5,1,170,2024,990
3217031,321703,1,3217,3,1,26,272,1902
3218051,321805,2,3218,5,1,50,758,1172
3219021,321902,1,3219,2,1,170,2021,1028
3220031,322003,1,3220,3,1,92,1130,4767
3221031,322103,3,3221,3,1,16,176,618
3222201,322220,0,3222,20,1,39,449,4091
3223021,322302,1,3223,2,1,107,1301,3306
3224101,322410,0,3224,10,1,136,1588,1337
3225021,322502,1,3225,2,1,48,588,3638
3226051,322605,5,3226,5,1,22,232,413
3227181,322718,3,3227,18,1,141,1673,2831
3228051,322805,1,3228,5,1,22,230,474
3229171,322917,2,3229,17,1,14,149,796
3230131,323013,1,3230,13,1,125,1468,1809
3231111,323111,1,3231,11,1,111,1382,3286
3232031,323203,1,3232,3,1,128,1496,2397
3233041,323304,2,3233,4,1,128,1509,1993
3234011,323401,1,3234,1,1,97,1170,1534
3235031,323503,1,3235,3,1,107,1328,2819
3236111,323611,2,3236,11,1,172,2036,8005
3237031,323703,1,3237,3,1,91,1123,4162
3238051,323805,1,3238,5,1,108,1338,3457
3239011,323901,1,3239,1,1,48,600,2328
3240011,324001,2,3240,1,1,18,201,1028
3241091,324109,1,3241,9,1,75,965,3506
3242071,324207,1,3242,7,1,43,482,3070
3243041,324304,2,3243,4,1,64,894,2202
3244041,324404,3,3244,4,1,103,1235,1052
3245011,324501,2,3245,1,1,49,675,1417
3246111,324611,0,3246,11,1,111,1379,3848
3247141,324714,2,3247,14,1,71,937,2578
3248021,324802,1,3248,2,1,7,61,3848
3249021,324902,1,3249,2,1,85,1034,13299
3250131,325013,1,3250,13,1,39,456,3330
3251121,325112,1,3251,12,1,105,1251,2799
3252011,325201,3,3252,1,1,154,1817,2285
3253021,325302,2,3253,2,1,11,136,2692
3254021,325402,6,3254,2,1,17,183,732
3255041,325504,4,3255,4,1,9,78,3090
3256021,325602,1,3256,2,1,30,339,1541
3257191,325719,1,3257,19,1,118,1414,5277
3258011,325801,1,3258,1,1,29,302,1646
3259051,325905,2,3259,5,1,35,424,774
3260051,326005,3,3260,5,1,31,372,1842
3261021,326102,1,3261,2,1,57,836,4721
3262021,326202,2,3262,2,1,189,2162,1154
3263031,326303,0,3263,3,1,14,149,796
3264041,326404,3,3264,4,1,151,1790,1603
3265041,326504,2,3265,4,1,146,1734,1558
3266021,326602,2,3266,2,1,132,1540,1661
3267011,326701,0,3267,1,1,175,2052,6484
3268191,326819,1,3268,19,1,63,889,2449
3269051,326905,1,3269,5,1,12,143,609
3270081,327008,1,3270,8,1,52,771,1323
3271051,327105,0,3271,5,1,53,786,1242
3272041,327204,1,3272,4,1,81,1018,5909
3273151,327315,0,3273,15,1,57,837,4691
3274031,327403,2,3274,3,1,31,383,1756
3275071,327507,5,3275,7,1,13,147,488
3276021,327602,2,3276,2,1,181,2093,2816
3277011,327701,1,3277,1,1,63,882,3147
3278041,327804,2,3278,4,1,162,1896,1593
3279021,327902,0,3279,2,1,164,1961,1825
3280141,328014,2,3280,14,1,70,933,2426
3281091,328109,1,3281,9,1,12,144,592
3282021,328202,0,3282,2,1,4,21,1259
3283091,328309,2,3283,9,1,135,1583,1844
3284011,328401,1,3284,1,1,163,1947,1591
3285031,328503,2,3285,3,1,101,1219,985
3286031,328603,1,3286,3,1,121,1432,5447
3287031,328703,0,3287,3,1,30,329,1661
3288051,328805,0,3288,5,1,39,453,3363
3289171,328917,0,3289,17,1,111,1385,3030
3290091,329009,1,3290,9,1,13,146,496
3291071,329107,2,3291,7,1,56,833,4741
3292021,329202,3,3292,2,1,50,732,2972
3293011,329301,2,3293,1,1,163,1918,1906
3294031,329403,2,3294,3,1,145,1717,2424
3295021,329502,3,3295,2,1,157,1835,4084
3296021,329602,2,3296,2,1,106,1278,3197
3297011,329701,2,3297,1,1,162,1877,1713
3298201,329820,1,3298,20,1,179,2088,1811
3299041,329904,1,3299,4,1,169,1992,1101
3300021,330002,2,3300,2,1,139,1627,1341
3301081,330108,3,3301,8,1,172,2036,8005
3302031,330203,1,3302,3,1,9,67,3508
3303041,330304,2,3303,4,1,54,802,1327
3304051,330405,1,3304,5,1,20,223,797
3305071,330507,2,3305,7,1,101,1217,1108
3306011,330601,0,3306,1,1,68,927,1392
3307031,330703,2,3307,3,1,151,1779,2117
3308051,330805,1,3308,5,1,85,1044,11976
3309011,330901,2,3309,1,1,140,1670,1161
3310031,331003,2,3310,3,1,162,1898,1567
3311011,331101,1,3311,1,1,17,181,747
3312031,331203,2,3312,3,1,25,269,771
3313061,331306,0,3313,6,1,111,1383,3212
3314061,331406,3,3314,6,1,143,1682,2124
3315041,331504,1,3315,4,1,29,322,1449
3316141,331614,1,3316,14,1,125,1468,1809
3317011,331701,0,3317,1,1,32,390,691
3318071,331807,0,3318,7,1,83,1024,5447
3319041,331904,2,3319,4,1,127,1480,2089
3320141,332014,5,3320,14,1,94,1151,720
3321031,332103,2,3321,3,1,153,1807,2589
3322011,332201,4,3322,1,1,132,1550,1443
3323011,332301,4,3323,1,1,9,88,2583
3324011,332401,2,3324,1,1,170,2013,1316
3325021,332502,2,3325,2,1,106,1280,3179
3326191,332619,1,3326,19,1,39,456,3330
3327011,332701,2,3327,1,1,35,414,927
3328011,332801,1,3328,1,1,162,1904,1534
3329011,332901,2,3329,1,1,19,221,728
3330041,333004,1,3330,4,1,169,1994,1078
3331051,333105,0,3331,5,1,136,1588,1337
3332011,333201,1,3332,1,1,17,199,609
3333071,333307,1,3333,7,1,155,1819,1628
3334021,333402,1,3334,2,1,91,1127,3613
3335201,333520,1,3335,20,1,21,226,887
3336131,333613,0,3336,13,1,109,1372,3454
3337021,333702,0,3337,2,1,153,1810,2576
3338041,333804,1,3338,4,1,162,1889,1636
3339021,333902,2,3339,2,1,50,762,789
3340041,334004,2,3340,4,1,162,1859,1917
3341051,334105,2,3341,5,1,50,720,3279
3342021,334202,2,3342,2,1,170,2029,865
3343041,334304,1,3343,4,1,4,22,1253
3344191,334419,2,3344,19,1,125,1465,3729
3345031,334503,2,3345,3,1,66,909,3673
3346151,334615,0,3346,15,1,137,1595,1121
3347041,334704,0,3347,4,1,94,1141,4270
3348051,334805,2,3348,5,1,169,1999,1031
3349141,334914,1,3349,14,1,75,965,3506
3350031,335003,0,3350,3,1,101,1218,1072
3351031,335103,1,3351,3,1,50,762,789
3352021,335202,2,3352,2,1,28,277,1380
3353051,335305,0,3353,5,1,162,1890,1631
3354021,335402,2,3354,2,1,45,527,3042
3355031,335503,2,3355,3,1,165,1964,1215
3356031,335603,0,3356,3,1,183,2112,2306
3357191,335719,2,3357,19,1,20,224,779
3358011,335801,2,3358,1,1,170,2027,908
3358012,335801,1,3358,1,2,170,2027,908
3359141,335914,1,3359,14,1,76,968,7378
3360051,336005,0,3360,5,1,97,1167,1679
3361041,336104,1,3361,4,1,26,273,1479
3362121,336212,0,3362,12,1,160,1846,1388
3363011,336301,2,3363,1,1,50,703,3504
3364041,336404,3,3364,4,1,3,7,1634
3365021,336502,0,3365,2,1,29,301,1657
3366011,336601,2,3366,1,1,145,1705,2626
3367171,336717,3,3367,17,1,185,2140,1353
3368041,336804,1,3368,4,1,48,576,3999
3369021,336902,1,3369,2,1,146,1726,3600
3370021,337002,2,3370,2,1,145,1714,2478
3371041,337104,2,3371,4,1,141,1673,2831
3372051,337205,1,3372,5,1,165,1964,1215
3373061,337306,1,3373,6,1,160,1846,1388
3374021,337402,1,3374,2,1,85,1041,12342
3375051,337505,2,3375,5,1,65,899,2997
3376031,337603,2,3376,3,1,162,1906,1468
3377011,337701,1,3377,1,1,189,2156,1324
3378041,337804,2,3378,4,1,145,1711,2513
3379011,337901,1,3379,1,1,39,456,3330
3380091,338009,4,3380,9,1,61,877,2869
3381051,338105,2,3381,5,1,5,43,1062
3382191,338219,3,3382,19,1,37,444,3822
3383031,338303,1,3383,3,1,179,2087,1839
3384191,338419,1,3384,19,1,21,229,690
3385031,338503,1,3385,3,1,54,817,1191
3386201,338620,0,3386,20,1,135,1587,1397
3387021,338702,2,3387,2,1,113,1395,2979
3388031,338803,1,3388,3,1,113,1394,3011
3389011,338901,1,3389,1,1,107,1321,3056
3390011,339001,2,3390,1,1,49,671,1908
3391121,339112,1,3391,12,1,96,1156,1044
3392031,339203,1,3392,3,1,34,413,135
3393021,339302,1,3393,2,1,145,1698,2801
3394031,339403,1,3394,3,1,97,1158,1598
3395051,339505,2,3395,5,1,50,754,1844
3396041,339604,1,3396,4,1,24,262,629
3397031,339703,1,3397,3,1,80,1002,7693
3398031,339803,2,3398,3,1,162,1884,1659
3399051,339905,2,3399,5,1,162,1861,1888
3400021,340002,0,3400,2,1,103,1232,1097
3401031,340103,3,3401,3,1,49,660,3083
3402201,340220,1,3402,20,1,32,390,691
3403041,340304,1,3403,4,1,170,2015,1223
3404051,340405,1,3404,5,1,50,713,3405
3405051,340505,2,3405,5,1,143,1679,2282
3406051,340605,2,3406,5,1,80,1005,7057
3407051,340705,1,3407,5,1,169,2000,1024
3408031,340803,2,3408,3,1,50,682,3886
3409021,340902,2,3409,2,1,44,489,3232
3410041,341004,2,3410,4,1,170,2028,888
3411051,341105,3,3411,5,1,152,1799,2201
3412011,341201,1,3412,1,1,107,1296,3884
3413011,341301,1,3413,1,1,49,622,4001
3414011,341401,1,3414,1,1,15,161,365
3415021,341502,1,3415,2,1,54,812,1291
3416031,341603,2,3416,3,1,29,313,1588
3417021,341702,1,3417,2,1,133,1560,1890
3418141,341814,2,3418,14,1,129,1514,2031
3419051,341905,1,3419,5,1,111,1384,3206
3420011,342001,1,3420,1,1,6,52,1338
3421131,342113,1,3421,13,1,141,1673,2831
3422031,342203,2,3422,3,1,15,151,780
3423081,342308,2,3423,8,1,187,2147,1565
3424181,342418,1,3424,18,1,39,455,3338
3425141,342514,2,3425,14,1,180,2091,2598
3426021,342602,2,3426,2,1,136,1591,1218
3427051,342705,1,3427,5,1,50,739,2800
3428051,342805,2,3428,5,1,16,163,800
3429011,342901,2,3429,1,1,98,1182,1678
3430041,343004,0,3430,4,1,127,1493,1759
3431021,343102,0,3431,2,1,155,1818,1651
3432041,343204,1,3432,4,1,55,826,1300
3433061,343306,0,3433,6,1,21,227,882
3434201,343420,1,3434,20,1,105,1252,2794
3435031,343503,1,3435,3,1,97,1179,1178
3436091,343609,1,3436,9,1,105,1255,1919
3437031,343703,1,3437,3,1,131,1517,1769
3438021,343802,0,3438,2,1,182,2103,1967
3439011,343901,3,3439,1,1,176,2071,5973
3440171,344017,3,3440,17,1,20,223,797
3441201,344120,1,3441,20,1,67,923,1581
3442151,344215,1,3442,15,1,160,1847,1348
3443041,344304,2,3443,4,1,49,630,3778
3444041,344404,5,3444,4,1,44,514,2406
3445121,344512,0,3445,12,1,111,1384,3206
3446021,344602,1,3446,2,1,61,878,2843
3447031,344703,2,3447,3,1,21,229,690
3448031,344803,4,3448,3,1,16,169,677
3449021,344902,1,3449,2,1,138,1609,1304
3450191,345019,1,3450,19,1,187,2146,1688
3451021,345102,1,3451,2,1,50,742,2715
3452011,345201,1,3452,1,1,48,584,3791
3453151,345315,1,3453,15,1,100,1211,1520
3454141,345414,2,3454,14,1,51,766,1365
3455041,345504,1,3455,4,1,29,319,1519
3456071,345607,2,3456,7,1,88,1111,4301
3457021,345702,1,3457,2,1,44,508,2710
3458091,345809,1,3458,9,1,185,2138,1543
3459031,345903,1,3459,3,1,73,947,2917
3460051,346005,2,3460,5,1,85,1056,9925
3461171,346117,1,3461,17,1,52,771,1323
3462011,346201,2,3462,1,1,86,1078,10950
3463131,346313,1,3463,13,1,81,1018,5909
3464151,346415,0,3464,15,1,147,1736,2632
3465051,346505,1,3465,5,1,50,691,3701
3466041,346604,0,3466,4,1,50,694,3633
3467041,346704,3,3467,4,1,127,1484,1991
3468011,346801,1,3468,1,1,107,1328,2819
3469031,346903,2,3469,3,1,44,506,2740
3470021,347002,0,3470,2,1,29,310,1588
3471011,347101,3,3471,1,1,85,1046,11818
3472051,347205,0,3472,5,1,29,306,1616
3473031,347303,2,3473,3,1,49,616,4160
3474021,347402,2,3474,2,1,108,1368,2920
3475021,347502,1,3475,2,1,120,1423,5696
3476121,347612,2,3476,12,1,21,227,882
3477071,347707,1,3477,7,1,63,885,2839
3478031,347803,1,3478,3,1,66,910,3312
3479071,347907,2,3479,7,1,89,1113,3095
3480011,348001,1,3480,1,1,137,1598,1015
3481011,348101,2,3481,1,1,50,756,1305
3482051,348205,1,3482,5,1,74,958,2331
3483191,348319,4,3483,19,1,68,928,1288
3484051,348405,2,3484,5,1,94,1144,3862
3485081,348508,2,3485,8,1,116,1409,5069
3486031,348603,3,3486,3,1,81,1013,21426
3487031,348703,1,3487,3,1,128,1505,2103
3488011,348801,1,3488,1,1,128,1499,2283
3489171,348917,2,3489,17,1,155,1820,1502
3490061,349006,1,3490,6,1,136,1592,1094
3491041,349104,0,3491,4,1,176,2073,5822
3492041,349204,1,3492,4,1,107,1304,3237
3493161,349316,2,3493,16,1,26,274,1433
3494091,349409,2,3494,9,1,101,1217,1108
3495011,349501,2,3495,1,1,46,552,2970
3496031,349603,4,3496,3,1,49,655,3136
3497011,349701,1,3497,1,1,29,307,1605
3498091,349809,1,3498,9,1,96,1157,995
3499181,349918,1,3499,18,1,71,938,2501
3500031,350003,1,3500,3,1,31,376,1820
3501011,350101,2,3501,1,1,34,399,908
3502141,350214,1,3502,14,1,111,1378,4169
3503021,350302,3,3503,2,1,29,283,1835
3504051,350405,2,3504,5,1,49,644,3450
3505041,350504,1,3505,4,1,50,685,3836
3506051,350605,2,3506,5,1,140,1654,1478
3507011,350701,0,3507,1,1,108,1347,3354
3508041,350804,1,3508,4,1,36,433,666
3509031,350903,0,3509,3,1,31,385,1728
3510021,351002,2,3510,2,1,145,1699,2772
3511061,351106,2,3511,6,1,149,1740,2152
3512031,351203,1,3512,3,1,47,556,1507
3513011,351301,1,3513,1,1,126,1477,1644
3514031,351403,3,3514,3,1,121,1435,4504
3515201,351520,1,3515,20,1,153,1811,2396
3516171,351617,1,3516,17,1,153,1809,2602
3517081,351708,0,3517,8,1,96,1156,1044
3518041,351804,3,3518,4,1,103,1229,1153
3519021,351902,0,3519,2,1,139,1637,1272
3520011,352001,2,3520,1,1,158,1839,3897
3521041,352104,2,3521,4,1,165,1963,1595
3522051,352205,2,3522,5,1,26,274,1433
3523051,352305,3,3523,5,1,4,20,1269
3524101,352410,3,3524,10,1,76,968,7378
3525101,352510,1,3525,10,1,117,1413,3844
3526021,352602,1,3526,2,1,53,781,1302
3527041,352704,1,3527,4,1,150,1748,2637
3528031,352803,3,3528,3,1,107,1330,2550
3529191,352919,0,3529,19,1,172,2037,7996
3530061,353006,2,3530,6,1,116,1409,5069
3531031,353103,1,3531,3,1,36,438,660
3532031,353203,2,3532,3,1,50,723,3197
3533071,353307,1,3533,7,1,166,1969,729
3534161,353416,2,3534,16,1,154,1816,2554
3535021,353502,1,3535,2,1,163,1937,1730
3536031,353603,1,3536,3,1,9,64,3722
3537091,353709,2,3537,9,1,143,1681,2188
3538191,353819,0,3538,19,1,43,485,1975
3539031,353903,1,3539,3,1,106,1279,3185
3540051,354005,2,3540,5,1,182,2105,1935
3541011,354101,1,3541,1,1,48,578,3996
3542091,354209,0,3542,9,1,174,2047,5218
3543121,354312,3,3543,12,1,100,1210,1538
3544041,354404,2,3544,4,1,162,1898,1567
3545031,354503,3,3545,3,1,30,351,1464
3546111,354611,1,3546,11,1,7,60,4118
3546112,354611,1,3546,11,2,7,60,4118
3547051,354705,1,3547,5,1,53,784,1272
3548041,354804,1,3548,4,1,16,172,647
3549121,354912,2,3549,12,1,42,480,3631
3550171,355017,1,3550,17,1,130,1515,1790
3551041,355104,1,3551,4,1,56,832,4770
3552041,355204,4,3552,4,1,16,167,697
3553011,355301,1,3553,1,1,109,1372,3454
3554031,355403,2,3554,3,1,30,344,1491
3555021,355502,1,3555,2,1,25,270,631
3556031,355603,2,3556,3,1,166,1970,682
3557151,355715,0,3557,15,1,28,279,1313
3558041,355804,1,3558,4,1,15,159,501
3559021,355902,1,3559,2,1,120,1428,4206
3560031,356003,1,3560,3,1,49,646,3384
3561031,356103,1,3561,3,1,49,651,3240
3562061,356206,0,3562,6,1,71,938,2501
3563061,356306,0,3563,6,1,63,883,3042
3564121,356412,2,3564,12,1,52,774,1138
3565011,356501,1,3565,1,1,75,963,13690
3566141,356614,1,3566,14,1,56,833,4741
3567021,356702,2,3567,2,1,106,1283,3163
3568121,356812,1,3568,12,1,173,2043,4521
3569031,356903,2,3569,3,1,17,183,732
3570021,357002,2,3570,2,1,49,671,1908
3571051,357105,3,3571,5,1,48,571,4158
3572091,357209,2,3572,9,1,109,1373,2841
3573051,357305,1,3573,5,1,50,753,1937
3574031,357403,4,3574,3,1,131,1523,1751
3575051,357505,1,3575,5,1,30,357,1426
3576111,357611,0,3576,11,1,19,220,820
3577021,357702,1,3577,2,1,157,1836,3583
3578181,357818,0,3578,18,1,39,452,3699
3579011,357901,2,3579,1,1,4,22,1253
3580051,358005,1,3580,5,1,46,548,3089
3581011,358101,1,3581,1,1,49,651,3240
3582021,358202,1,3582,2,1,140,1666,1272
3583031,358303,2,3583,3,1,90,1114,10379
3584091,358409,1,3584,9,1,21,228,784
3585081,358508,1,3585,8,1,63,885,2839
3586131,358613,0,3586,13,1,136,1592,1094
3587031,358703,0,3587,3,1,36,435,677
3588031,358803,1,3588,3,1,173,2040,4785
3589011,358901,2,3589,1,1,6,48,1412
3590181,359018,0,3590,18,1,28,277,1380
3591181,359118,1,3591,18,1,125,1467,2137
3592031,359203,1,3592,3,1,11,131,2945
3593031,359303,1,3593,3,1,106,1282,3165
3594041,359404,0,3594,4,1,30,366,378
3595031,359503,1,3595,3,1,35,419,817
3596171,359617,2,3596,17,1,166,1970,682
3597071,359707,1,3597,7,1,52,768,1450
3598011,359801,1,3598,1,1,128,1507,2017
3599051,359905,3,3599,5,1,132,1553,1371
3600121,360012,3,3600,12,1,153,1809,2602
3601011,360101,1,3601,1,1,88,1106,5935
3602011,360201,0,3602,1,1,71,939,2376
3603111,360311,1,3603,11,1,27,275,1555
3604081,360408,1,3604,8,1,12,143,609
3605061,360506,1,3605,6,1,7,60,4118
3606011,360601,2,3606,1,1,50,709,3450
3607021,360702,1,3607,2,1,86,1076,11196
3608051,360805,0,3608,5,1,18,201,1028
3609021,360902,0,3609,2,1,36,437,666
3610051,361005,1,3610,5,1,103,1225,1267
3611021,361102,4,3611,2,1,55,823,1352
3612051,361205,2,3612,5,1,151,1777,2117
3613061,361306,1,3613,6,1,179,2089,1807
3614011,361401,1,3614,1,1,132,1536,1748
3615191,361519,0,3615,19,1,101,1219,985
3616041,361604,2,3616,4,1,106,1285,3116
3617041,361704,0,3617,4,1,66,914,3029
3618011,361801,1,3618,1,1,56,829,19751
3619011,361901,2,3619,1,1,79,994,7315
3620021,362002,1,3620,2,1,162,1901,1547
3621041,362104,2,3621,4,1,107,1315,3121
3622011,362201,1,3622,1,1,107,1316,3120
3623041,362304,1,3623,4,1,103,1225,1267
3624041,362404,2,3624,4,1,163,1938,1729
3625121,362512,0,3625,12,1,37,444,3822
3626021,362602,2,3626,2,1,44,494,3005
3627061,362706,2,3627,6,1,89,1112,3110
3628041,362804,2,3628,4,1,107,1309,3217
3629051,362905,1,3629,5,1,75,960,17114
3630061,363006,1,3630,6,1,63,887,2678
3631051,363105,2,3631,5,1,162,1887,1655
3632051,363205,1,3632,5,1,19,221,728
3633021,363302,1,3633,2,1,53,786,1242
3634051,363405,1,3634,5,1,170,2027,908
3635021,363502,2,3635,2,1,50,715,3333
3636041,363604,2,3636,4,1,11,123,3224
3637031,363703,1,3637,3,1,30,341,1527
3638041,363804,2,3638,4,1,86,1067,13050
3639041,363904,2,3639,4,1,92,1133,4201
3640041,364004,1,3640,4,1,30,362,1346
3641111,364111,1,3641,11,1,135,1587,1397
3642201,364220,1,3642,20,1,118,1414,5277
3643071,364307,1,3643,7,1,154,1816,2554
3644041,364404,1,3644,4,1,53,778,1314
3645021,364502,1,3645,2,1,43,484,2372
3646031,364603,0,3646,3,1,155,1818,1651
3647021,364702,1,3647,2,1,39,454,3356
3648071,364807,1,3648,7,1,111,1385,3030
3649011,364901,0,3649,1,1,67,917,1831
3650021,365002,3,3650,2,1,122,1449,5146
3651051,365105,1,3651,5,1,108,1358,3240
3652051,365205,1,3652,5,1,128,1499,2283
3653051,365305,2,3653,5,1,188,2151,1526
3654031,365403,0,3654,3,1,71,939,2376
3655011,365501,1,3655,1,1,30,330,1652
3656011,365601,1,3656,1,1,50,731,2977
3657091,365709,2,3657,9,1,26,273,1479
3658181,365818,2,3658,18,1,167,1974,661
3659021,365902,2,3659,2,1,98,1183,1674
3660171,366017,1,3660,17,1,148,1738,2836
3661031,366103,1,3661,3,1,30,334,1560
3662051,366205,1,3662,5,1,50,724,3172
3663011,366301,3,3663,1,1,184,2134,2491
3664041,366404,1,3664,4,1,162,1906,1468
3665031,366503,2,3665,3,1,162,1870,1743
3666181,366618,2,3666,18,1,117,1413,3844
3667021,366702,3,3667,2,1,50,739,2800
3668121,366812,1,3668,12,1,136,1592,1094
3669031,366903,2,3669,3,1,170,2028,888
3670161,367016,1,3670,16,1,52,769,1449
3671011,367101,2,3671,1,1,46,551,3012
3672131,367213,0,3672,13,1,111,1378,4169
3673141,367314,1,3673,14,1,135,1587,1397
3674011,367401,2,3674,1,1,11,141,1377
3675051,367505,2,3675,5,1,16,164,751
3676021,367602,1,3676,2,1,85,1040,12481
3677061,367706,1,3677,6,1,172,2036,8005
3678051,367805,0,3678,5,1,61,877,2869
3679201,367920,2,3679,20,1,117,1412,4714
3680041,368004,1,3680,4,1,163,1912,2138
3681141,368114,2,3681,14,1,3,7,1634
3682081,368208,1,3682,8,1,143,1681,2188
3683011,368301,2,3683,1,1,4,25,1165
3684021,368402,2,3684,2,1,49,654,3163
3685051,368505,0,3685,5,1,131,1517,1769
3686051,368605,1,3686,5,1,169,2008,972
3687041,368704,2,3687,4,1,78,974,11253
3688081,368808,1,3688,8,1,88,1111,4301
3689091,368909,1,3689,9,1,28,279,1313
3690011,369001,1,3690,1,1,9,92,2345
3691111,369111,1,3691,11,1,68,927,1392
3692051,369205,1,3692,5,1,49,659,3093
3693021,369302,2,3693,2,1,45,519,3308
3693022,369302,2,3693,2,2,45,519,3308
3694161,369416,2,3694,16,1,154,1815,2566
3695061,369506,2,3695,6,1,88,1107,4964
3696051,369605,1,3696,5,1,152,1803,2091
3697051,369705,2,3697,5,1,138,1618,1029
3698051,369805,2,3698,5,1,38,445,7240
3699021,369902,1,3699,2,1,162,1905,1472
3700011,370001,2,3700,1,1,132,1559,486
3701101,370110,1,3701,10,1,63,883,3042
3702051,370205,3,3702,5,1,106,1263,3596
3703041,370304,1,3703,4,1,49,632,3741
3704021,370402,1,3704,2,1,162,1892,1614
3705161,370516,1,3705,16,1,143,1680,2209
3706041,370604,2,3706,4,1,91,1121,4338
3707041,370704,2,3707,4,1,79,995,7226
3708181,370818,1,3708,18,1,71,935,2985
3708182,370818,0,3708,18,2,71,935,2985
3709011,370901,3,3709,1,1,139,1619,1656
3710031,371003,1,3710,3,1,55,827,1261
3711021,371102,2,3711,2,1,80,1005,7057
3712181,371218,1,3712,18,1,118,1415,5024
3713011,371301,3,3713,1,1,53,794,1193
3714031,371403,3,3714,3,1,78,981,8739
3715031,371503,1,3715,3,1,48,579,3927
3716011,371601,1,3716,1,1,152,1792,2468
3717061,371706,1,3717,6,1,70,933,2426
3718031,371803,0,3718,3,1,39,447,4920
3719131,371913,1,3719,13,1,105,1254,2584
3720051,372005,0,3720,5,1,46,549,3082
3721011,372101,1,3721,1,1,106,1277,3200
3722021,372202,1,3722,2,1,138,1613,1193
3723121,372312,2,3723,12,1,20,224,779
3724141,372414,0,3724,14,1,143,1680,2209
3725011,372501,1,3725,1,1,128,1502,2168
3726041,372604,0,3726,4,1,65,903,2393
3727011,372701,2,3727,1,1,162,1887,1655
3728041,372804,3,3728,4,1,122,1457,1696
3729041,372904,1,3729,4,1,46,551,3012
3730151,373015,0,3730,15,1,90,1115,3760
3731031,373103,0,3731,3,1,188,2153,1417
3732021,373202,2,3732,2,1,55,828,1133
3733051,373305,0,3733,5,1,6,54,1277
3734051,373405,3,3734,5,1,88,1108,4784
3735041,373504,1,3735,4,1,58,845,5229
3736021,373602,5,3736,2,1,22,231,426
3737061,373706,2,3737,6,1,26,274,1433
3738131,373813,0,3738,13,1,63,886,2839
3739041,373904,2,3739,4,1,16,166,699
3740161,374016,2,3740,16,1,141,1674,2757
3741031,374103,1,3741,3,1,153,1809,2602
3742041,374204,1,3742,4,1,47,556,1507
3743011,374301,2,3743,1,1,50,713,3405
3744021,374402,1,3744,2,1,162,1895,1601
3744022,374402,0,3744,2,2,162,1895,1601
3745031,374503,2,3745,3,1,119,1416,4593
3746041,374604,1,3746,4,1,83,1022,25014
3747141,374714,1,3747,14,1,166,1969,729
3748021,374802,1,3748,2,1,136,1592,1094
3749131,374913,1,3749,13,1,63,889,2449
3750021,375002,4,3750,2,1,5,36,1258
3751011,375101,1,3751,1,1,174,2048,4995
3752111,375211,2,3752,11,1,51,765,1494
3753121,375312,4,3753,12,1,89,1112,3110
3754151,375415,0,3754,15,1,111,1378,4169
3755021,375502,0,3755,2,1,18,205,772
3756051,375605,2,3756,5,1,163,1929,1777
3757011,375701,2,3757,1,1,106,1278,3197
3758021,375802,2,3758,2,1,148,1738,2836
3759121,375912,2,3759,12,1,186,2142,1673
3760181,376018,1,3760,18,1,56,833,4741
3761051,376105,1,3761,5,1,98,1185,1596
3762021,376202,3,3762,2,1,145,1717,2424
3763181,376318,2,3763,18,1,26,274,1433
3764031,376403,1,3764,3,1,174,2047,5218
3765031,376503,3,3765,3,1,106,1275,3225
3766041,376604,3,3766,4,1,139,1647,1151
3767031,376703,3,3767,3,1,34,405,769
3768051,376805,3,3768,5,1,50,726,3103
3769131,376913,2,3769,13,1,137,1598,1015
3770191,377019,3,3770,19,1,61,878,2843
3771101,377110,2,3771,10,1,143,1683,811
3772011,377201,1,3772,1,1,9,84,2880
3772012,377201,2,3772,1,2,9,84,2880
3773041,377304,2,3773,4,1,54,813,1277
3774011,377401,0,3774,1,1,9,80,3018
3775031,377503,1,3775,3,1,48,572,4144
3776041,377604,1,3776,4,1,2,5,1680
3777021,377702,1,3777,2,1,53,794,1193
3778031,377803,1,3778,3,1,81,1012,22127
3779021,377902,2,3779,2,1,108,1364,3100
3780031,378003,3,3780,3,1,48,600,2328
3781201,378120,1,3781,20,1,52,770,1405
3782051,378205,3,3782,5,1,58,854,4749
3783051,378305,1,3783,5,1,106,1287,3093
3784041,378404,0,3784,4,1,63,884,3037
3785111,378511,3,3785,11,1,67,919,1831
3786021,378602,3,3786,2,1,29,299,1663
3787051,378705,2,3787,5,1,106,1262,3621
3788021,378802,1,3788,2,1,140,1665,1274
3789071,378907,1,3789,7,1,88,1107,4964
3790081,379008,0,3790,8,1,63,882,3147
3791111,379111,2,3791,11,1,174,2047,5218
3792041,379204,2,3792,4,1,66,913,3039
3793041,379304,1,3793,4,1,169,1988,1121
3794011,379401,1,3794,1,1,183,2121,1915
3795051,379505,2,3795,5,1,54,812,1291
3796021,379602,1,3796,2,1,49,606,4668
3797121,379712,1,3797,12,1,39,456,3330
3798041,379804,0,3798,4,1,120,1427,4872
3799191,379919,1,3799,19,1,63,885,2839
3800021,380002,1,3800,2,1,104,1246,891
3801011,380101,1,3801,1,1,50,727,3076
3802011,380201,1,3802,1,1,48,572,4144
3803011,380301,2,3803,1,1,53,783,1277
3804031,380403,1,3804,3,1,109,1374,2508
3805011,380501,0,3805,1,1,1,3,848
3806051,380605,1,3806,5,1,108,1349,3340
3807081,380708,1,3807,8,1,38,445,7240
3808071,380807,1,3808,7,1,173,2040,4785
3809051,380905,2,3809,5,1,146,1732,2859
3810031,381003,1,3810,3,1,9,80,3018
3811041,381104,1,3811,4,1,162,1874,1727
3812011,381201,1,3812,1,1,133,1560,1890
3813041,381304,1,3813,4,1,178,2084,2239
3814051,381405,0,3814,5,1,163,1936,1737
3815171,381517,2,3815,17,1,88,1110,4468
3816051,381605,2,3816,5,1,88,1110,4468
3817121,381712,1,3817,12,1,71,936,2779
3818031,381803,0,3818,3,1,5,37,1190
3819081,381908,0,3819,8,1,179,2087,1839
3820021,382002,0,3820,2,1,80,1009,6673
3821021,382102,0,3821,2,1,31,380,1789
3822051,382205,1,3822,5,1,70,931,3702
3823181,382318,2,3823,18,1,129,1513,2829
3824051,382405,1,3824,5,1,146,1733,2850
3825021,382502,1,3825,2,1,131,1521,1873
3826031,382603,3,3826,3,1,33,395,576
3827041,382704,1,3827,4,1,18,204,778
3828041,382804,3,3828,4,1,145,1718,2406
3829051,382905,2,3829,5,1,17,198,609
3830021,383002,0,3830,2,1,4,10,1404
3831071,383107,1,3831,7,1,135,1586,1785
3832021,383202,1,3832,2,1,9,66,3514
3833111,383311,1,3833,11,1,21,229,690
3834051,383405,1,3834,5,1,3,7,1634
3835051,383505,1,3835,5,1,93,1137,4450
3836051,383605,1,3836,5,1,139,1636,1275
3837041,383704,2,3837,4,1,86,1070,12734
3838051,383805,2,3838,5,1,151,1788,1815
3839031,383903,3,3839,3,1,107,1310,3190
3840011,384001,1,3840,1,1,145,1708,2585
3841031,384103,1,3841,3,1,162,1864,1822
3842021,384202,0,3842,2,1,44,490,3184
3843041,384304,1,3843,4,1,169,1995,1077
3844201,384420,1,3844,20,1,135,1583,1844
3845021,384502,1,3845,2,1,131,1526,1205
3846081,384608,2,3846,8,1,174,2045,5770
3847131,384713,1,3847,13,1,67,919,1831
3848091,384809,1,3848,9,1,117,1413,3844
3849041,384904,1,3849,4,1,55,823,1352
3850041,385004,1,3850,4,1,144,1693,2560
3851031,385103,2,3851,3,1,164,1961,1825
3852011,385201,1,3852,1,1,104,1242,1019
3853041,385304,0,3853,4,1,86,1084,9385
3854051,385405,0,3854,5,1,18,205,772
3855011,385501,2,3855,1,1,35,417,879
3856031,385603,2,3856,3,1,79,994,7315
3857071,385707,2,3857,7,1,37,443,3934
3858131,385813,1,3858,13,1,153,1813,2357
3859021,385902,1,3859,2,1,50,698,3527
3860111,386011,0,3860,11,1,160,1845,1479
3861011,386101,3,3861,1,1,138,1615,1177
3862051,386205,2,3862,5,1,190,2169,2030
3863011,386301,2,3863,1,1,170,2014,1293
3864191,386419,1,3864,19,1,56,833,4741
3865011,386501,2,3865,1,1,30,366,378
3866031,386603,2,3866,3,1,44,496,2933
3867031,386703,3,3867,3,1,20,224,779
3868151,386815,1,3868,15,1,100,1212,1495
3869041,386904,2,3869,4,1,106,1260,3641
3870041,387004,1,3870,4,1,106,1273,3255
3871041,387104,2,3871,4,1,53,790,1212
3872051,387205,2,3872,5,1,18,213,721
3873031,387303,2,3873,3,1,129,1513,2829
3874201,387420,2,3874,20,1,83,1023,11415
3875021,387502,0,3875,2,1,46,554,2509
3876041,387604,1,3876,4,1,132,1548,1458
3877041,387704,1,3877,4,1,150,1752,2611
3878011,387801,1,3878,1,1,87,1100,11129
3879071,387907,1,3879,7,1,143,1681,2188
3880041,388004,1,3880,4,1,53,779,1309
3881151,388115,1,3881,15,1,90,1116,3460
3882011,388201,1,3882,1,1,50,698,3527
3883011,388301,1,3883,1,1,133,1569,1256
3884051,388405,1,3884,5,1,132,1532,1887
3885031,388503,1,3885,3,1,22,230,474
3886151,388615,0,3886,15,1,117,1411,4824
3887041,388704,1,3887,4,1,50,733,2944
3888011,388801,2,3888,1,1,145,1711,2513
3889051,388905,1,3889,5,1,153,1810,2576
3890011,389001,1,3890,1,1,44,508,2710
3891141,389114,1,3891,14,1,52,773,1281
3892051,389205,2,3892,5,1,38,446,6693
3893011,389301,2,3893,1,1,80,1011,4558
3894201,389420,1,3894,20,1,8,63,1922
3895021,389502,1,3895,2,1,85,1042,12302
3896051,389605,2,3896,5,1,80,1009,6673
3897181,389718,1,3897,18,1,83,1024,5447
3898031,389803,2,3898,3,1,79,986,9208
3899051,389905,2,3899,5,1,11,136,2692
3900041,390004,2,3900,4,1,58,857,4148
3901191,390119,1,3901,19,1,142,1677,2524
3902011,390201,1,3902,1,1,50,752,2069
3903101,390310,1,3903,10,1,166,1970,682
3904031,390403,1,3904,3,1,113,1396,2633
3905041,390504,1,3905,4,1,86,1068,12827
3906041,390604,3,3906,4,1,50,741,2785
3907041,390704,1,3907,4,1,88,1110,4468
3908011,390801,2,3908,1,1,59,863,5357
3909111,390911,3,3909,11,1,61,878,2843
3910061,391006,0,3910,6,1,187,2149,1504
3911051,391105,2,3911,5,1,127,1488,1944
3912011,391201,2,3912,1,1,48,582,3890
3913011,391301,0,3913,1,1,56,833,4741
3913012,391301,1,3913,1,2,56,833,4741
3913013,391301,1,3913,1,3,56,833,4741
3914041,391404,2,3914,4,1,162,1857,1952
3915181,391518,2,3915,18,1,90,1116,3460
3916051,391605,1,3916,5,1,127,1480,2089
3917031,391703,2,3917,3,1,30,342,1519
3918191,391819,1,3918,19,1,153,1812,2385
3919011,391901,2,3919,1,1,107,1317,3114
3920141,392014,3,3920,14,1,147,1736,2632
3921041,392104,1,3921,4,1,10,107,2960
3922051,392205,1,3922,5,1,11,122,3361
3923111,392311,1,3923,11,1,117,1410,5193
3924031,392403,2,3924,3,1,169,2003,1004
3925181,392518,1,3925,18,1,39,454,3356
3926011,392601,1,3926,1,1,23,249,685
3927041,392704,3,3927,4,1,106,1270,3319
3928041,392804,1,3928,4,1,150,1758,2454
3929031,392903,1,3929,3,1,85,1043,12201
3930111,393011,1,3930,11,1,56,832,4770
3931011,393101,1,3931,1,1,50,724,3172
3932031,393203,0,3932,3,1,65,895,3954
3933051,393305,3,3933,5,1,184,2135,2421
3934031,393403,1,3934,3,1,49,652,3190
3935141,393514,2,3935,14,1,27,275,1555
3936041,393604,1,3936,4,1,140,1653,1511
3937011,393701,1,3937,1,1,163,1944,1681
3938031,393803,2,3938,3,1,4,17,1290
3939021,393902,2,3939,2,1,16,166,699
3940191,394019,2,3940,19,1,67,920,1739
3941091,394109,1,3941,9,1,56,832,4770
3942031,394203,1,3942,3,1,66,914,3029
3943141,394314,1,3943,14,1,154,1814,2660
3944171,394417,1,3944,17,1,100,1209,1651
3945031,394503,1,3945,3,1,106,1291,2916
3946011,394601,1,3946,1,1,163,1939,1728
3947041,394704,1,3947,4,1,50,687,3768
3948031,394803,2,3948,3,1,61,878,2843
3949021,394902,1,3949,2,1,67,921,1645
3950051,395005,4,3950,5,1,139,1626,1349
3951091,395109,4,3951,9,1,70,932,2540
3952121,395212,2,3952,12,1,63,882,3147
3953031,395303,2,3953,3,1,189,2157,1267
3954041,395404,1,3954,4,1,169,2003,1004
3954042,395404,1,3954,4,2,169,2003,1004
3955051,395505,1,3955,5,1,161,1851,1956
3956011,395601,1,3956,1,1,6,51,1346
3957041,395704,1,3957,4,1,63,889,2449
3958121,395812,0,3958,12,1,117,1412,4714
3959181,395918,0,3959,18,1,160,1846,1388
3960121,396012,1,3960,12,1,155,1823,414
3961081,396108,2,3961,8,1,174,2047,5218
3962021,396202,1,3962,2,1,166,1966,2755
3963141,396314,2,3963,14,1,61,877,2869
3964121,396412,1,3964,12,1,88,1111,4301
3965041,396504,1,3965,4,1,128,1512,1899
3966091,396609,1,3966,9,1,67,923,1581
3967091,396709,1,3967,9,1,154,1816,2554
3968031,396803,5,3968,3,1,9,87,2716
3969011,396901,4,3969,1,1,163,1919,1901
3970141,397014,2,3970,14,1,14,149,796
3971051,397105,3,3971,5,1,155,1820,1502
3972131,397213,1,3972,13,1,39,453,3363
3973031,397303,2,3973,3,1,74,957,2792
3974161,397416,0,3974,16,1,28,279,1313
3975021,397502,2,3975,2,1,155,1822,916
3976041,397604,0,3976,4,1,59,868,4829
3977051,397705,2,3977,5,1,162,1858,1927
3978171,397817,1,3978,17,1,143,1681,2188
3979101,397910,1,3979,10,1,173,2040,4785
3980021,398002,2,3980,2,1,66,908,3730
3981041,398104,2,3981,4,1,65,904,2203
3982031,398203,2,3982,3,1,4,16,1324
3983011,398301,2,3983,1,1,125,1466,2305
3984121,398412,0,3984,12,1,136,1589,1281
3985051,398505,2,3985,5,1,66,908,3730
3986011,398601,1,3986,1,1,106,1271,3317
3987011,398701,3,3987,1,1,156,1832,1591
3988031,398803,1,3988,3,1,31,382,1784
3989191,398919,1,3989,19,1,125,1466,2305
3990041,399004,1,3990,4,1,18,200,1048
3991051,399105,2,3991,5,1,108,1351,3297
3992021,399202,2,3992,2,1,108,1346,3360
3993021,399302,3,3993,2,1,4,18,1287
3994031,399403,2,3994,3,1,48,561,4978
3995031,399503,2,3995,3,1,48,576,3999
3996021,399602,1,3996,2,1,4,27,1069
3997151,399715,1,3997,15,1,2,6,392
3998051,399805,0,3998,5,1,68,926,4627
3999031,399903,1,3999,3,1,66,911,3224
4000111,400011,2,4000,11,1,136,1588,1337
4001071,400107,2,4001,7,1,186,2142,1673
4002041,400204,1,4002,4,1,127,1487,1951
4003041,400304,2,4003,4,1,50,712,3409
4004031,400403,1,4004,3,1,185,2141,1249
4005051,400505,1,4005,5,1,97,1171,1518
4006011,400601,2,4006,1,1,79,995,7226
4007021,400702,1,4007,2,1,129,1513,2829
4008051,400805,3,4008,5,1,44,492,3066
4009051,400905,1,4009,5,1,9,77,3152
4010031,401003,2,4010,3,1,75,960,17114
4011081,401108,1,4011,8,1,19,220,820
4012021,401202,1,4012,2,1,64,893,2857
4013031,401303,1,4013,3,1,128,1499,2283
4014141,401414,2,4014,14,1,63,883,3042
4015011,401501,2,4015,1,1,131,1521,1873
4016171,401617,0,4016,17,1,111,1384,3206
4017041,401704,1,4017,4,1,97,1164,1770
4018041,401804,2,4018,4,1,169,1989,1117
4019151,401915,1,4019,15,1,63,882,3147
4020031,402003,1,4020,3,1,137,1599,1009
4021051,402105,2,4021,5,1,107,1317,3114
4022171,402217,0,4022,17,1,101,1216,1115
4023031,402303,1,4023,3,1,30,358,1424
4024161,402416,1,4024,16,1,88,1111,4301
4025021,402502,0,4025,2,1,163,1936,1737
4026031,402603,1,4026,3,1,121,1436,4491
4027041,402704,2,4027,4,1,35,429,746
4028081,402808,2,4028,8,1,173,2039,5218
4029011,402901,1,4029,1,1,106,1258,3685
4030011,403001,1,4030,1,1,175,2061,5349
4031041,403104,2,4031,4,1,108,1333,3295
4032041,403204,2,4032,4,1,107,1313,3148
4033181,403318,1,4033,18,1,130,1516,1778
4034181,403418,1,4034,18,1,186,2143,1518
4035111,403511,2,4035,11,1,115,1405,6115
4036031,403603,2,4036,3,1,182,2097,2212
4037041,403704,2,4037,4,1,40,467,3899
4038051,403805,1,4038,5,1,49,666,2907
4039051,403905,1,4039,5,1,9,67,3508
4040031,404003,1,4040,3,1,11,129,2991
4041051,404105,2,4041,5,1,82,1020,15428
4041052,404105,1,4041,5,2,82,1020,15428
4042021,404202,2,4042,2,1,34,413,135
4043021,404302,1,4043,2,1,37,444,3822
4044021,404402,3,4044,2,1,15,152,779
4045021,404502,1,4045,2,1,37,442,5052
4046031,404603,3,4046,3,1,169,1983,1189
4047021,404702,1,4047,2,1,120,1421,5724
4048011,404801,5,4048,1,1,80,1004,7094
4049051,404905,1,4049,5,1,30,338,1543
4050031,405003,2,4050,3,1,145,1716,2453
4051111,405111,2,4051,11,1,8,62,1927
4052031,405203,1,4052,3,1,4,14,1342
4053171,405317,1,4053,17,1,39,450,4023
4054101,405410,2,4054,10,1,100,1212,1495
4055031,405503,2,4055,3,1,45,531,2980
4056121,405612,1,4056,12,1,105,1252,2794
4057031,405703,1,4057,3,1,57,836,4721
4058031,405803,1,4058,3,1,49,667,2893
4059021,405902,2,4059,2,1,139,1635,1284
4060051,406005,2,4060,5,1,176,2074,5801
4061111,406111,1,4061,11,1,109,1374,2508
4062031,406203,1,4062,3,1,10,117,2757
4063031,406303,3,4063,3,1,137,1598,1015
4064051,406405,1,4064,5,1,15,152,779
4065051,406505,1,4065,5,1,53,790,1212
4066101,406610,1,4066,10,1,187,2147,1565
4067051,406705,2,4067,5,1,86,1081,10084
4068171,406817,1,4068,17,1,33,395,576
4069041,406904,3,4069,4,1,98,1194,1220
4070011,407001,1,4070,1,1,106,1295,995
4071131,407113,3,4071,13,1,56,830,5624
4072031,407203,1,4072,3,1,10,100,3332
4073171,407317,1,4073,17,1,70,931,3702
4074121,407412,1,4074,12,1,149,1742,1939
4075041,407504,1,4075,4,1,56,831,4889
4076051,407605,2,4076,5,1,126,1473,2107
4077011,407701,3,4077,1,1,79,997,6613
4078031,407803,0,4078,3,1,49,668,2665
4079181,407918,2,4079,18,1,94,1147,957
4080031,408003,1,4080,3,1,48,578,3996
4080032,408003,1,4080,3,2,48,578,3996
4080033,408003,2,4080,3,3,48,578,3996
4081031,408103,0,4081,3,1,5,42,1088
4082031,408203,0,4082,3,1,169,1985,1170
4083031,408303,1,4083,3,1,7,61,3848
4084051,408405,5,4084,5,1,34,408,739
4085051,408505,1,4085,5,1,63,887,2678
4086051,408605,0,4086,5,1,68,925,5432
4087111,408711,4,4087,11,1,90,1114,10379
4088031,408803,1,4088,3,1,169,1986,1167
4089051,408905,2,4089,5,1,29,289,1737
4090011,409001,1,4090,1,1,50,692,3665
4091081,409108,1,4091,8,1,52,772,1285
4092051,409205,1,4092,5,1,24,260,692
4093041,409304,0,4093,4,1,44,492,3066
4094011,409401,1,4094,1,1,117,1410,5193
4095081,409508,3,4095,8,1,153,1813,2357
4096051,409605,1,4096,5,1,185,2138,1543
4097031,409703,1,4097,3,1,120,1422,5722
4098011,409801,1,4098,1,1,34,397,960
4099051,409905,1,4099,5,1,101,1216,1115
4100051,410005,2,4100,5,1,164,1956,2005
4101021,410102,1,4101,2,1,58,852,4802
4102031,410203,0,4102,3,1,111,1382,3286
4103011,410301,0,4103,1,1,128,1504,2131
4104191,410419,0,4104,19,1,56,832,4770
4105041,410504,0,4105,4,1,120,1419,6156
4106041,410604,1,4106,4,1,102,1223,1242
4107031,410703,2,4107,3,1,106,1269,3334
4108011,410801,1,4108,1,1,11,131,2945
4109021,410902,1,4109,2,1,108,1338,3457
4110191,411019,3,4110,19,1,14,149,796
4111041,411104,1,4111,4,1,140,1664,1294
4112031,411203,1,4112,3,1,162,1899,1566
4113031,411303,1,4113,3,1,48,587,3640
4113032,411303,1,4113,3,2,48,587,3640
4114041,411404,1,4114,4,1,108,1350,3315
4115081,411508,0,4115,8,1,111,1383,3212
4116011,411601,2,4116,1,1,52,770,1405
4117011,411701,0,4117,1,1,50,717,3323
4118051,411805,1,4118,5,1,107,1330,2550
4119181,411918,0,4119,18,1,101,1216,1115
4120021,412002,3,4120,2,1,107,1330,2550
4121091,412109,1,4121,9,1,110,1376,4727
4122021,412202,1,4122,2,1,156,1834,771
4123011,412301,2,4123,1,1,11,122,3361
4124041,412404,1,4124,4,1,188,2154,1413
4125041,412504,3,4125,4,1,29,303,1637
4126051,412605,1,4126,5,1,189,2163,1150
4127121,412712,2,4127,12,1,7,60,4118
4128031,412803,3,4128,3,1,18,212,726
4129031,412903,1,4129,3,1,23,245,744
4130041,413004,2,4130,4,1,162,1876,1713
4131011,413101,1,4131,1,1,37,444,3822
4132011,413201,2,4132,1,1,106,1264,3506
4133031,413303,2,4133,3,1,132,1537,1731
4134141,413414,1,4134,14,1,52,771,1323
4135131,413513,2,4135,13,1,83,1023,11415
4136021,413602,3,4136,2,1,144,1696,2404
4137011,413701,2,4137,1,1,54,813,1277
4138171,413817,1,4138,17,1,187,2145,1691
4139161,413916,1,4139,16,1,90,1115,3760
4140011,414001,2,4140,1,1,100,1210,1538
4141141,414114,0,4141,14,1,27,276,1431
4142011,414201,1,4142,1,1,63,888,2579
4143041,414304,1,4143,4,1,153,1812,2385
4144011,414401,1,4144,1,1,154,1814,2660
4145041,414504,1,4145,4,1,81,1014,20259
4146011,414601,1,4146,1,1,184,2129,2725
4147011,414701,0,4147,1,1,23,244,752
4147012,414701,3,4147,1,2,23,244,752
4148181,414818,1,4148,18,1,101,1217,1108
4149021,414902,1,4149,2,1,93,1140,3966
4150021,415002,2,4150,2,1,85,1046,11818
4151011,415101,1,4151,1,1,106,1286,3116
4152171,415217,3,4152,17,1,116,1409,5069
4153011,415301,2,4153,1,1,50,738,2848
4154031,415403,1,4154,3,1,46,552,2970
4155061,415506,1,4155,6,1,174,2048,4995
4156051,415605,1,4156,5,1,162,1885,1657
4157011,415701,0,4157,1,1,30,333,1615
4158141,415814,2,4158,14,1,13,146,496
4159101,415910,0,4159,10,1,159,1843,2250
4160041,416004,1,4160,4,1,50,711,3409
4161011,416101,0,4161,1,1,185,2139,1468
4162031,416203,1,4162,3,1,138,1618,1029
4163041,416304,2,4163,4,1,107,1310,3190
4164041,416404,0,4164,4,1,72,943,2474
4165021,416502,1,4165,2,1,138,1617,1097
4166011,416601,1,4166,1,1,67,915,1831
4167161,416716,1,4167,16,1,57,835,5223
4168051,416805,2,4168,5,1,121,1443,3700
4169121,416912,0,4169,12,1,39,447,4920
4170031,417003,2,4170,3,1,49,675,1417
4171021,417102,2,4171,2,1,50,693,3642
4172011,417201,1,4172,1,1,111,1385,3030
4173031,417303,1,4173,3,1,100,1211,1520
4174011,417401,1,4174,1,1,80,1003,7520
4175161,417516,1,4175,16,1,155,1822,916
4176031,417603,2,4176,3,1,162,1877,1713
4177051,417705,0,4177,5,1,100,1213,1488
4178051,417805,1,4178,5,1,59,865,5338
4179021,417902,1,4179,2,1,106,1285,3116
4180201,418020,1,4180,20,1,149,1742,1939
4181181,418118,1,4181,18,1,57,835,5223
4182051,418205,2,4182,5,1,50,763,485
4183041,418304,1,4183,4,1,4,18,1287
4184021,418402,1,4184,2,1,49,629,3784
4185041,418504,2,4185,4,1,11,132,2860
4186021,418602,1,4186,2,1,151,1786,1977
4187071,418707,0,4187,7,1,94,1147,957
4188161,418816,1,4188,16,1,111,1384,3206
4189021,418902,2,4189,2,1,121,1432,5447
4190091,419009,2,4190,9,1,160,1848,1343
4191041,419104,3,4191,4,1,183,2116,2118
4192041,419204,2,4192,4,1,132,1534,1839
4193041,419304,1,4193,4,1,121,1440,4259
4194171,419417,1,4194,17,1,173,2044,4268
4195021,419502,0,4195,2,1,24,257,790
4196011,419601,1,4196,1,1,145,1716,2453
4197021,419702,1,4197,2,1,140,1661,1382
4198201,419820,2,4198,20,1,110,1375,5038
4199051,419905,2,4199,5,1,140,1668,1209
4200031,420003,2,4200,3,1,49,621,4008
4201051,420105,1,4201,5,1,137,1596,1073
4201052,420105,1,4201,5,2,137,1596,1073
4202031,420203,2,4202,3,1,85,1051,11199
4203151,420315,2,4203,15,1,173,2042,4624
4204181,420418,0,4204,18,1,173,2041,4774
4205021,420502,2,4205,2,1,107,1311,3189
4206121,420612,1,4206,12,1,28,278,1371
4207051,420705,1,4207,5,1,10,115,2825
4208161,420816,2,4208,16,1,174,2048,4995
4209111,420911,1,4209,11,1,21,225,1029
4210021,421002,1,4210,2,1,88,1111,4301
4211051,421105,1,4211,5,1,63,883,3042
4212011,421201,0,4212,1,1,149,1742,1939
4213021,421302,2,4213,2,1,49,612,4271
4214011,421401,0,4214,1,1,79,986,9208
4215051,421505,2,4215,5,1,151,1771,2198
4216021,421602,1,4216,2,1,89,1112,3110
4217051,421705,4,4217,5,1,94,1149,884
4218011,421801,2,4218,1,1,10,112,2852
4219091,421909,0,4219,9,1,39,452,3699
4220041,422004,4,4220,4,1,40,463,4100
4221101,422110,2,4221,10,1,143,1680,2209
4222021,422202,1,4222,2,1,130,1516,1778
4223141,422314,1,4223,14,1,12,143,609
4224191,422419,4,4224,19,1,143,1682,2124
4225051,422505,2,4225,5,1,86,1064,15368
4226031,422603,1,4226,3,1,139,1649,1058
4227031,422703,1,4227,3,1,150,1744,2766
4228021,422802,1,4228,2,1,49,608,4537
4229041,422904,1,4229,4,1,162,1870,1743
4230081,423008,1,4230,8,1,94,1148,948
4231051,423105,2,4231,5,1,24,259,719
4232031,423203,1,4232,3,1,49,645,3421
4233031,423303,2,4233,3,1,24,261,653
4234151,423415,2,4234,15,1,20,224,779
4235041,423504,2,4235,4,1,163,1943,1706
4236041,423604,1,4236,4,1,57,834,19030
4237051,423705,1,4237,5,1,5,37,1190
4238031,423803,1,4238,3,1,29,320,1482
4239111,423911,0,4239,11,1,100,1211,1520
4240131,424013,2,4240,13,1,67,920,1739
4241031,424103,1,4241,3,1,49,632,3741
4242011,424201,1,4242,1,1,162,1886,1656
4243071,424307,5,4243,7,1,141,1675,2637
4244091,424409,1,4244,9,1,179,2088,1811
4245051,424505,2,4245,5,1,190,2167,2292
4246031,424603,0,4246,3,1,135,1583,1844
4247031,424703,4,4247,3,1,44,507,2734
4248011,424801,2,4248,1,1,50,712,3409
4249021,424902,1,4249,2,1,47,557,672
4250041,425004,1,4250,4,1,50,701,3527
4251031,425103,3,4251,3,1,127,1481,2049
4252031,425203,2,4252,3,1,17,182,739
4253031,425303,5,4253,3,1,49,605,4730
4254111,425411,1,4254,11,1,68,928,1288
4255041,425504,1,4255,4,1,90,1115,3760
4256061,425606,1,4256,6,1,155,1818,1651
4257041,425704,0,4257,4,1,29,287,1774
4258011,425801,3,4258,1,1,49,610,4363
4259041,425904,1,4259,4,1,131,1519,2214
4260121,426012,1,4260,12,1,147,1736,2632
4261041,426104,2,4261,4,1,79,993,7413
4262011,426201,1,4262,1,1,23,236,847
4263021,426302,3,4263,2,1,23,234,961
4264111,426411,1,4264,11,1,187,2145,1691
4265021,426502,0,4265,2,1,101,1216,1115
4266031,426603,1,4266,3,1,6,54,1277
4267021,426702,1,4267,2,1,94,1147,957
4268041,426804,2,4268,4,1,162,1899,1566
4269041,426904,2,4269,4,1,17,198,609
4270041,427004,2,4270,4,1,175,2060,5357
4271021,427102,2,4271,2,1,30,345,1490
4272041,427204,2,4272,4,1,80,1006,6870
4273161,427316,2,4273,16,1,75,965,3506
4274041,427404,1,4274,4,1,169,1999,1031
4275021,427502,2,4275,2,1,169,1992,1101
4276021,427602,1,4276,2,1,108,1340,3422
4277121,427712,0,4277,12,1,187,2149,1504
4278011,427801,2,4278,1,1,58,855,4569
4279021,427902,2,4279,2,1,48,601,1568
4280021,428002,1,4280,2,1,48,594,3319
4281051,428105,2,4281,5,1,146,1726,3600
4282021,428202,1,4282,2,1,99,1208,1238
4283061,428306,2,4283,6,1,100,1213,1488
4284101,428410,1,4284,10,1,141,1673,2831
4285051,428505,0,4285,5,1,50,708,3458
4286041,428604,1,4286,4,1,24,253,843
4287041,428704,1,4287,4,1,4,11,1396
4288021,428802,0,4288,2,1,107,1331,2406
4289031,428903,1,4289,3,1,182,2099,2136
4290011,429001,0,4290,1,1,44,491,3124
4291131,429113,1,4291,13,1,100,1211,1520
4292031,429203,2,4292,3,1,45,537,383
4292032,429203,2,4292,3,2,45,537,383
4293031,429303,1,4293,3,1,44,514,2406
4294141,429414,0,4294,14,1,142,1676,2626
4295031,429503,0,4295,3,1,49,666,2907
4296051,429605,2,4296,5,1,168,1977,1561
4297021,429702,2,4297,2,1,30,348,1476
4298051,429805,1,4298,5,1,45,520,3304
4299051,429905,1,4299,5,1,121,1441,3844
4300031,430003,1,4300,3,1,49,662,3003
4301071,430107,2,4301,7,1,187,2146,1688
4302081,430208,1,4302,8,1,63,886,2839
4303021,430302,1,4303,2,1,50,707,3479
4304161,430416,1,4304,16,1,105,1250,2996
4305131,430513,1,4305,13,1,81,1017,6441
4306061,430606,2,4306,6,1,13,146,496
4307191,430719,2,4307,19,1,62,881,1964
4308031,430803,2,4308,3,1,184,2136,2363
4309021,430902,2,4309,2,1,79,998,6511
4310041,431004,2,4310,4,1,98,1198,1204
4311051,431105,0,4311,5,1,116,1406,6756
4312041,431204,2,4312,4,1,140,1672,967
4313041,431304,4,4313,4,1,10,117,2757
4314021,431402,2,4314,2,1,189,2166,916
4315051,431505,3,4315,5,1,41,474,4176
4316051,431605,1,4316,5,1,71,938,2501
4317041,431704,1,4317,4,1,97,1165,1754
4318021,431802,2,4318,2,1,50,737,2858
4319081,431908,1,4319,8,1,136,1590,1225
4320021,432002,2,4320,2,1,87,1096,11554
4321051,432105,1,4321,5,1,31,386,1676
4322021,432202,2,4322,2,1,126,1469,2385
4323071,432307,0,4323,7,1,57,837,4691
4324041,432404,4,4324,4,1,169,2006,987
4325171,432517,1,4325,17,1,19,221,728
4326051,432605,1,4326,5,1,49,610,4363
4327021,432702,1,4327,2,1,40,463,4100
4328011,432801,2,4328,1,1,98,1200,820
4329031,432903,0,4329,3,1,17,193,653
4330031,433003,1,4330,3,1,120,1425,5082
4331011,433101,1,4331,1,1,49,646,3384
4332041,433204,1,4332,4,1,45,523,3117
4333141,433314,0,4333,14,1,39,454,3356
4334041,433404,1,4334,4,1,121,1443,3700
4335031,433503,2,4335,3,1,150,1757,2485
4336141,433614,1,4336,14,1,52,769,1449
4337071,433707,3,4337,7,1,8,63,1922
4338181,433818,1,4338,18,1,154,1816,2554
4339011,433901,1,4339,1,1,29,304,1625
4340041,434004,5,4340,4,1,127,1494,1700
4341021,434102,1,4341,2,1,9,85,2808
4342141,434214,2,4342,14,1,57,837,4691
4343041,434304,2,4343,4,1,10,112,2852
4344191,434419,2,4344,19,1,20,222,977
4345011,434501,1,4345,1,1,39,455,3338
4346071,434607,1,4346,7,1,153,1808,2893
4347021,434702,2,4347,2,1,45,528,3033
4348041,434804,0,4348,4,1,32,391,636
4349051,434905,1,4349,5,1,139,1624,1383
4350051,435005,3,4350,5,1,150,1756,2507
4351091,435109,0,4351,9,1,70,931,3702
4352151,435215,1,4352,15,1,67,919,1831
4353081,435308,0,4353,8,1,75,964,4181
4354161,435416,2,4354,16,1,143,1678,2442
4355111,435511,2,4355,11,1,159,1843,2250
4356031,435603,1,4356,3,1,133,1569,1256
4357031,435703,2,4357,3,1,49,640,3566
4358011,435801,1,4358,1,1,169,1984,1177
4359091,435909,2,4359,9,1,141,1673,2831
4360041,436004,2,4360,4,1,189,2155,1378
4361021,436102,1,4361,2,1,49,650,3248
4362011,436201,1,4362,1,1,156,1830,1676
4363161,436316,2,4363,16,1,153,1808,2893
4364051,436405,0,4364,5,1,59,866,5308
4365051,436505,0,4365,5,1,184,2134,2491
4366041,436604,1,4366,4,1,74,957,2792
4367031,436703,1,4367,3,1,93,1138,4351
4368021,436802,1,4368,2,1,75,964,4181
4369131,436913,1,4369,13,1,105,1251,2799
4370131,437013,2,4370,13,1,166,1972,586
4371021,437102,1,4371,2,1,67,919,1831
4372041,437204,0,4372,4,1,111,1381,3504
4373111,437311,1,4373,11,1,42,480,3631
4374011,437401,1,4374,1,1,132,1547,1533
4375011,437501,1,4375,1,1,78,980,9014
4376121,437612,2,4376,12,1,14,149,796
4377021,437702,1,4377,2,1,163,1925,1824
4378031,437803,2,4378,3,1,162,1871,1732
4379051,437905,1,4379,5,1,97,1175,1472
4380021,438002,0,4380,2,1,106,1279,3185
4380022,438002,2,4380,2,2,106,1279,3185
4381041,438104,0,4381,4,1,54,816,1239
4382181,438218,6,4382,18,1,42,480,3631
4383021,438302,2,4383,2,1,106,1270,3319
4384031,438403,1,4384,3,1,2,5,1680
4385171,438517,2,4385,17,1,167,1975,636
4386051,438605,0,4386,5,1,103,1231,1105
4387051,438705,2,4387,5,1,189,2162,1154
4388041,438804,3,4388,4,1,50,760,1073
4389111,438911,0,4389,11,1,52,771,1323
4390191,439019,3,4390,19,1,105,1252,2794
4391201,439120,1,4391,20,1,101,1218,1072
4392031,439203,2,4392,3,1,159,1843,2250
4393091,439309,1,4393,9,1,130,1516,1778
4394141,439414,0,4394,14,1,43,482,3070
4395031,439503,1,4395,3,1,17,185,724
4396011,439601,1,4396,1,1,139,1642,1223
4397071,439707,1,4397,7,1,179,2090,1761
4398011,439801,4,4398,1,1,120,1422,5722
4399041,439904,2,4399,4,1,132,1556,1226
4400011,440001,2,4400,1,1,44,497,2889
4401011,440101,0,4401,1,1,29,308,1602
4402101,440210,0,4402,10,1,110,1376,4727
4403041,440304,1,4403,4,1,106,1281,3171
4404151,440415,1,4404,15,1,51,766,1365
4405071,440507,2,4405,7,1,172,2035,8923
4406041,440604,1,4406,4,1,6,53,1292
4407061,440706,1,4407,6,1,166,1972,586
4408041,440804,1,4408,4,1,128,1511,1952
4409021,440902,2,4409,2,1,11,128,3011
4410041,441004,1,4410,4,1,163,1929,1777
4411011,441101,3,4411,1,1,49,673,1454
4412021,441202,1,4412,2,1,50,731,2977
4413051,441305,1,4413,5,1,151,1765,2599
4414041,441404,1,4414,4,1,49,645,3421
4415051,441505,2,4415,5,1,126,1471,2195
4416041,441604,1,4416,4,1,127,1482,2035
4417181,441718,1,4417,18,1,62,881,1964
4418031,441803,1,4418,3,1,80,1011,4558
4419031,441903,1,4419,3,1,79,997,6613
4420041,442004,2,4420,4,1,144,1692,2663
4421131,442113,1,4421,13,1,187,2146,1688
4422201,442220,1,4422,20,1,173,2040,4785
4423121,442312,1,4423,12,1,173,2041,4774
4424051,442405,0,4424,5,1,107,1322,3056
4425101,442510,0,4425,10,1,37,444,3822
4426051,442605,2,4426,5,1,50,701,3527
4427021,442702,1,4427,2,1,79,991,8242
4428081,442808,0,4428,8,1,62,879,3249
4429011,442901,0,4429,1,1,190,2169,2030
4430171,443017,0,4430,17,1,141,1674,2757
4431061,443106,1,4431,6,1,43,484,2372
4432121,443212,0,4432,12,1,110,1375,5038
4433051,443305,4,4433,5,1,50,707,3479
4434181,443418,1,4434,18,1,61,878,2843
4435011,443501,3,4435,1,1,106,1281,3171
4436051,443605,0,4436,5,1,97,1161,1854
4437021,443702,2,4437,2,1,6,55,1249
4438011,443801,2,4438,1,1,48,586,3644
4439011,443901,1,4439,1,1,48,574,4103
4440031,444003,1,4440,3,1,49,627,3808
4441011,444101,1,4441,1,1,121,1440,4259
4442101,444210,0,4442,10,1,153,1812,2385
4443051,444305,1,4443,5,1,85,1035,13117
4444011,444401,3,4444,1,1,16,175,625
4445011,444501,3,4445,1,1,44,494,3005
4446031,444603,2,4446,3,1,151,1777,2117
4447021,444702,3,4447,2,1,73,948,2562
4448111,444811,1,4448,11,1,21,226,887
4449161,444916,1,4449,16,1,63,888,2579
4450161,445016,2,4450,16,1,28,277,1380
4451191,445119,1,4451,19,1,136,1589,1281
4452031,445203,1,4452,3,1,23,235,931
4453031,445303,0,4453,3,1,60,873,6798
4454041,445404,1,4454,4,1,20,222,977
4455111,445511,0,4455,11,1,57,838,3502
4456011,445601,2,4456,1,1,9,71,3257
4457031,445703,1,4457,3,1,132,1539,1677
4458071,445807,2,4458,7,1,77,970,8757
4459011,445901,2,4459,1,1,9,69,3373
4460081,446008,0,4460,8,1,187,2148,1543
4461051,446105,4,4461,5,1,86,1066,13118
4462011,446201,2,4462,1,1,188,2153,1417
4463161,446316,2,4463,16,1,63,886,2839
4464051,446405,2,4464,5,1,145,1713,2488
4465031,446503,2,4465,3,1,86,1086,8324
4466031,446603,2,4466,3,1,49,606,4668
4467051,446705,4,4467,5,1,107,1314,3142
4468031,446803,3,4468,3,1,181,2093,2816
4469151,446915,5,4469,15,1,75,965,3506
4470041,447004,1,4470,4,1,137,1597,1065
4471041,447104,0,4471,4,1,59,866,5308
4472081,447208,1,4472,8,1,135,1587,1397
4473201,447320,2,4473,20,1,172,2036,8005
4474111,447411,1,4474,11,1,116,1408,6402
4475051,447505,2,4475,5,1,48,561,4978
4476161,447616,3,4476,16,1,125,1467,2137
4477011,447701,1,4477,1,1,9,79,3074
4478151,447815,1,4478,15,1,43,485,1975
4479201,447920,1,4479,20,1,39,453,3363
4480011,448001,2,4480,1,1,11,132,2860
4481021,448102,2,4481,2,1,175,2053,6475
4482021,448202,2,4482,2,1,150,1757,2485
4483101,448310,1,4483,10,1,143,1681,2188
4484031,448403,2,4484,3,1,189,2164,1145
4485021,448502,2,4485,2,1,44,493,3043
4486021,448602,2,4486,2,1,163,1919,1901
4487011,448701,0,4487,1,1,144,1697,2258
4488041,448804,3,4488,4,1,49,647,3351
4489031,448903,2,4489,3,1,182,2100,2028
4490161,449016,1,4490,16,1,167,1975,636
4491041,449104,1,4491,4,1,132,1549,1457
4492031,449203,3,4492,3,1,136,1589,1281
4493041,449304,1,4493,4,1,79,996,7162
4494031,449403,1,4494,3,1,10,120,2739
4495031,449503,2,4495,3,1,98,1198,1204
4496031,449603,2,4496,3,1,48,591,3541
4497031,449703,3,4497,3,1,161,1851,1956
4498021,449802,1,4498,2,1,53,791,1209
4499021,449902,1,4499,2,1,91,1119,4419
4500041,450004,2,4500,4,1,132,1553,1371
4501031,450103,2,4501,3,1,86,1087,7105
4502191,450219,1,4502,19,1,94,1148,948
4503191,450319,0,4503,19,1,111,1379,3848
4504101,450410,0,4504,10,1,172,2038,7996
4505051,450505,1,4505,5,1,39,452,3699
4506191,450619,0,4506,19,1,111,1380,3726
4507031,450703,0,4507,3,1,184,2126,3246
4508101,450810,1,4508,10,1,185,2140,1353
4509061,450906,1,4509,6,1,83,1023,11415
4510021,451002,3,4510,2,1,23,245,744
4511031,451103,4,4511,3,1,164,1958,1911
4512021,451202,1,4512,2,1,133,1561,1831
4513041,451304,1,4513,4,1,179,2088,1811
4514051,451405,2,4514,5,1,97,1160,1876
4515041,451504,2,4515,4,1,79,997,6613
4516011,451601,0,4516,1,1,17,187,709
4517021,451702,2,4517,2,1,16,162,826
4518011,451801,3,4518,1,1,29,291,1723
4519031,451903,0,4519,3,1,40,457,4914
4520041,452004,2,4520,4,1,46,553,2825
4521111,452111,2,4521,11,1,94,1147,957
4522031,452203,2,4522,3,1,22,233,354
4523011,452301,1,4523,1,1,17,194,643
4524021,452402,1,4524,2,1,50,756,1305
4525051,452505,2,4525,5,1,51,767,1281
4526011,452601,2,4526,1,1,5,35,1296
4527051,452705,2,4527,5,1,145,1703,2703
4528151,452815,2,4528,15,1,116,1408,6402
4529151,452915,1,4529,15,1,155,1822,916
4530031,453003,0,4530,3,1,68,928,1288
4531081,453108,0,4531,8,1,111,1382,3286
4532021,453202,2,4532,2,1,131,1522,1788
4533051,453305,1,4533,5,1,56,832,4770
4534011,453401,0,4534,1,1,39,450,4023
4535051,453505,1,4535,5,1,164,1954,2022
4536041,453604,0,4536,4,1,4,27,1069
4537081,453708,3,4537,8,1,186,2142,1673
4538041,453804,2,4538,4,1,50,703,3504
4539021,453902,0,4539,2,1,26,271,5495
4540051,454005,2,4540,5,1,48,573,4109
4541051,454105,1,4541,5,1,163,1943,1706
4542091,454209,2,4542,9,1,52,769,1449
4543171,454317,0,4543,17,1,135,1583,1844
4544031,454403,1,4544,3,1,128,1503,2164
4545011,454501,1,4545,1,1,166,1965,2972
4546081,454608,1,4546,8,1,185,2138,1543
4547021,454702,2,4547,2,1,85,1051,11199
4548031,454803,2,4548,3,1,31,368,2069
4549031,454903,0,4549,3,1,39,448,4578
4550041,455004,2,4550,4,1,162,1852,1684
4551201,455120,1,4551,20,1,32,393,610
4552031,455203,2,4552,3,1,68,926,4627
4553101,455310,2,4553,10,1,94,1148,948
4554021,455402,2,4554,2,1,50,681,4096
4555061,455506,0,4555,6,1,52,773,1281
4556111,455611,2,4556,11,1,143,1681,2188
4557031,455703,3,4557,3,1,45,517,3447
4558031,455803,1,4558,3,1,187,2144,1720
4559021,455902,2,4559,2,1,80,1003,7520
4560121,456012,0,4560,12,1,77,970,8757
4561181,456118,1,4561,18,1,28,278,1371
4562011,456201,3,4562,1,1,40,457,4914
4563041,456304,2,4563,4,1,29,295,1686
4564051,456405,1,4564,5,1,9,78,3090
4565201,456520,1,4565,20,1,166,1970,682
4566011,456601,4,4566,1,1,30,329,1661
4567021,456702,4,4567,2,1,50,725,3135
4568021,456802,0,4568,2,1,156,1831,1596
4569131,456913,0,4569,13,1,39,455,3338
4570021,457002,1,4570,2,1,49,645,3421
4571011,457101,1,4571,1,1,66,909,3673
4572041,457204,2,4572,4,1,156,1825,2210
4573041,457304,1,4573,4,1,177,2080,10259
4574041,457404,1,4574,4,1,49,655,3136
4575011,457501,0,4575,1,1,9,94,2118
4576011,457601,1,4576,1,1,68,928,1288
4577141,457714,2,4577,14,1,115,1405,6115
4578081,457808,1,4578,8,1,21,229,690
4579011,457901,1,4579,1,1,119,1417,4124
4580011,458001,2,4580,1,1,145,1713,2488
4581011,458101,0,4581,1,1,114,1400,3262
4582041,458204,3,4582,4,1,186,2142,1673
4583161,458316,1,4583,16,1,187,2146,1688
4584031,458403,2,4584,3,1,106,1295,995
4585021,458502,0,4585,2,1,128,1495,2148
4586151,458615,1,4586,15,1,143,1681,2188
4587031,458703,2,4587,3,1,164,1951,2175
4588101,458810,1,4588,10,1,42,481,3354
4589011,458901,1,4589,1,1,86,1071,12674
4590031,459003,2,4590,3,1,80,1003,7520
4591021,459102,1,4591,2,1,29,288,1761
4592041,459204,2,4592,4,1,44,501,2795
4593011,459301,1,4593,1,1,85,1028,15557
4594041,459404,1,4594,4,1,97,1159,2131
4595161,459516,1,4595,16,1,117,1413,3844
4596131,459613,1,4596,13,1,118,1414,5277
4597041,459704,0,4597,4,1,39,452,3699
4598031,459803,5,4598,3,1,102,1220,1416
4599131,459913,3,4599,13,1,166,1970,682
4600041,460004,2,4600,4,1,18,219,176
4601021,460102,1,4601,2,1,50,688,3766
4602191,460219,1,4602,19,1,178,2084,2239
4603051,460305,0,4603,5,1,55,821,1377
4604011,460401,1,4604,1,1,150,1754,2570
4605011,460501,1,4605,1,1,104,1241,1027
4606011,460601,0,4606,1,1,143,1678,2442
4607041,460704,1,4607,4,1,75,965,3506
4608091,460809,1,4608,9,1,148,1739,2513
4609011,460901,2,4609,1,1,49,652,3190
4610121,461012,3,4610,12,1,179,2088,1811
4611051,461105,3,4611,5,1,165,1963,1595
4612021,461202,2,4612,2,1,132,1543,1579
4613031,461303,3,4613,3,1,145,1706,2623
4614051,461405,2,4614,5,1,136,1590,1225
4615051,461505,3,4615,5,1,24,253,843
4616141,461614,1,4616,14,1,105,1251,2799
4617041,461704,2,4617,4,1,5,44,882
4618041,461804,3,4618,4,1,107,1312,3177
4619161,461916,1,4619,16,1,52,774,1138
4620051,462005,1,4620,5,1,11,129,2991
4621051,462105,1,4621,5,1,17,196,633
4622201,462220,1,4622,20,1,8,62,1927
4623011,462301,0,4623,1,1,151,1782,2050
4624011,462401,1,4624,1,1,93,1139,4168
4625031,462503,1,4625,3,1,139,1629,1328
4626021,462602,2,4626,2,1,183,2120,1959
4627031,462703,1,4627,3,1,148,1738,2836
4628041,462804,1,4628,4,1,23,249,685
4629011,462901,2,4629,1,1,54,806,1316
4630051,463005,2,4630,5,1,127,1486,1953
4631051,463105,1,4631,5,1,138,1606,1354
4632051,463205,1,4632,5,1,138,1613,1193
4633051,463305,1,4633,5,1,75,966,3387
4634051,463405,2,4634,5,1,102,1224,1185
4635031,463503,1,4635,3,1,145,1720,1138
4636031,463603,2,4636,3,1,140,1659,1429
4637051,463705,2,4637,5,1,72,943,2474
4638041,463804,1,4638,4,1,85,1055,9998
4639031,463903,2,4639,3,1,73,948,2562
4640051,464005,0,4640,5,1,69,930,1984
4641041,464104,2,4641,4,1,30,324,1771
4642031,464203,3,4642,3,1,106,1289,3018
4643051,464305,2,4643,5,1,127,1493,1759
4644011,464401,3,4644,1,1,162,1895,1601
4645141,464514,2,4645,14,1,8,63,1922
4646041,464604,2,4646,4,1,163,1925,1824
4647051,464705,2,4647,5,1,46,550,3054
4648011,464801,1,4648,1,1,4,21,1259
4649111,464911,2,4649,11,1,166,1969,729
4650181,465018,0,4650,18,1,117,1412,4714
4651041,465104,1,4651,4,1,48,599,2791
4652051,465205,1,4652,5,1,28,279,1313
4653021,465302,2,4653,2,1,4,20,1269
4654081,465408,2,4654,8,1,101,1218,1072
4655051,465505,4,4655,5,1,50,736,2891
4656041,465604,1,4656,4,1,170,2018,1060
4657031,465703,1,4657,3,1,171,2033,371
4658051,465805,3,4658,5,1,153,1811,2396
4659031,465903,3,4659,3,1,29,284,1820
4660051,466005,1,4660,5,1,21,225,1029
4661011,466101,0,4661,1,1,49,629,3784
4662031,466203,2,4662,3,1,16,179,561
4663041,466304,1,4663,4,1,83,1021,33387
4664141,466414,1,4664,14,1,90,1114,10379
4665051,466505,1,4665,5,1,99,1203,1638
4666031,466603,2,4666,3,1,156,1826,2011
4667081,466708,1,4667,8,1,153,1808,2893
4668031,466803,1,4668,3,1,63,886,2839
4669101,466910,0,4669,10,1,52,771,1323
4670011,467001,0,4670,1,1,49,667,2893
4671181,467118,3,4671,18,1,12,143,609
4672041,467204,1,4672,4,1,128,1507,2017
4673161,467316,3,4673,16,1,88,1108,4784
4674041,467404,0,4674,4,1,50,695,3569
4675031,467503,1,4675,3,1,6,57,1148
4676021,467602,1,4676,2,1,65,896,3548
4677031,467703,2,4677,3,1,6,51,1346
4678181,467818,2,4678,18,1,166,1971,658
4679041,467904,1,4679,4,1,34,410,730
4680011,468001,1,4680,1,1,35,421,807
4681051,468105,2,4681,5,1,107,1321,3056
4682021,468202,2,4682,2,1,162,1865,1818
4683011,468301,3,4683,1,1,65,901,2931
4684031,468403,1,4684,3,1,5,30,1382
4685041,468504,1,4685,4,1,80,1009,6673
4686041,468604,1,4686,4,1,139,1624,1383
4687031,468703,0,4687,3,1,29,294,1689
4688021,468802,1,4688,2,1,163,1939,1728
4689061,468906,1,4689,6,1,112,1387,3229
4690011,469001,2,4690,1,1,45,536,2447
4691011,469101,2,4691,1,1,98,1184,1658
4692071,469207,0,4692,7,1,185,2139,1468
4693051,469305,2,4693,5,1,72,942,2549
4694041,469404,1,4694,4,1,108,1341,3411
4694042,469404,2,4694,4,2,108,1341,3411
4695011,469501,2,4695,1,1,25,266,878
4696041,469604,2,4696,4,1,163,1947,1591
4697141,469714,1,4697,14,1,39,456,3330
4698141,469814,1,4698,14,1,39,449,4091
4699021,469902,3,4699,2,1,57,838,3502
4700021,470002,1,4700,2,1,97,1166,1711
4701011,470101,1,4701,1,1,44,487,3392
4702021,470202,4,4702,2,1,94,1149,884
4703051,470305,3,4703,5,1,135,1582,2162
4704051,470405,1,4704,5,1,23,246,730
4705081,470508,2,4705,8,1,123,1461,2454
4706031,470603,1,4706,3,1,30,352,1452
4707051,470705,2,4707,5,1,15,153,768
4708111,470811,2,4708,11,1,19,221,728
4709021,470902,1,4709,2,1,174,2045,5770
4710051,471005,2,4710,5,1,19,220,820
4711041,471104,3,4711,4,1,65,905,2143
4712021,471202,1,4712,2,1,125,1467,2137
4713041,471304,2,4713,4,1,132,1537,1731
4714041,471404,1,4714,4,1,104,1246,891
4715031,471503,2,4715,3,1,78,979,9207
4716141,471614,1,4716,14,1,130,1515,1790
4717021,471702,0,4717,2,1,53,778,1314
4718011,471801,4,4718,1,1,114,1403,2379
4719011,471901,0,4719,1,1,114,1398,4060
4720041,472004,1,4720,4,1,184,2133,2511
4721031,472103,1,4721,3,1,110,1375,5038
4722041,472204,1,4722,4,1,135,1586,1785
4723041,472304,2,4723,4,1,102,1224,1185
4724011,472401,2,4724,1,1,144,1690,2756
4725021,472502,2,4725,2,1,163,1945,1669
4726031,472603,2,4726,3,1,73,946,2962
4727121,472712,2,4727,12,1,125,1467,2137
4728121,472812,0,4728,12,1,137,1600,973
4729061,472906,0,4729,6,1,52,771,1323
4730011,473001,2,4730,1,1,29,317,1545
4731031,473103,1,4731,3,1,49,665,2914
4732031,473203,1,4732,3,1,127,1482,2035
4733021,473302,1,4733,2,1,10,96,3718
4734011,473401,1,4734,1,1,94,1151,720
4735031,473503,2,4735,3,1,85,1028,15557
4736051,473605,1,4736,5,1,29,310,1588
4737011,473701,3,4737,1,1,44,501,2795
4738011,473801,1,4738,1,1,15,156,674
4739031,473903,1,4739,3,1,54,801,1327
4740021,474002,2,4740,2,1,187,2148,1543
4741021,474102,1,4741,2,1,164,1962,1817
4742031,474203,2,4742,3,1,89,1113,3095
4743051,474305,5,4743,5,1,49,633,3737
4744021,474402,1,4744,2,1,80,1004,7094
4745121,474512,1,4745,12,1,143,1682,2124
4746051,474605,1,4746,5,1,48,582,3890
4747051,474705,1,4747,5,1,189,2165,991
4748031,474803,2,4748,3,1,125,1468,1809
4749051,474905,1,4749,5,1,85,1045,11921
4750051,475005,2,4750,5,1,59,862,5358
4751121,475112,2,4751,12,1,52,769,1449
4752021,475202,2,4752,2,1,20,222,977
4753041,475304,1,4753,4,1,5,38,1166
4754181,475418,1,4754,18,1,109,1372,3454
4755041,475504,2,4755,4,1,133,1563,1816
4756041,475604,2,4756,4,1,164,1951,2175
4757011,475701,1,4757,1,1,32,392,627
4758071,475807,1,4758,7,1,47,557,672
4759021,475902,2,4759,2,1,71,935,2985
4760011,476001,1,4760,1,1,44,492,3066
4761021,476102,1,4761,2,1,29,287,1774
4762031,476203,3,4762,3,1,131,1520,2107
4763041,476304,0,4763,4,1,137,1598,1015
4764051,476405,1,4764,5,1,132,1542,1617
4765201,476520,1,4765,20,1,173,2042,4624
4766191,476619,3,4766,19,1,160,1848,1343
4767041,476704,1,4767,4,1,79,990,8771
4768151,476815,2,4768,15,1,153,1813,2357
4769031,476903,1,4769,3,1,98,1192,1313
4770031,477003,2,4770,3,1,4,22,1253
4771021,477102,1,4771,2,1,48,578,3996
4772041,477204,1,4772,4,1,34,413,135
4773191,477319,2,4773,19,1,137,1600,973
4774171,477417,2,4774,17,1,67,922,1613
4775051,477505,3,4775,5,1,175,2054,6294
4776101,477610,1,4776,10,1,185,2138,1543
4777031,477703,0,4777,3,1,44,492,3066
4778031,477803,1,4778,3,1,127,1486,1953
4779011,477901,3,4779,1,1,98,1199,1137
4780171,478017,1,4780,17,1,21,225,1029
4781041,478104,1,4781,4,1,45,527,3042
4782041,478204,1,4782,4,1,114,1400,3262
4783041,478304,1,4783,4,1,176,2068,6800
4784171,478417,1,4784,17,1,71,937,2578
4785131,478513,1,4785,13,1,14,148,833
4786031,478603,2,4786,3,1,79,985,9225
4787121,478712,2,4787,12,1,56,832,4770
4788011,478801,2,4788,1,1,176,2066,7496
4789031,478903,2,4789,3,1,30,359,1411
4790011,479001,0,4790,1,1,112,1387,3229
4791021,479102,2,4791,2,1,139,1633,1296
4792011,479201,2,4792,1,1,53,781,1302
4793031,479303,0,4793,3,1,103,1233,1075
4794051,479405,1,4794,5,1,122,1458,1444
4795191,479519,1,4795,19,1,115,1405,6115
4796031,479603,2,4796,3,1,10,105,3019
4797041,479704,0,4797,4,1,49,654,3163
4797042,479704,2,4797,4,2,49,654,3163
4798021,479802,4,4798,2,1,60,872,6960
4799011,479901,2,4799,1,1,139,1623,1392
4800011,480001,1,4800,1,1,83,1022,25014
4801011,480101,2,4801,1,1,86,1076,11196
4802051,480205,3,4802,5,1,78,976,10781
4803011,480301,2,4803,1,1,30,332,1626
4804131,480413,2,4804,13,1,71,935,2985
4805031,480503,4,4805,3,1,139,1646,1169
4806011,480601,3,4806,1,1,6,53,1292
4807041,480704,1,4807,4,1,132,1531,1998
4808051,480805,3,4808,5,1,139,1625,1380
4809041,480904,1,4809,4,1,53,784,1272
4810021,481002,4,4810,2,1,162,1883,1669
4811021,481102,4,4811,2,1,106,1275,3225
4812041,481204,1,4812,4,1,23,240,801
4813021,481302,0,4813,2,1,85,1050,11321
4814011,481401,2,4814,1,1,30,364,1340
4815041,481504,1,4815,4,1,16,170,667
4816051,481605,2,4816,5,1,107,1310,3190
4817101,481710,3,4817,10,1,28,277,1380
4818161,481816,1,4818,16,1,187,2148,1543
4819181,481918,1,4819,18,1,110,1377,3890
4820011,482001,1,4820,1,1,132,1546,1543
4821121,482112,2,4821,12,1,172,2037,7996
4822071,482207,1,4822,7,1,123,1461,2454
4823031,482303,1,4823,3,1,49,644,3450
4824031,482403,2,4824,3,1,114,1400,3262
4825041,482504,2,4825,4,1,166,1966,2755
4826051,482605,3,4826,5,1,85,1040,12481
4827041,482704,2,4827,4,1,166,1971,658
4828011,482801,3,4828,1,1,101,1215,1128
4829121,482912,1,4829,12,1,137,1596,1073
4830011,483001,1,4830,1,1,10,118,2754
4831021,483102,0,4831,2,1,163,1924,1839
4832131,483213,0,4832,13,1,111,1380,3726
4833031,483303,1,4833,3,1,79,995,7226
4834151,483415,0,4834,15,1,81,1017,6441
4835181,483518,1,4835,18,1,166,1969,729
4836041,483604,1,4836,4,1,70,933,2426
4837181,483718,0,4837,18,1,125,1466,2305
4838011,483801,1,4838,1,1,50,718,3308
4839031,483903,3,4839,3,1,77,970,8757
4840101,484010,1,4840,10,1,137,1599,1009
4841021,484102,1,4841,2,1,163,1912,2138
4842031,484203,2,4842,3,1,147,1736,2632
4843051,484305,1,4843,5,1,187,2145,1691
4844031,484403,1,4844,3,1,50,684,3837
4845041,484504,3,4845,4,1,54,805,1316
4846041,484604,1,4846,4,1,180,2091,2598
4847171,484717,0,4847,17,1,57,836,4721
4848061,484806,1,4848,6,1,115,1405,6115
4849201,484920,0,4849,20,1,111,1379,3848
4850031,485003,4,4850,3,1,162,1901,1547
4851141,485114,1,4851,14,1,147,1735,2939
4852021,485202,1,4852,2,1,102,1221,1303
4853101,485310,1,4853,10,1,174,2045,5770
4854021,485402,1,4854,2,1,48,593,3459
4855011,485501,2,4855,1,1,151,1769,2313
4856201,485620,2,4856,20,1,88,1108,4784
4857021,485702,0,4857,2,1,107,1332,1023
4858041,485804,2,4858,4,1,128,1498,2320
4859011,485901,0,4859,1,1,74,956,2824
4860201,486020,1,4860,20,1,174,2048,4995
4861101,486110,0,4861,10,1,21,228,784
4862141,486214,1,4862,14,1,43,484,2372
4863041,486304,1,4863,4,1,187,2148,1543
4864151,486415,2,4864,15,1,43,483,2387
4865031,486503,2,4865,3,1,140,1656,1446
4866041,486604,2,4866,4,1,10,105,3019
4867041,486704,1,4867,4,1,138,1609,1304
4868031,486803,1,4868,3,1,44,509,2701
4869161,486916,1,4869,16,1,173,2041,4774
4870151,487015,1,4870,15,1,154,1817,2285
4871201,487120,3,4871,20,1,52,772,1285
4872041,487204,3,4872,4,1,75,960,17114
4873031,487303,2,4873,3,1,186,2142,1673
4873032,487303,1,4873,3,2,186,2142,1673
4874011,487401,1,4874,1,1,50,685,3836
4875071,487507,1,4875,7,1,32,391,636
4876011,487601,1,4876,1,1,10,98,3467
4877181,487718,0,4877,18,1,135,1587,1397
4878041,487804,2,4878,4,1,145,1709,2581
4879031,487903,2,4879,3,1,153,1808,2893
4880041,488004,1,4880,4,1,65,897,3274
4881031,488103,3,4881,3,1,152,1800,2190
4882031,488203,1,4882,3,1,29,314,1575
4883051,488305,2,4883,5,1,113,1388,3090
4884021,488402,1,4884,2,1,85,1032,13530
4885021,488502,1,4885,2,1,35,415,890
4886041,488604,2,4886,4,1,116,1408,6402
4887041,488704,1,4887,4,1,145,1702,2704
4888031,488803,1,4888,3,1,32,389,2846
4889041,488904,1,4889,4,1,94,1145,3671
4890051,489005,1,4890,5,1,9,93,2149
4891031,489103,1,4891,3,1,45,534,2917
4892081,489208,1,4892,8,1,173,2040,4785
4893111,489311,1,4893,11,1,143,1678,2442
4894041,489404,0,4894,4,1,48,583,3806
4895021,489502,1,4895,2,1,34,410,730
4896011,489601,4,4896,1,1,163,1938,1729
4897011,489701,1,4897,1,1,86,1065,13704
4898041,489804,1,4898,4,1,159,1843,2250
4899061,489906,1,4899,6,1,14,149,796
4900061,490006,1,4900,6,1,185,2141,1249
4901081,490108,1,4901,8,1,125,1468,1809
4902081,490208,0,4902,8,1,160,1846,1388
4903011,490301,1,4903,1,1,55,822,1371
4904111,490411,1,4904,11,1,110,1377,3890
4905051,490505,0,4905,5,1,39,448,4578
4906011,490601,2,4906,1,1,140,1654,1478
4907161,490716,2,4907,16,1,130,1516,1778
4908041,490804,2,4908,4,1,156,1832,1591
4909041,490904,1,4909,4,1,50,755,1673
4910011,491001,1,4910,1,1,54,804,1326
4911041,491104,2,4911,4,1,76,968,7378
4912011,491201,2,4912,1,1,107,1301,3306
4913011,491301,2,4913,1,1,48,564,4552
4914011,491401,1,4914,1,1,82,1019,22834
4915161,491516,0,4915,16,1,109,1372,3454
4916181,491618,1,4916,18,1,39,449,4091
4917011,491701,1,4917,1,1,71,937,2578
4918041,491804,1,4918,4,1,59,863,5357
4919131,491913,2,4919,13,1,105,1253,2656
4920071,492007,1,4920,7,1,155,1818,1651
4921011,492101,1,4921,1,1,106,1272,3266
4922011,492201,1,4922,1,1,144,1694,2503
4923031,492303,2,4923,3,1,151,1775,2137
4924011,492401,1,4924,1,1,16,164,751
4925021,492502,0,4925,2,1,106,1276,3217
4926071,492607,0,4926,7,1,101,1215,1128
4927051,492705,3,4927,5,1,79,990,8771
4928051,492805,3,4928,5,1,72,945,1958
4929021,492902,0,4929,2,1,29,311,1588
4930041,493004,1,4930,4,1,49,641,3561
4931031,493103,2,4931,3,1,138,1606,1354
4932011,493201,1,4932,1,1,163,1915,2011
4933011,493301,2,4933,1,1,124,1464,6559
4934041,493404,0,4934,4,1,88,1109,4626
4935011,493501,2,4935,1,1,107,1314,3142
4936031,493603,0,4936,3,1,104,1244,941
4937141,493714,1,4937,14,1,109,1373,2841
4938131,493813,3,4938,13,1,148,1738,2836
4939051,493905,0,4939,5,1,103,1227,1201
4940051,494005,1,4940,5,1,35,431,727
4941111,494111,1,4941,11,1,52,774,1138
4942031,494203,1,4942,3,1,25,266,878
4943041,494304,1,4943,4,1,5,42,1088
4944021,494402,0,4944,2,1,17,197,623
4945041,494504,3,4945,4,1,44,504,2767
4946021,494602,0,4946,2,1,45,520,3304
4947051,494705,1,4947,5,1,91,1123,4162
4948021,494802,1,4948,2,1,132,1556,1226
4949051,494905,3,4949,5,1,5,36,1258
4950101,495010,1,4950,10,1,1,3,848
4951141,495114,1,4951,14,1,166,1970,682
4952111,495211,1,4952,11,1,137,1600,973
4953031,495303,2,4953,3,1,186,2143,1518
4954011,495401,1,4954,1,1,16,178,580
4955011,495501,1,4955,1,1,9,95,1551
4956041,495604,3,4956,4,1,146,1727,3564
4957051,495705,2,4957,5,1,183,2118,2076
4958171,495817,1,4958,17,1,125,1465,3729
4959111,495911,0,4959,11,1,20,223,797
4960131,496013,1,4960,13,1,7,60,4118
4961041,496104,1,4961,4,1,162,1901,1547
4962031,496203,1,4962,3,1,18,210,738
4963161,496316,0,4963,16,1,155,1821,1493
4964031,496403,1,4964,3,1,184,2131,2562
4965041,496504,3,4965,4,1,17,189,691
4966031,496603,2,4966,3,1,104,1243,963
4967031,496703,2,4967,3,1,44,497,2889
4968161,496816,2,4968,16,1,185,2141,1249
4969011,496901,1,4969,1,1,107,1315,3121
4970121,497012,1,4970,12,1,57,837,4691
4971131,497113,1,4971,13,1,159,1842,2431
4972011,497201,2,4972,1,1,9,64,3722
4973031,497303,2,4973,3,1,132,1553,1371
4974021,497402,3,4974,2,1,62,879,3249
4975031,497503,1,4975,3,1,21,225,1029
4976021,497602,1,4976,2,1,182,2105,1935
4977051,497705,1,4977,5,1,162,1900,1565
4978011,497801,0,4978,1,1,97,1175,1472
4979041,497904,1,4979,4,1,12,143,609
4980021,498002,0,4980,2,1,24,259,719
4981101,498110,0,4981,10,1,101,1215,1128
4982091,498209,1,4982,9,1,148,1738,2836
4983071,498307,2,4983,7,1,63,882,3147
4984031,498403,2,4984,3,1,134,1573,2057
4985061,498506,1,4985,6,1,57,837,4691
4986031,498603,2,4986,3,1,6,46,1634
4987031,498703,2,4987,3,1,50,755,1673
4988171,498817,1,4988,17,1,26,274,1433
4989051,498905,1,4989,5,1,177,2083,8108
4990031,499003,2,4990,3,1,106,1266,3387
4991091,499109,1,4991,9,1,70,933,2426
4992051,499205,2,4992,5,1,156,1824,2754
4993021,499302,2,4993,2,1,138,1616,1116
4994161,499416,1,4994,16,1,125,1468,1809
4995041,499504,1,4995,4,1,97,1177,1270
4996011,499601,0,4996,1,1,24,252,863
4997021,499702,1,4997,2,1,87,1101,9942
4998021,499802,2,4998,2,1,169,1988,1121
4999011,499901,1,4999,1,1,187,2149,1504
5000011,500001,1,5000,1,1,162,1865,1818
5001141,500114,2,5001,14,1,28,278,1371
5002031,500203,2,5002,3,1,31,373,1836
5003041,500304,2,5003,4,1,78,975,10894
5004071,500407,0,5004,7,1,71,935,2985
5005041,500504,2,5005,4,1,65,901,2931
5006051,500605,1,5006,5,1,23,236,847
5007051,500705,1,5007,5,1,175,2053,6475
5008051,500805,1,5008,5,1,151,1778,2117
5009041,500904,1,5009,4,1,36,441,597
5010031,501003,0,5010,3,1,51,764,4628
5010032,501003,3,5010,3,2,51,764,4628
5011021,501102,2,5011,2,1,128,1504,2131
5012061,501206,1,5012,6,1,167,1975,636
5013181,501318,2,5013,18,1,105,1252,2794
5014021,501402,2,5014,2,1,50,692,3665
5015021,501502,2,5015,2,1,86,1080,10183
5016011,501601,0,5016,1,1,97,1165,1754
5017011,501701,1,5017,1,1,31,383,1756
5018131,501813,3,5018,13,1,159,1844,2105
5019051,501905,4,5019,5,1,127,1484,1991
5020111,502011,0,5020,11,1,26,273,1479
5021051,502105,1,5021,5,1,50,697,3527
5022011,502201,3,5022,1,1,107,1307,3227
5023021,502302,1,5023,2,1,87,1098,11415
5024051,502405,5,5024,5,1,44,494,3005
5025031,502503,1,5025,3,1,18,201,1028
5026021,502602,2,5026,2,1,55,822,1371
5027211,502721,1,5027,21,1,39,455,3338
5028031,502803,1,5028,3,1,23,241,794
5029051,502905,1,5029,5,1,50,685,3836
5030051,503005,0,5030,5,1,18,209,752
5031161,503116,3,5031,16,1,89,1112,3110
5032121,503212,1,5032,12,1,155,1821,1493
5033021,503302,2,5033,2,1,98,1187,1422
5034041,503404,2,5034,4,1,100,1211,1520
5035111,503511,2,5035,11,1,153,1808,2893
5036041,503604,1,5036,4,1,188,2150,1541
5037031,503703,0,5037,3,1,54,816,1239
5038071,503807,1,5038,7,1,100,1211,1520
5039011,503901,3,5039,1,1,48,592,3525
5040011,504001,2,5040,1,1,139,1625,1380
5041071,504107,2,5041,7,1,125,1468,1809
5042191,504219,2,5042,19,1,166,1969,729
5043101,504310,0,5043,10,1,154,1815,2566
5044051,504405,2,5044,5,1,58,845,5229
5045041,504504,1,5045,4,1,73,947,2917
5046011,504601,1,5046,1,1,45,522,3170
5047011,504701,1,5047,1,1,97,1172,1505
5048021,504802,3,5048,2,1,144,1686,3272
5049091,504909,1,5049,9,1,166,1970,682
5050111,505011,2,5050,11,1,105,1251,2799
5051031,505103,1,5051,3,1,58,847,5118
5052051,505205,1,5052,5,1,45,532,2963
5053081,505308,2,5053,8,1,100,1210,1538
5054021,505402,2,5054,2,1,169,2002,1015
5055031,505503,2,5055,3,1,94,1148,948
5056041,505604,1,5056,4,1,48,601,1568
5057071,505707,1,5057,7,1,38,445,7240
5058041,505804,3,5058,4,1,132,1541,1625
5059051,505905,1,5059,5,1,175,2052,6484
5060161,506016,4,5060,16,1,115,1404,6225
5061021,506102,1,5061,2,1,132,1553,1371
5062101,506210,0,5062,10,1,111,1385,3030
5063011,506301,1,5063,1,1,182,2095,2255
5064041,506404,0,5064,4,1,101,1216,1115
5065011,506501,1,5065,1,1,108,1335,3714
5066041,506604,0,5066,4,1,50,724,3172
5067041,506704,2,5067,4,1,50,718,3308
5068051,506805,1,5068,5,1,78,977,9959
5069021,506902,2,5069,2,1,75,965,3506
5070011,507001,2,5070,1,1,117,1411,4824
5071061,507106,1,5071,6,1,105,1250,2996
5072041,507204,1,5072,4,1,106,1258,3685
5073041,507304,1,5073,4,1,112,1386,3430
5074031,507403,2,5074,3,1,151,1782,2050
5075011,507501,3,5075,1,1,182,2105,1935
5076111,507611,1,5076,11,1,52,769,1449
5077011,507701,1,5077,1,1,59,868,4829
5078011,507801,1,5078,1,1,175,2051,6551
5079111,507911,2,5079,11,1,62,881,1964
5080051,508005,0,5080,5,1,98,1184,1658
5081051,508105,1,5081,5,1,50,741,2785
5082071,508207,3,5082,7,1,178,2086,1819
5083031,508303,2,5083,3,1,86,1085,9385
5084041,508404,2,5084,4,1,24,256,797
5085051,508505,1,5085,5,1,44,511,2512
5086031,508603,1,5086,3,1,29,317,1545
5087051,508705,3,5087,5,1,184,2129,2725
5088011,508801,1,5088,1,1,139,1632,1299
5089021,508902,3,5089,2,1,163,1931,1766
5090071,509007,2,5090,7,1,179,2088,1811
5091101,509110,2,5091,10,1,179,2090,1761
5092051,509205,2,5092,5,1,155,1819,1628
5093101,509310,0,5093,10,1,143,1678,2442
5094021,509402,3,5094,2,1,55,826,1300
5095041,509504,1,5095,4,1,163,1941,1725
5096051,509605,0,5096,5,1,98,1182,1678
5097041,509704,2,5097,4,1,152,1795,2279
5098141,509814,0,5098,14,1,135,1583,1844
5099171,509917,2,5099,17,1,13,146,496
5100021,510002,3,5100,2,1,58,853,4768
5101011,510101,1,5101,1,1,49,648,3306
5102051,510205,1,5102,5,1,121,1444,3619
5102052,510205,1,5102,5,2,121,1444,3619
5102053,510205,1,5102,5,3,121,1444,3619
5103041,510304,1,5103,4,1,62,880,3244
5104021,510402,1,5104,2,1,187,2149,1504
5105021,510502,2,5105,2,1,28,278,1371
5106041,510604,1,5106,4,1,120,1430,3649
5107021,510702,2,5107,2,1,48,576,3999
5108031,510803,1,5108,3,1,50,748,2232
5109021,510902,2,5109,2,1,134,1571,2231
5110021,511002,1,5110,2,1,162,1861,1888
5111051,511105,1,5111,5,1,183,2115,2129
5112021,511202,1,5112,2,1,17,180,771
5113081,511308,3,5113,8,1,26,272,1902
5114021,511402,2,5114,2,1,55,819,1575
5115051,511505,1,5115,5,1,162,1853,2088
5116011,511601,3,5116,1,1,147,1736,2632
5117161,511716,1,5117,16,1,173,2039,5218
5118011,511801,2,5118,1,1,126,1476,1687
5119111,511911,1,5119,11,1,57,835,5223
5120071,512007,2,5120,7,1,56,831,4889
5121061,512106,1,5121,6,1,160,1848,1343
5122051,512205,1,5122,5,1,127,1482,2035
5123101,512310,1,5123,10,1,12,143,609
5124171,512417,1,5124,17,1,154,1814,2660
5125041,512504,2,5125,4,1,14,149,796
5126021,512602,2,5126,2,1,86,1067,13050
5127041,512704,1,5127,4,1,174,2047,5218
5128011,512801,1,5128,1,1,175,2057,5683
5129011,512901,1,5129,1,1,44,489,3232
5130191,513019,1,5130,19,1,179,2088,1811
5131051,513105,3,5131,5,1,170,2019,1044
5132031,513203,3,5132,3,1,162,1861,1888
5133111,513311,0,5133,11,1,109,1372,3454
5134051,513405,1,5134,5,1,102,1221,1303
5135031,513503,2,5135,3,1,162,1853,2088
5136191,513619,0,5136,19,1,39,452,3699
5137021,513702,1,5137,2,1,137,1595,1121
5138031,513803,1,5138,3,1,18,213,721
5139041,513904,2,5139,4,1,103,1237,1027
5140181,514018,3,5140,18,1,135,1586,1785
5141051,514105,2,5141,5,1,6,48,1412
5142011,514201,2,5142,1,1,45,524,3117
5143051,514305,1,5143,5,1,36,438,660
5144101,514410,1,5144,10,1,130,1515,1790
5145041,514504,0,5145,4,1,11,134,2795
5146031,514603,1,5146,3,1,132,1530,1998
5147191,514719,3,5147,19,1,63,888,2579
5148051,514805,3,5148,5,1,9,90,2545
5149051,514905,1,5149,5,1,169,1997,1038
5150021,515002,1,5150,2,1,10,105,3019
5151081,515108,1,5151,8,1,111,1379,3848
5152051,515205,0,5152,5,1,48,563,4587
5153011,515301,1,5153,1,1,6,45,1681
5153012,515301,1,5153,1,2,6,45,1681
5154031,515403,3,5154,3,1,162,1855,1979
5155051,515505,0,5155,5,1,163,1911,2151
5156031,515603,1,5156,3,1,106,1286,3116
5157081,515708,1,5157,8,1,135,1584,1829
5158141,515814,3,5158,14,1,186,2142,1673
5159051,515905,1,5159,5,1,71,939,2376
5160041,516004,1,5160,4,1,144,1685,3706
5161031,516103,0,5161,3,1,13,147,488
5162021,516202,1,5162,2,1,96,1155,3604
5163021,516302,0,5163,2,1,136,1589,1281
5164201,516420,1,5164,20,1,178,2085,2014
5165051,516505,1,5165,5,1,36,440,645
5166051,516605,2,5166,5,1,50,746,2395
5167031,516703,0,5167,3,1,86,1077,10968
5168151,516815,3,5168,15,1,174,2045,5770
5169031,516903,1,5169,3,1,59,867,4931
5170101,517010,1,5170,10,1,63,889,2449
5171031,517103,2,5171,3,1,86,1081,10084
5172041,517204,1,5172,4,1,49,635,3655
5173201,517320,1,5173,20,1,187,2146,1688
5174051,517405,2,5174,5,1,121,1432,5447
5175041,517504,1,5175,4,1,5,31,1371
5176051,517605,0,5176,5,1,18,210,738
5177011,517701,2,5177,1,1,113,1389,3090
5178101,517810,0,5178,10,1,26,273,1479
5179141,517914,0,5179,14,1,37,442,5052
5179142,517914,0,5179,14,2,37,442,5052
5180111,518011,1,5180,11,1,39,453,3363
5181011,518101,0,5181,1,1,182,2107,1902
5182061,518206,2,5182,6,1,178,2085,2014
5183021,518302,1,5183,2,1,169,1980,1299
5184011,518401,1,5184,1,1,149,1740,2152
5185021,518502,1,5185,2,1,54,817,1191
5186031,518603,1,5186,3,1,50,680,4276
5187151,518715,1,5187,15,1,148,1738,2836
5188021,518802,0,5188,2,1,65,903,2393
5189051,518905,1,5189,5,1,49,678,1000
5190041,519004,2,5190,4,1,50,735,2939
5191021,519102,1,5191,2,1,1,3,848
5192041,519204,1,5192,4,1,40,464,4088
5193051,519305,1,5193,5,1,169,1983,1189
5194041,519404,2,5194,4,1,157,1837,2715
5195031,519503,3,5195,3,1,163,1931,1766
5196121,519612,1,5196,12,1,100,1213,1488
5197131,519713,1,5197,13,1,100,1209,1651
5198051,519805,0,5198,5,1,55,820,1487
5199051,519905,1,5199,5,1,108,1337,3479
5200181,520018,1,5200,18,1,143,1679,2282
5201051,520105,2,5201,5,1,122,1449,5146
5202011,520201,2,5202,1,1,105,1250,2996
5203121,520312,1,5203,12,1,155,1822,916
5204011,520401,2,5204,1,1,32,391,636
5205101,520510,2,5205,10,1,94,1150,839
5206041,520604,2,5206,4,1,135,1583,1844
5207031,520703,2,5207,3,1,103,1234,1068
5208031,520803,1,5208,3,1,169,1982,1228
5209031,520903,1,5209,3,1,50,714,3398
5210201,521020,3,5210,20,1,33,395,576
5211071,521107,5,5211,7,1,116,1409,5069
5212081,521208,1,5212,8,1,135,1586,1785
5213051,521305,2,5213,5,1,10,109,2930
5214011,521401,2,5214,1,1,22,233,354
5215201,521520,1,5215,20,1,20,223,797
5216181,521618,4,5216,18,1,62,879,3249
5217031,521703,2,5217,3,1,6,59,1038
5218041,521804,2,5218,4,1,40,461,4346
5219021,521902,1,5219,2,1,10,103,3065
5220161,522016,2,5220,16,1,172,2036,8005
5221011,522101,3,5221,1,1,10,107,2960
5222111,522211,2,5222,11,1,136,1592,1094
5223101,522310,1,5223,10,1,178,2084,2239
5224051,522405,2,5224,5,1,145,1716,2453
5225021,522502,1,5225,2,1,150,1751,2613
5226061,522606,1,5226,6,1,8,62,1927
5227101,522710,1,5227,10,1,118,1415,5024
5228191,522819,3,5228,19,1,75,964,4181
5229101,522910,2,5229,10,1,95,1154,485
5230041,523004,1,5230,4,1,120,1431,1119
5231131,523113,1,5231,13,1,94,1151,720
5232041,523204,2,5232,4,1,104,1244,941
5233021,523302,1,5233,2,1,54,806,1316
5234021,523402,2,5234,2,1,86,1086,8324
5235021,523502,1,5235,2,1,30,347,1489
5236041,523604,1,5236,4,1,34,396,778
5237021,523702,1,5237,2,1,189,2158,1225
5238041,523804,2,5238,4,1,97,1173,1504
5239041,523904,2,5239,4,1,35,416,888
5240071,524007,0,5240,7,1,39,451,3817
5241081,524108,1,5241,8,1,89,1113,3095
5242021,524202,1,5242,2,1,163,1930,1776
5243201,524320,2,5243,20,1,149,1740,2152
5244041,524404,2,5244,4,1,183,2121,1915
5245181,524518,3,5245,18,1,51,766,1365
5246021,524602,1,5246,2,1,162,1908,1446
5247041,524704,0,5247,4,1,31,388,1595
5248021,524802,1,5248,2,1,97,1159,2131
5249051,524905,1,5249,5,1,151,1767,2414
5250191,525019,1,5250,19,1,28,278,1371
5251021,525102,2,5251,2,1,49,675,1417
5252031,525203,1,5252,3,1,136,1591,1218
5253051,525305,1,5253,5,1,106,1294,1910
5254041,525404,0,5254,4,1,128,1501,2174
5255041,525504,1,5255,4,1,29,316,1573
5256021,525602,2,5256,2,1,173,2039,5218
5257111,525711,0,5257,11,1,117,1412,4714
5258021,525802,2,5258,2,1,117,1411,4824
5259031,525903,1,5259,3,1,62,880,3244
5260051,526005,4,5260,5,1,128,1511,1952
5261201,526120,2,5261,20,1,94,1148,948
5262031,526203,1,5262,3,1,162,1909,1376
5263031,526303,2,5263,3,1,6,48,1412
5264031,526403,1,5264,3,1,41,473,4296
5265201,526520,7,5265,20,1,94,1149,884
5266011,526601,3,5266,1,1,138,1604,1399
5267031,526703,2,5267,3,1,6,53,1292
5268071,526807,1,5268,7,1,105,1251,2799
5269021,526902,2,5269,2,1,53,777,1333
5270041,527004,0,5270,4,1,169,1981,1279
5271021,527102,1,5271,2,1,142,1676,2626
5272051,527205,1,5272,5,1,44,505,2750
5273081,527308,0,5273,8,1,39,448,4578
5274031,527403,2,5274,3,1,24,253,843
5275011,527501,1,5275,1,1,72,944,2387
5276091,527609,1,5276,9,1,67,920,1739
5276092,527609,1,5276,9,2,67,920,1739
5277051,527705,0,5277,5,1,178,2084,2239
5278011,527801,1,5278,1,1,123,1460,9149
5279021,527902,0,5279,2,1,93,1137,4450
5280031,528003,1,5280,3,1,9,70,3330
5281021,528102,2,5281,2,1,46,555,1050
5282021,528202,2,5282,2,1,97,1171,1518
5283011,528301,1,5283,1,1,84,1026,8028
5284021,528402,2,5284,2,1,34,398,928
5285011,528501,2,5285,1,1,6,46,1634
5286021,528602,2,5286,2,1,182,2108,1861
5287071,528707,1,5287,7,1,3,7,1634
5288031,528803,1,5288,3,1,162,1872,1730
5289051,528905,0,5289,5,1,50,693,3642
5290011,529001,1,5290,1,1,11,127,3038
5291181,529118,1,5291,18,1,90,1117,3299
5292041,529204,1,5292,4,1,144,1695,2426
5293011,529301,2,5293,1,1,18,208,757
5294151,529415,2,5294,15,1,118,1414,5277
5295191,529519,2,5295,19,1,20,223,797
5296071,529607,2,5296,7,1,27,276,1431
5297031,529703,1,5297,3,1,162,1888,1654
5298041,529804,1,5298,4,1,73,946,2962
5299031,529903,1,5299,3,1,40,462,4234
5300071,530007,3,5300,7,1,51,766,1365
5301021,530102,3,5301,2,1,30,361,1361
5302011,530201,0,5302,1,1,17,186,713
5303011,530301,0,5303,1,1,87,1095,11960
5304041,530404,2,5304,4,1,160,1847,1348
5305121,530512,2,5305,12,1,94,1151,720
5306031,530603,3,5306,3,1,50,683,3883
5307171,530717,0,5307,17,1,3,7,1634
5308041,530804,2,5308,4,1,188,2152,1515
5309191,530919,1,5309,19,1,167,1975,636
5310041,531004,1,5310,4,1,16,171,666
5311061,531106,1,5311,6,1,62,880,3244
5312021,531202,3,5312,2,1,34,406,759
5313021,531302,1,5313,2,1,139,1638,1263
5314011,531401,0,5314,1,1,24,263,537
5315151,531515,2,5315,15,1,61,876,2994
5316111,531611,3,5316,11,1,63,882,3147
5317011,531701,1,5317,1,1,76,968,7378
5318171,531817,2,5318,17,1,166,1972,586
5319141,531914,2,5319,14,1,88,1107,4964
5320011,532001,0,5320,1,1,30,348,1476
5321201,532120,1,5321,20,1,26,274,1433
5322111,532211,2,5322,11,1,2,6,392
5323101,532310,0,5323,10,1,135,1584,1829
5324031,532403,1,5324,3,1,44,493,3043
5325191,532519,1,5325,19,1,75,966,3387
5326061,532606,1,5326,6,1,178,2086,1819
5327121,532712,0,5327,12,1,154,1816,2554
5328011,532801,2,5328,1,1,107,1305,3233
5329011,532901,3,5329,1,1,103,1226,1221
5330041,533004,1,5330,4,1,107,1301,3306
5331021,533102,1,5331,2,1,29,300,1661
5332151,533215,3,5332,15,1,89,1113,3095
5333191,533319,1,5333,19,1,105,1254,2584
5334021,533402,2,5334,2,1,71,939,2376
5335051,533505,1,5335,5,1,30,353,1448
5336051,533605,1,5336,5,1,162,1862,1866
5337031,533703,3,5337,3,1,152,1796,2266
5338051,533805,2,5338,5,1,83,1024,5447
5339101,533910,1,5339,10,1,179,2087,1839
5340151,534015,3,5340,15,1,33,395,576
5341111,534111,0,5341,11,1,39,447,4920
5342081,534208,2,5342,8,1,109,1372,3454
5343021,534302,1,5343,2,1,24,258,755
5344031,534403,1,5344,3,1,152,1803,2091
5345021,534502,1,5345,2,1,108,1352,3292
5346021,534602,1,5346,2,1,140,1663,1305
5347141,534714,1,5347,14,1,88,1109,4626
5348181,534818,1,5348,18,1,117,1411,4824
5349161,534916,3,5349,16,1,96,1157,995
5350011,535001,1,5350,1,1,135,1585,1797
5351021,535102,1,5351,2,1,35,430,741
5352081,535208,1,5352,8,1,173,2044,4268
5353031,535303,1,5353,3,1,169,1996,1076
5354021,535402,1,5354,2,1,49,643,3508
5355021,535502,0,5355,2,1,50,713,3405
5356191,535619,1,5356,19,1,101,1217,1108
5357061,535706,1,5357,6,1,1,3,848
5358051,535805,2,5358,5,1,107,1319,3086
5359021,535902,0,5359,2,1,151,1766,2503
5360041,536004,1,5360,4,1,30,365,1327
5361021,536102,1,5361,2,1,126,1472,2162
5362011,536201,4,5362,1,1,29,312,1588
5363191,536319,1,5363,19,1,105,1251,2799
5364041,536404,1,5364,4,1,97,1167,1679
5365011,536501,3,5365,1,1,49,669,2198
5366031,536603,1,5366,3,1,156,1830,1676
5367021,536702,3,5367,2,1,65,904,2203
5368011,536801,0,5368,1,1,182,2106,1904
5369011,536901,0,5369,1,1,10,109,2930
5370041,537004,1,5370,4,1,78,977,9959
5371181,537118,0,5371,18,1,76,968,7378
5372021,537202,2,5372,2,1,44,496,2933
5373031,537303,1,5373,3,1,152,1792,2468
5374011,537401,0,5374,1,1,160,1847,1348
5375011,537501,0,5375,1,1,9,90,2545
5376131,537613,1,5376,13,1,105,1255,1919
5377071,537707,1,5377,7,1,154,1814,2660
5378201,537820,1,5378,20,1,172,2037,7996
5379201,537920,1,5379,20,1,94,1147,957
5380021,538002,1,5380,2,1,185,2141,1249
5381021,538102,2,5381,2,1,16,176,618
5382051,538205,2,5382,5,1,169,2011,775
5383021,538302,2,5383,2,1,65,900,2939
5384051,538405,1,5384,5,1,67,921,1645
5385051,538505,2,5385,5,1,30,351,1464
5386021,538602,1,5386,2,1,56,832,4770
5387201,538720,1,5387,20,1,37,444,3822
5388131,538813,1,5388,13,1,143,1679,2282
5389051,538905,1,5389,5,1,182,2098,2146
5390181,539018,2,5390,18,1,8,63,1922
5391011,539101,1,5391,1,1,120,1428,4206
5392031,539203,2,5392,3,1,94,1149,884
5393091,539309,0,5393,9,1,39,451,3817
5394041,539404,2,5394,4,1,39,454,3356
5395071,539507,1,5395,7,1,105,1253,2656
5396021,539602,2,5396,2,1,162,1853,2088
5397071,539707,0,5397,7,1,71,938,2501
5398041,539804,2,5398,4,1,177,2081,8452
5399041,539904,1,5399,4,1,6,47,1535
5400031,540003,1,5400,3,1,49,636,3624
5401051,540105,1,5401,5,1,49,662,3003
5402191,540219,1,5402,19,1,159,1842,2431
5403051,540305,1,5403,5,1,182,2097,2212
5404181,540418,1,5404,18,1,136,1589,1281
5405041,540504,0,5405,4,1,107,1323,3056
5406171,540617,2,5406,17,1,13,147,488
5407011,540701,0,5407,1,1,169,2012,673
5408091,540809,1,5408,9,1,32,392,627
5409011,540901,2,5409,1,1,35,423,794
5410031,541003,0,5410,3,1,85,1040,12481
5411031,541103,1,5411,3,1,29,280,1652
5412101,541210,2,5412,10,1,125,1468,1809
5413011,541301,2,5413,1,1,49,654,3163
5413012,541301,0,5413,1,2,49,654,3163
5413013,541301,1,5413,1,3,49,654,3163
5413014,541301,1,5413,1,4,49,654,3163
5413015,541301,0,5413,1,5,49,654,3163
5414151,541415,1,5414,15,1,179,2087,1839
5415011,541501,1,5415,1,1,40,463,4100
5416051,541605,1,5416,5,1,98,1188,1412
5417051,541705,1,5417,5,1,127,1494,1700
5418131,541813,2,5418,13,1,135,1582,2162
5419051,541905,2,5419,5,1,92,1134,4164
5420021,542002,0,5420,2,1,107,1308,3224
5421181,542118,2,5421,18,1,110,1376,4727
5422171,542217,1,5422,17,1,148,1739,2513
5423141,542314,1,5423,14,1,111,1385,3030
5424081,542408,2,5424,8,1,51,765,1494
5425021,542502,0,5425,2,1,111,1382,3286
5426011,542601,3,5426,1,1,138,1613,1193
5427051,542705,2,5427,5,1,50,748,2232
5428051,542805,3,5428,5,1,129,1513,2829
5429031,542903,1,5429,3,1,15,161,365
5430011,543001,1,5430,1,1,94,1147,957
5431051,543105,1,5431,5,1,50,703,3504
5432081,543208,1,5432,8,1,154,1817,2285
5433011,543301,1,5433,1,1,121,1446,3141
5434051,543405,0,5434,5,1,86,1071,12674
5435021,543502,1,5435,2,1,169,1979,1077
5436011,543601,1,5436,1,1,108,1362,3181
5437051,543705,2,5437,5,1,66,912,3136
5438011,543801,1,5438,1,1,24,259,719
5439021,543902,1,5439,2,1,58,846,5182
5440111,544011,1,5440,11,1,63,889,2449
5441021,544102,1,5441,2,1,44,511,2512
5442041,544204,2,5442,4,1,24,255,837
5443151,544315,0,5443,15,1,52,768,1450
5444011,544401,3,5444,1,1,152,1800,2190
5445011,544501,1,5445,1,1,170,2025,979
5446041,544604,2,5446,4,1,30,342,1519
5447071,544707,0,5447,7,1,2,6,392
5448051,544805,1,5448,5,1,10,99,3348
5449051,544905,0,5449,5,1,88,1107,4964
5450021,545002,1,5450,2,1,153,1811,2396
5451051,545105,0,5451,5,1,170,2025,979
5452031,545203,2,5452,3,1,49,664,2986
5453051,545305,2,5453,5,1,152,1796,2266
5454041,545404,1,5454,4,1,50,707,3479
5455021,545502,1,5455,2,1,132,1531,1998
5456031,545603,2,5456,3,1,34,406,759
5457051,545705,2,5457,5,1,147,1736,2632
5458031,545803,2,5458,3,1,175,2049,7597
5459071,545907,0,5459,7,1,147,1736,2632
5460041,546004,0,5460,4,1,13,147,488
5461171,546117,1,5461,17,1,143,1679,2282
5462021,546202,3,5462,2,1,121,1448,1033
5463041,546304,2,5463,4,1,98,1182,1678
5464121,546412,1,5464,12,1,56,831,4889
5465041,546504,2,5465,4,1,40,459,4568
5466011,546601,3,5466,1,1,35,419,817
5467181,546718,3,5467,18,1,32,391,636
5468051,546805,2,5468,5,1,40,462,4234
5469051,546905,2,5469,5,1,169,1987,1155
5470041,547004,1,5470,4,1,144,1686,3272
5471171,547117,1,5471,17,1,52,773,1281
5472011,547201,2,5472,1,1,187,2146,1688
5473151,547315,1,5473,15,1,116,1409,5069
5474011,547401,0,5474,1,1,107,1318,3097
5475131,547513,3,5475,13,1,159,1843,2250
5476041,547604,2,5476,4,1,141,1674,2757
5477051,547705,3,5477,5,1,104,1244,941
5478021,547802,1,5478,2,1,30,340,1528
5479021,547902,2,5479,2,1,81,1012,22127
5480101,548010,0,5480,10,1,39,449,4091
5481011,548101,2,5481,1,1,48,601,1568
5482041,548204,2,5482,4,1,135,1582,2162
5483041,548304,1,5483,4,1,46,542,3385
5484051,548405,2,5484,5,1,133,1563,1816
5485021,548502,2,5485,2,1,50,750,2094
5486041,548604,4,5486,4,1,55,828,1133
5487011,548701,2,5487,1,1,48,569,4262
5488201,548820,1,5488,20,1,153,1813,2357
5489131,548913,2,5489,13,1,62,880,3244
5490051,549005,2,5490,5,1,129,1514,2031
5491191,549119,1,5491,19,1,63,883,3042
5492091,549209,2,5492,9,1,27,275,1555
5493151,549315,0,5493,15,1,110,1376,4727
5494021,549402,2,5494,2,1,150,1753,2595
5495021,549502,1,5495,2,1,50,746,2395
5496041,549604,2,5496,4,1,107,1296,3884
5497041,549704,2,5497,4,1,182,2107,1902
5498161,549816,1,5498,16,1,51,767,1281
5499041,549904,1,5499,4,1,102,1221,1303
5500031,550003,2,5500,3,1,11,132,2860
5501051,550105,2,5501,5,1,50,681,4096
5502031,550203,2,5502,3,1,85,1050,11321
5503021,550302,1,5503,2,1,112,1387,3229
5504121,550412,2,5504,12,1,32,391,636
5505031,550503,2,5505,3,1,162,1860,1895
5506191,550619,2,5506,19,1,71,936,2779
5507021,550702,1,5507,2,1,50,691,3701
5508051,550805,2,5508,5,1,67,923,1581
5509091,550909,2,5509,9,1,109,1374,2508
5510031,551003,1,5510,3,1,127,1491,1834
5511021,551102,1,5511,2,1,98,1185,1596
5512171,551217,1,5512,17,1,137,1597,1065
5513111,551311,1,5513,11,1,155,1818,1651
5514021,551402,1,5514,2,1,29,298,1669
5515131,551513,2,5515,13,1,52,769,1449
5516041,551604,0,5516,4,1,106,1274,3242
5517051,551705,2,5517,5,1,140,1656,1446
5518091,551809,2,5518,9,1,159,1842,2431
5519051,551905,1,5519,5,1,40,458,4635
5520051,552005,2,5520,5,1,114,1403,2379
5521041,552104,3,5521,4,1,49,666,2907
5522051,552205,1,5522,5,1,85,1034,13299
5523041,552304,3,5523,4,1,97,1172,1505
5524051,552405,1,5524,5,1,49,669,2198
5525031,552503,1,5525,3,1,59,862,5358
5526011,552601,2,5526,1,1,162,1860,1895
5527051,552705,0,5527,5,1,97,1166,1711
5528021,552802,2,5528,2,1,9,89,2560
5529081,552908,1,5529,8,1,95,1154,485
5530051,553005,2,5530,5,1,108,1357,3261
5531021,553102,1,5531,2,1,30,331,1626
5532181,553218,1,5532,18,1,21,227,882
5533051,553305,1,5533,5,1,22,231,426
5534011,553401,1,5534,1,1,127,1485,1964
5535201,553520,1,5535,20,1,172,2038,7996
5536031,553603,1,5536,3,1,107,1299,3334
5537041,553704,2,5537,4,1,45,519,3308
5538191,553819,3,5538,19,1,159,1844,2105
5539051,553905,1,5539,5,1,45,536,2447
5540101,554010,0,5540,10,1,51,766,1365
5541011,554101,2,5541,1,1,48,579,3927
5542041,554204,2,5542,4,1,177,2082,8379
5543041,554304,3,5543,4,1,18,209,752
5544021,554402,0,5544,2,1,106,1289,3018
5545151,554515,1,5545,15,1,39,450,4023
5546011,554601,2,5546,1,1,114,1399,3340
5547031,554703,2,5547,3,1,151,1778,2117
5548021,554802,1,5548,2,1,182,2107,1902
5549051,554905,1,5549,5,1,162,1895,1601
5550161,555016,1,5550,16,1,111,1378,4169
5551031,555103,1,5551,3,1,13,146,496
5552021,555202,1,5552,2,1,85,1055,9998
5553051,555305,1,5553,5,1,185,2141,1249
5554111,555411,0,5554,11,1,88,1107,4964
5555171,555517,2,5555,17,1,32,392,627
5556041,555604,1,5556,4,1,11,141,1377
5557041,555704,2,5557,4,1,152,1793,2445
5558011,555801,1,5558,1,1,34,412,707
5559071,555907,1,5559,7,1,137,1598,1015
5560051,556005,2,5560,5,1,6,53,1292
5561051,556105,1,5561,5,1,50,690,3715
5562081,556208,2,5562,8,1,14,148,833
5563021,556302,1,5563,2,1,85,1028,15557
5564011,556401,2,5564,1,1,170,2028,888
5565041,556504,1,5565,4,1,9,72,3214
5566011,556601,2,5566,1,1,23,241,794
5567041,556704,2,5567,4,1,59,864,5348
5568181,556818,1,5568,18,1,149,1742,1939
5569191,556919,1,5569,19,1,26,272,1902
5570041,557004,2,5570,4,1,46,555,1050
5571131,557113,1,5571,13,1,101,1217,1108
5572021,557202,1,5572,2,1,163,1935,1749
5573141,557314,1,5573,14,1,81,1017,6441
5574041,557404,2,5574,4,1,163,1926,1790
5575121,557512,0,5575,12,1,39,451,3817
5576011,557601,2,5576,1,1,134,1575,1775
5577131,557713,1,5577,13,1,89,1112,3110
5578011,557801,1,5578,1,1,40,467,3899
5579071,557907,2,5579,7,1,56,830,5624
5580021,558002,1,5580,2,1,140,1653,1511
5581011,558101,2,5581,1,1,60,873,6798
5582031,558203,1,5582,3,1,133,1565,1745
5583031,558303,1,5583,3,1,139,1621,1407
5584161,558416,1,5584,16,1,1,3,848
5585181,558518,1,5585,18,1,160,1845,1479
5586041,558604,3,5586,4,1,163,1924,1839
5587051,558705,2,5587,5,1,155,1818,1651
5588021,558802,1,5588,2,1,28,279,1313
5589011,558901,1,5589,1,1,29,286,1778
5590201,559020,0,5590,20,1,105,1250,2996
5591011,559101,2,5591,1,1,40,459,4568
5592011,559201,0,5592,1,1,122,1451,4613
5593171,559317,1,5593,17,1,129,1513,2829
5594051,559405,1,5594,5,1,34,399,908
5595091,559509,0,5595,9,1,159,1844,2105
5596041,559604,2,5596,4,1,31,368,2069
5597091,559709,2,5597,9,1,8,62,1927
5598021,559802,2,5598,2,1,122,1453,4305
5599021,559902,2,5599,2,1,4,13,1363
5600201,560020,1,5600,20,1,117,1411,4824
5601051,560105,1,5601,5,1,121,1437,4489
5602051,560205,1,5602,5,1,106,1260,3641
5603051,560305,3,5603,5,1,132,1544,1573
5604191,560419,2,5604,19,1,51,766,1365
5605091,560509,1,5605,9,1,63,885,2839
5606111,560611,1,5606,11,1,141,1674,2757
5607051,560705,3,5607,5,1,49,677,1008
5608041,560804,1,5608,4,1,18,211,734
5609041,560904,1,5609,4,1,30,357,1426
5610051,561005,2,5610,5,1,166,1966,2755
5611011,561101,1,5611,1,1,120,1426,4969
5612051,561205,2,5612,5,1,69,929,3066
5613031,561303,1,5613,3,1,44,504,2767
5614181,561418,1,5614,18,1,136,1590,1225
5615181,561518,1,5615,18,1,159,1842,2431
5616031,561603,1,5616,3,1,49,604,4983
5617021,561702,1,5617,2,1,107,1324,3029
5618191,561819,0,5618,19,1,111,1384,3206
5619051,561905,1,5619,5,1,6,58,1116
5620041,562004,1,5620,4,1,51,767,1281
5621031,562103,2,5621,3,1,58,843,5596
5622011,562201,1,5622,1,1,86,1074,12314
5623121,562312,0,5623,12,1,77,969,10589
5624141,562414,1,5624,14,1,178,2084,2239
5625031,562503,1,5625,3,1,42,481,3354
5626041,562604,1,5626,4,1,49,624,3913
5627051,562705,5,5627,5,1,48,567,4308
5628121,562812,2,5628,12,1,67,921,1645
5629021,562902,1,5629,2,1,48,575,4004
5630081,563008,1,5630,8,1,21,228,784
5631061,563106,1,5631,6,1,187,2145,1691
5632131,563213,3,5632,13,1,135,1585,1797
5633031,563303,2,5633,3,1,50,696,3566
5634111,563411,2,5634,11,1,143,1682,2124
5635041,563504,1,5635,4,1,107,1298,3361
5636121,563612,1,5636,12,1,61,877,2869
5637031,563703,1,5637,3,1,108,1341,3411
5638011,563801,1,5638,1,1,49,642,3521
5639181,563918,2,5639,18,1,20,223,797
5640171,564017,0,5640,17,1,100,1212,1495
5641051,564105,2,5641,5,1,65,895,3954
5642041,564204,0,5642,4,1,152,1796,2266
5643081,564308,2,5643,8,1,159,1843,2250
5644021,564402,1,5644,2,1,163,1941,1725
5645051,564505,2,5645,5,1,67,917,1831
5646011,564601,2,5646,1,1,4,23,1189
5647031,564703,2,5647,3,1,40,468,3585
5648031,564803,0,5648,3,1,103,1238,973
5649011,564901,0,5649,1,1,121,1434,4829
5650181,565018,1,5650,18,1,137,1597,1065
5651061,565106,1,5651,6,1,33,394,835
5652021,565202,1,5652,2,1,86,1079,10531
5653011,565301,3,5653,1,1,106,1256,3877
5654131,565413,1,5654,13,1,142,1677,2524
5655131,565513,0,5655,13,1,39,450,4023
5656131,565613,1,5656,13,1,172,2035,8923
5657051,565705,1,5657,5,1,65,904,2203
5658041,565804,1,5658,4,1,138,1603,1445
5659101,565910,1,5659,10,1,20,224,779
5660101,566010,2,5660,10,1,71,937,2578
5661021,566102,4,5661,2,1,144,1695,2426
5662041,566204,1,5662,4,1,94,1148,948
5663091,566309,1,5663,9,1,143,1678,2442
5664031,566403,2,5664,3,1,6,50,1373
5665051,566505,1,5665,5,1,163,1935,1749
5666051,566605,2,5666,5,1,48,588,3638
5667031,566703,2,5667,3,1,87,1094,12086
5668031,566803,2,5668,3,1,170,2022,1015
5669051,566905,1,5669,5,1,6,51,1346
5670041,567004,1,5670,4,1,50,737,2858
5671161,567116,1,5671,16,1,154,1814,2660
5672151,567215,1,5672,15,1,94,1147,957
5673031,567303,2,5673,3,1,50,733,2944
5674041,567404,1,5674,4,1,44,495,2970
5675031,567503,2,5675,3,1,11,140,1439
5676031,567603,1,5676,3,1,28,277,1380
5677071,567707,2,5677,7,1,57,835,5223
5678061,567806,2,5678,6,1,96,1156,1044
5679031,567903,3,5679,3,1,50,688,3766
5680021,568002,1,5680,2,1,183,2114,2129
5681091,568109,0,5681,9,1,52,772,1285
5682021,568202,2,5682,2,1,81,1014,20259
5683041,568304,1,5683,4,1,99,1206,1411
5684051,568405,3,5684,5,1,9,81,2980
5685011,568501,1,5685,1,1,98,1197,1206
5686051,568605,1,5686,5,1,53,789,1214
5687051,568705,0,5687,5,1,3,8,1437
5688041,568804,3,5688,4,1,132,1533,1859
5689011,568901,1,5689,1,1,73,947,2917
5690011,569001,1,5690,1,1,167,1974,661
5691011,569101,1,5691,1,1,106,1268,3360
5692201,569220,1,5692,20,1,52,768,1450
5693021,569302,1,5693,2,1,162,1880,1686
5694011,569401,1,5694,1,1,108,1338,3457
5695021,569502,1,5695,2,1,20,224,779
5696171,569617,1,5696,17,1,178,2085,2014
5697031,569703,2,5697,3,1,129,1514,2031
5698191,569819,1,5698,19,1,57,836,4721
5699031,569903,2,5699,3,1,39,453,3363
5700011,570001,2,5700,1,1,146,1731,3077
5701041,570104,1,5701,4,1,59,865,5338
5702041,570204,2,5702,4,1,150,1747,2700
5703121,570312,2,5703,12,1,37,442,5052
5704051,570405,2,5704,5,1,170,2020,1036
5705011,570501,1,5705,1,1,30,345,1490
5706031,570603,1,5706,3,1,176,2079,4828
5707031,570703,3,5707,3,1,35,420,813
5708041,570804,0,5708,4,1,49,638,3604
5709021,570902,1,5709,2,1,111,1380,3726
5710051,571005,1,5710,5,1,189,2156,1324
5711011,571101,0,5711,1,1,30,355,1437
5712041,571204,1,5712,4,1,50,727,3076
5713151,571315,2,5713,15,1,75,966,3387
5714051,571405,2,5714,5,1,127,1479,1952
5715031,571503,2,5715,3,1,149,1741,2121
5716011,571601,1,5716,1,1,41,476,4074
5717021,571702,1,5717,2,1,122,1459,760
5718011,571801,2,5718,1,1,132,1553,1371
5719051,571905,1,5719,5,1,117,1411,4824
5720171,572017,1,5720,17,1,77,969,10589
5721031,572103,1,5721,3,1,138,1611,1261
5722021,572202,3,5722,2,1,10,100,3332
5723161,572316,1,5723,16,1,101,1215,1128
5724011,572401,3,5724,1,1,85,1060,7080
5725111,572511,0,5725,11,1,89,1112,3110
5726021,572602,1,5726,2,1,6,45,1681
5727011,572701,3,5727,1,1,23,248,707
5728081,572808,1,5728,8,1,19,221,728
5729061,572906,4,5729,6,1,68,928,1288
5730101,573010,3,5730,10,1,89,1113,3095
5731071,573107,0,5731,7,1,167,1976,500
5732041,573204,1,5732,4,1,111,1378,4169
5733021,573302,2,5733,2,1,106,1262,3621
5734081,573408,2,5734,8,1,142,1676,2626
5735191,573519,0,5735,19,1,39,447,4920
5736041,573604,1,5736,4,1,85,1040,12481
5737011,573701,1,5737,1,1,152,1796,2266
5738191,573819,2,5738,19,1,167,1974,661
5739041,573904,2,5739,4,1,9,88,2583
5740051,574005,1,5740,5,1,140,1657,1444
5741191,574119,1,5741,19,1,116,1406,6756
5742031,574203,2,5742,3,1,50,694,3633
5743011,574301,1,5743,1,1,36,441,597
5744191,574419,2,5744,19,1,155,1819,1628
5745021,574502,2,5745,2,1,108,1360,3189
5746031,574603,1,5746,3,1,100,1209,1651
5747171,574717,2,5747,17,1,115,1404,6225
5748021,574802,1,5748,2,1,152,1795,2279
5749031,574903,1,5749,3,1,163,1940,1726
5750031,575003,1,5750,3,1,170,2014,1293
5751051,575105,1,5751,5,1,80,1006,6870
5752011,575201,2,5752,1,1,176,2068,6800
5753201,575320,2,5753,20,1,166,1971,658
5754011,575401,1,5754,1,1,86,1075,11783
5755171,575517,5,5755,17,1,94,1150,839
5756011,575601,2,5756,1,1,169,1989,1117
5757051,575705,0,5757,5,1,111,1380,3726
5758061,575806,3,5758,6,1,39,449,4091
5759041,575904,1,5759,4,1,85,1046,11818
5760041,576004,1,5760,4,1,9,86,2729
5761011,576101,1,5761,1,1,49,658,3100
5762111,576211,1,5762,11,1,159,1844,2105
5763021,576302,2,5763,2,1,86,1083,9428
5764021,576402,1,5764,2,1,111,1379,3848
5765041,576504,1,5765,4,1,170,2025,979
5766051,576605,1,5766,5,1,105,1250,2996
5767051,576705,2,5767,5,1,5,28,1464
5768011,576801,3,5768,1,1,68,926,4627
5769171,576917,1,5769,17,1,117,1412,4714
5770031,577003,2,5770,3,1,121,1439,4377
5771041,577104,2,5771,4,1,128,1505,2103
5772031,577203,2,5772,3,1,49,637,3623
5773161,577316,2,5773,16,1,137,1599,1009
5774041,577404,2,5774,4,1,114,1402,3050
5775041,577504,1,5775,4,1,35,423,794
5776011,577601,1,5776,1,1,61,877,2869
5777051,577705,1,5777,5,1,59,864,5348
5778011,577801,1,5778,1,1,50,691,3701
5779141,577914,1,5779,14,1,135,1582,2162
5780041,578004,1,5780,4,1,139,1637,1272
5780042,578004,1,5780,4,2,139,1637,1272
5780043,578004,1,5780,4,3,139,1637,1272
5781131,578113,0,5781,13,1,160,1846,1388
5782051,578205,1,5782,5,1,54,809,1306
5783151,578315,1,5783,15,1,185,2139,1468
5784191,578419,1,5784,19,1,143,1681,2188
5785021,578502,1,5785,2,1,14,149,796
5786041,578604,1,5786,4,1,10,120,2739
5787021,578702,1,5787,2,1,85,1035,13117
5788191,578819,1,5788,19,1,172,2035,8923
5789021,578902,1,5789,2,1,121,1442,3818
5790011,579001,2,5790,1,1,9,82,2951
5791051,579105,2,5791,5,1,49,622,4001
5792041,579204,2,5792,4,1,50,697,3527
5793051,579305,0,5793,5,1,80,1002,7693
5794031,579403,1,5794,3,1,49,678,1000
5795021,579502,1,5795,2,1,113,1392,3160
5796031,579603,2,5796,3,1,50,712,3409
5797121,579712,1,5797,12,1,57,836,4721
5798041,579804,2,5798,4,1,4,19,1284
5799041,579904,1,5799,4,1,153,1813,2357
5800051,580005,1,5800,5,1,108,1334,3801
5801121,580112,2,5801,12,1,143,1678,2442
5802031,580203,2,5802,3,1,9,94,2118
5803031,580303,1,5803,3,1,134,1571,2231
5803032,580303,0,5803,3,2,134,1571,2231
5804031,580403,1,5804,3,1,139,1628,1338
5805041,580504,5,5805,4,1,151,1768,2339
5806041,580604,4,5806,4,1,138,1614,1185
5807041,580704,1,5807,4,1,87,1098,11415
5808061,580806,5,5808,6,1,101,1219,985
5809181,580918,2,5809,18,1,43,484,2372
5810051,581005,0,5810,5,1,29,292,1719
5811021,581102,0,5811,2,1,171,2032,830
5812181,581218,2,5812,18,1,142,1677,2524
5813051,581305,0,5813,5,1,151,1779,2117
5814031,581403,2,5814,3,1,48,597,2967
5815041,581504,1,5815,4,1,88,1105,4784
5816141,581614,1,5816,14,1,101,1218,1072
5817021,581702,0,5817,2,1,111,1381,3504
5818051,581805,1,5818,5,1,85,1033,13434
5819101,581910,0,5819,10,1,13,147,488
5820021,582002,2,5820,2,1,170,2022,1015
5821031,582103,1,5821,3,1,87,1090,13365
5822141,582214,0,5822,14,1,39,448,4578
5823031,582303,2,5823,3,1,166,1967,2601
5824031,582403,0,5824,3,1,137,1595,1121
5825031,582503,0,5825,3,1,4,26,1132
5826171,582617,1,5826,17,1,39,453,3363
5827051,582705,2,5827,5,1,35,418,826
5828031,582803,1,5828,3,1,170,2020,1036
5829011,582901,1,5829,1,1,169,2003,1004
5830011,583001,1,5830,1,1,139,1649,1058
5831031,583103,1,5831,3,1,50,721,3243
5832041,583204,1,5832,4,1,54,817,1191
5833031,583303,2,5833,3,1,140,1660,1423
5834011,583401,1,5834,1,1,44,511,2512
5835031,583503,1,5835,3,1,75,959,21971
5836041,583604,1,5836,4,1,151,1784,2039
5837011,583701,1,5837,1,1,145,1720,1138
5838081,583808,3,5838,8,1,166,1971,658
5839041,583904,2,5839,4,1,145,1708,2585
5840051,584005,1,5840,5,1,140,1652,1668
5841021,584102,2,5841,2,1,122,1456,3365
5842021,584202,1,5842,2,1,34,396,778
5843011,584301,1,5843,1,1,98,1185,1596
5844051,584405,3,5844,5,1,106,1272,3266
5845011,584501,1,5845,1,1,116,1409,5069
5846201,584620,3,5846,20,1,7,60,4118
5847021,584702,0,5847,2,1,26,272,1902
5848131,584813,2,5848,13,1,173,2040,4785
5849021,584902,1,5849,2,1,10,120,2739
5850041,585004,1,5850,4,1,106,1291,2916
5850042,585004,1,5850,4,2,106,1291,2916
5851061,585106,2,5851,6,1,13,147,488
5852201,585220,4,5852,20,1,67,920,1739
5853031,585303,2,5853,3,1,120,1421,5724
5854031,585403,1,5854,3,1,48,559,5687
5855021,585502,2,5855,2,1,67,918,1831
5856011,585601,1,5856,1,1,182,2097,2212
5857041,585704,2,5857,4,1,33,394,835
5858011,585801,2,5858,1,1,133,1568,1491
5859041,585904,3,5859,4,1,87,1096,11554
5860051,586005,2,5860,5,1,30,335,1555
5861101,586110,1,5861,10,1,71,938,2501
5862021,586202,1,5862,2,1,106,1265,3434
5863051,586305,1,5863,5,1,162,1855,1979
5864041,586404,2,5864,4,1,17,183,732
5865061,586506,1,5865,6,1,67,918,1831
5866011,586601,2,5866,1,1,147,1735,2939
5867031,586703,0,5867,3,1,169,1987,1155
5868041,586804,1,5868,4,1,113,1393,3021
5869021,586902,1,5869,2,1,85,1053,10752
5870011,587001,0,5870,1,1,50,708,3458
5871031,587103,2,5871,3,1,175,2064,4903
5872011,587201,1,5872,1,1,46,555,1050
5873051,587305,1,5873,5,1,157,1835,4084
5874031,587403,1,5874,3,1,63,887,2678
5875011,587501,0,5875,1,1,5,39,1139
5876041,587604,2,5876,4,1,80,1008,6695
5877051,587705,2,5877,5,1,15,161,365
5878201,587820,1,5878,20,1,153,1809,2602
5879151,587915,1,5879,15,1,13,146,496
5880121,588012,2,5880,12,1,75,966,3387
5881011,588101,1,5881,1,1,81,1017,6441
5882021,588202,0,5882,2,1,175,2057,5683
5883041,588304,2,5883,4,1,163,1917,1920
5884031,588403,1,5884,3,1,19,221,728
5885161,588516,1,5885,16,1,136,1590,1225
5886051,588605,4,5886,5,1,49,672,1906
5887041,588704,0,5887,4,1,121,1448,1033
5888021,588802,1,5888,2,1,35,416,888
5889181,588918,1,5889,18,1,180,2092,2522
5890011,589001,3,5890,1,1,132,1556,1226
5891071,589107,2,5891,7,1,115,1404,6225
5892171,589217,4,5892,17,1,125,1466,2305
5893201,589320,0,5893,20,1,56,830,5624
5894031,589403,1,5894,3,1,126,1470,2278
5895011,589501,1,5895,1,1,47,556,1507
5896051,589605,3,5896,5,1,151,1775,2137
5897101,589710,3,5897,10,1,174,2047,5218
5898181,589818,1,5898,18,1,173,2042,4624
5899051,589905,0,5899,5,1,46,547,3150
5900031,590003,0,5900,3,1,108,1353,3288
5901191,590119,1,5901,19,1,109,1373,2841
5902161,590216,1,5902,16,1,172,2037,7996
5903021,590302,1,5903,2,1,156,1825,2210
5904111,590411,1,5904,11,1,180,2091,2598
5905031,590503,3,5905,3,1,88,1111,4301
5906131,590613,0,5906,13,1,137,1595,1121
5907161,590716,0,5907,16,1,56,830,5624
5908071,590807,0,5908,7,1,159,1844,2105
5909051,590905,0,5909,5,1,128,1498,2320
5910171,591017,1,5910,17,1,81,1017,6441
5911031,591103,3,5911,3,1,18,209,752
5912091,591209,1,5912,9,1,173,2041,4774
5913041,591304,1,5913,4,1,103,1231,1105
5914041,591404,1,5914,4,1,96,1155,3604
5915111,591511,1,5915,11,1,81,1018,5909
5916011,591601,2,5916,1,1,31,374,1832
5917051,591705,1,5917,5,1,169,2004,991
5918031,591803,1,5918,3,1,162,1892,1614
5919051,591905,0,5919,5,1,59,868,4829
5920041,592004,1,5920,4,1,166,1967,2601
5921011,592101,4,5921,1,1,190,2171,1808
5922021,592202,3,5922,2,1,147,1737,2630
5923031,592303,0,5923,3,1,92,1133,4201
5924151,592415,1,5924,15,1,105,1251,2799
5925171,592517,3,5925,17,1,43,484,2372
5926011,592601,2,5926,1,1,66,907,4473
5927011,592701,1,5927,1,1,151,1777,2117
5928031,592803,2,5928,3,1,85,1027,15661
5929061,592906,3,5929,6,1,116,1408,6402
5930021,593002,2,5930,2,1,166,1967,2601
5931011,593101,2,5931,1,1,156,1825,2210
5932041,593204,1,5932,4,1,136,1589,1281
5933161,593316,5,5933,16,1,32,390,691
5934011,593401,1,5934,1,1,163,1917,1920
5935141,593514,1,5935,14,1,149,1742,1939
5936021,593602,1,5936,2,1,91,1121,4338
5937111,593711,1,5937,11,1,111,1381,3504
5938091,593809,2,5938,9,1,101,1215,1128
5939031,593903,2,5939,3,1,85,1053,10752
5940031,594003,3,5940,3,1,98,1189,1386
5941031,594103,1,5941,3,1,121,1433,5100
5942021,594202,2,5942,2,1,120,1427,4872
5943181,594318,1,5943,18,1,159,1844,2105
5944141,594414,2,5944,14,1,75,966,3387
5945101,594510,2,5945,10,1,26,274,1433
5946051,594605,1,5946,5,1,105,1253,2656
5947031,594703,4,5947,3,1,108,1334,3801
5948111,594811,3,5948,11,1,100,1209,1651
5949031,594903,1,5949,3,1,30,362,1346
5950011,595001,2,5950,1,1,118,1415,5024
5951011,595101,2,5951,1,1,135,1584,1829
5952081,595208,1,5952,8,1,100,1213,1488
5953041,595304,3,5953,4,1,162,1855,1979
5954031,595403,1,5954,3,1,20,222,977
5955041,595504,1,5955,4,1,132,1542,1617
5956131,595613,2,5956,13,1,76,968,7378
5957081,595708,2,5957,8,1,90,1116,3460
5958011,595801,2,5958,1,1,189,2158,1225
5959021,595902,2,5959,2,1,94,1144,3862
5960021,596002,0,5960,2,1,163,1944,1681
5961031,596103,1,5961,3,1,162,1895,1601
5962021,596202,2,5962,2,1,23,236,847
5963101,596310,1,5963,10,1,101,1217,1108
5964021,596402,1,5964,2,1,176,2074,5801
5965091,596509,3,5965,9,1,137,1600,973
5966051,596605,4,5966,5,1,78,975,10894
5967071,596707,0,5967,7,1,187,2148,1543
5968011,596801,2,5968,1,1,162,1894,1604
5969041,596904,1,5969,4,1,133,1562,1817
5970011,597001,2,5970,1,1,151,1790,1603
5971141,597114,1,5971,14,1,118,1414,5277
5972051,597205,1,5972,5,1,40,464,4088
5973051,597305,1,5973,5,1,189,2166,916
5974101,597410,1,5974,10,1,88,1107,4964
5975091,597509,1,5975,9,1,123,1462,2245
5976041,597604,0,5976,4,1,83,1024,5447
5977061,597706,1,5977,6,1,63,886,2839
5978161,597816,1,5978,16,1,19,221,728
5979041,597904,2,5979,4,1,92,1135,3838
5980181,598018,2,5980,18,1,109,1374,2508
5981131,598113,1,5981,13,1,27,276,1431
5982031,598203,2,5982,3,1,67,915,1831
5983031,598303,0,5983,3,1,162,1883,1669
5984031,598403,1,5984,3,1,108,1339,3444
5985021,598502,1,5985,2,1,160,1848,1343
5986011,598601,1,5986,1,1,105,1248,2799
5987031,598703,2,5987,3,1,163,1934,1754
5988021,598802,1,5988,2,1,166,1970,682
5989101,598910,2,5989,10,1,63,888,2579
5990031,599003,1,5990,3,1,167,1973,2789
5991021,599102,3,5991,2,1,48,595,3299
5992031,599203,1,5992,3,1,65,898,3113
5993021,599302,2,5993,2,1,15,156,674
5994041,599404,0,5994,4,1,169,1986,1167
5995041,599504,0,5995,4,1,17,195,641
5996171,599617,0,5996,17,1,173,2042,4624
5997031,599703,1,5997,3,1,171,2032,830
5998081,599808,1,5998,8,1,81,1017,6441
5999041,599904,4,5999,4,1,44,507,2734
6000041,600004,0,6000,4,1,24,257,790
6001051,600105,0,6001,5,1,13,146,496
6002021,600202,2,6002,2,1,86,1070,12734
6003131,600313,1,6003,13,1,51,765,1494
6004041,600404,1,6004,4,1,4,15,1335
6005021,600502,1,6005,2,1,153,1807,2589
6006031,600603,1,6006,3,1,40,470,2325
6007051,600705,1,6007,5,1,128,1506,2031
6008041,600804,2,6008,4,1,79,987,9142
6009011,600901,2,6009,1,1,1,1,3781
6010101,601010,3,6010,10,1,71,939,2376
6011051,601105,0,6011,5,1,78,972,11513
6012021,601202,2,6012,2,1,5,33,1371
6013051,601305,2,6013,5,1,49,619,4117
6014021,601402,0,6014,2,1,65,901,2931
6015091,601509,2,6015,9,1,118,1415,5024
6016111,601611,1,6016,11,1,147,1736,2632
6017161,601716,1,6017,16,1,100,1210,1538
6018141,601814,0,6018,14,1,137,1597,1065
6019111,601911,1,6019,11,1,154,1816,2554
6020021,602002,2,6020,2,1,16,178,580
6021151,602115,0,6021,15,1,111,1381,3504
6022041,602204,1,6022,4,1,153,1808,2893
6023011,602301,2,6023,1,1,9,85,2808
6024171,602417,3,6024,17,1,2,6,392
6025011,602501,1,6025,1,1,162,1882,1669
6026161,602616,0,6026,16,1,67,918,1831
6027011,602701,2,6027,1,1,150,1743,3025
6028011,602801,1,6028,1,1,102,1221,1303
6028012,602801,1,6028,1,2,102,1221,1303
6029011,602901,1,6029,1,1,151,1770,2206
6030111,603011,2,6030,11,1,88,1111,4301
6031021,603102,1,6031,2,1,94,1148,948
6032131,603213,0,6032,13,1,27,275,1555
6033171,603317,1,6033,17,1,67,921,1645
6034101,603410,1,6034,10,1,26,272,1902
6035181,603518,2,6035,18,1,172,2035,8923
6036041,603604,1,6036,4,1,150,1760,2425
6037031,603703,1,6037,3,1,49,642,3521
6038021,603802,0,6038,2,1,132,1558,858
6039051,603905,2,6039,5,1,11,125,3058
6040021,604002,1,6040,2,1,33,394,835
6041021,604102,0,6041,2,1,18,211,734
6042021,604202,1,6042,2,1,45,526,3056
6043051,604305,0,6043,5,1,58,856,4181
6044201,604420,2,6044,20,1,52,774,1138
6045021,604502,1,6045,2,1,176,2069,6624
6046041,604604,0,6046,4,1,106,1266,3387
6047011,604701,0,6047,1,1,5,29,1442
6048121,604812,2,6048,12,1,123,1462,2245
6049081,604908,1,6049,8,1,143,1679,2282
6050021,605002,1,6050,2,1,34,409,731
6051011,605101,3,6051,1,1,23,246,730
6052031,605203,2,6052,3,1,54,798,1396
6053051,605305,2,6053,5,1,49,632,3741
6054171,605417,1,6054,17,1,174,2045,5770
6055031,605503,1,6055,3,1,176,2075,5724
6056151,605615,1,6056,15,1,37,444,3822
6057051,605705,1,6057,5,1,137,1599,1009
6058041,605804,1,6058,4,1,153,1807,2589
6059041,605904,1,6059,4,1,45,537,383
6060011,606001,2,6060,1,1,162,1853,2088
6061081,606108,3,6061,8,1,155,1820,1502
6062011,606201,2,6062,1,1,49,635,3655
6063041,606304,2,6063,4,1,44,494,3005
6064011,606401,0,6064,1,1,150,1763,2272
6065021,606502,2,6065,2,1,106,1259,3653
6066161,606616,1,6066,16,1,39,456,3330
6067111,606711,1,6067,11,1,153,1809,2602
6068031,606803,1,6068,3,1,133,1561,1831
6069191,606919,0,6069,19,1,70,931,3702
6070051,607005,1,6070,5,1,173,2042,4624
6071051,607105,2,6071,5,1,11,139,2151
6072011,607201,3,6072,1,1,49,656,3132
6073061,607306,0,6073,6,1,21,228,784
6074021,607402,2,6074,2,1,162,1867,1798
6075081,607508,2,6075,8,1,159,1844,2105
6076041,607604,3,6076,4,1,30,339,1541
6077111,607711,1,6077,11,1,118,1415,5024
6078201,607820,1,6078,20,1,26,273,1479
6079021,607902,2,6079,2,1,63,887,2678
6080121,608012,1,6080,12,1,136,1588,1337
6081041,608104,0,6081,4,1,150,1746,2719
6082091,608209,1,6082,9,1,111,1384,3206
6083051,608305,1,6083,5,1,35,428,749
6084011,608401,3,6084,1,1,162,1857,1952
6085031,608503,2,6085,3,1,1,3,848
6086011,608601,3,6086,1,1,85,1053,10752
6087121,608712,1,6087,12,1,89,1113,3095
6088021,608802,0,6088,2,1,127,1486,1953
6089041,608904,2,6089,4,1,134,1573,2057
6090031,609003,2,6090,3,1,164,1959,1904
6091161,609116,3,6091,16,1,123,1461,2454
6092171,609217,1,6092,17,1,3,8,1437
6093011,609301,2,6093,1,1,99,1206,1411
6094131,609413,1,6094,13,1,154,1814,2660
6095011,609501,1,6095,1,1,87,1098,11415
6096131,609613,1,6096,13,1,142,1676,2626
6097051,609705,1,6097,5,1,166,1972,586
6098191,609819,3,6098,19,1,52,773,1281
6099021,609902,1,6099,2,1,176,2077,5603
6100041,610004,0,6100,4,1,111,1385,3030
6101091,610109,0,6101,9,1,110,1375,5038
6102171,610217,2,6102,17,1,12,143,609
6103011,610301,2,6103,1,1,9,67,3508
6104011,610401,3,6104,1,1,50,729,3014
6105041,610504,1,6105,4,1,108,1348,3345
6106051,610605,1,6106,5,1,17,184,726
6107031,610703,1,6107,3,1,85,1049,11347
6107032,610703,2,6107,3,2,85,1049,11347
6108051,610805,3,6108,5,1,17,180,771
6109171,610917,2,6109,17,1,136,1589,1281
6110041,611004,2,6110,4,1,139,1634,1295
6111031,611103,1,6111,3,1,63,884,3037
6112051,611205,3,6112,5,1,133,1568,1491
6113041,611304,2,6113,4,1,46,549,3082
6114071,611407,4,6114,7,1,95,1154,485
6115061,611506,2,6115,6,1,81,1018,5909
6116021,611602,3,6116,2,1,40,466,3901
6117181,611718,1,6117,18,1,77,969,10589
6118031,611803,1,6118,3,1,9,71,3257
6119051,611905,1,6119,5,1,49,624,3913
6120011,612001,2,6120,1,1,45,521,3216
6121021,612102,1,6121,2,1,38,446,6693
6122021,612202,1,6122,2,1,178,2084,2239
6123061,612306,1,6123,6,1,51,766,1365
6124091,612409,1,6124,9,1,111,1378,4169
6125021,612502,2,6125,2,1,101,1218,1072
6126041,612604,3,6126,4,1,103,1228,1175
6127111,612711,1,6127,11,1,153,1813,2357
6128031,612803,4,6128,3,1,132,1543,1579
6129011,612901,1,6129,1,1,53,792,1205
6130031,613003,2,6130,3,1,146,1732,2859
6131141,613114,2,6131,14,1,88,1106,5935
6132151,613215,3,6132,15,1,153,1811,2396
6133041,613304,1,6133,4,1,164,1957,1965
6134111,613411,3,6134,11,1,3,8,1437
6135011,613501,0,6135,1,1,96,1156,1044
6136101,613610,1,6136,10,1,19,221,728
6137031,613703,2,6137,3,1,124,1464,6559
6138021,613802,1,6138,2,1,44,509,2701
6139011,613901,1,6139,1,1,11,126,3052
6140021,614002,1,6140,2,1,86,1082,9451
6141031,614103,1,6141,3,1,122,1450,4811
6142021,614202,1,6142,2,1,122,1450,4811
6143041,614304,1,6143,4,1,106,1259,3653
6144051,614405,1,6144,5,1,108,1354,3285
6145031,614503,1,6145,3,1,169,1993,1100
6146021,614602,3,6146,2,1,58,851,4808
6147021,614702,1,6147,2,1,103,1227,1201
6148021,614802,1,6148,2,1,44,491,3124
6149151,614915,1,6149,15,1,180,2091,2598
6150011,615001,2,6150,1,1,183,2110,2712
6151041,615104,2,6151,4,1,169,1997,1038
6152041,615204,2,6152,4,1,48,598,2860
6153011,615301,0,6153,1,1,48,593,3459
6154041,615404,1,6154,4,1,25,269,771
6155051,615505,1,6155,5,1,140,1671,1030
6156041,615604,2,6156,4,1,170,2029,865
6157191,615719,2,6157,19,1,153,1811,2396
6158051,615805,1,6158,5,1,162,1891,1625
6159041,615904,1,6159,4,1,18,203,822
6160121,616012,0,6160,12,1,115,1404,6225
6161131,616113,2,6161,13,1,63,885,2839
6162021,616202,1,6162,2,1,29,308,1602
6163041,616304,1,6163,4,1,103,1232,1097
6164051,616405,2,6164,5,1,18,215,673
6165101,616510,2,6165,10,1,28,278,1371
6166181,616618,1,6166,18,1,88,1110,4468
6167201,616720,3,6167,20,1,28,278,1371
6168011,616801,3,6168,1,1,48,563,4587
6169041,616904,4,6169,4,1,65,896,3548
6170051,617005,2,6170,5,1,106,1289,3018
6171061,617106,0,6171,6,1,27,275,1555
6172031,617203,1,6172,3,1,105,1250,2996
6173021,617302,1,6173,2,1,50,699,3527
6174191,617419,1,6174,19,1,155,1821,1493
6175061,617506,1,6175,6,1,21,229,690
6176051,617605,1,6176,5,1,114,1401,3180
6177031,617703,1,6177,3,1,44,502,2777
6178031,617803,2,6178,3,1,65,900,2939
6179041,617904,1,6179,4,1,29,317,1545
6180051,618005,1,6180,5,1,161,1850,2147
6181041,618104,3,6181,4,1,49,636,3624
6182031,618203,1,6182,3,1,133,1568,1491
6183021,618302,5,6183,2,1,165,1963,1595
6184011,618401,1,6184,1,1,151,1764,2117
6185071,618507,2,6185,7,1,63,884,3037
6186021,618602,2,6186,2,1,189,2160,1184
6187131,618713,2,6187,13,1,42,480,3631
6188101,618810,0,6188,10,1,7,61,3848
6189011,618901,1,6189,1,1,50,690,3715
6190191,619019,2,6190,19,1,101,1215,1128
6191031,619103,1,6191,3,1,49,643,3508
6192051,619205,3,6192,5,1,48,595,3299
6193131,619313,2,6193,13,1,155,1822,916
6194021,619402,1,6194,2,1,58,850,4874
6195041,619504,1,6195,4,1,139,1628,1338
6196021,619602,0,6196,2,1,144,1690,2756
6197011,619701,1,6197,1,1,124,1463,8536
6198031,619803,1,6198,3,1,16,173,626
6198032,619803,0,6198,3,2,16,173,626
6199031,619903,2,6199,3,1,45,518,3379
6200011,620001,0,6200,1,1,53,780,1306
6201051,620105,2,6201,5,1,122,1450,4811
6202051,620205,2,6202,5,1,49,675,1417
6203071,620307,1,6203,7,1,111,1380,3726
6204021,620402,2,6204,2,1,122,1455,4160
6205011,620501,1,6205,1,1,132,1543,1579
6206121,620612,1,6206,12,1,100,1211,1520
6207041,620704,1,6207,4,1,163,1937,1730
6208131,620813,2,6208,13,1,52,768,1450
6209031,620903,1,6209,3,1,86,1068,12827
6210031,621003,2,6210,3,1,122,1458,1444
6211171,621117,1,6211,17,1,172,2035,8923
6212011,621201,2,6212,1,1,121,1442,3818
6213041,621304,2,6213,4,1,169,1996,1076
6214151,621415,1,6214,15,1,137,1599,1009
6215181,621518,1,6215,18,1,178,2084,2239
6216181,621618,1,6216,18,1,14,148,833
6217061,621706,1,6217,6,1,111,1384,3206
6218031,621803,2,6218,3,1,36,437,666
6219041,621904,1,6219,4,1,54,798,1396
6220011,622001,1,6220,1,1,58,851,4808
6221101,622110,1,6221,10,1,154,1816,2554
6222041,622204,1,6222,4,1,97,1175,1472
6223121,622312,1,6223,12,1,56,833,4741
6223122,622312,1,6223,12,2,56,833,4741
6224201,622420,2,6224,20,1,90,1116,3460
6225031,622503,3,6225,3,1,98,1190,1362
6226191,622619,0,6226,19,1,27,276,1431
6227131,622713,0,6227,13,1,32,393,610
6228011,622801,3,6228,1,1,48,573,4109
6229041,622904,2,6229,4,1,162,1880,1686
6229042,622904,1,6229,4,2,162,1880,1686
6230011,623001,1,6230,1,1,10,111,2857
6231151,623115,1,6231,15,1,100,1214,1363
6232011,623201,2,6232,1,1,187,2144,1720
6233041,623304,1,6233,4,1,91,1119,4419
6234051,623405,1,6234,5,1,50,715,3333
6235041,623504,2,6235,4,1,44,499,2863
6236021,623602,6,6236,2,1,132,1537,1731
6237141,623714,3,6237,14,1,135,1585,1797
6238021,623802,1,6238,2,1,10,116,2816
6239041,623904,0,6239,4,1,151,1789,1662
6240011,624001,0,6240,1,1,29,306,1616
6241031,624103,1,6241,3,1,17,186,713
6242021,624202,1,6242,2,1,91,1126,3861
6243131,624313,3,6243,13,1,32,391,636
6244051,624405,2,6244,5,1,53,796,1141
6245201,624520,1,6245,20,1,12,144,592
6246051,624605,1,6246,5,1,80,1010,5804
6247021,624702,2,6247,2,1,45,517,3447
6248051,624805,1,6248,5,1,50,750,2094
6249011,624901,1,6249,1,1,140,1672,967
6250031,625003,1,6250,3,1,43,484,2372
6251141,625114,2,6251,14,1,96,1156,1044
6252031,625203,1,6252,3,1,9,88,2583
6253151,625315,1,6253,15,1,154,1816,2554
6254131,625413,1,6254,13,1,70,931,3702
6255041,625504,1,6255,4,1,132,1550,1443
6256031,625603,2,6256,3,1,10,121,2435
6257041,625704,1,6257,4,1,63,883,3042
6258201,625820,1,6258,20,1,179,2089,1807
6259041,625904,1,6259,4,1,116,1406,6756
6260021,626002,1,6260,2,1,49,667,2893
6261021,626102,1,6261,2,1,144,1684,4596
6262031,626203,4,6262,3,1,50,732,2972
6263011,626301,0,6263,1,1,162,1906,1468
6264021,626402,4,6264,2,1,75,963,13690
6265031,626503,1,6265,3,1,139,1642,1223
6266051,626605,1,6266,5,1,170,2030,818
6267031,626703,1,6267,3,1,50,741,2785
6268031,626803,1,6268,3,1,98,1182,1678
6269051,626905,2,6269,5,1,27,276,1431
6270021,627002,2,6270,2,1,30,362,1346
6271151,627115,1,6271,15,1,71,936,2779
6272191,627219,1,6272,19,1,94,1150,839
6273041,627304,1,6273,4,1,149,1741,2121
6274051,627405,2,6274,5,1,45,515,3056
6275031,627503,1,6275,3,1,21,227,882
6276031,627603,2,6276,3,1,106,1290,2978
6277041,627704,2,6277,4,1,108,1335,3714
6278051,627805,2,6278,5,1,50,755,1673
6279191,627919,0,6279,19,1,37,443,3934
6280011,628001,1,6280,1,1,49,655,3136
6281031,628103,2,6281,3,1,120,1428,4206
6282031,628203,2,6282,3,1,81,1014,20259
6282032,628203,0,6282,3,2,81,1014,20259
6283061,628306,0,6283,6,1,109,1373,2841
6284021,628402,2,6284,2,1,121,1436,4491
6285011,628501,1,6285,1,1,169,2006,987
6286051,628605,2,6286,5,1,50,742,2715
6287051,628705,0,6287,5,1,50,729,3014
6288051,628805,2,6288,5,1,31,384,1756
6289011,628901,1,6289,1,1,111,1384,3206
6290041,629004,2,6290,4,1,49,656,3132
6291011,629101,2,6291,1,1,49,676,1034
6292021,629202,2,6292,2,1,2,5,1680
6293021,629302,2,6293,2,1,30,338,1543
6294181,629418,1,6294,18,1,179,2090,1761
6295041,629504,1,6295,4,1,41,474,4176
6296041,629604,1,6296,4,1,46,547,3150
6297051,629705,1,6297,5,1,18,212,726
6298011,629801,2,6298,1,1,71,934,2679
6299021,629902,2,6299,2,1,30,366,378
6300021,630002,2,6300,2,1,188,2152,1515
6301031,630103,1,6301,3,1,177,2080,10259
6302021,630202,3,6302,2,1,85,1061,6128
6303021,630302,6,6303,2,1,49,669,2198
6304051,630405,1,6304,5,1,131,1524,1703
6305021,630502,1,6305,2,1,170,2019,1044
6306061,630606,2,6306,6,1,155,1819,1628
6307071,630707,1,6307,7,1,111,1381,3504
6308121,630812,1,6308,12,1,154,1814,2660
6309011,630901,1,6309,1,1,87,1097,11460
6310131,631013,0,6310,13,1,117,1410,5193
6311021,631102,3,6311,2,1,157,1838,827
6312011,631201,2,6312,1,1,58,849,5018
6313021,631302,1,6313,2,1,53,780,1306
6314031,631403,2,6314,3,1,44,501,2795
6315031,631503,0,6315,3,1,85,1061,6128
6316181,631618,3,6316,18,1,94,1149,884
6317041,631704,1,6317,4,1,143,1683,811
6318081,631808,2,6318,8,1,101,1216,1115
6319011,631901,1,6319,1,1,30,360,1402
6320031,632003,1,6320,3,1,144,1686,3272
6321051,632105,0,6321,5,1,100,1210,1538
6322011,632201,2,6322,1,1,44,510,2594
6323121,632312,2,6323,12,1,14,148,833
6324141,632414,2,6324,14,1,147,1737,2630
6325011,632501,3,6325,1,1,139,1628,1338
6326031,632603,1,6326,3,1,45,528,3033
6327021,632702,4,6327,2,1,182,2095,2255
6328011,632801,0,6328,1,1,170,2017,1113
6329021,632902,2,6329,2,1,85,1043,12201
6330031,633003,2,6330,3,1,107,1312,3177
6331021,633102,1,6331,2,1,137,1593,1069
6332051,633205,3,6332,5,1,110,1375,5038
6333011,633301,3,6333,1,1,86,1077,10968
6334011,633401,1,6334,1,1,108,1336,3506
6335121,633512,3,6335,12,1,173,2039,5218
6336201,633620,3,6336,20,1,178,2086,1819
6337031,633703,1,6337,3,1,108,1363,3165
6337032,633703,1,6337,3,2,108,1363,3165
6338111,633811,0,6338,11,1,70,933,2426
6339201,633920,2,6339,20,1,62,881,1964
6340041,634004,0,6340,4,1,78,982,8224
6341041,634104,1,6341,4,1,4,14,1342
6342181,634218,0,6342,18,1,39,450,4023
6343021,634302,1,6343,2,1,183,2115,2129
6344031,634403,1,6344,3,1,10,97,3525
6345051,634505,2,6345,5,1,150,1746,2719
6346041,634604,2,6346,4,1,34,399,908
6347021,634702,2,6347,2,1,132,1529,2051
6348051,634805,1,6348,5,1,176,2067,6883
6349061,634906,1,6349,6,1,7,61,3848
6350121,635012,3,6350,12,1,179,2087,1839
6351081,635108,1,6351,8,1,94,1147,957
6352041,635204,0,6352,4,1,32,389,2846
6353101,635310,1,6353,10,1,21,227,882
6354021,635402,1,6354,2,1,46,551,3012
6355021,635502,1,6355,2,1,151,1771,2198
6356221,635622,0,6356,22,1,39,455,3338
6357041,635704,2,6357,4,1,162,1856,1976
6358021,635802,1,6358,2,1,44,488,3274
6359031,635903,2,6359,3,1,4,21,1259
6360111,636011,2,6360,11,1,137,1597,1065
6361031,636103,0,6361,3,1,49,635,3655
6362011,636201,0,6362,1,1,49,640,3566
6363141,636314,2,6363,14,1,33,395,576
6364021,636402,2,6364,2,1,23,247,721
6365201,636520,0,6365,20,1,70,932,2540
6366041,636604,1,6366,4,1,184,2134,2491
6367021,636702,0,6367,2,1,80,1002,7693
6368021,636802,1,6368,2,1,6,58,1116
6369051,636905,1,6369,5,1,108,1347,3354
6370101,637010,2,6370,10,1,143,1682,2124
6371031,637103,2,6371,3,1,35,415,890
6372011,637201,1,6372,1,1,150,1752,2611
6373051,637305,1,6373,5,1,49,606,4668
6374141,637414,1,6374,14,1,71,939,2376
6375031,637503,2,6375,3,1,120,1419,6156
6376051,637605,1,6376,5,1,182,2108,1861
6377011,637701,2,6377,1,1,139,1624,1383
6378151,637815,1,6378,15,1,57,838,3502
6379041,637904,2,6379,4,1,182,2104,1952
6380041,638004,0,6380,4,1,160,1845,1479
6381161,638116,1,6381,16,1,88,1106,5935
6382021,638202,2,6382,2,1,137,1594,1069
6383041,638304,4,6383,4,1,167,1973,2789
6384011,638401,1,6384,1,1,21,229,690
6385041,638504,3,6385,4,1,6,54,1277
6386021,638602,1,6386,2,1,138,1602,1545
6387011,638701,1,6387,1,1,164,1961,1825
6388021,638802,1,6388,2,1,26,273,1479
6389041,638904,1,6389,4,1,50,698,3527
6390011,639001,2,6390,1,1,36,440,645
6391011,639101,1,6391,1,1,140,1664,1294
6392031,639203,1,6392,3,1,103,1235,1052
6393081,639308,2,6393,8,1,155,1822,916
6394041,639404,2,6394,4,1,150,1757,2485
6395051,639505,3,6395,5,1,94,1148,948
6396031,639603,1,6396,3,1,173,2043,4521
6397031,639703,2,6397,3,1,149,1740,2152
6398011,639801,2,6398,1,1,150,1745,2726
6399151,639915,2,6399,15,1,14,149,796
6400041,640004,2,6400,4,1,183,2120,1959
6401011,640101,2,6401,1,1,34,406,759
6402051,640205,1,6402,5,1,54,810,1296
6403031,640303,0,6403,3,1,49,603,5130
6404011,640401,1,6404,1,1,184,2133,2511
6405031,640503,2,6405,3,1,42,479,11188
6406041,640604,2,6406,4,1,162,1905,1472
6407031,640703,0,6407,3,1,146,1724,3749
6408011,640801,1,6408,1,1,138,1605,1367
6409051,640905,1,6409,5,1,144,1696,2404
6410041,641004,1,6410,4,1,68,926,4627
6411131,641113,2,6411,13,1,33,395,576
6412041,641204,0,6412,4,1,49,613,4248
6413051,641305,1,6413,5,1,127,1487,1951
6414041,641404,1,6414,4,1,50,739,2800
6415151,641515,1,6415,15,1,52,769,1449
6416051,641605,2,6416,5,1,132,1556,1226
6417051,641705,1,6417,5,1,120,1427,4872
6418201,641820,1,6418,20,1,160,1848,1343
6419011,641901,1,6419,1,1,99,1207,1405
6420021,642002,1,6420,2,1,136,1590,1225
6421021,642102,2,6421,2,1,139,1622,1404
6422021,642202,1,6422,2,1,163,1947,1591
6423031,642303,3,6423,3,1,48,567,4308
6424011,642401,0,6424,1,1,162,1908,1446
6425191,642519,1,6425,19,1,39,451,3817
6426051,642605,0,6426,5,1,30,324,1771
6427011,642701,1,6427,1,1,162,1884,1659
6428021,642802,2,6428,2,1,50,708,3458
6429021,642902,3,6429,2,1,50,710,3442
6430031,643003,1,6430,3,1,139,1635,1284
6431021,643102,6,6431,2,1,72,942,2549
6432151,643215,1,6432,15,1,143,1683,811
6433021,643302,1,6433,2,1,78,975,10894
6434031,643403,1,6434,3,1,121,1442,3818
6435091,643509,0,6435,9,1,167,1975,636
6436011,643601,1,6436,1,1,105,1255,1919
6437011,643701,1,6437,1,1,177,2080,10259
6438021,643802,1,6438,2,1,145,1716,2453
6439021,643902,1,6439,2,1,6,57,1148
6440021,644002,0,6440,2,1,150,1762,2283
6441051,644105,3,6441,5,1,23,248,707
6442041,644204,2,6442,4,1,5,30,1382
6443011,644301,2,6443,1,1,78,982,8224
6444091,644409,1,6444,9,1,32,391,636
6445021,644502,2,6445,2,1,152,1805,1980
6446061,644606,2,6446,6,1,39,456,3330
6447171,644717,0,6447,17,1,147,1735,2939
6448181,644818,1,6448,18,1,187,2149,1504
6449011,644901,2,6449,1,1,127,1492,1817
6450081,645008,1,6450,8,1,105,1251,2799
6451031,645103,3,6451,3,1,132,1529,2051
6452161,645216,1,6452,16,1,143,1681,2188
6453031,645303,0,6453,3,1,185,2138,1543
6454051,645405,2,6454,5,1,139,1649,1058
6455021,645502,0,6455,2,1,149,1742,1939
6456031,645603,1,6456,3,1,187,2145,1691
6457141,645714,2,6457,14,1,100,1214,1363
6458031,645803,1,6458,3,1,135,1582,2162
6459041,645904,1,6459,4,1,179,2090,1761
6460181,646018,3,6460,18,1,1,3,848
6461011,646101,0,6461,1,1,45,535,2768
6462091,646209,0,6462,9,1,37,443,3934
6463171,646317,1,6463,17,1,88,1111,4301
6464031,646403,3,6464,3,1,150,1750,2617
6465021,646502,1,6465,2,1,180,2092,2522
6466121,646612,1,6466,12,1,19,220,820
6467051,646705,2,6467,5,1,17,183,732
6468031,646803,3,6468,3,1,112,1386,3430
6469051,646905,1,6469,5,1,85,1049,11347
6470181,647018,0,6470,18,1,174,2048,4995
6471051,647105,1,6471,5,1,174,2047,5218
6472021,647202,3,6472,2,1,60,875,6097
6473051,647305,3,6473,5,1,103,1233,1075
6474051,647405,2,6474,5,1,107,1329,2780
6475041,647504,2,6475,4,1,50,704,3500
6476091,647609,2,6476,9,1,100,1214,1363
6477051,647705,0,6477,5,1,54,818,1125
6478061,647806,1,6478,6,1,27,276,1431
6479191,647919,5,6479,19,1,32,390,691
6480051,648005,2,6480,5,1,175,2056,5762
6481051,648105,1,6481,5,1,23,249,685
6482021,648202,0,6482,2,1,106,1277,3200
6483051,648305,0,6483,5,1,10,102,3128
6484181,648418,1,6484,18,1,172,2037,7996
6485051,648505,1,6485,5,1,162,1852,1684
6486011,648601,1,6486,1,1,98,1192,1313
6487081,648708,4,6487,8,1,47,557,672
6488011,648801,2,6488,1,1,36,436,671
6489021,648902,2,6489,2,1,143,1678,2442
6490021,649002,2,6490,2,1,54,809,1306
6491051,649105,0,6491,5,1,40,470,2325
6492031,649203,1,6492,3,1,35,428,749
6493051,649305,2,6493,5,1,5,32,1371
6494051,649405,2,6494,5,1,85,1043,12201
6495051,649505,1,6495,5,1,81,1016,19011
6496021,649602,1,6496,2,1,81,1013,21426
6497041,649704,1,6497,4,1,75,959,21971
6498041,649804,3,6498,4,1,16,176,618
6499011,649901,2,6499,1,1,4,18,1287
6500041,650004,3,6500,4,1,69,929,3066
6501021,650102,2,6501,2,1,127,1480,2089
6502091,650209,2,6502,9,1,100,1210,1538
6503021,650302,1,6503,2,1,184,2127,2788
6504011,650401,1,6504,1,1,143,1682,2124
6505081,650508,1,6505,8,1,43,484,2372
6506141,650614,2,6506,14,1,155,1818,1651
6507011,650701,1,6507,1,1,64,891,3190
6508091,650809,1,6508,9,1,116,1408,6402
6509201,650920,2,6509,20,1,75,966,3387
6510051,651005,2,6510,5,1,106,1276,3217
6511051,651105,0,6511,5,1,183,2120,1959
6512021,651202,0,6512,2,1,43,483,2387
6513031,651303,2,6513,3,1,170,2024,990
6514011,651401,2,6514,1,1,14,148,833
6515141,651514,3,6515,14,1,179,2089,1807
6516041,651604,1,6516,4,1,128,1496,2397
6517181,651718,1,6517,18,1,178,2085,2014
6518201,651820,1,6518,20,1,42,480,3631
6519061,651906,1,6519,6,1,95,1154,485
6520031,652003,1,6520,3,1,54,797,1406
6521071,652107,0,6521,7,1,39,452,3699
6522051,652205,2,6522,5,1,145,1706,2623
6523011,652301,2,6523,1,1,17,180,771
6524051,652405,2,6524,5,1,103,1230,1147
6525051,652505,1,6525,5,1,162,1894,1604
6526031,652603,0,6526,3,1,48,571,4158
6527031,652703,1,6527,3,1,168,1977,1561
6528031,652803,2,6528,3,1,147,1737,2630
6529021,652902,3,6529,2,1,108,1345,3363
6530051,653005,1,6530,5,1,64,890,4317
6531061,653106,0,6531,6,1,160,1845,1479
6532041,653204,1,6532,4,1,108,1357,3261
6533021,653302,2,6533,2,1,18,208,757
6534021,653402,2,6534,2,1,170,2017,1113
6535031,653503,2,6535,3,1,30,357,1426
6536121,653612,2,6536,12,1,90,1115,3760
6537031,653703,1,6537,3,1,170,2023,991
6538171,653817,1,6538,17,1,61,877,2869
6539041,653904,1,6539,4,1,110,1376,4727
6540151,654015,3,6540,15,1,71,935,2985
6541051,654105,1,6541,5,1,85,1059,9177
6542021,654202,2,6542,2,1,79,993,7413
6543041,654304,1,6543,4,1,5,43,1062
6544021,654402,0,6544,2,1,90,1117,3299
6545051,654505,1,6545,5,1,13,147,488
6546051,654605,1,6546,5,1,140,1667,1249
6547011,654701,1,6547,1,1,152,1793,2445
6548051,654805,2,6548,5,1,86,1074,12314
6549051,654905,1,6549,5,1,137,1600,973
6550161,655016,0,6550,16,1,63,887,2678
6551041,655104,1,6551,4,1,96,1157,995
6552011,655201,1,6552,1,1,46,539,4137
6553021,655302,4,6553,2,1,78,974,11253
6554041,655404,3,6554,4,1,50,722,3217
6555021,655502,1,6555,2,1,105,1254,2584
6556021,655602,1,6556,2,1,106,1274,3242
6557041,655704,2,6557,4,1,31,387,1648
6558111,655811,0,6558,11,1,187,2147,1565
6559031,655903,2,6559,3,1,174,2045,5770
6560151,656015,0,6560,15,1,172,2035,8923
6561011,656101,1,6561,1,1,108,1360,3189
6562041,656204,1,6562,4,1,85,1051,11199
6563041,656304,1,6563,4,1,86,1069,12827
6564031,656403,1,6564,3,1,49,641,3561
6565011,656501,1,6565,1,1,43,485,1975
6566011,656601,2,6566,1,1,50,686,3772
6567051,656705,2,6567,5,1,30,359,1411
6568021,656802,2,6568,2,1,132,1542,1617
6569051,656905,2,6569,5,1,24,251,912
6570021,657002,2,6570,2,1,138,1608,1310
6571011,657101,2,6571,1,1,49,647,3351
6572031,657203,2,6572,3,1,189,2165,991
6573121,657312,0,6573,12,1,112,1387,3229
6574171,657417,0,6574,17,1,39,448,4578
6575161,657516,1,6575,16,1,67,922,1613
6576011,657601,1,6576,1,1,31,384,1756
6577031,657703,0,6577,3,1,60,875,6097
6578031,657803,2,6578,3,1,5,35,1296
6579051,657905,2,6579,5,1,153,1812,2385
6579052,657905,1,6579,5,2,153,1812,2385
6580171,658017,1,6580,17,1,136,1592,1094
6581181,658118,1,6581,18,1,148,1739,2513
6582031,658203,0,6582,3,1,33,394,835
6583091,658309,3,6583,9,1,185,2141,1249
6584051,658405,1,6584,5,1,146,1728,3474
6585171,658517,1,6585,17,1,185,2138,1543
6586031,658603,1,6586,3,1,145,1715,2472
6587092,658709,1,6587,9,2,94,1149,884
6587093,658709,1,6587,9,3,94,1149,884
6588021,658802,2,6588,2,1,108,1355,3261
6589051,658905,3,6589,5,1,145,1719,2356
6590041,659004,1,6590,4,1,139,1642,1223
6591091,659109,1,6591,9,1,130,1515,1790
6592061,659206,2,6592,6,1,88,1111,4301
6593171,659317,2,6593,17,1,88,1108,4784
6594111,659411,2,6594,11,1,32,390,691
6595121,659512,1,6595,12,1,142,1677,2524
6596171,659617,4,6596,17,1,71,936,2779
6597011,659701,1,6597,1,1,170,2021,1028
6598011,659801,1,6598,1,1,85,1031,13767
6599041,659904,1,6599,4,1,151,1771,2198
6600011,660001,1,6600,1,1,172,2035,8923
6601041,660104,3,6601,4,1,45,530,2985
6602191,660219,2,6602,19,1,185,2138,1543
6603051,660305,3,6603,5,1,17,194,643
6604011,660401,1,6604,1,1,60,870,7327
6605021,660502,1,6605,2,1,78,973,11411
6606041,660604,1,6606,4,1,85,1036,12920
6607051,660705,0,6607,5,1,125,1466,2305
6608051,660805,1,6608,5,1,50,747,2236
6609011,660901,2,6609,1,1,49,625,3906
6610011,661001,2,6610,1,1,17,190,687
6611021,661102,3,6611,2,1,161,1851,1956
6612051,661205,1,6612,5,1,169,2001,1021
6613071,661307,1,6613,7,1,56,832,4770
6614011,661401,1,6614,1,1,49,634,3710
6615181,661518,4,6615,18,1,135,1585,1797
6616051,661605,0,6616,5,1,141,1673,2831
6617041,661704,2,6617,4,1,20,223,797
6618161,661816,3,6618,16,1,94,1147,957
6619021,661902,1,6619,2,1,98,1188,1412
6620201,662020,1,6620,20,1,125,1465,3729
6621021,662102,2,6621,2,1,49,620,4040
6622131,662213,2,6622,13,1,13,146,496
6623151,662315,2,6623,15,1,129,1514,2031
6624011,662401,3,6624,1,1,10,108,2939
6625031,662503,0,6625,3,1,162,1882,1669
6626031,662603,2,6626,3,1,157,1838,827
6627131,662713,3,6627,13,1,155,1823,414
6628051,662805,1,6628,5,1,80,1001,7856
6629121,662912,1,6629,12,1,67,922,1613
6630021,663002,2,6630,2,1,132,1534,1839
6631041,663104,1,6631,4,1,80,1005,7057
6632011,663201,1,6632,1,1,56,831,4889
6633101,663310,2,6633,10,1,137,1598,1015
6634011,663401,3,6634,1,1,66,908,3730
6635011,663501,1,6635,1,1,50,762,789
6636061,663606,2,6636,6,1,52,769,1449
6637031,663703,1,6637,3,1,86,1072,12524
6638011,663801,2,6638,1,1,108,1363,3165
6639051,663905,1,6639,5,1,59,863,5357
6640011,664001,1,6640,1,1,49,616,4160
6641031,664103,0,6641,3,1,108,1367,3056
6642011,664201,2,6642,1,1,128,1498,2320
6643051,664305,1,6643,5,1,11,128,3011
6644051,664405,2,6644,5,1,50,731,2977
6645091,664509,1,6645,9,1,33,395,576
6646011,664601,2,6646,1,1,99,1208,1238
6647021,664702,1,6647,2,1,10,121,2435
6648161,664816,1,6648,16,1,27,275,1555
6649051,664905,2,6649,5,1,18,217,655
6650031,665003,2,6650,3,1,34,403,791
6651201,665120,2,6651,20,1,32,391,636
6652121,665212,2,6652,12,1,83,1023,11415
6653011,665301,3,6653,1,1,6,49,1395
6654031,665403,0,6654,3,1,166,1969,729
6655051,665505,1,6655,5,1,1,1,3781
6656171,665617,1,6656,17,1,105,1253,2656
6657051,665705,5,6657,5,1,49,639,3584
6658041,665804,2,6658,4,1,11,130,2969
6659011,665901,1,6659,1,1,89,1113,3095
6660031,666003,0,6660,3,1,31,387,1648
6661011,666101,1,6661,1,1,176,2074,5801
6662151,666215,1,6662,15,1,77,970,8757
6663051,666305,2,6663,5,1,132,1545,1545
6664021,666402,1,6664,2,1,127,1483,2002
6665031,666503,1,6665,3,1,106,1293,2525
6666011,666601,1,6666,1,1,139,1645,1196
6667131,666713,1,6667,13,1,112,1386,3430
6668041,666804,0,6668,4,1,19,221,728
6669051,666905,1,6669,5,1,74,956,2824
6670121,667012,2,6670,12,1,32,390,691
6671021,667102,2,6671,2,1,72,941,2736
6672141,667214,2,6672,14,1,142,1677,2524
6673121,667312,2,6673,12,1,8,63,1922
6674011,667401,1,6674,1,1,49,653,3183
6675011,667501,2,6675,1,1,49,611,4288
6676191,667619,0,6676,19,1,187,2147,1565
6677041,667704,1,6677,4,1,115,1405,6115
6678161,667816,1,6678,16,1,160,1845,1479
6679011,667901,2,6679,1,1,93,1137,4450
6680091,668009,1,6680,9,1,172,2036,8005
6681031,668103,1,6681,3,1,50,710,3442
6682011,668201,0,6682,1,1,63,889,2449
6683191,668319,4,6683,19,1,173,2044,4268
6684041,668404,1,6684,4,1,17,197,623
6685051,668505,4,6685,5,1,178,2085,2014
6686021,668602,2,6686,2,1,138,1610,1269
6687041,668704,1,6687,4,1,120,1420,5804
6688031,668803,2,6688,3,1,106,1263,3596
6689011,668901,1,6689,1,1,146,1727,3564
6690061,669006,0,6690,6,1,136,1590,1225
6691021,669102,2,6691,2,1,68,925,5432
6692011,669201,2,6692,1,1,98,1183,1674
6693101,669310,1,6693,10,1,57,837,4691
6694091,669409,2,6694,9,1,39,456,3330
6695031,669503,2,6695,3,1,24,258,755
6696031,669603,1,6696,3,1,9,76,3158
6697051,669705,2,6697,5,1,44,490,3184
6698161,669816,1,6698,16,1,155,1820,1502
6699031,669903,2,6699,3,1,15,158,585
6700101,670010,1,6700,10,1,173,2042,4624
6701051,670105,1,6701,5,1,176,2066,7496
6702041,670204,3,6702,4,1,15,151,780
6703021,670302,1,6703,2,1,9,76,3158
6704151,670415,2,6704,15,1,63,888,2579
6705161,670516,3,6705,16,1,2,6,392
6706161,670616,0,6706,16,1,137,1598,1015
6707131,670713,0,6707,13,1,187,2149,1504
6708041,670804,2,6708,4,1,17,193,653
6709021,670902,2,6709,2,1,49,678,1000
6710031,671003,2,6710,3,1,30,333,1615
6711051,671105,2,6711,5,1,174,2045,5770
6712021,671202,1,6712,2,1,49,649,3262
6713121,671312,3,6713,12,1,123,1461,2454
6714181,671418,1,6714,18,1,3,8,1437
6715111,671511,1,6715,11,1,67,921,1645
6716111,671611,1,6716,11,1,26,274,1433
6717021,671702,2,6717,2,1,36,433,666
6718191,671819,1,6718,19,1,43,483,2387
6719011,671901,1,6719,1,1,98,1195,1209
6720031,672003,1,6720,3,1,180,2092,2522
6721121,672112,0,6721,12,1,39,452,3699
6722051,672205,1,6722,5,1,163,1933,1756
6723171,672317,1,6723,17,1,180,2091,2598
6724051,672405,2,6724,5,1,141,1675,2637
6725191,672519,1,6725,19,1,155,1820,1502
6726041,672604,2,6726,4,1,48,586,3644
6727121,672712,1,6727,12,1,155,1818,1651
6728211,672821,1,6728,21,1,39,456,3330
6729021,672902,4,6729,2,1,50,679,4295
6730051,673005,2,6730,5,1,88,1109,4626
6731051,673105,1,6731,5,1,50,762,789
6732181,673218,1,6732,18,1,174,2046,5443
6733011,673301,1,6733,1,1,85,1042,12302
6734041,673404,0,6734,4,1,163,1913,2062
6735041,673504,1,6735,4,1,59,867,4931
6736031,673603,2,6736,3,1,50,690,3715
6737011,673701,0,6737,1,1,108,1344,3387
6738051,673805,2,6738,5,1,87,1097,11460
6739031,673903,1,6739,3,1,64,893,2857
6740181,674018,0,6740,18,1,39,453,3363
6741051,674105,1,6741,5,1,106,1257,3722
6742051,674205,0,6742,5,1,152,1795,2279
6743051,674305,1,6743,5,1,25,270,631
6744051,674405,1,6744,5,1,176,2072,5967
6745051,674505,0,6745,5,1,143,1683,811
6746031,674603,1,6746,3,1,178,2084,2239
6747021,674702,3,6747,2,1,187,2144,1720
6748021,674802,2,6748,2,1,103,1238,973
6749011,674901,1,6749,1,1,175,2056,5762
6750071,675007,3,6750,7,1,118,1415,5024
6751051,675105,2,6751,5,1,74,954,3012
6752011,675201,2,6752,1,1,59,859,6264
6753091,675309,1,6753,9,1,179,2089,1807
6754021,675402,3,6754,2,1,179,2088,1811
6755041,675504,2,6755,4,1,126,1469,2385
6756031,675603,2,6756,3,1,30,336,1549
6757031,675703,2,6757,3,1,16,167,697
6758131,675813,2,6758,13,1,61,876,2994
6759091,675909,1,6759,9,1,7,61,3848
6760041,676004,2,6760,4,1,121,1442,3818
6761031,676103,1,6761,3,1,150,1753,2595
6762021,676202,3,6762,2,1,48,568,4282
6763071,676307,2,6763,7,1,26,273,1479
6764021,676402,1,6764,2,1,99,1203,1638
6765041,676504,2,6765,4,1,72,942,2549
6766041,676604,2,6766,4,1,75,962,15240
6767071,676707,1,6767,7,1,21,225,1029
6768041,676804,1,6768,4,1,189,2165,991
6769061,676906,0,6769,6,1,71,936,2779
6770031,677003,2,6770,3,1,68,924,5515
6771031,677103,2,6771,3,1,169,1997,1038
6772051,677205,1,6772,5,1,29,323,1414
6773051,677305,1,6773,5,1,131,1522,1788
6774141,677414,1,6774,14,1,137,1595,1121
6775071,677507,1,6775,7,1,112,1386,3430
6776191,677619,2,6776,19,1,187,2144,1720
6777031,677703,1,6777,3,1,80,1008,6695
6778031,677803,2,6778,3,1,188,2152,1515
6779191,677919,3,6779,19,1,3,7,1634
6780051,678005,0,6780,5,1,9,91,2460
6781151,678115,1,6781,15,1,21,229,690
6782061,678206,2,6782,6,1,28,277,1380
6783131,678313,2,6783,13,1,173,2039,5218
6784091,678409,2,6784,9,1,135,1585,1797
6785191,678519,1,6785,19,1,67,919,1831
6786051,678605,2,6786,5,1,140,1665,1274
6787051,678705,1,6787,5,1,109,1373,2841
6788021,678802,1,6788,2,1,151,1764,2117
6789021,678902,0,6789,2,1,107,1307,3227
6790031,679003,2,6790,3,1,50,679,4295
6791021,679102,5,6791,2,1,127,1485,1964
6792051,679205,1,6792,5,1,134,1580,1129
6793011,679301,1,6793,1,1,175,2062,5212
6794021,679402,1,6794,2,1,30,342,1519
6795061,679506,2,6795,6,1,94,1148,948
6796041,679604,1,6796,4,1,39,450,4023
6797031,679703,1,6797,3,1,138,1614,1185
6798171,679817,0,6798,17,1,135,1582,2162
6799031,679903,2,6799,3,1,151,1773,2173
6800041,680004,1,6800,4,1,121,1434,4829
6801181,680118,1,6801,18,1,89,1112,3110
6801182,680118,2,6801,18,2,89,1112,3110
6802141,680214,2,6802,14,1,3,8,1437
6803041,680304,3,6803,4,1,65,899,2997
6804031,680403,1,6804,3,1,106,1283,3163
6805051,680505,3,6805,5,1,107,1306,3229
6806021,680602,1,6806,2,1,107,1327,2924
6807021,680702,0,6807,2,1,151,1788,1815
6808011,680801,1,6808,1,1,11,137,2455
6809131,680913,1,6809,13,1,83,1024,5447
6810041,681004,3,6810,4,1,122,1451,4613
6811011,681101,3,6811,1,1,5,28,1464
6812041,681204,2,6812,4,1,44,500,2795
6813011,681301,0,6813,1,1,45,530,2985
6814041,681404,2,6814,4,1,48,581,3904
6815041,681504,1,6815,4,1,55,824,1339
6816051,681605,1,6816,5,1,24,261,653
6817011,681701,1,6817,1,1,113,1393,3021
6818051,681805,1,6818,5,1,80,1003,7520
6819141,681914,1,6819,14,1,71,936,2779
6820041,682004,2,6820,4,1,94,1150,839
6821021,682102,1,6821,2,1,30,351,1464
6822011,682201,1,6822,1,1,169,1986,1167
6823011,682301,1,6823,1,1,100,1211,1520
6824011,682401,1,6824,1,1,151,1788,1815
6825071,682507,1,6825,7,1,68,927,1392
6826051,682605,4,6826,5,1,17,197,623
6827061,682706,1,6827,6,1,137,1595,1121
6828031,682803,2,6828,3,1,29,301,1657
6829021,682902,0,6829,2,1,50,748,2232
6829022,682902,2,6829,2,2,50,748,2232
6830031,683003,1,6830,3,1,85,1058,9709
6831031,683103,3,6831,3,1,60,870,7327
6832011,683201,1,6832,1,1,163,1930,1776
6833011,683301,1,6833,1,1,107,1302,3301
6834021,683402,0,6834,2,1,16,173,626
6835031,683503,1,6835,3,1,50,709,3450
6836051,683605,2,6836,5,1,113,1391,3166
6837031,683703,1,6837,3,1,163,1938,1729
6838051,683805,1,6838,5,1,10,104,3024
6839021,683902,2,6839,2,1,30,328,1671
6840031,684003,1,6840,3,1,57,834,19030
6841031,684103,1,6841,3,1,166,1972,586
6842141,684214,0,6842,14,1,187,2145,1691
6843021,684302,1,6843,2,1,2,6,392
6844021,684402,1,6844,2,1,67,917,1831
6845041,684504,2,6845,4,1,46,548,3089
6846041,684604,0,6846,4,1,48,587,3640
6847041,684704,1,6847,4,1,91,1120,4396
6848051,684805,1,6848,5,1,162,1868,1768
6849021,684902,2,6849,2,1,50,717,3323
6850031,685003,1,6850,3,1,10,113,2846
6851031,685103,2,6851,3,1,162,1868,1768
6852021,685202,2,6852,2,1,159,1844,2105
6853051,685305,1,6853,5,1,67,918,1831
6854081,685408,2,6854,8,1,7,60,4118
6855031,685503,2,6855,3,1,151,1764,2117
6856071,685607,4,6856,7,1,101,1219,985
6857151,685715,0,6857,15,1,137,1597,1065
6858011,685801,1,6858,1,1,163,1920,1873
6859011,685901,3,6859,1,1,65,900,2939
6860171,686017,0,6860,17,1,37,442,5052
6860172,686017,0,6860,17,2,37,442,5052
6861031,686103,2,6861,3,1,30,363,1343
6862141,686214,2,6862,14,1,148,1738,2836
6863041,686304,3,6863,4,1,85,1053,10752
6864011,686401,1,6864,1,1,98,1193,1296
6865111,686511,2,6865,11,1,179,2090,1761
6866021,686602,2,6866,2,1,114,1399,3340
6867191,686719,2,6867,19,1,96,1157,995
6868011,686801,0,6868,1,1,61,878,2843
6869011,686901,2,6869,1,1,108,1353,3288
6870021,687002,1,6870,2,1,151,1778,2117
6871051,687105,2,6871,5,1,120,1429,4036
6872021,687202,1,6872,2,1,29,314,1575
6873141,687314,1,6873,14,1,52,772,1285
6874041,687404,2,6874,4,1,128,1508,2001
6875041,687504,0,6875,4,1,151,1787,1971
6876161,687616,0,6876,16,1,178,2084,2239
6877121,687712,3,6877,12,1,129,1514,2031
6878031,687803,1,6878,3,1,138,1617,1097
6879051,687905,1,6879,5,1,48,578,3996
6880031,688003,2,6880,3,1,46,543,3376
6881011,688101,1,6881,1,1,71,935,2985
6882051,688205,3,6882,5,1,30,325,1726
6883011,688301,1,6883,1,1,48,562,4673
6884071,688407,0,6884,7,1,37,444,3822
6885041,688504,1,6885,4,1,29,288,1761
6886011,688601,4,6886,1,1,94,1145,3671
6887021,688702,0,6887,2,1,185,2138,1543
6888011,688801,3,6888,1,1,29,313,1588
6889011,688901,4,6889,1,1,57,835,5223
6890021,689002,0,6890,2,1,99,1205,1560
6891041,689104,1,6891,4,1,44,503,2774
6892031,689203,1,6892,3,1,106,1258,3685
6893121,689312,2,6893,12,1,187,2146,1688
6894191,689419,1,6894,19,1,174,2046,5443
6895021,689502,2,6895,2,1,18,219,176
6896031,689603,1,6896,3,1,119,1418,3737
6897051,689705,2,6897,5,1,80,1007,6826
6898011,689801,2,6898,1,1,132,1529,2051
6899091,689909,2,6899,9,1,143,1680,2209
6900041,690004,3,6900,4,1,86,1082,9451
6901021,690102,0,6901,2,1,100,1209,1651
6902041,690204,3,6902,4,1,50,756,1305
6903051,690305,1,6903,5,1,50,740,2798
6904071,690407,1,6904,7,1,155,1822,916
6904072,690407,2,6904,7,2,155,1822,916
6905051,690505,1,6905,5,1,94,1145,3671
6906041,690604,5,6906,4,1,139,1645,1196
6906042,690604,2,6906,4,2,139,1645,1196
6907011,690701,1,6907,1,1,34,405,769
6908041,690804,1,6908,4,1,73,952,2375
6909051,690905,1,6909,5,1,145,1709,2581
6910191,691019,1,6910,19,1,43,482,3070
6911011,691101,0,6911,1,1,111,1383,3212
6912161,691216,1,6912,16,1,57,837,4691
6913031,691303,1,6913,3,1,49,673,1454
6914081,691408,0,6914,8,1,51,766,1365
6915161,691516,1,6915,16,1,43,482,3070
6916031,691603,2,6916,3,1,48,570,4237
6917051,691705,1,6917,5,1,160,1846,1388
6917052,691705,0,6917,5,2,160,1846,1388
6918101,691810,0,6918,10,1,173,2043,4521
6919051,691905,2,6919,5,1,44,514,2406
6920051,692005,0,6920,5,1,138,1612,1244
6921051,692105,2,6921,5,1,35,426,769
6922101,692210,0,6922,10,1,100,1209,1651
6923041,692304,2,6923,4,1,162,1861,1888
6924111,692411,1,6924,11,1,70,932,2540
6925041,692504,1,6925,4,1,45,534,2917
6926021,692602,2,6926,2,1,108,1369,2848
6927011,692701,0,6927,1,1,39,448,4578
6928011,692801,0,6928,1,1,46,541,3394
6929081,692908,1,6929,8,1,143,1682,2124
6930051,693005,1,6930,5,1,146,1731,3077
6931181,693118,1,6931,18,1,57,837,4691
6932141,693214,3,6932,14,1,100,1213,1488
6933161,693316,2,6933,16,1,13,147,488
6934021,693402,1,6934,2,1,78,978,9619
6935011,693501,1,6935,1,1,29,297,1673
6936101,693610,1,6936,10,1,71,935,2985
6937031,693703,1,6937,3,1,109,1373,2841
6938031,693803,0,6938,3,1,97,1180,550
6939041,693904,1,6939,4,1,50,747,2236
6940021,694002,1,6940,2,1,50,734,2939
6941021,694102,0,6941,2,1,71,936,2779
6942051,694205,1,6942,5,1,184,2136,2363
6943011,694301,0,6943,1,1,106,1263,3596
6944041,694404,1,6944,4,1,132,1551,1406
6945051,694505,3,6945,5,1,106,1293,2525
6946011,694601,2,6946,1,1,44,514,2406
6947161,694716,2,6947,16,1,12,143,609
6948021,694802,2,6948,2,1,53,779,1309
6949051,694905,2,6949,5,1,162,1864,1822
6950041,695004,1,6950,4,1,123,1462,2245
6951051,695105,1,6951,5,1,54,799,1396
6952031,695203,1,6952,3,1,128,1511,1952
6953051,695305,2,6953,5,1,30,336,1549
6954051,695405,2,6954,5,1,132,1543,1579
6955061,695506,5,6955,6,1,135,1582,2162
6956031,695603,2,6956,3,1,162,1893,1611
6957011,695701,1,6957,1,1,146,1725,3652
6958021,695802,2,6958,2,1,63,884,3037
6959031,695903,2,6959,3,1,138,1608,1310
6960041,696004,1,6960,4,1,54,815,1250
6961021,696102,1,6961,2,1,39,453,3363
6962101,696210,1,6962,10,1,63,884,3037
6962102,696210,1,6962,10,2,63,884,3037
6963031,696303,1,6963,3,1,105,1248,2799
6964051,696405,1,6964,5,1,86,1068,12827
6965041,696504,2,6965,4,1,97,1180,550
6966031,696603,1,6966,3,1,87,1093,12542
6967181,696718,1,6967,18,1,70,931,3702
6968011,696801,1,6968,1,1,18,209,752
6969041,696904,1,6969,4,1,108,1364,3100
6970051,697005,1,6970,5,1,156,1829,1722
6971011,697101,3,6971,1,1,164,1951,2175
6972041,697204,3,6972,4,1,107,1320,3082
6973031,697303,2,6973,3,1,80,1007,6826
6974101,697410,2,6974,10,1,47,557,672
6975031,697503,1,6975,3,1,30,364,1340
6976021,697602,2,6976,2,1,128,1505,2103
6977131,697713,1,6977,13,1,117,1413,3844
6978011,697801,1,6978,1,1,121,1444,3619
6979031,697903,1,6979,3,1,35,417,879
6980201,698020,1,6980,20,1,56,831,4889
6981021,698102,1,6981,2,1,152,1798,2202
6982091,698209,1,6982,9,1,167,1974,661
6983041,698304,1,6983,4,1,162,1902,1538
6984021,698402,0,6984,2,1,174,2047,5218
6985041,698504,0,6985,4,1,140,1669,1201
6986151,698615,0,6986,15,1,70,933,2426
6987201,698720,0,6987,20,1,39,455,3338
6988011,698801,3,6988,1,1,49,666,2907
6989041,698904,1,6989,4,1,178,2085,2014
6990011,699001,3,6990,1,1,39,454,3356
6991041,699104,2,6991,4,1,80,1004,7094
6992051,699205,2,6992,5,1,184,2128,2779
6993041,699304,2,6993,4,1,93,1140,3966
6994081,699408,0,6994,8,1,187,2146,1688
6995051,699505,1,6995,5,1,44,504,2767
6996041,699604,1,6996,4,1,30,329,1661
6997071,699707,1,6997,7,1,52,772,1285
6998031,699803,1,6998,3,1,58,853,4768
6999021,699902,1,6999,2,1,108,1366,3059
7000021,700002,2,7000,2,1,86,1065,13704
7001031,700103,1,7001,3,1,30,350,1476
7002031,700203,1,7002,3,1,71,935,2985
7003061,700306,0,7003,6,1,20,224,779
7004021,700402,1,7004,2,1,29,321,1463
7005011,700501,1,7005,1,1,139,1627,1341
7006031,700603,1,7006,3,1,39,449,4091
7007051,700705,0,7007,5,1,9,82,2951
7008021,700802,1,7008,2,1,44,506,2740
7009171,700917,1,7009,17,1,70,932,2540
7010011,701001,0,7010,1,1,10,115,2825
7011031,701103,2,7011,3,1,49,670,2177
7012031,701203,3,7012,3,1,32,392,627
7013011,701301,1,7013,1,1,181,2094,2676
7014031,701403,1,7014,3,1,56,830,5624
7015021,701502,2,7015,2,1,53,783,1277
7016121,701612,1,7016,12,1,167,1975,636
7017041,701704,1,7017,4,1,87,1093,12542
7018051,701805,3,7018,5,1,108,1365,3062
7019041,701904,0,7019,4,1,107,1314,3142
7020041,702004,1,7020,4,1,183,2123,1910
7021161,702116,1,7021,16,1,166,1970,682
7022021,702202,3,7022,2,1,48,574,4103
7023051,702305,1,7023,5,1,132,1531,1998
7024021,702402,1,7024,2,1,18,215,673
7025011,702501,1,7025,1,1,30,326,1688
7026061,702606,3,7026,6,1,90,1116,3460
7027181,702718,2,7027,18,1,94,1150,839
7028091,702809,1,7028,9,1,137,1597,1065
7029151,702915,1,7029,15,1,149,1742,1939
7030051,703005,2,7030,5,1,139,1650,1051
7031011,703101,1,7031,1,1,50,740,2798
7032051,703205,2,7032,5,1,128,1510,1981
7033101,703310,3,7033,10,1,61,878,2843
7034041,703404,0,7034,4,1,77,970,8757
7035201,703520,1,7035,20,1,143,1680,2209
7036171,703617,1,7036,17,1,90,1114,10379
7037011,703701,0,7037,1,1,107,1306,3229
7038051,703805,4,7038,5,1,108,1363,3165
7039041,703904,0,7039,4,1,50,693,3642
7040011,704001,0,7040,1,1,108,1350,3315
7041011,704101,1,7041,1,1,85,1059,9177
7042161,704216,1,7042,16,1,67,920,1739
7043011,704301,1,7043,1,1,72,942,2549
7044161,704416,1,7044,16,1,39,447,4920
7045031,704503,2,7045,3,1,154,1817,2285
7046031,704603,1,7046,3,1,30,355,1437
7047191,704719,1,7047,19,1,136,1592,1094
7048051,704805,2,7048,5,1,75,963,13690
7049051,704905,1,7049,5,1,138,1609,1304
7050041,705004,2,7050,4,1,139,1636,1275
7051191,705119,2,7051,19,1,111,1381,3504
7052051,705205,1,7052,5,1,88,1106,5935
7053011,705301,2,7053,1,1,120,1424,5239
7054031,705403,1,7054,3,1,34,402,809
7055111,705511,1,7055,11,1,63,885,2839
7056051,705605,1,7056,5,1,182,2102,1987
7057101,705710,1,7057,10,1,67,921,1645
7058051,705805,1,7058,5,1,48,581,3904
7059051,705905,2,7059,5,1,185,2140,1353
7060021,706002,1,7060,2,1,45,522,3170
7061021,706102,1,7061,2,1,103,1226,1221
7062011,706201,4,7062,1,1,50,719,3305
7063051,706305,1,7063,5,1,122,1451,4613
7064011,706401,1,7064,1,1,107,1325,3020
7065011,706501,1,7065,1,1,140,1655,1467
7065012,706501,2,7065,1,2,140,1655,1467
7066021,706602,2,7066,2,1,92,1135,3838
7066022,706602,1,7066,2,2,92,1135,3838
7067041,706704,2,7067,4,1,117,1410,5193
7068141,706814,1,7068,14,1,185,2140,1353
7069031,706903,2,7069,3,1,175,2055,6159
7070201,707020,1,7070,20,1,101,1216,1115
7071031,707103,1,7071,3,1,48,575,4004
7072081,707208,1,7072,8,1,135,1585,1797
7073051,707305,1,7073,5,1,16,166,699
7074161,707416,1,7074,16,1,166,1971,658
7075031,707503,2,7075,3,1,55,824,1339
7076021,707602,2,7076,2,1,132,1549,1457
7077121,707712,3,7077,12,1,173,2040,4785
7078021,707802,2,7078,2,1,45,518,3379
7079041,707904,3,7079,4,1,50,734,2939
7080031,708003,2,7080,3,1,90,1117,3299
7081121,708112,4,7081,12,1,159,1843,2250
7082181,708218,1,7082,18,1,101,1219,985
7083021,708302,2,7083,2,1,98,1191,1349
7084051,708405,4,7084,5,1,73,951,2393
7085011,708501,2,7085,1,1,85,1050,11321
7086011,708601,1,7086,1,1,49,620,4040
7087031,708703,4,7087,3,1,9,85,2808
7088051,708805,3,7088,5,1,86,1083,9428
7089051,708905,1,7089,5,1,4,21,1259
7090021,709002,2,7090,2,1,34,402,809
7091031,709103,0,7091,3,1,29,315,1574
7092181,709218,2,7092,18,1,187,2145,1691
7093091,709309,1,7093,9,1,178,2085,2014
7094021,709402,1,7094,2,1,173,2040,4785
7095031,709503,1,7095,3,1,109,1372,3454
7096011,709601,2,7096,1,1,139,1636,1275
7097011,709701,2,7097,1,1,179,2090,1761
7098021,709802,1,7098,2,1,44,499,2863
7099041,709904,3,7099,4,1,150,1759,2444
7100121,710012,1,7100,12,1,100,1214,1363
7101121,710112,1,7101,12,1,166,1970,682
7102071,710207,1,7102,7,1,187,2149,1504
7103031,710303,4,7103,3,1,132,1541,1625
7104031,710403,2,7104,3,1,142,1677,2524
7105121,710512,0,7105,12,1,52,773,1281
7106051,710605,3,7106,5,1,18,207,769
7107151,710715,1,7107,15,1,111,1384,3206
7108141,710814,0,7108,14,1,111,1380,3726
7109111,710911,1,7109,11,1,70,931,3702
7110011,711001,2,7110,1,1,50,699,3527
7111041,711104,1,7111,4,1,105,1247,2799
7112011,711201,2,7112,1,1,5,37,1190
7113031,711303,0,7113,3,1,162,1905,1472
7114181,711418,1,7114,18,1,143,1681,2188
7115031,711503,1,7115,3,1,55,823,1352
7116041,711604,1,7116,4,1,143,1680,2209
7117041,711704,2,7117,4,1,84,1026,8028
7118091,711809,0,7118,9,1,52,771,1323
7119171,711917,1,7119,17,1,155,1823,414
7120011,712001,2,7120,1,1,50,735,2939
7121051,712105,1,7121,5,1,173,2039,5218
7122011,712201,1,7122,1,1,132,1535,1754
7123041,712304,0,7123,4,1,49,657,3118
7124041,712404,1,7124,4,1,92,1128,5229
7125201,712520,2,7125,20,1,81,1017,6441
7126151,712615,2,7126,15,1,67,918,1831
7127041,712704,1,7127,4,1,45,532,2963
7128091,712809,1,7128,9,1,149,1741,2121
7129061,712906,0,7129,6,1,75,964,4181
7130051,713005,1,7130,5,1,60,872,6960
7131011,713101,1,7131,1,1,44,507,2734
7132011,713201,1,7132,1,1,169,2009,946
7133201,713320,1,7133,20,1,154,1814,2660
7134011,713401,2,7134,1,1,169,1981,1279
7135041,713504,2,7135,4,1,119,1418,3737
7136041,713604,3,7136,4,1,94,1144,3862
7137051,713705,2,7137,5,1,184,2137,2052
7138181,713818,2,7138,18,1,90,1115,3760
7139041,713904,1,7139,4,1,31,380,1789
7140021,714002,2,7140,2,1,176,2070,6286
7141181,714118,0,7141,18,1,111,1383,3212
7142011,714201,1,7142,1,1,98,1188,1412
7143051,714305,1,7143,5,1,78,971,15130
7144151,714415,1,7144,15,1,130,1516,1778
7145011,714501,2,7145,1,1,49,633,3737
7146171,714617,2,7146,17,1,21,229,690
7147051,714705,0,7147,5,1,175,2059,5427
7148161,714816,2,7148,16,1,3,8,1437
7149161,714916,0,7149,16,1,21,225,1029
7150121,715012,0,7150,12,1,136,1590,1225
7151061,715106,0,7151,6,1,142,1677,2524
7152111,715211,1,7152,11,1,173,2043,4521
7153051,715305,2,7153,5,1,87,1100,11129
7154021,715402,2,7154,2,1,30,355,1437
7155011,715501,3,7155,1,1,59,867,4931
7156171,715617,2,7156,17,1,27,276,1431
7157011,715701,1,7157,1,1,24,262,629
7158011,715801,2,7158,1,1,10,100,3332
7159041,715904,1,7159,4,1,162,1854,1989
7160031,716003,1,7160,3,1,72,940,2912
7161051,716105,2,7161,5,1,23,234,961
7162201,716220,1,7162,20,1,111,1383,3212
7163021,716302,2,7163,2,1,50,697,3527
7164031,716403,1,7164,3,1,145,1700,2768
7165041,716504,2,7165,4,1,16,173,626
7166051,716605,1,7166,5,1,57,834,19030
7167171,716717,1,7167,17,1,21,227,882
7168031,716803,1,7168,3,1,50,717,3323
7169021,716902,2,7169,2,1,182,2101,2002
7170041,717004,2,7170,4,1,58,840,6057
7171181,717118,4,7171,18,1,67,920,1739
7172041,717204,3,7172,4,1,36,440,645
7173051,717305,1,7173,5,1,180,2092,2522
7174181,717418,1,7174,18,1,13,146,496
7175011,717501,1,7175,1,1,132,1549,1457
7176031,717603,1,7176,3,1,103,1230,1147
7177031,717703,1,7177,3,1,87,1098,11415
7178011,717801,4,7178,1,1,17,185,724
7179081,717908,1,7179,8,1,111,1384,3206
7180131,718013,1,7180,13,1,94,1147,957
7181201,718120,3,7181,20,1,136,1588,1337
7182051,718205,3,7182,5,1,125,1467,2137
7183131,718313,3,7183,13,1,110,1377,3890
7184011,718401,2,7184,1,1,162,1858,1927
7185051,718505,2,7185,5,1,100,1211,1520
7186031,718603,4,7186,3,1,164,1954,2022
7187011,718701,2,7187,1,1,172,2038,7996
7188031,718803,1,7188,3,1,189,2163,1150
7189011,718901,2,7189,1,1,45,537,383
7190041,719004,0,7190,4,1,49,611,4288
7191041,719104,1,7191,4,1,60,874,6586
7192031,719203,1,7192,3,1,139,1622,1404
7193051,719305,5,7193,5,1,139,1651,1027
7194161,719416,0,7194,16,1,39,452,3699
7195011,719501,3,7195,1,1,155,1819,1628
7196021,719602,1,7196,2,1,71,938,2501
7197031,719703,1,7197,3,1,30,338,1543
7198091,719809,1,7198,9,1,160,1847,1348
7199081,719908,0,7199,8,1,71,938,2501
7200051,720005,2,7200,5,1,131,1527,1108
7201021,720102,4,7201,2,1,17,195,641
7202141,720214,0,7202,14,1,28,277,1380
7203161,720316,1,7203,16,1,136,1589,1281
7204161,720416,2,7204,16,1,155,1819,1628
7205021,720502,3,7205,2,1,49,616,4160
7206021,720602,1,7206,2,1,121,1446,3141
7207021,720702,2,7207,2,1,103,1230,1147
7208011,720801,2,7208,1,1,9,77,3152
7209091,720909,0,7209,9,1,136,1591,1218
7210161,721016,0,7210,16,1,160,1846,1388
7211021,721102,3,7211,2,1,18,213,721
7212201,721220,1,7212,20,1,116,1409,5069
7213041,721304,1,7213,4,1,49,649,3262
7214181,721418,3,7214,18,1,52,772,1285
7215161,721516,1,7215,16,1,21,226,887
7216051,721605,2,7216,5,1,168,1978,1324
7217191,721719,1,7217,19,1,1,3,848
7218041,721804,1,7218,4,1,103,1239,952
7219111,721911,1,7219,11,1,94,1150,839
7220041,722004,0,7220,4,1,49,625,3906
7221071,722107,1,7221,7,1,90,1114,10379
7222011,722201,2,7222,1,1,144,1687,3018
7223031,722303,0,7223,3,1,140,1661,1382
7224031,722403,0,7224,3,1,50,687,3768
7225021,722502,0,7225,2,1,25,268,805
7226021,722602,1,7226,2,1,54,800,1335
7227051,722705,1,7227,5,1,15,159,501
7228051,722805,1,7228,5,1,132,1557,1153
7229081,722908,2,7229,8,1,39,455,3338
7230041,723004,0,7230,4,1,98,1200,820
7231061,723106,0,7231,6,1,153,1809,2602
7232091,723209,1,7232,9,1,173,2042,4624
7233021,723302,1,7233,2,1,137,1598,1015
7234111,723411,0,7234,11,1,160,1847,1348
7235011,723501,2,7235,1,1,140,1665,1274
7236071,723607,0,7236,7,1,109,1373,2841
7237161,723716,4,7237,16,1,117,1412,4714
7238161,723816,2,7238,16,1,159,1842,2431
7239021,723902,2,7239,2,1,94,1142,4217
7240131,724013,1,7240,13,1,89,1113,3095
7241051,724105,1,7241,5,1,108,1335,3714
7242011,724201,1,7242,1,1,73,948,2562
7242012,724201,2,7242,1,2,73,948,2562
7243211,724321,2,7243,21,1,71,935,2985
7244201,724420,2,7244,20,1,159,1842,2431
7245011,724501,2,7245,1,1,114,1401,3180
7246191,724619,1,7246,19,1,8,62,1927
7247041,724704,1,7247,4,1,108,1354,3285
7248191,724819,2,7248,19,1,88,1106,5935
7249091,724909,1,7249,9,1,116,1409,5069
7250051,725005,2,7250,5,1,139,1632,1299
7251051,725105,1,7251,5,1,46,546,3168
7252111,725211,3,7252,11,1,178,2085,2014
7253011,725301,1,7253,1,1,34,410,730
7254101,725410,1,7254,10,1,88,1110,4468
7255021,725502,1,7255,2,1,29,302,1646
7256041,725604,3,7256,4,1,106,1257,3722
7257011,725701,0,7257,1,1,133,1567,1668
7258071,725807,3,7258,7,1,125,1465,3729
7259041,725904,1,7259,4,1,40,462,4234
7260041,726004,1,7260,4,1,113,1397,2146
7261041,726104,2,7261,4,1,107,1305,3233
7262031,726203,1,7262,3,1,149,1742,1939
7263081,726308,2,7263,8,1,2,6,392
7264021,726402,2,7264,2,1,140,1671,1030
7265021,726502,1,7265,2,1,30,354,1444
7266021,726602,3,7266,2,1,65,895,3954
7267021,726702,1,7267,2,1,55,821,1377
7268041,726804,1,7268,4,1,126,1472,2162
7269051,726905,1,7269,5,1,184,2132,2516
7270021,727002,1,7270,2,1,21,228,784
7271101,727110,1,7271,10,1,167,1974,661
7272041,727204,0,7272,4,1,6,45,1681
7273051,727305,0,7273,5,1,152,1805,1980
7274051,727405,1,7274,5,1,30,331,1626
7275021,727502,1,7275,2,1,5,28,1464
7276041,727604,1,7276,4,1,136,1592,1094
7277081,727708,1,7277,8,1,148,1738,2836
7278011,727801,2,7278,1,1,89,1112,3110
7279051,727905,2,7279,5,1,106,1282,3165
7280031,728003,3,7280,3,1,162,1885,1657
7281031,728103,2,7281,3,1,176,2073,5822
7282021,728202,2,7282,2,1,141,1673,2831
7283141,728314,1,7283,14,1,39,450,4023
7284111,728411,2,7284,11,1,14,148,833
7285011,728501,2,7285,1,1,169,2004,991
7286011,728601,2,7286,1,1,182,2100,2028
7287021,728702,1,7287,2,1,3,7,1634
7288011,728801,4,7288,1,1,169,2007,986
7289151,728915,3,7289,15,1,167,1975,636
7290041,729004,1,7290,4,1,98,1187,1422
7291051,729105,2,7291,5,1,133,1566,1721
7292071,729207,2,7292,7,1,159,1842,2431
7293041,729304,3,7293,4,1,23,241,794
7294061,729406,1,7294,6,1,129,1514,2031
7295021,729502,1,7295,2,1,164,1955,2022
7296051,729605,2,7296,5,1,118,1415,5024
7297011,729701,0,7297,1,1,117,1412,4714
7298021,729802,0,7298,2,1,150,1743,3025
7299011,729901,0,7299,1,1,170,2023,991
7300101,730010,2,7300,10,1,155,1819,1628
7301011,730101,2,7301,1,1,106,1290,2978
7302041,730204,2,7302,4,1,10,98,3467
7303041,730304,1,7303,4,1,16,164,751
7304011,730401,2,7304,1,1,30,340,1528
7305011,730501,2,7305,1,1,143,1681,2188
7306041,730604,1,7306,4,1,131,1521,1873
7307051,730705,1,7307,5,1,103,1236,1037
7308011,730801,1,7308,1,1,18,218,383
7309011,730901,1,7309,1,1,108,1359,3239
7310021,731002,2,7310,2,1,98,1196,1206
7311161,731116,1,7311,16,1,185,2138,1543
7312021,731202,2,7312,2,1,131,1524,1703
7313051,731305,0,7313,5,1,49,611,4288
7314011,731401,3,7314,1,1,106,1266,3387
7315031,731503,1,7315,3,1,11,127,3038
7316011,731601,1,7316,1,1,29,322,1449
7317131,731713,0,7317,13,1,71,938,2501
7318011,731801,2,7318,1,1,100,1212,1495
7319031,731903,1,7319,3,1,54,804,1326
7320191,732019,1,7320,19,1,33,395,576
7321011,732101,1,7321,1,1,155,1823,414
7322021,732202,0,7322,2,1,162,1860,1895
7323051,732305,1,7323,5,1,139,1631,1302
7324021,732402,1,7324,2,1,85,1052,10908
7325041,732504,1,7325,4,1,147,1736,2632
7326121,732612,0,7326,12,1,67,920,1739
7327031,732703,1,7327,3,1,99,1201,1987
7328121,732812,1,7328,12,1,179,2089,1807
7329021,732902,1,7329,2,1,45,531,2980
7330191,733019,1,7330,19,1,155,1822,916
7331091,733109,2,7331,9,1,172,2035,8923
7332031,733203,1,7332,3,1,4,18,1287
7333051,733305,1,7333,5,1,138,1608,1310
7334011,733401,2,7334,1,1,132,1552,1391
7335011,733501,1,7335,1,1,73,946,2962
7336121,733612,1,7336,12,1,153,1811,2396
7337141,733714,2,7337,14,1,141,1675,2637
7338191,733819,2,7338,19,1,129,1513,2829
7339021,733902,1,7339,2,1,118,1414,5277
7340141,734014,1,7340,14,1,52,770,1405
7341011,734101,1,7341,1,1,169,1999,1031
7342121,734212,1,7342,12,1,141,1674,2757
7343191,734319,1,7343,19,1,42,481,3354
7344011,734401,2,7344,1,1,190,2167,2292
7345051,734505,2,7345,5,1,31,381,1786
7346111,734611,1,7346,11,1,39,456,3330
7347041,734704,1,7347,4,1,52,770,1405
7348041,734804,1,7348,4,1,173,2041,4774
7349041,734904,1,7349,4,1,108,1334,3801
7350031,735003,1,7350,3,1,85,1045,11921
7351021,735102,0,7351,2,1,35,422,801
7352031,735203,1,7352,3,1,164,1960,1830
7353071,735307,1,7353,7,1,112,1387,3229
7354031,735403,4,7354,3,1,163,1919,1901
7355041,735504,0,7355,4,1,111,1379,3848
7356191,735619,2,7356,19,1,8,63,1922
7357101,735710,1,7357,10,1,94,1147,957
7358041,735804,1,7358,4,1,86,1083,9428
7359021,735902,1,7359,2,1,9,65,3558
7360021,736002,3,7360,2,1,144,1687,3018
7361011,736101,2,7361,1,1,10,99,3348
7362081,736208,0,7362,8,1,118,1414,5277
7363171,736317,1,7363,17,1,153,1811,2396
7364141,736414,1,7364,14,1,20,223,797
7365051,736505,1,7365,5,1,90,1114,10379
7366121,736612,1,7366,12,1,185,2141,1249
7367021,736702,1,7367,2,1,10,113,2846
7368051,736805,1,7368,5,1,145,1707,2602
7369041,736904,1,7369,4,1,152,1802,2095
7370011,737001,2,7370,1,1,88,1110,4468
7371021,737102,5,7371,2,1,176,2068,6800
7372031,737203,0,7372,3,1,185,2139,1468
7373101,737310,3,7373,10,1,136,1589,1281
7374031,737403,2,7374,3,1,145,1712,2503
7375051,737505,2,7375,5,1,10,120,2739
7376051,737605,1,7376,5,1,103,1228,1175
7377031,737703,1,7377,3,1,132,1557,1153
7378081,737808,0,7378,8,1,37,444,3822
7379011,737901,2,7379,1,1,9,81,2980
7380151,738015,0,7380,15,1,94,1149,884
7381051,738105,0,7381,5,1,9,65,3558
7382011,738201,1,7382,1,1,55,827,1261
7383021,738302,2,7383,2,1,17,189,691
7384011,738401,2,7384,1,1,78,971,15130
7385121,738512,2,7385,12,1,76,968,7378
7386011,738601,3,7386,1,1,49,674,1437
7387051,738705,2,7387,5,1,108,1346,3360
7388141,738814,2,7388,14,1,57,836,4721
7389011,738901,2,7389,1,1,163,1929,1777
7390171,739017,2,7390,17,1,100,1214,1363
7391201,739120,2,7391,20,1,167,1974,661
7392051,739205,2,7392,5,1,11,127,3038
7393041,739304,0,7393,4,1,143,1678,2442
7394061,739406,2,7394,6,1,12,143,609
7395031,739503,1,7395,3,1,87,1091,13147
7396071,739607,1,7396,7,1,160,1848,1343
7397021,739702,1,7397,2,1,97,1176,1281
7398121,739812,2,7398,12,1,179,2090,1761
7399011,739901,3,7399,1,1,67,920,1739
7400051,740005,1,7400,5,1,30,333,1615
7401031,740103,1,7401,3,1,97,1164,1770
7401032,740103,2,7401,3,2,97,1164,1770
7402081,740208,2,7402,8,1,32,390,691
7403041,740304,0,7403,4,1,29,323,1414
7404061,740406,1,7404,6,1,14,148,833
7405011,740501,1,7405,1,1,189,2160,1184
7406041,740604,2,7406,4,1,35,428,749
7407011,740701,1,7407,1,1,145,1715,2472
7408111,740811,1,7408,11,1,135,1584,1829
7409041,740904,1,7409,4,1,136,1588,1337
7410041,741004,3,7410,4,1,139,1630,1306
7411021,741102,3,7411,2,1,164,1954,2022
7412011,741201,2,7412,1,1,152,1803,2091
7413031,741303,2,7413,3,1,59,861,5503
7414171,741417,0,7414,17,1,62,880,3244
7415191,741519,1,7415,19,1,67,921,1645
7416201,741620,0,7416,20,1,147,1737,2630
7417031,741703,1,7417,3,1,103,1228,1175
7418051,741805,1,7418,5,1,48,560,5197
7419051,741905,4,7419,5,1,46,539,4137
7420161,742016,1,7420,16,1,52,770,1405
7421041,742104,2,7421,4,1,139,1635,1284
7422031,742203,1,7422,3,1,34,404,786
7423051,742305,1,7423,5,1,48,569,4262
7424011,742401,2,7424,1,1,49,661,3053
7425041,742504,1,7425,4,1,161,1849,2520
7426071,742607,1,7426,7,1,75,965,3506
7427021,742702,2,7427,2,1,50,702,3527
7428031,742803,1,7428,3,1,11,138,2175
7429021,742902,1,7429,2,1,187,2146,1688
7430051,743005,1,7430,5,1,169,1981,1279
7431041,743104,0,7431,4,1,37,443,3934
7432041,743204,2,7432,4,1,48,590,3550
7433131,743313,2,7433,13,1,52,774,1138
7434031,743403,4,7434,3,1,170,2017,1113
7435011,743501,2,7435,1,1,137,1593,1069
7436071,743607,2,7436,7,1,14,149,796
7437041,743704,2,7437,4,1,41,475,4150
7438021,743802,3,7438,2,1,133,1566,1721
7439021,743902,2,7439,2,1,13,145,2797
7440011,744001,2,7440,1,1,150,1749,2621
7441011,744101,1,7441,1,1,86,1083,9428
7442141,744214,1,7442,14,1,63,884,3037
7443051,744305,0,7443,5,1,58,842,5870
7444041,744404,2,7444,4,1,49,659,3093
7445031,744503,4,7445,3,1,59,858,6443
7446021,744602,1,7446,2,1,175,2062,5212
7447051,744705,4,7447,5,1,49,670,2177
7448011,744801,0,7448,1,1,137,1599,1009
7449021,744902,1,7449,2,1,15,159,501
7450041,745004,0,7450,4,1,62,879,3249
7451041,745104,1,7451,4,1,139,1631,1302
7452021,745202,2,7452,2,1,49,673,1454
7453131,745313,2,7453,13,1,32,392,627
7454031,745403,3,7454,3,1,169,1980,1299
7455131,745513,1,7455,13,1,56,832,4770
7456051,745605,3,7456,5,1,145,1711,2513
7457051,745705,1,7457,5,1,101,1218,1072
7458041,745804,1,7458,4,1,169,1980,1299
7459071,745907,2,7459,7,1,149,1740,2152
7460041,746004,4,7460,4,1,127,1479,1952
7461041,746104,2,7461,4,1,117,1412,4714
7462021,746202,0,7462,2,1,73,946,2962
7463021,746302,1,7463,2,1,49,603,5130
7464141,746414,1,7464,14,1,68,927,1392
7465051,746505,2,7465,5,1,85,1058,9709
7466041,746604,1,7466,4,1,67,916,1831
7467041,746704,2,7467,4,1,87,1094,12086
7468011,746801,3,7468,1,1,35,427,768
7469051,746905,0,7469,5,1,28,277,1380
7470041,747004,1,7470,4,1,85,1039,12518
7471021,747102,2,7471,2,1,13,147,488
7472051,747205,1,7472,5,1,172,2036,8005
7473141,747314,1,7473,14,1,148,1739,2513
7473142,747314,1,7473,14,2,148,1739,2513
7474201,747420,1,7474,20,1,160,1845,1479
7475011,747501,1,7475,1,1,162,1856,1976
7476011,747601,2,7476,1,1,58,843,5596
7477081,747708,1,7477,8,1,129,1514,2031
7478171,747817,1,7478,17,1,33,394,835
7479021,747902,3,7479,2,1,103,1236,1037
7480051,748005,1,7480,5,1,131,1520,2107
7481021,748102,1,7481,2,1,139,1641,1237
7482041,748204,4,7482,4,1,100,1210,1538
7483021,748302,2,7483,2,1,108,1351,3297
7484031,748403,1,7484,3,1,49,618,4123
7485071,748507,1,7485,7,1,14,148,833
7486021,748602,1,7486,2,1,34,399,908
7487161,748716,2,7487,16,1,83,1024,5447
7488041,748804,2,7488,4,1,92,1132,4321
7489021,748902,1,7489,2,1,156,1826,2011
7490031,749003,1,7490,3,1,136,1592,1094
7491011,749101,1,7491,1,1,187,2147,1565
7492011,749201,0,7492,1,1,87,1094,12086
7493041,749304,2,7493,4,1,154,1817,2285
7494051,749405,2,7494,5,1,142,1676,2626
7495101,749510,3,7495,10,1,116,1406,6756
7496031,749603,1,7496,3,1,63,888,2579
7497041,749704,1,7497,4,1,48,580,3906
7498131,749813,1,7498,13,1,137,1600,973
7499111,749911,1,7499,11,1,125,1467,2137
7500051,750005,6,7500,5,1,11,123,3224
7501131,750113,1,7501,13,1,174,2047,5218
7502051,750205,1,7502,5,1,120,1421,5724
7503081,750308,0,7503,8,1,14,149,796
7504021,750402,1,7504,2,1,29,289,1737
7505031,750503,1,7505,3,1,86,1088,4697
7506191,750619,2,7506,19,1,37,442,5052
7507081,750708,1,7507,8,1,37,442,5052
7508141,750814,2,7508,14,1,105,1250,2996
7509051,750905,1,7509,5,1,85,1038,12598
7510151,751015,1,7510,15,1,137,1600,973
7511051,751105,1,7511,5,1,48,600,2328
7512031,751203,1,7512,3,1,50,750,2094
7513041,751304,2,7513,4,1,50,696,3566
7514121,751412,2,7514,12,1,155,1820,1502
7515031,751503,0,7515,3,1,17,189,691
7516041,751604,1,7516,4,1,97,1158,1598
7517041,751704,1,7517,4,1,30,328,1671
7518011,751801,1,7518,1,1,85,1037,12706
7519011,751901,2,7519,1,1,107,1310,3190
7520131,752013,2,7520,13,1,187,2144,1720
7521121,752112,2,7521,12,1,173,2042,4624
7522031,752203,1,7522,3,1,87,1100,11129
7522032,752203,1,7522,3,2,87,1100,11129
7522033,752203,2,7522,3,3,87,1100,11129
7523041,752304,1,7523,4,1,165,1964,1215
7524021,752402,2,7524,2,1,146,1731,3077
7525011,752501,3,7525,1,1,54,816,1239
7526031,752603,2,7526,3,1,78,971,15130
7527171,752717,1,7527,17,1,160,1846,1388
7528111,752811,1,7528,11,1,75,965,3506
7529021,752902,1,7529,2,1,164,1953,2054
7530041,753004,1,7530,4,1,107,1331,2406
7531121,753112,1,7531,12,1,20,222,977
7532161,753216,1,7532,16,1,94,1151,720
7533041,753304,1,7533,4,1,46,545,3255
7534031,753403,1,7534,3,1,6,47,1535
7535061,753506,2,7535,6,1,32,393,610
7536011,753601,0,7536,1,1,179,2089,1807
7537011,753701,2,7537,1,1,92,1133,4201
7538041,753804,1,7538,4,1,85,1043,12201
7539041,753904,2,7539,4,1,156,1834,771
7540011,754001,1,7540,1,1,18,219,176
7541011,754101,1,7541,1,1,49,605,4730
7542191,754219,1,7542,19,1,94,1151,720
7543041,754304,1,7543,4,1,31,381,1786
7544031,754403,0,7544,3,1,104,1241,1027
7545041,754504,0,7545,4,1,67,922,1613
7546041,754604,0,7546,4,1,113,1388,3090
7547011,754701,0,7547,1,1,35,428,749
7548031,754803,0,7548,3,1,44,508,2710
7549181,754918,3,7549,18,1,136,1591,1218
7550041,755004,1,7550,4,1,11,138,2175
7551011,755101,1,7551,1,1,163,1931,1766
7552051,755205,1,7552,5,1,50,745,2439
7553031,755303,1,7553,3,1,50,701,3527
7554031,755403,2,7554,3,1,174,2046,5443
7555031,755503,2,7555,3,1,163,1945,1669
7556191,755619,0,7556,19,1,32,391,636
7557041,755704,2,7557,4,1,162,1867,1798
7558011,755801,1,7558,1,1,106,1284,3150
7559031,755903,2,7559,3,1,50,745,2439
7560151,756015,1,7560,15,1,67,921,1645
7561121,756112,1,7561,12,1,125,1468,1809
7562051,756205,1,7562,5,1,85,1052,10908
7563141,756314,1,7563,14,1,125,1467,2137
7564171,756417,1,7564,17,1,111,1380,3726
7565011,756501,2,7565,1,1,30,354,1444
7566041,756604,0,7566,4,1,133,1561,1831
7567041,756704,0,7567,4,1,48,589,3580
7568051,756805,2,7568,5,1,150,1754,2570
7569051,756905,1,7569,5,1,57,838,3502
7570011,757001,1,7570,1,1,121,1448,1033
7571021,757102,1,7571,2,1,35,421,807
7572011,757201,0,7572,1,1,21,228,784
7573091,757309,1,7573,9,1,187,2148,1543
7574081,757408,2,7574,8,1,67,921,1645
7575041,757504,1,7575,4,1,173,2040,4785
7576011,757601,2,7576,1,1,178,2085,2014
7577021,757702,1,7577,2,1,166,1965,2972
7578031,757803,1,7578,3,1,169,1989,1117
7579041,757904,2,7579,4,1,86,1065,13704
7580041,758004,1,7580,4,1,6,48,1412
7581091,758109,1,7581,9,1,155,1823,414
7582151,758215,1,7582,15,1,125,1466,2305
7583191,758319,1,7583,19,1,147,1736,2632
7584021,758402,0,7584,2,1,188,2153,1417
7585111,758511,1,7585,11,1,149,1742,1939
7586041,758604,2,7586,4,1,49,606,4668
7587081,758708,6,7587,8,1,148,1739,2513
7588011,758801,1,7588,1,1,106,1257,3722
7589171,758917,2,7589,17,1,147,1737,2630
7590201,759020,0,7590,20,1,117,1410,5193
7591031,759103,2,7591,3,1,139,1651,1027
7592021,759202,2,7592,2,1,161,1849,2520
7593191,759319,1,7593,19,1,125,1468,1809
7594021,759402,1,7594,2,1,152,1791,2508
7595101,759510,0,7595,10,1,61,876,2994
7596031,759603,1,7596,3,1,72,943,2474
7597051,759705,0,7597,5,1,90,1115,3760
7598041,759804,1,7598,4,1,29,284,1820
7599121,759912,1,7599,12,1,57,838,3502
7600191,760019,1,7600,19,1,67,918,1831
7601041,760104,0,7601,4,1,48,573,4109
7602011,760201,1,7602,1,1,30,344,1491
7603021,760302,1,7603,2,1,75,961,16402
7604061,760406,1,7604,6,1,75,966,3387
7605171,760517,0,7605,17,1,39,451,3817
7606041,760604,1,7606,4,1,73,949,2541
7607051,760705,2,7607,5,1,119,1417,4124
7608011,760801,1,7608,1,1,30,347,1489
7609151,760915,1,7609,15,1,125,1465,3729
7610111,761011,1,7610,11,1,71,938,2501
7611091,761109,2,7611,9,1,20,224,779
7612011,761201,1,7612,1,1,44,506,2740
7613041,761304,1,7613,4,1,136,1590,1225
7614011,761401,1,7614,1,1,122,1455,4160
7615031,761503,2,7615,3,1,80,999,7057
7616031,761603,3,7616,3,1,49,669,2198
7617051,761705,1,7617,5,1,144,1685,3706
7618021,761802,1,7618,2,1,145,1718,2406
7619191,761919,1,7619,19,1,143,1680,2209
7620021,762002,2,7620,2,1,58,839,5029
7621041,762104,1,7621,4,1,53,783,1277
7622021,762202,2,7622,2,1,29,304,1625
7623021,762302,1,7623,2,1,15,150,782
7624121,762412,0,7624,12,1,52,768,1450
7625041,762504,3,7625,4,1,68,927,1392
7626031,762603,2,7626,3,1,50,691,3701
7627031,762703,1,7627,3,1,38,445,7240
7628051,762805,2,7628,5,1,39,451,3817
7629131,762913,1,7629,13,1,111,1382,3286
7630041,763004,1,7630,4,1,146,1730,3310
7631131,763113,2,7631,13,1,101,1215,1128
7632061,763206,4,7632,6,1,185,2139,1468
7633141,763314,2,7633,14,1,63,887,2678
7634051,763405,1,7634,5,1,66,914,3029
7635031,763503,0,7635,3,1,45,533,2933
7636051,763605,2,7636,5,1,77,970,8757
7637051,763705,2,7637,5,1,5,39,1139
7638041,763804,1,7638,4,1,50,740,2798
7639041,763904,2,7639,4,1,30,356,1435
7640051,764005,3,7640,5,1,128,1503,2164
7641061,764106,2,7641,6,1,32,392,627
7642051,764205,1,7642,5,1,97,1164,1770
7643031,764303,1,7643,3,1,122,1453,4305
7644031,764403,2,7644,3,1,51,765,1494
7645141,764514,1,7645,14,1,160,1845,1479
7646171,764617,2,7646,17,1,101,1219,985
7647131,764713,2,7647,13,1,21,227,882
7648051,764805,1,7648,5,1,121,1447,1361
7649031,764903,3,7649,3,1,76,967,28513
7650011,765001,1,7650,1,1,132,1545,1545
7651111,765111,0,7651,11,1,39,452,3699
7652011,765201,1,7652,1,1,85,1035,13117
7653051,765305,1,7653,5,1,154,1815,2566
7654061,765406,2,7654,6,1,115,1404,6225
7655161,765516,1,7655,16,1,111,1381,3504
7656031,765603,1,7656,3,1,44,512,2443
7657031,765703,1,7657,3,1,9,90,2545
7658171,765817,0,7658,17,1,63,884,3037
7658172,765817,0,7658,17,2,63,884,3037
7659021,765902,1,7659,2,1,97,1177,1270
7660021,766002,2,7660,2,1,97,1161,1854
7661051,766105,2,7661,5,1,40,469,3459
7662061,766206,1,7662,6,1,28,278,1371
7663031,766303,2,7663,3,1,144,1695,2426
7664101,766410,0,7664,10,1,68,927,1392
7664102,766410,1,7664,10,2,68,927,1392
7665051,766505,3,7665,5,1,58,844,5426
7666131,766613,1,7666,13,1,70,933,2426
7667051,766705,1,7667,5,1,60,870,7327
7668031,766803,2,7668,3,1,121,1444,3619
7669031,766903,2,7669,3,1,53,791,1209
7670041,767004,1,7670,4,1,41,476,4074
7671021,767102,0,7671,2,1,140,1659,1429
7672091,767209,1,7672,9,1,88,1107,4964
7673181,767318,0,7673,18,1,52,768,1450
7674051,767405,1,7674,5,1,49,648,3306
7675051,767505,3,7675,5,1,137,1598,1015
7676031,767603,1,7676,3,1,48,581,3904
7677041,767704,2,7677,4,1,24,252,863
7678061,767806,2,7678,6,1,94,1151,720
7679061,767906,3,7679,6,1,57,836,4721
7680041,768004,0,7680,4,1,140,1662,1321
7681021,768102,2,7681,2,1,189,2161,1175
7682021,768202,0,7682,2,1,80,1008,6695
7683011,768301,1,7683,1,1,87,1091,13147
7684021,768402,3,7684,2,1,138,1612,1244
7685011,768501,1,7685,1,1,17,192,663
7686041,768604,2,7686,4,1,163,1948,1537
7687021,768702,2,7687,2,1,152,1797,2217
7688021,768802,2,7688,2,1,182,2096,2228
7689031,768903,1,7689,3,1,107,1326,3018
7690031,769003,1,7690,3,1,91,1126,3861
7691041,769104,1,7691,4,1,124,1463,8536
7692121,769212,1,7692,12,1,172,2036,8005
7693011,769301,3,7693,1,1,97,1161,1854
7694151,769415,0,7694,15,1,57,835,5223
7695051,769505,1,7695,5,1,79,992,7674
7696111,769611,2,7696,11,1,174,2045,5770
7697021,769702,0,7697,2,1,30,334,1560
7698031,769803,1,7698,3,1,184,2130,2639
7699031,769903,1,7699,3,1,132,1542,1617
7700131,770013,0,7700,13,1,135,1583,1844
7701121,770112,0,7701,12,1,67,918,1831
7702031,770203,0,7702,3,1,155,1821,1493
7703041,770304,1,7703,4,1,155,1823,414
7704111,770411,1,7704,11,1,61,876,2994
7705041,770504,1,7705,4,1,8,62,1927
7706041,770604,2,7706,4,1,65,895,3954
7707031,770703,4,7707,3,1,50,761,1061
7708011,770801,1,7708,1,1,45,515,3056
7709021,770902,1,7709,2,1,48,565,4449
7710051,771005,1,7710,5,1,145,1710,2564
7711151,771115,1,7711,15,1,115,1405,6115
7712051,771205,2,7712,5,1,173,2043,4521
7713041,771304,0,7713,4,1,104,1241,1027
7714131,771413,2,7714,13,1,135,1584,1829
7715011,771501,1,7715,1,1,162,1891,1625
7716071,771607,1,7716,7,1,160,1847,1348
7717031,771703,1,7717,3,1,114,1399,3340
7718201,771820,1,7718,20,1,71,936,2779
7719011,771901,2,7719,1,1,154,1816,2554
7720051,772005,1,7720,5,1,153,1813,2357
7721011,772101,1,7721,1,1,156,1826,2011
7722071,772207,1,7722,7,1,88,1108,4784
7723021,772302,2,7723,2,1,183,2119,2058
7724051,772405,3,7724,5,1,106,1270,3319
7725081,772508,1,7725,8,1,101,1215,1128
7726011,772601,1,7726,1,1,177,2082,8379
7727051,772705,3,7727,5,1,182,2107,1902
7728111,772811,1,7728,11,1,26,272,1902
7729031,772903,1,7729,3,1,57,835,5223
7730011,773001,1,7730,1,1,53,796,1141
7731041,773104,2,7731,4,1,59,861,5503
7732141,773214,2,7732,14,1,153,1812,2385
7733091,773309,0,7733,9,1,111,1385,3030
7734021,773402,2,7734,2,1,63,889,2449
7735031,773503,1,7735,3,1,183,2118,2076
7736171,773617,1,7736,17,1,101,1218,1072
7737061,773706,1,7737,6,1,70,931,3702
7738041,773804,1,7738,4,1,176,2079,4828
7739051,773905,1,7739,5,1,152,1794,2380
7740061,774006,1,7740,6,1,174,2045,5770
7741091,774109,1,7741,9,1,147,1737,2630
7742081,774208,1,7742,8,1,57,837,4691
7743021,774302,3,7743,2,1,108,1341,3411
7744011,774401,1,7744,1,1,108,1369,2848
7745021,774502,0,7745,2,1,11,123,3224
7746061,774606,1,7746,6,1,187,2148,1543
7747111,774711,2,7747,11,1,129,1513,2829
7748031,774803,2,7748,3,1,163,1926,1790
7749031,774903,3,7749,3,1,145,1703,2703
7750031,775003,1,7750,3,1,82,1019,22834
7751041,775104,3,7751,4,1,187,2146,1688
7752171,775217,1,7752,17,1,155,1821,1493
7753191,775319,2,7753,19,1,88,1110,4468
7754071,775407,1,7754,7,1,76,968,7378
7755021,775502,1,7755,2,1,9,75,3170
7756201,775620,2,7756,20,1,76,968,7378
7757041,775704,2,7757,4,1,17,184,726
7758071,775807,2,7758,7,1,137,1599,1009
7759031,775903,2,7759,3,1,121,1445,3331
7760041,776004,3,7760,4,1,63,887,2678
7761041,776104,1,7761,4,1,189,2156,1324
7762041,776204,4,7762,4,1,151,1783,2043
7763131,776313,2,7763,13,1,67,922,1613
7764031,776403,1,7764,3,1,5,28,1464
7765041,776504,1,7765,4,1,106,1277,3200
7766031,776603,2,7766,3,1,54,809,1306
7767051,776705,1,7767,5,1,114,1399,3340
7768111,776811,0,7768,11,1,174,2046,5443
7769011,776901,0,7769,1,1,176,2075,5724
7770051,777005,1,7770,5,1,152,1802,2095
7771041,777104,1,7771,4,1,163,1916,1950
7772041,777204,1,7772,4,1,49,629,3784
7773031,777303,2,7773,3,1,49,610,4363
7774111,777411,1,7774,11,1,75,964,4181
7775111,777511,0,7775,11,1,52,773,1281
7776051,777605,1,7776,5,1,107,1313,3148
7777031,777703,1,7777,3,1,30,330,1652
7778171,777817,0,7778,17,1,116,1406,6756
7779041,777904,2,7779,4,1,66,907,4473
7780051,778005,1,7780,5,1,98,1193,1296
7781051,778105,0,7781,5,1,163,1937,1730
7782051,778205,0,7782,5,1,183,2110,2712
7783051,778305,2,7783,5,1,162,1892,1614
7784031,778403,0,7784,3,1,101,1217,1108
7785041,778504,1,7785,4,1,155,1822,916
7786041,778604,3,7786,4,1,78,971,15130
7787041,778704,1,7787,4,1,174,2048,4995
7788031,778803,3,7788,3,1,23,239,819
7789091,778909,1,7789,9,1,71,936,2779
7790031,779003,2,7790,3,1,117,1412,4714
7791021,779102,1,7791,2,1,85,1049,11347
7792081,779208,2,7792,8,1,75,965,3506
7793021,779302,1,7793,2,1,12,143,609
7794111,779411,1,7794,11,1,174,2048,4995
7795041,779504,2,7795,4,1,166,1970,682
7796021,779602,1,7796,2,1,15,161,365
7797021,779702,1,7797,2,1,80,1011,4558
7798041,779804,1,7798,4,1,48,594,3319
7799181,779918,1,7799,18,1,167,1976,500
7800041,780004,2,7800,4,1,145,1717,2424
7801021,780102,2,7801,2,1,123,1461,2454
7802131,780213,1,7802,13,1,42,481,3354
7803011,780301,1,7803,1,1,45,532,2963
7804011,780401,1,7804,1,1,5,41,1110
7805081,780508,2,7805,8,1,1,3,848
7806051,780605,2,7806,5,1,156,1834,771
7807131,780713,0,7807,13,1,109,1373,2841
7808011,780801,0,7808,1,1,179,2087,1839
7809051,780905,1,7809,5,1,169,1989,1117
7810181,781018,0,7810,18,1,51,765,1494
7811031,781103,3,7811,3,1,126,1477,1644
7812051,781205,2,7812,5,1,140,1670,1161
7813021,781302,1,7813,2,1,9,84,2880
7814021,781402,2,7814,2,1,163,1915,2011
7815031,781503,1,7815,3,1,69,929,3066
7816051,781605,1,7816,5,1,49,620,4040
7817011,781701,1,7817,1,1,162,1881,1684
7818201,781820,1,7818,20,1,173,2043,4521
7819041,781904,4,7819,4,1,10,114,2830
7820101,782010,0,7820,10,1,137,1600,973
7821051,782105,2,7821,5,1,109,1371,10690
7822121,782212,2,7822,12,1,116,1407,6595
7823021,782302,2,7823,2,1,4,23,1189
7824031,782403,2,7824,3,1,44,489,3232
7825101,782510,1,7825,10,1,39,447,4920
7826091,782609,1,7826,9,1,63,888,2579
7827031,782703,0,7827,3,1,143,1681,2188
7828031,782803,2,7828,3,1,144,1689,2866
7829041,782904,0,7829,4,1,140,1668,1209
7830041,783004,2,7830,4,1,159,1844,2105
7831021,783102,0,7831,2,1,122,1457,1696
7832101,783210,2,7832,10,1,100,1214,1363
7833031,783303,4,7833,3,1,104,1240,1188
7834041,783404,2,7834,4,1,108,1340,3422
7835011,783501,1,7835,1,1,15,150,782
7836041,783604,2,7836,4,1,106,1264,3506
7837041,783704,3,7837,4,1,151,1774,2152
7838021,783802,3,7838,2,1,40,462,4234
7839181,783918,2,7839,18,1,137,1598,1015
7840031,784003,1,7840,3,1,182,2095,2255
7841051,784105,1,7841,5,1,81,1017,6441
7842011,784201,1,7842,1,1,29,301,1657
7843041,784304,1,7843,4,1,107,1322,3056
7844041,784404,1,7844,4,1,162,1869,1745
7845031,784503,2,7845,3,1,182,2101,2002
7846051,784605,0,7846,5,1,39,454,3356
7847021,784702,1,7847,2,1,90,1114,10379
7848011,784801,0,7848,1,1,81,1016,19011
7849051,784905,2,7849,5,1,60,874,6586
7850051,785005,0,7850,5,1,150,1763,2272
7851051,785105,1,7851,5,1,121,1445,3331
7852021,785202,2,7852,2,1,36,441,597
7853051,785305,2,7853,5,1,29,316,1573
7854031,785403,2,7854,3,1,138,1612,1244
7855041,785504,1,7855,4,1,78,980,9014
7856081,785608,1,7856,8,1,52,769,1449
7857191,785719,0,7857,19,1,32,392,627
7858021,785802,2,7858,2,1,73,947,2917
7859031,785903,2,7859,3,1,49,608,4537
7860011,786001,1,7860,1,1,64,890,4317
7861081,786108,1,7861,8,1,116,1406,6756
7862091,786209,0,7862,9,1,116,1406,6756
7863191,786319,1,7863,19,1,115,1404,6225
7864011,786401,0,7864,1,1,108,1337,3479
7865041,786504,1,7865,4,1,48,566,4433
7866031,786603,1,7866,3,1,128,1507,2017
7867171,786717,1,7867,17,1,173,2040,4785
7868011,786801,1,7868,1,1,1,2,3475
7869011,786901,1,7869,1,1,85,1056,9925
7870191,787019,3,7870,19,1,75,965,3506
7871131,787113,2,7871,13,1,43,483,2387
7872041,787204,2,7872,4,1,133,1570,823
7873051,787305,1,7873,5,1,64,893,2857
7874081,787408,1,7874,8,1,39,456,3330
7875041,787504,1,7875,4,1,188,2153,1417
7876051,787605,3,7876,5,1,79,995,7226
7877021,787702,2,7877,2,1,95,1154,485
7878191,787819,1,7878,19,1,63,884,3037
7879011,787901,1,7879,1,1,50,741,2785
7880021,788002,2,7880,2,1,139,1625,1380
7881051,788105,2,7881,5,1,72,940,2912
7882191,788219,2,7882,19,1,63,887,2678
7883181,788318,2,7883,18,1,21,228,784
7884041,788404,1,7884,4,1,29,305,1617
7885151,788515,0,7885,15,1,166,1972,586
7886051,788605,1,7886,5,1,85,1036,12920
7887041,788704,3,7887,4,1,45,526,3056
7888051,788805,1,7888,5,1,144,1695,2426
7889041,788904,0,7889,4,1,88,1106,5935
7890051,789005,1,7890,5,1,29,294,1689
7891021,789102,1,7891,2,1,153,1809,2602
7892021,789202,1,7892,2,1,50,711,3409
7893041,789304,0,7893,4,1,103,1233,1075
7894031,789403,1,7894,3,1,50,757,1249
7895031,789503,2,7895,3,1,151,1768,2339
7896051,789605,1,7896,5,1,4,18,1287
7897051,789705,1,7897,5,1,17,189,691
7898021,789802,1,7898,2,1,137,1599,1009
7899031,789903,1,7899,3,1,96,1157,995
7900011,790001,2,7900,1,1,145,1717,2424
7901171,790117,0,7901,17,1,96,1156,1044
7902041,790204,0,7902,4,1,187,2149,1504
7903111,790311,4,7903,11,1,71,937,2578
7904041,790404,1,7904,4,1,144,1687,3018
7905041,790504,1,7905,4,1,50,708,3458
7906011,790601,2,7906,1,1,121,1447,1361
7907051,790705,2,7907,5,1,128,1502,2168
7908141,790814,1,7908,14,1,155,1821,1493
7909011,790901,1,7909,1,1,182,2101,2002
7910041,791004,3,7910,4,1,93,1139,4168
7911011,791101,1,7911,1,1,65,897,3274
7911012,791101,0,7911,1,2,65,897,3274
7912011,791201,1,7912,1,1,126,1470,2278
7913101,791310,1,7913,10,1,179,2089,1807
7914151,791415,0,7914,15,1,109,1373,2841
7915021,791502,2,7915,2,1,48,572,4144
7916021,791602,2,7916,2,1,127,1491,1834
7917131,791713,1,7917,13,1,179,2090,1761
7918061,791806,1,7918,6,1,100,1211,1520
7919171,791917,1,7919,17,1,174,2047,5218
7920101,792010,0,7920,10,1,125,1466,2305
7921161,792116,2,7921,16,1,135,1584,1829
7922021,792202,1,7922,2,1,49,657,3118
7923041,792304,5,7923,4,1,49,644,3450
7924091,792409,1,7924,9,1,94,1147,957
7925151,792515,2,7925,15,1,172,2037,7996
7926031,792603,3,7926,3,1,80,1005,7057
7927031,792703,1,7927,3,1,137,1597,1065
7928021,792802,2,7928,2,1,48,567,4308
7929041,792904,1,7929,4,1,95,1152,3409
7930011,793001,3,7930,1,1,163,1926,1790
7931051,793105,2,7931,5,1,86,1080,10183
7932041,793204,2,7932,4,1,148,1738,2836
7933151,793315,2,7933,15,1,96,1156,1044
7934031,793403,1,7934,3,1,106,1285,3116
7935031,793503,2,7935,3,1,121,1441,3844
7936011,793601,2,7936,1,1,50,697,3527
7937041,793704,0,7937,4,1,4,12,1381
7938021,793802,0,7938,2,1,50,747,2236
7939041,793904,2,7939,4,1,11,140,1439
7940141,794014,1,7940,14,1,155,1819,1628
7941031,794103,0,7941,3,1,155,1820,1502
7942011,794201,2,7942,1,1,80,1007,6826
7943041,794304,2,7943,4,1,10,111,2857
7944121,794412,0,7944,12,1,52,771,1323
7945131,794513,1,7945,13,1,130,1515,1790
7946011,794601,1,7946,1,1,182,2103,1967
7947041,794704,1,7947,4,1,48,570,4237
7948201,794820,0,7948,20,1,39,447,4920
7949141,794914,0,7949,14,1,39,447,4920
7950031,795003,2,7950,3,1,85,1062,3180
7951091,795109,0,7951,9,1,71,938,2501
7952121,795212,1,7952,12,1,68,928,1288
7953111,795311,1,7953,11,1,148,1739,2513
7954051,795405,0,7954,5,1,108,1350,3315
7955041,795504,5,7955,4,1,15,150,782
7956011,795601,1,7956,1,1,31,378,1800
7957031,795703,1,7957,3,1,150,1745,2726
7958011,795801,1,7958,1,1,17,197,623
7959021,795902,3,7959,2,1,31,373,1836
7960021,796002,3,7960,2,1,162,1885,1657
7961201,796120,1,7961,20,1,39,451,3817
7962041,796204,2,7962,4,1,54,809,1306
7963141,796314,1,7963,14,1,112,1386,3430
7964051,796405,2,7964,5,1,190,2168,2275
7965181,796518,1,7965,18,1,14,149,796
7966031,796603,1,7966,3,1,29,308,1602
7967031,796703,1,7967,3,1,11,130,2969
7968011,796801,2,7968,1,1,50,706,3491
7969161,796916,1,7969,16,1,125,1466,2305
7970051,797005,2,7970,5,1,126,1478,1530
7971171,797117,1,7971,17,1,185,2139,1468
7972161,797216,2,7972,16,1,63,889,2449
7973011,797301,2,7973,1,1,15,157,654
7974051,797405,2,7974,5,1,108,1361,3183
7975151,797515,1,7975,15,1,185,2141,1249
7976081,797608,1,7976,8,1,180,2091,2598
7977031,797703,1,7977,3,1,132,1544,1573
7978151,797815,1,7978,15,1,56,831,4889
7979011,797901,1,7979,1,1,173,2039,5218
7980041,798004,2,7980,4,1,34,403,791
7981021,798102,2,7981,2,1,105,1253,2656
7982041,798204,1,7982,4,1,144,1696,2404
7983091,798309,0,7983,9,1,187,2145,1691
7984071,798407,1,7984,7,1,174,2045,5770
7985051,798505,3,7985,5,1,30,347,1489
7986021,798602,2,7986,2,1,44,492,3066
7987041,798704,4,7987,4,1,91,1118,4504
7988161,798816,2,7988,16,1,20,224,779
7989011,798901,1,7989,1,1,40,465,4025
7990051,799005,1,7990,5,1,50,710,3442
7991011,799101,1,7991,1,1,91,1121,4338
7992061,799206,0,7992,6,1,172,2038,7996
7993041,799304,0,7993,4,1,39,448,4578
7994051,799405,1,7994,5,1,105,1248,2799
7995021,799502,3,7995,2,1,87,1093,12542
7996051,799605,1,7996,5,1,94,1147,957
7997011,799701,1,7997,1,1,111,1378,4169
7998041,799804,3,7998,4,1,107,1302,3301
7999021,799902,1,7999,2,1,48,558,6076
8000061,800006,4,8000,6,1,187,2144,1720
8001161,800116,2,8001,16,1,159,1843,2250
8002021,800202,1,8002,2,1,49,668,2665
8003021,800302,3,8003,2,1,155,1821,1493
8004191,800419,1,8004,19,1,39,449,4091
8005051,800505,1,8005,5,1,128,1509,1993
8006031,800603,1,8006,3,1,79,998,6511
8007021,800702,1,8007,2,1,161,1850,2147
8008021,800802,1,8008,2,1,45,537,383
8009031,800903,3,8009,3,1,152,1799,2201
8010131,801013,2,8010,13,1,117,1412,4714
8011051,801105,1,8011,5,1,132,1549,1457
8012021,801202,0,8012,2,1,135,1583,1844
8013061,801306,1,8013,6,1,130,1516,1778
8014011,801401,2,8014,1,1,53,782,1294
8015141,801514,2,8015,14,1,143,1678,2442
8016041,801604,1,8016,4,1,29,314,1575
8017021,801702,3,8017,2,1,162,1904,1534
8018161,801816,1,8018,16,1,129,1513,2829
8019091,801909,0,8019,9,1,42,480,3631
8020041,802004,0,8020,4,1,51,766,1365
8021021,802102,1,8021,2,1,144,1697,2258
8022041,802204,0,8022,4,1,4,23,1189
8023011,802301,1,8023,1,1,9,91,2460
8024051,802405,1,8024,5,1,175,2051,6551
8025181,802518,2,8025,18,1,88,1107,4964
8026021,802602,3,8026,2,1,142,1677,2524
8027011,802701,1,8027,1,1,65,898,3113
8028041,802804,2,8028,4,1,87,1101,9942
8029131,802913,1,8029,13,1,61,878,2843
8030041,803004,2,8030,4,1,18,212,726
8031121,803112,2,8031,12,1,111,1381,3504
8032011,803201,0,8032,1,1,44,486,3883
8033011,803301,1,8033,1,1,4,15,1335
8034011,803401,2,8034,1,1,152,1798,2202
8035041,803504,1,8035,4,1,30,359,1411
8036121,803612,1,8036,12,1,28,279,1313
8037151,803715,2,8037,15,1,136,1588,1337
8038011,803801,1,8038,1,1,145,1698,2801
8039161,803916,0,8039,16,1,112,1386,3430
8040081,804008,1,8040,8,1,172,2037,7996
8041011,804101,0,8041,1,1,20,223,797
8042011,804201,1,8042,1,1,185,2140,1353
8043031,804303,1,8043,3,1,50,754,1844
8044031,804403,0,8044,3,1,97,1159,2131
8045011,804501,1,8045,1,1,151,1789,1662
8046021,804602,1,8046,2,1,151,1787,1971
8047051,804705,0,8047,5,1,85,1057,9893
8048021,804802,0,8048,2,1,74,958,2331
8049021,804902,1,8049,2,1,64,890,4317
8050031,805003,3,8050,3,1,45,529,3028
8051041,805104,1,8051,4,1,88,1107,4964
8052051,805205,1,8052,5,1,105,1252,2794
8053081,805308,2,8053,8,1,130,1516,1778
8054101,805410,2,8054,10,1,166,1969,729
8055041,805504,2,8055,4,1,42,481,3354
8056011,805601,2,8056,1,1,150,1751,2613
8057041,805704,1,8057,4,1,118,1415,5024
8058011,805801,2,8058,1,1,31,382,1784
8059011,805901,1,8059,1,1,52,768,1450
8060201,806020,1,8060,20,1,143,1679,2282
8061081,806108,1,8061,8,1,88,1108,4784
8062011,806201,1,8062,1,1,139,1635,1284
8063121,806312,2,8063,12,1,95,1154,485
8064041,806404,4,8064,4,1,139,1621,1407
8065201,806520,1,8065,20,1,20,222,977
8066051,806605,1,8066,5,1,137,1593,1069
8067111,806711,1,8067,11,1,94,1151,720
8068041,806804,2,8068,4,1,140,1656,1446
8069021,806902,1,8069,2,1,35,427,768
8070031,807003,1,8070,3,1,175,2051,6551
8071011,807101,0,8071,1,1,58,856,4181
8072031,807203,2,8072,3,1,132,1532,1887
8073021,807302,1,8073,2,1,152,1804,2023
8074031,807403,1,8074,3,1,108,1358,3240
8075081,807508,1,8075,8,1,123,1462,2245
8076101,807610,2,8076,10,1,155,1823,414
8077011,807701,1,8077,1,1,44,490,3184
8078021,807802,2,8078,2,1,40,460,4441
8079041,807904,3,8079,4,1,92,1136,3408
8080051,808005,2,8080,5,1,70,933,2426
8081051,808105,2,8081,5,1,79,993,7413
8082011,808201,1,8082,1,1,29,288,1761
8083021,808302,1,8083,2,1,49,615,4169
8084011,808401,1,8084,1,1,107,1329,2780
8085011,808501,2,8085,1,1,50,739,2800
8086201,808620,2,8086,20,1,180,2092,2522
8087051,808705,0,8087,5,1,128,1496,2397
8088021,808802,1,8088,2,1,140,1652,1668
8088022,808802,1,8088,2,2,140,1652,1668
8089101,808910,1,8089,10,1,172,2037,7996
8090101,809010,2,8090,10,1,56,833,4741
8090102,809010,1,8090,10,2,56,833,4741
8091021,809102,1,8091,2,1,162,1864,1822
8092041,809204,2,8092,4,1,169,2010,886
8093031,809303,0,8093,3,1,71,938,2501
8094031,809403,1,8094,3,1,50,731,2977
8095041,809504,4,8095,4,1,99,1203,1638
8096141,809614,0,8096,14,1,117,1410,5193
8097041,809704,4,8097,4,1,183,2115,2129
8098031,809803,0,8098,3,1,52,768,1450
8099011,809901,3,8099,1,1,117,1413,3844
8100031,810003,2,8100,3,1,107,1308,3224
8101021,810102,2,8101,2,1,139,1649,1058
8102021,810202,2,8102,2,1,169,2008,972
8103031,810303,3,8103,3,1,106,1292,2604
8104011,810401,2,8104,1,1,107,1299,3334
8105051,810505,1,8105,5,1,48,564,4552
8106031,810603,1,8106,3,1,103,1226,1221
8107161,810716,2,8107,16,1,43,483,2387
8108011,810801,2,8108,1,1,9,83,2919
8109051,810905,1,8109,5,1,30,356,1435
8110051,811005,1,8110,5,1,4,11,1396
8111051,811105,2,8111,5,1,50,696,3566
8112151,811215,2,8112,15,1,173,2039,5218
8113061,811306,2,8113,6,1,179,2090,1761
8114031,811403,2,8114,3,1,162,1879,1697
8115051,811505,3,8115,5,1,132,1541,1625
8116071,811607,3,8116,7,1,135,1582,2162
8117051,811705,2,8117,5,1,120,1419,6156
8118051,811805,2,8118,5,1,152,1804,2023
8119181,811918,1,8119,18,1,32,393,610
8120081,812008,1,8120,8,1,110,1377,3890
8121041,812104,1,8121,4,1,182,2099,2136
8122041,812204,2,8122,4,1,138,1602,1545
8123131,812313,1,8123,13,1,123,1461,2454
8124021,812402,0,8124,2,1,6,54,1277
8125011,812501,0,8125,1,1,50,702,3527
8126051,812605,2,8126,5,1,17,186,713
8127011,812701,2,8127,1,1,49,665,2914
8128011,812801,1,8128,1,1,99,1201,1987
8129081,812908,2,8129,8,1,33,394,835
8130041,813004,3,8130,4,1,107,1299,3334
8131011,813101,3,8131,1,1,5,34,1336
8132041,813204,1,8132,4,1,1,1,3781
8133021,813302,2,8133,2,1,162,1882,1669
8134011,813401,1,8134,1,1,162,1888,1654
8135081,813508,1,8135,8,1,90,1115,3760
8136021,813602,0,8136,2,1,174,2046,5443
8136022,813602,1,8136,2,2,174,2046,5443
8137031,813703,1,8137,3,1,103,1236,1037
8138041,813804,1,8138,4,1,9,67,3508
8139041,813904,3,8139,4,1,101,1215,1128
8140051,814005,1,8140,5,1,29,288,1761
8141161,814116,1,8141,16,1,101,1219,985
8142011,814201,0,8142,1,1,137,1594,1069
8143151,814315,0,8143,15,1,111,1382,3286
8144031,814403,2,8144,3,1,180,2091,2598
8145021,814502,2,8145,2,1,50,760,1073
8146011,814601,3,8146,1,1,110,1375,5038
8147201,814720,2,8147,20,1,105,1255,1919
8148031,814803,2,8148,3,1,101,1215,1128
8149091,814909,2,8149,9,1,21,229,690
8150111,815011,1,8150,11,1,67,918,1831
8151181,815118,1,8151,18,1,70,932,2540
8152051,815205,2,8152,5,1,146,1722,3772
8153021,815302,3,8153,2,1,9,92,2345
8154031,815403,1,8154,3,1,157,1837,2715
8155031,815503,2,8155,3,1,139,1623,1392
8156041,815604,1,8156,4,1,48,595,3299
8157091,815709,2,8157,9,1,101,1218,1072
8158021,815802,3,8158,2,1,49,639,3584
8159081,815908,1,8159,8,1,147,1737,2630
8160101,816010,0,8160,10,1,109,1373,2841
8161021,816102,1,8161,2,1,169,1985,1170
8162021,816202,3,8162,2,1,44,498,2876
8163021,816302,1,8163,2,1,149,1740,2152
8164021,816402,2,8164,2,1,50,716,3331
8165131,816513,2,8165,13,1,100,1210,1538
8166031,816603,2,8166,3,1,18,207,769
8167041,816704,1,8167,4,1,9,74,3176
8168051,816805,2,8168,5,1,79,985,9225
8169051,816905,1,8169,5,1,15,151,780
8170011,817001,1,8170,1,1,50,689,3719
8171011,817101,2,8171,1,1,122,1454,4215
8172081,817208,2,8172,8,1,32,392,627
8173191,817319,2,8173,19,1,147,1737,2630
8174011,817401,0,8174,1,1,164,1955,2022
8175091,817509,0,8175,9,1,136,1590,1225
8176011,817601,3,8176,1,1,130,1515,1790
8177021,817702,2,8177,2,1,50,755,1673
8178121,817812,2,8178,12,1,63,886,2839
8179051,817905,3,8179,5,1,51,764,4628
8180021,818002,1,8180,2,1,151,1769,2313
8181051,818105,2,8181,5,1,173,2041,4774
8182031,818203,3,8182,3,1,48,564,4552
8183051,818305,1,8183,5,1,68,924,5515
8184071,818407,1,8184,7,1,130,1516,1778
8185041,818504,1,8185,4,1,132,1554,1316
8186041,818604,2,8186,4,1,107,1332,1023
8187041,818704,1,8187,4,1,97,1166,1711
8188011,818801,1,8188,1,1,189,2166,916
8189021,818902,2,8189,2,1,182,2104,1952
8190041,819004,4,8190,4,1,6,50,1373
8191031,819103,3,8191,3,1,100,1213,1488
8192091,819209,1,8192,9,1,32,390,691
8193021,819302,4,8193,2,1,164,1958,1911
8194121,819412,1,8194,12,1,101,1217,1108
8195021,819502,0,8195,2,1,121,1434,4829
8196031,819603,1,8196,3,1,50,751,2087
8197041,819704,1,8197,4,1,48,560,5197
8198071,819807,2,8198,7,1,62,879,3249
8199041,819904,1,8199,4,1,190,2167,2292
8200051,820005,2,8200,5,1,54,801,1327
8201121,820112,0,8201,12,1,71,938,2501
8202161,820216,2,8202,16,1,180,2092,2522
8203021,820302,1,8203,2,1,9,82,2951
8204041,820404,1,8204,4,1,30,345,1490
8205031,820503,4,8205,3,1,107,1309,3217
8206051,820605,5,8206,5,1,97,1169,1663
8207131,820713,2,8207,13,1,125,1467,2137
8208031,820803,3,8208,3,1,97,1178,1181
8209021,820902,1,8209,2,1,106,1288,3090
8210041,821004,3,8210,4,1,48,579,3927
8211021,821102,1,8211,2,1,105,1249,2799
8212051,821205,1,8212,5,1,62,881,1964
8213061,821306,2,8213,6,1,32,391,636
8214131,821413,1,8214,13,1,90,1116,3460
8215041,821504,2,8215,4,1,8,63,1922
8216021,821602,1,8216,2,1,59,859,6264
8217011,821701,1,8217,1,1,156,1833,1587
8218051,821805,5,8218,5,1,29,281,1855
8219031,821903,2,8219,3,1,50,740,2798
8220021,822002,1,8220,2,1,46,541,3394
8221051,822105,2,8221,5,1,45,531,2980
8222031,822203,2,8222,3,1,30,345,1490
8223031,822303,1,8223,3,1,106,1288,3090
8224051,822405,0,8224,5,1,48,575,4004
8225051,822505,2,8225,5,1,23,235,931
8226041,822604,2,8226,4,1,10,118,2754
8227031,822703,3,8227,3,1,163,1939,1728
8228201,822820,3,8228,20,1,115,1404,6225
8229191,822919,1,8229,19,1,154,1817,2285
8230071,823007,1,8230,7,1,173,2043,4521
8231051,823105,0,8231,5,1,122,1456,3365
8232131,823213,0,8232,13,1,101,1216,1115
8233051,823305,1,8233,5,1,75,964,4181
8234041,823404,2,8234,4,1,31,367,2157
8235111,823511,1,8235,11,1,149,1741,2121
8236201,823620,1,8236,20,1,155,1819,1628
8237171,823717,1,8237,17,1,61,878,2843
8238041,823804,5,8238,4,1,113,1395,2979
8239031,823903,3,8239,3,1,138,1610,1269
8240051,824005,2,8240,5,1,50,702,3527
8241181,824118,2,8241,18,1,179,2089,1807
8242031,824203,1,8242,3,1,30,335,1555
8243041,824304,1,8243,4,1,18,216,658
8244041,824404,1,8244,4,1,49,671,1908
8245031,824503,2,8245,3,1,103,1232,1097
8246031,824603,1,8246,3,1,175,2059,5427
8247021,824702,1,8247,2,1,139,1623,1392
8248041,824804,1,8248,4,1,9,90,2545
8249011,824901,1,8249,1,1,80,1005,7057
8250021,825002,1,8250,2,1,35,432,683
8251051,825105,3,8251,5,1,53,783,1277
8252031,825203,4,8252,3,1,58,850,4874
8253181,825318,2,8253,18,1,147,1737,2630
8254201,825420,0,8254,20,1,32,392,627
8255011,825501,1,8255,1,1,162,1880,1686
8256011,825601,2,8256,1,1,48,585,3733
8257021,825702,2,8257,2,1,162,1894,1604
8258141,825814,2,8258,14,1,137,1600,973
8259031,825903,0,8259,3,1,135,1586,1785
8260011,826001,2,8260,1,1,16,162,826
8261051,826105,2,8261,5,1,81,1015,19018
8262011,826201,2,8262,1,1,176,2078,5161
8263031,826303,0,8263,3,1,36,433,666
8264051,826405,1,8264,5,1,176,2077,5603
8265011,826501,1,8265,1,1,94,1149,884
8266031,826603,5,8266,3,1,31,386,1676
8267021,826702,4,8267,2,1,54,814,1273
8268041,826804,2,8268,4,1,35,427,768
8269011,826901,0,8269,1,1,108,1364,3100
8269012,826901,1,8269,1,2,108,1364,3100
8269013,826901,1,8269,1,3,108,1364,3100
8270041,827004,1,8270,4,1,107,1325,3020
8271191,827119,1,8271,19,1,117,1413,3844
8272031,827203,2,8272,3,1,140,1666,1272
8273041,827304,3,8273,4,1,29,291,1723
8274161,827416,0,8274,16,1,111,1379,3848
8275111,827511,1,8275,11,1,33,395,576
8276051,827605,2,8276,5,1,162,1897,1571
8277051,827705,1,8277,5,1,10,119,2740
8278011,827801,2,8278,1,1,108,1354,3285
8279071,827907,0,8279,7,1,32,393,610
8280021,828002,2,8280,2,1,9,87,2716
8281021,828102,3,8281,2,1,65,905,2143
8282051,828205,2,8282,5,1,144,1691,2750
8283101,828310,2,8283,10,1,117,1410,5193
8284011,828401,2,8284,1,1,107,1320,3082
8285051,828505,3,8285,5,1,59,858,6443
8286051,828605,1,8286,5,1,55,824,1339
8287031,828703,3,8287,3,1,131,1519,2214
8288171,828817,0,8288,17,1,101,1215,1128
8289121,828912,1,8289,12,1,135,1585,1797
8290041,829004,1,8290,4,1,157,1838,827
8291011,829101,1,8291,1,1,167,1976,500
8292151,829215,1,8292,15,1,187,2144,1720
8293041,829304,3,8293,4,1,151,1786,1977
8294011,829401,2,8294,1,1,163,1914,2052
8295021,829502,2,8295,2,1,145,1702,2704
8296201,829620,2,8296,20,1,136,1589,1281
8297061,829706,1,8297,6,1,130,1515,1790
8298021,829802,1,8298,2,1,116,1407,6595
8299051,829905,3,8299,5,1,54,816,1239
8300031,830003,1,8300,3,1,127,1489,1887
8301181,830118,1,8301,18,1,141,1675,2637
8302181,830218,2,8302,18,1,52,773,1281
8303181,830318,1,8303,18,1,42,481,3354
8304011,830401,1,8304,1,1,188,2154,1413
8305051,830505,1,8305,5,1,162,1876,1713
8306071,830607,1,8306,7,1,135,1587,1397
8307031,830703,1,8307,3,1,86,1078,10950
8308011,830801,1,8308,1,1,41,473,4296
8309061,830906,2,8309,6,1,3,8,1437
8310111,831011,1,8310,11,1,130,1515,1790
8311061,831106,2,8311,6,1,62,879,3249
8312201,831220,3,8312,20,1,155,1822,916
8313051,831305,1,8313,5,1,11,124,3086
8314051,831405,2,8314,5,1,85,1041,12342
8315121,831512,0,8315,12,1,110,1377,3890
8316031,831603,1,8316,3,1,162,1859,1917
8317021,831702,1,8317,2,1,91,1124,3957
8318041,831804,1,8318,4,1,145,1719,2356
8319021,831902,2,8319,2,1,52,772,1285
8320021,832002,1,8320,2,1,120,1425,5082
8321021,832102,0,8321,2,1,102,1220,1416
8322031,832203,1,8322,3,1,1,1,3781
8323091,832309,3,8323,9,1,187,2144,1720
8324051,832405,1,8324,5,1,21,228,784
8325031,832503,2,8325,3,1,75,965,3506
8326081,832608,0,8326,8,1,109,1374,2508
8327041,832704,1,8327,4,1,140,1655,1467
8328051,832805,3,8328,5,1,91,1120,4396
8329051,832905,1,8329,5,1,155,1822,916
8330111,833011,0,8330,11,1,101,1215,1128
8331131,833113,2,8331,13,1,32,390,691
8332051,833205,1,8332,5,1,107,1332,1023
8333031,833303,0,8333,3,1,50,719,3305
8334011,833401,3,8334,1,1,45,529,3028
8335071,833507,1,8335,7,1,33,394,835
8336051,833605,1,8336,5,1,31,385,1728
8337091,833709,1,8337,9,1,174,2046,5443
8338011,833801,2,8338,1,1,62,880,3244
8339061,833906,2,8339,6,1,100,1214,1363
8340031,834003,2,8340,3,1,53,794,1193
8341031,834103,1,8341,3,1,32,390,691
8342011,834201,2,8342,1,1,145,1704,2651
8343031,834303,1,8343,3,1,51,766,1365
8344201,834420,1,8344,20,1,88,1111,4301
8345181,834518,0,8345,18,1,115,1405,6115
8346021,834602,2,8346,2,1,134,1577,1657
8347041,834704,2,8347,4,1,178,2086,1819
8348051,834805,2,8348,5,1,189,2155,1378
8348052,834805,2,8348,5,2,189,2155,1378
8349021,834902,3,8349,2,1,53,789,1214
8350051,835005,0,8350,5,1,151,1782,2050
8351131,835113,1,8351,13,1,96,1157,995
8352031,835203,2,8352,3,1,49,654,3163
8353041,835304,2,8353,4,1,97,1168,1667
8354111,835411,0,8354,11,1,20,224,779
8355071,835507,1,8355,7,1,118,1414,5277
8356011,835601,1,8356,1,1,145,1700,2768
8357031,835703,1,8357,3,1,39,456,3330
8358021,835802,2,8358,2,1,114,1403,2379
8359061,835906,2,8359,6,1,26,272,1902
8360021,836002,2,8360,2,1,132,1559,486
8361011,836101,2,8361,1,1,139,1646,1169
8362011,836201,1,8362,1,1,137,1595,1121
8363011,836301,0,8363,1,1,11,135,2757
8364191,836419,0,8364,19,1,101,1218,1072
8365021,836502,1,8365,2,1,23,243,770
8366031,836603,1,8366,3,1,30,339,1541
8367021,836702,3,8367,2,1,98,1195,1209
8368071,836807,1,8368,7,1,149,1742,1939
8369021,836902,1,8369,2,1,49,624,3913
8370011,837001,1,8370,1,1,48,566,4433
8371061,837106,1,8371,6,1,111,1378,4169
8372031,837203,4,8372,3,1,105,1251,2799
8373031,837303,3,8373,3,1,107,1311,3189
8374031,837403,2,8374,3,1,126,1471,2195
8375031,837503,2,8375,3,1,179,2090,1761
8376051,837605,1,8376,5,1,45,519,3308
8377031,837703,1,8377,3,1,120,1423,5696
8378051,837805,1,8378,5,1,29,283,1835
8379021,837902,0,8379,2,1,107,1317,3114
8380051,838005,2,8380,5,1,150,1750,2617
8381081,838108,0,8381,8,1,111,1381,3504
8382021,838202,1,8382,2,1,166,1971,658
8383011,838301,1,8383,1,1,55,824,1339
8384041,838404,2,8384,4,1,145,1713,2488
8385131,838513,3,8385,13,1,88,1109,4626
8386061,838606,1,8386,6,1,186,2142,1673
8387021,838702,2,8387,2,1,45,530,2985
8388031,838803,1,8388,3,1,108,1359,3239
8389101,838910,2,8389,10,1,109,1374,2508
8390141,839014,1,8390,14,1,136,1588,1337
8391031,839103,0,8391,3,1,145,1707,2602
8392051,839205,1,8392,5,1,85,1037,12706
8393031,839303,1,8393,3,1,176,2077,5603
8394161,839416,3,8394,16,1,52,772,1285
8395021,839502,2,8395,2,1,51,766,1365
8396131,839613,1,8396,13,1,57,836,4721
8397021,839702,0,8397,2,1,114,1400,3262
8398151,839815,1,8398,15,1,101,1218,1072
8399151,839915,0,8399,15,1,71,937,2578
8400021,840002,2,8400,2,1,125,1465,3729
8401011,840101,3,8401,1,1,166,1970,682
8402031,840203,4,8402,3,1,86,1067,13050
8403021,840302,1,8403,2,1,106,1272,3266
8404161,840416,0,8404,16,1,28,278,1371
8405031,840503,1,8405,3,1,50,689,3719
8406061,840606,1,8406,6,1,88,1108,4784
8407021,840702,1,8407,2,1,121,1443,3700
8408011,840801,2,8408,1,1,24,253,843
8409021,840902,1,8409,2,1,86,1072,12524
8410041,841004,1,8410,4,1,182,2102,1987
8411011,841101,1,8411,1,1,158,1841,3131
8412031,841203,1,8412,3,1,169,1999,1031
8413071,841307,1,8413,7,1,123,1462,2245
8414021,841402,5,8414,2,1,50,736,2891
8415021,841502,2,8415,2,1,4,22,1253
8416031,841603,1,8416,3,1,163,1933,1756
8417011,841701,1,8417,1,1,85,1058,9709
8418021,841802,2,8418,2,1,121,1438,4413
8419151,841915,2,8419,15,1,8,63,1922
8420021,842002,2,8420,2,1,151,1772,2183
8421011,842101,1,8421,1,1,29,320,1482
8422011,842201,1,8422,1,1,133,1561,1831
8423051,842305,3,8423,5,1,52,773,1281
8424051,842405,1,8424,5,1,34,396,778
8425111,842511,0,8425,11,1,56,831,4889
8426071,842607,2,8426,7,1,67,918,1831
8427011,842701,1,8427,1,1,85,1036,12920
8428201,842820,0,8428,20,1,37,442,5052
8429191,842919,1,8429,19,1,135,1587,1397
8430011,843001,2,8430,1,1,91,1126,3861
8431011,843101,1,8431,1,1,40,458,4635
8432131,843213,1,8432,13,1,88,1106,5935
8433031,843303,1,8433,3,1,153,1810,2576
8434141,843414,1,8434,14,1,105,1255,1919
8435031,843503,1,8435,3,1,98,1199,1137
8436031,843603,2,8436,3,1,23,238,831
8437031,843703,2,8437,3,1,139,1631,1302
8438041,843804,1,8438,4,1,10,96,3718
8439011,843901,0,8439,1,1,39,452,3699
8440021,844002,3,8440,2,1,100,1213,1488
8441031,844103,1,8441,3,1,103,1225,1267
8442051,844205,1,8442,5,1,139,1647,1151
8443031,844303,2,8443,3,1,49,619,4117
8444021,844402,2,8444,2,1,189,2157,1267
8445031,844503,1,8445,3,1,29,321,1463
8446191,844619,1,8446,19,1,105,1250,2996
8447011,844701,2,8447,1,1,123,1462,2245
8448021,844802,2,8448,2,1,138,1601,1592
8449111,844911,2,8449,11,1,39,448,4578
8450021,845002,4,8450,2,1,72,943,2474
8451051,845105,2,8451,5,1,175,2049,7597
8452121,845212,2,8452,12,1,63,884,3037
8453031,845303,2,8453,3,1,162,1880,1686
8454021,845402,1,8454,2,1,153,1813,2357
8455041,845504,1,8455,4,1,163,1915,2011
8456011,845601,2,8456,1,1,66,914,3029
8457011,845701,1,8457,1,1,10,97,3525
8458051,845805,1,8458,5,1,30,329,1661
8459171,845917,0,8459,17,1,39,447,4920
8460021,846002,1,8460,2,1,169,2010,886
8461051,846105,1,8461,5,1,6,59,1038
8462041,846204,3,8462,4,1,87,1097,11460
8463021,846302,0,8463,2,1,88,1106,5935
8464051,846405,1,8464,5,1,175,2064,4903
8465051,846505,1,8465,5,1,162,1883,1669
8466031,846603,1,8466,3,1,30,331,1626
8467131,846713,0,8467,13,1,75,964,4181
8468011,846801,0,8468,1,1,141,1673,2831
8469031,846903,2,8469,3,1,50,749,2142
8470011,847001,2,8470,1,1,45,520,3304
8471011,847101,1,8471,1,1,107,1331,2406
8472011,847201,1,8472,1,1,41,477,3873
8473091,847309,1,8473,9,1,52,773,1281
8474051,847405,2,8474,5,1,34,397,960
8475011,847501,1,8475,1,1,103,1229,1153
8476041,847604,2,8476,4,1,132,1530,1998
8477021,847702,1,8477,2,1,16,174,626
8478141,847814,2,8478,14,1,153,1811,2396
8479051,847905,2,8479,5,1,15,160,442
8480041,848004,1,8480,4,1,41,478,3417
8481191,848119,2,8481,19,1,21,226,887
8482011,848201,1,8482,1,1,107,1332,1023
8483041,848304,1,8483,4,1,85,1037,12706
8484071,848407,2,8484,7,1,125,1467,2137
8485011,848501,1,8485,1,1,78,977,9959
8486051,848605,1,8486,5,1,162,1859,1917
8487021,848702,2,8487,2,1,150,1760,2425
8488011,848801,2,8488,1,1,162,1872,1730
8489131,848913,2,8489,13,1,26,274,1433
8490141,849014,2,8490,14,1,154,1815,2566
8491051,849105,1,8491,5,1,140,1663,1305
8491052,849105,1,8491,5,2,140,1663,1305
8491053,849105,1,8491,5,3,140,1663,1305
8492091,849209,0,8492,9,1,186,2143,1518
8493011,849301,2,8493,1,1,23,240,801
8494021,849402,2,8494,2,1,79,996,7162
8495011,849501,0,8495,1,1,108,1357,3261
8496111,849611,1,8496,11,1,185,2139,1468
8497031,849703,1,8497,3,1,84,1025,15426
8498021,849802,2,8498,2,1,107,1322,3056
8499051,849905,2,8499,5,1,79,988,9068
8500131,850013,1,8500,13,1,43,484,2372
8501011,850101,1,8501,1,1,36,438,660
8502021,850202,1,8502,2,1,17,186,713
8503011,850301,2,8503,1,1,169,1995,1077
8504011,850401,1,8504,1,1,23,239,819
8505101,850510,0,8505,10,1,52,769,1449
8506051,850605,1,8506,5,1,162,1865,1818
8507041,850704,2,8507,4,1,100,1214,1363
8508021,850802,5,8508,2,1,15,157,654
8509011,850901,1,8509,1,1,164,1952,2132
8510081,851008,1,8510,8,1,187,2144,1720
8511021,851102,1,8511,2,1,139,1650,1051
8512051,851205,3,8512,5,1,112,1387,3229
8513031,851303,1,8513,3,1,162,1852,1684
8514061,851406,1,8514,6,1,101,1215,1128
8515031,851503,0,8515,3,1,150,1763,2272
8516131,851613,3,8516,13,1,12,143,609
8517041,851704,1,8517,4,1,72,940,2912
8518051,851805,1,8518,5,1,133,1564,1797
8519011,851901,0,8519,1,1,45,518,3379
8520021,852002,2,8520,2,1,48,571,4158
8521041,852104,3,8521,4,1,164,1950,2275
8522031,852203,0,8522,3,1,107,1314,3142
8523021,852302,1,8523,2,1,128,1500,2224
8524111,852411,2,8524,11,1,96,1157,995
8525011,852501,0,8525,1,1,163,1933,1756
8526041,852604,0,8526,4,1,163,1928,1778
8527021,852702,2,8527,2,1,55,824,1339
8528041,852804,2,8528,4,1,30,344,1491
8529201,852920,2,8529,20,1,26,272,1902
8530031,853003,1,8530,3,1,102,1222,1297
8531011,853101,0,8531,1,1,163,1948,1537
8532091,853209,5,8532,9,1,96,1156,1044
8533041,853304,1,8533,4,1,182,2106,1904
8534021,853402,0,8534,2,1,85,1048,11534
8535081,853508,0,8535,8,1,172,2038,7996
8536021,853602,0,8536,2,1,163,1923,1853
8537201,853720,1,8537,20,1,185,2141,1249
8538051,853805,1,8538,5,1,50,705,3499
8539011,853901,1,8539,1,1,39,453,3363
8540041,854004,1,8540,4,1,18,214,680
8541071,854107,0,8541,7,1,111,1384,3206
8542191,854219,0,8542,19,1,21,228,784
8543061,854306,2,8543,6,1,185,2140,1353
8544011,854401,2,8544,1,1,18,206,769
8545051,854505,3,8545,5,1,175,2061,5349
8546201,854620,2,8546,20,1,101,1215,1128
8547051,854705,2,8547,5,1,53,785,1262
8548201,854820,1,8548,20,1,135,1584,1829
8549021,854902,2,8549,2,1,162,1877,1713
8550031,855003,2,8550,3,1,50,699,3527
8551021,855102,3,8551,2,1,95,1152,3409
8552031,855203,2,8552,3,1,50,716,3331
8553051,855305,1,8553,5,1,49,652,3190
8554011,855401,1,8554,1,1,122,1458,1444
8555041,855504,2,8555,4,1,10,115,2825
8556031,855603,1,8556,3,1,155,1822,916
8557021,855702,1,8557,2,1,106,1266,3387
8558031,855803,3,8558,3,1,10,99,3348
8559041,855904,0,8559,4,1,184,2135,2421
8560131,856013,2,8560,13,1,52,773,1281
8561051,856105,1,8561,5,1,49,603,5130
8562041,856204,1,8562,4,1,50,705,3499
8563021,856302,1,8563,2,1,17,185,724
8564151,856415,1,8564,15,1,153,1812,2385
8565041,856504,1,8565,4,1,16,177,582
8566031,856603,3,8566,3,1,159,1842,2431
8567091,856709,1,8567,9,1,63,886,2839
8568081,856808,1,8568,8,1,179,2090,1761
8569041,856904,1,8569,4,1,94,1147,957
8570031,857003,1,8570,3,1,94,1146,3601
8571121,857112,1,8571,12,1,63,887,2678
8572151,857215,0,8572,15,1,174,2046,5443
8573071,857307,2,8573,7,1,109,1372,3454
8574041,857404,1,8574,4,1,139,1632,1299
8575081,857508,2,8575,8,1,125,1465,3729
8576021,857602,1,8576,2,1,134,1573,2057
8577031,857703,0,8577,3,1,34,399,908
8578021,857802,2,8578,2,1,6,52,1338
8579041,857904,0,8579,4,1,107,1318,3097
8580061,858006,1,8580,6,1,83,1024,5447
8581011,858101,3,8581,1,1,139,1647,1151
8582161,858216,1,8582,16,1,117,1411,4824
8583021,858302,2,8583,2,1,54,802,1327
8584051,858405,1,8584,5,1,163,1918,1906
8585031,858503,2,8585,3,1,103,1239,952
8586011,858601,1,8586,1,1,107,1308,3224
8587041,858704,3,8587,4,1,106,1292,2604
8588011,858801,2,8588,1,1,30,363,1343
8589141,858914,0,8589,14,1,26,273,1479
8590011,859001,1,8590,1,1,4,10,1404
8591041,859104,1,8591,4,1,45,536,2447
8592041,859204,2,8592,4,1,171,2033,371
8593011,859301,0,8593,1,1,132,1531,1998
8594031,859403,1,8594,3,1,15,157,654
8595021,859502,3,8595,2,1,104,1241,1027
8596191,859619,2,8596,19,1,39,453,3363
8597031,859703,5,8597,3,1,115,1405,6115
8598151,859815,1,8598,15,1,135,1582,2162
8599041,859904,1,8599,4,1,35,419,817
8600051,860005,3,8600,5,1,24,252,863
8601061,860106,1,8601,6,1,173,2043,4521
8602031,860203,1,8602,3,1,164,1956,2005
8603011,860301,3,8603,1,1,183,2120,1959
8604031,860403,2,8604,3,1,18,215,673
8605141,860514,1,8605,14,1,100,1209,1651
8606171,860617,2,8606,17,1,61,876,2994
8607051,860705,3,8607,5,1,34,400,875
8608011,860801,2,8608,1,1,164,1949,2365
8609031,860903,2,8609,3,1,50,758,1172
8610021,861002,1,8610,2,1,155,1820,1502
8611011,861101,2,8611,1,1,32,389,2846
8612011,861201,1,8612,1,1,150,1756,2507
8613021,861302,1,8613,2,1,87,1095,11960
8614131,861413,2,8614,13,1,109,1374,2508
8615021,861502,1,8615,2,1,45,533,2933
8616011,861601,1,8616,1,1,58,841,5905
8617011,861701,0,8617,1,1,140,1667,1249
8618011,861801,1,8618,1,1,162,1896,1593
8619051,861905,3,8619,5,1,18,219,176
8620141,862014,2,8620,14,1,75,964,4181
8621041,862104,1,8621,4,1,105,1254,2584
8622081,862208,0,8622,8,1,116,1408,6402
8623051,862305,2,8623,5,1,1,2,3475
8624131,862413,0,8624,13,1,100,1214,1363
8625021,862502,1,8625,2,1,49,617,4132
8626111,862611,2,8626,11,1,95,1154,485
8627021,862702,0,8627,2,1,128,1503,2164
8628061,862806,4,8628,6,1,33,395,576
8628062,862806,1,8628,6,2,33,395,576
8629011,862901,2,8629,1,1,60,874,6586
8630041,863004,4,8630,4,1,75,963,13690
8631011,863101,2,8631,1,1,35,422,801
8632051,863205,2,8632,5,1,49,651,3240
8633031,863303,3,8633,3,1,114,1403,2379
8634121,863412,1,8634,12,1,174,2047,5218
8635031,863503,2,8635,3,1,138,1603,1445
8636171,863617,1,8636,17,1,90,1115,3760
8637021,863702,2,8637,2,1,97,1172,1505
8638021,863802,0,8638,2,1,139,1644,1209
8639011,863901,0,8639,1,1,165,1964,1215
8640011,864001,2,8640,1,1,103,1239,952
8641011,864101,3,8641,1,1,88,1108,4784
8642121,864212,2,8642,12,1,2,6,392
8643181,864318,0,8643,18,1,26,273,1479
8644051,864405,1,8644,5,1,53,791,1209
8645011,864501,1,8645,1,1,139,1633,1296
8646141,864614,1,8646,14,1,7,60,4118
8647011,864701,2,8647,1,1,106,1275,3225
8648131,864813,1,8648,13,1,67,921,1645
8649161,864916,0,8649,16,1,52,768,1450
8650011,865001,2,8650,1,1,126,1471,2195
8651041,865104,5,8651,4,1,176,2078,5161
8652061,865206,2,8652,6,1,141,1675,2637
8653141,865314,1,8653,14,1,111,1381,3504
8654041,865404,0,8654,4,1,109,1374,2508
8655131,865513,3,8655,13,1,129,1513,2829
8656201,865620,1,8656,20,1,137,1595,1121
8657191,865719,0,8657,19,1,88,1107,4964
8658071,865807,2,8658,7,1,185,2138,1543
8659031,865903,2,8659,3,1,34,396,778
8660031,866003,3,8660,3,1,92,1128,5229
8661071,866107,2,8661,7,1,67,921,1645
8662171,866217,1,8662,17,1,75,966,3387
8663041,866304,1,8663,4,1,49,665,2914
8664101,866410,1,8664,10,1,52,770,1405
8665031,866503,1,8665,3,1,165,1963,1595
8666051,866605,1,8666,5,1,132,1535,1754
8667021,866702,0,8667,2,1,23,250,380
8668051,866805,1,8668,5,1,4,9,1287
8669021,866902,1,8669,2,1,48,597,2967
8670111,867011,1,8670,11,1,117,1411,4824
8671181,867118,1,8671,18,1,63,884,3037
8672031,867203,1,8672,3,1,44,511,2512
8673021,867302,2,8673,2,1,57,837,4691
8674031,867403,1,8674,3,1,52,772,1285
8675021,867502,0,8675,2,1,152,1796,2266
8676141,867614,0,8676,14,1,71,938,2501
8677021,867702,0,8677,2,1,29,291,1723
8678021,867802,2,8678,2,1,163,1914,2052
8679051,867905,2,8679,5,1,179,2090,1761
8680081,868008,1,8680,8,1,39,453,3363
8681051,868105,0,8681,5,1,162,1870,1743
8682031,868203,2,8682,3,1,122,1455,4160
8683201,868320,1,8683,20,1,56,833,4741
8684041,868404,1,8684,4,1,48,563,4587
8685011,868501,3,8685,1,1,152,1795,2279
8686051,868605,1,8686,5,1,133,1570,823
8687101,868710,3,8687,10,1,125,1465,3729
8688031,868803,3,8688,3,1,175,2062,5212
8689051,868905,2,8689,5,1,127,1483,2002
8690031,869003,2,8690,3,1,11,124,3086
8691021,869102,2,8691,2,1,11,135,2757
8692171,869217,0,8692,17,1,28,277,1380
8693011,869301,1,8693,1,1,106,1283,3163
8694041,869404,1,8694,4,1,40,469,3459
8695011,869501,3,8695,1,1,58,857,4148
8696151,869615,2,8696,15,1,12,144,592
8697041,869704,0,8697,4,1,148,1739,2513
8698011,869801,1,8698,1,1,28,277,1380
8699041,869904,2,8699,4,1,44,490,3184
8700071,870007,1,8700,7,1,57,836,4721
8700072,870007,1,8700,7,2,57,836,4721
8701021,870102,3,8701,2,1,87,1097,11460
8702041,870204,2,8702,4,1,21,229,690
8703171,870317,2,8703,17,1,63,882,3147
8704051,870405,2,8704,5,1,139,1629,1328
8705031,870503,2,8705,3,1,34,408,739
8706021,870602,2,8706,2,1,49,634,3710
8707141,870714,1,8707,14,1,32,392,627
8708021,870802,5,8708,2,1,49,627,3808
8709051,870905,2,8709,5,1,36,437,666
8710031,871003,2,8710,3,1,99,1202,1757
8711041,871104,1,8711,4,1,97,1181,303
8712021,871202,1,8712,2,1,9,93,2149
8713011,871301,2,8713,1,1,6,56,1243
8714011,871401,1,8714,1,1,55,819,1575
8715041,871504,2,8715,4,1,150,1755,2570
8716011,871601,3,8716,1,1,43,483,2387
8717051,871705,1,8717,5,1,111,1378,4169
8718041,871804,1,8718,4,1,140,1658,1434
8719071,871907,2,8719,7,1,67,923,1581
8720041,872004,1,8720,4,1,66,910,3312
8721011,872101,3,8721,1,1,186,2142,1673
8722021,872202,4,8722,2,1,162,1879,1697
8723171,872317,2,8723,17,1,186,2142,1673
8724141,872414,2,8724,14,1,61,876,2994
8725191,872519,1,8725,19,1,130,1516,1778
8726041,872604,1,8726,4,1,120,1429,4036
8727011,872701,1,8727,1,1,87,1104,1917
8728031,872803,0,8728,3,1,9,81,2980
8729201,872920,0,8729,20,1,3,7,1634
8730031,873003,1,8730,3,1,132,1546,1543
8731141,873114,0,8731,14,1,37,443,3934
8732111,873211,3,8732,11,1,27,276,1431
8733051,873305,2,8733,5,1,9,74,3176
8734201,873420,2,8734,20,1,137,1599,1009
8735051,873505,1,8735,5,1,49,626,3854
8736031,873603,1,8736,3,1,15,160,442
8737171,873717,0,8737,17,1,52,768,1450
8738011,873801,0,8738,1,1,164,1958,1911
8739041,873904,1,8739,4,1,186,2143,1518
8739042,873904,1,8739,4,2,186,2143,1518
8740031,874003,2,8740,3,1,9,66,3514
8741011,874101,1,8741,1,1,175,2060,5357
8742131,874213,0,8742,13,1,77,970,8757
8743141,874314,1,8743,14,1,153,1809,2602
8744071,874407,0,8744,7,1,39,447,4920
8745021,874502,1,8745,2,1,61,876,2994
8746011,874601,3,8746,1,1,50,754,1844
8747161,874716,2,8747,16,1,63,884,3037
8748021,874802,1,8748,2,1,175,2054,6294
8749021,874902,2,8749,2,1,169,1987,1155
8750101,875010,1,8750,10,1,33,394,835
8751081,875108,1,8751,8,1,135,1582,2162
8752021,875202,3,8752,2,1,175,2055,6159
8753021,875302,2,8753,2,1,9,86,2729
8754051,875405,1,8754,5,1,49,628,3794
8755011,875501,0,8755,1,1,111,1381,3504
8756101,875610,1,8756,10,1,43,482,3070
8757011,875701,2,8757,1,1,45,527,3042
8758041,875804,4,8758,4,1,50,738,2848
8759031,875903,1,8759,3,1,92,1131,4532
8760011,876001,0,8760,1,1,72,940,2912
8761061,876106,2,8761,6,1,143,1680,2209
8762011,876201,2,8762,1,1,44,509,2701
8763141,876314,0,8763,14,1,39,453,3363
8764011,876401,2,8764,1,1,128,1512,1899
8765011,876501,4,8765,1,1,9,93,2149
8766031,876603,2,8766,3,1,162,1907,1463
8767041,876704,0,8767,4,1,98,1188,1412
8768051,876805,1,8768,5,1,120,1430,3649
8769011,876901,2,8769,1,1,189,2165,991
8770041,877004,1,8770,4,1,37,444,3822
8771021,877102,2,8771,2,1,31,374,1832
8772011,877201,0,8772,1,1,83,1024,5447
8773111,877311,2,8773,11,1,143,1683,811
8774021,877402,1,8774,2,1,50,714,3398
8775051,877505,2,8775,5,1,53,778,1314
8776131,877613,2,8776,13,1,155,1820,1502
8777031,877703,3,8777,3,1,139,1639,1253
8778051,877805,2,8778,5,1,138,1615,1177
8779041,877904,1,8779,4,1,1,3,848
8780021,878002,1,8780,2,1,167,1976,500
8781051,878105,2,8781,5,1,58,849,5018
8781052,878105,1,8781,5,2,58,849,5018
8782061,878206,0,8782,6,1,166,1970,682
8783021,878302,0,8783,2,1,164,1957,1965
8784031,878403,1,8784,3,1,58,848,5029
8785041,878504,2,8785,4,1,145,1706,2623
8786021,878602,1,8786,2,1,107,1318,3097
8787031,878703,3,8787,3,1,143,1678,2442
8788061,878806,0,8788,6,1,147,1735,2939
8789181,878918,0,8789,18,1,27,275,1555
8790051,879005,1,8790,5,1,5,33,1371
8791051,879105,1,8791,5,1,86,1077,10968
8792021,879202,0,8792,2,1,35,417,879
8793011,879301,1,8793,1,1,138,1608,1310
8794041,879404,3,8794,4,1,22,233,354
8795041,879504,2,8795,4,1,182,2105,1935
8796031,879603,3,8796,3,1,162,1856,1976
8797031,879703,1,8797,3,1,163,1932,1757
8798071,879807,2,8798,7,1,137,1600,973
8799031,879903,2,8799,3,1,18,218,383
8800041,880004,2,8800,4,1,170,2023,991
8801201,880120,1,8801,20,1,21,229,690
8802051,880205,2,8802,5,1,65,898,3113
8803021,880302,2,8803,2,1,6,49,1395
8804051,880405,1,8804,5,1,44,500,2795
8805101,880510,2,8805,10,1,75,966,3387
8806161,880616,1,8806,16,1,174,2045,5770
8807081,880708,2,8807,8,1,167,1975,636
8808021,880802,1,8808,2,1,49,607,4573
8809041,880904,1,8809,4,1,177,2083,8108
8810031,881003,0,8810,3,1,70,932,2540
8811041,881104,1,8811,4,1,81,1012,22127
8812051,881205,1,8812,5,1,29,296,1685
8813051,881305,1,8813,5,1,159,1843,2250
8814061,881406,1,8814,6,1,112,1386,3430
8815051,881505,2,8815,5,1,44,487,3392
8816051,881605,2,8816,5,1,46,543,3376
8817021,881702,3,8817,2,1,178,2085,2014
8818051,881805,0,8818,5,1,107,1297,3504
8819201,881920,1,8819,20,1,109,1372,3454
8820041,882004,2,8820,4,1,169,2004,991
8821061,882106,2,8821,6,1,37,443,3934
8822161,882216,1,8822,16,1,90,1114,10379
8823021,882302,1,8823,2,1,5,34,1336
8824021,882402,3,8824,2,1,146,1729,3418
8825191,882519,1,8825,19,1,83,1024,5447
8826041,882604,2,8826,4,1,53,777,1333
8827141,882714,2,8827,14,1,166,1972,586
8828061,882806,1,8828,6,1,67,923,1581
8828062,882806,1,8828,6,2,67,923,1581
8829011,882901,3,8829,1,1,105,1249,2799
8830191,883019,1,8830,19,1,67,923,1581
8831031,883103,1,8831,3,1,88,1108,4784
8832021,883202,1,8832,2,1,86,1089,2758
8833071,883307,0,8833,7,1,39,449,4091
8834041,883404,2,8834,4,1,18,218,383
8835021,883502,1,8835,2,1,2,4,1716
8836041,883604,1,8836,4,1,29,292,1719
8837171,883717,2,8837,17,1,101,1217,1108
8838011,883801,2,8838,1,1,18,200,1048
8839181,883918,1,8839,18,1,154,1817,2285
8840171,884017,1,8840,17,1,14,148,833
8841151,884115,4,8841,15,1,185,2140,1353
8842091,884209,1,8842,9,1,47,557,672
8843041,884304,3,8843,4,1,183,2111,2375
8844011,884401,2,8844,1,1,54,800,1335
8845061,884506,2,8845,6,1,185,2138,1543
8846061,884606,0,8846,6,1,100,1209,1651
8847031,884703,1,8847,3,1,169,1981,1279
8848021,884802,3,8848,2,1,170,2018,1060
8849021,884902,2,8849,2,1,59,864,5348
8850181,885018,2,8850,18,1,21,229,690
8851031,885103,1,8851,3,1,138,1602,1545
8852191,885219,0,8852,19,1,135,1585,1797
8853041,885304,1,8853,4,1,170,2016,1163
8854011,885401,2,8854,1,1,145,1719,2356
8855011,885501,2,8855,1,1,48,595,3299
8856121,885612,1,8856,12,1,94,1148,948
8857011,885701,1,8857,1,1,40,460,4441
8858021,885802,1,8858,2,1,73,950,2414
8859031,885903,1,8859,3,1,108,1343,3387
8860051,886005,2,8860,5,1,86,1088,4697
8861011,886101,1,8861,1,1,132,1548,1458
8862021,886202,2,8862,2,1,50,727,3076
8863021,886302,2,8863,2,1,176,2076,5691
8864021,886402,1,8864,2,1,178,2086,1819
8865021,886502,0,8865,2,1,103,1228,1175
8866021,886602,2,8866,2,1,58,843,5596
8867051,886705,0,8867,5,1,31,378,1800
8868031,886803,1,8868,3,1,162,1867,1798
8869051,886905,1,8869,5,1,53,787,1233
8870031,887003,2,8870,3,1,182,2098,2146
8871051,887105,0,8871,5,1,79,991,8242
8872121,887212,0,8872,12,1,100,1209,1651
8873041,887304,0,8873,4,1,48,577,3999
8874041,887404,1,8874,4,1,97,1170,1534
8875051,887505,1,8875,5,1,45,528,3033
8876021,887602,2,8876,2,1,152,1800,2190
8877021,887702,2,8877,2,1,151,1776,2135
8878041,887804,1,8878,4,1,113,1390,3214
8879031,887903,2,8879,3,1,76,968,7378
8880201,888020,2,8880,20,1,185,2138,1543
8881051,888105,3,8881,5,1,106,1275,3225
8882051,888205,1,8882,5,1,76,967,28513
8883041,888304,3,8883,4,1,119,1417,4124
8884041,888404,1,8884,4,1,4,13,1363
8885051,888505,1,8885,5,1,91,1119,4419
8886011,888601,0,8886,1,1,99,1202,1757
8887021,888702,3,8887,2,1,175,2065,4609
8888041,888804,2,8888,4,1,162,1900,1565
8889021,888902,0,8889,2,1,52,773,1281
8890131,889013,1,8890,13,1,166,1971,658
8891041,889104,0,8891,4,1,187,2147,1565
8892171,889217,0,8892,17,1,57,837,4691
8893031,889303,2,8893,3,1,106,1264,3506
8894021,889402,1,8894,2,1,169,1994,1078
8895131,889513,1,8895,13,1,136,1590,1225
8896031,889603,0,8896,3,1,138,1616,1116
8897141,889714,1,8897,14,1,136,1592,1094
8898021,889802,1,8898,2,1,36,439,646
8899011,889901,0,8899,1,1,31,372,1842
8900061,890006,2,8900,6,1,159,1844,2105
8901051,890105,2,8901,5,1,29,318,1530
8902051,890205,1,8902,5,1,133,1561,1831
8903011,890301,2,8903,1,1,50,725,3135
8904091,890409,1,8904,9,1,155,1819,1628
8905021,890502,1,8905,2,1,50,686,3772
8906051,890605,1,8906,5,1,127,1485,1964
8907131,890713,1,8907,13,1,56,831,4889
8908191,890819,2,8908,19,1,88,1109,4626
8909051,890905,3,8909,5,1,166,1968,2162
8910021,891002,0,8910,2,1,162,1884,1659
8911041,891104,2,8911,4,1,67,915,1831
8912111,891211,1,8912,11,1,71,936,2779
8913031,891303,2,8913,3,1,50,706,3491
8914041,891404,2,8914,4,1,54,800,1335
8915181,891518,1,8915,18,1,19,221,728
8916011,891601,1,8916,1,1,85,1051,11199
8917031,891703,1,8917,3,1,150,1751,2613
8918041,891804,2,8918,4,1,86,1078,10950
8918042,891804,1,8918,4,2,86,1078,10950
8919111,891911,1,8919,11,1,63,883,3042
8920041,892004,1,8920,4,1,164,1960,1830
8921031,892103,2,8921,3,1,132,1550,1443
8922021,892202,1,8922,2,1,127,1490,1845
8923041,892304,1,8923,4,1,30,331,1626
8924051,892405,3,8924,5,1,45,517,3447
8925011,892501,1,8925,1,1,85,1038,12598
8926051,892605,0,8926,5,1,24,256,797
8927011,892701,1,8927,1,1,122,1449,5146
8928021,892802,1,8928,2,1,54,804,1326
8929031,892903,1,8929,3,1,50,753,1937
8930051,893005,0,8930,5,1,100,1214,1363
8931051,893105,1,8931,5,1,11,132,2860
8932061,893206,0,8932,6,1,76,968,7378
8933031,893303,1,8933,3,1,85,1055,9998
8934041,893404,0,8934,4,1,49,652,3190
8935031,893503,1,8935,3,1,49,634,3710
8936011,893601,1,8936,1,1,150,1760,2425
8937021,893702,0,8937,2,1,163,1928,1778
8938031,893803,2,8938,3,1,163,1946,1630
8939041,893904,3,8939,4,1,61,876,2994
8940041,894004,1,8940,4,1,105,1255,1919
8941011,894101,2,8941,1,1,35,425,770
8942021,894202,1,8942,2,1,100,1214,1363
8943051,894305,1,8943,5,1,111,1385,3030
8944061,894406,1,8944,6,1,123,1462,2245
8945011,894501,1,8945,1,1,9,75,3170
8946051,894605,2,8946,5,1,17,199,609
8947011,894701,2,8947,1,1,86,1066,13118
8948021,894802,3,8948,2,1,169,2004,991
8949031,894903,1,8949,3,1,4,20,1269
8950041,895004,0,8950,4,1,163,1932,1757
8951041,895104,2,8951,4,1,97,1179,1178
8952051,895205,0,8952,5,1,103,1229,1153
8953031,895303,2,8953,3,1,127,1490,1845
8954031,895403,2,8954,3,1,41,471,4775
8955131,895513,1,8955,13,1,167,1974,661
8956031,895603,2,8956,3,1,80,1010,5804
8957051,895705,1,8957,5,1,127,1490,1845
8958151,895815,0,8958,15,1,143,1679,2282
8959051,895905,0,8959,5,1,187,2149,1504
8960041,896004,4,8960,4,1,50,716,3331
8961081,896108,2,8961,8,1,143,1678,2442
8962011,896201,1,8962,1,1,85,1027,15661
8963021,896302,2,8963,2,1,108,1362,3181
8964101,896410,2,8964,10,1,39,454,3356
8965051,896505,2,8965,5,1,148,1738,2836
8966101,896610,1,8966,10,1,148,1738,2836
8967051,896705,1,8967,5,1,162,1903,1537
8968011,896801,0,8968,1,1,45,519,3308
8969011,896901,1,8969,1,1,133,1563,1816
8970011,897001,1,8970,1,1,100,1213,1488
8971051,897105,1,8971,5,1,97,1172,1505
8972041,897204,4,8972,4,1,58,841,5905
8973091,897309,1,8973,9,1,101,1219,985
8974031,897403,2,8974,3,1,106,1280,3179
8975041,897504,1,8975,4,1,49,639,3584
8976021,897602,2,8976,2,1,17,187,709
8977011,897701,3,8977,1,1,10,101,3178
8978171,897817,1,8978,17,1,179,2088,1811
8979031,897903,1,8979,3,1,49,656,3132
8980041,898004,3,8980,4,1,17,186,713
8981031,898103,0,8981,3,1,107,1305,3233
8982031,898203,2,8982,3,1,126,1472,2162
8983031,898303,1,8983,3,1,184,2127,2788
8984151,898415,1,8984,15,1,52,770,1405
8985201,898520,1,8985,20,1,33,394,835
8986011,898601,1,8986,1,1,175,2063,5171
8987031,898703,2,8987,3,1,23,247,721
8988031,898803,2,8988,3,1,48,582,3890
8989021,898902,3,8989,2,1,119,1417,4124
8990181,899018,2,8990,18,1,187,2144,1720
8991041,899104,2,8991,4,1,88,1111,4301
8992021,899202,0,8992,2,1,4,19,1284
8993091,899309,1,8993,9,1,125,1465,3729
8994031,899403,1,8994,3,1,169,1998,1037
8995011,899501,2,8995,1,1,133,1570,823
8996041,899604,0,8996,4,1,112,1387,3229
8997051,899705,1,8997,5,1,21,227,882
8998021,899802,0,8998,2,1,136,1588,1337
8999061,899906,3,8999,6,1,42,481,3354
9000021,900002,2,9000,2,1,10,99,3348
9001101,900110,1,9001,10,1,178,2085,2014
9002171,900217,1,9002,17,1,26,272,1902
9003051,900305,2,9003,5,1,48,591,3541
9004081,900408,1,9004,8,1,130,1515,1790
9005051,900505,0,9005,5,1,48,602,1454
9006041,900604,0,9006,4,1,60,875,6097
9007041,900704,1,9007,4,1,150,1761,2403
9008041,900804,1,9008,4,1,152,1794,2380
9009091,900909,2,9009,9,1,76,968,7378
9010011,901001,1,9010,1,1,57,836,4721
9011131,901113,0,9011,13,1,111,1379,3848
9012161,901216,1,9012,16,1,39,455,3338
9013051,901305,2,9013,5,1,106,1271,3317
9014081,901408,1,9014,8,1,141,1675,2637
9015171,901517,1,9015,17,1,130,1516,1778
9016041,901604,2,9016,4,1,87,1100,11129
9017021,901702,1,9017,2,1,39,452,3699
9018031,901803,0,9018,3,1,179,2089,1807
9019011,901901,2,9019,1,1,104,1243,963
9020031,902003,1,9020,3,1,35,431,727
9021091,902109,0,9021,9,1,51,765,1494
9022161,902216,1,9022,16,1,3,7,1634
9023021,902302,1,9023,2,1,169,1996,1076
9024031,902403,2,9024,3,1,31,375,1829
9025011,902501,1,9025,1,1,108,1345,3363
9026011,902601,4,9026,1,1,127,1483,2002
9027041,902704,1,9027,4,1,36,438,660
9028031,902803,1,9028,3,1,155,1823,414
9029051,902905,2,9029,5,1,98,1186,1470
9030021,903002,2,9030,2,1,42,481,3354
9031191,903119,2,9031,19,1,167,1976,500
9032021,903202,2,9032,2,1,104,1240,1188
9033081,903308,1,9033,8,1,155,1819,1628
9034041,903404,0,9034,4,1,152,1800,2190
9035021,903502,1,9035,2,1,103,1234,1068
9035022,903502,1,9035,2,2,103,1234,1068
9036011,903601,1,9036,1,1,79,991,8242
9037131,903713,1,9037,13,1,62,879,3249
9038051,903805,2,9038,5,1,86,1069,12827
9039031,903903,1,9039,3,1,86,1065,13704
9040161,904016,1,9040,16,1,63,882,3147
9041131,904113,2,9041,13,1,8,62,1927
9042041,904204,2,9042,4,1,108,1345,3363
9043181,904318,1,9043,18,1,153,1808,2893
9044121,904412,0,9044,12,1,160,1847,1348
9045051,904505,0,9045,5,1,65,896,3548
9046021,904602,1,9046,2,1,22,233,354
9047031,904703,1,9047,3,1,41,472,4425
9048021,904802,1,9048,2,1,23,239,819
9049021,904902,1,9049,2,1,169,2000,1024
9050041,905004,1,9050,4,1,49,609,4460
9051101,905110,1,9051,10,1,147,1736,2632
9052131,905213,1,9052,13,1,137,1597,1065
9053041,905304,1,9053,4,1,50,744,2537
9054061,905406,0,9054,6,1,21,226,887
9055011,905501,1,9055,1,1,2,4,1716
9056011,905601,1,9056,1,1,57,837,4691
9057191,905719,0,9057,19,1,137,1598,1015
9058051,905805,2,9058,5,1,48,590,3550
9059081,905908,0,9059,8,1,117,1411,4824
9060031,906003,2,9060,3,1,82,1020,15428
9061081,906108,1,9061,8,1,178,2086,1819
9062091,906209,1,9062,9,1,63,887,2678
9063031,906303,1,9063,3,1,111,1381,3504
9064201,906420,2,9064,20,1,63,889,2449
9065031,906503,1,9065,3,1,151,1787,1971
9066021,906602,1,9066,2,1,162,1910,1211
9067021,906702,3,9067,2,1,139,1647,1151
9068111,906811,2,9068,11,1,137,1598,1015
9069201,906920,1,9069,20,1,185,2139,1468
9070011,907001,0,9070,1,1,60,872,6960
9071011,907101,2,9071,1,1,48,599,2791
9072031,907203,0,9072,3,1,73,953,2147
9073161,907316,0,9073,16,1,147,1735,2939
9074051,907405,3,9074,5,1,169,1995,1077
9075181,907518,2,9075,18,1,159,1843,2250
9076041,907604,0,9076,4,1,176,2070,6286
9076042,907604,1,9076,4,2,176,2070,6286
9076043,907604,1,9076,4,3,176,2070,6286
9077031,907703,2,9077,3,1,162,1910,1211
9078051,907805,1,9078,5,1,162,1896,1593
9079031,907903,5,9079,3,1,49,653,3183
9080021,908002,2,9080,2,1,49,661,3053
9081031,908103,1,9081,3,1,65,901,2931
9081032,908103,2,9081,3,2,65,901,2931
9081033,908103,1,9081,3,3,65,901,2931
9082021,908202,1,9082,2,1,173,2044,4268
9083031,908303,2,9083,3,1,67,923,1581
9084141,908414,1,9084,14,1,100,1212,1495
9085051,908505,2,9085,5,1,163,1928,1778
9086021,908602,2,9086,2,1,145,1719,2356
9087141,908714,4,9087,14,1,42,481,3354
9088011,908801,2,9088,1,1,52,772,1285
9089071,908907,2,9089,7,1,187,2144,1720
9090041,909004,2,9090,4,1,80,999,7057
9091041,909104,1,9091,4,1,9,95,1551
9092031,909203,1,9092,3,1,140,1665,1274
9092032,909203,1,9092,3,2,140,1665,1274
9093091,909309,1,9093,9,1,39,455,3338
9094101,909410,0,9094,10,1,111,1379,3848
9095031,909503,2,9095,3,1,50,736,2891
9096031,909603,2,9096,3,1,183,2120,1959
9097051,909705,2,9097,5,1,9,88,2583
9098051,909805,3,9098,5,1,18,204,778
9099011,909901,0,9099,1,1,44,505,2750
9100011,910001,2,9100,1,1,50,755,1673
9101171,910117,1,9101,17,1,154,1816,2554
9102021,910202,1,9102,2,1,80,1006,6870
9103031,910303,2,9103,3,1,145,1718,2406
9104171,910417,5,9104,17,1,112,1387,3229
9105041,910504,2,9105,4,1,17,191,675
9106121,910612,1,9106,12,1,154,1817,2285
9107041,910704,1,9107,4,1,108,1338,3457
9108091,910809,2,9108,9,1,21,225,1029
9109101,910910,1,9109,10,1,153,1808,2893
9110041,911004,2,9110,4,1,50,736,2891
9111041,911104,0,9111,4,1,48,569,4262
9112161,911216,3,9112,16,1,62,881,1964
9113031,911303,2,9113,3,1,60,872,6960
9114031,911403,1,9114,3,1,53,796,1141
9115081,911508,1,9115,8,1,52,773,1281
9116011,911601,2,9116,1,1,162,1876,1713
9117051,911705,1,9117,5,1,47,556,1507
9118051,911805,1,9118,5,1,170,2026,917
9119011,911901,1,9119,1,1,50,744,2537
9120021,912002,2,9120,2,1,79,994,7315
9121051,912105,2,9121,5,1,175,2065,4609
9122011,912201,1,9122,1,1,185,2141,1249
9123011,912301,2,9123,1,1,50,743,2710
9124051,912405,2,9124,5,1,162,1910,1211
9125021,912502,1,9125,2,1,53,788,1232
9126041,912604,1,9126,4,1,132,1558,858
9126042,912604,1,9126,4,2,132,1558,858
9127051,912705,1,9127,5,1,48,570,4237
9128041,912804,2,9128,4,1,18,201,1028
9129011,912901,1,9129,1,1,170,2016,1163
9130011,913001,1,9130,1,1,144,1685,3706
9131191,913119,2,9131,19,1,180,2091,2598
9132021,913202,1,9132,2,1,189,2155,1378
9133051,913305,2,9133,5,1,162,1854,1989
9134031,913403,4,9134,3,1,161,1850,2147
9135091,913509,1,9135,9,1,178,2084,2239
9136011,913601,1,9136,1,1,33,394,835
9137051,913705,4,9137,5,1,45,525,3117
9138041,913804,3,9138,4,1,30,350,1476
9139161,913916,0,9139,16,1,111,1380,3726
9140041,914004,1,9140,4,1,90,1114,10379
9141151,914115,1,9141,15,1,39,451,3817
9142131,914213,1,9142,13,1,33,394,835
9143041,914304,1,9143,4,1,50,686,3772
9144091,914409,2,9144,9,1,135,1586,1785
9145141,914514,2,9145,14,1,2,6,392
9146021,914602,0,9146,2,1,151,1773,2173
9147111,914711,2,9147,11,1,100,1212,1495
9148031,914803,3,9148,3,1,138,1607,1334
9149011,914901,1,9149,1,1,152,1797,2217
9150031,915003,2,9150,3,1,80,1000,8284
9151111,915111,1,9151,11,1,28,277,1380
9152011,915201,0,9152,1,1,50,696,3566
9153021,915302,1,9153,2,1,79,986,9208
9154021,915402,1,9154,2,1,162,1875,1725
9155031,915503,2,9155,3,1,136,1588,1337
9156051,915605,1,9156,5,1,34,403,791
9157021,915702,1,9157,2,1,107,1297,3504
9158091,915809,1,9158,9,1,100,1211,1520
9159081,915908,0,9159,8,1,28,279,1313
9160051,916005,1,9160,5,1,97,1180,550
9161031,916103,1,9161,3,1,169,1988,1121
9162011,916201,3,9162,1,1,16,165,721
9163011,916301,1,9163,1,1,163,1941,1725
9164031,916403,2,9164,3,1,114,1402,3050
9165031,916503,4,9165,3,1,113,1393,3021
9166191,916619,2,9166,19,1,21,227,882
9167021,916702,1,9167,2,1,53,793,1196
9168121,916812,0,9168,12,1,94,1147,957
9169031,916903,1,9169,3,1,31,377,1814
9170181,917018,1,9170,18,1,100,1213,1488
9171021,917102,2,9171,2,1,48,560,5197
9172051,917205,0,9172,5,1,50,706,3491
9173031,917303,1,9173,3,1,35,432,683
9174181,917418,2,9174,18,1,117,1410,5193
9175021,917502,2,9175,2,1,105,1247,2799
9176061,917606,2,9176,6,1,100,1212,1495
9177091,917709,2,9177,9,1,179,2090,1761
9178051,917805,3,9178,5,1,30,346,1489
9179031,917903,1,9179,3,1,188,2151,1526
9180011,918001,2,9180,1,1,9,72,3214
9181091,918109,2,9181,9,1,3,8,1437
9182081,918208,2,9182,8,1,100,1214,1363
9183081,918308,0,9183,8,1,56,833,4741
9184051,918405,1,9184,5,1,30,344,1491
9185171,918517,1,9185,17,1,172,2038,7996
9186021,918602,1,9186,2,1,11,127,3038
9187041,918704,1,9187,4,1,49,646,3384
9188051,918805,1,9188,5,1,98,1198,1204
9189191,918919,2,9189,19,1,100,1210,1538
9190021,919002,2,9190,2,1,182,2097,2212
9191011,919101,3,9191,1,1,145,1712,2503
9192201,919220,0,9192,20,1,111,1382,3286
9193051,919305,2,9193,5,1,57,835,5223
9194031,919403,1,9194,3,1,40,460,4441
9195141,919514,1,9195,14,1,115,1404,6225
9196101,919610,1,9196,10,1,19,220,820
9197201,919720,0,9197,20,1,37,443,3934
9198201,919820,1,9198,20,1,7,61,3848
9199011,919901,1,9199,1,1,30,327,1676
9199012,919901,1,9199,1,2,30,327,1676
9200171,920017,2,9200,17,1,136,1588,1337
9200172,920017,1,9200,17,2,136,1588,1337
9201011,920101,2,9201,1,1,59,862,5358
9202051,920205,0,9202,5,1,163,1932,1757
9203111,920311,2,9203,11,1,142,1677,2524
9204021,920402,1,9204,2,1,127,1487,1951
9205011,920501,2,9205,1,1,169,1994,1078
9206051,920605,2,9206,5,1,134,1572,2084
9207171,920717,1,9207,17,1,155,1819,1628
9208061,920806,2,9208,6,1,125,1465,3729
9209131,920913,0,9209,13,1,39,452,3699
9210041,921004,2,9210,4,1,49,670,2177
9211011,921101,2,9211,1,1,106,1279,3185
9212041,921204,1,9212,4,1,162,1860,1895
9213141,921314,0,9213,14,1,77,970,8757
9214141,921414,1,9214,14,1,130,1516,1778
9215011,921501,2,9215,1,1,11,142,968
9216021,921602,3,9216,2,1,108,1363,3165
9217021,921702,1,9217,2,1,29,294,1689
9218031,921803,1,9218,3,1,44,503,2774
9219041,921904,1,9219,4,1,139,1638,1263
9220081,922008,2,9220,8,1,167,1974,661
9221161,922116,1,9221,16,1,105,1255,1919
9222031,922203,1,9222,3,1,41,477,3873
9223091,922309,0,9223,9,1,39,447,4920
9224011,922401,1,9224,1,1,139,1644,1209
9225111,922511,1,9225,11,1,180,2092,2522
9226101,922610,3,9226,10,1,94,1149,884
9227141,922714,1,9227,14,1,70,932,2540
9228031,922803,1,9228,3,1,86,1073,12480
9229011,922901,1,9229,1,1,91,1125,3945
9230031,923003,1,9230,3,1,9,93,2149
9231211,923121,2,9231,21,1,149,1742,1939
9232051,923205,0,9232,5,1,150,1759,2444
9233031,923303,1,9233,3,1,40,463,4100
9234031,923403,3,9234,3,1,166,1971,658
9235041,923504,2,9235,4,1,123,1460,9149
9236111,923611,2,9236,11,1,142,1676,2626
9237011,923701,1,9237,1,1,2,6,392
9238031,923803,1,9238,3,1,31,379,1799
9239031,923903,8,9239,3,1,91,1119,4419
9240051,924005,2,9240,5,1,87,1096,11554
9241191,924119,2,9241,19,1,61,876,2994
9242031,924203,1,9242,3,1,128,1510,1981
9243051,924305,3,9243,5,1,50,719,3305
9244021,924402,2,9244,2,1,9,67,3508
9245091,924509,1,9245,9,1,105,1251,2799
9246041,924604,2,9246,4,1,28,278,1371
9247021,924702,0,9247,2,1,103,1229,1153
9248051,924805,1,9248,5,1,49,636,3624
9249031,924903,2,9249,3,1,11,125,3058
9250141,925014,0,9250,14,1,88,1110,4468
9251021,925102,3,9251,2,1,6,59,1038
9252091,925209,1,9252,9,1,68,927,1392
9253041,925304,2,9253,4,1,108,1342,3404
9254061,925406,2,9254,6,1,187,2146,1688
9254062,925406,1,9254,6,2,187,2146,1688
9255051,925505,1,9255,5,1,156,1825,2210
9256021,925602,0,9256,2,1,162,1857,1952
9257041,925704,1,9257,4,1,175,2053,6475
9258051,925805,1,9258,5,1,58,847,5118
9259021,925902,1,9259,2,1,52,770,1405
9260011,926001,0,9260,1,1,95,1152,3409
9261011,926101,2,9261,1,1,97,1180,550
9262011,926201,2,9262,1,1,28,279,1313
9263021,926302,1,9263,2,1,30,353,1448
9264041,926404,1,9264,4,1,10,119,2740
9265021,926502,1,9265,2,1,152,1794,2380
9266141,926614,2,9266,14,1,129,1513,2829
9267021,926702,2,9267,2,1,40,465,4025
9268031,926803,0,9268,3,1,11,128,3011
9269051,926905,1,9269,5,1,183,2124,1891
9270081,927008,1,9270,8,1,42,480,3631
9271171,927117,0,9271,17,1,111,1379,3848
9272051,927205,2,9272,5,1,41,472,4425
9273031,927303,1,9273,3,1,30,348,1476
9274011,927401,2,9274,1,1,24,260,692
9275011,927501,2,9275,1,1,58,845,5229
9276031,927603,2,9276,3,1,160,1847,1348
9277021,927702,1,9277,2,1,43,485,1975
9278111,927811,2,9278,11,1,37,444,3822
9279051,927905,3,9279,5,1,10,110,2905
9280041,928004,2,9280,4,1,170,2013,1316
9281081,928108,1,9281,8,1,76,968,7378
9282041,928204,3,9282,4,1,48,564,4552
9283051,928305,1,9283,5,1,172,2037,7996
9284031,928403,1,9284,3,1,127,1485,1964
9285031,928503,2,9285,3,1,15,154,728
9286041,928604,1,9286,4,1,29,289,1737
9287051,928705,1,9287,5,1,169,2012,673
9288011,928801,2,9288,1,1,97,1160,1876
9289031,928903,2,9289,3,1,16,178,580
9290151,929015,1,9290,15,1,136,1589,1281
9291141,929114,2,9291,14,1,112,1387,3229
9292191,929219,0,9292,19,1,136,1590,1225
9293041,929304,1,9293,4,1,49,675,1417
9294111,929411,1,9294,11,1,101,1218,1072
9295161,929516,0,9295,16,1,135,1585,1797
9296051,929605,2,9296,5,1,189,2157,1267
9297161,929716,1,9297,16,1,148,1739,2513
9298031,929803,0,9298,3,1,11,135,2757
9299021,929902,1,9299,2,1,59,866,5308
9300041,930004,4,9300,4,1,58,851,4808
9301051,930105,1,9301,5,1,87,1090,13365
9302011,930201,2,9302,1,1,24,251,912
9303061,930306,1,9303,6,1,111,1381,3504
9304151,930415,4,9304,15,1,187,2149,1504
9305021,930502,1,9305,2,1,131,1520,2107
9306201,930620,1,9306,20,1,20,224,779
9307021,930702,0,9307,2,1,183,2110,2712
9308021,930802,2,9308,2,1,58,847,5118
9309021,930902,1,9309,2,1,35,426,769
9310031,931003,1,9310,3,1,9,72,3214
9311191,931119,1,9311,19,1,100,1213,1488
9312181,931218,1,9312,18,1,174,2047,5218
9313031,931303,3,9313,3,1,49,609,4460
9314151,931415,1,9314,15,1,67,923,1581
9315181,931518,1,9315,18,1,185,2138,1543
9316121,931612,1,9316,12,1,112,1386,3430
9317061,931706,2,9317,6,1,141,1674,2757
9318081,931808,2,9318,8,1,90,1114,10379
9319021,931902,0,9319,2,1,25,267,868
9320201,932020,1,9320,20,1,154,1815,2566
9321141,932114,2,9321,14,1,110,1375,5038
9321142,932114,1,9321,14,2,110,1375,5038
9322041,932204,2,9322,4,1,175,2056,5762
9323011,932301,3,9323,1,1,45,528,3033
9324041,932404,2,9324,4,1,152,1799,2201
9325011,932501,1,9325,1,1,138,1602,1545
9326071,932607,2,9326,7,1,61,877,2869
9327051,932705,1,9327,5,1,17,187,709
9328191,932819,2,9328,19,1,159,1843,2250
9329021,932902,3,9329,2,1,138,1607,1334
9330141,933014,1,9330,14,1,173,2043,4521
9331041,933104,2,9331,4,1,46,552,2970
9332021,933202,2,9332,2,1,50,740,2798
9333051,933305,2,9333,5,1,30,330,1652
9334081,933408,1,9334,8,1,117,1413,3844
9335051,933505,1,9335,5,1,53,795,1181
9336041,933604,1,9336,4,1,49,653,3183
9337011,933701,2,9337,1,1,85,1034,13299
9338051,933805,2,9338,5,1,42,480,3631
9339141,933914,2,9339,14,1,185,2141,1249
9340051,934005,2,9340,5,1,163,1940,1726
9341031,934103,2,9341,3,1,91,1127,3613
9342011,934201,1,9342,1,1,4,12,1381
9343031,934303,1,9343,3,1,144,1693,2560
9344011,934401,1,9344,1,1,59,864,5348
9345051,934505,1,9345,5,1,4,14,1342
9346041,934604,1,9346,4,1,50,688,3766
9347041,934704,2,9347,4,1,106,1275,3225
9348011,934801,2,9348,1,1,190,2168,2275
9349041,934904,2,9349,4,1,151,1785,2005
9350031,935003,1,9350,3,1,27,276,1431
9351041,935104,1,9351,4,1,86,1076,11196
9352191,935219,0,9352,19,1,187,2149,1504
9353011,935301,1,9353,1,1,188,2150,1541
9354011,935401,2,9354,1,1,85,1062,3180
9355041,935504,2,9355,4,1,56,829,19751
9356021,935602,1,9356,2,1,168,1977,1561
9357171,935717,2,9357,17,1,116,1408,6402
9358131,935813,2,9358,13,1,28,278,1371
9359171,935917,2,9359,17,1,135,1584,1829
9360031,936003,1,9360,3,1,91,1118,4504
9361131,936113,2,9361,13,1,63,882,3147
9362011,936201,1,9362,1,1,50,726,3103
9363021,936302,1,9363,2,1,24,251,912
9364051,936405,0,9364,5,1,111,1381,3504
9365031,936503,1,9365,3,1,141,1673,2831
9366011,936601,1,9366,1,1,106,1291,2916
9367131,936713,1,9367,13,1,37,444,3822
9368031,936803,1,9368,3,1,107,1315,3121
9369031,936903,2,9369,3,1,162,1857,1952
9370011,937001,1,9370,1,1,86,1079,10531
9371051,937105,2,9371,5,1,132,1546,1543
9372041,937204,0,9372,4,1,162,1872,1730
9373031,937303,1,9373,3,1,108,1360,3189
9373032,937303,2,9373,3,2,108,1360,3189
9374011,937401,0,9374,1,1,24,256,797
9374012,937401,1,9374,1,2,24,256,797
9374013,937401,1,9374,1,3,24,256,797
9375051,937505,1,9375,5,1,81,1013,21426
9376021,937602,1,9376,2,1,105,1248,2799
9377041,937704,1,9377,4,1,183,2122,1914
9378101,937810,1,9378,10,1,105,1254,2584
9379021,937902,2,9379,2,1,49,630,3778
9380111,938011,2,9380,11,1,51,766,1365
9381091,938109,2,9381,9,1,43,484,2372
9382031,938203,1,9382,3,1,128,1512,1899
9383031,938303,1,9383,3,1,184,2135,2421
9383032,938303,1,9383,3,2,184,2135,2421
9383033,938303,1,9383,3,3,184,2135,2421
9383034,938303,0,9383,3,4,184,2135,2421
9384011,938401,0,9384,1,1,155,1818,1651
9385021,938502,3,9385,2,1,151,1780,2117
9386111,938611,0,9386,11,1,43,485,1975
9387021,938702,2,9387,2,1,166,1968,2162
9388111,938811,1,9388,11,1,77,970,8757
9389151,938915,1,9389,15,1,187,2145,1691
9390161,939016,1,9390,16,1,185,2139,1468
9391031,939103,1,9391,3,1,163,1937,1730
9392201,939220,1,9392,20,1,111,1384,3206
9393011,939301,1,9393,1,1,49,623,3934
9394011,939401,2,9394,1,1,10,114,2830
9395131,939513,2,9395,13,1,123,1462,2245
9396051,939605,3,9396,5,1,163,1925,1824
9397071,939707,2,9397,7,1,63,888,2579
9398041,939804,1,9398,4,1,54,810,1296
9399051,939905,0,9399,5,1,48,568,4282
9400021,940002,3,9400,2,1,11,137,2455
9401171,940117,2,9401,17,1,37,443,3934
9402021,940202,1,9402,2,1,107,1316,3120
9403021,940302,0,9403,2,1,102,1224,1185
9403022,940302,1,9403,2,2,102,1224,1185
9404031,940403,2,9404,3,1,49,622,4001
9405041,940504,2,9405,4,1,49,676,1034
9406041,940604,1,9406,4,1,44,506,2740
9407051,940705,1,9407,5,1,169,2007,986
9408041,940804,2,9408,4,1,42,480,3631
9409031,940903,1,9409,3,1,162,1900,1565
9410021,941002,1,9410,2,1,10,98,3467
9411051,941105,3,9411,5,1,156,1833,1587
9412051,941205,2,9412,5,1,139,1633,1296
9413051,941305,3,9413,5,1,102,1220,1416
9414041,941404,1,9414,4,1,127,1485,1964
9415061,941506,1,9415,6,1,125,1466,2305
9416031,941603,3,9416,3,1,161,1849,2520
9417031,941703,1,9417,3,1,128,1504,2131
9418101,941810,1,9418,10,1,61,877,2869
9419011,941901,1,9419,1,1,50,745,2439
9420011,942001,1,9420,1,1,138,1609,1304
9421051,942105,2,9421,5,1,162,1888,1654
9422051,942205,2,9422,5,1,54,798,1396
9423031,942303,1,9423,3,1,127,1488,1944
9424121,942412,0,9424,12,1,135,1587,1397
9425161,942516,1,9425,16,1,111,1383,3212
9426021,942602,2,9426,2,1,35,431,727
9427041,942704,2,9427,4,1,5,32,1371
9428151,942815,1,9428,15,1,173,2044,4268
9429011,942901,1,9429,1,1,121,1441,3844
9430021,943002,2,9430,2,1,18,214,680
9431101,943110,1,9431,10,1,155,1820,1502
9432121,943212,2,9432,12,1,116,1409,5069
9433031,943303,3,9433,3,1,126,1473,2107
9434031,943403,3,9434,3,1,45,527,3042
9435031,943503,1,9435,3,1,86,1066,13118
9436051,943605,1,9436,5,1,4,25,1165
9437111,943711,0,9437,11,1,37,443,3934
9438061,943806,2,9438,6,1,110,1376,4727
9439121,943912,2,9439,12,1,143,1680,2209
9440031,944003,3,9440,3,1,138,1613,1193
9441091,944109,1,9441,9,1,89,1112,3110
9442011,944201,1,9442,1,1,44,498,2876
9443041,944304,1,9443,4,1,156,1829,1722
9444021,944402,1,9444,2,1,49,610,4363
9445031,944503,1,9445,3,1,21,228,784
9446141,944614,1,9446,14,1,136,1590,1225
9447051,944705,1,9447,5,1,158,1840,3571
9448051,944805,1,9448,5,1,46,554,2509
9449011,944901,0,9449,1,1,58,840,6057
9450041,945004,1,9450,4,1,29,308,1602
9451051,945105,2,9451,5,1,186,2143,1518
9452021,945202,2,9452,2,1,29,282,1851
9453011,945301,0,9453,1,1,150,1753,2595
9453012,945301,1,9453,1,2,150,1753,2595
9454031,945403,3,9454,3,1,151,1776,2135
9455101,945510,1,9455,10,1,187,2145,1691
9456101,945610,1,9456,10,1,39,448,4578
9457151,945715,1,9457,15,1,3,7,1634
9458091,945809,2,9458,9,1,112,1387,3229
9459021,945902,2,9459,2,1,31,382,1784
9460031,946003,1,9460,3,1,106,1262,3621
9461051,946105,1,9461,5,1,6,55,1249
9462191,946219,2,9462,19,1,13,146,496
9463151,946315,1,9463,15,1,160,1845,1479
9464041,946404,5,9464,4,1,170,2019,1044
9465171,946517,1,9465,17,1,186,2143,1518
9466011,946601,1,9466,1,1,31,373,1836
9467031,946703,2,9467,3,1,139,1633,1296
9468051,946805,1,9468,5,1,24,257,790
9469011,946901,1,9469,1,1,86,1064,15368
9470031,947003,1,9470,3,1,106,1267,3367
9471151,947115,1,9471,15,1,155,1820,1502
9472021,947202,3,9472,2,1,24,261,653
9473031,947303,3,9473,3,1,169,2004,991
9474021,947402,3,9474,2,1,153,1808,2893
9475031,947503,4,9475,3,1,17,197,623
9476011,947601,4,9476,1,1,50,760,1073
9477041,947704,2,9477,4,1,30,347,1489
9478031,947803,2,9478,3,1,148,1739,2513
9479011,947901,2,9479,1,1,152,1802,2095
9480021,948002,1,9480,2,1,162,1863,1860
9481021,948102,4,9481,2,1,16,168,683
9482181,948218,1,9482,18,1,68,927,1392
9483051,948305,5,9483,5,1,50,694,3633
9484031,948403,1,9484,3,1,58,844,5426
9485021,948502,1,9485,2,1,107,1320,3082
9486181,948618,1,9486,18,1,137,1599,1009
9487051,948705,0,9487,5,1,107,1312,3177
9488031,948803,3,9488,3,1,87,1097,11460
9489061,948906,0,9489,6,1,109,1372,3454
9490201,949020,1,9490,20,1,83,1024,5447
9491091,949109,1,9491,9,1,185,2139,1468
9492011,949201,0,9492,1,1,50,695,3569
9493191,949319,2,9493,19,1,2,6,392
9494041,949404,2,9494,4,1,78,976,10781
9495011,949501,1,9495,1,1,164,1962,1817
9496181,949618,2,9496,18,1,51,767,1281
9497021,949702,2,9497,2,1,108,1339,3444
9498031,949803,2,9498,3,1,132,1536,1748
9499021,949902,1,9499,2,1,109,1371,10690
9500041,950004,0,9500,4,1,49,615,4169
9501011,950101,2,9501,1,1,10,119,2740
9502031,950203,1,9502,3,1,50,713,3405
9503171,950317,0,9503,17,1,110,1376,4727
9504021,950402,0,9504,2,1,45,529,3028
9505051,950505,2,9505,5,1,10,98,3467
9506021,950602,0,9506,2,1,162,1876,1713
9507041,950704,1,9507,4,1,110,1377,3890
9508031,950803,1,9508,3,1,48,586,3644
9509041,950904,3,9509,4,1,10,109,2930
9510051,951005,1,9510,5,1,188,2150,1541
9511011,951101,1,9511,1,1,146,1732,2859
9512091,951209,1,9512,9,1,115,1405,6115
9513031,951303,1,9513,3,1,98,1185,1596
9514111,951411,1,9514,11,1,187,2146,1688
9515011,951501,0,9515,1,1,88,1107,4964
9516011,951601,0,9516,1,1,169,2002,1015
9517021,951702,1,9517,2,1,144,1685,3706
9518151,951815,1,9518,15,1,19,221,728
9519101,951910,1,9519,10,1,160,1845,1479
9520011,952001,4,9520,1,1,5,43,1062
9521021,952102,2,9521,2,1,48,559,5687
9522101,952210,1,9522,10,1,123,1462,2245
9523051,952305,1,9523,5,1,48,576,3999
9524011,952401,1,9524,1,1,50,707,3479
9525021,952502,0,9525,2,1,99,1204,1561
9526031,952603,2,9526,3,1,64,892,3147
9527201,952720,1,9527,20,1,174,2047,5218
9528051,952805,1,9528,5,1,49,674,1437
9529021,952902,3,9529,2,1,150,1761,2403
9530041,953004,3,9530,4,1,134,1571,2231
9531011,953101,1,9531,1,1,30,338,1543
9532011,953201,3,9532,1,1,6,54,1277
9533031,953303,2,9533,3,1,37,442,5052
9534041,953404,0,9534,4,1,89,1112,3110
9535011,953501,3,9535,1,1,175,2064,4903
9536011,953601,2,9536,1,1,75,965,3506
9537051,953705,2,9537,5,1,92,1130,4767
9538031,953803,1,9538,3,1,131,1527,1108
9539041,953904,2,9539,4,1,172,2035,8923
9540051,954005,2,9540,5,1,121,1434,4829
9541131,954113,1,9541,13,1,115,1405,6115
9542191,954219,1,9542,19,1,130,1515,1790
9543051,954305,2,9543,5,1,83,1023,11415
9544011,954401,2,9544,1,1,106,1285,3116
9545031,954503,3,9545,3,1,53,785,1262
9546031,954603,2,9546,3,1,10,98,3467
9547021,954702,0,9547,2,1,162,1902,1538
9548041,954804,0,9548,4,1,106,1293,2525
9549021,954902,1,9549,2,1,162,1872,1730
9550071,955007,2,9550,7,1,129,1513,2829
9551011,955101,1,9551,1,1,113,1392,3160
9552031,955203,0,9552,3,1,128,1509,1993
9553151,955315,0,9553,15,1,111,1383,3212
9554101,955410,1,9554,10,1,70,932,2540
9555141,955514,1,9555,14,1,153,1808,2893
9556051,955605,1,9556,5,1,176,2078,5161
9557031,955703,4,9557,3,1,5,31,1371
9558201,955820,4,9558,20,1,12,143,609
9559011,955901,2,9559,1,1,151,1776,2135
9560011,956001,2,9560,1,1,50,721,3243
9561061,956106,2,9561,6,1,180,2091,2598
9562031,956203,1,9562,3,1,182,2107,1902
9563021,956302,0,9563,2,1,187,2145,1691
9564121,956412,2,9564,12,1,125,1466,2305
9565031,956503,2,9565,3,1,17,192,663
9566131,956613,1,9566,13,1,178,2085,2014
9567161,956716,0,9567,16,1,32,392,627
9568051,956805,1,9568,5,1,53,793,1196
9569011,956901,1,9569,1,1,122,1450,4811
9570031,957003,2,9570,3,1,48,574,4103
9571021,957102,2,9571,2,1,49,633,3737
9572041,957204,4,9572,4,1,173,2043,4521
9573011,957301,2,9573,1,1,87,1093,12542
9574031,957403,1,9574,3,1,53,787,1233
9575161,957516,2,9575,16,1,100,1213,1488
9576011,957601,2,9576,1,1,142,1677,2524
9577041,957704,3,9577,4,1,185,2139,1468
9578021,957802,2,9578,2,1,156,1829,1722
9579051,957905,1,9579,5,1,145,1720,1138
9580041,958004,1,9580,4,1,97,1178,1181
9581011,958101,2,9581,1,1,108,1343,3387
9582141,958214,1,9582,14,1,111,1384,3206
9583041,958304,1,9583,4,1,172,2036,8005
9584041,958404,0,9584,4,1,48,596,3213
9585031,958503,2,9585,3,1,182,2103,1967
9586041,958604,1,9586,4,1,190,2168,2275
9587031,958703,1,9587,3,1,50,681,4096
9588031,958803,2,9588,3,1,156,1834,771
9589021,958902,2,9589,2,1,114,1398,4060
9590041,959004,3,9590,4,1,170,2030,818
9591051,959105,1,9591,5,1,173,2044,4268
9592011,959201,3,9592,1,1,86,1081,10084
9593031,959303,2,9593,3,1,163,1918,1906
9594031,959403,2,9594,3,1,152,1802,2095
9595121,959512,0,9595,12,1,111,1380,3726
9596051,959605,0,9596,5,1,58,853,4768
9597171,959717,1,9597,17,1,63,886,2839
9598181,959818,1,9598,18,1,143,1678,2442
9599031,959903,2,9599,3,1,97,1171,1518
9600141,960014,1,9600,14,1,187,2148,1543
9601161,960116,0,9601,16,1,39,448,4578
9602041,960204,2,9602,4,1,128,1502,2168
9603041,960304,2,9603,4,1,108,1344,3387
9604141,960414,2,9604,14,1,21,229,690
9605051,960505,1,9605,5,1,151,1773,2173
9606051,960605,2,9606,5,1,49,605,4730
9607061,960706,1,9607,6,1,61,877,2869
9608041,960804,2,9608,4,1,79,992,7674
9609151,960915,3,9609,15,1,179,2088,1811
9610051,961005,1,9610,5,1,86,1065,13704
9611051,961105,2,9611,5,1,31,374,1832
9612031,961203,1,9612,3,1,183,2116,2118
9613041,961304,2,9613,4,1,107,1317,3114
9614011,961401,0,9614,1,1,30,336,1549
9615031,961503,2,9615,3,1,132,1538,1693
9616021,961602,1,9616,2,1,11,125,3058
9617031,961703,1,9617,3,1,106,1268,3360
9618031,961803,0,9618,3,1,25,268,805
9619071,961907,2,9619,7,1,28,277,1380
9620051,962005,1,9620,5,1,31,387,1648
9621051,962105,2,9621,5,1,30,358,1424
9622031,962203,1,9622,3,1,9,84,2880
9623051,962305,1,9623,5,1,45,530,2985
9624011,962401,0,9624,1,1,63,885,2839
9625051,962505,2,9625,5,1,53,777,1333
9626151,962615,1,9626,15,1,174,2047,5218
9627151,962715,1,9627,15,1,174,2048,4995
9628021,962802,0,9628,2,1,104,1243,963
9629011,962901,2,9629,1,1,46,553,2825
9630141,963014,1,9630,14,1,89,1112,3110
9631181,963118,2,9631,18,1,112,1386,3430
9632011,963201,3,9632,1,1,128,1508,2001
9633021,963302,3,9633,2,1,58,848,5029
9634021,963402,3,9634,2,1,151,1765,2599
9635051,963505,4,9635,5,1,171,2032,830
9636011,963601,0,9636,1,1,131,1528,848
9637021,963702,1,9637,2,1,77,970,8757
9638171,963817,4,9638,17,1,125,1467,2137
9639171,963917,1,9639,17,1,94,1147,957
9640021,964002,2,9640,2,1,54,810,1296
9641031,964103,0,9641,3,1,139,1632,1299
9642051,964205,4,9642,5,1,132,1555,1256
9643151,964315,1,9643,15,1,141,1673,2831
9644031,964403,1,9644,3,1,10,109,2930
9645161,964516,1,9645,16,1,71,938,2501
9646181,964618,1,9646,18,1,89,1113,3095
9647141,964714,1,9647,14,1,136,1589,1281
9648061,964806,1,9648,6,1,135,1584,1829
9649021,964902,1,9649,2,1,132,1546,1543
9650041,965004,1,9650,4,1,75,961,16402
9651101,965110,1,9651,10,1,63,887,2678
9652141,965214,1,9652,14,1,180,2092,2522
9653021,965302,1,9653,2,1,49,656,3132
9654041,965404,1,9654,4,1,49,620,4040
9655051,965505,1,9655,5,1,153,1807,2589
9656041,965604,2,9656,4,1,166,1968,2162
9657011,965701,1,9657,1,1,104,1246,891
9658051,965805,2,9658,5,1,67,919,1831
9659121,965912,1,9659,12,1,174,2046,5443
9660011,966001,2,9660,1,1,156,1828,1791
9661041,966104,2,9661,4,1,78,978,9619
9662021,966202,0,9662,2,1,58,842,5870
9663151,966315,0,9663,15,1,39,447,4920
9664051,966405,2,9664,5,1,166,1969,729
9665071,966507,1,9665,7,1,51,765,1494
9666021,966602,2,9666,2,1,107,1310,3190
9667041,966704,2,9667,4,1,139,1629,1328
9668021,966802,1,9668,2,1,50,728,3027
9669021,966902,2,9669,2,1,146,1722,3772
9670171,967017,2,9670,17,1,116,1407,6595
9671031,967103,2,9671,3,1,156,1824,2754
9672041,967204,1,9672,4,1,86,1079,10531
9673071,967307,1,9673,7,1,88,1109,4626
9674051,967405,1,9674,5,1,54,800,1335
9675051,967505,2,9675,5,1,48,565,4449
9676081,967608,1,9676,8,1,67,919,1831
9677041,967704,2,9677,4,1,11,139,2151
9678041,967804,1,9678,4,1,44,511,2512
9679121,967912,0,9679,12,1,160,1845,1479
9680111,968011,1,9680,11,1,61,877,2869
9681161,968116,1,9681,16,1,125,1465,3729
9682051,968205,0,9682,5,1,107,1303,3279
9683041,968304,2,9683,4,1,44,493,3043
9684041,968404,2,9684,4,1,50,682,3886
9685031,968503,1,9685,3,1,85,1052,10908
9686051,968605,0,9686,5,1,150,1753,2595
9687041,968704,2,9687,4,1,158,1841,3131
9688121,968812,1,9688,12,1,70,931,3702
9689101,968910,2,9689,10,1,81,1018,5909
9690031,969003,2,9690,3,1,49,626,3854
9691061,969106,3,9691,6,1,186,2143,1518
9692041,969204,1,9692,4,1,13,146,496
9693031,969303,1,9693,3,1,116,1407,6595
9694191,969419,2,9694,19,1,71,938,2501
9695031,969503,1,9695,3,1,163,1942,1708
9696021,969602,2,9696,2,1,49,638,3604
9697201,969720,1,9697,20,1,63,888,2579
9698051,969805,1,9698,5,1,138,1610,1269
9699021,969902,2,9699,2,1,64,891,3190
9700051,970005,4,9700,5,1,16,177,582
9701011,970101,0,9701,1,1,122,1453,4305
9702201,970220,1,9702,20,1,51,766,1365
9703021,970302,1,9703,2,1,49,659,3093
9704161,970416,3,9704,16,1,153,1812,2385
9705021,970502,1,9705,2,1,56,829,19751
9706031,970603,1,9706,3,1,169,1979,1077
9707191,970719,1,9707,19,1,39,455,3338
9708021,970802,2,9708,2,1,107,1319,3086
9709051,970905,1,9709,5,1,139,1642,1223
9710141,971014,3,9710,14,1,67,919,1831
9711021,971102,1,9711,2,1,11,138,2175
9712161,971216,2,9712,16,1,8,63,1922
9713171,971317,0,9713,17,1,52,774,1138
9714191,971419,2,9714,19,1,43,484,2372
9715041,971504,0,9715,4,1,29,310,1588
9716051,971605,1,9716,5,1,87,1093,12542
9717011,971701,1,9717,1,1,17,184,726
9718161,971816,1,9718,16,1,167,1976,500
9719011,971901,2,9719,1,1,26,271,5495
9720031,972003,3,9720,3,1,85,1046,11818
9721041,972104,1,9721,4,1,174,2045,5770
9722051,972205,2,9722,5,1,35,419,817
9723071,972307,1,9723,7,1,63,887,2678
9724051,972405,2,9724,5,1,74,957,2792
9725151,972515,2,9725,15,1,8,62,1927
9726021,972602,0,9726,2,1,170,2023,991
9727101,972710,2,9727,10,1,135,1583,1844
9728201,972820,1,9728,20,1,96,1157,995
9729041,972904,1,9729,4,1,170,2026,917
9730131,973013,2,9730,13,1,105,1252,2794
9731041,973104,1,9731,4,1,44,502,2777
9732031,973203,1,9732,3,1,50,737,2858
9733011,973301,1,9733,1,1,85,1045,11921
9734181,973418,1,9734,18,1,26,272,1902
9735041,973504,3,9735,4,1,139,1622,1404
9736131,973613,1,9736,13,1,174,2048,4995
9737191,973719,1,9737,19,1,67,922,1613
9738121,973812,1,9738,12,1,180,2091,2598
9739031,973903,1,9739,3,1,107,1301,3306
9740031,974003,1,9740,3,1,128,1508,2001
9741021,974102,1,9741,2,1,186,2143,1518
9742121,974212,3,9742,12,1,67,923,1581
9743051,974305,2,9743,5,1,114,1400,3262
9744171,974417,1,9744,17,1,155,1818,1651
9745051,974505,1,9745,5,1,98,1187,1422
9746041,974604,2,9746,4,1,49,650,3248
9747061,974706,1,9747,6,1,52,770,1405
9748011,974801,1,9748,1,1,41,475,4150
9749011,974901,2,9749,1,1,29,280,1652
9750031,975003,1,9750,3,1,45,523,3117
9751071,975107,1,9751,7,1,109,1374,2508
9752131,975213,3,9752,13,1,20,224,779
9753011,975301,1,9753,1,1,44,488,3274
9754021,975402,1,9754,2,1,181,2094,2676
9755051,975505,1,9755,5,1,34,409,731
9756021,975602,3,9756,2,1,9,64,3722
9757021,975702,4,9757,2,1,184,2131,2562
9758191,975819,2,9758,19,1,38,445,7240
9759011,975901,2,9759,1,1,92,1129,5118
9760061,976006,2,9760,6,1,179,2088,1811
9761011,976101,2,9761,1,1,20,222,977
9762201,976220,1,9762,20,1,117,1413,3844
9763131,976313,0,9763,13,1,155,1821,1493
9764021,976402,2,9764,2,1,23,242,779
9765171,976517,2,9765,17,1,21,228,784
9766201,976620,1,9766,20,1,63,883,3042
9767051,976705,1,9767,5,1,143,1681,2188
9768011,976801,1,9768,1,1,101,1218,1072
9769151,976915,1,9769,15,1,155,1819,1628
9770021,977002,3,9770,2,1,31,386,1676
9771151,977115,1,9771,15,1,136,1592,1094
9772051,977205,2,9772,5,1,50,680,4276
9773101,977310,0,9773,10,1,111,1383,3212
9774041,977404,2,9774,4,1,23,244,752
9775011,977501,1,9775,1,1,163,1922,1856
9776031,977603,2,9776,3,1,85,1041,12342
9777181,977718,1,9777,18,1,83,1023,11415
9778161,977816,2,9778,16,1,136,1592,1094
9779161,977916,2,9779,16,1,8,62,1927
9780021,978002,1,9780,2,1,116,1409,5069
9781151,978115,0,9781,15,1,37,443,3934
9782141,978214,2,9782,14,1,179,2088,1811
9783011,978301,1,9783,1,1,40,466,3901
9784141,978414,1,9784,14,1,67,918,1831
9785121,978512,1,9785,12,1,149,1741,2121
9786051,978605,2,9786,5,1,44,506,2740
9787041,978704,2,9787,4,1,105,1251,2799
9788041,978804,3,9788,4,1,79,994,7315
9789031,978903,2,9789,3,1,132,1551,1406
9790161,979016,4,9790,16,1,75,966,3387
9791091,979109,2,9791,9,1,187,2147,1565
9792181,979218,1,9792,18,1,142,1676,2626
9793021,979302,1,9793,2,1,97,1169,1663
9794051,979405,1,9794,5,1,86,1070,12734
9795041,979504,3,9795,4,1,82,1020,15428
9796021,979602,1,9796,2,1,44,487,3392
9797151,979715,2,9797,15,1,166,1971,658
9798011,979801,4,9798,1,1,108,1367,3056
9799011,979901,1,9799,1,1,30,339,1541
9800091,980009,1,9800,9,1,187,2146,1688
9801201,980120,2,9801,20,1,136,1590,1225
9802041,980204,2,9802,4,1,104,1245,896
9803041,980304,0,9803,4,1,95,1154,485
9804021,980402,0,9804,2,1,54,811,1294
9805101,980510,0,9805,10,1,143,1679,2282
9806011,980601,1,9806,1,1,107,1324,3029
9807031,980703,2,9807,3,1,30,349,1476
9808091,980809,1,9808,9,1,90,1117,3299
9809041,980904,0,9809,4,1,29,311,1588
9810141,981014,1,9810,14,1,63,882,3147
9811111,981111,2,9811,11,1,179,2088,1811
9812011,981201,1,9812,1,1,48,589,3580
9813051,981305,2,9813,5,1,178,2086,1819
9814021,981402,2,9814,2,1,11,134,2795
9815031,981503,1,9815,3,1,16,168,683
9816041,981604,1,9816,4,1,163,1920,1873
9817021,981702,1,9817,2,1,15,154,728
9818051,981805,2,9818,5,1,139,1620,1454
9819031,981903,4,9819,3,1,50,722,3217
9820021,982002,4,9820,2,1,50,758,1172
9821051,982105,0,9821,5,1,125,1465,3729
9822171,982217,0,9822,17,1,173,2041,4774
9823051,982305,2,9823,5,1,119,1416,4593
9824111,982411,0,9824,11,1,39,451,3817
9825051,982505,1,9825,5,1,44,503,2774
9826031,982603,2,9826,3,1,49,607,4573
9827041,982704,1,9827,4,1,162,1888,1654
9828061,982806,2,9828,6,1,142,1676,2626
9829021,982902,2,9829,2,1,58,840,6057
9829022,982902,1,9829,2,2,58,840,6057
9830051,983005,1,9830,5,1,139,1635,1284
9831051,983105,2,9831,5,1,29,300,1661
9832041,983204,2,9832,4,1,185,2141,1249
9833021,983302,1,9833,2,1,150,1756,2507
9834031,983403,1,9834,3,1,40,469,3459
9835031,983503,2,9835,3,1,39,455,3338
9836021,983602,1,9836,2,1,5,39,1139
9837191,983719,0,9837,19,1,111,1378,4169
9838021,983802,1,9838,2,1,157,1837,2715
9839011,983901,2,9839,1,1,23,245,744
9840031,984003,1,9840,3,1,87,1101,9942
9841011,984101,3,9841,1,1,44,495,2970
9842031,984203,2,9842,3,1,163,1917,1920
9843021,984302,2,9843,2,1,48,562,4673
9844011,984401,1,9844,1,1,50,720,3279
9845011,984501,3,9845,1,1,34,396,778
9846181,984618,2,9846,18,1,111,1381,3504
9847031,984703,0,9847,3,1,107,1300,3331
9848021,984802,1,9848,2,1,48,599,2791
9849181,984918,2,9849,18,1,68,928,1288
9850121,985012,0,9850,12,1,101,1218,1072
9851031,985103,2,9851,3,1,151,1790,1603
9852031,985203,2,9852,3,1,157,1836,3583
9853031,985303,1,9853,3,1,145,1702,2704
9854021,985402,2,9854,2,1,170,2020,1036
9855131,985513,1,9855,13,1,75,966,3387
9856011,985601,1,9856,1,1,93,1138,4351
9857041,985704,2,9857,4,1,46,543,3376
9858011,985801,0,9858,1,1,108,1342,3404
9859041,985904,2,9859,4,1,44,512,2443
9860031,986003,2,9860,3,1,30,340,1528
9861131,986113,5,9861,13,1,116,1406,6756
9862051,986205,2,9862,5,1,44,493,3043
9863071,986307,1,9863,7,1,153,1812,2385
9864041,986404,2,9864,4,1,85,1056,9925
9865011,986501,0,9865,1,1,6,50,1373
9866191,986619,1,9866,19,1,180,2092,2522
9867051,986705,1,9867,5,1,49,618,4123
9868061,986806,1,9868,6,1,178,2084,2239
9869051,986905,0,9869,5,1,56,833,4741
9870031,987003,2,9870,3,1,29,307,1605
9871171,987117,0,9871,17,1,71,938,2501
9872051,987205,4,9872,5,1,108,1356,3261
9873061,987306,1,9873,6,1,117,1412,4714
9874051,987405,2,9874,5,1,162,1869,1745
9875011,987501,1,9875,1,1,90,1117,3299
9876021,987602,1,9876,2,1,18,210,738
9877011,987701,2,9877,1,1,49,609,4460
9878011,987801,1,9878,1,1,127,1491,1834
9879041,987904,0,9879,4,1,106,1286,3116
9880011,988001,2,9880,1,1,138,1603,1445
9881101,988110,2,9881,10,1,52,768,1450
9882041,988204,1,9882,4,1,104,1242,1019
9883091,988309,2,9883,9,1,105,1254,2584
9884181,988418,1,9884,18,1,71,939,2376
9885051,988505,1,9885,5,1,163,1939,1728
9886201,988620,0,9886,20,1,28,279,1313
9887181,988718,1,9887,18,1,81,1018,5909
9888011,988801,4,9888,1,1,46,554,2509
9889031,988903,1,9889,3,1,144,1684,4596
9890021,989002,3,9890,2,1,113,1388,3090
9891201,989120,1,9891,20,1,109,1374,2508
9892031,989203,1,9892,3,1,9,75,3170
9893201,989320,0,9893,20,1,51,765,1494
9894011,989401,2,9894,1,1,86,1070,12734
9895131,989513,1,9895,13,1,173,2041,4774
9896041,989604,1,9896,4,1,31,378,1800
9897041,989704,1,9897,4,1,175,2061,5349
9898011,989801,2,9898,1,1,140,1660,1423
9899111,989911,3,9899,11,1,56,833,4741
9900141,990014,3,9900,14,1,62,881,1964
9901181,990118,1,9901,18,1,39,451,3817
9902191,990219,1,9902,19,1,110,1377,3890
9903021,990302,1,9903,2,1,88,1109,4626
9904021,990402,0,9904,2,1,31,383,1756
9905031,990503,2,9905,3,1,139,1634,1295
9906031,990603,1,9906,3,1,146,1727,3564
9907021,990702,1,9907,2,1,39,451,3817
9908041,990804,0,9908,4,1,55,822,1371
9909051,990905,2,9909,5,1,94,1146,3601
9910031,991003,1,9910,3,1,50,720,3279
9911041,991104,2,9911,4,1,109,1372,3454
9912051,991205,0,9912,5,1,31,388,1595
9913011,991301,0,9913,1,1,52,771,1323
9914041,991404,0,9914,4,1,163,1933,1756
9915011,991501,2,9915,1,1,11,136,2692
9916041,991604,2,9916,4,1,134,1575,1775
9917161,991716,3,9917,16,1,173,2043,4521
9918131,991813,1,9918,13,1,71,936,2779
9919051,991905,1,9919,5,1,63,882,3147
9920081,992008,0,9920,8,1,136,1592,1094
9921011,992101,1,9921,1,1,48,577,3999
9922161,992216,1,9922,16,1,61,877,2869
9923161,992316,2,9923,16,1,159,1844,2105
9924031,992403,1,9924,3,1,87,1095,11960
9925031,992503,3,9925,3,1,54,803,1326
9926051,992605,3,9926,5,1,50,682,3886
9927041,992704,3,9927,4,1,9,81,2980
9928031,992803,1,9928,3,1,139,1648,1096
9929051,992905,2,9929,5,1,49,654,3163
9930041,993004,2,9930,4,1,175,2051,6551
9931011,993101,2,9931,1,1,91,1124,3957
9932131,993213,4,9932,13,1,101,1219,985
9933041,993304,0,9933,4,1,157,1836,3583
9934051,993405,1,9934,5,1,189,2164,1145
9935031,993503,2,9935,3,1,29,312,1588
9936031,993603,1,9936,3,1,132,1554,1316
9937111,993711,1,9937,11,1,173,2041,4774
9938101,993810,2,9938,10,1,38,445,7240
9939041,993904,2,9939,4,1,76,967,28513
9940051,994005,3,9940,5,1,85,1062,3180
9941061,994106,4,9941,6,1,173,2042,4624
9942051,994205,2,9942,5,1,163,1923,1853
9943011,994301,2,9943,1,1,131,1524,1703
9944081,994408,3,9944,8,1,178,2085,2014
9945141,994514,1,9945,14,1,57,838,3502
9946041,994604,2,9946,4,1,30,355,1437
9947021,994702,2,9947,2,1,17,199,609
9948091,994809,0,9948,9,1,187,2149,1504
9949031,994903,1,9949,3,1,53,784,1272
9950101,995010,1,9950,10,1,77,969,10589
9951051,995105,2,9951,5,1,105,1247,2799
9952041,995204,1,9952,4,1,104,1243,963
9953021,995302,1,9953,2,1,31,385,1728
9954041,995404,3,9954,4,1,183,2117,2111
9955131,995513,2,9955,13,1,56,833,4741
9956031,995603,1,9956,3,1,144,1688,2926
9957041,995704,1,9957,4,1,45,522,3170
9958181,995818,1,9958,18,1,67,923,1581
9959041,995904,1,9959,4,1,182,2096,2228
9960111,996011,2,9960,11,1,172,2035,8923
9961031,996103,2,9961,3,1,156,1825,2210
9962051,996205,1,9962,5,1,125,1468,1809
9963171,996317,1,9963,17,1,32,391,636
9964021,996402,1,9964,2,1,169,2012,673
9965041,996504,3,9965,4,1,74,955,2938
9966161,996616,2,9966,16,1,94,1150,839
9967031,996703,1,9967,3,1,108,1354,3285
9968041,996804,2,9968,4,1,50,761,1061
9969051,996905,3,9969,5,1,144,1686,3272
9970031,997003,1,9970,3,1,100,1210,1538
9971011,997101,0,9971,1,1,25,264,995
9972011,997201,1,9972,1,1,58,844,5426
9973091,997309,2,9973,9,1,90,1116,3460
9974011,997401,1,9974,1,1,45,534,2917
9975011,997501,1,9975,1,1,17,183,732
9976171,997617,0,9976,17,1,81,1018,5909
9977051,997705,0,9977,5,1,68,928,1288
9978091,997809,0,9978,9,1,43,482,3070
9979181,997918,1,9979,18,1,155,1819,1628
9980021,998002,1,9980,2,1,132,1547,1533
9981071,998107,1,9981,7,1,136,1589,1281
9982181,998218,1,9982,18,1,123,1461,2454
9983041,998304,2,9983,4,1,5,37,1190
9984031,998403,2,9984,3,1,85,1044,11976
9985051,998505,1,9985,5,1,166,1971,658
9986041,998604,2,9986,4,1,9,94,2118
9987141,998714,2,9987,14,1,95,1154,485
9988141,998814,3,9988,14,1,166,1971,658
9989201,998920,3,9989,20,1,143,1681,2188
9990011,999001,2,9990,1,1,49,613,4248
9991091,999109,1,9991,9,1,125,1466,2305
9992021,999202,1,9992,2,1,114,1401,3180
9993011,999301,2,9993,1,1,163,1923,1853
9994051,999405,1,9994,5,1,29,286,1778
9995031,999503,1,9995,3,1,65,904,2203
9996201,999620,2,9996,20,1,68,928,1288
9997051,999705,2,9997,5,1,140,1659,1429
9998011,999801,2,9998,1,1,16,177,582
9999141,999914,2,9999,14,1,159,1843,2250
10000041,1000004,1,10000,4,1,29,315,1574
10001041,1000104,1,10001,4,1,60,869,7626
10002021,1000202,1,10002,2,1,81,1017,6441
10003011,1000301,2,10003,1,1,49,615,4169
10003012,1000301,1,10003,1,2,49,615,4169
10004031,1000403,2,10004,3,1,29,322,1449
10005041,1000504,4,10005,4,1,59,859,6264
10006121,1000612,2,10006,12,1,178,2084,2239
10007051,1000705,2,10007,5,1,91,1121,4338
10008031,1000803,1,10008,3,1,150,1760,2425
10009041,1000904,1,10009,4,1,174,2046,5443
10010051,1001005,4,10010,5,1,103,1234,1068
10011031,1001103,2,10011,3,1,36,440,645
10012141,1001214,1,10012,14,1,116,1407,6595
10013031,1001303,0,10013,3,1,67,919,1831
10014071,1001407,1,10014,7,1,110,1377,3890
10015041,1001504,2,10015,4,1,108,1369,2848
10016121,1001612,2,10016,12,1,12,143,609
10017051,1001705,2,10017,5,1,2,4,1716
10018051,1001805,1,10018,5,1,182,2095,2255
10019041,1001904,2,10019,4,1,5,28,1464
10020011,1002001,2,10020,1,1,189,2164,1145
10021041,1002104,1,10021,4,1,49,667,2893
10022201,1002220,1,10022,20,1,166,1969,729
10023031,1002303,1,10023,3,1,102,1224,1185
10024131,1002413,0,10024,13,1,71,939,2376
10025011,1002501,1,10025,1,1,21,227,882
10026041,1002604,2,10026,4,1,64,892,3147
10027061,1002706,0,10027,6,1,39,447,4920
10028031,1002803,1,10028,3,1,187,2149,1504
10029031,1002903,1,10029,3,1,35,418,826
10030051,1003005,2,10030,5,1,163,1942,1708
10031021,1003102,0,10031,2,1,40,470,2325
10032031,1003203,1,10032,3,1,151,1780,2117
10033051,1003305,1,10033,5,1,104,1241,1027
10034091,1003409,1,10034,9,1,57,838,3502
10035021,1003502,0,10035,2,1,146,1730,3310
10036041,1003604,3,10036,4,1,53,787,1233
10037101,1003710,2,10037,10,1,88,1111,4301
10038021,1003802,2,10038,2,1,30,330,1652
10039031,1003903,1,10039,3,1,34,397,960
10040101,1004010,1,10040,10,1,67,920,1739
10041031,1004103,1,10041,3,1,122,1449,5146
10042051,1004205,0,10042,5,1,30,345,1490
10043051,1004305,2,10043,5,1,164,1962,1817
10044031,1004403,1,10044,3,1,48,577,3999
10045031,1004503,2,10045,3,1,36,439,646
10046041,1004604,1,10046,4,1,131,1528,848
10046042,1004604,1,10046,4,2,131,1528,848
10047011,1004701,3,10047,1,1,82,1020,15428
10048091,1004809,2,10048,9,1,154,1815,2566
10049051,1004905,2,10049,5,1,113,1390,3214
10050031,1005003,0,10050,3,1,65,906,1456
10051011,1005101,1,10051,1,1,48,587,3640
10052021,1005202,0,10052,2,1,106,1256,3877
10053121,1005312,2,10053,12,1,27,276,1431
10054181,1005418,0,10054,18,1,111,1380,3726
10055051,1005505,2,10055,5,1,127,1492,1817
10056021,1005602,2,10056,2,1,40,461,4346
10057031,1005703,1,10057,3,1,9,74,3176
10058071,1005807,0,10058,7,1,111,1382,3286
10059031,1005903,3,10059,3,1,50,708,3458
10060091,1006009,4,10060,9,1,111,1380,3726
10061011,1006101,2,10061,1,1,7,60,4118
10062041,1006204,1,10062,4,1,55,820,1487
10063011,1006301,0,10063,1,1,44,503,2774
10064041,1006404,1,10064,4,1,106,1284,3150
10065041,1006504,2,10065,4,1,23,245,744
10066011,1006601,1,10066,1,1,52,774,1138
10067021,1006702,1,10067,2,1,29,323,1414
10068091,1006809,1,10068,9,1,153,1809,2602
10069061,1006906,2,10069,6,1,32,390,691
10070041,1007004,1,10070,4,1,126,1478,1530
10070042,1007004,1,10070,4,2,126,1478,1530
10071051,1007105,1,10071,5,1,145,1715,2472
10072061,1007206,0,10072,6,1,160,1847,1348
10073031,1007303,2,10073,3,1,107,1307,3227
10074071,1007407,2,10074,7,1,100,1210,1538
10075051,1007505,2,10075,5,1,44,502,2777
10076031,1007603,2,10076,3,1,131,1518,2249
10077101,1007710,2,10077,10,1,8,63,1922
10078021,1007802,1,10078,2,1,122,1454,4215
10079021,1007902,1,10079,2,1,106,1284,3150
10080161,1008016,1,10080,16,1,100,1209,1651
10081021,1008102,2,10081,2,1,49,644,3450
10082021,1008202,1,10082,2,1,163,1933,1756
10083051,1008305,1,10083,5,1,105,1249,2799
10084161,1008416,2,10084,16,1,37,443,3934
10085051,1008505,1,10085,5,1,29,315,1574
10086141,1008614,2,10086,14,1,118,1415,5024
10087021,1008702,3,10087,2,1,151,1790,1603
10088051,1008805,2,10088,5,1,32,390,691
10089041,1008904,2,10089,4,1,164,1959,1904
10090041,1009004,1,10090,4,1,176,2076,5691
10091021,1009102,1,10091,2,1,72,944,2387
10092031,1009203,2,10092,3,1,131,1522,1788
10093041,1009304,3,10093,4,1,9,87,2716
10094171,1009417,1,10094,17,1,142,1677,2524
10095051,1009505,1,10095,5,1,98,1197,1206
10096011,1009601,1,10096,1,1,159,1842,2431
10097131,1009713,1,10097,13,1,116,1408,6402
10098041,1009804,2,10098,4,1,10,104,3024
10099011,1009901,1,10099,1,1,123,1461,2454
10100031,1010003,2,10100,3,1,111,1378,4169
10101101,1010110,3,10101,10,1,100,1211,1520
10102051,1010205,2,10102,5,1,163,1922,1856
10103041,1010304,1,10103,4,1,53,786,1242
10104201,1010420,1,10104,20,1,143,1682,2124
10105071,1010507,4,10105,7,1,88,1110,4468
10106161,1010616,2,10106,16,1,149,1741,2121
10107011,1010701,1,10107,1,1,176,2073,5822
10108041,1010804,2,10108,4,1,29,307,1605
10109011,1010901,2,10109,1,1,48,580,3906
10110011,1011001,2,10110,1,1,67,919,1831
10111031,1011103,1,10111,3,1,142,1676,2626
10112021,1011202,2,10112,2,1,113,1397,2146
10113051,1011305,1,10113,5,1,86,1072,12524
10114041,1011404,1,10114,4,1,6,55,1249
10115081,1011508,1,10115,8,1,32,393,610
10116121,1011612,1,10116,12,1,187,2148,1543
10117041,1011704,2,10117,4,1,26,274,1433
10118041,1011804,2,10118,4,1,18,207,769
10119141,1011914,3,10119,14,1,100,1210,1538
10120041,1012004,3,10120,4,1,119,1416,4593
10121051,1012105,1,10121,5,1,158,1839,3897
10122051,1012205,1,10122,5,1,49,613,4248
10123021,1012302,3,10123,2,1,49,672,1906
10124111,1012411,1,10124,11,1,118,1414,5277
10125141,1012514,0,10125,14,1,38,446,6693
10126021,1012602,1,10126,2,1,48,573,4109
10127051,1012705,0,10127,5,1,30,363,1343
10128031,1012803,1,10128,3,1,80,1004,7094
10129041,1012904,2,10129,4,1,108,1363,3165
10130051,1013005,1,10130,5,1,162,1904,1534
10131031,1013103,2,10131,3,1,94,1143,3880
10132051,1013205,1,10132,5,1,63,889,2449
10133031,1013303,2,10133,3,1,98,1188,1412
10134041,1013404,1,10134,4,1,9,75,3170
10135071,1013507,2,10135,7,1,1,3,848
10136011,1013601,1,10136,1,1,166,1969,729
10137021,1013702,1,10137,2,1,76,967,28513
10138151,1013815,1,10138,15,1,173,2043,4521
10139131,1013913,1,10139,13,1,173,2043,4521
10140031,1014003,7,10140,3,1,48,585,3733
10141021,1014102,3,10141,2,1,98,1190,1362
10142161,1014216,1,10142,16,1,42,480,3631
10143051,1014305,2,10143,5,1,16,162,826
10144041,1014404,1,10144,4,1,23,237,832
10145041,1014504,2,10145,4,1,46,544,3310
10146101,1014610,1,10146,10,1,166,1972,586
10147011,1014701,2,10147,1,1,81,1018,5909
10148161,1014816,0,10148,16,1,21,227,882
10149011,1014901,1,10149,1,1,12,143,609
10150021,1015002,1,10150,2,1,48,570,4237
10151011,1015101,3,10151,1,1,139,1650,1051
10152041,1015204,2,10152,4,1,58,848,5029
10153051,1015305,4,10153,5,1,73,948,2562
10154161,1015416,2,10154,16,1,105,1253,2656
10154162,1015416,1,10154,16,2,105,1253,2656
10155181,1015518,1,10155,18,1,63,882,3147
10156051,1015605,1,10156,5,1,29,284,1820
10157041,1015704,2,10157,4,1,131,1525,1298
10158061,1015806,1,10158,6,1,105,1252,2794
10159011,1015901,1,10159,1,1,34,413,135
10160041,1016004,2,10160,4,1,98,1192,1313
10161021,1016102,1,10161,2,1,16,175,625
10162201,1016220,1,10162,20,1,142,1676,2626
10163081,1016308,0,10163,8,1,96,1157,995
10164041,1016404,1,10164,4,1,50,742,2715
10165011,1016501,2,10165,1,1,106,1289,3018
10166151,1016615,0,10166,15,1,143,1678,2442
10167011,1016701,2,10167,1,1,29,298,1669
10168031,1016803,0,10168,3,1,116,1406,6756
10169011,1016901,2,10169,1,1,140,1662,1321
10170051,1017005,2,10170,5,1,134,1578,1565
10171031,1017103,1,10171,3,1,72,942,2549
10172011,1017201,1,10172,1,1,144,1689,2866
10173021,1017302,1,10173,2,1,5,32,1371
10174051,1017405,2,10174,5,1,86,1084,9385
10175031,1017503,1,10175,3,1,120,1429,4036
10176021,1017602,3,10176,2,1,49,628,3794
10177041,1017704,1,10177,4,1,54,808,1307
10178061,1017806,2,10178,6,1,155,1822,916
10179011,1017901,1,10179,1,1,85,1033,13434
10180061,1018006,2,10180,6,1,88,1110,4468
10181121,1018112,1,10181,12,1,42,481,3354
10182141,1018214,0,10182,14,1,61,878,2843
10183201,1018320,1,10183,20,1,105,1253,2656
10184181,1018418,3,10184,18,1,149,1741,2121
10185021,1018502,1,10185,2,1,10,110,2905
10186051,1018605,2,10186,5,1,58,850,4874
10187041,1018704,2,10187,4,1,23,238,831
10188051,1018805,4,10188,5,1,120,1426,4969
10188052,1018805,2,10188,5,2,120,1426,4969
10189121,1018912,2,10189,12,1,71,937,2578
10190041,1019004,2,10190,4,1,53,793,1196
10191031,1019103,2,10191,3,1,5,43,1062
10191032,1019103,0,10191,3,2,5,43,1062
10192051,1019205,1,10192,5,1,44,486,3883
10193061,1019306,1,10193,6,1,37,444,3822
10194011,1019401,2,10194,1,1,4,16,1324
10195151,1019515,1,10195,15,1,88,1110,4468
10196081,1019608,1,10196,8,1,112,1386,3430
10197021,1019702,2,10197,2,1,138,1603,1445
10198051,1019805,1,10198,5,1,107,1302,3301
10198052,1019805,1,10198,5,2,107,1302,3301
10199011,1019901,1,10199,1,1,87,1090,13365
10200041,1020004,2,10200,4,1,126,1471,2195
10201031,1020103,2,10201,3,1,58,846,5182
10202031,1020203,2,10202,3,1,50,705,3499
10203021,1020302,1,10203,2,1,6,51,1346
10204151,1020415,0,10204,15,1,172,2038,7996
10205051,1020505,2,10205,5,1,65,900,2939
10206021,1020602,1,10206,2,1,29,286,1778
10207021,1020702,1,10207,2,1,135,1587,1397
10208101,1020810,1,10208,10,1,27,275,1555
10209021,1020902,2,10209,2,1,169,2011,775
10210071,1021007,3,10210,7,1,62,881,1964
10211051,1021105,3,10211,5,1,170,2023,991
10212031,1021203,0,10212,3,1,92,1136,3408
10212032,1021203,1,10212,3,2,92,1136,3408
10212033,1021203,1,10212,3,3,92,1136,3408
10212034,1021203,0,10212,3,4,92,1136,3408
10212035,1021203,1,10212,3,5,92,1136,3408
10213011,1021301,2,10213,1,1,189,2159,1210
10214201,1021420,2,10214,20,1,141,1675,2637
10215201,1021520,2,10215,20,1,43,482,3070
10216121,1021612,2,10216,12,1,62,879,3249
10217041,1021704,2,10217,4,1,48,591,3541
10218121,1021812,0,10218,12,1,117,1410,5193
10219031,1021903,2,10219,3,1,23,249,685
10220041,1022004,1,10220,4,1,137,1593,1069
10221021,1022102,1,10221,2,1,16,177,582
10222011,1022201,2,10222,1,1,103,1238,973
10223111,1022311,2,10223,11,1,100,1213,1488
10223112,1022311,0,10223,11,2,100,1213,1488
10224051,1022405,3,10224,5,1,87,1104,1917
10225121,1022512,2,10225,12,1,109,1373,2841
10226031,1022603,1,10226,3,1,88,1105,4784
10227051,1022705,2,10227,5,1,66,910,3312
10228011,1022801,1,10228,1,1,75,966,3387
10229011,1022901,1,10229,1,1,9,70,3330
10230011,1023001,2,10230,1,1,85,1040,12481
10231041,1023104,0,10231,4,1,36,437,666
10232041,1023204,1,10232,4,1,145,1701,2718
10233051,1023305,3,10233,5,1,145,1699,2772
10234101,1023410,3,10234,10,1,56,831,4889
10235201,1023520,1,10235,20,1,173,2041,4774
10236041,1023604,3,10236,4,1,46,540,3689
10237021,1023702,2,10237,2,1,49,651,3240
10238091,1023809,1,10238,9,1,1,3,848
10239041,1023904,2,10239,4,1,33,395,576
10240081,1024008,2,10240,8,1,20,223,797
10241051,1024105,1,10241,5,1,44,507,2734
10242051,1024205,1,10242,5,1,139,1623,1392
10243051,1024305,4,10243,5,1,98,1190,1362
10244161,1024416,1,10244,16,1,51,765,1494
10245011,1024501,8,10245,1,1,30,356,1435
10246031,1024603,1,10246,3,1,108,1337,3479
10247051,1024705,2,10247,5,1,58,851,4808
10248151,1024815,3,10248,15,1,62,879,3249
10249051,1024905,0,10249,5,1,105,1254,2584
10250011,1025001,2,10250,1,1,65,899,2997
10251031,1025103,1,10251,3,1,88,1107,4964
10252041,1025204,1,10252,4,1,9,92,2345
10253011,1025301,1,10253,1,1,30,341,1527
10254031,1025403,3,10254,3,1,177,2082,8379
10255021,1025502,1,10255,2,1,123,1462,2245
10256051,1025605,1,10256,5,1,108,1339,3444
10257041,1025704,1,10257,4,1,131,1520,2107
10258011,1025801,3,10258,1,1,48,588,3638
10259131,1025913,1,10259,13,1,125,1465,3729
10260011,1026001,1,10260,1,1,42,480,3631
10261021,1026102,2,10261,2,1,6,48,1412
10262011,1026201,0,10262,1,1,141,1674,2757
10263021,1026302,1,10263,2,1,162,1868,1768
10264051,1026405,2,10264,5,1,162,1909,1376
10265031,1026503,2,10265,3,1,144,1690,2756
10266031,1026603,1,10266,3,1,124,1463,8536
10267011,1026701,1,10267,1,1,97,1169,1663
10268041,1026804,3,10268,4,1,6,51,1346
10269031,1026903,2,10269,3,1,29,296,1685
10270051,1027005,1,10270,5,1,80,1011,4558
10271081,1027108,1,10271,8,1,39,449,4091
10272041,1027204,1,10272,4,1,14,148,833
10273011,1027301,1,10273,1,1,5,31,1371
10274011,1027401,1,10274,1,1,108,1340,3422
10275041,1027504,0,10275,4,1,152,1805,1980
10276051,1027605,2,10276,5,1,108,1362,3181
10277031,1027703,2,10277,3,1,44,510,2594
10278021,1027802,1,10278,2,1,97,1178,1181
10279021,1027902,0,10279,2,1,97,1180,550
10280041,1028004,2,10280,4,1,159,1842,2431
10281151,1028115,1,10281,15,1,38,446,6693
10282041,1028204,2,10282,4,1,128,1495,2148
10283011,1028301,1,10283,1,1,15,153,768
10284031,1028403,0,10284,3,1,50,693,3642
10285021,1028502,0,10285,2,1,54,808,1307
10286131,1028613,3,10286,13,1,63,887,2678
10287051,1028705,1,10287,5,1,51,766,1365
10288071,1028807,0,10288,7,1,70,932,2540
10289031,1028903,0,10289,3,1,162,1890,1631
10290031,1029003,2,10290,3,1,50,743,2710
10291041,1029104,2,10291,4,1,163,1931,1766
10292021,1029202,3,10292,2,1,85,1029,15501
10293011,1029301,3,10293,1,1,34,400,875
10294031,1029403,2,10294,3,1,113,1390,3214
10295081,1029508,1,10295,8,1,117,1412,4714
10296021,1029602,0,10296,2,1,83,1024,5447
10297031,1029703,1,10297,3,1,170,2015,1223
10298011,1029801,3,10298,1,1,83,1023,11415
10299181,1029918,1,10299,18,1,160,1848,1343
10300011,1030001,1,10300,1,1,30,365,1327
10301011,1030101,2,10301,1,1,72,943,2474
10302121,1030212,2,10302,12,1,125,1465,3729
10303051,1030305,2,10303,5,1,184,2131,2562
10304181,1030418,0,10304,18,1,13,147,488
10305011,1030501,1,10305,1,1,56,830,5624
10306061,1030606,1,10306,6,1,105,1253,2656
10307051,1030705,2,10307,5,1,10,101,3178
10308201,1030820,1,10308,20,1,28,277,1380
10309021,1030902,1,10309,2,1,139,1634,1295
10309022,1030902,1,10309,2,2,139,1634,1295
10310111,1031011,2,10310,11,1,14,149,796
10311061,1031106,1,10311,6,1,137,1599,1009
10312021,1031202,2,10312,2,1,44,513,2427
10313041,1031304,2,10313,4,1,4,21,1259
10314021,1031402,2,10314,2,1,139,1621,1407
10315051,1031505,1,10315,5,1,107,1311,3189
10316021,1031602,1,10316,2,1,91,1123,4162
10317031,1031703,2,10317,3,1,35,426,769
10318151,1031815,1,10318,15,1,56,832,4770
10319061,1031906,1,10319,6,1,68,927,1392
10320041,1032004,1,10320,4,1,107,1306,3229
10321051,1032105,1,10321,5,1,175,2062,5212
10322011,1032201,1,10322,1,1,108,1333,3295
10323031,1032303,1,10323,3,1,189,2160,1184
10324191,1032419,1,10324,19,1,143,1678,2442
10325031,1032503,3,10325,3,1,97,1168,1667
10326031,1032603,1,10326,3,1,127,1492,1817
10327171,1032717,2,10327,17,1,160,1847,1348
10328161,1032816,2,10328,16,1,187,2144,1720
10329081,1032908,2,10329,8,1,32,391,636
10330041,1033004,0,10330,4,1,157,1835,4084
10331171,1033117,1,10331,17,1,63,883,3042
10332091,1033209,2,10332,9,1,57,836,4721
10333071,1033307,2,10333,7,1,57,838,3502
10334011,1033401,2,10334,1,1,18,214,680
10335051,1033505,3,10335,5,1,9,69,3373
10336151,1033615,0,10336,15,1,71,939,2376
10337051,1033705,2,10337,5,1,146,1734,1558
10338201,1033820,0,10338,20,1,136,1591,1218
10339041,1033904,1,10339,4,1,125,1465,3729
10340011,1034001,3,10340,1,1,163,1927,1789
10341021,1034102,2,10341,2,1,78,976,10781
10342191,1034219,2,10342,19,1,70,933,2426
10343201,1034320,1,10343,20,1,42,481,3354
10344021,1034402,2,10344,2,1,101,1215,1128
10345021,1034502,1,10345,2,1,29,317,1545
10346121,1034612,2,10346,12,1,135,1582,2162
10347021,1034702,1,10347,2,1,104,1245,896
10348121,1034812,2,10348,12,1,166,1971,658
10349051,1034905,1,10349,5,1,11,135,2757
10350011,1035001,1,10350,1,1,53,791,1209
10351011,1035101,2,10351,1,1,139,1622,1404
10352041,1035204,1,10352,4,1,86,1072,12524
10353041,1035304,1,10353,4,1,9,83,2919
10354081,1035408,2,10354,8,1,110,1375,5038
10355041,1035504,3,10355,4,1,138,1606,1354
10356091,1035609,0,10356,9,1,137,1596,1073
10357021,1035702,2,10357,2,1,175,2064,4903
10358131,1035813,0,10358,13,1,143,1681,2188
10359051,1035905,1,10359,5,1,162,1877,1713
10360021,1036002,0,10360,2,1,98,1193,1296
10361051,1036105,1,10361,5,1,49,631,3756
10362041,1036204,2,10362,4,1,164,1961,1825
10363161,1036316,1,10363,16,1,88,1110,4468
10364031,1036403,1,10364,3,1,8,62,1927
10365051,1036505,2,10365,5,1,174,2046,5443
10366041,1036604,3,10366,4,1,151,1775,2137
10367031,1036703,2,10367,3,1,104,1246,891
10368191,1036819,1,10368,19,1,187,2148,1543
10369011,1036901,1,10369,1,1,4,9,1287
10370031,1037003,3,10370,3,1,85,1059,9177
10371011,1037101,2,10371,1,1,170,2024,990
10372051,1037205,2,10372,5,1,4,26,1132
10373011,1037301,3,10373,1,1,170,2015,1223
10374051,1037405,2,10374,5,1,35,432,683
10375031,1037503,1,10375,3,1,182,2108,1861
10376091,1037609,2,10376,9,1,38,446,6693
10377031,1037703,0,10377,3,1,86,1080,10183
10378011,1037801,1,10378,1,1,65,895,3954
10379011,1037901,1,10379,1,1,176,2070,6286
10380011,1038001,3,10380,1,1,98,1189,1386
10381051,1038105,1,10381,5,1,106,1264,3506
10382091,1038209,0,10382,9,1,160,1846,1388
10383051,1038305,2,10383,5,1,48,584,3791
10384011,1038401,0,10384,1,1,6,59,1038
10385161,1038516,1,10385,16,1,90,1116,3460
10386021,1038602,0,10386,2,1,70,931,3702
10387041,1038704,1,10387,4,1,48,592,3525
10388041,1038804,4,10388,4,1,126,1473,2107
10389011,1038901,1,10389,1,1,50,742,2715
10390041,1039004,2,10390,4,1,184,2128,2779
10391121,1039112,1,10391,12,1,154,1815,2566
10392071,1039207,2,10392,7,1,38,446,6693
10393201,1039320,0,10393,20,1,71,939,2376
10394011,1039401,3,10394,1,1,50,761,1061
10395171,1039517,1,10395,17,1,118,1415,5024
10396031,1039603,2,10396,3,1,80,1009,6673
10397041,1039704,0,10397,4,1,137,1596,1073
10398021,1039802,1,10398,2,1,54,815,1250
10399061,1039906,1,10399,6,1,37,442,5052
10400021,1040002,2,10400,2,1,120,1431,1119
10401201,1040120,1,10401,20,1,77,970,8757
10402111,1040211,5,10402,11,1,125,1468,1809
10403011,1040301,1,10403,1,1,150,1746,2719
10404021,1040402,1,10404,2,1,10,112,2852
10405011,1040501,2,10405,1,1,4,20,1269
10406011,1040601,1,10406,1,1,103,1230,1147
10407061,1040706,1,10407,6,1,153,1811,2396
10408051,1040805,1,10408,5,1,138,1602,1545
10409031,1040903,2,10409,3,1,164,1955,2022
10410051,1041005,1,10410,5,1,72,944,2387
10411051,1041105,1,10411,5,1,92,1131,4532
10412201,1041220,1,10412,20,1,100,1211,1520
10413111,1041311,2,10413,11,1,75,966,3387
10414171,1041417,1,10414,17,1,83,1024,5447
10415031,1041503,1,10415,3,1,49,676,1034
10416161,1041616,0,10416,16,1,174,2047,5218
10416162,1041616,2,10416,16,2,174,2047,5218
10417051,1041705,1,10417,5,1,64,894,2202
10418031,1041803,0,10418,3,1,17,191,675
10419171,1041917,0,10419,17,1,143,1678,2442
10420051,1042005,2,10420,5,1,30,332,1626
10421201,1042120,0,10421,20,1,71,935,2985
10422041,1042204,1,10422,4,1,30,364,1340
10423021,1042302,1,10423,2,1,106,1269,3334
10424021,1042402,2,10424,2,1,29,305,1617
10425041,1042504,2,10425,4,1,184,2130,2639
10426051,1042605,2,10426,5,1,50,711,3409
10427131,1042713,4,10427,13,1,90,1117,3299
10428031,1042803,1,10428,3,1,10,112,2852
10429031,1042903,1,10429,3,1,18,208,757
10430041,1043004,1,10430,4,1,97,1161,1854
10431041,1043104,3,10431,4,1,85,1044,11976
10432011,1043201,1,10432,1,1,91,1123,4162
10433031,1043303,1,10433,3,1,102,1223,1242
10434021,1043402,2,10434,2,1,151,1784,2039
10435031,1043503,2,10435,3,1,50,707,3479
10436021,1043602,1,10436,2,1,66,909,3673
10437031,1043703,3,10437,3,1,72,944,2387
10438101,1043810,1,10438,10,1,20,222,977
10439041,1043904,1,10439,4,1,115,1404,6225
10440131,1044013,1,10440,13,1,75,965,3506
10441041,1044104,0,10441,4,1,50,746,2395
10442031,1044203,1,10442,3,1,49,677,1008
10443111,1044311,1,10443,11,1,71,939,2376
10444021,1044402,2,10444,2,1,162,1866,1814
10445051,1044505,0,10445,5,1,98,1192,1313
10446051,1044605,2,10446,5,1,133,1569,1256
10447151,1044715,2,10447,15,1,105,1250,2996
10448021,1044802,1,10448,2,1,106,1292,2604
10449011,1044901,1,10449,1,1,78,975,10894
10449012,1044901,1,10449,1,2,78,975,10894
10450121,1045012,1,10450,12,1,137,1597,1065
10451031,1045103,1,10451,3,1,22,231,426
10452051,1045205,2,10452,5,1,36,436,671
10453031,1045303,0,10453,3,1,54,814,1273
10454051,1045405,0,10454,5,1,45,535,2768
10455021,1045502,4,10455,2,1,79,989,8822
10456171,1045617,1,10456,17,1,100,1210,1538
10456172,1045617,3,10456,17,2,100,1210,1538
10457031,1045703,2,10457,3,1,17,180,771
10458051,1045805,1,10458,5,1,121,1448,1033
10459021,1045902,3,10459,2,1,82,1019,22834
10460051,1046005,0,10460,5,1,48,577,3999
10461051,1046105,2,10461,5,1,106,1261,3630
10462041,1046204,2,10462,4,1,9,64,3722
10463131,1046313,0,10463,13,1,39,449,4091
10464031,1046403,3,10464,3,1,11,133,2813
10465031,1046503,1,10465,3,1,30,353,1448
10466011,1046601,2,10466,1,1,162,1899,1566
10467181,1046718,1,10467,18,1,137,1600,973
10468011,1046801,4,10468,1,1,145,1702,2704
10469021,1046902,1,10469,2,1,140,1667,1249
10470171,1047017,1,10470,17,1,94,1148,948
10471041,1047104,2,10471,4,1,50,725,3135
10472041,1047204,0,10472,4,1,61,877,2869
10473011,1047301,2,10473,1,1,175,2059,5427
10474031,1047403,1,10474,3,1,56,833,4741
10475011,1047501,0,10475,1,1,160,1845,1479
10476171,1047617,1,10476,17,1,89,1113,3095
10477191,1047719,1,10477,19,1,160,1845,1479
10478011,1047801,3,10478,1,1,54,815,1250
10479021,1047902,1,10479,2,1,42,479,11188
10480051,1048005,2,10480,5,1,175,2050,6566
10481161,1048116,5,10481,16,1,123,1462,2245
10482011,1048201,2,10482,1,1,128,1509,1993
10483041,1048304,1,10483,4,1,50,763,485
10484031,1048403,3,10484,3,1,65,896,3548
10485041,1048504,1,10485,4,1,106,1263,3596
10486041,1048604,2,10486,4,1,4,9,1287
10487091,1048709,2,10487,9,1,20,222,977
10488011,1048801,2,10488,1,1,81,1012,22127
10489121,1048912,0,10489,12,1,56,830,5624
10490151,1049015,1,10490,15,1,42,481,3354
10491041,1049104,1,10491,4,1,132,1539,1677
10492031,1049203,1,10492,3,1,100,1212,1495
10493041,1049304,3,10493,4,1,49,634,3710
10494011,1049401,1,10494,1,1,49,645,3421
10495041,1049504,2,10495,4,1,85,1058,9709
10496011,1049601,1,10496,1,1,127,1487,1951
10497031,1049703,3,10497,3,1,31,371,1862
10498011,1049801,1,10498,1,1,49,606,4668
10499091,1049909,1,10499,9,1,90,1114,10379
10500031,1050003,1,10500,3,1,162,1908,1446
10501051,1050105,3,10501,5,1,106,1268,3360
10502021,1050202,1,10502,2,1,86,1075,11783
10503011,1050301,3,10503,1,1,104,1244,941
10504031,1050403,3,10504,3,1,58,854,4749
10505141,1050514,1,10505,14,1,167,1974,661
10506051,1050605,1,10506,5,1,132,1558,858
10507051,1050705,3,10507,5,1,49,646,3384
10508151,1050815,1,10508,15,1,7,61,3848
10509051,1050905,3,10509,5,1,17,193,653
10510021,1051002,2,10510,2,1,54,805,1316
10511171,1051117,2,10511,17,1,129,1514,2031
10512011,1051201,2,10512,1,1,30,324,1771
10513041,1051304,2,10513,4,1,15,156,674
10514081,1051408,1,10514,8,1,174,2048,4995
10515051,1051505,4,10515,5,1,48,572,4144
10516031,1051603,3,10516,3,1,53,781,1302
10517051,1051705,0,10517,5,1,50,687,3768
10518021,1051802,2,10518,2,1,50,726,3103
10519061,1051906,1,10519,6,1,173,2039,5218
10520011,1052001,1,10520,1,1,169,1979,1077
10521101,1052110,1,10521,10,1,154,1814,2660
10522041,1052204,2,10522,4,1,44,513,2427
10523031,1052303,2,10523,3,1,150,1752,2611
10524031,1052403,1,10524,3,1,30,324,1771
10525031,1052503,2,10525,3,1,183,2119,2058
10526051,1052605,4,10526,5,1,80,1008,6695
10527051,1052705,1,10527,5,1,185,2139,1468
10528131,1052813,1,10528,13,1,96,1156,1044
10529031,1052903,1,10529,3,1,163,1923,1853
10530041,1053004,2,10530,4,1,145,1705,2626
10531041,1053104,1,10531,4,1,41,477,3873
10532011,1053201,1,10532,1,1,104,1240,1188
10533031,1053303,0,10533,3,1,133,1562,1817
10534021,1053402,2,10534,2,1,182,2099,2136
10535021,1053502,1,10535,2,1,18,212,726
10536021,1053602,1,10536,2,1,16,170,667
10537011,1053701,1,10537,1,1,153,1807,2589
10538081,1053808,0,10538,8,1,26,273,1479
10539011,1053901,1,10539,1,1,50,693,3642
10540011,1054001,1,10540,1,1,155,1822,916
10541021,1054102,2,10541,2,1,9,74,3176
10542041,1054204,0,10542,4,1,50,721,3243
10543041,1054304,1,10543,4,1,50,720,3279
10544181,1054418,2,10544,18,1,96,1156,1044
10545041,1054504,1,10545,4,1,17,196,633
10546011,1054601,1,10546,1,1,85,1061,6128
10547021,1054702,1,10547,2,1,48,586,3644
10548051,1054805,1,10548,5,1,120,1422,5722
10549021,1054902,1,10549,2,1,76,968,7378
10550011,1055001,3,10550,1,1,29,282,1851
10551021,1055102,2,10551,2,1,46,546,3168
10552031,1055203,2,10552,3,1,36,441,597
10553041,1055304,2,10553,4,1,100,1213,1488
10554011,1055401,0,10554,1,1,160,1846,1388
10555071,1055507,1,10555,7,1,12,143,609
10556101,1055610,2,10556,10,1,3,7,1634
10557091,1055709,1,10557,9,1,111,1382,3286
10558031,1055803,2,10558,3,1,162,1881,1684
10559031,1055903,1,10559,3,1,81,1015,19018
10560091,1056009,2,10560,9,1,94,1148,948
10561131,1056113,1,10561,13,1,21,228,784
10562041,1056204,1,10562,4,1,188,2151,1526
10563041,1056304,3,10563,4,1,10,101,3178
10564201,1056420,1,10564,20,1,172,2035,8923
10565101,1056510,0,10565,10,1,154,1817,2285
10565102,1056510,1,10565,10,2,154,1817,2285
10566011,1056601,3,10566,1,1,169,1998,1037
10567021,1056702,1,10567,2,1,116,1406,6756
10568041,1056804,1,10568,4,1,120,1421,5724
10569011,1056901,0,10569,1,1,26,272,1902
10570021,1057002,2,10570,2,1,129,1514,2031
10571191,1057119,2,10571,19,1,173,2043,4521
10572011,1057201,3,10572,1,1,88,1111,4301
10573031,1057303,2,10573,3,1,17,188,706
10574011,1057401,1,10574,1,1,135,1582,2162
10575031,1057503,1,10575,3,1,54,818,1125
10576051,1057605,1,10576,5,1,78,978,9619
10577051,1057705,1,10577,5,1,138,1605,1367
10578041,1057804,1,10578,4,1,48,572,4144
10579021,1057902,1,10579,2,1,132,1533,1859
10580051,1058005,2,10580,5,1,154,1816,2554
10581011,1058101,1,10581,1,1,170,2026,917
10582161,1058216,1,10582,16,1,101,1217,1108
10583141,1058314,4,10583,14,1,123,1461,2454
10584031,1058403,0,10584,3,1,162,1863,1860
10584032,1058403,1,10584,3,2,162,1863,1860
10585191,1058519,3,10585,19,1,76,968,7378
10586011,1058601,1,10586,1,1,45,517,3447
10587141,1058714,1,10587,14,1,155,1822,916
10588031,1058803,2,10588,3,1,90,1116,3460
10589131,1058913,2,10589,13,1,141,1675,2637
10590011,1059001,2,10590,1,1,171,2032,830
10591011,1059101,0,10591,1,1,36,435,677
10592051,1059205,1,10592,5,1,35,429,746
10593181,1059318,1,10593,18,1,20,222,977
10594021,1059402,2,10594,2,1,160,1846,1388
10595181,1059518,1,10595,18,1,116,1407,6595
10596041,1059604,1,10596,4,1,175,2057,5683
10597051,1059705,0,10597,5,1,175,2055,6159
10598041,1059804,1,10598,4,1,53,796,1141
10599201,1059920,0,10599,20,1,147,1736,2632
10600031,1060003,1,10600,3,1,162,1866,1814
10601041,1060104,2,10601,4,1,60,870,7327
10602041,1060204,4,10602,4,1,58,854,4749
10603151,1060315,1,10603,15,1,117,1412,4714
10604031,1060403,0,10604,3,1,58,851,4808
10605021,1060502,1,10605,2,1,7,60,4118
10606021,1060602,3,10606,2,1,138,1615,1177
10607031,1060703,2,10607,3,1,15,153,768
10608041,1060804,0,10608,4,1,169,1979,1077
10609201,1060920,0,10609,20,1,109,1373,2841
10610051,1061005,2,10610,5,1,16,176,618
10611111,1061111,2,10611,11,1,185,2140,1353
10612051,1061205,1,10612,5,1,76,968,7378
10613191,1061319,2,10613,19,1,63,886,2839
10614011,1061401,2,10614,1,1,78,976,10781
10615171,1061517,2,10615,17,1,32,393,610
10616091,1061609,1,10616,9,1,129,1513,2829
10617011,1061701,2,10617,1,1,65,902,2856
10618151,1061815,2,10618,15,1,123,1462,2245
10619181,1061918,2,10619,18,1,63,887,2678
10620031,1062003,4,10620,3,1,85,1031,13767
10621051,1062105,1,10621,5,1,187,2146,1688
10622051,1062205,0,10622,5,1,111,1383,3212
10623021,1062302,0,10623,2,1,107,1298,3361
10624051,1062405,1,10624,5,1,92,1136,3408
10625041,1062504,2,10625,4,1,98,1193,1296
10626031,1062603,2,10626,3,1,139,1647,1151
10627191,1062719,1,10627,19,1,81,1017,6441
10628031,1062803,0,10628,3,1,111,1384,3206
10629051,1062905,2,10629,5,1,151,1781,2099
10630011,1063001,1,10630,1,1,151,1771,2198
10631011,1063101,2,10631,1,1,85,1041,12342
10631012,1063101,1,10631,1,2,85,1041,12342
10631013,1063101,1,10631,1,3,85,1041,12342
10632091,1063209,4,10632,9,1,154,1817,2285
10633021,1063302,1,10633,2,1,97,1167,1679
10634011,1063401,2,10634,1,1,11,133,2813
10635021,1063502,2,10635,2,1,139,1636,1275
10636041,1063604,4,10636,4,1,133,1564,1797
10637051,1063705,1,10637,5,1,96,1157,995
10638151,1063815,2,10638,15,1,117,1410,5193
10639081,1063908,1,10639,8,1,105,1253,2656
10640051,1064005,1,10640,5,1,128,1495,2148
10641011,1064101,7,10641,1,1,126,1475,1858
10642031,1064203,0,10642,3,1,63,889,2449
10643191,1064319,2,10643,19,1,13,147,488
10644011,1064401,0,10644,1,1,152,1801,2119
10645171,1064517,2,10645,17,1,67,918,1831
10646041,1064604,1,10646,4,1,86,1066,13118
10647011,1064701,2,10647,1,1,84,1025,15426
10648021,1064802,2,10648,2,1,188,2150,1541
10649051,1064905,2,10649,5,1,10,108,2939
10650021,1065002,1,10650,2,1,85,1027,15661
10651051,1065105,0,10651,5,1,135,1583,1844
10652011,1065201,1,10652,1,1,134,1571,2231
10653051,1065305,1,10653,5,1,85,1055,9998
10654031,1065403,2,10654,3,1,30,337,1543
10655031,1065503,1,10655,3,1,144,1696,2404
10656041,1065604,2,10656,4,1,145,1715,2472
10657031,1065703,1,10657,3,1,17,187,709
10658011,1065801,1,10658,1,1,65,896,3548
10659011,1065901,2,10659,1,1,153,1813,2357
10660021,1066002,1,10660,2,1,113,1391,3166
10661041,1066104,1,10661,4,1,151,1788,1815
10662131,1066213,1,10662,13,1,39,451,3817
10663041,1066304,2,10663,4,1,29,298,1669
10664061,1066406,2,10664,6,1,70,932,2540
10665011,1066501,1,10665,1,1,97,1173,1504
10666051,1066605,5,10666,5,1,18,208,757
10667031,1066703,0,10667,3,1,189,2161,1175
10668051,1066805,1,10668,5,1,17,182,739
10669021,1066902,2,10669,2,1,126,1477,1644
10670071,1067007,1,10670,7,1,185,2141,1249
10671011,1067101,1,10671,1,1,50,758,1172
10672021,1067202,1,10672,2,1,9,79,3074
10673031,1067303,2,10673,3,1,106,1273,3255
10674011,1067401,0,10674,1,1,50,728,3027
10675051,1067505,1,10675,5,1,162,1863,1860
10676011,1067601,1,10676,1,1,135,1583,1844
10677011,1067701,3,10677,1,1,169,1985,1170
10678011,1067801,1,10678,1,1,46,540,3689
10679011,1067901,0,10679,1,1,35,424,774
10680021,1068002,2,10680,2,1,86,1084,9385
10681011,1068101,0,10681,1,1,126,1474,1913
10682041,1068204,2,10682,4,1,132,1529,2051
10683011,1068301,1,10683,1,1,86,1085,9385
10684021,1068402,1,10684,2,1,145,1712,2503
10685151,1068515,0,10685,15,1,155,1821,1493
10686011,1068601,1,10686,1,1,50,750,2094
10687021,1068702,1,10687,2,1,86,1064,15368
10688041,1068804,1,10688,4,1,5,34,1336
10689021,1068902,1,10689,2,1,151,1774,2152
10690041,1069004,3,10690,4,1,6,49,1395
10691021,1069102,1,10691,2,1,107,1321,3056
10692041,1069204,0,10692,4,1,67,921,1645
10693051,1069305,1,10693,5,1,39,450,4023
10694031,1069403,2,10694,3,1,190,2172,1802
10695011,1069501,3,10695,1,1,28,278,1371
10696011,1069601,1,10696,1,1,53,777,1333
10697171,1069717,1,10697,17,1,43,483,2387
10698011,1069801,2,10698,1,1,34,398,928
10699021,1069902,0,10699,2,1,106,1294,1910
10700021,1070002,1,10700,2,1,110,1375,5038
10701131,1070113,2,10701,13,1,20,222,977
10702201,1070220,2,10702,20,1,63,885,2839
10703081,1070308,3,10703,8,1,52,774,1138
10704041,1070404,1,10704,4,1,52,769,1449
10705011,1070501,0,10705,1,1,18,212,726
10706021,1070602,1,10706,2,1,49,637,3623
10707051,1070705,2,10707,5,1,54,802,1327
10708041,1070804,2,10708,4,1,131,1527,1108
10709121,1070912,1,10709,12,1,75,965,3506
10710021,1071002,1,10710,2,1,85,1045,11921
10711031,1071103,0,10711,3,1,49,661,3053
10712181,1071218,2,10712,18,1,147,1736,2632
10713031,1071303,2,10713,3,1,29,291,1723
10714031,1071403,1,10714,3,1,24,256,797
10715051,1071505,1,10715,5,1,170,2014,1293
10716011,1071601,2,10716,1,1,54,807,1316
10717201,1071720,2,10717,20,1,14,149,796
10718031,1071803,1,10718,3,1,44,486,3883
10719111,1071911,0,10719,11,1,111,1383,3212
10720031,1072003,1,10720,3,1,85,1047,11613
10721011,1072101,1,10721,1,1,138,1617,1097
10722021,1072202,1,10722,2,1,33,395,576
10723201,1072320,2,10723,20,1,111,1381,3504
10724011,1072401,2,10724,1,1,110,1376,4727
10725011,1072501,1,10725,1,1,136,1592,1094
10726041,1072604,2,10726,4,1,50,699,3527
10727141,1072714,3,10727,14,1,155,1823,414
10728011,1072801,1,10728,1,1,139,1620,1454
10729021,1072902,2,10729,2,1,30,360,1402
10730071,1073007,0,10730,7,1,37,442,5052
10730072,1073007,1,10730,7,2,37,442,5052
10731141,1073114,2,10731,14,1,154,1817,2285
10732011,1073201,1,10732,1,1,134,1578,1565
10733041,1073304,1,10733,4,1,150,1749,2621
10734031,1073403,2,10734,3,1,184,2128,2779
10735071,1073507,0,10735,7,1,166,1972,586
10736051,1073605,2,10736,5,1,113,1394,3011
10737031,1073703,1,10737,3,1,156,1827,1986
10738011,1073801,2,10738,1,1,138,1618,1029
10739151,1073915,1,10739,15,1,112,1387,3229
10740091,1074009,2,10740,9,1,52,770,1405
10741011,1074101,1,10741,1,1,121,1443,3700
10742021,1074202,0,10742,2,1,118,1415,5024
10743021,1074302,3,10743,2,1,15,151,780
10744041,1074404,1,10744,4,1,24,261,653
10745031,1074503,1,10745,3,1,112,1387,3229
10746181,1074618,1,10746,18,1,105,1251,2799
10747141,1074714,4,10747,14,1,1,3,848
10748031,1074803,3,10748,3,1,74,958,2331
10749031,1074903,1,10749,3,1,106,1257,3722
10750051,1075005,0,10750,5,1,163,1934,1754
10751051,1075105,2,10751,5,1,29,317,1545
10752031,1075203,1,10752,3,1,169,1995,1077
10753161,1075316,1,10753,16,1,68,928,1288
10754121,1075412,1,10754,12,1,142,1676,2626
10755011,1075501,0,10755,1,1,136,1591,1218
10756171,1075617,2,10756,17,1,167,1974,661
10757031,1075703,0,10757,3,1,29,290,1734
10758011,1075801,2,10758,1,1,98,1187,1422
10759041,1075904,2,10759,4,1,53,792,1205
10760091,1076009,0,10760,9,1,111,1379,3848
10761041,1076104,1,10761,4,1,93,1138,4351
10762021,1076202,1,10762,2,1,83,1021,33387
10763011,1076301,1,10763,1,1,91,1118,4504
10764031,1076403,3,10764,3,1,50,698,3527
10765181,1076518,1,10765,18,1,173,2039,5218
10766041,1076604,2,10766,4,1,189,2162,1154
10767031,1076703,2,10767,3,1,131,1525,1298
10768011,1076801,2,10768,1,1,30,351,1464
10769051,1076905,1,10769,5,1,29,322,1449
10770011,1077001,2,10770,1,1,60,875,6097
10771011,1077101,1,10771,1,1,151,1772,2183
10772081,1077208,1,10772,8,1,153,1809,2602
10773041,1077304,2,10773,4,1,7,60,4118
10774031,1077403,1,10774,3,1,97,1162,1831
10775081,1077508,2,10775,8,1,172,2035,8923
10775082,1077508,2,10775,8,2,172,2035,8923
10776051,1077605,2,10776,5,1,48,585,3733
10777051,1077705,1,10777,5,1,71,936,2779
10778081,1077808,1,10778,8,1,56,831,4889
10779031,1077903,2,10779,3,1,108,1349,3340
10780081,1078008,0,10780,8,1,166,1970,682
10781041,1078104,2,10781,4,1,183,2110,2712
10782041,1078204,1,10782,4,1,150,1745,2726
10783121,1078312,1,10783,12,1,39,454,3356
10784021,1078402,1,10784,2,1,59,868,4829
10785021,1078502,2,10785,2,1,80,1001,7856
10786041,1078604,1,10786,4,1,122,1452,4517
10787181,1078718,1,10787,18,1,32,392,627
10788151,1078815,1,10788,15,1,21,226,887
10789041,1078904,1,10789,4,1,39,453,3363
10790041,1079004,1,10790,4,1,25,266,878
10791031,1079103,2,10791,3,1,97,1175,1472
10792191,1079219,3,10792,19,1,105,1253,2656
10793021,1079302,2,10793,2,1,24,262,629
10794051,1079405,2,10794,5,1,30,366,378
10795101,1079510,4,10795,10,1,147,1737,2630
10796011,1079601,1,10796,1,1,41,472,4425
10797121,1079712,3,10797,12,1,88,1107,4964
10798031,1079803,1,10798,3,1,139,1624,1383
10799021,1079902,0,10799,2,1,164,1960,1830
10800011,1080001,3,10800,1,1,41,474,4176
10801011,1080101,3,10801,1,1,54,817,1191
10802041,1080204,1,10802,4,1,189,2164,1145
10803031,1080303,1,10803,3,1,44,491,3124
10804161,1080416,1,10804,16,1,137,1595,1121
10805041,1080504,1,10805,4,1,53,795,1181
10806011,1080601,3,10806,1,1,78,984,6236
10807011,1080701,2,10807,1,1,35,416,888
10808041,1080804,1,10808,4,1,96,1156,1044
10809011,1080901,0,10809,1,1,30,346,1489
10810051,1081005,2,10810,5,1,29,314,1575
10811031,1081103,1,10811,3,1,86,1069,12827
10812011,1081201,1,10812,1,1,44,493,3043
10813051,1081305,1,10813,5,1,67,916,1831
10814021,1081402,1,10814,2,1,162,1897,1571
10815121,1081512,3,10815,12,1,90,1114,10379
10816021,1081602,2,10816,2,1,165,1964,1215
10817041,1081704,3,10817,4,1,126,1474,1913
10818081,1081808,1,10818,8,1,52,770,1405
10819141,1081914,2,10819,14,1,173,2044,4268
10820011,1082001,2,10820,1,1,31,385,1728
10821051,1082105,1,10821,5,1,131,1518,2249
10822151,1082215,2,10822,15,1,130,1515,1790
10823041,1082304,4,10823,4,1,49,621,4008
10824101,1082410,3,10824,10,1,39,450,4023
10825021,1082502,1,10825,2,1,61,877,2869
10826041,1082604,2,10826,4,1,155,1821,1493
10827101,1082710,1,10827,10,1,83,1024,5447
10828031,1082803,1,10828,3,1,108,1333,3295
10829081,1082908,1,10829,8,1,115,1405,6115
10830031,1083003,1,10830,3,1,40,461,4346
10831031,1083103,3,10831,3,1,132,1534,1839
10832051,1083205,2,10832,5,1,29,307,1605
10833021,1083302,2,10833,2,1,173,2043,4521
10834011,1083401,3,10834,1,1,79,988,9068
10835051,1083505,2,10835,5,1,139,1641,1237
10836071,1083607,2,10836,7,1,110,1376,4727
10837011,1083701,1,10837,1,1,31,377,1814
10838041,1083804,2,10838,4,1,184,2136,2363
10839031,1083903,0,10839,3,1,16,172,647
10840011,1084001,2,10840,1,1,86,1088,4697
10841161,1084116,1,10841,16,1,187,2145,1691
10842121,1084212,3,10842,12,1,137,1599,1009
10843041,1084304,1,10843,4,1,170,2022,1015
10844111,1084411,1,10844,11,1,67,922,1613
10845141,1084514,1,10845,14,1,173,2040,4785
10846151,1084615,1,10846,15,1,57,836,4721
10847021,1084702,1,10847,2,1,31,384,1756
10848181,1084818,0,10848,18,1,38,445,7240
10849061,1084906,1,10849,6,1,3,7,1634
10850141,1085014,2,10850,14,1,21,228,784
10851021,1085102,1,10851,2,1,83,1023,11415
10852111,1085211,0,10852,11,1,136,1590,1225
10853051,1085305,1,10853,5,1,34,406,759
10854041,1085404,1,10854,4,1,131,1518,2249
10855031,1085503,1,10855,3,1,11,136,2692
10856011,1085601,1,10856,1,1,11,139,2151
10857051,1085705,1,10857,5,1,49,641,3561
10858161,1085816,3,10858,16,1,178,2086,1819
10859011,1085901,2,10859,1,1,54,818,1125
10860021,1086002,4,10860,2,1,30,325,1726
10861041,1086104,2,10861,4,1,104,1240,1188
10862011,1086201,1,10862,1,1,139,1626,1349
10863071,1086307,2,10863,7,1,166,1970,682
10864051,1086405,2,10864,5,1,17,191,675
10865031,1086503,2,10865,3,1,67,917,1831
10866031,1086603,1,10866,3,1,143,1679,2282
10867161,1086716,3,10867,16,1,179,2087,1839
10868041,1086804,2,10868,4,1,108,1361,3183
10869021,1086902,2,10869,2,1,30,363,1343
10870051,1087005,1,10870,5,1,162,1889,1636
10871081,1087108,1,10871,8,1,137,1598,1015
10872031,1087203,1,10872,3,1,145,1713,2488
10873021,1087302,1,10873,2,1,128,1507,2017
10874061,1087406,1,10874,6,1,19,220,820
10875141,1087514,1,10875,14,1,39,455,3338
10876071,1087607,2,10876,7,1,174,2046,5443
10877011,1087701,2,10877,1,1,151,1787,1971
10878121,1087812,2,10878,12,1,43,485,1975
10879041,1087904,2,10879,4,1,162,1868,1768
10880021,1088002,1,10880,2,1,110,1376,4727
10881081,1088108,0,10881,8,1,21,226,887
10882071,1088207,1,10882,7,1,179,2089,1807
10883051,1088305,1,10883,5,1,144,1694,2503
10884011,1088401,2,10884,1,1,3,8,1437
10885031,1088503,2,10885,3,1,140,1672,967
10886011,1088601,1,10886,1,1,63,883,3042
10887011,1088701,2,10887,1,1,175,2053,6475
10888081,1088808,1,10888,8,1,117,1410,5193
10889031,1088903,2,10889,3,1,88,1110,4468
10890051,1089005,2,10890,5,1,44,509,2701
10891121,1089112,1,10891,12,1,75,964,4181
10892021,1089202,3,10892,2,1,162,1888,1654
10893041,1089304,1,10893,4,1,189,2166,916
10894051,1089405,1,10894,5,1,9,76,3158
10895011,1089501,1,10895,1,1,126,1473,2107
10896051,1089605,2,10896,5,1,31,375,1829
10897051,1089705,0,10897,5,1,6,56,1243
10898091,1089809,0,10898,9,1,43,483,2387
10899041,1089904,2,10899,4,1,162,1903,1537
10900051,1090005,4,10900,5,1,78,974,11253
10901051,1090105,1,10901,5,1,10,100,3332
10902011,1090201,2,10902,1,1,16,172,647
10903041,1090304,0,10903,4,1,140,1652,1668
10904141,1090414,0,10904,14,1,39,452,3699
10905081,1090508,1,10905,8,1,57,838,3502
10906031,1090603,2,10906,3,1,108,1351,3297
10907041,1090704,2,10907,4,1,29,313,1588
10908021,1090802,1,10908,2,1,4,9,1287
10909021,1090902,3,10909,2,1,49,640,3566
10910081,1091008,2,10910,8,1,39,450,4023
10911011,1091101,0,10911,1,1,72,941,2736
10912101,1091210,0,10912,10,1,39,451,3817
10913021,1091302,0,10913,2,1,46,548,3089
10914051,1091405,3,10914,5,1,156,1828,1791
10915041,1091504,1,10915,4,1,81,1016,19011
10916191,1091619,1,10916,19,1,71,935,2985
10917051,1091705,4,10917,5,1,184,2130,2639
10918061,1091806,2,10918,6,1,179,2087,1839
10919201,1091920,1,10919,20,1,77,969,10589
10920041,1092004,1,10920,4,1,5,35,1296
10921101,1092110,0,10921,10,1,39,453,3363
10922051,1092205,0,10922,5,1,80,1004,7094
10923021,1092302,1,10923,2,1,85,1037,12706
10924041,1092404,3,10924,4,1,151,1765,2599
10925051,1092505,1,10925,5,1,139,1621,1407
10926051,1092605,1,10926,5,1,57,837,4691
10927011,1092701,0,10927,1,1,137,1596,1073
10928051,1092805,2,10928,5,1,50,688,3766
10929051,1092905,0,10929,5,1,50,709,3450
10930051,1093005,1,10930,5,1,124,1464,6559
10931051,1093105,1,10931,5,1,31,377,1814
10932021,1093202,2,10932,2,1,182,2098,2146
10933021,1093302,1,10933,2,1,16,172,647
10934171,1093417,1,10934,17,1,123,1461,2454
10935051,1093505,0,10935,5,1,49,621,4008
10936031,1093603,3,10936,3,1,68,925,5432
10937051,1093705,2,10937,5,1,84,1025,15426
10938021,1093802,1,10938,2,1,9,80,3018
10939051,1093905,2,10939,5,1,182,2109,1788
10940041,1094004,1,10940,4,1,88,1108,4784
10941011,1094101,3,10941,1,1,58,846,5182
10942081,1094208,1,10942,8,1,27,275,1555
10943051,1094305,1,10943,5,1,23,239,819
10944091,1094409,0,10944,9,1,39,449,4091
10945031,1094503,1,10945,3,1,106,1277,3200
10946181,1094618,1,10946,18,1,37,444,3822
10947011,1094701,1,10947,1,1,29,309,1601
10948011,1094801,0,10948,1,1,164,1957,1965
10949041,1094904,2,10949,4,1,106,1267,3367
10950071,1095007,2,10950,7,1,89,1112,3110
10951011,1095101,1,10951,1,1,48,567,4308
10952041,1095204,1,10952,4,1,4,17,1290
10953011,1095301,2,10953,1,1,184,2132,2516
10954111,1095411,1,10954,11,1,7,61,3848
10955031,1095503,1,10955,3,1,103,1227,1201
10956031,1095603,1,10956,3,1,164,1950,2275
10957091,1095709,1,10957,9,1,61,878,2843
10958021,1095802,1,10958,2,1,17,194,643
10959011,1095901,3,10959,1,1,170,2029,865
10960021,1096002,2,10960,2,1,49,604,4983
10961031,1096103,1,10961,3,1,190,2170,1959
10962031,1096203,1,10962,3,1,78,975,10894
10963031,1096303,2,10963,3,1,3,8,1437
10964031,1096403,1,10964,3,1,175,2054,6294
10965041,1096504,2,10965,4,1,44,487,3392
10966021,1096602,1,10966,2,1,70,932,2540
10967041,1096704,2,10967,4,1,70,932,2540
10968081,1096808,1,10968,8,1,154,1815,2566
10969031,1096903,2,10969,3,1,58,855,4569
10970051,1097005,2,10970,5,1,49,623,3934
10971201,1097120,0,10971,20,1,39,448,4578
10972011,1097201,2,10972,1,1,78,978,9619
10973021,1097302,1,10973,2,1,106,1261,3630
10974181,1097418,3,10974,18,1,141,1674,2757
10975051,1097505,1,10975,5,1,108,1344,3387
10976031,1097603,1,10976,3,1,10,101,3178
10977211,1097721,1,10977,21,1,173,2042,4624
10978041,1097804,1,10978,4,1,80,1010,5804
10979031,1097903,1,10979,3,1,4,10,1404
10980021,1098002,1,10980,2,1,68,928,1288
10981051,1098105,3,10981,5,1,48,601,1568
10982011,1098201,3,10982,1,1,85,1047,11613
10983021,1098302,3,10983,2,1,5,40,1118
10984111,1098411,1,10984,11,1,143,1680,2209
10985041,1098504,1,10985,4,1,21,225,1029
10986041,1098604,1,10986,4,1,63,885,2839
10987041,1098704,1,10987,4,1,121,1441,3844
10988031,1098803,1,10988,3,1,86,1082,9451
10989031,1098903,1,10989,3,1,178,2086,1819
10990011,1099001,0,10990,1,1,111,1379,3848
10991041,1099104,3,10991,4,1,22,232,413
10992111,1099211,1,10992,11,1,52,770,1405
10993081,1099308,1,10993,8,1,52,768,1450
10994031,1099403,1,10994,3,1,49,629,3784
10995041,1099504,1,10995,4,1,146,1725,3652
10996051,1099605,2,10996,5,1,169,1990,1105
10997171,1099717,0,10997,17,1,20,224,779
10998041,1099804,2,10998,4,1,50,732,2972
10999121,1099912,3,10999,12,1,32,392,627
11000031,1100003,0,11000,3,1,24,259,719
11001041,1100104,1,11001,4,1,180,2092,2522
11002081,1100208,1,11002,8,1,70,931,3702
11003171,1100317,2,11003,17,1,7,60,4118
11004011,1100401,1,11004,1,1,162,1868,1768
11005031,1100503,1,11005,3,1,162,1903,1537
11006041,1100604,1,11006,4,1,129,1514,2031
11007051,1100705,0,11007,5,1,30,326,1688
11008011,1100801,2,11008,1,1,63,884,3037
11009141,1100914,1,11009,14,1,159,1844,2105
11010051,1101005,1,11010,5,1,21,229,690
11011021,1101102,2,11011,2,1,109,1374,2508
11012011,1101201,0,11012,1,1,52,773,1281
11013011,1101301,1,11013,1,1,151,1784,2039
11014021,1101402,1,11014,2,1,162,1903,1537
11015041,1101504,1,11015,4,1,147,1735,2939
11016041,1101604,1,11016,4,1,183,2114,2129
11017081,1101708,1,11017,8,1,21,225,1029
11018021,1101802,1,11018,2,1,144,1688,2926
11019081,1101908,3,11019,8,1,185,2141,1249
11020021,1102002,1,11020,2,1,163,1917,1920
11021051,1102105,2,11021,5,1,50,679,4295
11022041,1102204,1,11022,4,1,50,702,3527
11023181,1102318,1,11023,18,1,37,442,5052
11024041,1102404,2,11024,4,1,48,567,4308
11025071,1102507,1,11025,7,1,130,1515,1790
11026041,1102604,1,11026,4,1,106,1268,3360
11026042,1102604,1,11026,4,2,106,1268,3360
11027041,1102704,2,11027,4,1,125,1466,2305
11028021,1102802,1,11028,2,1,108,1343,3387
11029121,1102912,1,11029,12,1,111,1382,3286
11030161,1103016,1,11030,16,1,77,969,10589
11031011,1103101,2,11031,1,1,140,1658,1434
11032051,1103205,1,11032,5,1,169,2010,886
11033051,1103305,2,11033,5,1,54,806,1316
11034041,1103404,3,11034,4,1,54,811,1294
11035051,1103505,1,11035,5,1,94,1141,4270
11036071,1103607,0,11036,7,1,160,1845,1479
11037041,1103704,1,11037,4,1,108,1349,3340
11038011,1103801,3,11038,1,1,165,1963,1595
11039131,1103913,1,11039,13,1,116,1407,6595
11040011,1104001,1,11040,1,1,50,722,3217
11041011,1104101,2,11041,1,1,132,1539,1677
11042011,1104201,3,11042,1,1,29,318,1530
11043031,1104303,8,11043,3,1,29,292,1719
11044191,1104419,0,11044,19,1,39,448,4578
11045011,1104501,1,11045,1,1,2,5,1680
11046051,1104605,2,11046,5,1,34,412,707
11047011,1104701,2,11047,1,1,164,1956,2005
11048071,1104807,1,11048,7,1,153,1809,2602
11049031,1104903,1,11049,3,1,153,1811,2396
11050071,1105007,0,11050,7,1,116,1408,6402
11051201,1105120,1,11051,20,1,71,938,2501
11052011,1105201,1,11052,1,1,136,1589,1281
11053111,1105311,2,11053,11,1,105,1252,2794
11054051,1105405,1,11054,5,1,47,557,672
11055031,1105503,1,11055,3,1,24,260,692
11056051,1105605,3,11056,5,1,30,342,1519
11057021,1105702,2,11057,2,1,133,1568,1491
11058171,1105817,1,11058,17,1,167,1976,500
11059011,1105901,3,11059,1,1,106,1282,3165
11060031,1106003,0,11060,3,1,78,982,8224
11061171,1106117,2,11061,17,1,149,1741,2121
11062091,1106209,2,11062,9,1,141,1674,2757
11063031,1106303,0,11063,3,1,32,393,610
11064021,1106402,1,11064,2,1,170,2014,1293
11065201,1106520,0,11065,20,1,21,227,882
11066021,1106602,1,11066,2,1,35,419,817
11067011,1106701,2,11067,1,1,78,981,8739
11068141,1106814,1,11068,14,1,68,928,1288
11069021,1106902,2,11069,2,1,11,122,3361
11070041,1107004,3,11070,4,1,132,1532,1887
11071191,1107119,1,11071,19,1,32,393,610
11072041,1107204,1,11072,4,1,30,334,1560
11073011,1107301,1,11073,1,1,162,1879,1697
11074031,1107403,2,11074,3,1,158,1840,3571
11075031,1107503,4,11075,3,1,155,1819,1628
11076121,1107612,2,11076,12,1,19,221,728
11077041,1107704,1,11077,4,1,55,827,1261
11078041,1107804,1,11078,4,1,122,1459,760
11079051,1107905,0,11079,5,1,106,1265,3434
11080131,1108013,1,11080,13,1,63,884,3037
11081021,1108102,3,11081,2,1,44,510,2594
11082011,1108201,1,11082,1,1,65,903,2393
11083011,1108301,1,11083,1,1,106,1261,3630
11084041,1108404,2,11084,4,1,11,129,2991
11085121,1108512,1,11085,12,1,13,147,488
11086041,1108604,1,11086,4,1,17,181,747
11087031,1108703,2,11087,3,1,169,2012,673
11088021,1108802,2,11088,2,1,94,1145,3671
11089031,1108903,2,11089,3,1,16,166,699
11090031,1109003,2,11090,3,1,190,2168,2275
11091121,1109112,1,11091,12,1,38,446,6693
11092051,1109205,2,11092,5,1,99,1208,1238
11093051,1109305,3,11093,5,1,85,1042,12302
11094051,1109405,1,11094,5,1,176,2069,6624
11095031,1109503,2,11095,3,1,175,2057,5683
11096081,1109608,1,11096,8,1,70,933,2426
11097031,1109703,2,11097,3,1,105,1254,2584
11098031,1109803,2,11098,3,1,121,1443,3700
11098032,1109803,1,11098,3,2,121,1443,3700
11099161,1109916,0,11099,16,1,89,1113,3095
11100011,1110001,1,11100,1,1,29,292,1719
11101021,1110102,2,11101,2,1,49,605,4730
11102071,1110207,1,11102,7,1,94,1150,839
11103011,1110301,2,11103,1,1,182,2099,2136
11104181,1110418,2,11104,18,1,105,1250,2996
11105091,1110509,3,11105,9,1,153,1808,2893
11106021,1110602,1,11106,2,1,173,2042,4624
11107131,1110713,2,11107,13,1,166,1969,729
11108051,1110805,3,11108,5,1,107,1315,3121
11109031,1110903,2,11109,3,1,163,1944,1681
11110171,1111017,0,11110,17,1,117,1411,4824
11111191,1111119,3,11111,19,1,137,1597,1065
11112041,1111204,3,11112,4,1,162,1877,1713
11113081,1111308,1,11113,8,1,67,923,1581
11114071,1111407,1,11114,7,1,81,1018,5909
11115171,1111517,2,11115,17,1,115,1405,6115
11116051,1111605,1,11116,5,1,187,2148,1543
11117031,1111703,0,11117,3,1,29,319,1519
11118011,1111801,2,11118,1,1,67,923,1581
11119021,1111902,3,11119,2,1,130,1515,1790
11120031,1112003,0,11120,3,1,5,36,1258
11121021,1112102,2,11121,2,1,46,543,3376
11122021,1112202,0,11122,2,1,44,505,2750
11123011,1112301,1,11123,1,1,23,235,931
11124011,1112401,1,11124,1,1,184,2126,3246
11125011,1112501,0,11125,1,1,30,328,1671
11126051,1112605,2,11126,5,1,34,407,744
11127041,1112704,1,11127,4,1,50,717,3323
11128081,1112808,2,11128,8,1,56,830,5624
11129201,1112920,2,11129,20,1,100,1209,1651
11130011,1113001,0,11130,1,1,49,664,2986
11131051,1113105,2,11131,5,1,28,278,1371
11132031,1113203,1,11132,3,1,11,142,968
11133041,1113304,0,11133,4,1,162,1871,1732
11134031,1113403,2,11134,3,1,50,724,3172
11135061,1113506,0,11135,6,1,111,1382,3286
11136031,1113603,1,11136,3,1,86,1079,10531
11137121,1113712,2,11137,12,1,178,2085,2014
11138021,1113802,3,11138,2,1,108,1365,3062
11139051,1113905,1,11139,5,1,95,1153,2025
11140021,1114002,1,11140,2,1,131,1525,1298
11141171,1114117,1,11141,17,1,43,485,1975
11142171,1114217,1,11142,17,1,26,273,1479
11143051,1114305,1,11143,5,1,58,848,5029
11144021,1114402,1,11144,2,1,151,1785,2005
11145011,1114501,0,11145,1,1,10,113,2846
11146021,1114602,2,11146,2,1,106,1295,995
11147021,1114702,0,11147,2,1,23,238,831
11147022,1114702,1,11147,2,2,23,238,831
11148031,1114803,0,11148,3,1,110,1376,4727
11149071,1114907,1,11149,7,1,173,2041,4774
11150051,1115005,1,11150,5,1,186,2142,1673
11151151,1115115,1,11151,15,1,63,884,3037
11152031,1115203,1,11152,3,1,1,2,3475
11153011,1115301,1,11153,1,1,152,1791,2508
11154081,1115408,1,11154,8,1,173,2042,4624
11155031,1115503,2,11155,3,1,40,458,4635
11156111,1115611,1,11156,11,1,123,1461,2454
11157051,1115705,2,11157,5,1,46,544,3310
11158111,1115811,3,11158,11,1,137,1596,1073
11159061,1115906,1,11159,6,1,155,1823,414
11160111,1116011,0,11160,11,1,135,1586,1785
11161021,1116102,0,11161,2,1,16,164,751
11162031,1116203,1,11162,3,1,41,476,4074
11163081,1116308,1,11163,8,1,63,884,3037
11164011,1116401,0,11164,1,1,145,1703,2703
11165121,1116512,0,11165,12,1,143,1681,2188
11166041,1116604,2,11166,4,1,161,1850,2147
11167021,1116702,0,11167,2,1,132,1551,1406
11168021,1116802,3,11168,2,1,18,209,752
11169201,1116920,2,11169,20,1,187,2149,1504
11170161,1117016,1,11170,16,1,81,1017,6441
11171201,1117120,3,11171,20,1,159,1844,2105
11172021,1117202,0,11172,2,1,21,226,887
11173021,1117302,5,11173,2,1,92,1132,4321
11174011,1117401,0,11174,1,1,66,912,3136
11175021,1117502,1,11175,2,1,127,1489,1887
11176021,1117602,1,11176,2,1,30,332,1626
11177071,1117707,0,11177,7,1,136,1591,1218
11178011,1117801,1,11178,1,1,49,636,3624
11179021,1117902,4,11179,2,1,50,712,3409
11180031,1118003,0,11180,3,1,173,2041,4774
11181071,1118107,1,11181,7,1,154,1817,2285
11182151,1118215,1,11182,15,1,115,1404,6225
11183191,1118319,1,11183,19,1,155,1818,1651
11184031,1118403,2,11184,3,1,189,2155,1378
11185091,1118509,2,11185,9,1,62,881,1964
11186041,1118604,1,11186,4,1,30,363,1343
11187031,1118703,3,11187,3,1,133,1567,1668
11188021,1118802,0,11188,2,1,127,1494,1700
11189141,1118914,1,11189,14,1,174,2048,4995
11190041,1119004,1,11190,4,1,71,936,2779
11191041,1119104,2,11191,4,1,110,1375,5038
11192041,1119204,0,11192,4,1,120,1428,4206
11193021,1119302,2,11193,2,1,108,1333,3295
11194071,1119407,1,11194,7,1,147,1737,2630
11195201,1119520,1,11195,20,1,100,1212,1495
11196011,1119601,0,11196,1,1,173,2041,4774
11197021,1119702,1,11197,2,1,39,455,3338
11198061,1119806,0,11198,6,1,149,1742,1939
11199051,1119905,0,11199,5,1,44,508,2710
11200031,1120003,1,11200,3,1,43,483,2387
11201131,1120113,1,11201,13,1,21,226,887
11202181,1120218,1,11202,18,1,21,226,887
11203181,1120318,0,11203,18,1,111,1384,3206
11204011,1120401,0,11204,1,1,168,1977,1561
11205031,1120503,2,11205,3,1,183,2114,2129
11206051,1120605,1,11206,5,1,34,410,730
11207051,1120705,1,11207,5,1,136,1592,1094
11208021,1120802,1,11208,2,1,113,1394,3011
11209051,1120905,2,11209,5,1,162,1886,1656
11210151,1121015,1,11210,15,1,20,223,797
11211171,1121117,1,11211,17,1,160,1848,1343
11212041,1121204,2,11212,4,1,156,1827,1986
11213181,1121318,0,11213,18,1,109,1373,2841
11214031,1121403,1,11214,3,1,53,778,1314
11215041,1121504,3,11215,4,1,120,1422,5722
11215042,1121504,1,11215,4,2,120,1422,5722
11216201,1121620,1,11216,20,1,185,2140,1353
11217031,1121703,2,11217,3,1,61,877,2869
11218011,1121801,3,11218,1,1,86,1080,10183
11219041,1121904,1,11219,4,1,43,485,1975
11220121,1122012,2,11220,12,1,141,1673,2831
11221051,1122105,1,11221,5,1,83,1022,25014
11222181,1122218,1,11222,18,1,94,1151,720
11223061,1122306,3,11223,6,1,2,6,392
11224111,1122411,1,11224,11,1,63,887,2678
11225051,1122505,3,11225,5,1,169,1993,1100
11226021,1122602,2,11226,2,1,44,495,2970
11227051,1122705,2,11227,5,1,75,965,3506
11228041,1122804,2,11228,4,1,164,1962,1817
11229031,1122903,2,11229,3,1,103,1229,1153
11230051,1123005,2,11230,5,1,163,1926,1790
11231141,1123114,0,11231,14,1,90,1117,3299
11232031,1123203,3,11232,3,1,16,175,625
11233021,1123302,2,11233,2,1,49,658,3100
11234051,1123405,1,11234,5,1,15,157,654
11235091,1123509,1,11235,9,1,112,1386,3430
11236161,1123616,2,11236,16,1,68,927,1392
11237071,1123707,2,11237,7,1,105,1255,1919
11238021,1123802,0,11238,2,1,121,1439,4377
11239041,1123904,2,11239,4,1,58,852,4802
11240041,1124004,1,11240,4,1,146,1723,3771
11241011,1124101,2,11241,1,1,34,409,731
11242051,1124205,1,11242,5,1,88,1111,4301
11243031,1124303,1,11243,3,1,48,602,1454
11244011,1124401,1,11244,1,1,162,1910,1211
11245181,1124518,1,11245,18,1,143,1682,2124
11246021,1124602,2,11246,2,1,46,545,3255
11247141,1124714,1,11247,14,1,110,1376,4727
11248011,1124801,1,11248,1,1,150,1761,2403
11249021,1124902,3,11249,2,1,103,1225,1267
11250041,1125004,1,11250,4,1,23,250,380
11251111,1125111,0,11251,11,1,90,1115,3760
11252011,1125201,1,11252,1,1,31,380,1789
11253041,1125304,0,11253,4,1,100,1212,1495
11254051,1125405,0,11254,5,1,135,1586,1785
11255051,1125505,0,11255,5,1,9,87,2716
11256051,1125605,1,11256,5,1,65,906,1456
11257041,1125704,2,11257,4,1,114,1399,3340
11258051,1125805,1,11258,5,1,120,1428,4206
11259171,1125917,0,11259,17,1,111,1383,3212
11260101,1126010,2,11260,10,1,173,2039,5218
11261021,1126102,1,11261,2,1,107,1304,3237
11262011,1126201,0,11262,1,1,120,1425,5082
11263051,1126305,2,11263,5,1,162,1902,1538
11264051,1126405,1,11264,5,1,139,1646,1169
11265021,1126502,1,11265,2,1,104,1242,1019
11266101,1126610,1,11266,10,1,187,2146,1688
11267031,1126703,1,11267,3,1,167,1974,661
11268031,1126803,2,11268,3,1,140,1652,1668
11269031,1126903,0,11269,3,1,117,1413,3844
11270101,1127010,2,11270,10,1,62,881,1964
11271031,1127103,2,11271,3,1,150,1746,2719
11272021,1127202,4,11272,2,1,59,863,5357
11273031,1127303,1,11273,3,1,50,739,2800
11274011,1127401,1,11274,1,1,34,411,728
11275041,1127504,1,11275,4,1,162,1853,2088
11276161,1127616,1,11276,16,1,155,1818,1651
11277091,1127709,1,11277,9,1,110,1377,3890
11278021,1127802,2,11278,2,1,85,1031,13767
11279041,1127904,1,11279,4,1,12,144,592
11280041,1128004,3,11280,4,1,58,850,4874
11281011,1128101,2,11281,1,1,163,1916,1950
11282071,1128207,1,11282,7,1,155,1820,1502
11283111,1128311,1,11283,11,1,21,227,882
11284011,1128401,2,11284,1,1,108,1355,3261
11285021,1128502,0,11285,2,1,101,1219,985
11286021,1128602,1,11286,2,1,46,549,3082
11287051,1128705,2,11287,5,1,110,1376,4727
11288041,1128804,2,11288,4,1,169,1985,1170
11289101,1128910,1,11289,10,1,81,1017,6441
11290031,1129003,2,11290,3,1,132,1531,1998
11291191,1129119,1,11291,19,1,174,2045,5770
11292091,1129209,3,11292,9,1,88,1109,4626
11293191,1129319,0,11293,19,1,39,454,3356
11294051,1129405,1,11294,5,1,139,1643,1214
11295011,1129501,2,11295,1,1,128,1510,1981
11296031,1129603,2,11296,3,1,106,1274,3242
11297051,1129705,2,11297,5,1,55,827,1261
11298191,1129819,2,11298,19,1,71,939,2376
11299031,1129903,1,11299,3,1,17,184,726
11300051,1130005,1,11300,5,1,172,2035,8923
11301051,1130105,1,11301,5,1,144,1684,4596
11302031,1130203,2,11302,3,1,163,1941,1725
11303181,1130318,0,11303,18,1,100,1210,1538
11304141,1130414,1,11304,14,1,88,1111,4301
11305171,1130517,1,11305,17,1,155,1822,916
11306011,1130601,2,11306,1,1,162,1874,1727
11307021,1130702,0,11307,2,1,111,1378,4169
11308031,1130803,3,11308,3,1,130,1516,1778
11309021,1130902,3,11309,2,1,79,997,6613
11310011,1131001,2,11310,1,1,85,1044,11976
11311021,1131102,1,11311,2,1,107,1325,3020
11312191,1131219,2,11312,19,1,28,277,1380
11313141,1131314,1,11313,14,1,52,768,1450
11314021,1131402,2,11314,2,1,150,1758,2454
11315181,1131518,2,11315,18,1,21,225,1029
11316051,1131605,0,11316,5,1,49,612,4271
11317041,1131704,3,11317,4,1,145,1712,2503
11318051,1131805,2,11318,5,1,50,727,3076
11319051,1131905,3,11319,5,1,127,1491,1834
11320201,1132020,2,11320,20,1,68,927,1392
11321031,1132103,1,11321,3,1,85,1029,15501
11322031,1132203,4,11322,3,1,123,1460,9149
11323191,1132319,1,11323,19,1,42,480,3631
11324171,1132417,0,11324,17,1,89,1112,3110
11325021,1132502,1,11325,2,1,116,1408,6402
11326071,1132607,1,11326,7,1,153,1813,2357
11327021,1132702,3,11327,2,1,4,12,1381
11328011,1132801,2,11328,1,1,187,2148,1543
11329051,1132905,3,11329,5,1,132,1547,1533
11330111,1133011,2,11330,11,1,12,143,609
11331011,1133101,2,11331,1,1,9,65,3558
11332101,1133210,1,11332,10,1,3,8,1437
11333011,1133301,0,11333,1,1,97,1166,1711
11334041,1133404,2,11334,4,1,101,1218,1072
11335111,1133511,2,11335,11,1,37,442,5052
11336041,1133604,1,11336,4,1,129,1513,2829
11337181,1133718,1,11337,18,1,88,1111,4301
11338051,1133805,0,11338,5,1,107,1304,3237
11339181,1133918,1,11339,18,1,118,1414,5277
11340191,1134019,0,11340,19,1,101,1216,1115
11341061,1134106,3,11341,6,1,39,450,4023
11342021,1134202,1,11342,2,1,5,44,882
11343021,1134302,1,11343,2,1,45,532,2963
11344111,1134411,0,11344,11,1,187,2149,1504
11345011,1134501,0,11345,1,1,55,825,1318
11346071,1134607,2,11346,7,1,68,928,1288
11347021,1134702,1,11347,2,1,5,42,1088
11348011,1134801,1,11348,1,1,29,314,1575
11349051,1134905,2,11349,5,1,49,640,3566
11350021,1135002,3,11350,2,1,183,2117,2111
11351051,1135105,3,11351,5,1,106,1278,3197
11352011,1135201,0,11352,1,1,79,987,9142
11353171,1135317,0,11353,17,1,39,452,3699
11354041,1135404,1,11354,4,1,94,1143,3880
11355011,1135501,0,11355,1,1,162,1898,1567
11356031,1135603,3,11356,3,1,78,983,8197
11357041,1135704,1,11357,4,1,130,1516,1778
11358061,1135806,2,11358,6,1,148,1739,2513
11359021,1135902,1,11359,2,1,131,1517,1769
11360041,1136004,1,11360,4,1,30,327,1676
11361011,1136101,4,11361,1,1,48,597,2967
11362151,1136215,1,11362,15,1,56,833,4741
11363011,1136301,1,11363,1,1,113,1397,2146
11364051,1136405,0,11364,5,1,30,362,1346
11365021,1136502,2,11365,2,1,134,1575,1775
11366011,1136601,1,11366,1,1,40,469,3459
11367151,1136715,1,11367,15,1,116,1406,6756
11368051,1136805,1,11368,5,1,49,657,3118
11369021,1136902,1,11369,2,1,150,1750,2617
11370051,1137005,3,11370,5,1,103,1239,952
11371041,1137104,3,11371,4,1,29,290,1734
11372031,1137203,1,11372,3,1,85,1030,15076
11373021,1137302,1,11373,2,1,29,307,1605
11373022,1137302,2,11373,2,2,29,307,1605
11374011,1137401,3,11374,1,1,169,1996,1076
11375041,1137504,1,11375,4,1,106,1290,2978
11375042,1137504,1,11375,4,2,106,1290,2978
11376011,1137601,2,11376,1,1,169,1987,1155
11377051,1137705,1,11377,5,1,58,846,5182
11378031,1137803,1,11378,3,1,97,1172,1505
11379041,1137904,2,11379,4,1,139,1627,1341
11380021,1138002,1,11380,2,1,139,1620,1454
11381021,1138102,4,11381,2,1,17,181,747
11382031,1138203,2,11382,3,1,46,544,3310
11383011,1138301,1,11383,1,1,106,1270,3319
11384111,1138411,0,11384,11,1,167,1975,636
11385111,1138511,1,11385,11,1,179,2089,1807
11386091,1138609,1,11386,9,1,172,2038,7996
11387031,1138703,1,11387,3,1,135,1584,1829
11388041,1138804,2,11388,4,1,15,155,720
11389021,1138902,3,11389,2,1,21,229,690
11390201,1139020,1,11390,20,1,39,454,3356
11391041,1139104,2,11391,4,1,26,272,1902
11392021,1139202,1,11392,2,1,169,2003,1004
11393051,1139305,2,11393,5,1,97,1174,1500
11394101,1139410,1,11394,10,1,111,1378,4169
11395021,1139502,2,11395,2,1,29,306,1616
11396061,1139606,0,11396,6,1,28,279,1313
11397121,1139712,0,11397,12,1,111,1383,3212
11398041,1139804,1,11398,4,1,187,2145,1691
11399071,1139907,1,11399,7,1,172,2036,8005
11400021,1140002,0,11400,2,1,65,899,2997
11401051,1140105,3,11401,5,1,54,814,1273
11402021,1140202,2,11402,2,1,81,1015,19018
11403141,1140314,1,11403,14,1,21,226,887
11404051,1140405,3,11404,5,1,132,1534,1839
11405041,1140504,2,11405,4,1,63,882,3147
11406051,1140605,2,11406,5,1,35,421,807
11407041,1140704,2,11407,4,1,50,728,3027
11408101,1140810,2,11408,10,1,153,1813,2357
11409061,1140906,0,11409,6,1,143,1683,811
11410041,1141004,3,11410,4,1,98,1196,1206
11410042,1141004,1,11410,4,2,98,1196,1206
11411131,1141113,3,11411,13,1,62,881,1964
11412031,1141203,1,11412,3,1,9,68,3501
11413031,1141303,1,11413,3,1,146,1725,3652
11414011,1141401,1,11414,1,1,5,38,1166
11415031,1141503,1,11415,3,1,94,1151,720
11416041,1141604,4,11416,4,1,106,1295,995
11417051,1141705,1,11417,5,1,176,2076,5691
11418051,1141805,1,11418,5,1,113,1392,3160
11419061,1141906,1,11419,6,1,101,1216,1115
11420051,1142005,0,11420,5,1,169,1980,1299
11421011,1142101,1,11421,1,1,36,439,646
11422061,1142206,0,11422,6,1,39,452,3699
11423031,1142303,3,11423,3,1,42,480,3631
11424051,1142405,2,11424,5,1,73,947,2917
11425021,1142502,0,11425,2,1,162,1898,1567
11426031,1142603,2,11426,3,1,23,240,801
11427041,1142704,2,11427,4,1,66,912,3136
11428071,1142807,3,11428,7,1,117,1413,3844
11429021,1142902,1,11429,2,1,98,1186,1470
11430021,1143002,3,11430,2,1,92,1133,4201
11431021,1143102,1,11431,2,1,16,163,800
11432051,1143205,3,11432,5,1,85,1048,11534
11433151,1143315,1,11433,15,1,62,880,3244
11434041,1143404,0,11434,4,1,169,2002,1015
11435041,1143504,1,11435,4,1,130,1515,1790
11436041,1143604,4,11436,4,1,163,1935,1749
11437151,1143715,2,11437,15,1,100,1209,1651
11438201,1143820,1,11438,20,1,89,1113,3095
11439071,1143907,7,11439,7,1,75,966,3387
11440181,1144018,0,11440,18,1,28,279,1313
11441041,1144104,2,11441,4,1,108,1352,3292
11441042,1144104,1,11441,4,2,108,1352,3292
11442011,1144201,2,11442,1,1,103,1234,1068
11443011,1144301,1,11443,1,1,23,242,779
11444021,1144402,1,11444,2,1,124,1464,6559
11445031,1144503,2,11445,3,1,93,1139,4168
11446021,1144602,4,11446,2,1,169,1982,1228
11447011,1144701,1,11447,1,1,162,1902,1538
11448191,1144819,2,11448,19,1,155,1823,414
11449011,1144901,3,11449,1,1,75,962,15240
11450011,1145001,2,11450,1,1,24,254,842
11451021,1145102,1,11451,2,1,163,1913,2062
11452031,1145203,1,11452,3,1,50,734,2939
11453021,1145302,2,11453,2,1,97,1175,1472
11454051,1145405,2,11454,5,1,139,1637,1272
11455041,1145504,0,11455,4,1,48,578,3996
11456161,1145616,1,11456,16,1,57,836,4721
11457051,1145705,2,11457,5,1,148,1739,2513
11458101,1145810,2,11458,10,1,43,483,2387
11459041,1145904,1,11459,4,1,152,1797,2217
11460061,1146006,1,11460,6,1,105,1255,1919
11461151,1146115,1,11461,15,1,33,394,835
11462171,1146217,2,11462,17,1,173,2043,4521
11463191,1146319,1,11463,19,1,153,1808,2893
11464021,1146402,4,11464,2,1,9,95,1551
11465051,1146505,3,11465,5,1,31,370,1942
11466041,1146604,0,11466,4,1,75,964,4181
11467021,1146702,2,11467,2,1,167,1973,2789
11468041,1146804,1,11468,4,1,53,782,1294
11469011,1146901,0,11469,1,1,163,1945,1669
11470041,1147004,2,11470,4,1,35,425,770
11471011,1147101,3,11471,1,1,144,1696,2404
11472031,1147203,1,11472,3,1,97,1169,1663
11473031,1147303,1,11473,3,1,104,1242,1019
11474051,1147405,2,11474,5,1,159,1842,2431
11475031,1147503,1,11475,3,1,120,1427,4872
11476031,1147603,0,11476,3,1,49,613,4248
11477041,1147704,1,11477,4,1,29,301,1657
11478091,1147809,1,11478,9,1,166,1972,586
11479031,1147903,2,11479,3,1,78,978,9619
11480041,1148004,1,11480,4,1,132,1536,1748
11481011,1148101,4,11481,1,1,15,159,501
11482091,1148209,1,11482,9,1,100,1212,1495
11483051,1148305,1,11483,5,1,17,190,687
11484051,1148405,1,11484,5,1,126,1469,2385
11485041,1148504,1,11485,4,1,23,243,770
11486031,1148603,1,11486,3,1,62,879,3249
11487051,1148705,1,11487,5,1,17,192,663
11488011,1148801,1,11488,1,1,103,1236,1037
11489051,1148905,1,11489,5,1,4,13,1363
11490031,1149003,2,11490,3,1,107,1297,3504
11491011,1149101,2,11491,1,1,99,1204,1561
11492041,1149204,0,11492,4,1,30,326,1688
11493021,1149302,1,11493,2,1,86,1074,12314
11494091,1149409,1,11494,9,1,178,2086,1819
11495111,1149511,0,11495,11,1,111,1384,3206
11496041,1149604,1,11496,4,1,54,807,1316
11497031,1149703,1,11497,3,1,127,1487,1951
11498111,1149811,0,11498,11,1,123,1462,2245
11499151,1149915,2,11499,15,1,52,773,1281
11500021,1150002,0,11500,2,1,168,1978,1324
11501201,1150120,2,11501,20,1,130,1516,1778
11502051,1150205,1,11502,5,1,150,1745,2726
11503041,1150304,2,11503,4,1,140,1659,1429
11504051,1150405,2,11504,5,1,71,935,2985
11505041,1150504,2,11505,4,1,85,1061,6128
11506121,1150612,1,11506,12,1,39,453,3363
11507011,1150701,1,11507,1,1,50,748,2232
11508011,1150801,1,11508,1,1,69,930,1984
11509051,1150905,4,11509,5,1,167,1975,636
11510011,1151001,1,11510,1,1,4,11,1396
11511041,1151104,2,11511,4,1,31,383,1756
11512201,1151220,1,11512,20,1,62,880,3244
11513041,1151304,1,11513,4,1,107,1311,3189
11514091,1151409,1,11514,9,1,109,1372,3454
11515051,1151505,4,11515,5,1,9,79,3074
11516091,1151609,2,11516,9,1,125,1468,1809
11517031,1151703,3,11517,3,1,117,1410,5193
11518041,1151804,0,11518,4,1,49,643,3508
11519061,1151906,1,11519,6,1,153,1813,2357
11520071,1152007,2,11520,7,1,90,1116,3460
11521021,1152102,2,11521,2,1,48,566,4433
11522101,1152210,3,11522,10,1,167,1975,636
11523071,1152307,0,11523,7,1,28,278,1371
11524011,1152401,2,11524,1,1,44,513,2427
11525021,1152502,1,11525,2,1,24,253,843
11526031,1152603,2,11526,3,1,170,2013,1316
11527031,1152703,1,11527,3,1,121,1446,3141
11528041,1152804,0,11528,4,1,35,424,774
11529021,1152902,2,11529,2,1,11,140,1439
11530151,1153015,1,11530,15,1,13,147,488
11531021,1153102,1,11531,2,1,174,2048,4995
11532151,1153215,1,11532,15,1,20,222,977
11533071,1153307,0,11533,7,1,52,769,1449
11534131,1153413,1,11534,13,1,180,2091,2598
11535021,1153502,3,11535,2,1,34,397,960
11536041,1153604,2,11536,4,1,58,856,4181
11537071,1153707,1,11537,7,1,180,2092,2522
11538191,1153819,1,11538,19,1,179,2090,1761
11539021,1153902,2,11539,2,1,151,1789,1662
11540051,1154005,1,11540,5,1,94,1151,720
11541011,1154101,1,11541,1,1,10,116,2816
11542091,1154209,1,11542,9,1,3,7,1634
11543031,1154303,1,11543,3,1,52,769,1449
11544011,1154401,1,11544,1,1,31,381,1786
11545051,1154505,2,11545,5,1,175,2058,5680
11546111,1154611,1,11546,11,1,62,879,3249
11547201,1154720,1,11547,20,1,43,485,1975
11548201,1154820,2,11548,20,1,136,1592,1094
11549031,1154903,2,11549,3,1,169,1992,1101
11550021,1155002,1,11550,2,1,93,1138,4351
11551031,1155103,1,11551,3,1,97,1160,1876
11552031,1155203,2,11552,3,1,44,505,2750
11553051,1155305,2,11553,5,1,137,1597,1065
11554051,1155405,4,11554,5,1,30,327,1676
11555051,1155505,2,11555,5,1,87,1094,12086
11556171,1155617,3,11556,17,1,63,888,2579
11557021,1155702,2,11557,2,1,50,684,3837
11558061,1155806,1,11558,6,1,96,1157,995
11559041,1155904,2,11559,4,1,50,684,3837
11560151,1156015,0,11560,15,1,110,1377,3890
11561131,1156113,0,11561,13,1,37,442,5052
11562051,1156205,2,11562,5,1,150,1760,2425
11563021,1156302,1,11563,2,1,66,914,3029
11564011,1156401,1,11564,1,1,142,1676,2626
11565201,1156520,1,11565,20,1,129,1513,2829
11566031,1156603,2,11566,3,1,108,1346,3360
11567051,1156705,1,11567,5,1,20,224,779
11568011,1156801,1,11568,1,1,58,853,4768
11569031,1156903,1,11569,3,1,98,1194,1220
11570021,1157002,2,11570,2,1,106,1267,3367
11571051,1157105,2,11571,5,1,49,634,3710
11572131,1157213,1,11572,13,1,179,2088,1811
11573121,1157312,0,11573,12,1,62,881,1964
11574031,1157403,2,11574,3,1,132,1559,486
11575041,1157504,0,11575,4,1,108,1347,3354
11576041,1157604,1,11576,4,1,153,1806,2589
11577051,1157705,3,11577,5,1,78,984,6236
11578171,1157817,0,11578,17,1,57,838,3502
11579031,1157903,3,11579,3,1,34,411,728
11580191,1158019,1,11580,19,1,68,927,1392
11581051,1158105,1,11581,5,1,52,770,1405
11582021,1158202,1,11582,2,1,53,776,1350
11583071,1158307,1,11583,7,1,12,144,592
11584011,1158401,0,11584,1,1,30,352,1452
11585081,1158508,0,11585,8,1,154,1816,2554
11586011,1158601,3,11586,1,1,127,1488,1944
11587031,1158703,2,11587,3,1,139,1638,1263
11588191,1158819,1,11588,19,1,116,1408,6402
11589151,1158915,2,11589,15,1,147,1735,2939
11590131,1159013,1,11590,13,1,173,2044,4268
11591051,1159105,2,11591,5,1,46,555,1050
11592041,1159204,1,11592,4,1,144,1697,2258
11593061,1159306,1,11593,6,1,159,1843,2250
11594041,1159404,1,11594,4,1,85,1038,12598
11595041,1159504,1,11595,4,1,43,483,2387
11596041,1159604,2,11596,4,1,170,2024,990
11597041,1159704,2,11597,4,1,18,215,673
11598151,1159815,1,11598,15,1,12,143,609
11599031,1159903,1,11599,3,1,68,927,1392
11600151,1160015,1,11600,15,1,185,2138,1543
11601121,1160112,0,11601,12,1,172,2038,7996
11602041,1160204,1,11602,4,1,38,445,7240
11603051,1160305,2,11603,5,1,188,2152,1515
11604011,1160401,1,11604,1,1,77,970,8757
11605031,1160503,2,11605,3,1,29,300,1661
11606131,1160613,1,11606,13,1,136,1589,1281
11607011,1160701,1,11607,1,1,54,814,1273
11608041,1160804,2,11608,4,1,49,612,4271
11609051,1160905,2,11609,5,1,121,1442,3818
11610151,1161015,0,11610,15,1,149,1741,2121
11611041,1161104,1,11611,4,1,107,1319,3086
11612011,1161201,1,11612,1,1,31,376,1820
11613041,1161304,2,11613,4,1,163,1918,1906
11614021,1161402,2,11614,2,1,113,1389,3090
11615031,1161503,0,11615,3,1,29,310,1588
11616041,1161604,0,11616,4,1,155,1820,1502
11617011,1161701,1,11617,1,1,80,1008,6695
11618041,1161804,0,11618,4,1,184,2131,2562
11619201,1161920,1,11619,20,1,100,1214,1363
11620021,1162002,2,11620,2,1,41,472,4425
11621051,1162105,0,11621,5,1,95,1152,3409
11622111,1162211,0,11622,11,1,166,1970,682
11623041,1162304,1,11623,4,1,105,1250,2996
11624031,1162403,1,11624,3,1,5,34,1336
11625121,1162512,2,11625,12,1,63,889,2449
11626201,1162620,0,11626,20,1,27,276,1431
11627021,1162702,1,11627,2,1,144,1694,2503
11628031,1162803,0,11628,3,1,111,1385,3030
11629011,1162901,2,11629,1,1,120,1419,6156
11630031,1163003,2,11630,3,1,45,521,3216
11631041,1163104,3,11631,4,1,107,1330,2550
11632171,1163217,0,11632,17,1,154,1815,2566
11633011,1163301,1,11633,1,1,16,173,626
11634021,1163402,2,11634,2,1,100,1211,1520
11635011,1163501,1,11635,1,1,137,1600,973
11636031,1163603,1,11636,3,1,106,1256,3877
11637111,1163711,1,11637,11,1,101,1219,985
11638011,1163801,2,11638,1,1,46,547,3150
11639041,1163904,1,11639,4,1,32,392,627
11640091,1164009,2,11640,9,1,105,1252,2794
11641041,1164104,1,11641,4,1,185,2140,1353
11642021,1164202,0,11642,2,1,73,949,2541
11643041,1164304,2,11643,4,1,113,1391,3166
11644051,1164405,2,11644,5,1,159,1844,2105
11645051,1164505,1,11645,5,1,30,350,1476
11646081,1164608,1,11646,8,1,160,1845,1479
11647051,1164705,1,11647,5,1,58,857,4148
11648141,1164814,2,11648,14,1,178,2086,1819
11649041,1164904,0,11649,4,1,35,417,879
11650021,1165002,1,11650,2,1,50,703,3504
11651201,1165120,1,11651,20,1,149,1741,2121
11652181,1165218,2,11652,18,1,130,1515,1790
11653061,1165306,3,11653,6,1,135,1587,1397
11654181,1165418,2,11654,18,1,2,6,392
11655141,1165514,0,11655,14,1,89,1113,3095
11656031,1165603,1,11656,3,1,29,295,1686
11657191,1165719,1,11657,19,1,57,835,5223
11658171,1165817,1,11658,17,1,109,1372,3454
11659041,1165904,2,11659,4,1,36,434,714
11660161,1166016,1,11660,16,1,33,395,576
11661021,1166102,3,11661,2,1,128,1499,2283
11662031,1166203,2,11662,3,1,50,702,3527
11663041,1166304,2,11663,4,1,30,353,1448
11664011,1166401,0,11664,1,1,49,618,4123
11665051,1166505,0,11665,5,1,48,587,3640
11666151,1166615,1,11666,15,1,62,881,1964
11667051,1166705,2,11667,5,1,163,1914,2052
11668191,1166819,2,11668,19,1,125,1467,2137
11669031,1166903,0,11669,3,1,71,936,2779
11670041,1167004,1,11670,4,1,132,1552,1391
11671031,1167103,2,11671,3,1,108,1340,3422
11672041,1167204,1,11672,4,1,31,379,1799
11673021,1167302,1,11673,2,1,155,1823,414
11674051,1167405,0,11674,5,1,160,1845,1479
11675121,1167512,2,11675,12,1,52,772,1285
11676101,1167610,0,11676,10,1,28,279,1313
11677091,1167709,3,11677,9,1,28,277,1380
11678021,1167802,1,11678,2,1,29,315,1574
11679111,1167911,0,11679,11,1,178,2086,1819
11680051,1168005,1,11680,5,1,162,1901,1547
11681021,1168102,2,11681,2,1,5,31,1371
11682131,1168213,1,11682,13,1,117,1411,4824
11683151,1168315,1,11683,15,1,90,1117,3299
11684031,1168403,1,11684,3,1,151,1769,2313
11685041,1168504,1,11685,4,1,49,648,3306
11686011,1168601,2,11686,1,1,106,1287,3093
11687141,1168714,1,11687,14,1,13,147,488
11688031,1168803,2,11688,3,1,168,1978,1324
11689131,1168913,1,11689,13,1,112,1387,3229
11690011,1169001,2,11690,1,1,49,619,4117
11691131,1169113,2,11691,13,1,51,766,1365
11692031,1169203,1,11692,3,1,86,1070,12734
11693031,1169303,1,11693,3,1,35,414,927
11694011,1169401,4,11694,1,1,53,793,1196
11695031,1169503,1,11695,3,1,176,2068,6800
11696031,1169603,0,11696,3,1,166,1968,2162
11697021,1169702,1,11697,2,1,29,281,1855
11698181,1169818,1,11698,18,1,75,964,4181
11699021,1169902,1,11699,2,1,23,248,707
11700041,1170004,0,11700,4,1,39,447,4920
11701081,1170108,0,11701,8,1,142,1677,2524
11702031,1170203,1,11702,3,1,25,264,995
11703021,1170302,3,11703,2,1,48,579,3927
11704011,1170401,1,11704,1,1,139,1651,1027
11705051,1170505,2,11705,5,1,30,341,1527
11706201,1170620,3,11706,20,1,94,1150,839
11707041,1170704,1,11707,4,1,167,1976,500
11708021,1170802,1,11708,2,1,147,1735,2939
11709031,1170903,2,11709,3,1,93,1137,4450
11710011,1171001,1,11710,1,1,75,960,17114
11711011,1171101,2,11711,1,1,128,1500,2224
11712041,1171204,1,11712,4,1,190,2169,2030
11713021,1171302,0,11713,2,1,6,46,1634
11714031,1171403,1,11714,3,1,48,568,4282
11715031,1171503,1,11715,3,1,48,583,3806
11716081,1171608,1,11716,8,1,149,1741,2121
11717041,1171704,4,11717,4,1,162,1891,1625
11718031,1171803,2,11718,3,1,175,2065,4609
11719101,1171910,0,11719,10,1,118,1414,5277
11720051,1172005,1,11720,5,1,107,1318,3097
11721041,1172104,1,11721,4,1,63,888,2579
11722021,1172202,2,11722,2,1,73,951,2393
11723051,1172305,1,11723,5,1,10,106,2989
11724031,1172403,1,11724,3,1,132,1540,1661
11725011,1172501,3,11725,1,1,49,631,3756
11726021,1172602,2,11726,2,1,30,364,1340
11727041,1172704,3,11727,4,1,34,405,769
11728011,1172801,1,11728,1,1,53,786,1242
11729111,1172911,1,11729,11,1,81,1017,6441
11730021,1173002,2,11730,2,1,65,898,3113
11731131,1173113,1,11731,13,1,160,1845,1479
11732021,1173202,2,11732,2,1,169,1986,1167
11733011,1173301,1,11733,1,1,46,538,3159
11734201,1173420,1,11734,20,1,173,2044,4268
11735141,1173514,1,11735,14,1,94,1148,948
11736041,1173604,0,11736,4,1,50,710,3442
11737191,1173719,1,11737,19,1,178,2086,1819
11738051,1173805,0,11738,5,1,54,807,1316
11739031,1173903,1,11739,3,1,50,692,3665
11740021,1174002,2,11740,2,1,98,1182,1678
11741031,1174103,2,11741,3,1,87,1092,12570
11742051,1174205,1,11742,5,1,121,1440,4259
11743011,1174301,4,11743,1,1,49,608,4537
11744021,1174402,1,11744,2,1,30,333,1615
11745021,1174502,1,11745,2,1,31,377,1814
11746151,1174615,0,11746,15,1,68,928,1288
11747041,1174704,2,11747,4,1,31,372,1842
11748101,1174810,1,11748,10,1,67,918,1831
11749041,1174904,2,11749,4,1,62,881,1964
11750031,1175003,1,11750,3,1,18,211,734
11751011,1175101,1,11751,1,1,18,217,655
11752031,1175203,1,11752,3,1,6,55,1249
11753041,1175304,0,11753,4,1,17,182,739
11754031,1175403,0,11754,3,1,132,1548,1458
11755041,1175504,1,11755,4,1,9,79,3074
11756071,1175607,1,11756,7,1,173,2042,4624
11757151,1175715,1,11757,15,1,27,276,1431
11758011,1175801,1,11758,1,1,42,479,11188
11759201,1175920,0,11759,20,1,153,1808,2893
11760191,1176019,1,11760,19,1,149,1742,1939
11761021,1176102,1,11761,2,1,97,1170,1534
11762021,1176202,2,11762,2,1,5,43,1062
11763011,1176301,1,11763,1,1,44,500,2795
11764021,1176402,1,11764,2,1,36,438,660
11765041,1176504,1,11765,4,1,86,1085,9385
11766091,1176609,3,11766,9,1,81,1018,5909
11767141,1176714,1,11767,14,1,117,1411,4824
11768021,1176802,2,11768,2,1,53,792,1205
11769051,1176905,2,11769,5,1,30,340,1528
11770011,1177001,2,11770,1,1,176,2069,6624
11771021,1177102,1,11771,2,1,10,108,2939
11772051,1177205,1,11772,5,1,48,559,5687
11773191,1177319,1,11773,19,1,14,148,833
11774041,1177404,2,11774,4,1,18,210,738
11775031,1177503,1,11775,3,1,87,1104,1917
11776051,1177605,2,11776,5,1,66,911,3224
11777031,1177703,1,11777,3,1,150,1748,2637
11778161,1177816,1,11778,16,1,130,1515,1790
11779011,1177901,1,11779,1,1,113,1390,3214
11780161,1178016,2,11780,16,1,101,1218,1072
11781121,1178112,3,11781,12,1,111,1385,3030
11782051,1178205,1,11782,5,1,107,1305,3233
11783061,1178306,1,11783,6,1,63,888,2579
11784031,1178403,2,11784,3,1,143,1680,2209
11785121,1178512,1,11785,12,1,105,1253,2656
11786191,1178619,1,11786,19,1,174,2047,5218
11787041,1178704,0,11787,4,1,183,2113,2189
11788041,1178804,3,11788,4,1,67,920,1739
11789021,1178902,1,11789,2,1,40,468,3585
11790051,1179005,0,11790,5,1,37,442,5052
11791091,1179109,1,11791,9,1,141,1675,2637
11792021,1179202,1,11792,2,1,149,1741,2121
11793031,1179303,1,11793,3,1,139,1625,1380
11794191,1179419,1,11794,19,1,173,2041,4774
11795021,1179502,2,11795,2,1,43,482,3070
11796031,1179603,1,11796,3,1,162,1858,1927
11797011,1179701,1,11797,1,1,94,1148,948
11798011,1179801,1,11798,1,1,113,1394,3011
11799011,1179901,1,11799,1,1,26,274,1433
11800041,1180004,1,11800,4,1,146,1726,3600
11801181,1180118,2,11801,18,1,101,1215,1128
11802031,1180203,3,11802,3,1,79,988,9068
11803061,1180306,0,11803,6,1,111,1385,3030
11804011,1180401,1,11804,1,1,51,767,1281
11805011,1180501,0,11805,1,1,97,1179,1178
11806011,1180601,2,11806,1,1,132,1541,1625
11807011,1180701,1,11807,1,1,63,887,2678
11808181,1180818,2,11808,18,1,105,1255,1919
11809131,1180913,3,11809,13,1,2,6,392
11810011,1181001,2,11810,1,1,86,1084,9385
11811051,1181105,1,11811,5,1,139,1622,1404
11812021,1181202,1,11812,2,1,107,1296,3884
11813151,1181315,0,11813,15,1,37,442,5052
11814111,1181411,0,11814,11,1,187,2148,1543
11815021,1181502,1,11815,2,1,54,803,1326
11816031,1181603,1,11816,3,1,54,800,1335
11817041,1181704,2,11817,4,1,48,562,4673
11818011,1181801,2,11818,1,1,174,2046,5443
11819041,1181904,2,11819,4,1,175,2055,6159
11820171,1182017,2,11820,17,1,135,1585,1797
11821021,1182102,2,11821,2,1,184,2134,2491
11822051,1182205,2,11822,5,1,147,1737,2630
11823031,1182303,2,11823,3,1,58,839,5029
11824031,1182403,0,11824,3,1,108,1350,3315
11825051,1182505,2,11825,5,1,140,1661,1382
11826021,1182602,2,11826,2,1,90,1115,3760
11827031,1182703,4,11827,3,1,151,1785,2005
11828031,1182803,2,11828,3,1,81,1017,6441
11829031,1182903,2,11829,3,1,126,1469,2385
11830041,1183004,2,11830,4,1,132,1538,1693
11831031,1183103,2,11831,3,1,44,500,2795
11832011,1183201,1,11832,1,1,39,449,4091
11833041,1183304,4,11833,4,1,35,426,769
11834011,1183401,2,11834,1,1,5,30,1382
11835051,1183505,1,11835,5,1,5,38,1166
11836041,1183604,1,11836,4,1,147,1737,2630
11837011,1183701,3,11837,1,1,17,193,653
11838011,1183801,3,11838,1,1,150,1757,2485
11839051,1183905,3,11839,5,1,16,174,626
11840021,1184002,2,11840,2,1,11,130,2969
11841151,1184115,1,11841,15,1,160,1846,1388
11842021,1184202,2,11842,2,1,175,2061,5349
11843041,1184304,0,11843,4,1,156,1828,1791
11844021,1184402,3,11844,2,1,162,1878,1713
11845011,1184501,2,11845,1,1,128,1506,2031
11846011,1184601,1,11846,1,1,29,284,1820
11847081,1184708,4,11847,8,1,61,877,2869
11848031,1184803,1,11848,3,1,9,77,3152
11849011,1184901,1,11849,1,1,133,1566,1721
11850021,1185002,1,11850,2,1,143,1683,811
11851131,1185113,1,11851,13,1,129,1514,2031
11852011,1185201,1,11852,1,1,73,952,2375
11853031,1185303,0,11853,3,1,98,1195,1209
11854181,1185418,0,11854,18,1,63,885,2839
11855171,1185517,0,11855,17,1,174,2048,4995
11856162,1185616,2,11856,16,2,172,2035,8923
11856163,1185616,1,11856,16,3,172,2035,8923
11857041,1185704,0,11857,4,1,175,2052,6484
11858041,1185804,1,11858,4,1,169,1990,1105
11859111,1185911,1,11859,11,1,20,222,977
11860021,1186002,1,11860,2,1,64,894,2202
11861051,1186105,0,11861,5,1,108,1368,2920
11862051,1186205,2,11862,5,1,35,415,890
11863031,1186303,2,11863,3,1,86,1063,11196
11864141,1186414,1,11864,14,1,62,880,3244
11865041,1186504,0,11865,4,1,31,377,1814
11866071,1186607,1,11866,7,1,61,876,2994
11867021,1186702,1,11867,2,1,29,322,1449
11868011,1186801,1,11868,1,1,162,1871,1732
11869041,1186904,4,11869,4,1,50,719,3305
11870011,1187001,2,11870,1,1,182,2096,2228
11871171,1187117,3,11871,17,1,123,1462,2245
11872041,1187204,1,11872,4,1,15,161,365
11873121,1187312,0,11873,12,1,166,1969,729
11874191,1187419,3,11874,19,1,166,1972,586
11875051,1187505,4,11875,5,1,49,664,2986
11876021,1187602,1,11876,2,1,97,1164,1770
11877091,1187709,1,11877,9,1,32,393,610
11878051,1187805,3,11878,5,1,146,1723,3771
11879091,1187909,2,11879,9,1,37,442,5052
11880011,1188001,0,11880,1,1,100,1214,1363
11881031,1188103,4,11881,3,1,106,1260,3641
11882111,1188211,1,11882,11,1,71,935,2985
11883091,1188309,3,11883,9,1,63,883,3042
11884141,1188414,2,11884,14,1,141,1673,2831
11885011,1188501,1,11885,1,1,49,643,3508
11886061,1188606,1,11886,6,1,26,273,1479
11887051,1188705,1,11887,5,1,128,1505,2103
11888021,1188802,2,11888,2,1,17,191,675
11889011,1188901,5,11889,1,1,4,24,1184
11890051,1189005,2,11890,5,1,35,425,770
11891011,1189101,2,11891,1,1,81,1015,19018
11892041,1189204,1,11892,4,1,15,158,585
11893051,1189305,2,11893,5,1,48,574,4103
11894031,1189403,1,11894,3,1,30,360,1402
11895101,1189510,1,11895,10,1,63,886,2839
11896041,1189604,1,11896,4,1,19,220,820
11897021,1189702,2,11897,2,1,145,1708,2585
11898141,1189814,2,11898,14,1,154,1816,2554
11899011,1189901,2,11899,1,1,23,234,961
11900021,1190002,1,11900,2,1,45,515,3056
11901021,1190102,2,11901,2,1,49,613,4248
11902031,1190203,1,11902,3,1,54,813,1277
11903051,1190305,1,11903,5,1,169,2006,987
11904021,1190402,3,11904,2,1,4,14,1342
11905151,1190515,1,11905,15,1,63,883,3042
11906051,1190605,0,11906,5,1,164,1957,1965
11907021,1190702,1,11907,2,1,98,1200,820
11908061,1190806,1,11908,6,1,94,1150,839
11909051,1190905,1,11909,5,1,80,1000,8284
11910091,1191009,1,11910,9,1,173,2044,4268
11911141,1191114,0,11911,14,1,135,1584,1829
11912101,1191210,1,11912,10,1,32,391,636
11913011,1191301,2,11913,1,1,48,583,3806
11914021,1191402,1,11914,2,1,60,874,6586
11915041,1191504,0,11915,4,1,40,466,3901
11916021,1191602,1,11916,2,1,169,2005,989
11917111,1191711,1,11917,11,1,63,886,2839
11918011,1191801,2,11918,1,1,10,106,2989
11919051,1191905,1,11919,5,1,113,1395,2979
11920121,1192012,4,11920,12,1,70,932,2540
11921141,1192114,0,11921,14,1,111,1383,3212
11922031,1192203,1,11922,3,1,49,648,3306
11923011,1192301,3,11923,1,1,10,102,3128
11924051,1192405,2,11924,5,1,53,779,1309
11925041,1192504,1,11925,4,1,118,1414,5277
11926171,1192617,2,11926,17,1,136,1591,1218
11927021,1192702,0,11927,2,1,97,1168,1667
11928101,1192810,1,11928,10,1,52,772,1285
11929101,1192910,5,11929,10,1,153,1809,2602
11930121,1193012,2,11930,12,1,137,1595,1121
11931031,1193103,2,11931,3,1,58,849,5018
11932021,1193202,3,11932,2,1,82,1020,15428
11933021,1193302,3,11933,2,1,49,676,1034
11934031,1193403,4,11934,3,1,30,346,1489
11935051,1193505,1,11935,5,1,87,1092,12570
11936041,1193604,2,11936,4,1,162,1858,1927
11937041,1193704,3,11937,4,1,97,1176,1281
11938041,1193804,0,11938,4,1,49,626,3854
11939051,1193905,1,11939,5,1,44,510,2594
11940171,1194017,1,11940,17,1,137,1595,1121
11941021,1194102,1,11941,2,1,121,1440,4259
11942041,1194204,3,11942,4,1,54,806,1316
11943041,1194304,2,11943,4,1,17,194,643
11944051,1194405,2,11944,5,1,29,280,1652
11945031,1194503,2,11945,3,1,188,2154,1413
11946021,1194602,1,11946,2,1,163,1932,1757
11947041,1194704,2,11947,4,1,53,775,1252
11948051,1194805,3,11948,5,1,132,1539,1677
11949051,1194905,2,11949,5,1,49,643,3508
11950091,1195009,0,11950,9,1,63,889,2449
11951161,1195116,3,11951,16,1,51,766,1365
11952031,1195203,0,11952,3,1,97,1173,1504
11953051,1195305,1,11953,5,1,48,579,3927
11954011,1195401,1,11954,1,1,7,61,3848
11955041,1195504,1,11955,4,1,58,844,5426
11956011,1195601,2,11956,1,1,127,1481,2049
11957041,1195704,1,11957,4,1,132,1540,1661
11958031,1195803,0,11958,3,1,46,554,2509
11959091,1195909,0,11959,9,1,51,767,1281
11960021,1196002,3,11960,2,1,111,1385,3030
11961021,1196102,0,11961,2,1,36,436,671
11962201,1196220,2,11962,20,1,43,484,2372
11963041,1196304,4,11963,4,1,49,616,4160
11964161,1196416,0,11964,16,1,20,223,797
11965011,1196501,4,11965,1,1,121,1445,3331
11966021,1196602,2,11966,2,1,162,1881,1684
11967121,1196712,2,11967,12,1,185,2138,1543
11968051,1196805,0,11968,5,1,141,1674,2757
11969031,1196903,2,11969,3,1,36,434,714
11970021,1197002,0,11970,2,1,55,827,1261
11971031,1197103,2,11971,3,1,34,398,928
11972031,1197203,1,11972,3,1,24,252,863
11973051,1197305,1,11973,5,1,46,540,3689
11974091,1197409,1,11974,9,1,68,928,1288
11975201,1197520,2,11975,20,1,96,1156,1044
11976181,1197618,3,11976,18,1,143,1680,2209
11977051,1197705,2,11977,5,1,163,1921,1866
11978051,1197805,1,11978,5,1,173,2040,4785
11979021,1197902,1,11979,2,1,85,1062,3180
11980031,1198003,2,11980,3,1,9,69,3373
11981051,1198105,1,11981,5,1,113,1396,2633
11982011,1198201,2,11982,1,1,139,1640,1251
11983031,1198303,2,11983,3,1,53,780,1306
11984051,1198405,1,11984,5,1,36,435,677
11985181,1198518,0,11985,18,1,19,220,820
11986011,1198601,1,11986,1,1,81,1013,21426
11987031,1198703,2,11987,3,1,73,949,2541
11988101,1198810,1,11988,10,1,111,1380,3726
11989051,1198905,2,11989,5,1,121,1436,4491
11990021,1199002,1,11990,2,1,59,867,4931
11991051,1199105,0,11991,5,1,73,952,2375
11992061,1199206,2,11992,6,1,135,1586,1785
11993151,1199315,0,11993,15,1,63,889,2449
11994031,1199403,0,11994,3,1,162,1854,1989
11995051,1199505,1,11995,5,1,41,473,4296
11996031,1199603,1,11996,3,1,185,2140,1353
11997161,1199716,1,11997,16,1,174,2046,5443
11998031,1199803,1,11998,3,1,98,1187,1422
11999021,1199902,1,11999,2,1,74,956,2824
12000081,1200008,1,12000,8,1,77,969,10589
12001051,1200105,3,12001,5,1,91,1124,3957
12002051,1200205,1,12002,5,1,85,1054,10409
12003051,1200305,1,12003,5,1,138,1607,1334
12004021,1200402,1,12004,2,1,145,1704,2651
12005041,1200504,1,12005,4,1,133,1567,1668
12006051,1200605,2,12006,5,1,189,2161,1175
12007011,1200701,1,12007,1,1,151,1775,2137
12008181,1200818,1,12008,18,1,160,1847,1348
12009011,1200901,0,12009,1,1,26,273,1479
12010021,1201002,2,12010,2,1,54,797,1406
12011041,1201104,1,12011,4,1,85,1047,11613
12012051,1201205,1,12012,5,1,11,133,2813
12013201,1201320,1,12013,20,1,135,1585,1797
12014041,1201404,1,12014,4,1,63,886,2839
12015201,1201520,0,12015,20,1,160,1846,1388
12016031,1201603,1,12016,3,1,7,60,4118
12017021,1201702,2,12017,2,1,66,907,4473
12018041,1201804,2,12018,4,1,152,1798,2202
12019011,1201901,0,12019,1,1,162,1883,1669
12020041,1202004,2,12020,4,1,30,336,1549
12021031,1202103,4,12021,3,1,49,611,4288
12022061,1202206,2,12022,6,1,77,970,8757
12023011,1202301,2,12023,1,1,183,2124,1891
12024021,1202402,2,12024,2,1,18,200,1048
12025031,1202503,0,12025,3,1,164,1949,2365
12026031,1202603,1,12026,3,1,107,1321,3056
12027011,1202701,3,12027,1,1,4,17,1290
12028041,1202804,2,12028,4,1,163,1940,1726
12029051,1202905,1,12029,5,1,29,299,1663
12030021,1203002,2,12030,2,1,11,133,2813
12031081,1203108,1,12031,8,1,47,556,1507
12032041,1203204,2,12032,4,1,10,97,3525
12033041,1203304,2,12033,4,1,53,780,1306
12034011,1203401,2,12034,1,1,16,176,618
12035021,1203502,2,12035,2,1,30,337,1543
12036021,1203602,1,12036,2,1,163,1926,1790
12037051,1203705,3,12037,5,1,97,1158,1598
12038111,1203811,3,12038,11,1,94,1148,948
12039031,1203903,2,12039,3,1,34,407,744
12040011,1204001,1,12040,1,1,17,189,691
12041101,1204110,3,12041,10,1,88,1106,5935
12042161,1204216,1,12042,16,1,155,1823,414
12043041,1204304,1,12043,4,1,74,954,3012
12044011,1204401,2,12044,1,1,129,1513,2829
12045031,1204503,3,12045,3,1,170,2027,908
12046011,1204601,1,12046,1,1,115,1405,6115
12047021,1204702,1,12047,2,1,120,1424,5239
12048011,1204801,3,12048,1,1,75,959,21971
12049041,1204904,2,12049,4,1,108,1353,3288
12050131,1205013,2,12050,13,1,57,835,5223
12051021,1205102,2,12051,2,1,182,2106,1904
12052161,1205216,0,12052,16,1,100,1211,1520
12053021,1205302,2,12053,2,1,75,959,21971
12054021,1205402,1,12054,2,1,132,1548,1458
12055011,1205501,0,12055,1,1,111,1382,3286
12056051,1205605,1,12056,5,1,54,804,1326
12057151,1205715,2,12057,15,1,153,1809,2602
12058011,1205801,1,12058,1,1,109,1374,2508
12059181,1205918,0,12059,18,1,57,838,3502
12060031,1206003,1,12060,3,1,49,628,3794
12061011,1206101,3,12061,1,1,27,276,1431
12062091,1206209,1,12062,9,1,100,1209,1651
12063031,1206303,3,12063,3,1,9,95,1551
12064051,1206405,3,12064,5,1,151,1776,2135
12065181,1206518,2,12065,18,1,67,922,1613
12066021,1206602,2,12066,2,1,135,1585,1797
12067091,1206709,3,12067,9,1,117,1411,4824
12068061,1206806,1,12068,6,1,149,1741,2121
12069011,1206901,2,12069,1,1,162,1852,1684
12070161,1207016,2,12070,16,1,110,1376,4727
12071051,1207105,2,12071,5,1,139,1619,1656
12072031,1207203,1,12072,3,1,50,735,2939
12073041,1207304,2,12073,4,1,29,318,1530
12074031,1207403,0,12074,3,1,41,478,3417
12075041,1207504,4,12075,4,1,23,235,931
12076081,1207608,1,12076,8,1,61,876,2994
12077011,1207701,1,12077,1,1,143,1680,2209
12078011,1207801,1,12078,1,1,9,87,2716
12079021,1207902,3,12079,2,1,183,2116,2118
12080011,1208001,2,12080,1,1,68,925,5432
12081021,1208102,1,12081,2,1,54,818,1125
12082101,1208210,2,12082,10,1,129,1513,2829
12083141,1208314,1,12083,14,1,172,2035,8923
12084011,1208401,4,12084,1,1,31,388,1595
12085171,1208517,1,12085,17,1,56,832,4770
12086021,1208602,2,12086,2,1,29,309,1601
12087041,1208704,1,12087,4,1,135,1585,1797
12088011,1208801,1,12088,1,1,46,544,3310
12089011,1208901,1,12089,1,1,150,1758,2454
12090051,1209005,1,12090,5,1,65,897,3274
12091031,1209103,1,12091,3,1,30,354,1444
12092031,1209203,2,12092,3,1,50,703,3504
12093031,1209303,1,12093,3,1,47,557,672
12094031,1209403,1,12094,3,1,144,1687,3018
12095061,1209506,3,12095,6,1,94,1149,884
12096011,1209601,1,12096,1,1,151,1779,2117
12097051,1209705,0,12097,5,1,29,313,1588
12098041,1209804,1,12098,4,1,86,1073,12480
12099021,1209902,1,12099,2,1,107,1323,3056
12100171,1210017,1,12100,17,1,166,1971,658
12101041,1210104,3,12101,4,1,139,1641,1237
12102011,1210201,1,12102,1,1,103,1232,1097
12103021,1210302,0,12103,2,1,133,1567,1668
12104021,1210402,2,12104,2,1,78,977,9959
12105051,1210505,1,12105,5,1,140,1666,1272
12106031,1210603,2,12106,3,1,140,1658,1434
12107041,1210704,4,12107,4,1,2,6,392
12108041,1210804,1,12108,4,1,139,1633,1296
12109051,1210905,1,12109,5,1,162,1893,1611
12110031,1211003,1,12110,3,1,29,288,1761
12111171,1211117,2,12111,17,1,8,62,1927
12112011,1211201,1,12112,1,1,53,785,1262
12113051,1211305,0,12113,5,1,53,792,1205
12114121,1211412,1,12114,12,1,160,1848,1343
12115011,1211501,1,12115,1,1,189,2157,1267
12116041,1211604,1,12116,4,1,50,683,3883
12117191,1211719,0,12117,19,1,186,2143,1518
12118051,1211805,1,12118,5,1,108,1340,3422
12119011,1211901,1,12119,1,1,54,811,1294
12120041,1212004,1,12120,4,1,54,801,1327
12121101,1212110,0,12121,10,1,62,880,3244
12122041,1212204,1,12122,4,1,167,1975,636
12123031,1212303,3,12123,3,1,30,347,1489
12124011,1212401,1,12124,1,1,107,1323,3056
12125021,1212502,4,12125,2,1,49,666,2907
12126031,1212603,2,12126,3,1,49,614,4170
12127031,1212703,1,12127,3,1,169,2000,1024
12128021,1212802,3,12128,2,1,79,995,7226
12129191,1212919,1,12129,19,1,89,1113,3095
12130021,1213002,1,12130,2,1,31,368,2069
12131051,1213105,1,12131,5,1,123,1460,9149
12132131,1213213,4,12132,13,1,26,273,1479
12133031,1213303,2,12133,3,1,169,2002,1015
12134031,1213403,2,12134,3,1,17,190,687
12135141,1213514,2,12135,14,1,137,1599,1009
12136031,1213603,4,12136,3,1,10,116,2816
12137051,1213705,1,12137,5,1,10,118,2754
12138031,1213803,1,12138,3,1,133,1570,823
12139171,1213917,1,12139,17,1,68,928,1288
12140031,1214003,2,12140,3,1,9,89,2560
12141151,1214115,1,12141,15,1,105,1254,2584
12142031,1214203,2,12142,3,1,60,874,6586
12143111,1214311,3,12143,11,1,148,1738,2836
12144051,1214405,0,12144,5,1,164,1951,2175
12145161,1214516,3,12145,16,1,142,1677,2524
12146041,1214604,1,12146,4,1,71,938,2501
12147031,1214703,2,12147,3,1,183,2113,2189
12148201,1214820,0,12148,20,1,148,1738,2836
12149101,1214910,2,12149,10,1,32,393,610
12150021,1215002,1,12150,2,1,87,1090,13365
12151011,1215101,2,12151,1,1,31,386,1676
12152041,1215204,2,12152,4,1,73,953,2147
12153041,1215304,1,12153,4,1,106,1272,3266
12154011,1215401,1,12154,1,1,50,733,2944
12155151,1215515,2,12155,15,1,32,390,691
12156151,1215615,2,12156,15,1,76,968,7378
12157031,1215703,2,12157,3,1,49,647,3351
12158121,1215812,2,12158,12,1,61,878,2843
12159041,1215904,2,12159,4,1,120,1424,5239
12160041,1216004,2,12160,4,1,150,1751,2613
12161011,1216101,0,12161,1,1,183,2122,1914
12162181,1216218,0,12162,18,1,67,921,1645
12163041,1216304,3,12163,4,1,23,234,961
12164171,1216417,2,12164,17,1,28,278,1371
12165041,1216504,2,12165,4,1,151,1766,2503
12165042,1216504,0,12165,4,2,151,1766,2503
12166131,1216613,3,12166,13,1,111,1385,3030
12167031,1216703,0,12167,3,1,10,107,2960
12168041,1216804,1,12168,4,1,162,1909,1376
12169051,1216905,1,12169,5,1,70,932,2540
12170031,1217003,1,12170,3,1,49,633,3737
12171091,1217109,2,12171,9,1,155,1822,916
12172121,1217212,2,12172,12,1,68,927,1392
12173041,1217304,2,12173,4,1,34,401,824
12174081,1217408,1,12174,8,1,101,1217,1108
12175151,1217515,1,12175,15,1,19,220,820
12176131,1217613,1,12176,13,1,67,918,1831
12177051,1217705,1,12177,5,1,132,1550,1443
12178021,1217802,1,12178,2,1,56,833,4741
12179041,1217904,1,12179,4,1,114,1403,2379
12180051,1218005,3,12180,5,1,92,1129,5118
12181061,1218106,0,12181,6,1,52,768,1450
12182051,1218205,1,12182,5,1,63,884,3037
12183011,1218301,1,12183,1,1,178,2086,1819
12184011,1218401,2,12184,1,1,98,1191,1349
12185011,1218501,2,12185,1,1,10,96,3718
12186041,1218604,2,12186,4,1,18,217,655
12187011,1218701,0,12187,1,1,54,802,1327
12188011,1218801,3,12188,1,1,169,2001,1021
12189011,1218901,1,12189,1,1,126,1469,2385
12190021,1219002,2,12190,2,1,158,1839,3897
12191171,1219117,2,12191,17,1,159,1843,2250
12192011,1219201,1,12192,1,1,40,461,4346
12193191,1219319,1,12193,19,1,27,275,1555
12194021,1219402,1,12194,2,1,100,1212,1495
12195131,1219513,1,12195,13,1,178,2084,2239
12196041,1219604,2,12196,4,1,79,991,8242
12197151,1219715,1,12197,15,1,39,455,3338
12198021,1219802,1,12198,2,1,153,1812,2385
12199011,1219901,2,12199,1,1,134,1579,1405
12200031,1220003,4,12200,3,1,48,563,4587
12201021,1220102,1,12201,2,1,49,660,3083
12202201,1220220,1,12202,20,1,67,919,1831
12203021,1220302,0,12203,2,1,63,882,3147
12204101,1220410,1,12204,10,1,39,456,3330
12205031,1220503,1,12205,3,1,145,1699,2772
12206021,1220602,2,12206,2,1,24,263,537
12207191,1220719,2,12207,19,1,3,8,1437
12208051,1220805,4,12208,5,1,4,24,1184
12209051,1220905,0,12209,5,1,139,1638,1263
12210011,1221001,3,12210,1,1,101,1219,985
12211021,1221102,2,12211,2,1,35,414,927
12212141,1221214,1,12212,14,1,96,1157,995
12213031,1221303,1,12213,3,1,169,2011,775
12214041,1221404,2,12214,4,1,121,1438,4413
12215191,1221519,1,12215,19,1,185,2139,1468
12216041,1221604,1,12216,4,1,162,1883,1669
12217021,1221702,2,12217,2,1,106,1281,3171
12218181,1221818,3,12218,18,1,167,1975,636
12219031,1221903,1,12219,3,1,108,1342,3404
12220021,1222002,1,12220,2,1,133,1570,823
12221201,1222120,0,12221,20,1,167,1976,500
12221202,1222120,1,12221,20,2,167,1976,500
12222021,1222202,2,12222,2,1,148,1739,2513
12223171,1222317,0,12223,17,1,67,919,1831
12224051,1222405,0,12224,5,1,97,1179,1178
12225041,1222504,2,12225,4,1,189,2163,1150
12226061,1222606,0,12226,6,1,61,876,2994
12226062,1222606,2,12226,6,2,61,876,2994
12227041,1222704,2,12227,4,1,162,1866,1814
12228031,1222803,2,12228,3,1,126,1474,1913
12229201,1222920,2,12229,20,1,67,922,1613
12230021,1223002,2,12230,2,1,45,521,3216
12231051,1223105,1,12231,5,1,97,1173,1504
12231052,1223105,1,12231,5,2,97,1173,1504
12232031,1223203,0,12232,3,1,182,2106,1904
12233021,1223302,4,12233,2,1,156,1830,1676
12234011,1223401,0,12234,1,1,45,533,2933
12235051,1223505,1,12235,5,1,126,1476,1687
12236011,1223601,1,12236,1,1,102,1224,1185
12237021,1223702,4,12237,2,1,50,694,3633
12238111,1223811,1,12238,11,1,109,1373,2841
12239021,1223902,1,12239,2,1,85,1039,12518
12240021,1224002,3,12240,2,1,147,1736,2632
12241031,1224103,2,12241,3,1,48,595,3299
12242181,1224218,2,12242,18,1,20,224,779
12243021,1224302,4,12243,2,1,175,2049,7597
12244021,1224402,1,12244,2,1,154,1815,2566
12245041,1224504,3,12245,4,1,127,1492,1817
12246051,1224605,1,12246,5,1,162,1880,1686
12247031,1224703,2,12247,3,1,18,204,778
12248021,1224802,0,12248,2,1,189,2156,1324
12249041,1224904,1,12249,4,1,106,1280,3179
12250181,1225018,2,12250,18,1,116,1409,5069
12251021,1225102,2,12251,2,1,140,1662,1321
12252031,1225203,3,12252,3,1,58,852,4802
12253171,1225317,2,12253,17,1,32,390,691
12254011,1225401,2,12254,1,1,132,1554,1316
12255051,1225505,3,12255,5,1,122,1454,4215
12256021,1225602,2,12256,2,1,44,497,2889
12256022,1225602,1,12256,2,2,44,497,2889
12257171,1225717,1,12257,17,1,39,456,3330
12258051,1225805,2,12258,5,1,140,1653,1511
12259021,1225902,4,12259,2,1,122,1452,4517
12260021,1226002,1,12260,2,1,162,1887,1655
12261011,1226101,2,12261,1,1,25,268,805
12262051,1226205,1,12262,5,1,183,2122,1914
12263031,1226303,1,12263,3,1,163,1929,1777
12264051,1226405,2,12264,5,1,5,29,1442
12265091,1226509,2,12265,9,1,61,876,2994
12266041,1226604,2,12266,4,1,108,1366,3059
12267201,1226720,1,12267,20,1,100,1213,1488
12268201,1226820,2,12268,20,1,148,1739,2513
12269011,1226901,2,12269,1,1,156,1827,1986
12270041,1227004,0,12270,4,1,31,371,1862
12271191,1227119,0,12271,19,1,135,1586,1785
12272061,1227206,2,12272,6,1,67,921,1645
12273041,1227304,2,12273,4,1,176,2066,7496
12274041,1227404,1,12274,4,1,189,2159,1210
12275031,1227503,3,12275,3,1,169,2006,987
12276161,1227616,1,12276,16,1,101,1216,1115
12277021,1227702,2,12277,2,1,30,350,1476
12278151,1227815,1,12278,15,1,142,1676,2626
12279011,1227901,0,12279,1,1,40,470,2325
12280021,1228002,1,12280,2,1,48,561,4978
12281011,1228101,2,12281,1,1,30,334,1560
12282021,1228202,2,12282,2,1,151,1783,2043
12283161,1228316,1,12283,16,1,76,968,7378
12284031,1228403,1,12284,3,1,132,1549,1457
12285131,1228513,1,12285,13,1,68,927,1392
12286041,1228604,3,12286,4,1,138,1615,1177
12287061,1228706,0,12287,6,1,8,63,1922
12288011,1228801,1,12288,1,1,97,1181,303
12289081,1228908,4,12289,8,1,116,1407,6595
12290201,1229020,1,12290,20,1,75,964,4181
12291031,1229103,1,12291,3,1,111,1383,3212
12292011,1229201,2,12292,1,1,10,105,3019
12293051,1229305,2,12293,5,1,63,885,2839
12294101,1229410,1,12294,10,1,13,146,496
12295061,1229506,1,12295,6,1,52,774,1138
12296041,1229604,2,12296,4,1,11,122,3361
12297091,1229709,0,12297,9,1,19,220,820
12298121,1229812,1,12298,12,1,166,1972,586
12299071,1229907,1,12299,7,1,143,1680,2209
12300181,1230018,3,12300,18,1,56,832,4770
12301051,1230105,2,12301,5,1,24,255,837
12302031,1230203,1,12302,3,1,163,1915,2011
12303081,1230308,1,12303,8,1,67,918,1831
12304041,1230404,2,12304,4,1,23,236,847
12305151,1230515,2,12305,15,1,51,765,1494
12306101,1230610,1,12306,10,1,105,1252,2794
12307041,1230704,0,12307,4,1,152,1792,2468
12308021,1230802,2,12308,2,1,128,1512,1899
12309021,1230902,1,12309,2,1,127,1482,2035
12310031,1231003,2,12310,3,1,134,1581,1073
12311031,1231103,1,12311,3,1,108,1370,2591
12312031,1231203,2,12312,3,1,113,1388,3090
12313011,1231301,1,12313,1,1,23,243,770
12314021,1231402,1,12314,2,1,164,1949,2365
12315021,1231502,3,12315,2,1,29,292,1719
12316081,1231608,1,12316,8,1,136,1591,1218
12317031,1231703,3,12317,3,1,132,1533,1859
12318051,1231805,1,12318,5,1,170,2016,1163
12319041,1231904,0,12319,4,1,57,835,5223
12320051,1232005,2,12320,5,1,29,308,1602
12321011,1232101,2,12321,1,1,163,1936,1737
12322051,1232205,2,12322,5,1,109,1372,3454
12323091,1232309,1,12323,9,1,135,1587,1397
12324041,1232404,1,12324,4,1,50,690,3715
12325011,1232501,2,12325,1,1,50,682,3886
12326021,1232602,1,12326,2,1,10,106,2989
12327031,1232703,2,12327,3,1,107,1302,3301
12328041,1232804,0,12328,4,1,85,1028,15557
12329111,1232911,0,12329,11,1,28,279,1313
12330011,1233001,2,12330,1,1,151,1773,2173
12331041,1233104,3,12331,4,1,152,1803,2091
12332011,1233201,2,12332,1,1,162,1862,1866
12333011,1233301,1,12333,1,1,105,1251,2799
12334051,1233405,1,12334,5,1,99,1201,1987
12335041,1233504,1,12335,4,1,92,1129,5118
12336051,1233605,2,12336,5,1,85,1031,13767
12337081,1233708,0,12337,8,1,37,443,3934
12338021,1233802,1,12338,2,1,117,1412,4714
12339041,1233904,1,12339,4,1,34,409,731
12340021,1234002,2,12340,2,1,102,1223,1242
12341021,1234102,2,12341,2,1,70,933,2426
12342171,1234217,2,12342,17,1,137,1600,973
12343011,1234301,1,12343,1,1,134,1576,1773
12344141,1234414,1,12344,14,1,125,1466,2305
12345051,1234505,1,12345,5,1,136,1591,1218
12346101,1234610,2,12346,10,1,123,1461,2454
12347121,1234712,2,12347,12,1,100,1212,1495
12348051,1234805,2,12348,5,1,31,371,1862
12349041,1234904,1,12349,4,1,189,2158,1225
12350011,1235001,1,12350,1,1,175,2055,6159
12351041,1235104,1,12351,4,1,149,1742,1939
12352021,1235202,0,12352,2,1,5,29,1442
12353041,1235304,1,12353,4,1,49,674,1437
12354021,1235402,2,12354,2,1,151,1775,2137
12355031,1235503,1,12355,3,1,172,2036,8005
12356021,1235602,1,12356,2,1,164,1956,2005
12357071,1235707,0,12357,7,1,125,1466,2305
12358051,1235805,3,12358,5,1,11,126,3052
12359071,1235907,0,12359,7,1,173,2039,5218
12360051,1236005,1,12360,5,1,102,1223,1242
12361011,1236101,1,12361,1,1,33,395,576
12362171,1236217,1,12362,17,1,109,1374,2508
12363011,1236301,1,12363,1,1,80,1001,7856
12364051,1236405,0,12364,5,1,24,262,629
12365011,1236501,2,12365,1,1,94,1150,839
12366031,1236603,1,12366,3,1,106,1259,3653
12367151,1236715,1,12367,15,1,95,1154,485
12368011,1236801,2,12368,1,1,169,1991,1103
12369161,1236916,1,12369,16,1,37,444,3822
12370011,1237001,2,12370,1,1,55,828,1133
12371021,1237102,1,12371,2,1,120,1430,3649
12372011,1237201,2,12372,1,1,145,1699,2772
12373031,1237303,3,12373,3,1,140,1663,1305
12374011,1237401,1,12374,1,1,23,247,721
12375181,1237518,1,12375,18,1,67,919,1831
12376041,1237604,3,12376,4,1,44,497,2889
12377011,1237701,1,12377,1,1,98,1194,1220
12378181,1237818,2,12378,18,1,185,2140,1353
12379041,1237904,2,12379,4,1,116,1409,5069
12380041,1238004,2,12380,4,1,11,127,3038
12381201,1238120,0,12381,20,1,187,2145,1691
12382201,1238220,1,12382,20,1,116,1408,6402
12383031,1238303,2,12383,3,1,109,1371,10690
12384041,1238404,1,12384,4,1,106,1262,3621
12385101,1238510,3,12385,10,1,67,919,1831
12386131,1238613,2,12386,13,1,178,2086,1819
12387011,1238701,1,12387,1,1,30,359,1411
12388011,1238801,0,12388,1,1,50,734,2939
12389031,1238903,0,12389,3,1,107,1322,3056
12390031,1239003,1,12390,3,1,138,1601,1592
12391041,1239104,1,12391,4,1,163,1922,1856
12392041,1239204,1,12392,4,1,121,1432,5447
12393011,1239301,1,12393,1,1,151,1785,2005
12394151,1239415,1,12394,15,1,105,1255,1919
12395031,1239503,1,12395,3,1,85,1056,9925
12396051,1239605,1,12396,5,1,106,1273,3255
12396052,1239605,1,12396,5,2,106,1273,3255
12397021,1239702,2,12397,2,1,146,1732,2859
12398201,1239820,1,12398,20,1,19,221,728
12399051,1239905,2,12399,5,1,33,394,835
12400021,1240002,1,12400,2,1,85,1033,13434
12401021,1240102,1,12401,2,1,53,787,1233
12402041,1240204,1,12402,4,1,183,2112,2306
12403041,1240304,2,12403,4,1,59,858,6443
12404071,1240407,0,12404,7,1,116,1407,6595
12405051,1240505,2,12405,5,1,152,1798,2202
12406011,1240601,1,12406,1,1,30,361,1361
12407021,1240702,1,12407,2,1,47,556,1507
12408111,1240811,2,12408,11,1,125,1465,3729
12409031,1240903,2,12409,3,1,73,952,2375
12410051,1241005,2,12410,5,1,121,1446,3141
12411011,1241101,0,12411,1,1,149,1741,2121
12412031,1241203,2,12412,3,1,23,250,380
12413051,1241305,1,12413,5,1,99,1205,1560
12414021,1241402,1,12414,2,1,162,1906,1468
12415071,1241507,0,12415,7,1,143,1678,2442
12416031,1241603,2,12416,3,1,151,1784,2039
12417021,1241702,1,12417,2,1,44,512,2443
12418031,1241803,1,12418,3,1,114,1398,4060
12419081,1241908,0,12419,8,1,125,1466,2305
12420061,1242006,1,12420,6,1,90,1114,10379
12421051,1242105,1,12421,5,1,124,1463,8536
12422051,1242205,1,12422,5,1,101,1215,1128
12423051,1242305,2,12423,5,1,16,178,580
12424011,1242401,2,12424,1,1,86,1082,9451
12425051,1242505,1,12425,5,1,49,615,4169
12425052,1242505,1,12425,5,2,49,615,4169
12425053,1242505,2,12425,5,3,49,615,4169
12426051,1242605,2,12426,5,1,162,1898,1567
12427011,1242701,4,12427,1,1,106,1273,3255
12428051,1242805,1,12428,5,1,134,1575,1775
12429161,1242916,2,12429,16,1,88,1109,4626
12430181,1243018,3,12430,18,1,100,1214,1363
12431021,1243102,1,12431,2,1,152,1802,2095
12432011,1243201,0,12432,1,1,144,1695,2426
12433101,1243310,1,12433,10,1,111,1382,3286
12434021,1243402,3,12434,2,1,6,50,1373
12435021,1243502,1,12435,2,1,108,1350,3315
12436011,1243601,1,12436,1,1,85,1030,15076
12437031,1243703,3,12437,3,1,107,1327,2924
12438041,1243804,1,12438,4,1,73,948,2562
12439051,1243905,1,12439,5,1,150,1748,2637
12440121,1244012,2,12440,12,1,61,876,2994
12441041,1244104,0,12441,4,1,5,41,1110
12442021,1244202,1,12442,2,1,107,1314,3142
12443031,1244303,2,12443,3,1,59,865,5338
12444031,1244403,5,12444,3,1,162,1894,1604
12445021,1244502,3,12445,2,1,29,316,1573
12446111,1244611,0,12446,11,1,111,1378,4169
12447041,1244704,0,12447,4,1,15,152,779
12448051,1244805,1,12448,5,1,4,17,1290
12449151,1244915,1,12449,15,1,166,1970,682
12450011,1245001,2,12450,1,1,105,1253,2656
12451031,1245103,2,12451,3,1,5,38,1166
12452031,1245203,1,12452,3,1,55,819,1575
12453021,1245302,1,12453,2,1,35,423,794
12454011,1245401,3,12454,1,1,22,232,413
12455011,1245501,1,12455,1,1,175,2054,6294
12456011,1245601,1,12456,1,1,49,644,3450
12457151,1245715,1,12457,15,1,135,1585,1797
12458031,1245803,4,12458,3,1,163,1924,1839
12459021,1245902,2,12459,2,1,128,1511,1952
12460051,1246005,1,12460,5,1,31,383,1756
12461151,1246115,1,12461,15,1,71,938,2501
12462021,1246202,0,12462,2,1,50,744,2537
12463021,1246302,1,12463,2,1,134,1578,1565
12464041,1246404,1,12464,4,1,30,349,1476
12465021,1246502,1,12465,2,1,62,880,3244
12466031,1246603,1,12466,3,1,50,704,3500
12467041,1246704,1,12467,4,1,91,1127,3613
12468041,1246804,1,12468,4,1,44,491,3124
12469051,1246905,1,12469,5,1,105,1255,1919
12470091,1247009,1,12470,9,1,83,1023,11415
12471031,1247103,1,12471,3,1,139,1626,1349
12472021,1247202,1,12472,2,1,30,349,1476
12473051,1247305,1,12473,5,1,152,1800,2190
12474041,1247404,1,12474,4,1,81,1013,21426
12475021,1247502,2,12475,2,1,9,88,2583
12476021,1247602,1,12476,2,1,190,2171,1808
12477031,1247703,1,12477,3,1,94,1147,957
12477032,1247703,1,12477,3,2,94,1147,957
12478041,1247804,3,12478,4,1,86,1064,15368
12479041,1247904,2,12479,4,1,163,1946,1630
12480021,1248002,2,12480,2,1,128,1508,2001
12481051,1248105,1,12481,5,1,181,2094,2676
12482091,1248209,1,12482,9,1,185,2140,1353
12483011,1248301,1,12483,1,1,49,650,3248
12484021,1248402,1,12484,2,1,163,1916,1950
12485031,1248503,2,12485,3,1,23,243,770
12486021,1248602,0,12486,2,1,143,1681,2188
12487041,1248704,0,12487,4,1,164,1953,2054
12488031,1248803,1,12488,3,1,55,826,1300
12489111,1248911,1,12489,11,1,167,1976,500
12490201,1249020,2,12490,20,1,1,3,848
12491041,1249104,5,12491,4,1,32,390,691
12492151,1249215,1,12492,15,1,21,228,784
12493131,1249313,3,12493,13,1,20,223,797
12494041,1249404,0,12494,4,1,53,789,1214
12495041,1249504,2,12495,4,1,176,2074,5801
12496021,1249602,1,12496,2,1,23,235,931
12497031,1249703,1,12497,3,1,46,551,3012
12498081,1249808,2,12498,8,1,43,483,2387
12499041,1249904,1,12499,4,1,106,1269,3334
12500201,1250020,3,12500,20,1,67,921,1645
12501031,1250103,2,12501,3,1,164,1962,1817
12502171,1250217,2,12502,17,1,38,445,7240
12503131,1250313,2,12503,13,1,172,2038,7996
12504051,1250405,2,12504,5,1,6,52,1338
12505051,1250505,1,12505,5,1,45,537,383
12506161,1250616,2,12506,16,1,14,149,796
12507141,1250714,2,12507,14,1,12,144,592
12508051,1250805,1,12508,5,1,10,117,2757
12509021,1250902,1,12509,2,1,86,1077,10968
12510181,1251018,2,12510,18,1,135,1582,2162
12511041,1251104,1,12511,4,1,29,294,1689
12512011,1251201,2,12512,1,1,73,953,2147
12513051,1251305,0,12513,5,1,6,50,1373
12514041,1251404,1,12514,4,1,139,1639,1253
12515201,1251520,2,12515,20,1,88,1106,5935
12516051,1251605,4,12516,5,1,150,1755,2570
12517041,1251704,1,12517,4,1,163,1934,1754
12518021,1251802,1,12518,2,1,145,1706,2623
12519041,1251904,2,12519,4,1,127,1491,1834
12520011,1252001,2,12520,1,1,83,1021,33387
12521021,1252102,2,12521,2,1,163,1911,2151
12522181,1252218,2,12522,18,1,100,1211,1520
12523021,1252302,0,12523,2,1,139,1630,1306
12524041,1252404,2,12524,4,1,169,2001,1021
12525011,1252501,1,12525,1,1,180,2092,2522
12526161,1252616,1,12526,16,1,135,1582,2162
12527181,1252718,1,12527,18,1,185,2139,1468
12528061,1252806,1,12528,6,1,57,835,5223
12529021,1252902,1,12529,2,1,49,655,3136
12530121,1253012,0,12530,12,1,186,2143,1518
12531011,1253101,1,12531,1,1,50,679,4295
12532051,1253205,4,12532,5,1,9,86,2729
12533031,1253303,1,12533,3,1,80,1001,7856
12534051,1253405,1,12534,5,1,103,1238,973
12535041,1253504,2,12535,4,1,169,1984,1177
12536041,1253604,1,12536,4,1,49,604,4983
12537021,1253702,1,12537,2,1,117,1410,5193
12538041,1253804,1,12538,4,1,71,937,2578
12539021,1253902,3,12539,2,1,10,119,2740
12540031,1254003,1,12540,3,1,46,546,3168
12541171,1254117,1,12541,17,1,52,769,1449
12542051,1254205,1,12542,5,1,67,915,1831
12543011,1254301,1,12543,1,1,147,1737,2630
12544111,1254411,1,12544,11,1,3,7,1634
12545051,1254505,0,12545,5,1,108,1360,3189
12546031,1254603,1,12546,3,1,49,657,3118
12547191,1254719,1,12547,19,1,90,1117,3299
12548171,1254817,1,12548,17,1,51,767,1281
12549051,1254905,2,12549,5,1,97,1170,1534
12550021,1255002,0,12550,2,1,53,775,1252
12551161,1255116,0,12551,16,1,71,937,2578
12552051,1255205,3,12552,5,1,46,545,3255
12553031,1255303,0,12553,3,1,140,1668,1209
12554021,1255402,2,12554,2,1,126,1476,1687
12555041,1255504,2,12555,4,1,72,944,2387
12556011,1255601,2,12556,1,1,164,1954,2022
12557021,1255702,4,12557,2,1,40,469,3459
12558151,1255815,2,12558,15,1,110,1375,5038
12559161,1255916,0,12559,16,1,37,442,5052
12560131,1256013,1,12560,13,1,51,767,1281
12561031,1256103,0,12561,3,1,10,110,2905
12562061,1256206,1,12562,6,1,136,1591,1218
12563021,1256302,2,12563,2,1,58,844,5426
12564091,1256409,2,12564,9,1,27,276,1431
12565031,1256503,1,12565,3,1,163,1947,1591
12566011,1256601,1,12566,1,1,49,617,4132
12567021,1256702,2,12567,2,1,30,335,1555
12568051,1256805,2,12568,5,1,121,1438,4413
12569041,1256904,2,12569,4,1,48,559,5687
12570071,1257007,0,12570,7,1,160,1846,1388
12571111,1257111,1,12571,11,1,116,1407,6595
12572011,1257201,1,12572,1,1,11,124,3086
12573051,1257305,2,12573,5,1,49,635,3655
12574021,1257402,5,12574,2,1,98,1198,1204
12575011,1257501,1,12575,1,1,166,1971,658
12576011,1257601,2,12576,1,1,173,2044,4268
12577031,1257703,4,12577,3,1,97,1161,1854
12578051,1257805,1,12578,5,1,49,629,3784
12579061,1257906,1,12579,6,1,166,1971,658
12580021,1258002,1,12580,2,1,50,749,2142
12581021,1258102,1,12581,2,1,99,1201,1987
12582011,1258201,0,12582,1,1,39,447,4920
12583031,1258303,3,12583,3,1,90,1115,3760
12584041,1258404,2,12584,4,1,151,1764,2117
12585021,1258502,0,12585,2,1,163,1946,1630
12585022,1258502,1,12585,2,2,163,1946,1630
12585023,1258502,2,12585,2,3,163,1946,1630
12586051,1258605,2,12586,5,1,86,1089,2758
12587191,1258719,2,12587,19,1,174,2048,4995
12588041,1258804,1,12588,4,1,68,924,5515
12589151,1258915,1,12589,15,1,83,1024,5447
12590201,1259020,1,12590,20,1,142,1677,2524
12591101,1259110,2,12591,10,1,137,1597,1065
12592031,1259203,1,12592,3,1,29,306,1616
12593021,1259302,4,12593,2,1,169,1995,1077
12594021,1259402,1,12594,2,1,126,1478,1530
12595031,1259503,0,12595,3,1,163,1943,1706
12596041,1259604,1,12596,4,1,24,251,912
12597101,1259710,1,12597,10,1,21,226,887
12598101,1259810,0,12598,10,1,142,1677,2524
12599011,1259901,2,12599,1,1,108,1370,2591
12600011,1260001,2,12600,1,1,94,1142,4217
12601141,1260114,1,12601,14,1,187,2144,1720
12602041,1260204,0,12602,4,1,44,496,2933
12603141,1260314,1,12603,14,1,71,935,2985
12604011,1260401,2,12604,1,1,13,146,496
12605011,1260501,1,12605,1,1,21,225,1029
12606111,1260611,1,12606,11,1,159,1842,2431
12607201,1260720,3,12607,20,1,81,1018,5909
12608121,1260812,2,12608,12,1,101,1215,1128
12609021,1260902,0,12609,2,1,35,425,770
12610031,1261003,3,12610,3,1,107,1317,3114
12611051,1261105,2,12611,5,1,73,949,2541
12612011,1261201,1,12612,1,1,132,1540,1661
12613091,1261309,1,12613,9,1,149,1742,1939
12614021,1261402,1,12614,2,1,54,807,1316
12615151,1261515,1,12615,15,1,148,1739,2513
12616091,1261609,3,12616,9,1,67,921,1645
12617181,1261718,2,12617,18,1,174,2045,5770
12618041,1261804,2,12618,4,1,29,297,1673
12619171,1261917,1,12619,17,1,109,1373,2841
12620021,1262002,2,12620,2,1,57,835,5223
12621041,1262104,4,12621,4,1,113,1396,2633
12622011,1262201,1,12622,1,1,29,323,1414
12623141,1262314,2,12623,14,1,141,1674,2757
12624061,1262406,3,12624,6,1,51,765,1494
12625021,1262502,1,12625,2,1,139,1645,1196
12626081,1262608,1,12626,8,1,167,1976,500
12627051,1262705,0,12627,5,1,60,871,7159
12628031,1262803,2,12628,3,1,84,1026,8028
12629021,1262902,1,12629,2,1,48,591,3541
12630021,1263002,2,12630,2,1,162,1862,1866
12631041,1263104,0,12631,4,1,103,1226,1221
12632051,1263205,1,12632,5,1,29,321,1463
12633031,1263303,2,12633,3,1,4,15,1335
12634011,1263401,1,12634,1,1,79,998,6511
12635091,1263509,0,12635,9,1,39,454,3356
12636011,1263601,1,12636,1,1,85,1049,11347
12637031,1263703,1,12637,3,1,50,728,3027
12638191,1263819,2,12638,19,1,56,830,5624
12639031,1263903,1,12639,3,1,132,1552,1391
12640121,1264012,0,12640,12,1,37,443,3934
12641031,1264103,2,12641,3,1,99,1207,1405
12642181,1264218,0,12642,18,1,111,1385,3030
12643101,1264310,1,12643,10,1,101,1216,1115
12644011,1264401,2,12644,1,1,86,1067,13050
12645041,1264504,2,12645,4,1,86,1071,12674
12646031,1264603,3,12646,3,1,151,1767,2414
12647011,1264701,0,12647,1,1,35,430,741
12648011,1264801,2,12648,1,1,169,2011,775
12649091,1264909,0,12649,9,1,57,837,4691
12650181,1265018,0,12650,18,1,155,1820,1502
12651081,1265108,1,12651,8,1,112,1387,3229
12652041,1265204,1,12652,4,1,143,1681,2188
12653021,1265302,1,12653,2,1,111,1383,3212
12654161,1265416,1,12654,16,1,88,1107,4964
12655091,1265509,4,12655,9,1,153,1812,2385
12656051,1265605,1,12656,5,1,80,999,7057
12657051,1265705,1,12657,5,1,128,1504,2131
12658031,1265803,2,12658,3,1,50,727,3076
12659111,1265911,1,12659,11,1,88,1110,4468
12660021,1266002,1,12660,2,1,59,861,5503
12661051,1266105,3,12661,5,1,61,876,2994
12662021,1266202,2,12662,2,1,150,1748,2637
12663151,1266315,2,12663,15,1,26,274,1433
12664031,1266403,2,12664,3,1,50,742,2715
12665081,1266508,1,12665,8,1,137,1596,1073
12666041,1266604,1,12666,4,1,179,2089,1807
12667111,1266711,1,12667,11,1,160,1846,1388
12668011,1266801,2,12668,1,1,99,1205,1560
12669081,1266908,0,12669,8,1,173,2041,4774
12670151,1267015,2,12670,15,1,7,60,4118
12671051,1267105,1,12671,5,1,156,1830,1676
12672011,1267201,3,12672,1,1,29,294,1689
12673071,1267307,2,12673,7,1,32,392,627
12674051,1267405,1,12674,5,1,45,522,3170
12675041,1267504,1,12675,4,1,49,617,4132
12676041,1267604,2,12676,4,1,85,1042,12302
12677131,1267713,1,12677,13,1,187,2147,1565
12678021,1267802,1,12678,2,1,30,365,1327
12679031,1267903,2,12679,3,1,31,384,1756
12680011,1268001,3,12680,1,1,183,2118,2076
12681041,1268104,2,12681,4,1,140,1665,1274
12682111,1268211,3,12682,11,1,13,147,488
12683111,1268311,1,12683,11,1,173,2039,5218
12684021,1268402,1,12684,2,1,29,297,1673
12685011,1268501,2,12685,1,1,34,408,739
12686081,1268608,2,12686,8,1,20,224,779
12687041,1268704,0,12687,4,1,31,376,1820
12688131,1268813,2,12688,13,1,19,221,728
12689091,1268909,2,12689,9,1,155,1818,1651
12690011,1269001,0,12690,1,1,29,290,1734
12691011,1269101,1,12691,1,1,87,1102,9482
12692031,1269203,1,12692,3,1,106,1284,3150
12693021,1269302,1,12693,2,1,180,2091,2598
12694051,1269405,2,12694,5,1,97,1159,2131
12695031,1269503,2,12695,3,1,179,2088,1811
12696201,1269620,1,12696,20,1,61,878,2843
12697091,1269709,1,12697,9,1,71,937,2578
12698051,1269805,2,12698,5,1,41,477,3873
12699041,1269904,1,12699,4,1,85,1035,13117
12700051,1270005,2,12700,5,1,163,1924,1839
12701021,1270102,2,12701,2,1,97,1165,1754
12702021,1270202,1,12702,2,1,138,1611,1261
12703021,1270302,0,12703,2,1,54,801,1327
12704011,1270401,2,12704,1,1,69,929,3066
12705021,1270502,3,12705,2,1,140,1655,1467
12706011,1270601,3,12706,1,1,29,299,1663
12707041,1270704,2,12707,4,1,80,1002,7693
12708101,1270810,3,12708,10,1,155,1821,1493
12709031,1270903,0,12709,3,1,134,1578,1565
12710191,1271019,1,12710,19,1,153,1813,2357
12711061,1271106,1,12711,6,1,71,935,2985
12712031,1271203,2,12712,3,1,4,11,1396
12713031,1271303,2,12713,3,1,50,718,3308
12714051,1271405,1,12714,5,1,93,1138,4351
12715031,1271503,1,12715,3,1,23,236,847
12716031,1271603,1,12716,3,1,43,482,3070
12717011,1271701,4,12717,1,1,16,170,667
12718161,1271816,1,12718,16,1,179,2090,1761
12719181,1271918,1,12719,18,1,185,2141,1249
12720041,1272004,1,12720,4,1,91,1123,4162
12721041,1272104,1,12721,4,1,105,1248,2799
12722021,1272202,3,12722,2,1,133,1562,1817
12723041,1272304,1,12723,4,1,30,332,1626
12724111,1272411,2,12724,11,1,21,228,784
12725021,1272502,2,12725,2,1,50,705,3499
12726041,1272604,2,12726,4,1,10,99,3348
12727011,1272701,1,12727,1,1,48,575,4004
12728041,1272804,3,12728,4,1,16,174,626
12729031,1272903,2,12729,3,1,83,1022,25014
12730011,1273001,0,12730,1,1,53,784,1272
12731011,1273101,1,12731,1,1,78,983,8197
12732061,1273206,2,12732,6,1,51,767,1281
12733181,1273318,1,12733,18,1,153,1809,2602
12734041,1273404,2,12734,4,1,140,1667,1249
12735041,1273504,2,12735,4,1,131,1526,1205
12736121,1273612,0,12736,12,1,105,1250,2996
12737021,1273702,0,12737,2,1,172,2035,8923
12738031,1273803,1,12738,3,1,164,1953,2054
12739101,1273910,1,12739,10,1,67,922,1613
12740041,1274004,1,12740,4,1,108,1346,3360
12741021,1274102,1,12741,2,1,67,916,1831
12742031,1274203,2,12742,3,1,169,2009,946
12743041,1274304,1,12743,4,1,10,110,2905
12744161,1274416,0,12744,16,1,7,61,3848
12745051,1274505,1,12745,5,1,151,1787,1971
12746021,1274602,1,12746,2,1,12,144,592
12747071,1274707,1,12747,7,1,20,222,977
12748021,1274802,1,12748,2,1,48,563,4587
12749171,1274917,2,12749,17,1,56,831,4889
12750011,1275001,3,12750,1,1,11,123,3224
12751101,1275110,1,12751,10,1,57,835,5223
12752021,1275202,1,12752,2,1,177,2080,10259
12753051,1275305,2,12753,5,1,164,1950,2275
12754051,1275405,1,12754,5,1,167,1976,500
12755091,1275509,0,12755,9,1,83,1024,5447
12756041,1275604,3,12756,4,1,79,998,6511
12757041,1275704,1,12757,4,1,34,411,728
12758041,1275804,1,12758,4,1,107,1300,3331
12759131,1275913,1,12759,13,1,149,1741,2121
12760041,1276004,1,12760,4,1,173,2042,4624
12761021,1276102,0,12761,2,1,108,1356,3261
12762131,1276213,1,12762,13,1,167,1976,500
12763051,1276305,3,12763,5,1,44,498,2876
12764041,1276404,0,12764,4,1,54,804,1326
12765041,1276504,4,12765,4,1,146,1722,3772
12766141,1276614,1,12766,14,1,116,1406,6756
12767041,1276704,0,12767,4,1,164,1955,2022
12768031,1276803,2,12768,3,1,143,1682,2124
12769051,1276905,2,12769,5,1,153,1806,2589
12770191,1277019,1,12770,19,1,149,1740,2152
12771021,1277102,1,12771,2,1,50,722,3217
12772021,1277202,1,12772,2,1,139,1642,1223
12773141,1277314,3,12773,14,1,160,1848,1343
12774011,1277401,2,12774,1,1,131,1522,1788
12775011,1277501,0,12775,1,1,30,357,1426
12776111,1277611,1,12776,11,1,130,1516,1778
12776112,1277611,1,12776,11,2,130,1516,1778
12777191,1277719,3,12777,19,1,135,1584,1829
12778051,1277805,1,12778,5,1,9,71,3257
12779051,1277905,2,12779,5,1,23,241,794
12780041,1278004,0,12780,4,1,107,1327,2924
12781041,1278104,2,12781,4,1,16,175,625
12782031,1278203,2,12782,3,1,23,248,707
12783021,1278302,2,12783,2,1,45,525,3117
12784041,1278404,2,12784,4,1,91,1126,3861
12785051,1278505,1,12785,5,1,50,743,2710
12786051,1278605,1,12786,5,1,151,1784,2039
12787031,1278703,2,12787,3,1,34,400,875
12788051,1278805,0,12788,5,1,5,31,1371
12789051,1278905,1,12789,5,1,65,903,2393
12790031,1279003,4,12790,3,1,170,2018,1060
12791071,1279107,1,12791,7,1,19,221,728
12792031,1279203,1,12792,3,1,145,1705,2626
12793031,1279303,1,12793,3,1,53,788,1232
12794041,1279404,1,12794,4,1,166,1965,2972
12795031,1279503,2,12795,3,1,85,1034,13299
12796041,1279604,2,12796,4,1,146,1729,3418
12797031,1279703,3,12797,3,1,50,685,3836
12798061,1279806,2,12798,6,1,172,2037,7996
12799021,1279902,1,12799,2,1,85,1059,9177
12800091,1280009,1,12800,9,1,57,835,5223
12801051,1280105,2,12801,5,1,15,150,782
12802111,1280211,0,12802,11,1,147,1737,2630
12803141,1280314,2,12803,14,1,94,1147,957
12804031,1280403,2,12804,3,1,153,1813,2357
12805061,1280506,1,12805,6,1,63,882,3147
12806151,1280615,1,12806,15,1,101,1215,1128
12807031,1280703,2,12807,3,1,16,164,751
12808121,1280812,1,12808,12,1,67,919,1831
12809041,1280904,1,12809,4,1,108,1367,3056
12810031,1281003,1,12810,3,1,35,425,770
12811051,1281105,2,12811,5,1,182,2106,1904
12812031,1281203,2,12812,3,1,48,599,2791
12813011,1281301,2,12813,1,1,85,1052,10908
12814091,1281409,2,12814,9,1,94,1150,839
12815011,1281501,2,12815,1,1,30,325,1726
12816051,1281605,2,12816,5,1,44,495,2970
12817081,1281708,3,12817,8,1,159,1842,2431
12818031,1281803,1,12818,3,1,4,19,1284
12819011,1281901,2,12819,1,1,53,775,1252
12820101,1282010,1,12820,10,1,14,149,796
12821021,1282102,2,12821,2,1,63,883,3042
12822081,1282208,2,12822,8,1,62,880,3244
12823181,1282318,3,12823,18,1,173,2044,4268
12824021,1282402,1,12824,2,1,78,971,15130
12825041,1282504,2,12825,4,1,162,1878,1713
12826031,1282603,0,12826,3,1,55,822,1371
12827111,1282711,3,12827,11,1,115,1404,6225
12828051,1282805,2,12828,5,1,130,1516,1778
12829081,1282908,1,12829,8,1,141,1673,2831
12830201,1283020,1,12830,20,1,61,877,2869
12831011,1283101,3,12831,1,1,78,973,11411
12832031,1283203,1,12832,3,1,111,1380,3726
12833031,1283303,0,12833,3,1,67,922,1613
12834201,1283420,2,12834,20,1,118,1415,5024
12835051,1283505,1,12835,5,1,138,1611,1261
12836041,1283604,2,12836,4,1,45,531,2980
12837011,1283701,1,12837,1,1,92,1132,4321
12838051,1283805,1,12838,5,1,116,1409,5069
12839031,1283903,3,12839,3,1,145,1708,2585
12840041,1284004,1,12840,4,1,78,979,9207
12841031,1284103,3,12841,3,1,29,323,1414
12842101,1284210,0,12842,10,1,136,1591,1218
12843021,1284302,1,12843,2,1,29,293,1694
12844041,1284404,1,12844,4,1,146,1724,3749
12845041,1284504,1,12845,4,1,86,1086,8324
12846031,1284603,2,12846,3,1,12,144,592
12847061,1284706,1,12847,6,1,38,445,7240
12848031,1284803,0,12848,3,1,85,1038,12598
12849031,1284903,1,12849,3,1,156,1829,1722
12850161,1285016,2,12850,16,1,67,923,1581
12850162,1285016,2,12850,16,2,67,923,1581
12850163,1285016,2,12850,16,3,67,923,1581
12851021,1285102,1,12851,2,1,170,2025,979
12852031,1285203,1,12852,3,1,49,623,3934
12853011,1285301,2,12853,1,1,162,1885,1657
12854011,1285401,3,12854,1,1,49,628,3794
12855021,1285502,2,12855,2,1,50,753,1937
12856011,1285601,0,12856,1,1,34,407,744
12857011,1285701,2,12857,1,1,97,1178,1181
12858041,1285804,0,12858,4,1,167,1974,661
12859051,1285905,3,12859,5,1,48,596,3213
12860021,1286002,3,12860,2,1,144,1693,2560
12861011,1286101,0,12861,1,1,32,393,610
12862041,1286204,1,12862,4,1,166,1972,586
12863221,1286322,1,12863,22,1,149,1742,1939
12864011,1286401,3,12864,1,1,183,2113,2189
12865011,1286501,1,12865,1,1,154,1815,2566
12866201,1286620,2,12866,20,1,52,773,1281
12867021,1286702,2,12867,2,1,49,652,3190
12868051,1286805,3,12868,5,1,23,240,801
12869091,1286909,2,12869,9,1,153,1813,2357
12870151,1287015,2,12870,15,1,135,1583,1844
12871161,1287116,2,12871,16,1,147,1736,2632
12872051,1287205,1,12872,5,1,134,1573,2057
12873101,1287310,1,12873,10,1,67,923,1581
12874011,1287401,2,12874,1,1,30,353,1448
12875121,1287512,1,12875,12,1,21,225,1029
12876091,1287609,2,12876,9,1,51,766,1365
12877021,1287702,0,12877,2,1,44,500,2795
12878041,1287804,2,12878,4,1,29,321,1463
12879031,1287903,1,12879,3,1,187,2148,1543
12880071,1288007,3,12880,7,1,100,1214,1363
12881131,1288113,0,12881,13,1,43,482,3070
12882191,1288219,1,12882,19,1,110,1376,4727
12883021,1288302,1,12883,2,1,83,1022,25014
12884021,1288402,1,12884,2,1,79,985,9225
12885011,1288501,2,12885,1,1,49,630,3778
12886181,1288618,1,12886,18,1,155,1822,916
12887021,1288702,2,12887,2,1,159,1842,2431
12888181,1288818,1,12888,18,1,116,1408,6402
12889021,1288902,1,12889,2,1,85,1057,9893
12890021,1289002,2,12890,2,1,53,796,1141
12891021,1289102,1,12891,2,1,49,641,3561
12892031,1289203,1,12892,3,1,162,1869,1745
12893051,1289305,1,12893,5,1,102,1222,1297
12894141,1289414,1,12894,14,1,63,886,2839
12895091,1289509,1,12895,9,1,21,227,882
12896051,1289605,2,12896,5,1,166,1965,2972
12897021,1289702,2,12897,2,1,183,2121,1915
12898051,1289805,0,12898,5,1,162,1879,1697
12899201,1289920,1,12899,20,1,174,2045,5770
12900181,1290018,1,12900,18,1,136,1592,1094
12901021,1290102,1,12901,2,1,138,1618,1029
12902021,1290202,3,12902,2,1,9,83,2919
12903201,1290320,3,12903,20,1,95,1154,485
12903202,1290320,1,12903,20,2,95,1154,485
12904011,1290401,2,12904,1,1,50,684,3837
12905011,1290501,1,12905,1,1,46,545,3255
12906051,1290605,1,12906,5,1,123,1462,2245
12907171,1290717,1,12907,17,1,71,935,2985
12908101,1290810,1,12908,10,1,21,229,690
12909051,1290905,3,12909,5,1,45,518,3379
12910041,1291004,1,12910,4,1,50,714,3398
12911021,1291102,1,12911,2,1,48,564,4552
12912031,1291203,2,12912,3,1,63,883,3042
12913131,1291313,0,12913,13,1,39,447,4920
12914011,1291401,1,12914,1,1,79,992,7674
12915131,1291513,3,12915,13,1,88,1110,4468
12916011,1291601,2,12916,1,1,36,434,714
12917031,1291703,0,12917,3,1,105,1255,1919
12918031,1291803,1,12918,3,1,106,1271,3317
12919101,1291910,3,12919,10,1,116,1408,6402
12920011,1292001,1,12920,1,1,79,985,9225
12921011,1292101,4,12921,1,1,16,163,800
12922011,1292201,2,12922,1,1,80,1006,6870
12923041,1292304,1,12923,4,1,185,2138,1543
12924031,1292403,0,12924,3,1,174,2048,4995
12925021,1292502,4,12925,2,1,151,1768,2339
12926061,1292606,1,12926,6,1,56,830,5624
12927051,1292705,1,12927,5,1,107,1320,3082
12928031,1292803,2,12928,3,1,184,2129,2725
12929011,1292901,2,12929,1,1,173,2040,4785
12930051,1293005,4,12930,5,1,167,1974,661
12931011,1293101,1,12931,1,1,15,151,780
12932041,1293204,2,12932,4,1,85,1031,13767
12933021,1293302,0,12933,2,1,39,447,4920
12934031,1293403,1,12934,3,1,137,1593,1069
12935011,1293501,2,12935,1,1,140,1668,1209
12936011,1293601,1,12936,1,1,49,639,3584
12937021,1293702,0,12937,2,1,39,448,4578
12938021,1293802,1,12938,2,1,131,1527,1108
12938022,1293802,1,12938,2,2,131,1527,1108
12939011,1293901,2,12939,1,1,4,27,1069
12940051,1294005,1,12940,5,1,46,541,3394
12941051,1294105,1,12941,5,1,11,138,2175
12942021,1294202,2,12942,2,1,106,1282,3165
12943071,1294307,0,12943,7,1,21,227,882
12944021,1294402,1,12944,2,1,170,2013,1316
12945041,1294504,1,12945,4,1,45,524,3117
12946051,1294605,1,12946,5,1,32,389,2846
12947031,1294703,2,12947,3,1,41,474,4176
12948041,1294804,0,12948,4,1,2,4,1716
12949021,1294902,1,12949,2,1,150,1749,2621
12950041,1295004,1,12950,4,1,87,1104,1917
12951031,1295103,2,12951,3,1,146,1726,3600
12952101,1295210,0,12952,10,1,12,144,592
12953011,1295301,5,12953,1,1,127,1490,1845
12954051,1295405,1,12954,5,1,30,339,1541
12955031,1295503,1,12955,3,1,30,332,1626
12956041,1295604,2,12956,4,1,92,1131,4532
12957101,1295710,0,12957,10,1,116,1409,5069
12958041,1295804,2,12958,4,1,126,1475,1858
12959071,1295907,0,12959,7,1,115,1405,6115
12960111,1296011,4,12960,11,1,166,1971,658
12961131,1296113,2,12961,13,1,149,1740,2152
12962131,1296213,1,12962,13,1,37,443,3934
12963011,1296301,1,12963,1,1,30,342,1519
12964041,1296404,1,12964,4,1,137,1595,1121
12965051,1296505,2,12965,5,1,97,1176,1281
12966021,1296602,0,12966,2,1,65,902,2856
12967121,1296712,1,12967,12,1,21,226,887
12968131,1296813,2,12968,13,1,39,454,3356
12969011,1296901,1,12969,1,1,127,1480,2089
12970201,1297020,2,12970,20,1,63,882,3147
12971191,1297119,2,12971,19,1,19,220,820
12972161,1297216,1,12972,16,1,67,921,1645
12973041,1297304,1,12973,4,1,11,142,968
12974011,1297401,0,12974,1,1,55,820,1487
12975021,1297502,2,12975,2,1,167,1974,661
12976111,1297611,1,12976,11,1,62,880,3244
12977051,1297705,1,12977,5,1,23,242,779
12978011,1297801,2,12978,1,1,8,62,1927
12979201,1297920,0,12979,20,1,186,2142,1673
12980041,1298004,1,12980,4,1,155,1819,1628
12981021,1298102,1,12981,2,1,11,131,2945
12982191,1298219,0,12982,19,1,154,1814,2660
12983041,1298304,1,12983,4,1,53,794,1193
12984051,1298405,1,12984,5,1,150,1752,2611
12985161,1298516,2,12985,16,1,32,393,610
12986061,1298606,2,12986,6,1,125,1468,1809
12987161,1298716,1,12987,16,1,12,144,592
12988051,1298805,2,12988,5,1,94,1143,3880
12989051,1298905,1,12989,5,1,139,1640,1251
12990171,1299017,2,12990,17,1,27,275,1555
12991201,1299120,2,12991,20,1,173,2039,5218
12992101,1299210,3,12992,10,1,142,1676,2626
12993011,1299301,1,12993,1,1,146,1723,3771
12994031,1299403,1,12994,3,1,4,13,1363
12995041,1299504,1,12995,4,1,56,830,5624
12996141,1299614,0,12996,14,1,143,1681,2188
12997131,1299713,1,12997,13,1,154,1817,2285
12998021,1299802,0,12998,2,1,103,1233,1075
12999101,1299910,1,12999,10,1,137,1596,1073
13000061,1300006,0,13000,6,1,180,2092,2522
13001021,1300102,1,13001,2,1,53,784,1272
13002031,1300203,3,13002,3,1,79,990,8771
13003171,1300317,1,13003,17,1,39,455,3338
13004061,1300406,2,13004,6,1,111,1380,3726
13005051,1300505,1,13005,5,1,179,2088,1811
13006041,1300604,3,13006,4,1,49,618,4123
13007041,1300704,3,13007,4,1,29,293,1694
13008091,1300809,2,13008,9,1,155,1821,1493
13009191,1300919,1,13009,19,1,173,2042,4624
13010181,1301018,0,13010,18,1,3,7,1634
13011191,1301119,0,13011,19,1,111,1382,3286
13012051,1301205,1,13012,5,1,106,1281,3171
13013011,1301301,2,13013,1,1,176,2079,4828
13014181,1301418,1,13014,18,1,112,1387,3229
13015041,1301504,2,13015,4,1,103,1238,973
13016031,1301603,3,13016,3,1,107,1313,3148
13017041,1301704,1,13017,4,1,176,2069,6624
13018051,1301805,1,13018,5,1,105,1251,2799
13019031,1301903,3,13019,3,1,150,1756,2507
13020011,1302001,3,13020,1,1,10,103,3065
13021051,1302105,2,13021,5,1,4,16,1324
13022051,1302205,1,13022,5,1,50,734,2939
13023091,1302309,0,13023,9,1,94,1151,720
13024051,1302405,2,13024,5,1,49,650,3248
13025071,1302507,3,13025,7,1,3,8,1437
13026051,1302605,1,13026,5,1,126,1472,2162
13027041,1302704,1,13027,4,1,48,565,4449
13028021,1302802,5,13028,2,1,4,26,1132
13029101,1302910,3,13029,10,1,90,1117,3299
13030181,1303018,1,13030,18,1,187,2147,1565
13031031,1303103,2,13031,3,1,49,649,3262
13032051,1303205,1,13032,5,1,163,1938,1729
13033021,1303302,2,13033,2,1,46,553,2825
13034021,1303402,0,13034,2,1,184,2126,3246
13035061,1303506,1,13035,6,1,19,221,728
13036041,1303604,0,13036,4,1,77,969,10589
13037051,1303705,1,13037,5,1,29,298,1669
13038051,1303805,2,13038,5,1,163,1948,1537
13039031,1303903,1,13039,3,1,107,1304,3237
13040071,1304007,3,13040,7,1,117,1410,5193
13041031,1304103,1,13041,3,1,98,1196,1206
13041032,1304103,1,13041,3,2,98,1196,1206
13041033,1304103,1,13041,3,3,98,1196,1206
13041034,1304103,2,13041,3,4,98,1196,1206
13042031,1304203,4,13042,3,1,67,916,1831
13043011,1304301,1,13043,1,1,105,1247,2799
13044211,1304421,2,13044,21,1,101,1219,985
13045091,1304509,1,13045,9,1,172,2037,7996
13046031,1304603,0,13046,3,1,105,1252,2794
13047021,1304702,1,13047,2,1,54,798,1396
13048031,1304803,1,13048,3,1,138,1615,1177
13048032,1304803,2,13048,3,2,138,1615,1177
13049041,1304904,2,13049,4,1,162,1863,1860
13050031,1305003,2,13050,3,1,146,1723,3771
13051041,1305104,3,13051,4,1,9,85,2808
13052041,1305204,2,13052,4,1,59,862,5358
13053021,1305302,1,13053,2,1,30,341,1527
13054011,1305401,5,13054,1,1,138,1610,1269
13055021,1305502,1,13055,2,1,8,62,1927
13056051,1305605,3,13056,5,1,50,716,3331
13057021,1305702,1,13057,2,1,11,124,3086
13058051,1305805,3,13058,5,1,175,2057,5683
13059011,1305901,1,13059,1,1,131,1525,1298
13060041,1306004,1,13060,4,1,29,312,1588
13061031,1306103,2,13061,3,1,96,1155,3604
13062031,1306203,3,13062,3,1,138,1609,1304
13063031,1306303,2,13063,3,1,15,150,782
13064031,1306403,1,13064,3,1,170,2030,818
13065041,1306504,0,13065,4,1,52,774,1138
13066031,1306603,3,13066,3,1,9,73,3206
13067021,1306702,2,13067,2,1,106,1293,2525
13068051,1306805,2,13068,5,1,190,2171,1808
13069131,1306913,1,13069,13,1,110,1375,5038
13070051,1307005,4,13070,5,1,169,2002,1015
13071031,1307103,2,13071,3,1,97,1174,1500
13072051,1307205,3,13072,5,1,106,1267,3367
13073031,1307303,1,13073,3,1,53,793,1196
13074031,1307403,0,13074,3,1,83,1024,5447
13075171,1307517,1,13075,17,1,70,933,2426
13076021,1307602,1,13076,2,1,26,274,1433
13077061,1307706,2,13077,6,1,47,556,1507
13078041,1307804,2,13078,4,1,131,1522,1788
13079201,1307920,2,13079,20,1,70,933,2426
13080011,1308001,1,13080,1,1,48,565,4449
13081051,1308105,2,13081,5,1,48,599,2791
13082011,1308201,1,13082,1,1,161,1849,2520
13083201,1308320,1,13083,20,1,123,1461,2454
13084011,1308401,1,13084,1,1,151,1768,2339
13085031,1308503,0,13085,3,1,183,2124,1891
13086161,1308616,1,13086,16,1,116,1408,6402
13087181,1308718,1,13087,18,1,100,1212,1495
13088051,1308805,1,13088,5,1,176,2079,4828
13089101,1308910,1,13089,10,1,115,1405,6115
13090141,1309014,1,13090,14,1,135,1586,1785
13091071,1309107,1,13091,7,1,62,880,3244
13092031,1309203,3,13092,3,1,48,592,3525
13093041,1309304,1,13093,4,1,74,956,2824
13094141,1309414,1,13094,14,1,173,2039,5218
13095051,1309505,1,13095,5,1,163,1912,2138
13096021,1309602,1,13096,2,1,85,1060,7080
13097061,1309706,2,13097,6,1,135,1583,1844
13098051,1309805,2,13098,5,1,151,1789,1662
13099011,1309901,0,13099,1,1,90,1116,3460
13100081,1310008,1,13100,8,1,20,222,977
13101031,1310103,2,13101,3,1,48,594,3319
13102081,1310208,1,13102,8,1,94,1150,839
13103051,1310305,0,13103,5,1,96,1155,3604
13104011,1310401,1,13104,1,1,156,1829,1722
13104012,1310401,1,13104,1,2,156,1829,1722
13105021,1310502,4,13105,2,1,127,1484,1991
13106111,1310611,1,13106,11,1,160,1848,1343
13107091,1310709,0,13107,9,1,52,768,1450
13108041,1310804,2,13108,4,1,108,1370,2591
13109061,1310906,2,13109,6,1,57,838,3502
13110041,1311004,1,13110,4,1,184,2132,2516
13111021,1311102,2,13111,2,1,22,230,474
13112041,1311204,1,13112,4,1,170,2020,1036
13113051,1311305,1,13113,5,1,15,158,585
13114091,1311409,0,13114,9,1,160,1845,1479
13115101,1311510,2,13115,10,1,130,1516,1778
13116041,1311604,1,13116,4,1,58,843,5596
13117041,1311704,1,13117,4,1,16,169,677
13118111,1311811,2,13118,11,1,155,1820,1502
13119191,1311919,1,13119,19,1,148,1738,2836
13120051,1312005,1,13120,5,1,10,113,2846
13121021,1312102,1,13121,2,1,6,53,1292
13122061,1312206,1,13122,6,1,174,2046,5443
13123161,1312316,1,13123,16,1,143,1682,2124
13124091,1312409,1,13124,9,1,147,1735,2939
13125141,1312514,2,13125,14,1,51,765,1494
13126041,1312604,2,13126,4,1,108,1362,3181
13127041,1312704,1,13127,4,1,117,1413,3844
13128011,1312801,3,13128,1,1,139,1630,1306
13129041,1312904,2,13129,4,1,106,1289,3018
13130141,1313014,2,13130,14,1,105,1252,2794
13131051,1313105,1,13131,5,1,49,673,1454
13131052,1313105,1,13131,5,2,49,673,1454
13131053,1313105,2,13131,5,3,49,673,1454
13132041,1313204,2,13132,4,1,6,52,1338
13133191,1313319,4,13133,19,1,62,880,3244
13134011,1313401,3,13134,1,1,138,1611,1261
13135051,1313505,2,13135,5,1,58,841,5905
13136191,1313619,0,13136,19,1,179,2087,1839
13137061,1313706,2,13137,6,1,63,885,2839
13138021,1313802,2,13138,2,1,106,1258,3685
13139011,1313901,2,13139,1,1,103,1233,1075
13140021,1314002,3,13140,2,1,117,1413,3844
13141031,1314103,2,13141,3,1,139,1636,1275
13142011,1314201,5,13142,1,1,15,155,720
13143011,1314301,1,13143,1,1,143,1679,2282
13144051,1314405,1,13144,5,1,52,774,1138
13145081,1314508,2,13145,8,1,28,277,1380
13146031,1314603,1,13146,3,1,85,1033,13434
13147011,1314701,1,13147,1,1,80,999,7057
13148031,1314803,2,13148,3,1,5,41,1110
13149031,1314903,1,13149,3,1,167,1976,500
13150031,1315003,1,13150,3,1,67,921,1645
13151111,1315111,1,13151,11,1,112,1387,3229
13152101,1315210,2,13152,10,1,173,2044,4268
13153021,1315302,2,13153,2,1,140,1658,1434
13154101,1315410,3,13154,10,1,172,2036,8005
13155031,1315503,3,13155,3,1,29,297,1673
13155032,1315503,1,13155,3,2,29,297,1673
13156051,1315605,2,13156,5,1,92,1135,3838
13157051,1315705,0,13157,5,1,50,718,3308
13158021,1315802,1,13158,2,1,58,845,5229
13159031,1315903,2,13159,3,1,170,2031,273
13160151,1316015,3,13160,15,1,167,1976,500
13161151,1316115,0,13161,15,1,178,2086,1819
13162161,1316216,2,13162,16,1,136,1588,1337
13163171,1316317,1,13163,17,1,71,939,2376
13164011,1316401,1,13164,1,1,29,316,1573
13165101,1316510,1,13165,10,1,100,1213,1488
13166051,1316605,1,13166,5,1,98,1189,1386
13167031,1316703,0,13167,3,1,51,767,1281
13168041,1316804,1,13168,4,1,40,458,4635
13169041,1316904,2,13169,4,1,9,89,2560
13169042,1316904,1,13169,4,2,9,89,2560
13170031,1317003,1,13170,3,1,39,450,4023
13171011,1317101,1,13171,1,1,120,1420,5804
13172021,1317202,1,13172,2,1,35,424,774
13173031,1317303,2,13173,3,1,45,519,3308
13174051,1317405,0,13174,5,1,54,797,1406
13175041,1317504,3,13175,4,1,127,1490,1845
13176041,1317604,2,13176,4,1,43,482,3070
13177051,1317705,1,13177,5,1,31,368,2069
13178021,1317802,1,13178,2,1,49,625,3906
13179121,1317912,1,13179,12,1,185,2140,1353
13180121,1318012,0,13180,12,1,90,1116,3460
13181031,1318103,2,13181,3,1,139,1630,1306
13181032,1318103,1,13181,3,2,139,1630,1306
13182081,1318208,3,13182,8,1,75,966,3387
13183201,1318320,0,13183,20,1,111,1380,3726
13184161,1318416,2,13184,16,1,105,1251,2799
13185021,1318502,1,13185,2,1,164,1951,2175
13186051,1318605,0,13186,5,1,138,1616,1116
13187191,1318719,1,13187,19,1,83,1023,11415
13188031,1318803,2,13188,3,1,53,789,1214
13189011,1318901,1,13189,1,1,120,1430,3649
13190021,1319002,1,13190,2,1,155,1819,1628
13191031,1319103,2,13191,3,1,97,1165,1754
13192011,1319201,0,13192,1,1,54,803,1326
13193091,1319309,1,13193,9,1,167,1976,500
13194011,1319401,1,13194,1,1,22,231,426
13195081,1319508,2,13195,8,1,94,1149,884
13196021,1319602,2,13196,2,1,78,983,8197
13197051,1319705,2,13197,5,1,126,1477,1644
13198051,1319805,1,13198,5,1,49,663,2994
13199031,1319903,0,13199,3,1,172,2038,7996
13200011,1320001,2,13200,1,1,162,1864,1822
13201041,1320104,3,13201,4,1,189,2160,1184
13202021,1320202,1,13202,2,1,84,1026,8028
13203041,1320304,1,13203,4,1,183,2124,1891
13204121,1320412,0,13204,12,1,8,62,1927
13205021,1320502,1,13205,2,1,189,2159,1210
13206061,1320606,3,13206,6,1,143,1679,2282
13207051,1320705,1,13207,5,1,53,781,1302
13208041,1320804,0,13208,4,1,9,82,2951
13209011,1320901,2,13209,1,1,107,1319,3086
13210041,1321004,1,13210,4,1,120,1426,4969
13211101,1321110,1,13211,10,1,112,1387,3229
13212201,1321220,1,13212,20,1,57,836,4721
13213031,1321303,2,13213,3,1,53,790,1212
13214191,1321419,0,13214,19,1,61,877,2869
13215031,1321503,2,13215,3,1,189,2162,1154
13216011,1321601,2,13216,1,1,150,1750,2617
13217041,1321704,2,13217,4,1,133,1569,1256
13218171,1321817,1,13218,17,1,141,1673,2831
13219031,1321903,1,13219,3,1,139,1650,1051
13220161,1322016,1,13220,16,1,173,2040,4785
13221051,1322105,0,13221,5,1,52,768,1450
13222111,1322211,1,13222,11,1,100,1214,1363
13223131,1322313,1,13223,13,1,57,838,3502
13224041,1322404,1,13224,4,1,32,393,610
13225011,1322501,2,13225,1,1,128,1511,1952
13226031,1322603,2,13226,3,1,169,2008,972
13227181,1322718,1,13227,18,1,153,1811,2396
13228051,1322805,0,13228,5,1,18,200,1048
13229021,1322902,0,13229,2,1,22,232,413
13230131,1323013,1,13230,13,1,14,149,796
13231041,1323104,1,13231,4,1,37,442,5052
13232051,1323205,2,13232,5,1,16,167,697
13233091,1323309,3,13233,9,1,180,2091,2598
13234171,1323417,1,13234,17,1,149,1742,1939
13235201,1323520,1,13235,20,1,116,1406,6756
13236041,1323604,2,13236,4,1,28,279,1313
13237011,1323701,2,13237,1,1,92,1130,4767
13238011,1323801,1,13238,1,1,29,310,1588
13239051,1323905,4,13239,5,1,49,661,3053
13240031,1324003,2,13240,3,1,13,145,2797
13241051,1324105,2,13241,5,1,140,1669,1201
13242021,1324202,1,13242,2,1,162,1852,1684
13243011,1324301,2,13243,1,1,86,1072,12524
13244051,1324405,0,13244,5,1,162,1882,1669
13245021,1324502,2,13245,2,1,163,1920,1873
13246081,1324608,1,13246,8,1,101,1219,985
13247111,1324711,1,13247,11,1,135,1585,1797
13248021,1324802,1,13248,2,1,175,2050,6566
13248022,1324802,0,13248,2,2,175,2050,6566
13249041,1324904,2,13249,4,1,57,837,4691
13250051,1325005,3,13250,5,1,49,614,4170
13251051,1325105,4,13251,5,1,172,2038,7996
13252031,1325203,1,13252,3,1,10,118,2754
13253031,1325303,3,13253,3,1,15,152,779
13254011,1325401,2,13254,1,1,141,1675,2637
13255051,1325505,2,13255,5,1,46,542,3385
13256051,1325605,1,13256,5,1,35,416,888
13257031,1325703,2,13257,3,1,4,24,1184
13258011,1325801,2,13258,1,1,189,2155,1378
13259031,1325903,0,13259,3,1,26,273,1479
13260111,1326011,2,13260,11,1,28,278,1371
13261021,1326102,2,13261,2,1,25,269,771
13262051,1326205,1,13262,5,1,170,2021,1028
13263011,1326301,2,13263,1,1,50,683,3883
13264021,1326402,1,13264,2,1,97,1173,1504
13265011,1326501,1,13265,1,1,122,1457,1696
13266031,1326603,1,13266,3,1,127,1484,1991
13267011,1326701,3,13267,1,1,182,2102,1987
13268011,1326801,2,13268,1,1,48,596,3213
13269021,1326902,0,13269,2,1,49,631,3756
13270111,1327011,0,13270,11,1,83,1024,5447
13271021,1327102,2,13271,2,1,48,600,2328
13272031,1327203,2,13272,3,1,53,775,1252
13273021,1327302,0,13273,2,1,9,81,2980
13274021,1327402,1,13274,2,1,35,429,746
13275011,1327501,1,13275,1,1,189,2163,1150
13276031,1327603,2,13276,3,1,144,1697,2258
13277091,1327709,1,13277,9,1,117,1410,5193
13278171,1327817,1,13278,17,1,160,1845,1479
13279121,1327912,1,13279,12,1,3,8,1437
13280041,1328004,1,13280,4,1,17,192,663
13281051,1328105,2,13281,5,1,85,1030,15076
13282171,1328217,1,13282,17,1,187,2147,1565
13283101,1328310,1,13283,10,1,68,928,1288
13284021,1328402,1,13284,2,1,63,886,2839
13285131,1328513,1,13285,13,1,63,888,2579
13286141,1328614,1,13286,14,1,101,1219,985
13287141,1328714,0,13287,14,1,173,2041,4774
13288011,1328801,2,13288,1,1,48,568,4282
13289181,1328918,1,13289,18,1,137,1596,1073
13290111,1329011,1,13290,11,1,105,1255,1919
13291041,1329104,2,13291,4,1,162,1897,1571
13292201,1329220,1,13292,20,1,125,1466,2305
13293041,1329304,1,13293,4,1,13,145,2797
13294041,1329404,1,13294,4,1,156,1826,2011
13295031,1329503,0,13295,3,1,108,1365,3062
13296061,1329606,2,13296,6,1,105,1251,2799
13297071,1329707,1,13297,7,1,52,770,1405
13298011,1329801,4,13298,1,1,78,979,9207
13299101,1329910,1,13299,10,1,70,931,3702
13300051,1330005,1,13300,5,1,150,1743,3025
13301051,1330105,2,13301,5,1,134,1581,1073
13302171,1330217,1,13302,17,1,149,1740,2152
13303191,1330319,2,13303,19,1,112,1386,3430
