llavemod,dictamen,score_final,dti_ratio,dti_clasificacion,reglas_activadas,n_reglas,n_compensaciones,errores_validacion
101101,APROBADO,85,0.3,MODERADO,R001|R012,2,1,
210101,APROBADO,100,0.3,MODERADO,R001|R005|R012|R015,4,2,
303102,RECHAZADO,38,0.3,MODERADO,R009|R012,2,1,
401101,APROBADO,100,0.3,MODERADO,R001|R005|R012|R015,4,2,
503101,RECHAZADO,38,0.3,MODERADO,,0,0,
603102,RECHAZADO,54,0.3,MODERADO,R005,1,0,
704101,RECHAZADO,0,0.3,MODERADO,R004|R010,2,0,
803102,RECHAZADO,50,0.3,MODERADO,R012,1,1,
904102,RECHAZADO,40,0.3,MODERADO,,0,0,
1004101,RECHAZADO,51,0.3,MODERADO,R012,1,1,
1102102,RECHAZADO,12,0.3,MODERADO,R004,1,0,
1201102,RECHAZADO,10,0.3,MODERADO,R004,1,0,
1303104,RECHAZADO,44,0.3,MODERADO,R001|R009,2,0,
1408102,RECHAZADO,45,0.3,MODERADO,R005,1,0,
1504101,RECHAZADO,33,0.3,MODERADO,,0,0,
1609104,RECHAZADO,36,0.3,MODERADO,,0,0,
1704101,RECHAZADO,0,0.3,MODERADO,R002|R004,2,0,
1816102,RECHAZADO,15,0.3,MODERADO,R004,1,0,
1904105,RECHAZADO,12,0.3,MODERADO,R004,1,0,
2008101,RECHAZADO,58,0.3,MODERADO,R005|R012,2,1,
2105101,APROBADO,95,0.3,MODERADO,R001|R005|R012,3,1,
2205103,RECHAZADO,0,0.3,MODERADO,R002|R004,2,0,
2318101,RECHAZADO,43,0.3,MODERADO,,0,0,
2413101,RECHAZADO,55,0.3,MODERADO,R005,1,0,
2502101,REVISION_MANUAL,71,0.3,MODERADO,R001|R004|R005|R012,4,1,
2601101,RECHAZADO,39,0.3,MODERADO,,0,0,
2601201,RECHAZADO,30,0.3,MODERADO,,0,0,
2701101,RECHAZADO,23,0.3,MODERADO,R002|R006,2,0,
2805101,RECHAZADO,29,0.3,MODERADO,,0,0,
2920101,APROBADO,97,0.3,MODERADO,R001|R005|R012,3,1,
3001104,RECHAZADO,26,0.3,MODERADO,R004|R012,2,1,
3102103,RECHAZADO,29,0.3,MODERADO,,0,0,
3209102,RECHAZADO,13,0.3,MODERADO,R004,1,0,
3316101,RECHAZADO,54,0.3,MODERADO,R005,1,0,
3403102,APROBADO,81,0.3,MODERADO,R001|R012,2,1,
3504103,REVISION_MANUAL,71,0.3,MODERADO,R003|R005|R010|R012,4,1,
3603101,RECHAZADO,41,0.3,MODERADO,R004|R005|R012,3,1,
3704102,RECHAZADO,39,0.3,MODERADO,R012,1,1,
3804101,REVISION_MANUAL,65,0.3,MODERADO,R005|R012,2,1,
3903102,REVISION_MANUAL,72,0.3,MODERADO,R001|R012,2,1,
4014101,RECHAZADO,27,0.3,MODERADO,R004|R005,2,0,
4102102,REVISION_MANUAL,71,0.3,MODERADO,R001,1,0,
4215101,RECHAZADO,28,0.3,MODERADO,,0,0,
4315102,RECHAZADO,27,0.3,MODERADO,R004|R012,2,1,
4405101,RECHAZADO,12,0.3,MODERADO,R004,1,0,
4511101,RECHAZADO,26,0.3,MODERADO,R004|R005,2,0,
4604101,APROBADO,87,0.3,MODERADO,R001|R005|R012,3,1,
4705101,RECHAZADO,13,0.3,MODERADO,R004,1,0,
4815101,RECHAZADO,30,0.3,MODERADO,,0,0,
4901104,RECHAZADO,0,0.3,MODERADO,R004|R010,2,0,
5004102,RECHAZADO,55,0.3,MODERADO,R012,1,1,
5101101,RECHAZADO,27,0.3,MODERADO,R004|R005,2,0,
5205102,RECHAZADO,42,0.3,MODERADO,R012,1,1,
5305101,APROBADO,97,0.3,MODERADO,R001|R005|R012,3,1,
5410102,RECHAZADO,39,0.3,MODERADO,,0,0,
5519102,RECHAZADO,13,0.3,MODERADO,R004,1,0,
5606102,RECHAZADO,13,0.3,MODERADO,R004,1,0,
5704101,REVISION_MANUAL,78,0.3,MODERADO,R005|R012,2,1,
5805101,APROBADO,100,0.3,MODERADO,R001|R012,2,1,
5909101,RECHAZADO,41,0.3,MODERADO,R005,1,0,
6004102,APROBADO,85,0.3,MODERADO,R001|R005,2,0,
6103101,APROBADO,83,0.3,MODERADO,R001|R012,2,1,
6214101,APROBADO,96,0.3,MODERADO,R001|R006|R012,3,1,
6316102,REVISION_MANUAL,72,0.3,MODERADO,R001|R005,2,0,
6403101,APROBADO,100,0.3,MODERADO,R001|R006|R012,3,1,
6519102,RECHAZADO,43,0.3,MODERADO,R001|R004,2,0,
6614104,RECHAZADO,12,0.3,MODERADO,R004,1,0,
6705101,RECHAZADO,10,0.3,MODERADO,R002|R005,2,0,
6804102,RECHAZADO,11,0.3,MODERADO,R004,1,0,
6903101,REVISION_MANUAL,73,0.3,MODERADO,R001|R005,2,0,
7003101,RECHAZADO,8,0.3,MODERADO,R004,1,0,
7103101,REVISION_MANUAL,73,0.3,MODERADO,R001|R005,2,0,
7215102,APROBADO,89,0.3,MODERADO,R001|R012,2,1,
7302101,RECHAZADO,54,0.3,MODERADO,R001|R004|R012,3,1,
7402103,APROBADO,100,0.3,MODERADO,R001|R005|R012,3,1,
7501102,RECHAZADO,55,0.3,MODERADO,R012,1,1,
7615101,RECHAZADO,14,0.3,MODERADO,R004,1,0,
7718103,RECHAZADO,0,0.3,MODERADO,R004|R010,2,0,
7803101,RECHAZADO,54,0.3,MODERADO,R012,1,1,
7912101,RECHAZADO,6,0.3,MODERADO,R002,1,0,
8009101,RECHAZADO,42,0.3,MODERADO,R005,1,0,
8111101,RECHAZADO,41,0.3,MODERADO,,0,0,
8203101,REVISION_MANUAL,72,0.3,MODERADO,R001,1,0,
8301101,APROBADO,89,0.3,MODERADO,R001|R012,2,1,
8402102,APROBADO,91,0.3,MODERADO,R001|R012,2,1,
8520103,RECHAZADO,17,0.3,MODERADO,R010,1,0,
8604101,RECHAZADO,26,0.3,MODERADO,R004|R005,2,0,
8717101,APROBADO,85,0.3,MODERADO,R001|R012,2,1,
8802102,RECHAZADO,52,0.3,MODERADO,R012,1,1,
8904102,RECHAZADO,59,0.3,MODERADO,R012,1,1,
9001101,APROBADO,81,0.3,MODERADO,R005|R012|R015,3,2,
9111101,RECHAZADO,49,0.3,MODERADO,R012,1,1,
9216103,RECHAZADO,39,0.3,MODERADO,,0,0,
9302101,APROBADO,100,0.3,MODERADO,R003|R005|R012|R015,4,2,
9403101,APROBADO,100,0.3,MODERADO,R001|R005|R012|R015,4,2,
9505101,RECHAZADO,23,0.3,MODERADO,R002|R005,2,0,
9619102,RECHAZADO,13,0.3,MODERADO,R004,1,0,
9703101,RECHAZADO,55,0.3,MODERADO,R001|R010,2,0,
9816101,APROBADO,87,0.3,MODERADO,R001|R012,2,1,
9904101,RECHAZADO,48,0.3,MODERADO,R012,1,1,
10001101,RECHAZADO,44,0.3,MODERADO,R005,1,0,
10103101,RECHAZADO,50,0.3,MODERADO,R012,1,1,
10203103,RECHAZADO,5,0.3,MODERADO,R002,1,0,
10305101,RECHAZADO,23,0.3,MODERADO,R004|R005,2,0,
10405101,RECHAZADO,28,0.3,MODERADO,R009,1,0,
10502101,RECHAZADO,27,0.3,MODERADO,R004|R005,2,0,
10602102,APROBADO,100,0.3,MODERADO,R001|R005|R012,3,1,
10709103,RECHAZADO,26,0.3,MODERADO,R009,1,0,
10804101,APROBADO,100,0.3,MODERADO,R001|R005|R012,3,1,
10911101,RECHAZADO,28,0.3,MODERADO,R004|R005,2,0,
11005101,RECHAZADO,49,0.3,MODERADO,R012,1,1,
11102101,REVISION_MANUAL,68,0.3,MODERADO,R001,1,0,
11201101,RECHAZADO,54,0.3,MODERADO,R012,1,1,
11305101,RECHAZADO,52,0.3,MODERADO,R012,1,1,
11305201,APROBADO,88,0.3,MODERADO,R001|R012,2,1,
11305301,REVISION_MANUAL,65,0.3,MODERADO,R012,1,1,
11401105,RECHAZADO,36,0.3,MODERADO,,0,0,
11501101,RECHAZADO,27,0.3,MODERADO,R010,1,0,
11601101,RECHAZADO,46,0.3,MODERADO,R005,1,0,
11710102,RECHAZADO,21,0.3,MODERADO,R004|R012,2,1,
11806102,APROBADO,88,0.3,MODERADO,R001|R012,2,1,
11904101,APROBADO,100,0.3,MODERADO,R001|R005|R012,3,1,
12001102,REVISION_MANUAL,75,0.3,MODERADO,R001|R005,2,0,
12113101,RECHAZADO,0,0.3,MODERADO,R004|R010,2,0,
12215101,APROBADO,86,0.3,MODERADO,R001|R005,2,0,
12304104,RECHAZADO,52,0.3,MODERADO,R001|R004|R012,3,1,
12404102,RECHAZADO,42,0.3,MODERADO,R012,1,1,
12505101,APROBADO,100,0.3,MODERADO,R001|R005|R012|R015,4,2,
12602101,REVISION_MANUAL,77,0.3,MODERADO,R005|R012|R015,3,2,
12714101,RECHAZADO,23,0.3,MODERADO,R004|R005,2,0,
12805101,REVISION_MANUAL,78,0.3,MODERADO,R003|R012,2,1,
12904101,APROBADO,81,0.3,MODERADO,R001|R012,2,1,
13002101,REVISION_MANUAL,71,0.3,MODERADO,R001,1,0,
13105102,APROBADO,100,0.3,MODERADO,R001|R005|R012,3,1,
13208103,RECHAZADO,10,0.3,MODERADO,R004,1,0,
13319101,REVISION_MANUAL,68,0.3,MODERADO,R001|R004|R005|R012,4,1,
13402101,RECHAZADO,57,0.3,MODERADO,R001|R010,2,0,
13513101,RECHAZADO,45,0.3,MODERADO,R005,1,0,
13601101,RECHAZADO,50,0.3,MODERADO,R012,1,1,
13601201,RECHAZADO,26,0.3,MODERADO,R004|R005,2,0,
13708101,REVISION_MANUAL,73,0.3,MODERADO,R001,1,0,
13808102,RECHAZADO,29,0.3,MODERADO,,0,0,
13904101,RECHAZADO,33,0.3,MODERADO,R002|R005,2,0,
14004103,RECHAZADO,0,0.3,MODERADO,R002|R004|R005|R010,4,0,
14110102,RECHAZADO,40,0.3,MODERADO,R001|R004,2,0,
14204101,RECHAZADO,13,0.3,MODERADO,R004,1,0,
14304101,REVISION_MANUAL,67,0.3,MODERADO,R001|R010|R012,3,1,
14409101,APROBADO,86,0.3,MODERADO,R001|R005|R010|R012,4,1,
14514102,APROBADO,83,0.3,MODERADO,R001|R012,2,1,
14617101,RECHAZADO,29,0.3,MODERADO,,0,0,
14703102,REVISION_MANUAL,69,0.3,MODERADO,R005|R012,2,1,
14801101,REVISION_MANUAL,68,0.3,MODERADO,R001|R004|R005|R012,4,1,
14904103,RECHAZADO,0,0.3,MODERADO,R004|R009,2,0,
15002106,RECHAZADO,48,0.3,MODERADO,R005,1,0,
15108102,RECHAZADO,51,0.3,MODERADO,R001|R004|R012,3,1,
15203101,RECHAZADO,57,0.3,MODERADO,R012,1,1,
15301101,APROBADO,100,0.3,MODERADO,R001|R005|R012,3,1,
15404102,RECHAZADO,10,0.3,MODERADO,R004,1,0,
15504102,APROBADO,82,0.3,MODERADO,R001|R012,2,1,
15602101,RECHAZADO,25,0.3,MODERADO,R002|R005,2,0,
15704101,REVISION_MANUAL,60,0.3,MODERADO,R001,1,0,
15816104,RECHAZADO,49,0.3,MODERADO,R001|R004|R012,3,1,
15903102,RECHAZADO,40,0.3,MODERADO,R001|R004,2,0,
16001102,RECHAZADO,15,0.3,MODERADO,R009,1,0,
16104103,RECHAZADO,6,0.3,MODERADO,R002,1,0,
16202101,RECHAZADO,23,0.3,MODERADO,R004|R012,2,1,
16308102,RECHAZADO,13,0.3,MODERADO,R004,1,0,
16308201,RECHAZADO,31,0.3,MODERADO,,0,0,
16406101,RECHAZADO,44,0.3,MODERADO,R005,1,0,
16501101,APROBADO,98,0.3,MODERADO,R001|R005|R012,3,1,
16601101,APROBADO,100,0.3,MODERADO,R003|R005|R012|R015,4,2,
16703101,RECHAZADO,59,0.3,MODERADO,R005|R012,2,1,
16805102,APROBADO,100,0.3,MODERADO,R001|R005|R012,3,1,
16902102,RECHAZADO,13,0.3,MODERADO,R004,1,0,
17005101,REVISION_MANUAL,70,0.3,MODERADO,R001|R012,2,1,
17118102,RECHAZADO,10,0.3,MODERADO,R004,1,0,
17205101,REVISION_MANUAL,73,0.3,MODERADO,R001,1,0,
17316102,APROBADO,98,0.3,MODERADO,R001|R005|R012,3,1,
17420102,RECHAZADO,47,0.3,MODERADO,R005,1,0,
17517101,RECHAZADO,39,0.3,MODERADO,R004|R005|R012,3,1,
17612101,REVISION_MANUAL,65,0.3,MODERADO,R001|R004|R005|R012,4,1,
17720101,RECHAZADO,0,0.3,MODERADO,R002|R004,2,0,
17803102,REVISION_MANUAL,73,0.3,MODERADO,R001,1,0,
17905101,REVISION_MANUAL,77,0.3,MODERADO,R005|R012|R015,3,2,
18004101,RECHAZADO,0,0.3,MODERADO,R002|R004,2,0,
18104101,REVISION_MANUAL,78,0.3,MODERADO,R001|R005,2,0,
18204101,RECHAZADO,57,0.3,MODERADO,R001|R010,2,0,
18310101,RECHAZADO,0,0.3,MODERADO,R002,1,0,
18402102,RECHAZADO,41,0.3,MODERADO,,0,0,
18505104,APROBADO,83,0.3,MODERADO,R001|R006,2,0,
18607101,RECHAZADO,51,0.3,MODERADO,R012,1,1,
18702101,RECHAZADO,19,0.3,MODERADO,R002,1,0,
18802101,APROBADO,84,0.3,MODERADO,R001|R012,2,1,
18904101,APROBADO,99,0.3,MODERADO,R001|R005|R012,3,1,
19002102,APROBADO,85,0.3,MODERADO,R001|R005|R006,3,0,
19104101,RECHAZADO,26,0.3,MODERADO,R004|R005,2,0,
19211101,RECHAZADO,32,0.3,MODERADO,,0,0,
19312102,RECHAZADO,30,0.3,MODERADO,,0,0,
19402105,RECHAZADO,47,0.3,MODERADO,R012,1,1,
19504101,RECHAZADO,40,0.3,MODERADO,,0,0,
19619101,RECHAZADO,23,0.3,MODERADO,R004|R005,2,0,
19705101,RECHAZADO,29,0.3,MODERADO,,0,0,
19805103,RECHAZADO,58,0.3,MODERADO,R001|R010|R012,3,1,
19904101,RECHAZADO,46,0.3,MODERADO,R005,1,0,
20003101,RECHAZADO,26,0.3,MODERADO,R004|R005,2,0,
20118101,RECHAZADO,41,0.3,MODERADO,,0,0,
20201102,APROBADO,85,0.3,MODERADO,R001|R005,2,0,
20301101,RECHAZADO,29,0.3,MODERADO,R002|R005,2,0,
20409102,APROBADO,85,0.3,MODERADO,R001|R005|R006,3,0,
20504101,RECHAZADO,53,0.3,MODERADO,R005,1,0,
20602103,RECHAZADO,40,0.3,MODERADO,R012,1,1,
20703102,RECHAZADO,12,0.3,MODERADO,R004,1,0,
20805101,APROBADO,100,0.3,MODERADO,R001|R005|R012|R015,4,2,
20910102,RECHAZADO,29,0.3,MODERADO,,0,0,
21004102,RECHAZADO,25,0.3,MODERADO,R004|R012,2,1,
21104101,RECHAZADO,41,0.3,MODERADO,R012,1,1,
21205101,RECHAZADO,47,0.3,MODERADO,R005,1,0,
21302103,RECHAZADO,37,0.3,MODERADO,R010|R012,2,1,
21407101,RECHAZADO,25,0.3,MODERADO,R004|R005,2,0,
21517101,RECHAZADO,46,0.3,MODERADO,R005,1,0,
21604102,RECHAZADO,12,0.3,MODERADO,R004,1,0,
21704102,RECHAZADO,23,0.3,MODERADO,R004|R012,2,1,
21809102,RECHAZADO,57,0.3,MODERADO,R001|R010,2,0,
21904101,RECHAZADO,16,0.3,MODERADO,R002|R005,2,0,
22002101,APROBADO,85,0.3,MODERADO,R001|R005|R010|R012,4,1,
22102102,APROBADO,100,0.3,MODERADO,R001|R003|R012,3,1,
22204101,RECHAZADO,46,0.3,MODERADO,R004|R005|R012,3,1,
22305101,APROBADO,95,0.3,MODERADO,R001|R005|R015,3,1,
22420103,RECHAZADO,59,0.3,MODERADO,R001,1,0,
22501102,REVISION_MANUAL,60,0.3,MODERADO,R012,1,1,
22612101,RECHAZADO,36,0.3,MODERADO,R004|R005|R012,3,1,
22705101,RECHAZADO,27,0.3,MODERADO,R002|R005,2,0,
22801101,RECHAZADO,45,0.3,MODERADO,R005,1,0,
22904104,RECHAZADO,40,0.3,MODERADO,R009|R012,2,1,
23004102,RECHAZADO,28,0.3,MODERADO,R009,1,0,
23105101,RECHAZADO,55,0.3,MODERADO,R005,1,0,
23202101,RECHAZADO,56,0.3,MODERADO,R012,1,1,
23304101,RECHAZADO,28,0.3,MODERADO,R004|R005,2,0,
23404102,APROBADO,83,0.3,MODERADO,R001|R006|R012,3,1,
23503102,RECHAZADO,0,0.3,MODERADO,R002|R004,2,0,
23604101,REVISION_MANUAL,71,0.3,MODERADO,R001|R012,2,1,
23604203,RECHAZADO,39,0.3,MODERADO,,0,0,
23604302,REVISION_MANUAL,63,0.3,MODERADO,R001,1,0,
23703104,RECHAZADO,10,0.3,MODERADO,R004,1,0,
23818102,RECHAZADO,25,0.3,MODERADO,R010,1,0,
23904102,APROBADO,87,0.3,MODERADO,R001|R012,2,1,
24002101,APROBADO,98,0.3,MODERADO,R001|R012,2,1,
24101102,APROBADO,100,0.3,MODERADO,R001|R005|R012|R015,4,2,
24204101,RECHAZADO,54,0.3,MODERADO,R005,1,0,
24318101,RECHAZADO,0,0.3,MODERADO,R002|R009,2,0,
24404101,RECHAZADO,28,0.3,MODERADO,R004|R005,2,0,
24502101,RECHAZADO,43,0.3,MODERADO,,0,0,
24604101,RECHAZADO,25,0.3,MODERADO,R002,1,0,
24701106,RECHAZADO,25,0.3,MODERADO,R001|R004|R009|R010|R012,5,1,
24805101,RECHAZADO,50,0.3,MODERADO,R012,1,1,
24902102,RECHAZADO,29,0.3,MODERADO,,0,0,
25002101,RECHAZADO,28,0.3,MODERADO,,0,0,
25102101,RECHAZADO,28,0.3,MODERADO,R004|R005,2,0,
25205101,RECHAZADO,53,0.3,MODERADO,R012,1,1,
25302101,REVISION_MANUAL,77,0.3,MODERADO,R005|R012|R015,3,2,
25413102,RECHAZADO,30,0.3,MODERADO,,0,0,
25502101,RECHAZADO,20,0.3,MODERADO,R002,1,0,
25607102,RECHAZADO,10,0.3,MODERADO,R004,1,0,
25705101,RECHAZADO,34,0.3,MODERADO,R002|R005|R015,3,1,
25807102,RECHAZADO,8,0.3,MODERADO,R004,1,0,
25903101,RECHAZADO,44,0.3,MODERADO,R005,1,0,
26001106,RECHAZADO,4,0.3,MODERADO,R002,1,0,
26114105,RECHAZADO,25,0.3,MODERADO,R010,1,0,
26201102,RECHAZADO,58,0.3,MODERADO,R005|R012,2,1,
26304102,RECHAZADO,12,0.3,MODERADO,R004,1,0,
26410101,RECHAZADO,10,0.3,MODERADO,R004,1,0,
26503103,RECHAZADO,52,0.3,MODERADO,R012,1,1,
26613101,REVISION_MANUAL,68,0.3,MODERADO,R001,1,0,
26704104,REVISION_MANUAL,69,0.3,MODERADO,R001|R010|R012,3,1,
26801102,RECHAZADO,31,0.3,MODERADO,,0,0,
26905101,RECHAZADO,9,0.3,MODERADO,R002|R005,2,0,
27013102,RECHAZADO,43,0.3,MODERADO,R005,1,0,
27102101,RECHAZADO,11,0.3,MODERADO,R004,1,0,
27203102,REVISION_MANUAL,68,0.3,MODERADO,R001,1,0,
27312101,RECHAZADO,0,0.3,MODERADO,R002,1,0,
27404101,RECHAZADO,25,0.3,MODERADO,R004|R005,2,0,
27509101,APROBADO,100,0.3,MODERADO,R001|R005|R012,3,1,
27605101,APROBADO,100,0.3,MODERADO,R001|R005|R012|R015,4,2,
27712101,REVISION_MANUAL,70,0.3,MODERADO,R001,1,0,
27804102,APROBADO,82,0.3,MODERADO,R001|R012,2,1,
27901101,APROBADO,92,0.3,MODERADO,R001|R005|R012,3,1,
28006101,RECHAZADO,42,0.3,MODERADO,,0,0,
28105101,RECHAZADO,39,0.3,MODERADO,,0,0,
28205101,RECHAZADO,55,0.3,MODERADO,R005,1,0,
28301102,RECHAZADO,43,0.3,MODERADO,R002|R005|R015,3,1,
28405101,RECHAZADO,12,0.3,MODERADO,R004,1,0,
28501101,REVISION_MANUAL,63,0.3,MODERADO,R005|R012,2,1,
28605104,REVISION_MANUAL,71,0.3,MODERADO,R001,1,0,
28702102,RECHAZADO,6,0.3,MODERADO,R002,1,0,
28804102,RECHAZADO,29,0.3,MODERADO,,0,0,
28918101,RECHAZADO,58,0.3,MODERADO,R001|R004|R005,3,0,
29005104,RECHAZADO,13,0.3,MODERADO,R004,1,0,
29109101,RECHAZADO,17,0.3,MODERADO,R010,1,0,
29202102,RECHAZADO,25,0.3,MODERADO,R004|R012,2,1,
29305101,APROBADO,95,0.3,MODERADO,R001|R005|R012,3,1,
29411101,APROBADO,100,0.3,MODERADO,R001|R005|R012|R015,4,2,
29517102,RECHAZADO,40,0.3,MODERADO,R004|R005|R012,3,1,
29604101,RECHAZADO,0,0.3,MODERADO,R004|R010,2,0,
29701102,RECHAZADO,13,0.3,MODERADO,R004,1,0,
29813101,REVISION_MANUAL,70,0.3,MODERADO,R001,1,0,
29813201,RECHAZADO,30,0.3,MODERADO,R004|R005,2,0,
29904102,RECHAZADO,28,0.3,MODERADO,R004|R005,2,0,
30002102,RECHAZADO,4,0.3,MODERADO,R002,1,0,
30103102,RECHAZADO,3,0.3,MODERADO,R009|R010,2,0,
30203102,RECHAZADO,10,0.3,MODERADO,R004,1,0,
30302102,RECHAZADO,8,0.3,MODERADO,R004,1,0,
30402101,APROBADO,100,0.3,MODERADO,R001|R005|R012,3,1,
30503104,RECHAZADO,37,0.3,MODERADO,R004|R005|R012,3,1,
30603102,RECHAZADO,13,0.3,MODERADO,R004,1,0,
30705101,APROBADO,99,0.3,MODERADO,R001|R005|R012,3,1,
30802101,RECHAZADO,8,0.3,MODERADO,R002,1,0,
30901101,APROBADO,88,0.3,MODERADO,R001|R005|R012,3,1,
31001102,RECHAZADO,53,0.3,MODERADO,R001|R004|R012,3,1,
31102102,RECHAZADO,15,0.3,MODERADO,R004,1,0,
31202101,RECHAZADO,32,0.3,MODERADO,R005|R010,2,0,
31301101,APROBADO,100,0.3,MODERADO,R001|R003|R005|R010|R012,5,1,
31401101,REVISION_MANUAL,68,0.3,MODERADO,R005|R012,2,1,
31501102,RECHAZADO,55,0.3,MODERADO,R001|R009,2,0,
31604101,APROBADO,85,0.3,MODERADO,R001|R005,2,0,
31702102,RECHAZADO,55,0.3,MODERADO,R012,1,1,
31815103,RECHAZADO,25,0.3,MODERADO,R004|R012,2,1,
31905101,APROBADO,100,0.3,MODERADO,R001|R005|R012,3,1,
32002101,RECHAZADO,25,0.3,MODERADO,R004|R012,2,1,
32101101,RECHAZADO,28,0.3,MODERADO,R004|R005,2,0,
32203102,RECHAZADO,15,0.3,MODERADO,R004,1,0,
32302102,RECHAZADO,58,0.3,MODERADO,R001|R004|R005,3,0,
32416101,RECHAZADO,58,0.3,MODERADO,R001|R004|R005,3,0,
32507102,REVISION_MANUAL,70,0.3,MODERADO,R001,1,0,
32613102,RECHAZADO,27,0.3,MODERADO,R010,1,0,
32713102,RECHAZADO,27,0.3,MODERADO,R004|R005,2,0,
32805102,REVISION_MANUAL,72,0.3,MODERADO,R001,1,0,
32916101,RECHAZADO,12,0.3,MODERADO,R004,1,0,
33003101,RECHAZADO,28,0.3,MODERADO,R004|R005,2,0,
33113101,RECHAZADO,11,0.3,MODERADO,R002,1,0,
33203103,RECHAZADO,27,0.3,MODERADO,,0,0,
33301101,APROBADO,95,0.3,MODERADO,R001|R012,2,1,
33403101,RECHAZADO,58,0.3,MODERADO,R001|R004|R005,3,0,
33503101,APROBADO,86,0.3,MODERADO,R001|R005|R012,3,1,
33615102,RECHAZADO,44,0.3,MODERADO,R005,1,0,
33709102,REVISION_MANUAL,71,0.3,MODERADO,R001,1,0,
33801101,RECHAZADO,52,0.3,MODERADO,R012,1,1,
33906102,RECHAZADO,27,0.3,MODERADO,R010,1,0,
34003102,APROBADO,81,0.3,MODERADO,R001|R012,2,1,
34117102,RECHAZADO,41,0.3,MODERADO,,0,0,
34201102,APROBADO,95,0.3,MODERADO,R001|R005|R012,3,1,
34301102,APROBADO,82,0.3,MODERADO,R001|R012,2,1,
34403102,RECHAZADO,11,0.3,MODERADO,R004|R009|R012,3,1,
34519101,RECHAZADO,47,0.3,MODERADO,R005,1,0,
34601101,RECHAZADO,31,0.3,MODERADO,,0,0,
34718101,RECHAZADO,27,0.3,MODERADO,,0,0,
34815101,REVISION_MANUAL,67,0.3,MODERADO,R005|R012,2,1,
34905101,REVISION_MANUAL,74,0.3,MODERADO,R005|R012,2,1,
35002101,RECHAZADO,41,0.3,MODERADO,,0,0,
35112102,RECHAZADO,14,0.3,MODERADO,R004|R005|R010,3,0,
35217104,RECHAZADO,52,0.3,MODERADO,R005|R010|R012,3,1,
35303103,APROBADO,84,0.3,MODERADO,R001|R012,2,1,
35402101,RECHAZADO,57,0.3,MODERADO,R012,1,1,
35512101,RECHAZADO,46,0.3,MODERADO,R005,1,0,
35616102,RECHAZADO,13,0.3,MODERADO,R009|R010,2,0,
35704101,RECHAZADO,28,0.3,MODERADO,R004|R005,2,0,
35803101,RECHAZADO,43,0.3,MODERADO,,0,0,
35901102,REVISION_MANUAL,71,0.3,MODERADO,R001|R004|R005|R012,4,1,
36001102,RECHAZADO,54,0.3,MODERADO,R012,1,1,
36104101,RECHAZADO,28,0.3,MODERADO,R004|R005,2,0,
36201101,RECHAZADO,31,0.3,MODERADO,R002|R005,2,0,
36304101,REVISION_MANUAL,66,0.3,MODERADO,R005|R012,2,1,
36401102,RECHAZADO,25,0.3,MODERADO,R004|R005|R010|R012,4,1,
36516101,RECHAZADO,28,0.3,MODERADO,,0,0,
36616101,RECHAZADO,12,0.3,MODERADO,R002|R005,2,0,
36705101,REVISION_MANUAL,61,0.3,MODERADO,R001,1,0,
36812101,RECHAZADO,46,0.3,MODERADO,R005,1,0,
36912101,RECHAZADO,46,0.3,MODERADO,R005,1,0,
37002101,RECHAZADO,55,0.3,MODERADO,R005,1,0,
37103101,RECHAZADO,10,0.3,MODERADO,R004,1,0,
37202103,RECHAZADO,29,0.3,MODERADO,,0,0,
37302103,RECHAZADO,27,0.3,MODERADO,R010,1,0,
37401102,RECHAZADO,59,0.3,MODERADO,R001,1,0,
37502102,REVISION_MANUAL,70,0.3,MODERADO,R001|R004|R005|R012,4,1,
37601101,REVISION_MANUAL,75,0.3,MODERADO,R001|R012,2,1,
37705101,RECHAZADO,41,0.3,MODERADO,,0,0,
37820101,RECHAZADO,32,0.3,MODERADO,R005|R010,2,0,
37904103,RECHAZADO,54,0.3,MODERADO,R001|R009,2,0,
38002102,REVISION_MANUAL,71,0.3,MODERADO,R001|R004|R005|R012,4,1,
38118102,RECHAZADO,15,0.3,MODERADO,R004,1,0,
38204101,APROBADO,100,0.3,MODERADO,R001|R005|R012|R015,4,2,
38320101,RECHAZADO,53,0.3,MODERADO,R012,1,1,
38405102,APROBADO,84,0.3,MODERADO,R001|R005,2,0,
38505104,APROBADO,82,0.3,MODERADO,R001|R006,2,0,
38602103,REVISION_MANUAL,68,0.3,MODERADO,R001,1,0,
38704101,APROBADO,86,0.3,MODERADO,R001|R012,2,1,
38808104,APROBADO,80,0.3,MODERADO,R001|R012,2,1,
38903103,REVISION_MANUAL,69,0.3,MODERADO,R001|R006,2,0,
39009103,RECHAZADO,12,0.3,MODERADO,R004,1,0,
39105102,RECHAZADO,12,0.3,MODERADO,R004,1,0,
39205101,APROBADO,96,0.3,MODERADO,R001|R005|R012,3,1,
39305102,APROBADO,86,0.3,MODERADO,R001|R005,2,0,
39405101,REVISION_MANUAL,69,0.3,MODERADO,R001|R012,2,1,
39517102,RECHAZADO,0,0.3,MODERADO,R002|R004,2,0,
39605103,RECHAZADO,23,0.3,MODERADO,R004|R012,2,1,
39701101,APROBADO,85,0.3,MODERADO,R001|R005,2,0,
39802101,RECHAZADO,55,0.3,MODERADO,R001|R004|R005,3,0,
39903101,APROBADO,100,0.3,MODERADO,R001|R003|R012,3,1,
40002102,RECHAZADO,11,0.3,MODERADO,R004,1,0,
40103102,RECHAZADO,38,0.3,MODERADO,,0,0,
40215101,RECHAZADO,46,0.3,MODERADO,R005,1,0,
40315102,RECHAZADO,0,0.3,MODERADO,R004|R010,2,0,
40417101,RECHAZADO,56,0.3,MODERADO,R005,1,0,
40501101,RECHAZADO,58,0.3,MODERADO,R005|R012,2,1,
40605102,RECHAZADO,21,0.3,MODERADO,R002|R005,2,0,
40719102,RECHAZADO,13,0.3,MODERADO,R004,1,0,
40801101,RECHAZADO,56,0.3,MODERADO,R001|R004|R012,3,1,
40903101,RECHAZADO,47,0.3,MODERADO,R012,1,1,
41002101,RECHAZADO,41,0.3,MODERADO,R005,1,0,
41104102,RECHAZADO,13,0.3,MODERADO,R004,1,0,
41203101,APROBADO,100,0.3,MODERADO,R001|R005|R012|R015,4,2,
41305101,REVISION_MANUAL,74,0.3,MODERADO,R001|R005,2,0,
41404103,RECHAZADO,8,0.3,MODERADO,R004|R009|R012,3,1,
41514101,REVISION_MANUAL,68,0.3,MODERADO,R001,1,0,
41602102,RECHAZADO,50,0.3,MODERADO,R012,1,1,
41715102,RECHAZADO,43,0.3,MODERADO,R001|R004,2,0,
41805102,RECHAZADO,41,0.3,MODERADO,,0,0,
41903101,REVISION_MANUAL,70,0.3,MODERADO,R005|R012,2,1,
42003101,RECHAZADO,6,0.3,MODERADO,R002,1,0,
42115102,RECHAZADO,54,0.3,MODERADO,R012,1,1,
42220101,APROBADO,85,0.3,MODERADO,R001|R005,2,0,
42304101,APROBADO,83,0.3,MODERADO,R001|R012,2,1,
42401102,REVISION_MANUAL,62,0.3,MODERADO,R012,1,1,
42503101,APROBADO,83,0.3,MODERADO,R001|R012,2,1,
42614102,RECHAZADO,57,0.3,MODERADO,R001,1,0,
42704103,RECHAZADO,57,0.3,MODERADO,R001|R010,2,0,
42801103,RECHAZADO,0,0.3,MODERADO,R002|R010,2,0,
42919101,RECHAZADO,25,0.3,MODERADO,R004|R005,2,0,
43005102,RECHAZADO,26,0.3,MODERADO,R004|R012,2,1,
43104101,APROBADO,89,0.3,MODERADO,R003|R005|R012,3,1,
43104201,APROBADO,83,0.3,MODERADO,R001|R012,2,1,
43201103,RECHAZADO,52,0.3,MODERADO,R012,1,1,
43305101,REVISION_MANUAL,60,0.3,MODERADO,R001,1,0,
43402102,RECHAZADO,11,0.3,MODERADO,R004,1,0,
43503101,RECHAZADO,13,0.3,MODERADO,R004,1,0,
43604101,RECHAZADO,0,0.3,MODERADO,R002|R004,2,0,
43704101,RECHAZADO,43,0.3,MODERADO,R012,1,1,
43805102,REVISION_MANUAL,67,0.3,MODERADO,R001|R004|R005|R012,4,1,
43901101,RECHAZADO,16,0.3,MODERADO,R002|R005,2,0,
44003102,APROBADO,82,0.3,MODERADO,R001|R012,2,1,
44101102,RECHAZADO,25,0.3,MODERADO,R004|R005,2,0,
44201102,RECHAZADO,6,0.3,MODERADO,R002,1,0,
44303102,APROBADO,83,0.3,MODERADO,R001|R006,2,0,
44404101,APROBADO,83,0.3,MODERADO,R001|R005,2,0,
44504102,RECHAZADO,25,0.3,MODERADO,R004|R005,2,0,
44601102,RECHAZADO,4,0.3,MODERADO,R002,1,0,
44705102,RECHAZADO,22,0.3,MODERADO,R004|R012,2,1,
44802103,RECHAZADO,39,0.3,MODERADO,,0,0,
44902101,APROBADO,85,0.3,MODERADO,R001|R005,2,0,
45001101,RECHAZADO,41,0.3,MODERADO,R004|R005|R012,3,1,
45111101,RECHAZADO,17,0.3,MODERADO,R010,1,0,
45203102,RECHAZADO,44,0.3,MODERADO,R005,1,0,
45301101,RECHAZADO,29,0.3,MODERADO,,0,0,
45403102,RECHAZADO,40,0.3,MODERADO,,0,0,
45502103,RECHAZADO,13,0.3,MODERADO,R004,1,0,
45606103,RECHAZADO,27,0.3,MODERADO,R009,1,0,
45709101,RECHAZADO,58,0.3,MODERADO,R001|R004|R005,3,0,
45709201,REVISION_MANUAL,70,0.3,MODERADO,R001,1,0,
45809102,APROBADO,100,0.3,MODERADO,R001|R005|R012|R015,4,2,
45918101,RECHAZADO,57,0.3,MODERADO,R001|R004|R005,3,0,
46004102,RECHAZADO,40,0.3,MODERADO,R001|R004|R009|R012,4,1,
46108101,APROBADO,100,0.3,MODERADO,R001|R005|R006,3,0,
46208102,RECHAZADO,56,0.3,MODERADO,R005,1,0,
46302101,APROBADO,99,0.3,MODERADO,R001|R005|R012,3,1,
46401102,RECHAZADO,13,0.3,MODERADO,R004,1,0,
46501101,REVISION_MANUAL,70,0.3,MODERADO,R001|R012,2,1,
46610102,RECHAZADO,39,0.3,MODERADO,,0,0,
46702101,REVISION_MANUAL,69,0.3,MODERADO,R001|R004|R005|R006,4,0,
46702201,RECHAZADO,58,0.3,MODERADO,R001|R004|R005,3,0,
46803101,APROBADO,85,0.3,MODERADO,R001|R012,2,1,
46905101,RECHAZADO,43,0.3,MODERADO,R012,1,1,
47004102,REVISION_MANUAL,71,0.3,MODERADO,R005|R012,2,1,
47102101,REVISION_MANUAL,68,0.3,MODERADO,R005|R012,2,1,
47203102,RECHAZADO,38,0.3,MODERADO,R004|R005|R012,3,1,
47304101,REVISION_MANUAL,62,0.3,MODERADO,R001,1,0,
47405101,RECHAZADO,40,0.3,MODERADO,R012,1,1,
47501102,RECHAZADO,28,0.3,MODERADO,R004|R005,2,0,
47604101,APROBADO,100,0.3,MODERADO,R001|R005|R012|R015,4,2,
47703103,APROBADO,83,0.3,MODERADO,R001|R012,2,1,
47805101,RECHAZADO,43,0.3,MODERADO,R012,1,1,
47904102,RECHAZADO,13,0.3,MODERADO,R004,1,0,
48004101,REVISION_MANUAL,70,0.3,MODERADO,R005|R012,2,1,
48110102,RECHAZADO,30,0.3,MODERADO,R005|R010,2,0,
48203102,RECHAZADO,28,0.3,MODERADO,,0,0,
48301101,RECHAZADO,53,0.3,MODERADO,R005,1,0,
48401101,APROBADO,100,0.3,MODERADO,R001|R005|R012,3,1,
48514102,RECHAZADO,43,0.3,MODERADO,R012,1,1,
48603101,RECHAZADO,17,0.3,MODERADO,R010,1,0,
48703102,RECHAZADO,43,0.3,MODERADO,R005|R010|R012,3,1,
48805102,RECHAZADO,12,0.3,MODERADO,R004,1,0,
48919103,RECHAZADO,38,0.3,MODERADO,,0,0,
49015105,REVISION_MANUAL,72,0.3,MODERADO,R001|R005|R010,3,0,
49105103,REVISION_MANUAL,66,0.3,MODERADO,R005|R012,2,1,
49205101,APROBADO,87,0.3,MODERADO,R001|R005,2,0,
49305101,APROBADO,84,0.3,MODERADO,R001|R012,2,1,
49418102,RECHAZADO,8,0.3,MODERADO,R002,1,0,
49508101,RECHAZADO,53,0.3,MODERADO,R012,1,1,
49602102,RECHAZADO,40,0.3,MODERADO,R012,1,1,
49709102,RECHAZADO,12,0.3,MODERADO,R004,1,0,
49809101,RECHAZADO,54,0.3,MODERADO,R012,1,1,
49902101,REVISION_MANUAL,76,0.3,MODERADO,R003|R012,2,1,
50009101,RECHAZADO,51,0.3,MODERADO,R012,1,1,
50104101,REVISION_MANUAL,71,0.3,MODERADO,R001,1,0,
50205101,RECHAZADO,53,0.3,MODERADO,R005,1,0,
50317102,REVISION_MANUAL,71,0.3,MODERADO,R001,1,0,
50405102,RECHAZADO,25,0.3,MODERADO,R004|R012,2,1,
50515101,RECHAZADO,25,0.3,MODERADO,R004|R005,2,0,
50605101,RECHAZADO,30,0.3,MODERADO,,0,0,
50719101,RECHAZADO,11,0.3,MODERADO,R004,1,0,
50807101,RECHAZADO,27,0.3,MODERADO,R004|R005,2,0,
50904101,RECHAZADO,31,0.3,MODERADO,,0,0,
50904202,RECHAZADO,9,0.3,MODERADO,R004|R010|R012,3,1,
51004104,RECHAZADO,11,0.3,MODERADO,R004|R009|R012,3,1,
51104102,RECHAZADO,52,0.3,MODERADO,R012,1,1,
51205102,RECHAZADO,29,0.3,MODERADO,,0,0,
51301101,APROBADO,100,0.3,MODERADO,R001|R005|R012,3,1,
51402104,RECHAZADO,55,0.3,MODERADO,R012,1,1,
51505103,RECHAZADO,40,0.3,MODERADO,,0,0,
51603101,APROBADO,85,0.3,MODERADO,R001|R012,2,1,
51701103,RECHAZADO,53,0.3,MODERADO,R012,1,1,
51805101,APROBADO,94,0.3,MODERADO,R001|R005|R012,3,1,
51905102,RECHAZADO,55,0.3,MODERADO,R005,1,0,
52002101,REVISION_MANUAL,65,0.3,MODERADO,R005|R012,2,1,
52103102,RECHAZADO,20,0.3,MODERADO,R004|R012,2,1,
52202102,RECHAZADO,59,0.3,MODERADO,R001,1,0,
52303102,RECHAZADO,17,0.3,MODERADO,R010,1,0,
52405102,RECHAZADO,17,0.3,MODERADO,R010,1,0,
52502106,RECHAZADO,47,0.3,MODERADO,R012,1,1,
52602101,RECHAZADO,52,0.3,MODERADO,R002|R003|R005,3,0,
52704101,APROBADO,100,0.3,MODERADO,R001|R005|R012|R015,4,2,
52803102,RECHAZADO,10,0.3,MODERADO,R004,1,0,
52912101,RECHAZADO,40,0.3,MODERADO,,0,0,
53002101,RECHAZADO,43,0.3,MODERADO,R005,1,0,
53105103,RECHAZADO,52,0.3,MODERADO,R012,1,1,
53217102,APROBADO,81,0.3,MODERADO,R001|R012,2,1,
53302101,APROBADO,83,0.3,MODERADO,R001|R012,2,1,
53404101,APROBADO,100,0.3,MODERADO,R001|R005|R012|R015,4,2,
53506103,RECHAZADO,56,0.3,MODERADO,R001|R009,2,0,
53606101,RECHAZADO,55,0.3,MODERADO,R012,1,1,
53705102,REVISION_MANUAL,66,0.3,MODERADO,R001|R004|R005|R012,4,1,
53803101,REVISION_MANUAL,65,0.3,MODERADO,R005|R012,2,1,
53914103,RECHAZADO,58,0.3,MODERADO,R001,1,0,
54001102,RECHAZADO,41,0.3,MODERADO,,0,0,
54105101,RECHAZADO,45,0.3,MODERADO,R005,1,0,
54213102,APROBADO,80,0.3,MODERADO,R001|R012,2,1,
54318101,APROBADO,100,0.3,MODERADO,R001|R012,2,1,
54410101,APROBADO,84,0.3,MODERADO,R001|R005|R012,3,1,
54503103,RECHAZADO,0,0.3,MODERADO,R004|R010,2,0,
54614101,RECHAZADO,53,0.3,MODERADO,R005,1,0,
54702103,RECHAZADO,57,0.3,MODERADO,R012,1,1,
54810101,RECHAZADO,28,0.3,MODERADO,R004|R005,2,0,
54901102,RECHAZADO,13,0.3,MODERADO,R004,1,0,
55011102,RECHAZADO,29,0.3,MODERADO,,0,0,
55117102,RECHAZADO,10,0.3,MODERADO,R004,1,0,
55203102,RECHAZADO,23,0.3,MODERADO,R004|R012,2,1,
55311101,RECHAZADO,12,0.3,MODERADO,R004,1,0,
55411102,RECHAZADO,40,0.3,MODERADO,,0,0,
55502101,RECHAZADO,13,0.3,MODERADO,R004,1,0,
55614101,RECHAZADO,31,0.3,MODERADO,,0,0,
55705101,RECHAZADO,27,0.3,MODERADO,,0,0,
55805103,REVISION_MANUAL,71,0.3,MODERADO,R001,1,0,
55902101,RECHAZADO,11,0.3,MODERADO,R004,1,0,
56003101,RECHAZADO,24,0.3,MODERADO,R004|R012,2,1,
56110101,RECHAZADO,42,0.3,MODERADO,R012,1,1,
56214101,APROBADO,94,0.3,MODERADO,R001|R005|R015,3,1,
56303101,APROBADO,100,0.3,MODERADO,R001|R005|R012,3,1,
56418102,RECHAZADO,12,0.3,MODERADO,R004,1,0,
56514101,RECHAZADO,57,0.3,MODERADO,R005,1,0,
56603102,RECHAZADO,27,0.3,MODERADO,R004|R012,2,1,
56703101,RECHAZADO,50,0.3,MODERADO,R012,1,1,
56801102,RECHAZADO,21,0.3,MODERADO,R004|R012,2,1,
56902102,RECHAZADO,42,0.3,MODERADO,R012,1,1,
57001101,APROBADO,93,0.3,MODERADO,R005|R012|R015,3,2,
57101101,APROBADO,100,0.3,MODERADO,R001|R005|R012,3,1,
57205101,RECHAZADO,56,0.3,MODERADO,R005,1,0,
57304102,APROBADO,100,0.3,MODERADO,R001|R005|R012,3,1,
57405101,RECHAZADO,24,0.3,MODERADO,R002,1,0,
57506103,REVISION_MANUAL,73,0.3,MODERADO,R003|R012,2,1,
57604101,RECHAZADO,9,0.3,MODERADO,R002,1,0,
57705102,RECHAZADO,40,0.3,MODERADO,R012,1,1,
57802101,RECHAZADO,28,0.3,MODERADO,R004|R005,2,0,
57901102,RECHAZADO,12,0.3,MODERADO,R004,1,0,
58005105,RECHAZADO,30,0.3,MODERADO,,0,0,
58103102,REVISION_MANUAL,73,0.3,MODERADO,R001,1,0,
58204101,RECHAZADO,55,0.3,MODERADO,R012,1,1,
58302102,RECHAZADO,43,0.3,MODERADO,,0,0,
58404101,RECHAZADO,0,0.3,MODERADO,R002,1,0,
58504101,RECHAZADO,45,0.3,MODERADO,R012,1,1,
58617102,RECHAZADO,25,0.3,MODERADO,R004|R005,2,0,
58705101,APROBADO,85,0.3,MODERADO,R005|R012|R015,3,2,
58803103,APROBADO,93,0.3,MODERADO,R001|R012,2,1,
58902101,RECHAZADO,13,0.3,MODERADO,R004,1,0,
59008101,RECHAZADO,56,0.3,MODERADO,R005|R012,2,1,
59104103,RECHAZADO,23,0.3,MODERADO,R004|R012,2,1,
59205101,RECHAZADO,56,0.3,MODERADO,R005,1,0,
59301101,APROBADO,89,0.3,MODERADO,R001|R005|R010|R012,4,1,
59413103,RECHAZADO,8,0.3,MODERADO,R004|R009|R012,3,1,
59502101,RECHAZADO,13,0.3,MODERADO,R004,1,0,
59607101,RECHAZADO,32,0.3,MODERADO,,0,0,
59704101,RECHAZADO,53,0.3,MODERADO,R012,1,1,
59802101,RECHAZADO,7,0.3,MODERADO,R002,1,0,
59903103,RECHAZADO,56,0.3,MODERADO,R012,1,1,
60012101,RECHAZADO,42,0.3,MODERADO,R005|R010,2,0,
60105102,REVISION_MANUAL,75,0.3,MODERADO,R001|R005|R010|R012,4,1,
60205102,RECHAZADO,52,0.3,MODERADO,R001|R004|R012,3,1,
60305102,RECHAZADO,56,0.3,MODERADO,R012,1,1,
60409101,RECHAZADO,44,0.3,MODERADO,R012,1,1,
60502102,RECHAZADO,40,0.3,MODERADO,,0,0,
60601101,APROBADO,100,0.3,MODERADO,R001|R012,2,1,
60712102,RECHAZADO,30,0.3,MODERADO,,0,0,
60819101,RECHAZADO,27,0.3,MODERADO,R004|R005,2,0,
60901102,RECHAZADO,0,0.3,MODERADO,R004|R009|R010,3,0,
61004101,REVISION_MANUAL,68,0.3,MODERADO,R001,1,0,
61103103,RECHAZADO,21,0.3,MODERADO,R004|R012,2,1,
61201101,RECHAZADO,57,0.3,MODERADO,R001|R004|R005,3,0,
61307103,REVISION_MANUAL,79,0.3,MODERADO,R005|R012,2,1,
61402101,REVISION_MANUAL,64,0.3,MODERADO,R005|R012,2,1,
61510101,RECHAZADO,28,0.3,MODERADO,,0,0,
61610102,RECHAZADO,27,0.3,MODERADO,R004|R005,2,0,
61705101,REVISION_MANUAL,65,0.3,MODERADO,R001|R004|R005|R012,4,1,
61801101,RECHAZADO,57,0.3,MODERADO,R001|R004|R005,3,0,
61919101,RECHAZADO,12,0.3,MODERADO,R004,1,0,
62004101,RECHAZADO,57,0.3,MODERADO,R005,1,0,
62113101,RECHAZADO,28,0.3,MODERADO,R004|R005,2,0,
62202103,RECHAZADO,27,0.3,MODERADO,R004|R005,2,0,
62306102,RECHAZADO,27,0.3,MODERADO,R010,1,0,
62402102,RECHAZADO,39,0.3,MODERADO,R002|R005,2,0,
62507102,RECHAZADO,37,0.3,MODERADO,,0,0,
62604101,APROBADO,89,0.3,MODERADO,R001|R012,2,1,
62712102,RECHAZADO,36,0.3,MODERADO,R004|R005|R012,3,1,
62801102,APROBADO,90,0.3,MODERADO,R001|R012,2,1,
62905101,RECHAZADO,51,0.3,MODERADO,R002|R003|R005|R015,4,1,
63003105,RECHAZADO,24,0.3,MODERADO,R009,1,0,
63103102,RECHAZADO,30,0.3,MODERADO,,0,0,
63209102,RECHAZADO,27,0.3,MODERADO,,0,0,
63303101,RECHAZADO,11,0.3,MODERADO,R004,1,0,
63404103,RECHAZADO,10,0.3,MODERADO,R004|R009|R012,3,1,
63512101,RECHAZADO,46,0.3,MODERADO,R002|R003|R005,3,0,
63605101,RECHAZADO,15,0.3,MODERADO,R010,1,0,
63701101,RECHAZADO,58,0.3,MODERADO,R005|R012,2,1,
63801101,APROBADO,100,0.3,MODERADO,R001|R005|R012,3,1,
63905102,RECHAZADO,10,0.3,MODERADO,R004,1,0,
64002101,RECHAZADO,28,0.3,MODERADO,R004|R005,2,0,
64102101,RECHAZADO,53,0.3,MODERADO,R012,1,1,
64202101,APROBADO,99,0.3,MODERADO,R001|R012,2,1,
64309102,RECHAZADO,44,0.3,MODERADO,R005,1,0,
64418101,APROBADO,95,0.3,MODERADO,R001|R005|R012,3,1,
64519101,RECHAZADO,0,0.3,MODERADO,R002,1,0,
64602101,REVISION_MANUAL,73,0.3,MODERADO,R001,1,0,
64702101,RECHAZADO,53,0.3,MODERADO,R005,1,0,
64802101,RECHAZADO,54,0.3,MODERADO,R001|R004|R012,3,1,
64902102,REVISION_MANUAL,72,0.3,MODERADO,R001|R006,2,0,
65003101,RECHAZADO,32,0.3,MODERADO,,0,0,
65105101,APROBADO,91,0.3,MODERADO,R001|R005|R012,3,1,
65203102,RECHAZADO,12,0.3,MODERADO,R004,1,0,
65303101,APROBADO,85,0.3,MODERADO,R001|R005|R006,3,0,
65303201,REVISION_MANUAL,68,0.3,MODERADO,R001,1,0,
65403101,REVISION_MANUAL,71,0.3,MODERADO,R005|R012,2,1,
65517101,RECHAZADO,42,0.3,MODERADO,R012,1,1,
65602101,RECHAZADO,40,0.3,MODERADO,,0,0,
65703101,RECHAZADO,36,0.3,MODERADO,R004|R005|R012,3,1,
65805101,RECHAZADO,38,0.3,MODERADO,R004|R005|R012,3,1,
65903101,RECHAZADO,27,0.3,MODERADO,R010,1,0,
66008101,RECHAZADO,23,0.3,MODERADO,R004|R005,2,0,
66119101,RECHAZADO,54,0.3,MODERADO,R005,1,0,
66205102,REVISION_MANUAL,72,0.3,MODERADO,R001,1,0,
66305101,RECHAZADO,59,0.3,MODERADO,R012,1,1,
66401101,RECHAZADO,10,0.3,MODERADO,R004,1,0,
66504102,RECHAZADO,23,0.3,MODERADO,R002|R005,2,0,
66606103,RECHAZADO,39,0.3,MODERADO,,0,0,
66718102,RECHAZADO,14,0.3,MODERADO,R004,1,0,
66815101,RECHAZADO,12,0.3,MODERADO,R004,1,0,
66902103,RECHAZADO,38,0.3,MODERADO,,0,0,
67019101,RECHAZADO,7,0.3,MODERADO,R002|R004|R005|R006,4,0,
67104102,APROBADO,85,0.3,MODERADO,R001|R012,2,1,
67202101,APROBADO,100,0.3,MODERADO,R001|R005|R012|R015,4,2,
67301101,APROBADO,80,0.3,MODERADO,R001|R012,2,1,
67401101,RECHAZADO,0,0.3,MODERADO,R002|R004|R006|R010,4,0,
67508101,RECHAZADO,41,0.3,MODERADO,,0,0,
67610102,RECHAZADO,58,0.3,MODERADO,R005|R012,2,1,
67703103,RECHAZADO,7,0.3,MODERADO,R004|R009|R012,3,1,
67805101,APROBADO,84,0.3,MODERADO,R001|R005|R010|R012,4,1,
67901101,APROBADO,100,0.3,MODERADO,R001|R005|R012,3,1,
68004102,RECHAZADO,56,0.3,MODERADO,R001|R004|R005,3,0,
68101101,RECHAZADO,56,0.3,MODERADO,R001|R004|R005,3,0,
68201101,APROBADO,100,0.3,MODERADO,R001|R005|R012|R015,4,2,
68303101,RECHAZADO,14,0.3,MODERADO,R004,1,0,
68403101,RECHAZADO,21,0.3,MODERADO,R002|R005,2,0,
68502103,RECHAZADO,1,0.3,MODERADO,R002|R010,2,0,
68608102,RECHAZADO,10,0.3,MODERADO,R004,1,0,
68705101,RECHAZADO,41,0.3,MODERADO,R001|R004|R009|R012,4,1,
68803101,RECHAZADO,0,0.3,MODERADO,R004|R010,2,0,
68917101,RECHAZADO,28,0.3,MODERADO,R004|R005,2,0,
69005102,RECHAZADO,44,0.3,MODERADO,R012,1,1,
69102102,RECHAZADO,52,0.3,MODERADO,R012,1,1,
69217101,RECHAZADO,42,0.3,MODERADO,R005,1,0,
69317101,RECHAZADO,21,0.3,MODERADO,R002|R005,2,0,
69419101,RECHAZADO,40,0.3,MODERADO,R001|R004,2,0,
69503101,APROBADO,100,0.3,MODERADO,R001|R005|R012,3,1,
69601102,RECHAZADO,11,0.3,MODERADO,R004,1,0,
69703101,APROBADO,100,0.3,MODERADO,R001|R005|R006|R012,4,1,
69801102,RECHAZADO,26,0.3,MODERADO,R004|R012,2,1,
69905101,APROBADO,88,0.3,MODERADO,R001|R012,2,1,
70005102,APROBADO,89,0.3,MODERADO,R001|R005|R010|R012,4,1,
70102102,RECHAZADO,11,0.3,MODERADO,R004,1,0,
70211102,RECHAZADO,12,0.3,MODERADO,R004,1,0,
70211201,RECHAZADO,44,0.3,MODERADO,R005,1,0,
70302101,APROBADO,95,0.3,MODERADO,R001|R012,2,1,
70405101,RECHAZADO,40,0.3,MODERADO,R002|R005|R015,3,1,
70502102,RECHAZADO,0,0.3,MODERADO,R002|R004,2,0,
70605102,RECHAZADO,28,0.3,MODERADO,R004|R012,2,1,
70701101,RECHAZADO,36,0.3,MODERADO,R004|R005|R012,3,1,
70817106,RECHAZADO,0,0.3,MODERADO,R002|R004,2,0,
70915102,RECHAZADO,27,0.3,MODERADO,R010,1,0,
71004101,RECHAZADO,11,0.3,MODERADO,R004,1,0,
71106104,RECHAZADO,15,0.3,MODERADO,R010,1,0,
71204102,REVISION_MANUAL,71,0.3,MODERADO,R001|R004|R005|R012,4,1,
71302101,APROBADO,84,0.3,MODERADO,R001|R012,2,1,
71407102,RECHAZADO,43,0.3,MODERADO,R012,1,1,
71501102,RECHAZADO,9,0.3,MODERADO,R002|R005,2,0,
71605101,RECHAZADO,40,0.3,MODERADO,,0,0,
71702101,APROBADO,100,0.3,MODERADO,R001|R005|R012|R015,4,2,
71808101,APROBADO,96,0.3,MODERADO,R001|R005|R012,3,1,
71920101,REVISION_MANUAL,71,0.3,MODERADO,R001,1,0,
72001101,APROBADO,100,0.3,MODERADO,R001|R005|R012,3,1,
72101103,RECHAZADO,59,0.3,MODERADO,R001,1,0,
72205103,RECHAZADO,11,0.3,MODERADO,R004|R009|R012,3,1,
72304101,RECHAZADO,59,0.3,MODERADO,R001,1,0,
72405101,APROBADO,83,0.3,MODERADO,R001|R012,2,1,
72501101,RECHAZADO,27,0.3,MODERADO,,0,0,
72601101,APROBADO,98,0.3,MODERADO,R001|R005|R012,3,1,
72710102,RECHAZADO,47,0.3,MODERADO,R005,1,0,
72817101,APROBADO,81,0.3,MODERADO,R001|R012,2,1,
72902102,APROBADO,85,0.3,MODERADO,R001|R012,2,1,
73005102,APROBADO,82,0.3,MODERADO,R001|R012,2,1,
73115102,RECHAZADO,51,0.3,MODERADO,R012,1,1,
73220101,RECHAZADO,26,0.3,MODERADO,R004|R005,2,0,
73317101,RECHAZADO,42,0.3,MODERADO,R005,1,0,
73401101,APROBADO,100,0.3,MODERADO,R001|R012,2,1,
73503101,REVISION_MANUAL,62,0.3,MODERADO,R003,1,0,
73604102,REVISION_MANUAL,69,0.3,MODERADO,R001|R004|R005|R012,4,1,
73705102,RECHAZADO,13,0.3,MODERADO,R004,1,0,
73810102,RECHAZADO,56,0.3,MODERADO,R005|R010|R012,3,1,
73902102,APROBADO,98,0.3,MODERADO,R001|R005|R012,3,1,
74012102,RECHAZADO,30,0.3,MODERADO,,0,0,
74103101,RECHAZADO,43,0.3,MODERADO,R012,1,1,
74201101,RECHAZADO,47,0.3,MODERADO,R005,1,0,
74301101,APROBADO,89,0.3,MODERADO,R001|R012,2,1,
74403102,APROBADO,99,0.3,MODERADO,R001|R006|R012,3,1,
74502101,RECHAZADO,26,0.3,MODERADO,R004|R005,2,0,
74601101,RECHAZADO,3,0.3,MODERADO,R002,1,0,
74703101,APROBADO,84,0.3,MODERADO,R001|R005|R010|R012,4,1,
74801101,RECHAZADO,11,0.3,MODERADO,R004,1,0,
74904102,REVISION_MANUAL,72,0.3,MODERADO,R001|R004|R005|R006,4,0,
75005101,RECHAZADO,8,0.3,MODERADO,R002|R005,2,0,
75105102,APROBADO,100,0.3,MODERADO,R001|R005|R012,3,1,
75208101,RECHAZADO,20,0.3,MODERADO,R002|R005,2,0,
75304102,RECHAZADO,13,0.3,MODERADO,R004,1,0,
75415101,RECHAZADO,32,0.3,MODERADO,R005|R010,2,0,
75502101,RECHAZADO,52,0.3,MODERADO,R005,1,0,
75603101,RECHAZADO,38,0.3,MODERADO,R004|R005|R012,3,1,
75704102,RECHAZADO,37,0.3,MODERADO,R010|R012,2,1,
75804101,RECHAZADO,42,0.3,MODERADO,,0,0,
75904104,RECHAZADO,47,0.3,MODERADO,R012,1,1,
76001101,RECHAZADO,13,0.3,MODERADO,R002,1,0,
76105101,RECHAZADO,45,0.3,MODERADO,R005,1,0,
76205101,RECHAZADO,48,0.3,MODERADO,R012,1,1,
76301101,RECHAZADO,27,0.3,MODERADO,R010,1,0,
76401103,RECHAZADO,55,0.3,MODERADO,R005|R012,2,1,
76503101,APROBADO,81,0.3,MODERADO,R001|R005,2,0,
76601102,RECHAZADO,28,0.3,MODERADO,,0,0,
76712101,RECHAZADO,13,0.3,MODERADO,R004,1,0,
76803102,RECHAZADO,41,0.3,MODERADO,,0,0,
76918101,RECHAZADO,39,0.3,MODERADO,,0,0,
77007101,REVISION_MANUAL,79,0.3,MODERADO,R001|R012,2,1,
77102101,RECHAZADO,31,0.3,MODERADO,,0,0,
77210102,RECHAZADO,30,0.3,MODERADO,R004|R005,2,0,
77303101,APROBADO,96,0.3,MODERADO,R001|R005|R012,3,1,
77403101,RECHAZADO,4,0.3,MODERADO,R002,1,0,
77519102,RECHAZADO,12,0.3,MODERADO,R004,1,0,
77615101,RECHAZADO,11,0.3,MODERADO,R004,1,0,
77702105,RECHAZADO,23,0.3,MODERADO,R004|R005,2,0,
77803102,APROBADO,97,0.3,MODERADO,R001|R005|R012,3,1,
77918102,RECHAZADO,53,0.3,MODERADO,R012,1,1,
78005101,RECHAZADO,58,0.3,MODERADO,R005,1,0,
78103101,RECHAZADO,41,0.3,MODERADO,,0,0,
78216106,RECHAZADO,27,0.3,MODERADO,R010,1,0,
78303103,RECHAZADO,26,0.3,MODERADO,R009,1,0,
78402101,REVISION_MANUAL,71,0.3,MODERADO,R001|R004|R005|R012,4,1,
78511102,RECHAZADO,54,0.3,MODERADO,R001|R004|R012,3,1,
78620101,RECHAZADO,47,0.3,MODERADO,R005,1,0,
78702102,APROBADO,80,0.3,MODERADO,R001|R012,2,1,
78802102,RECHAZADO,38,0.3,MODERADO,,0,0,
78902102,RECHAZADO,12,0.3,MODERADO,R004|R010|R012,3,1,
79002104,RECHAZADO,25,0.3,MODERADO,,0,0,
79102102,RECHAZADO,45,0.3,MODERADO,R005,1,0,
79204102,APROBADO,95,0.3,MODERADO,R001|R012,2,1,
79305101,RECHAZADO,47,0.3,MODERADO,R012,1,1,
79403101,RECHAZADO,24,0.3,MODERADO,R004|R005|R010|R012,4,1,
79511101,APROBADO,90,0.3,MODERADO,R001|R012,2,1,
79610101,RECHAZADO,58,0.3,MODERADO,R001|R004|R005,3,0,
79704101,RECHAZADO,40,0.3,MODERADO,,0,0,
79805103,RECHAZADO,31,0.3,MODERADO,,0,0,
79916103,APROBADO,100,0.3,MODERADO,R001|R003|R012,3,1,
80001104,RECHAZADO,55,0.3,MODERADO,R012,1,1,
80103101,APROBADO,88,0.3,MODERADO,R001|R012,2,1,
80202103,RECHAZADO,50,0.3,MODERADO,R012,1,1,
80305101,RECHAZADO,45,0.3,MODERADO,R005,1,0,
80402101,RECHAZADO,56,0.3,MODERADO,R005|R012,2,1,
80501104,RECHAZADO,48,0.3,MODERADO,R012,1,1,
80601102,RECHAZADO,53,0.3,MODERADO,R012,1,1,
80601202,RECHAZADO,53,0.3,MODERADO,R001|R004|R012,3,1,
80704101,RECHAZADO,53,0.3,MODERADO,R012,1,1,
80807101,APROBADO,100,0.3,MODERADO,R001|R005|R012,3,1,
80919101,RECHAZADO,54,0.3,MODERADO,R012,1,1,
81012101,RECHAZADO,51,0.3,MODERADO,R012,1,1,
81104102,RECHAZADO,13,0.3,MODERADO,R004,1,0,
81205102,RECHAZADO,11,0.3,MODERADO,R004,1,0,
81303102,RECHAZADO,31,0.3,MODERADO,,0,0,
81405101,RECHAZADO,42,0.3,MODERADO,,0,0,
81502101,RECHAZADO,29,0.3,MODERADO,R009,1,0,
81620102,REVISION_MANUAL,71,0.3,MODERADO,R001|R012,2,1,
81704101,RECHAZADO,42,0.3,MODERADO,,0,0,
81806102,RECHAZADO,56,0.3,MODERADO,R001|R004|R012,3,1,
81916103,RECHAZADO,12,0.3,MODERADO,R004,1,0,
82008105,RECHAZADO,59,0.3,MODERADO,R012,1,1,
82101101,RECHAZADO,23,0.3,MODERADO,R002|R005,2,0,
82219101,APROBADO,82,0.3,MODERADO,R003|R005|R012,3,1,
82320101,REVISION_MANUAL,75,0.3,MODERADO,R001|R005,2,0,
82402101,REVISION_MANUAL,67,0.3,MODERADO,R005|R012,2,1,
82501101,RECHAZADO,28,0.3,MODERADO,R004|R005,2,0,
82601101,APROBADO,97,0.3,MODERADO,R001|R005|R012,3,1,
82715101,RECHAZADO,54,0.3,MODERADO,R012,1,1,
82801102,APROBADO,83,0.3,MODERADO,R001|R012,2,1,
82914101,APROBADO,82,0.3,MODERADO,R001|R005|R012,3,1,
83001102,RECHAZADO,22,0.3,MODERADO,R004|R012,2,1,
83102101,RECHAZADO,26,0.3,MODERADO,R004|R012,2,1,
83204102,RECHAZADO,42,0.3,MODERADO,R001|R004,2,0,
83309101,RECHAZADO,42,0.3,MODERADO,R005,1,0,
83405102,REVISION_MANUAL,69,0.3,MODERADO,R005|R012,2,1,
83512102,RECHAZADO,30,0.3,MODERADO,,0,0,
83612101,RECHAZADO,14,0.3,MODERADO,R004|R005|R010,3,0,
83703101,RECHAZADO,45,0.3,MODERADO,R005,1,0,
83802102,RECHAZADO,27,0.3,MODERADO,,0,0,
83916102,RECHAZADO,0,0.3,MODERADO,R004|R010,2,0,
84001101,APROBADO,100,0.3,MODERADO,R001|R005|R012,3,1,
84104103,RECHAZADO,14,0.3,MODERADO,R009,1,0,
84203101,REVISION_MANUAL,66,0.3,MODERADO,R005|R012,2,1,
84303102,RECHAZADO,23,0.3,MODERADO,R002|R005,2,0,
84405101,RECHAZADO,54,0.3,MODERADO,R005|R012,2,1,
84502101,RECHAZADO,55,0.3,MODERADO,R012,1,1,
84609101,RECHAZADO,50,0.3,MODERADO,R012,1,1,
84701102,RECHAZADO,14,0.3,MODERADO,R004,1,0,
84805102,REVISION_MANUAL,69,0.3,MODERADO,R001|R004|R005|R012,4,1,
84902101,RECHAZADO,29,0.3,MODERADO,,0,0,
85003101,RECHAZADO,42,0.3,MODERADO,R005,1,0,
85102101,RECHAZADO,40,0.3,MODERADO,,0,0,
85205101,APROBADO,90,0.3,MODERADO,R001|R012,2,1,
85305101,RECHAZADO,39,0.3,MODERADO,,0,0,
85404102,RECHAZADO,8,0.3,MODERADO,R002,1,0,
85503101,RECHAZADO,38,0.3,MODERADO,R004|R005|R012,3,1,
85603101,RECHAZADO,31,0.3,MODERADO,,0,0,
85711102,REVISION_MANUAL,60,0.3,MODERADO,R001|R004|R005,3,0,
85806101,RECHAZADO,42,0.3,MODERADO,R001|R004,2,0,
85910105,RECHAZADO,45,0.3,MODERADO,R001|R010,2,0,
85910202,RECHAZADO,28,0.3,MODERADO,,0,0,
86007101,RECHAZADO,49,0.3,MODERADO,R012,1,1,
86104101,RECHAZADO,15,0.3,MODERADO,R002|R005,2,0,
86203102,RECHAZADO,56,0.3,MODERADO,R001|R010|R012,3,1,
86304102,REVISION_MANUAL,68,0.3,MODERADO,R001|R004|R005|R012,4,1,
86401101,REVISION_MANUAL,66,0.3,MODERADO,R005|R012,2,1,
86519102,RECHAZADO,32,0.3,MODERADO,,0,0,
86602102,RECHAZADO,40,0.3,MODERADO,,0,0,
86705102,RECHAZADO,0,0.3,MODERADO,R002,1,0,
86807101,RECHAZADO,42,0.3,MODERADO,R005|R010,2,0,
86901102,REVISION_MANUAL,73,0.3,MODERADO,R001|R004|R005|R012,4,1,
87002101,REVISION_MANUAL,68,0.3,MODERADO,R001|R012,2,1,
87101102,RECHAZADO,39,0.3,MODERADO,,0,0,
87205102,RECHAZADO,31,0.3,MODERADO,,0,0,
87302101,REVISION_MANUAL,60,0.3,MODERADO,R012,1,1,
87412103,APROBADO,82,0.3,MODERADO,R001|R005|R010|R012,4,1,
87505101,REVISION_MANUAL,76,0.3,MODERADO,R001|R004|R005|R012,4,1,
87602103,RECHAZADO,53,0.3,MODERADO,R005,1,0,
87702102,RECHAZADO,40,0.3,MODERADO,,0,0,
87803101,REVISION_MANUAL,73,0.3,MODERADO,R001|R012,2,1,
87901101,RECHAZADO,1,0.3,MODERADO,R002,1,0,
88003102,RECHAZADO,13,0.3,MODERADO,R004,1,0,
88111103,RECHAZADO,27,0.3,MODERADO,R010,1,0,
88203101,APROBADO,100,0.3,MODERADO,R001|R005|R012|R015,4,2,
88302101,RECHAZADO,38,0.3,MODERADO,,0,0,
88404101,APROBADO,83,0.3,MODERADO,R001|R005,2,0,
88504101,RECHAZADO,45,0.3,MODERADO,R005,1,0,
88601101,APROBADO,99,0.3,MODERADO,R001|R005|R012,3,1,
88718103,RECHAZADO,0,0.3,MODERADO,R002|R010,2,0,
88718201,RECHAZADO,29,0.3,MODERADO,,0,0,
88718301,RECHAZADO,41,0.3,MODERADO,,0,0,
88802101,RECHAZADO,6,0.3,MODERADO,R002,1,0,
88907102,RECHAZADO,28,0.3,MODERADO,R004|R005,2,0,
89004101,RECHAZADO,56,0.3,MODERADO,R012,1,1,
89104101,RECHAZADO,15,0.3,MODERADO,R010,1,0,
89211102,REVISION_MANUAL,69,0.3,MODERADO,R001,1,0,
89304102,RECHAZADO,39,0.3,MODERADO,R012,1,1,
89416102,RECHAZADO,10,0.3,MODERADO,R004,1,0,
89509102,RECHAZADO,48,0.3,MODERADO,R005,1,0,
89605102,APROBADO,85,0.3,MODERADO,R001|R012,2,1,
89702101,RECHAZADO,26,0.3,MODERADO,R004|R005,2,0,
89803101,RECHAZADO,0,0.3,MODERADO,R002,1,0,
89905102,RECHAZADO,55,0.3,MODERADO,R001,1,0,
90003104,RECHAZADO,10,0.3,MODERADO,R004,1,0,
90103101,APROBADO,82,0.3,MODERADO,R001|R012,2,1,
90202101,APROBADO,100,0.3,MODERADO,R001|R003|R005|R012,4,1,
90310101,RECHAZADO,27,0.3,MODERADO,R010,1,0,
90404101,APROBADO,99,0.3,MODERADO,R001|R005|R012,3,1,
90505102,RECHAZADO,40,0.3,MODERADO,,0,0,
90605103,RECHAZADO,15,0.3,MODERADO,R004,1,0,
90702101,RECHAZADO,33,0.3,MODERADO,,0,0,
90805103,RECHAZADO,0,0.3,MODERADO,R002,1,0,
90903101,RECHAZADO,13,0.3,MODERADO,R004,1,0,
91019101,RECHAZADO,53,0.3,MODERADO,R005,1,0,
91113101,RECHAZADO,41,0.3,MODERADO,,0,0,
91203102,RECHAZADO,13,0.3,MODERADO,R004,1,0,
91303101,RECHAZADO,57,0.3,MODERADO,R005|R012,2,1,
91411101,RECHAZADO,28,0.3,MODERADO,R004|R005,2,0,
91505102,RECHAZADO,39,0.3,MODERADO,,0,0,
91601102,RECHAZADO,15,0.3,MODERADO,R004,1,0,
91704101,RECHAZADO,4,0.3,MODERADO,R002|R006|R010,3,0,
91804105,RECHAZADO,58,0.3,MODERADO,R001,1,0,
91904101,APROBADO,100,0.3,MODERADO,R001|R003|R005|R012,4,1,
92002101,RECHAZADO,45,0.3,MODERADO,R012,1,1,
92103101,RECHAZADO,41,0.3,MODERADO,R004|R005|R012,3,1,
92213106,RECHAZADO,0,0.3,MODERADO,R004|R009|R010|R012,4,1,
92302101,RECHAZADO,44,0.3,MODERADO,R005,1,0,
92402101,APROBADO,99,0.3,MODERADO,R001|R005|R012,3,1,
92504101,APROBADO,93,0.3,MODERADO,R001|R012,2,1,
92619101,APROBADO,98,0.3,MODERADO,R001|R005|R012,3,1,
92716101,RECHAZADO,43,0.3,MODERADO,,0,0,
92802101,RECHAZADO,58,0.3,MODERADO,R001|R004|R005,3,0,
92904101,REVISION_MANUAL,76,0.3,MODERADO,R001|R005,2,0,
93002101,RECHAZADO,53,0.3,MODERADO,R012,1,1,
93114102,RECHAZADO,41,0.3,MODERADO,,0,0,
93204101,RECHAZADO,55,0.3,MODERADO,R001|R004|R012,3,1,
93317102,RECHAZADO,25,0.3,MODERADO,R009,1,0,
93402102,RECHAZADO,52,0.3,MODERADO,R012,1,1,
93505101,APROBADO,100,0.3,MODERADO,R001|R005|R012|R015,4,2,
93605101,RECHAZADO,53,0.3,MODERADO,R012,1,1,
93702101,RECHAZADO,0,0.3,MODERADO,R002|R004|R005,3,0,
93804102,REVISION_MANUAL,73,0.3,MODERADO,R001,1,0,
93913103,RECHAZADO,3,0.3,MODERADO,R009|R010,2,0,
94018102,RECHAZADO,54,0.3,MODERADO,R001|R004|R006,3,0,
94102101,RECHAZADO,26,0.3,MODERADO,R004|R005,2,0,
94202101,REVISION_MANUAL,76,0.3,MODERADO,R001|R012,2,1,
94302101,APROBADO,96,0.3,MODERADO,R001|R005|R012,3,1,
94411102,REVISION_MANUAL,60,0.3,MODERADO,R001,1,0,
94516101,REVISION_MANUAL,71,0.3,MODERADO,R001|R004|R005|R012,4,1,
94605102,RECHAZADO,14,0.3,MODERADO,R004|R005|R010,3,0,
94704102,APROBADO,100,0.3,MODERADO,R001|R005|R012,3,1,
94802101,APROBADO,94,0.3,MODERADO,R001|R005|R012,3,1,
94917102,RECHAZADO,25,0.3,MODERADO,R004|R005,2,0,
95012102,RECHAZADO,25,0.3,MODERADO,R004|R005,2,0,
95108103,RECHAZADO,38,0.3,MODERADO,,0,0,
95203102,RECHAZADO,12,0.3,MODERADO,R004,1,0,
95303101,RECHAZADO,12,0.3,MODERADO,R004,1,0,
95414101,RECHAZADO,55,0.3,MODERADO,R005,1,0,
95505102,RECHAZADO,40,0.3,MODERADO,,0,0,
95609101,REVISION_MANUAL,76,0.3,MODERADO,R001|R005,2,0,
95709101,RECHAZADO,41,0.3,MODERADO,,0,0,
95819103,RECHAZADO,57,0.3,MODERADO,R001|R004|R012,3,1,
95905101,RECHAZADO,43,0.3,MODERADO,,0,0,
96013101,REVISION_MANUAL,75,0.3,MODERADO,R001|R005,2,0,
96105102,RECHAZADO,0,0.3,MODERADO,R002|R004|R005,3,0,
96207103,APROBADO,100,0.3,MODERADO,R001|R005|R012,3,1,
96301101,RECHAZADO,30,0.3,MODERADO,R005|R010,2,0,
96404102,RECHAZADO,42,0.3,MODERADO,R001|R004,2,0,
96508103,RECHAZADO,25,0.3,MODERADO,R009,1,0,
96601101,REVISION_MANUAL,75,0.3,MODERADO,R001|R005,2,0,
96705101,RECHAZADO,45,0.3,MODERADO,R005,1,0,
96805101,REVISION_MANUAL,67,0.3,MODERADO,R005|R012,2,1,
96901101,REVISION_MANUAL,75,0.3,MODERADO,R001|R012,2,1,
97004101,RECHAZADO,41,0.3,MODERADO,R004|R005|R012,3,1,
97103102,REVISION_MANUAL,61,0.3,MODERADO,R001,1,0,
97214101,RECHAZADO,48,0.3,MODERADO,R005,1,0,
97302101,RECHAZADO,28,0.3,MODERADO,R004|R005,2,0,
97404101,RECHAZADO,56,0.3,MODERADO,R001|R004|R012,3,1,
97501102,RECHAZADO,10,0.3,MODERADO,R004,1,0,
97610101,RECHAZADO,52,0.3,MODERADO,R012,1,1,
97701102,RECHAZADO,1,0.3,MODERADO,R002|R004|R005,3,0,
97804102,RECHAZADO,28,0.3,MODERADO,R004|R005,2,0,
97902102,RECHAZADO,0,0.3,MODERADO,R002|R004|R005,3,0,
98005109,RECHAZADO,4,0.3,MODERADO,R002|R006|R010,3,0,
98101101,RECHAZADO,8,0.3,MODERADO,R002|R004|R005,3,0,
98218102,RECHAZADO,53,0.3,MODERADO,R012,1,1,
98303101,RECHAZADO,24,0.3,MODERADO,R002|R005,2,0,
98414102,RECHAZADO,38,0.3,MODERADO,R004|R005|R012,3,1,
98501101,APROBADO,96,0.3,MODERADO,R001|R005|R012,3,1,
98604101,RECHAZADO,40,0.3,MODERADO,R004|R005|R012,3,1,
98713101,RECHAZADO,55,0.3,MODERADO,R005|R012,2,1,
98801102,RECHAZADO,41,0.3,MODERADO,R012,1,1,
98914101,RECHAZADO,42,0.3,MODERADO,R005,1,0,
99018102,RECHAZADO,56,0.3,MODERADO,R001|R004|R005,3,0,
99105101,RECHAZADO,46,0.3,MODERADO,R005,1,0,
99216101,RECHAZADO,13,0.3,MODERADO,R004,1,0,
99301103,RECHAZADO,52,0.3,MODERADO,R012,1,1,
99401105,RECHAZADO,10,0.3,MODERADO,R002,1,0,
99502101,RECHAZADO,56,0.3,MODERADO,R001|R004|R005,3,0,
99604101,APROBADO,88,0.3,MODERADO,R001|R012,2,1,
99604201,RECHAZADO,56,0.3,MODERADO,R012,1,1,
99702103,RECHAZADO,8,0.3,MODERADO,R002|R009,2,0,
99812101,RECHAZADO,28,0.3,MODERADO,R004|R005,2,0,
99916101,APROBADO,84,0.3,MODERADO,R001|R012,2,1,
100018101,RECHAZADO,41,0.3,MODERADO,R012,1,1,
100117101,RECHAZADO,56,0.3,MODERADO,R005|R012,2,1,
100204101,RECHAZADO,54,0.3,MODERADO,R012,1,1,
100313102,RECHAZADO,43,0.3,MODERADO,R005,1,0,
100404101,APROBADO,92,0.3,MODERADO,R001|R012,2,1,
100404201,APROBADO,86,0.3,MODERADO,R001|R012,2,1,
100501103,APROBADO,88,0.3,MODERADO,R001|R005,2,0,
100604101,APROBADO,99,0.3,MODERADO,R001|R005|R012,3,1,
100702101,REVISION_MANUAL,76,0.3,MODERADO,R005|R012|R015,3,2,
100808101,RECHAZADO,28,0.3,MODERADO,R004|R005,2,0,
100905102,RECHAZADO,28,0.3,MODERADO,R004|R005,2,0,
101005102,REVISION_MANUAL,79,0.3,MODERADO,R001|R012,2,1,
101113101,RECHAZADO,26,0.3,MODERADO,R004|R005,2,0,
101207101,RECHAZADO,0,0.3,MODERADO,R002,1,0,
101304101,APROBADO,98,0.3,MODERADO,R001|R005|R012,3,1,
101402101,RECHAZADO,11,0.3,MODERADO,R004,1,0,
101501102,RECHAZADO,42,0.3,MODERADO,R005|R010,2,0,
101616101,RECHAZADO,8,0.3,MODERADO,R002|R005,2,0,
101704101,RECHAZADO,15,0.3,MODERADO,R004,1,0,
101803104,RECHAZADO,48,0.3,MODERADO,R012,1,1,
101913102,RECHAZADO,0,0.3,MODERADO,R004|R010,2,0,
102005101,RECHAZADO,50,0.3,MODERADO,R012,1,1,
102101102,APROBADO,100,0.3,MODERADO,R001|R005|R012|R015,4,2,
102203101,RECHAZADO,12,0.3,MODERADO,R004,1,0,
102305101,RECHAZADO,56,0.3,MODERADO,R005,1,0,
102405102,RECHAZADO,54,0.3,MODERADO,R012,1,1,
102505101,REVISION_MANUAL,70,0.3,MODERADO,R005|R012,2,1,
102614101,RECHAZADO,38,0.3,MODERADO,,0,0,
102706102,RECHAZADO,0,0.3,MODERADO,R004|R010,2,0,
102809102,RECHAZADO,0,0.3,MODERADO,R002|R004,2,0,
102901102,RECHAZADO,0,0.3,MODERADO,R002|R004|R010,3,0,
103003102,RECHAZADO,41,0.3,MODERADO,,0,0,
103101101,RECHAZADO,41,0.3,MODERADO,R004|R005|R012,3,1,
103204101,RECHAZADO,22,0.3,MODERADO,R004|R012,2,1,
103303103,RECHAZADO,7,0.3,MODERADO,R004|R010|R012,3,1,
103405101,RECHAZADO,27,0.3,MODERADO,R010,1,0,
103503101,RECHAZADO,25,0.3,MODERADO,R004|R005,2,0,
103601101,APROBADO,94,0.3,MODERADO,R001|R005|R012,3,1,
103705102,REVISION_MANUAL,70,0.3,MODERADO,R001|R004|R005|R012,4,1,
103808101,RECHAZADO,10,0.3,MODERADO,R004,1,0,
103915102,RECHAZADO,10,0.3,MODERADO,R004,1,0,
104002101,APROBADO,100,0.3,MODERADO,R001|R005|R012|R015,4,2,
104105103,RECHAZADO,45,0.3,MODERADO,R012,1,1,
104210101,RECHAZADO,10,0.3,MODERADO,R002|R005,2,0,
104319103,RECHAZADO,41,0.3,MODERADO,R012,1,1,
104409101,APROBADO,97,0.3,MODERADO,R001|R005|R012,3,1,
104502101,APROBADO,94,0.3,MODERADO,R001|R005|R012,3,1,
104604101,RECHAZADO,7,0.3,MODERADO,R002|R005|R010,3,0,
104701102,RECHAZADO,40,0.3,MODERADO,R001|R004,2,0,
104804105,RECHAZADO,55,0.3,MODERADO,R005,1,0,
104905102,RECHAZADO,29,0.3,MODERADO,,0,0,
105005102,APROBADO,82,0.3,MODERADO,R003|R005|R015,3,1,
105113102,RECHAZADO,29,0.3,MODERADO,,0,0,
105216101,APROBADO,100,0.3,MODERADO,R001|R005|R012|R015,4,2,
105306101,APROBADO,100,0.3,MODERADO,R001|R005|R012|R015,4,2,
105403101,RECHAZADO,57,0.3,MODERADO,R012,1,1,
105502102,RECHAZADO,27,0.3,MODERADO,R004|R005,2,0,
105619102,RECHAZADO,12,0.3,MODERADO,R004,1,0,
105702104,RECHAZADO,55,0.3,MODERADO,R012,1,1,
105802101,RECHAZADO,45,0.3,MODERADO,R005,1,0,
105902102,APROBADO,83,0.3,MODERADO,R001|R005|R010|R012,4,1,
106016103,RECHAZADO,30,0.3,MODERADO,,0,0,
106101101,RECHAZADO,43,0.3,MODERADO,,0,0,
106207101,RECHAZADO,31,0.3,MODERADO,R001|R004|R009,3,0,
106303103,RECHAZADO,8,0.3,MODERADO,R004,1,0,
106420101,RECHAZADO,45,0.3,MODERADO,R005,1,0,
106519103,RECHAZADO,8,0.3,MODERADO,R004|R009|R012,3,1,
106601101,APROBADO,99,0.3,MODERADO,R001|R005|R012,3,1,
106702102,RECHAZADO,53,0.3,MODERADO,R001|R004|R012,3,1,
106805102,RECHAZADO,13,0.3,MODERADO,R004,1,0,
106914101,RECHAZADO,27,0.3,MODERADO,R004|R005,2,0,
107001103,RECHAZADO,23,0.3,MODERADO,R004|R012,2,1,
107104102,RECHAZADO,58,0.3,MODERADO,R012,1,1,
107204101,APROBADO,100,0.3,MODERADO,R001|R005|R012|R015,4,2,
107302103,RECHAZADO,8,0.3,MODERADO,R004|R009|R012,3,1,
107405103,APROBADO,85,0.3,MODERADO,R001|R012,2,1,
107503102,RECHAZADO,0,0.3,MODERADO,R002|R004|R005,3,0,
107603103,REVISION_MANUAL,76,0.3,MODERADO,R005|R012|R015,3,2,
107701101,RECHAZADO,46,0.3,MODERADO,R005,1,0,
107804102,REVISION_MANUAL,78,0.3,MODERADO,R001|R012,2,1,
107915102,RECHAZADO,39,0.3,MODERADO,R001|R004|R010|R012,4,1,
108001101,REVISION_MANUAL,76,0.3,MODERADO,R001|R004|R005|R012,4,1,
108120102,RECHAZADO,45,0.3,MODERADO,R001|R004,2,0,
108220101,APROBADO,94,0.3,MODERADO,R001|R005|R012,3,1,
108313101,RECHAZADO,28,0.3,MODERADO,R004|R005,2,0,
108402101,APROBADO,100,0.3,MODERADO,R001|R005|R012|R015,4,2,
108505101,RECHAZADO,0,0.3,MODERADO,R002|R004|R005,3,0,
108605102,RECHAZADO,40,0.3,MODERADO,R001|R004,2,0,
108709102,RECHAZADO,25,0.3,MODERADO,R004|R005,2,0,
108815103,RECHAZADO,3,0.3,MODERADO,R002,1,0,
108901101,RECHAZADO,25,0.3,MODERADO,R004|R005,2,0,
109002103,RECHAZADO,0,0.3,MODERADO,R004|R009|R010|R012,4,1,
109110102,RECHAZADO,24,0.3,MODERADO,R004|R005,2,0,
109208102,REVISION_MANUAL,70,0.3,MODERADO,R005|R012,2,1,
109320102,RECHAZADO,42,0.3,MODERADO,,0,0,
109410103,REVISION_MANUAL,71,0.3,MODERADO,R001|R006,2,0,
109504103,RECHAZADO,27,0.3,MODERADO,,0,0,
109614104,RECHAZADO,27,0.3,MODERADO,R010,1,0,
109720102,RECHAZADO,12,0.3,MODERADO,R004,1,0,
109804102,RECHAZADO,12,0.3,MODERADO,R002,1,0,
109903101,RECHAZADO,43,0.3,MODERADO,,0,0,
110005102,RECHAZADO,0,0.3,MODERADO,R004|R009|R010|R012,4,1,
110117101,REVISION_MANUAL,69,0.3,MODERADO,R001,1,0,
110202101,REVISION_MANUAL,66,0.3,MODERADO,R005|R012,2,1,
110301102,REVISION_MANUAL,70,0.3,MODERADO,R001|R012,2,1,
110401101,REVISION_MANUAL,70,0.3,MODERADO,R005|R012,2,1,
110501102,RECHAZADO,12,0.3,MODERADO,R004,1,0,
110610105,RECHAZADO,25,0.3,MODERADO,R009,1,0,
110714102,REVISION_MANUAL,70,0.3,MODERADO,R001,1,0,
110819101,APROBADO,98,0.3,MODERADO,R001|R005|R012,3,1,
110908101,RECHAZADO,10,0.3,MODERADO,R004,1,0,
111006103,RECHAZADO,12,0.3,MODERADO,R004,1,0,
111119101,RECHAZADO,25,0.3,MODERADO,R004|R005,2,0,
111212101,RECHAZADO,31,0.3,MODERADO,,0,0,
111304102,REVISION_MANUAL,71,0.3,MODERADO,R001|R004|R005|R012,4,1,
111408104,RECHAZADO,28,0.3,MODERADO,,0,0,
111516104,RECHAZADO,37,0.3,MODERADO,,0,0,
111601101,REVISION_MANUAL,64,0.3,MODERADO,R005|R012,2,1,
111702101,APROBADO,100,0.3,MODERADO,R001|R005|R012,3,1,
111813103,RECHAZADO,37,0.3,MODERADO,R001|R004|R009|R012,4,1,
111919102,RECHAZADO,12,0.3,MODERADO,R004,1,0,
112004101,RECHAZADO,43,0.3,MODERADO,R005,1,0,
112118102,RECHAZADO,10,0.3,MODERADO,R004,1,0,
112202101,REVISION_MANUAL,72,0.3,MODERADO,R001,1,0,
112304101,APROBADO,83,0.3,MODERADO,R001|R005,2,0,
112410102,RECHAZADO,24,0.3,MODERADO,R002|R005,2,0,
112501102,RECHAZADO,11,0.3,MODERADO,R004|R009|R012,3,1,
112603101,RECHAZADO,22,0.3,MODERADO,R004|R012,2,1,
112716101,RECHAZADO,46,0.3,MODERADO,R005,1,0,
112804101,REVISION_MANUAL,60,0.3,MODERADO,R001,1,0,
112907102,RECHAZADO,15,0.3,MODERADO,R004,1,0,
113001101,RECHAZADO,58,0.3,MODERADO,R005,1,0,
113108101,RECHAZADO,12,0.3,MODERADO,R004|R005|R010,3,0,
113201101,RECHAZADO,42,0.3,MODERADO,R012,1,1,
113301101,RECHAZADO,47,0.3,MODERADO,R005,1,0,
113402101,REVISION_MANUAL,70,0.3,MODERADO,R003|R005,2,0,
113518104,RECHAZADO,0,0.3,MODERADO,R004|R009|R010,3,0,
113605103,APROBADO,98,0.3,MODERADO,R001|R005|R012,3,1,
113701102,RECHAZADO,22,0.3,MODERADO,R004|R012,2,1,
113812102,RECHAZADO,54,0.3,MODERADO,R005,1,0,
113907103,RECHAZADO,0,0.3,MODERADO,R004|R009|R010|R012,4,1,
114005101,APROBADO,86,0.3,MODERADO,R001|R012,2,1,
114114101,REVISION_MANUAL,69,0.3,MODERADO,R001,1,0,
114204102,RECHAZADO,18,0.3,MODERADO,R002|R005,2,0,
114301104,RECHAZADO,0,0.3,MODERADO,R004|R010,2,0,
114403102,APROBADO,81,0.3,MODERADO,R001|R012,2,1,
114505101,RECHAZADO,57,0.3,MODERADO,R012,1,1,
114601102,RECHAZADO,27,0.3,MODERADO,R004|R005,2,0,
114702101,RECHAZADO,11,0.3,MODERADO,R004|R009|R012,3,1,
114803102,RECHAZADO,13,0.3,MODERADO,R004,1,0,
114904101,RECHAZADO,45,0.3,MODERADO,R005,1,0,
115004101,RECHAZADO,0,0.3,MODERADO,R002|R004|R005,3,0,
115116103,RECHAZADO,47,0.3,MODERADO,R001|R010,2,0,
115204103,RECHAZADO,10,0.3,MODERADO,R004|R009|R012,3,1,
115304102,RECHAZADO,0,0.3,MODERADO,R002|R004,2,0,
115408102,RECHAZADO,22,0.3,MODERADO,R004|R012,2,1,
115501102,RECHAZADO,47,0.3,MODERADO,R012,1,1,
115603104,APROBADO,89,0.3,MODERADO,R001|R012,2,1,
115702101,REVISION_MANUAL,71,0.3,MODERADO,R001|R004|R005|R012,4,1,
115802103,RECHAZADO,10,0.3,MODERADO,R004|R010|R012,3,1,
115904101,RECHAZADO,56,0.3,MODERADO,R012,1,1,
116020101,RECHAZADO,46,0.3,MODERADO,R005,1,0,
116120105,RECHAZADO,8,0.3,MODERADO,R004|R009|R012,3,1,
116207102,RECHAZADO,26,0.3,MODERADO,R009,1,0,
116305102,RECHAZADO,0,0.3,MODERADO,R002|R004|R005,3,0,
116402102,APROBADO,100,0.3,MODERADO,R001|R005|R012,3,1,
116508101,RECHAZADO,33,0.3,MODERADO,R005|R009,2,0,
116603102,RECHAZADO,0,0.3,MODERADO,R002,1,0,
116718103,RECHAZADO,8,0.3,MODERADO,R004|R009|R012,3,1,
116803101,REVISION_MANUAL,71,0.3,MODERADO,R001,1,0,
116915102,APROBADO,89,0.3,MODERADO,R001|R005|R006,3,0,
117001101,REVISION_MANUAL,62,0.3,MODERADO,R012,1,1,
117107101,APROBADO,82,0.3,MODERADO,R005|R012,2,1,
117203101,APROBADO,85,0.3,MODERADO,R001|R012,2,1,
117304102,RECHAZADO,11,0.3,MODERADO,R004,1,0,
117401102,RECHAZADO,40,0.3,MODERADO,,0,0,
117502102,REVISION_MANUAL,68,0.3,MODERADO,R001,1,0,
117601101,RECHAZADO,22,0.3,MODERADO,R002|R005,2,0,
117720103,RECHAZADO,11,0.3,MODERADO,R004|R009|R012,3,1,
117815102,RECHAZADO,15,0.3,MODERADO,R004,1,0,
117904101,RECHAZADO,28,0.3,MODERADO,R004|R005,2,0,
118005103,RECHAZADO,52,0.3,MODERADO,R001|R004|R012,3,1,
118104102,RECHAZADO,37,0.3,MODERADO,,0,0,
118210102,RECHAZADO,13,0.3,MODERADO,R004,1,0,
118302101,APROBADO,100,0.3,MODERADO,R001|R005|R012,3,1,
118401102,RECHAZADO,10,0.3,MODERADO,R004,1,0,
118503102,APROBADO,81,0.3,MODERADO,R001|R012,2,1,
118604101,RECHAZADO,58,0.3,MODERADO,R001,1,0,
118703101,RECHAZADO,22,0.3,MODERADO,R002|R006,2,0,
118802103,RECHAZADO,16,0.3,MODERADO,R009,1,0,
118904102,REVISION_MANUAL,63,0.3,MODERADO,R005|R012,2,1,
119001103,RECHAZADO,10,0.3,MODERADO,R002,1,0,
119104106,RECHAZADO,0,0.3,MODERADO,R004|R009|R010,3,0,
119204102,RECHAZADO,12,0.3,MODERADO,R004,1,0,
119305101,RECHAZADO,55,0.3,MODERADO,R005,1,0,
119414102,RECHAZADO,11,0.3,MODERADO,R004,1,0,
119504102,RECHAZADO,10,0.3,MODERADO,R004,1,0,
119605101,APROBADO,91,0.3,MODERADO,R001|R005|R012,3,1,
119704101,RECHAZADO,0,0.3,MODERADO,R004|R010,2,0,
119808105,RECHAZADO,25,0.3,MODERADO,R001|R004|R009|R010|R012,5,1,
119903101,RECHAZADO,36,0.3,MODERADO,R002|R005|R015,3,1,
120005102,REVISION_MANUAL,71,0.3,MODERADO,R001|R004|R005|R012,4,1,
120101101,RECHAZADO,43,0.3,MODERADO,,0,0,
120205101,APROBADO,86,0.3,MODERADO,R001|R005,2,0,
120304101,APROBADO,83,0.3,MODERADO,R001|R012,2,1,
120414101,RECHAZADO,25,0.3,MODERADO,R004|R005,2,0,
120504101,RECHAZADO,28,0.3,MODERADO,R009,1,0,
120608102,RECHAZADO,35,0.3,MODERADO,R004|R005|R012,3,1,
120703101,RECHAZADO,28,0.3,MODERADO,R004|R005,2,0,
120811102,RECHAZADO,0,0.3,MODERADO,R004|R009,2,0,
120901103,RECHAZADO,28,0.3,MODERADO,,0,0,
121003102,RECHAZADO,41,0.3,MODERADO,R004|R005|R012,3,1,
121120102,RECHAZADO,13,0.3,MODERADO,R004,1,0,
121204102,RECHAZADO,25,0.3,MODERADO,R004|R012,2,1,
121320103,RECHAZADO,24,0.3,MODERADO,R009,1,0,
121419103,RECHAZADO,0,0.3,MODERADO,R002|R010,2,0,
121502103,RECHAZADO,57,0.3,MODERADO,R001|R010,2,0,
121602103,RECHAZADO,38,0.3,MODERADO,,0,0,
121715103,RECHAZADO,40,0.3,MODERADO,,0,0,
121803101,RECHAZADO,44,0.3,MODERADO,R002|R005|R015,3,1,
121915104,RECHAZADO,17,0.3,MODERADO,R010,1,0,
122004101,RECHAZADO,41,0.3,MODERADO,,0,0,
122104102,RECHAZADO,40,0.3,MODERADO,R001|R004,2,0,
122207104,RECHAZADO,0,0.3,MODERADO,R004|R009,2,0,
122319102,REVISION_MANUAL,60,0.3,MODERADO,R001,1,0,
122406102,RECHAZADO,29,0.3,MODERADO,,0,0,
122505102,RECHAZADO,16,0.3,MODERADO,R002,1,0,
122617104,RECHAZADO,23,0.3,MODERADO,R004|R012,2,1,
122720105,RECHAZADO,17,0.3,MODERADO,R010,1,0,
122804101,RECHAZADO,28,0.3,MODERADO,R004|R012,2,1,
122906102,RECHAZADO,9,0.3,MODERADO,R002|R005,2,0,
123001101,RECHAZADO,28,0.3,MODERADO,R004|R005,2,0,
123101101,RECHAZADO,34,0.3,MODERADO,R002|R005|R015,3,1,
123205101,APROBADO,100,0.3,MODERADO,R001|R003|R005,3,0,
123305101,RECHAZADO,41,0.3,MODERADO,,0,0,
123401102,REVISION_MANUAL,75,0.3,MODERADO,R003|R012,2,1,
123501101,RECHAZADO,36,0.3,MODERADO,R002|R005|R015,3,1,
123605104,RECHAZADO,49,0.3,MODERADO,R012,1,1,
123605201,RECHAZADO,40,0.3,MODERADO,,0,0,
123705102,RECHAZADO,11,0.3,MODERADO,R002,1,0,
123802101,REVISION_MANUAL,69,0.3,MODERADO,R001,1,0,
123909101,RECHAZADO,28,0.3,MODERADO,R004|R005,2,0,
124010101,RECHAZADO,55,0.3,MODERADO,R012,1,1,
124111101,REVISION_MANUAL,63,0.3,MODERADO,R001,1,0,
124202102,APROBADO,83,0.3,MODERADO,R001|R012,2,1,
124307104,APROBADO,80,0.3,MODERADO,R001|R012,2,1,
124404104,RECHAZADO,8,0.3,MODERADO,R004|R009|R012,3,1,
124503101,RECHAZADO,38,0.3,MODERADO,,0,0,
124604102,RECHAZADO,39,0.3,MODERADO,R012,1,1,
124720101,RECHAZADO,9,0.3,MODERADO,R002,1,0,
124805102,RECHAZADO,15,0.3,MODERADO,R004,1,0,
124904101,RECHAZADO,28,0.3,MODERADO,R004|R005,2,0,
125016102,RECHAZADO,47,0.3,MODERADO,R005,1,0,
125016201,RECHAZADO,11,0.3,MODERADO,R004,1,0,
125112102,REVISION_MANUAL,71,0.3,MODERADO,R001|R004|R005|R012,4,1,
125205102,RECHAZADO,23,0.3,MODERADO,R004|R012,2,1,
125302102,REVISION_MANUAL,71,0.3,MODERADO,R001,1,0,
125413101,RECHAZADO,54,0.3,MODERADO,R005|R012,2,1,
125507102,RECHAZADO,27,0.3,MODERADO,,0,0,
125601101,RECHAZADO,12,0.3,MODERADO,R004|R005|R010,3,0,
125704102,RECHAZADO,56,0.3,MODERADO,R012,1,1,
125810110,RECHAZADO,39,0.3,MODERADO,R001|R004|R010|R012,4,1,
125903102,APROBADO,97,0.3,MODERADO,R001|R005|R012,3,1,
126002101,REVISION_MANUAL,66,0.3,MODERADO,R001|R004|R005|R012,4,1,
126119103,RECHAZADO,13,0.3,MODERADO,R004,1,0,
126203101,RECHAZADO,22,0.3,MODERADO,R004|R005|R010|R012,4,1,
126303101,RECHAZADO,28,0.3,MODERADO,R004|R005,2,0,
126403101,RECHAZADO,11,0.3,MODERADO,R004,1,0,
126505101,REVISION_MANUAL,79,0.3,MODERADO,R005|R012|R015,3,2,
126604102,REVISION_MANUAL,69,0.3,MODERADO,R001|R012,2,1,
126701101,REVISION_MANUAL,67,0.3,MODERADO,R001|R004|R005|R012,4,1,
126804101,REVISION_MANUAL,76,0.3,MODERADO,R001|R012,2,1,
126902102,APROBADO,98,0.3,MODERADO,R001|R005|R012,3,1,
127007102,RECHAZADO,26,0.3,MODERADO,R004|R005,2,0,
127105102,REVISION_MANUAL,68,0.3,MODERADO,R001,1,0,
127201102,RECHAZADO,43,0.3,MODERADO,,0,0,
127303102,REVISION_MANUAL,75,0.3,MODERADO,R001|R006,2,0,
127418101,REVISION_MANUAL,66,0.3,MODERADO,R005|R012,2,1,
127508102,RECHAZADO,54,0.3,MODERADO,R005,1,0,
127613101,RECHAZADO,41,0.3,MODERADO,,0,0,
127714101,RECHAZADO,13,0.3,MODERADO,R004,1,0,
127804102,APROBADO,84,0.3,MODERADO,R001|R012,2,1,
127914101,RECHAZADO,45,0.3,MODERADO,R005,1,0,
128008101,APROBADO,89,0.3,MODERADO,R001|R012,2,1,
128104101,RECHAZADO,38,0.3,MODERADO,,0,0,
128204102,RECHAZADO,36,0.3,MODERADO,R009|R012,2,1,
128301103,RECHAZADO,52,0.3,MODERADO,R012,1,1,
128418101,APROBADO,89,0.3,MODERADO,R001|R005|R006,3,0,
128507103,RECHAZADO,12,0.3,MODERADO,R002,1,0,
128603102,RECHAZADO,43,0.3,MODERADO,R001|R004,2,0,
128712102,RECHAZADO,12,0.3,MODERADO,R004,1,0,
128812101,RECHAZADO,26,0.3,MODERADO,R004|R005,2,0,
128902101,RECHAZADO,8,0.3,MODERADO,R004,1,0,
129004102,APROBADO,100,0.3,MODERADO,R001|R005|R012|R015,4,2,
129101101,REVISION_MANUAL,60,0.3,MODERADO,R005|R012,2,1,
129205101,REVISION_MANUAL,60,0.3,MODERADO,R001,1,0,
129303101,APROBADO,85,0.3,MODERADO,R001|R012,2,1,
129404102,RECHAZADO,0,0.3,MODERADO,R002|R004,2,0,
129502102,RECHAZADO,50,0.3,MODERADO,R012,1,1,
129618101,RECHAZADO,56,0.3,MODERADO,R001|R004|R005,3,0,
129704102,RECHAZADO,15,0.3,MODERADO,R004,1,0,
129818103,RECHAZADO,24,0.3,MODERADO,R009,1,0,
129912101,RECHAZADO,49,0.3,MODERADO,R012,1,1,
130005101,RECHAZADO,28,0.3,MODERADO,,0,0,
130005201,RECHAZADO,53,0.3,MODERADO,R012,1,1,
130104101,RECHAZADO,58,0.3,MODERADO,R005|R012,2,1,
130203102,RECHAZADO,55,0.3,MODERADO,R012,1,1,
130305101,REVISION_MANUAL,68,0.3,MODERADO,R001,1,0,
130404102,APROBADO,100,0.3,MODERADO,R001|R005|R012,3,1,
130505101,RECHAZADO,59,0.3,MODERADO,R005|R012,2,1,
130603101,RECHAZADO,31,0.3,MODERADO,,0,0,
130719102,RECHAZADO,3,0.3,MODERADO,R002,1,0,
130803101,REVISION_MANUAL,71,0.3,MODERADO,R001|R004|R005|R012,4,1,
130902101,RECHAZADO,56,0.3,MODERADO,R005|R012,2,1,
131012102,REVISION_MANUAL,71,0.3,MODERADO,R001,1,0,
131105102,APROBADO,100,0.3,MODERADO,R001|R003|R012,3,1,
131202101,APROBADO,84,0.3,MODERADO,R001|R012,2,1,
131303102,RECHAZADO,22,0.3,MODERADO,R004|R012,2,1,
131405103,RECHAZADO,8,0.3,MODERADO,R004|R009|R012,3,1,
131502101,APROBADO,100,0.3,MODERADO,R001|R003|R005|R012|R015,5,2,
131602101,REVISION_MANUAL,71,0.3,MODERADO,R001,1,0,
131704105,RECHAZADO,23,0.3,MODERADO,R004|R012,2,1,
131815102,RECHAZADO,21,0.3,MODERADO,R004|R012,2,1,
131903102,APROBADO,98,0.3,MODERADO,R001|R005|R012,3,1,
132005101,APROBADO,86,0.3,MODERADO,R001|R012,2,1,
132116103,RECHAZADO,26,0.3,MODERADO,,0,0,
132208101,REVISION_MANUAL,76,0.3,MODERADO,R001|R005,2,0,
132304102,REVISION_MANUAL,79,0.3,MODERADO,R001|R012,2,1,
132403103,RECHAZADO,40,0.3,MODERADO,,0,0,
132501104,RECHAZADO,25,0.3,MODERADO,R004|R012,2,1,
132602102,REVISION_MANUAL,70,0.3,MODERADO,R001,1,0,
132708101,APROBADO,84,0.3,MODERADO,R001|R012,2,1,
132801101,RECHAZADO,29,0.3,MODERADO,,0,0,
132904102,APROBADO,96,0.3,MODERADO,R001|R005|R012,3,1,
133010102,RECHAZADO,24,0.3,MODERADO,R004|R005,2,0,
133113102,REVISION_MANUAL,67,0.3,MODERADO,R001,1,0,
133218101,RECHAZADO,30,0.3,MODERADO,,0,0,
133302101,REVISION_MANUAL,68,0.3,MODERADO,R001|R004|R005|R012,4,1,
133403102,REVISION_MANUAL,67,0.3,MODERADO,R001,1,0,
133501101,RECHAZADO,55,0.3,MODERADO,R012,1,1,
133621101,RECHAZADO,38,0.3,MODERADO,,0,0,
133716102,RECHAZADO,0,0.3,MODERADO,R004|R010,2,0,
133817101,RECHAZADO,48,0.3,MODERADO,R005,1,0,
133901102,REVISION_MANUAL,73,0.3,MODERADO,R001|R012,2,1,
134006102,RECHAZADO,37,0.3,MODERADO,,0,0,
134110101,RECHAZADO,6,0.3,MODERADO,R002,1,0,
134202102,RECHAZADO,43,0.3,MODERADO,,0,0,
134302102,RECHAZADO,8,0.3,MODERADO,R002,1,0,
134403101,RECHAZADO,56,0.3,MODERADO,R005,1,0,
134502103,APROBADO,84,0.3,MODERADO,R001|R012,2,1,
134602101,RECHAZADO,12,0.3,MODERADO,R004,1,0,
134702104,RECHAZADO,16,0.3,MODERADO,R009,1,0,
134804102,RECHAZADO,25,0.3,MODERADO,R004|R005,2,0,
134902102,RECHAZADO,40,0.3,MODERADO,,0,0,
135004101,APROBADO,100,0.3,MODERADO,R001|R005|R012|R015,4,2,
135105101,RECHAZADO,25,0.3,MODERADO,R010,1,0,
135203101,RECHAZADO,26,0.3,MODERADO,R004|R005,2,0,
135301101,RECHAZADO,28,0.3,MODERADO,R004|R005,2,0,
135407101,RECHAZADO,46,0.3,MODERADO,R005,1,0,
135503102,APROBADO,84,0.3,MODERADO,R001|R005,2,0,
135619102,RECHAZADO,10,0.3,MODERADO,R004,1,0,
135701101,REVISION_MANUAL,73,0.3,MODERADO,R001|R012,2,1,
135803101,REVISION_MANUAL,60,0.3,MODERADO,R001|R004|R005,3,0,
135903101,RECHAZADO,55,0.3,MODERADO,R001|R004|R005,3,0,
136014103,RECHAZADO,41,0.3,MODERADO,,0,0,
136108102,RECHAZADO,17,0.3,MODERADO,R010,1,0,
136204101,APROBADO,85,0.3,MODERADO,R003|R012,2,1,
136305101,RECHAZADO,0,0.3,MODERADO,R002|R004,2,0,
136403102,RECHAZADO,29,0.3,MODERADO,,0,0,
136504101,RECHAZADO,41,0.3,MODERADO,,0,0,
136603103,APROBADO,87,0.3,MODERADO,R001|R012,2,1,
136705101,RECHAZADO,23,0.3,MODERADO,R004|R005,2,0,
136805101,RECHAZADO,28,0.3,MODERADO,R004|R005,2,0,
136902102,APROBADO,84,0.3,MODERADO,R001|R012,2,1,
137011102,RECHAZADO,0,0.3,MODERADO,R002,1,0,
137105101,APROBADO,80,0.3,MODERADO,R005|R012|R015,3,2,
137209103,RECHAZADO,10,0.3,MODERADO,R004,1,0,
137301103,RECHAZADO,13,0.3,MODERADO,R004,1,0,
137401101,RECHAZADO,30,0.3,MODERADO,R004|R005,2,0,
137509101,RECHAZADO,43,0.3,MODERADO,R005,1,0,
137602102,RECHAZADO,30,0.3,MODERADO,,0,0,
137702101,RECHAZADO,38,0.3,MODERADO,R004|R005|R012,3,1,
137804102,RECHAZADO,37,0.3,MODERADO,R001|R004|R009|R012,4,1,
137902103,RECHAZADO,53,0.3,MODERADO,R012,1,1,
138003102,RECHAZADO,52,0.3,MODERADO,R012,1,1,
138117102,RECHAZADO,24,0.3,MODERADO,R004|R012,2,1,
138203101,RECHAZADO,44,0.3,MODERADO,R005,1,0,
138303102,RECHAZADO,0,0.3,MODERADO,R002,1,0,
138403101,APROBADO,100,0.3,MODERADO,R001|R005|R012,3,1,
138501102,RECHAZADO,22,0.3,MODERADO,R004|R012,2,1,
138606103,RECHAZADO,29,0.3,MODERADO,,0,0,
138707101,REVISION_MANUAL,73,0.3,MODERADO,R001|R005,2,0,
138804101,RECHAZADO,9,0.3,MODERADO,R002,1,0,
138911102,RECHAZADO,55,0.3,MODERADO,R001|R004|R012,3,1,
139003101,RECHAZADO,31,0.3,MODERADO,R002|R005|R015,3,1,
139102101,REVISION_MANUAL,68,0.3,MODERADO,R001|R010|R012,3,1,
139205101,RECHAZADO,43,0.3,MODERADO,,0,0,
139301101,REVISION_MANUAL,74,0.3,MODERADO,R005|R012|R015,3,2,
139417102,RECHAZADO,30,0.3,MODERADO,R004|R005,2,0,
139501101,RECHAZADO,28,0.3,MODERADO,R004|R005,2,0,
139501201,RECHAZADO,51,0.3,MODERADO,R012,1,1,
139613102,RECHAZADO,20,0.3,MODERADO,R004|R012,2,1,
139702103,RECHAZADO,40,0.3,MODERADO,,0,0,
139809101,RECHAZADO,12,0.3,MODERADO,R004,1,0,
139903102,RECHAZADO,51,0.3,MODERADO,R012,1,1,
140020101,RECHAZADO,37,0.3,MODERADO,,0,0,
140102101,RECHAZADO,27,0.3,MODERADO,,0,0,
140217101,RECHAZADO,54,0.3,MODERADO,R005|R012,2,1,
140316102,RECHAZADO,43,0.3,MODERADO,R005,1,0,
140404101,RECHAZADO,55,0.3,MODERADO,R012,1,1,
140501101,APROBADO,89,0.3,MODERADO,R001|R005|R012,3,1,
140616101,RECHAZADO,12,0.3,MODERADO,R004|R005|R010,3,0,
140703101,APROBADO,93,0.3,MODERADO,R001|R012,2,1,
140803101,REVISION_MANUAL,71,0.3,MODERADO,R001|R004|R005|R012,4,1,
140920102,APROBADO,88,0.3,MODERADO,R001|R005|R012,3,1,
141005101,APROBADO,82,0.3,MODERADO,R001|R006,2,0,
141104101,RECHAZADO,28,0.3,MODERADO,R004|R005,2,0,
141208101,RECHAZADO,31,0.3,MODERADO,,0,0,
141315101,RECHAZADO,28,0.3,MODERADO,,0,0,
141409103,RECHAZADO,11,0.3,MODERADO,R004|R009|R012,3,1,
141520101,RECHAZADO,31,0.3,MODERADO,,0,0,
141602101,APROBADO,80,0.3,MODERADO,R001|R005|R010|R012,4,1,
141703102,APROBADO,97,0.3,MODERADO,R001|R005|R012,3,1,
141814102,RECHAZADO,43,0.3,MODERADO,R001|R004,2,0,
141916103,RECHAZADO,39,0.3,MODERADO,,0,0,
142001103,RECHAZADO,45,0.3,MODERADO,R012,1,1,
142105101,APROBADO,86,0.3,MODERADO,R001|R005|R012,3,1,
142205101,REVISION_MANUAL,62,0.3,MODERADO,R005|R012,2,1,
142302102,RECHAZADO,50,0.3,MODERADO,R001|R004|R012,3,1,
142402101,RECHAZADO,15,0.3,MODERADO,R004,1,0,
142504101,RECHAZADO,12,0.3,MODERADO,R004,1,0,
142614101,RECHAZADO,31,0.3,MODERADO,,0,0,
142704102,RECHAZADO,27,0.3,MODERADO,R004|R012,2,1,
142815102,RECHAZADO,10,0.3,MODERADO,R004,1,0,
142911101,RECHAZADO,28,0.3,MODERADO,R004|R005,2,0,
143003102,APROBADO,81,0.3,MODERADO,R001|R012,2,1,
143106101,APROBADO,98,0.3,MODERADO,R001|R005|R012,3,1,
143201101,RECHAZADO,52,0.3,MODERADO,R012,1,1,
143316101,RECHAZADO,52,0.3,MODERADO,R012,1,1,
143414102,RECHAZADO,15,0.3,MODERADO,R004,1,0,
143512101,RECHAZADO,0,0.3,MODERADO,R002,1,0,
143605102,APROBADO,87,0.3,MODERADO,R001|R012,2,1,
143704102,RECHAZADO,52,0.3,MODERADO,R012,1,1,
143818103,RECHAZADO,11,0.3,MODERADO,R004,1,0,
143912101,RECHAZADO,39,0.3,MODERADO,R009|R012,2,1,
144003102,RECHAZADO,8,0.3,MODERADO,R002,1,0,
144105105,RECHAZADO,22,0.3,MODERADO,R004|R012,2,1,
144205101,RECHAZADO,30,0.3,MODERADO,,0,0,
144303104,APROBADO,87,0.3,MODERADO,R001|R012,2,1,
144402101,APROBADO,95,0.3,MODERADO,R001|R005|R012,3,1,
144514104,RECHAZADO,53,0.3,MODERADO,R012,1,1,
144605101,REVISION_MANUAL,71,0.3,MODERADO,R001|R004|R005|R012,4,1,
144705102,REVISION_MANUAL,61,0.3,MODERADO,R001,1,0,
144813101,APROBADO,96,0.3,MODERADO,R001|R005|R012,3,1,
144901101,RECHAZADO,26,0.3,MODERADO,R004|R005,2,0,
145012101,RECHAZADO,56,0.3,MODERADO,R005,1,0,
145101101,REVISION_MANUAL,75,0.3,MODERADO,R005|R012|R015,3,2,
145209101,RECHAZADO,54,0.3,MODERADO,R012,1,1,
145319101,RECHAZADO,53,0.3,MODERADO,R005,1,0,
145402101,RECHAZADO,27,0.3,MODERADO,,0,0,
145512102,RECHAZADO,27,0.3,MODERADO,,0,0,
145613101,REVISION_MANUAL,71,0.3,MODERADO,R001,1,0,
145705102,RECHAZADO,0,0.3,MODERADO,R004|R010,2,0,
145803101,APROBADO,83,0.3,MODERADO,R001|R005,2,0,
145904101,RECHAZADO,53,0.3,MODERADO,R012,1,1,
146002101,RECHAZADO,11,0.3,MODERADO,R004,1,0,
146102102,RECHAZADO,25,0.3,MODERADO,R004|R012,2,1,
146212102,RECHAZADO,30,0.3,MODERADO,,0,0,
146305104,RECHAZADO,17,0.3,MODERADO,R002|R006,2,0,
146404102,RECHAZADO,4,0.3,MODERADO,R002,1,0,
146504102,RECHAZADO,57,0.3,MODERADO,R001|R004|R006,3,0,
146603102,APROBADO,86,0.3,MODERADO,R001|R005,2,0,
146715102,RECHAZADO,10,0.3,MODERADO,R004,1,0,
146804102,RECHAZADO,40,0.3,MODERADO,,0,0,
146901102,APROBADO,90,0.3,MODERADO,R001|R005|R012,3,1,
147020102,RECHAZADO,52,0.3,MODERADO,R012,1,1,
147102101,APROBADO,85,0.3,MODERADO,R001|R005|R010|R012,4,1,
147205101,APROBADO,100,0.3,MODERADO,R001|R005|R012|R015,4,2,
147304101,APROBADO,85,0.3,MODERADO,R001|R012,2,1,
147304201,RECHAZADO,53,0.3,MODERADO,R001|R004|R012,3,1,
147402101,RECHAZADO,42,0.3,MODERADO,R005,1,0,
147516101,RECHAZADO,0,0.3,MODERADO,R004|R010,2,0,
147603102,RECHAZADO,29,0.3,MODERADO,,0,0,
147701101,RECHAZADO,57,0.3,MODERADO,R005|R012,2,1,
147802102,RECHAZADO,7,0.3,MODERADO,R002,1,0,
147905102,REVISION_MANUAL,61,0.3,MODERADO,R001,1,0,
148008101,RECHAZADO,46,0.3,MODERADO,R005,1,0,
148101102,RECHAZADO,31,0.3,MODERADO,,0,0,
148201106,REVISION_MANUAL,69,0.3,MODERADO,R001|R010|R012,3,1,
148313101,RECHAZADO,42,0.3,MODERADO,,0,0,
148408101,RECHAZADO,43,0.3,MODERADO,,0,0,
148503101,REVISION_MANUAL,66,0.3,MODERADO,R005|R012,2,1,
148604102,APROBADO,80,0.3,MODERADO,R001|R012,2,1,
148718101,RECHAZADO,39,0.3,MODERADO,,0,0,
148811102,RECHAZADO,54,0.3,MODERADO,R001|R004|R005|R010|R012,5,1,
148903101,APROBADO,98,0.3,MODERADO,R001|R006|R012,3,1,
148903201,APROBADO,84,0.3,MODERADO,R001|R012,2,1,
148903301,RECHAZADO,17,0.3,MODERADO,R002,1,0,
149005102,RECHAZADO,57,0.3,MODERADO,R001|R010,2,0,
149105101,RECHAZADO,13,0.3,MODERADO,R004,1,0,
149202101,RECHAZADO,30,0.3,MODERADO,,0,0,
149314103,RECHAZADO,57,0.3,MODERADO,R001|R010,2,0,
149404101,APROBADO,98,0.3,MODERADO,R001|R005|R012,3,1,
149502101,RECHAZADO,52,0.3,MODERADO,R005|R010|R012,3,1,
149605101,RECHAZADO,59,0.3,MODERADO,R012,1,1,
149701102,RECHAZADO,46,0.3,MODERADO,R005,1,0,
149810102,RECHAZADO,21,0.3,MODERADO,R004|R012,2,1,
149903104,RECHAZADO,22,0.3,MODERADO,R004|R012,2,1,
150002101,RECHAZADO,10,0.3,MODERADO,R004,1,0,
150108101,RECHAZADO,47,0.3,MODERADO,R005,1,0,
150203102,RECHAZADO,10,0.3,MODERADO,R004,1,0,
150305101,RECHAZADO,56,0.3,MODERADO,R005|R012,2,1,
150408101,RECHAZADO,42,0.3,MODERADO,R012,1,1,
150505102,RECHAZADO,23,0.3,MODERADO,R004|R012,2,1,
150614102,RECHAZADO,25,0.3,MODERADO,R004|R005,2,0,
150707101,APROBADO,86,0.3,MODERADO,R001|R005,2,0,
150804101,RECHAZADO,32,0.3,MODERADO,,0,0,
150908101,RECHAZADO,13,0.3,MODERADO,R004,1,0,
151005101,RECHAZADO,43,0.3,MODERADO,,0,0,
151116101,RECHAZADO,45,0.3,MODERADO,R005,1,0,
151202102,RECHAZADO,14,0.3,MODERADO,R004,1,0,
151302102,RECHAZADO,55,0.3,MODERADO,R012,1,1,
151401102,RECHAZADO,59,0.3,MODERADO,R001,1,0,
151520103,RECHAZADO,26,0.3,MODERADO,R009,1,0,
151601102,APROBADO,98,0.3,MODERADO,R001|R005|R012,3,1,
151705102,APROBADO,96,0.3,MODERADO,R001|R003,2,0,
151804103,REVISION_MANUAL,66,0.3,MODERADO,R001,1,0,
151912101,RECHAZADO,45,0.3,MODERADO,R005,1,0,
152007101,APROBADO,100,0.3,MODERADO,R001|R003|R012,3,1,
152115101,RECHAZADO,29,0.3,MODERADO,R002|R003,2,0,
152202101,RECHAZADO,54,0.3,MODERADO,R012,1,1,
152319101,RECHAZADO,53,0.3,MODERADO,R005,1,0,
152417102,RECHAZADO,30,0.3,MODERADO,R002|R005,2,0,
152501106,RECHAZADO,47,0.3,MODERADO,R012,1,1,
152604102,RECHAZADO,12,0.3,MODERADO,R004,1,0,
152703101,RECHAZADO,31,0.3,MODERADO,R002|R005,2,0,
152811103,RECHAZADO,16,0.3,MODERADO,R009,1,0,
152905101,RECHAZADO,38,0.3,MODERADO,R004|R005|R012,3,1,
153018103,RECHAZADO,0,0.3,MODERADO,R004|R010,2,0,
153102101,RECHAZADO,13,0.3,MODERADO,R004,1,0,
153202105,RECHAZADO,43,0.3,MODERADO,,0,0,
153307101,RECHAZADO,43,0.3,MODERADO,R005,1,0,
153411102,RECHAZADO,44,0.3,MODERADO,R005,1,0,
153504102,RECHAZADO,54,0.3,MODERADO,R005|R012,2,1,
153615101,RECHAZADO,31,0.3,MODERADO,,0,0,
153701101,RECHAZADO,32,0.3,MODERADO,,0,0,
153804101,RECHAZADO,47,0.3,MODERADO,R012,1,1,
153901101,APROBADO,98,0.3,MODERADO,R001|R005|R012,3,1,
154018102,RECHAZADO,0,0.3,MODERADO,R002|R004,2,0,
154101103,RECHAZADO,7,0.3,MODERADO,R004|R009|R012,3,1,
154201101,APROBADO,97,0.3,MODERADO,R003|R005|R012|R015,4,2,
154301101,RECHAZADO,41,0.3,MODERADO,,0,0,
154301203,RECHAZADO,36,0.3,MODERADO,,0,0,
154407101,RECHAZADO,45,0.3,MODERADO,R005,1,0,
154505101,RECHAZADO,48,0.3,MODERADO,R005,1,0,
154601102,APROBADO,82,0.3,MODERADO,R001|R012,2,1,
154701101,RECHAZADO,41,0.3,MODERADO,,0,0,
154803102,RECHAZADO,29,0.3,MODERADO,R001|R004|R010,3,0,
154905102,RECHAZADO,39,0.3,MODERADO,,0,0,
155005101,APROBADO,100,0.3,MODERADO,R001|R005|R012,3,1,
155106101,RECHAZADO,44,0.3,MODERADO,R005,1,0,
155202101,RECHAZADO,12,0.3,MODERADO,R004,1,0,
155310102,RECHAZADO,12,0.3,MODERADO,R004,1,0,
155407102,RECHAZADO,0,0.3,MODERADO,R004|R009,2,0,
155505101,RECHAZADO,55,0.3,MODERADO,R005,1,0,
155601101,APROBADO,88,0.3,MODERADO,R001|R012,2,1,
155705101,APROBADO,93,0.3,MODERADO,R001|R005|R012,3,1,
155819101,RECHAZADO,56,0.3,MODERADO,R001|R004|R012,3,1,
155906101,RECHAZADO,28,0.3,MODERADO,R004|R005,2,0,
156007102,RECHAZADO,27,0.3,MODERADO,,0,0,
156104101,REVISION_MANUAL,64,0.3,MODERADO,R005|R012,2,1,
156203101,RECHAZADO,41,0.3,MODERADO,,0,0,
156303104,RECHAZADO,9,0.3,MODERADO,R004,1,0,
156420101,RECHAZADO,25,0.3,MODERADO,R004|R012,2,1,
156505101,RECHAZADO,28,0.3,MODERADO,R004|R005,2,0,
156601101,APROBADO,100,0.3,MODERADO,R001|R005|R012,3,1,
156702101,REVISION_MANUAL,73,0.3,MODERADO,R001|R005|R010|R012,4,1,
156807101,RECHAZADO,41,0.3,MODERADO,,0,0,
156904102,APROBADO,87,0.3,MODERADO,R001|R012,2,1,
157004101,RECHAZADO,37,0.3,MODERADO,R004|R005|R012,3,1,
157101101,REVISION_MANUAL,69,0.3,MODERADO,R005|R012,2,1,
157204102,RECHAZADO,12,0.3,MODERADO,R004,1,0,
157302104,APROBADO,90,0.3,MODERADO,R001|R012,2,1,
157405104,RECHAZADO,0,0.3,MODERADO,R002,1,0,
157503102,RECHAZADO,0,0.3,MODERADO,R002|R004|R005,3,0,
157617102,REVISION_MANUAL,68,0.3,MODERADO,R001,1,0,
157701102,RECHAZADO,1,0.3,MODERADO,R002,1,0,
157810101,RECHAZADO,39,0.3,MODERADO,,0,0,
157901101,REVISION_MANUAL,79,0.3,MODERADO,R005|R012|R015,3,2,
158003104,REVISION_MANUAL,67,0.3,MODERADO,R001|R010|R012,3,1,
158102101,RECHAZADO,45,0.3,MODERADO,R005,1,0,
158201104,REVISION_MANUAL,67,0.3,MODERADO,R001,1,0,
158305101,RECHAZADO,56,0.3,MODERADO,R005|R012,2,1,
158403102,APROBADO,85,0.3,MODERADO,R001|R012,2,1,
158504101,REVISION_MANUAL,68,0.3,MODERADO,R001|R004|R005|R012,4,1,
158602102,RECHAZADO,49,0.3,MODERADO,R012,1,1,
158705101,RECHAZADO,52,0.3,MODERADO,R001|R004|R012,3,1,
158801101,RECHAZADO,32,0.3,MODERADO,R002|R005,2,0,
158902102,RECHAZADO,52,0.3,MODERADO,R012,1,1,
159009101,RECHAZADO,30,0.3,MODERADO,R002|R005|R015,3,1,
159103101,RECHAZADO,42,0.3,MODERADO,R012,1,1,
159203103,RECHAZADO,12,0.3,MODERADO,R004,1,0,
159304102,REVISION_MANUAL,72,0.3,MODERADO,R001|R005|R010,3,0,
159403101,RECHAZADO,57,0.3,MODERADO,R001,1,0,
159502104,RECHAZADO,59,0.3,MODERADO,R001|R009|R012,3,1,
159604101,RECHAZADO,8,0.3,MODERADO,R002,1,0,
159714101,RECHAZADO,30,0.3,MODERADO,,0,0,
159803102,APROBADO,97,0.3,MODERADO,R001|R005|R012,3,1,
159906101,RECHAZADO,40,0.3,MODERADO,R012,1,1,
160007102,RECHAZADO,50,0.3,MODERADO,R012,1,1,
160119101,RECHAZADO,13,0.3,MODERADO,R004,1,0,
160214101,RECHAZADO,39,0.3,MODERADO,,0,0,
160301103,RECHAZADO,17,0.3,MODERADO,R010,1,0,
160403102,APROBADO,100,0.3,MODERADO,R001|R005|R012|R015,4,2,
160503102,APROBADO,98,0.3,MODERADO,R001|R005|R012,3,1,
160607103,APROBADO,98,0.3,MODERADO,R001|R005|R012,3,1,
160707101,RECHAZADO,44,0.3,MODERADO,R005,1,0,
160803102,REVISION_MANUAL,71,0.3,MODERADO,R001|R012,2,1,
160904101,RECHAZADO,7,0.3,MODERADO,R002,1,0,
161010104,RECHAZADO,24,0.3,MODERADO,R009,1,0,
161120101,REVISION_MANUAL,74,0.3,MODERADO,R001|R005,2,0,
161202101,RECHAZADO,6,0.3,MODERADO,R002,1,0,
161311101,RECHAZADO,55,0.3,MODERADO,R005|R012,2,1,
161410102,RECHAZADO,20,0.3,MODERADO,R002|R005,2,0,
161503101,APROBADO,88,0.3,MODERADO,R001|R012,2,1,
161604101,RECHAZADO,7,0.3,MODERADO,R002|R005|R010,3,0,
161710101,RECHAZADO,46,0.3,MODERADO,R009|R012,2,1,
161801101,APROBADO,100,0.3,MODERADO,R001|R005|R012|R015,4,2,
161801201,RECHAZADO,51,0.3,MODERADO,R012,1,1,
161901102,RECHAZADO,32,0.3,MODERADO,,0,0,
162005101,RECHAZADO,25,0.3,MODERADO,R004|R005,2,0,
162104101,REVISION_MANUAL,70,0.3,MODERADO,R001|R004|R005|R012,4,1,
162203104,RECHAZADO,41,0.3,MODERADO,,0,0,
162311101,RECHAZADO,59,0.3,MODERADO,R005|R012,2,1,
162413102,RECHAZADO,8,0.3,MODERADO,R004,1,0,
162503101,RECHAZADO,23,0.3,MODERADO,R002|R005,2,0,
162604102,RECHAZADO,24,0.3,MODERADO,R004|R012,2,1,
162703101,APROBADO,100,0.3,MODERADO,R001|R005|R012|R015,4,2,
162803101,RECHAZADO,11,0.3,MODERADO,R002|R005,2,0,
162909101,RECHAZADO,13,0.3,MODERADO,R004,1,0,
163003101,APROBADO,100,0.3,MODERADO,R001|R005|R012,3,1,
163119101,APROBADO,99,0.3,MODERADO,R001|R005|R012,3,1,
163205101,RECHAZADO,55,0.3,MODERADO,R012,1,1,
163313102,RECHAZADO,30,0.3,MODERADO,R004|R005,2,0,
163404101,APROBADO,100,0.3,MODERADO,R001|R005|R012|R015,4,2,
163404201,RECHAZADO,58,0.3,MODERADO,R012,1,1,
163508102,RECHAZADO,44,0.3,MODERADO,R005,1,0,
163602102,RECHAZADO,44,0.3,MODERADO,R005,1,0,
163705101,APROBADO,84,0.3,MODERADO,R001|R005,2,0,
163804103,RECHAZADO,24,0.3,MODERADO,R004|R012,2,1,
163903101,RECHAZADO,49,0.3,MODERADO,R012,1,1,
164004101,RECHAZADO,43,0.3,MODERADO,R004|R005|R012,3,1,
164101101,RECHAZADO,59,0.3,MODERADO,R012,1,1,
164204102,APROBADO,84,0.3,MODERADO,R003|R005|R012,3,1,
164315101,RECHAZADO,52,0.3,MODERADO,R001|R004|R012,3,1,
164411101,APROBADO,86,0.3,MODERADO,R001|R005|R006,3,0,
164512101,REVISION_MANUAL,71,0.3,MODERADO,R001,1,0,
164603102,RECHAZADO,13,0.3,MODERADO,R004,1,0,
164717102,APROBADO,93,0.3,MODERADO,R001|R012,2,1,
164802101,RECHAZADO,29,0.3,MODERADO,R001|R004|R010,3,0,
164902102,RECHAZADO,57,0.3,MODERADO,R001|R004|R012,3,1,
165001101,RECHAZADO,27,0.3,MODERADO,R002,1,0,
165103101,REVISION_MANUAL,64,0.3,MODERADO,R005|R015,2,1,
165202101,APROBADO,92,0.3,MODERADO,R001|R012,2,1,
165305101,RECHAZADO,13,0.3,MODERADO,R002|R005,2,0,
165411101,RECHAZADO,37,0.3,MODERADO,R004|R005|R012,3,1,
165504102,RECHAZADO,43,0.3,MODERADO,,0,0,
165607101,RECHAZADO,38,0.3,MODERADO,,0,0,
165704101,APROBADO,88,0.3,MODERADO,R001|R012,2,1,
165809101,REVISION_MANUAL,64,0.3,MODERADO,R005|R015,2,1,
165904102,RECHAZADO,45,0.3,MODERADO,R005,1,0,
166005102,RECHAZADO,41,0.3,MODERADO,,0,0,
166102101,RECHAZADO,57,0.3,MODERADO,R005|R012,2,1,
166204101,RECHAZADO,40,0.3,MODERADO,,0,0,
166314101,RECHAZADO,47,0.3,MODERADO,R005,1,0,
166404101,RECHAZADO,57,0.3,MODERADO,R001|R004|R006,3,0,
166503104,RECHAZADO,11,0.3,MODERADO,R004,1,0,
166604103,RECHAZADO,0,0.3,MODERADO,R004|R009|R010|R012,4,1,
166704101,APROBADO,100,0.3,MODERADO,R001|R005|R012|R015,4,2,
166801102,RECHAZADO,13,0.3,MODERADO,R004,1,0,
166915101,RECHAZADO,45,0.3,MODERADO,R005,1,0,
167004103,RECHAZADO,12,0.3,MODERADO,R004,1,0,
167101101,RECHAZADO,25,0.3,MODERADO,R004|R005,2,0,
167205101,RECHAZADO,19,0.3,MODERADO,R004|R012,2,1,
167305101,APROBADO,98,0.3,MODERADO,R001|R005|R012,3,1,
167413101,RECHAZADO,54,0.3,MODERADO,R001|R004|R012,3,1,
167502101,RECHAZADO,13,0.3,MODERADO,R002,1,0,
167604101,RECHAZADO,26,0.3,MODERADO,R004|R012,2,1,
167702101,RECHAZADO,38,0.3,MODERADO,R004|R005|R012,3,1,
167811103,RECHAZADO,9,0.3,MODERADO,R004|R010|R012,3,1,
167911103,RECHAZADO,50,0.3,MODERADO,R012,1,1,
168004102,RECHAZADO,8,0.3,MODERADO,R002,1,0,
168104102,RECHAZADO,57,0.3,MODERADO,R012,1,1,
168202102,APROBADO,87,0.3,MODERADO,R001|R012,2,1,
168303101,RECHAZADO,41,0.3,MODERADO,R012,1,1,
168405104,RECHAZADO,49,0.3,MODERADO,R012,1,1,
168516101,APROBADO,85,0.3,MODERADO,R003|R005|R012,3,1,
168615102,RECHAZADO,12,0.3,MODERADO,R004,1,0,
168704101,RECHAZADO,0,0.3,MODERADO,R002,1,0,
168804101,APROBADO,96,0.3,MODERADO,R001|R005|R015,3,1,
168905103,RECHAZADO,51,0.3,MODERADO,R012,1,1,
169003102,RECHAZADO,27,0.3,MODERADO,R010,1,0,
169112101,RECHAZADO,47,0.3,MODERADO,R005,1,0,
169204101,RECHAZADO,15,0.3,MODERADO,R004,1,0,
169301101,RECHAZADO,45,0.3,MODERADO,R012,1,1,
169402101,RECHAZADO,41,0.3,MODERADO,R012,1,1,
169511102,RECHAZADO,0,0.3,MODERADO,R002,1,0,
169604102,RECHAZADO,28,0.3,MODERADO,R004|R005,2,0,
169717102,RECHAZADO,28,0.3,MODERADO,,0,0,
169802101,RECHAZADO,23,0.3,MODERADO,R004|R012,2,1,
169919102,RECHAZADO,28,0.3,MODERADO,R004|R005,2,0,
170005102,RECHAZADO,27,0.3,MODERADO,,0,0,
170102103,APROBADO,84,0.3,MODERADO,R001|R012,2,1,
170204101,REVISION_MANUAL,61,0.3,MODERADO,R003,1,0,
170305102,RECHAZADO,46,0.3,MODERADO,R005,1,0,
170401101,RECHAZADO,32,0.3,MODERADO,,0,0,
170504101,RECHAZADO,13,0.3,MODERADO,R004,1,0,
170603102,RECHAZADO,22,0.3,MODERADO,R002|R005,2,0,
170704103,RECHAZADO,35,0.3,MODERADO,R009|R012,2,1,
170816101,APROBADO,85,0.3,MODERADO,R001|R012,2,1,
170918101,RECHAZADO,6,0.3,MODERADO,R002|R004|R005|R006,4,0,
171010102,RECHAZADO,38,0.3,MODERADO,,0,0,
171104101,RECHAZADO,21,0.3,MODERADO,R002|R005,2,0,
171213103,RECHAZADO,0,0.3,MODERADO,R002|R009,2,0,
171305101,RECHAZADO,28,0.3,MODERADO,,0,0,
171405102,RECHAZADO,58,0.3,MODERADO,R005,1,0,
171511102,RECHAZADO,23,0.3,MODERADO,R004|R005,2,0,
171605102,RECHAZADO,53,0.3,MODERADO,R012,1,1,
171703101,RECHAZADO,12,0.3,MODERADO,R004,1,0,
171804103,RECHAZADO,24,0.3,MODERADO,R009|R010|R012,3,1,
171910103,RECHAZADO,41,0.3,MODERADO,,0,0,
172002102,REVISION_MANUAL,62,0.3,MODERADO,R012,1,1,
172114101,RECHAZADO,57,0.3,MODERADO,R005|R012,2,1,
172207101,RECHAZADO,46,0.3,MODERADO,R005,1,0,
172302101,APROBADO,80,0.3,MODERADO,R001|R012,2,1,
172411104,REVISION_MANUAL,66,0.3,MODERADO,R001|R009|R012,3,1,
172513101,RECHAZADO,28,0.3,MODERADO,,0,0,
172616102,RECHAZADO,28,0.3,MODERADO,,0,0,
172701102,RECHAZADO,42,0.3,MODERADO,,0,0,
172804101,APROBADO,82,0.3,MODERADO,R001|R012,2,1,
172908101,APROBADO,83,0.3,MODERADO,R001|R012,2,1,
173001101,RECHAZADO,43,0.3,MODERADO,,0,0,
173101102,RECHAZADO,25,0.3,MODERADO,,0,0,
173220101,RECHAZADO,56,0.3,MODERADO,R005,1,0,
173304104,RECHAZADO,25,0.3,MODERADO,R010,1,0,
173417101,RECHAZADO,58,0.3,MODERADO,R001,1,0,
173502101,APROBADO,99,0.3,MODERADO,R001|R012,2,1,
173601102,RECHAZADO,9,0.3,MODERADO,R002|R006,2,0,
173718102,RECHAZADO,3,0.3,MODERADO,R002,1,0,
173804102,APROBADO,88,0.3,MODERADO,R001|R012,2,1,
173901101,RECHAZADO,45,0.3,MODERADO,R005,1,0,
174020102,RECHAZADO,37,0.3,MODERADO,R004|R005|R012,3,1,
174105101,RECHAZADO,28,0.3,MODERADO,,0,0,
174205102,RECHAZADO,27,0.3,MODERADO,R004|R012,2,1,
174305103,RECHAZADO,30,0.3,MODERADO,,0,0,
174405101,RECHAZADO,39,0.3,MODERADO,R002|R005,2,0,
174505102,RECHAZADO,42,0.3,MODERADO,R004|R005|R012,3,1,
174604101,RECHAZADO,12,0.3,MODERADO,R002|R005,2,0,
174704101,RECHAZADO,28,0.3,MODERADO,R004|R005,2,0,
174802102,RECHAZADO,52,0.3,MODERADO,R012,1,1,
174913104,RECHAZADO,38,0.3,MODERADO,,0,0,
175002104,RECHAZADO,25,0.3,MODERADO,R010,1,0,
175102102,REVISION_MANUAL,71,0.3,MODERADO,R001|R004|R005|R012,4,1,
175213101,RECHAZADO,42,0.3,MODERADO,R004|R005|R012,3,1,
175307101,RECHAZADO,52,0.3,MODERADO,R005,1,0,
175405101,APROBADO,83,0.3,MODERADO,R001|R012,2,1,
175507101,APROBADO,100,0.3,MODERADO,R001|R003|R005|R012,4,1,
175614101,RECHAZADO,45,0.3,MODERADO,R005,1,0,
175704102,RECHAZADO,39,0.3,MODERADO,,0,0,
175803101,REVISION_MANUAL,68,0.3,MODERADO,R001|R004|R005|R012,4,1,
175902101,APROBADO,81,0.3,MODERADO,R005|R012|R015,3,2,
176004102,RECHAZADO,55,0.3,MODERADO,R012,1,1,
176101101,APROBADO,87,0.3,MODERADO,R003|R005|R012,3,1,
176205103,RECHAZADO,27,0.3,MODERADO,R010,1,0,
176310102,RECHAZADO,30,0.3,MODERADO,,0,0,
176417102,RECHAZADO,27,0.3,MODERADO,R004|R005,2,0,
176510101,RECHAZADO,44,0.3,MODERADO,R005,1,0,
176604101,REVISION_MANUAL,73,0.3,MODERADO,R001,1,0,
176703101,RECHAZADO,53,0.3,MODERADO,R012,1,1,
176801102,RECHAZADO,31,0.3,MODERADO,,0,0,
176904101,APROBADO,95,0.3,MODERADO,R001|R005|R012,3,1,
177002103,REVISION_MANUAL,71,0.3,MODERADO,R001|R012,2,1,
177115102,RECHAZADO,13,0.3,MODERADO,R004,1,0,
177205101,REVISION_MANUAL,67,0.3,MODERADO,R005|R012,2,1,
177303101,REVISION_MANUAL,73,0.3,MODERADO,R001,1,0,
177405101,RECHAZADO,29,0.3,MODERADO,,0,0,
177501101,RECHAZADO,27,0.3,MODERADO,R004|R005,2,0,
177605101,RECHAZADO,19,0.3,MODERADO,R004|R012,2,1,
177703101,APROBADO,85,0.3,MODERADO,R001|R012,2,1,
177803102,RECHAZADO,43,0.3,MODERADO,R004|R005|R012,3,1,
177902102,RECHAZADO,21,0.3,MODERADO,R002,1,0,
178002102,REVISION_MANUAL,65,0.3,MODERADO,R005|R012,2,1,
178105101,RECHAZADO,28,0.3,MODERADO,R004|R005,2,0,
178203101,APROBADO,100,0.3,MODERADO,R001|R005|R012|R015,4,2,
178312101,RECHAZADO,55,0.3,MODERADO,R005,1,0,
178404103,RECHAZADO,11,0.3,MODERADO,R004,1,0,
178510101,APROBADO,97,0.3,MODERADO,R001|R005|R012,3,1,
178601103,APROBADO,81,0.3,MODERADO,R001|R012,2,1,
178702104,RECHAZADO,25,0.3,MODERADO,R009,1,0,
178805101,RECHAZADO,52,0.3,MODERADO,R012,1,1,
178909102,RECHAZADO,29,0.3,MODERADO,,0,0,
179001101,RECHAZADO,8,0.3,MODERADO,R002|R005,2,0,
179105101,RECHAZADO,26,0.3,MODERADO,R004|R005,2,0,
179204106,RECHAZADO,55,0.3,MODERADO,R005|R010|R012,3,1,
179303102,RECHAZADO,54,0.3,MODERADO,R001|R004|R006,3,0,
179401101,RECHAZADO,37,0.3,MODERADO,,0,0,
179517102,RECHAZADO,29,0.3,MODERADO,,0,0,
179616103,RECHAZADO,31,0.3,MODERADO,,0,0,
179719101,RECHAZADO,8,0.3,MODERADO,R004,1,0,
179818103,RECHAZADO,43,0.3,MODERADO,R001|R004,2,0,
179905102,RECHAZADO,40,0.3,MODERADO,,0,0,
180001101,REVISION_MANUAL,74,0.3,MODERADO,R001|R012,2,1,
180105101,REVISION_MANUAL,79,0.3,MODERADO,R005|R012|R015,3,2,
180202101,RECHAZADO,57,0.3,MODERADO,R012,1,1,
180304101,APROBADO,82,0.3,MODERADO,R001|R005|R010|R012,4,1,
180402102,RECHAZADO,12,0.3,MODERADO,R004,1,0,
180505101,RECHAZADO,44,0.3,MODERADO,R005,1,0,
180605102,RECHAZADO,8,0.3,MODERADO,R004,1,0,
180705101,REVISION_MANUAL,70,0.3,MODERADO,R001|R012,2,1,
180801101,APROBADO,96,0.3,MODERADO,R001|R005|R012,3,1,
180902101,RECHAZADO,13,0.3,MODERADO,R004,1,0,
181006102,RECHAZADO,43,0.3,MODERADO,R012,1,1,
181101101,APROBADO,94,0.3,MODERADO,R001|R005|R012,3,1,
181214102,RECHAZADO,24,0.3,MODERADO,R004|R012,2,1,
181303105,APROBADO,82,0.3,MODERADO,R001|R012,2,1,
181402101,RECHAZADO,23,0.3,MODERADO,R004|R005,2,0,
181519103,RECHAZADO,42,0.3,MODERADO,R001|R004,2,0,
181602101,APROBADO,100,0.3,MODERADO,R001|R003|R005|R012,4,1,
181710102,RECHAZADO,30,0.3,MODERADO,,0,0,
181801101,APROBADO,97,0.3,MODERADO,R001|R005|R012,3,1,
181902101,RECHAZADO,45,0.3,MODERADO,R005,1,0,
182017102,RECHAZADO,8,0.3,MODERADO,R002,1,0,
182101101,RECHAZADO,0,0.3,MODERADO,R002,1,0,
182203101,APROBADO,87,0.3,MODERADO,R001|R012,2,1,
182305101,APROBADO,100,0.3,MODERADO,R001|R003|R005|R010|R012,5,1,
182402102,RECHAZADO,22,0.3,MODERADO,R004|R012,2,1,
182512101,RECHAZADO,52,0.3,MODERADO,R005|R010|R012,3,1,
182604103,RECHAZADO,11,0.3,MODERADO,R004|R009|R012,3,1,
182711101,RECHAZADO,55,0.3,MODERADO,R012,1,1,
182803101,APROBADO,95,0.3,MODERADO,R001|R012,2,1,
182903102,APROBADO,89,0.3,MODERADO,R001|R006|R012,3,1,
183005103,RECHAZADO,40,0.3,MODERADO,,0,0,
183105102,RECHAZADO,43,0.3,MODERADO,,0,0,
183205103,RECHAZADO,57,0.3,MODERADO,R005|R012,2,1,
183305102,RECHAZADO,0,0.3,MODERADO,R004|R010,2,0,
183405101,RECHAZADO,30,0.3,MODERADO,,0,0,
183501101,RECHAZADO,26,0.3,MODERADO,R004|R005,2,0,
183604103,RECHAZADO,37,0.3,MODERADO,R010|R012,2,1,
183702102,RECHAZADO,23,0.3,MODERADO,R004|R012,2,1,
183816102,RECHAZADO,57,0.3,MODERADO,R005|R012,2,1,
183905101,REVISION_MANUAL,60,0.3,MODERADO,R001,1,0,
184010101,REVISION_MANUAL,76,0.3,MODERADO,R005|R012|R015,3,2,
184108102,RECHAZADO,28,0.3,MODERADO,,0,0,
184202101,APROBADO,100,0.3,MODERADO,R001|R005|R012,3,1,
184301103,RECHAZADO,0,0.3,MODERADO,R004|R010,2,0,
184405103,APROBADO,89,0.3,MODERADO,R001|R012,2,1,
184505101,REVISION_MANUAL,64,0.3,MODERADO,R005|R012,2,1,
184603101,APROBADO,86,0.3,MODERADO,R001|R012,2,1,
184706101,RECHAZADO,40,0.3,MODERADO,R004|R005|R012,3,1,
184803102,APROBADO,95,0.3,MODERADO,R001|R012,2,1,
184904101,REVISION_MANUAL,70,0.3,MODERADO,R001,1,0,
185002101,REVISION_MANUAL,62,0.3,MODERADO,R012,1,1,
185107101,REVISION_MANUAL,73,0.3,MODERADO,R001|R004|R005|R012,4,1,
185202101,RECHAZADO,13,0.3,MODERADO,R004,1,0,
185310102,RECHAZADO,31,0.3,MODERADO,,0,0,
185409104,RECHAZADO,10,0.3,MODERADO,R004,1,0,
185505101,RECHAZADO,19,0.3,MODERADO,R002|R005,2,0,
185603102,REVISION_MANUAL,71,0.3,MODERADO,R001,1,0,
185704102,RECHAZADO,27,0.3,MODERADO,R010|R012,2,1,
185803103,RECHAZADO,26,0.3,MODERADO,R009,1,0,
185917101,REVISION_MANUAL,63,0.3,MODERADO,R001,1,0,
186018101,RECHAZADO,29,0.3,MODERADO,,0,0,
186106101,APROBADO,91,0.3,MODERADO,R001|R005|R010|R012,4,1,
186215101,RECHAZADO,11,0.3,MODERADO,R004,1,0,
186302101,RECHAZADO,23,0.3,MODERADO,R004|R012,2,1,
186415101,RECHAZADO,26,0.3,MODERADO,R004|R005,2,0,
186502101,APROBADO,91,0.3,MODERADO,R001|R012,2,1,
186617101,RECHAZADO,51,0.3,MODERADO,R012,1,1,
186704101,RECHAZADO,8,0.3,MODERADO,R002|R005|R010,3,0,
186802101,RECHAZADO,48,0.3,MODERADO,R005,1,0,
186913101,REVISION_MANUAL,75,0.3,MODERADO,R001|R005,2,0,
187002102,REVISION_MANUAL,71,0.3,MODERADO,R001|R010|R012,3,1,
187105102,REVISION_MANUAL,72,0.3,MODERADO,R012,1,1,
187204101,RECHAZADO,0,0.3,MODERADO,R002,1,0,
187305101,RECHAZADO,43,0.3,MODERADO,,0,0,
187408101,APROBADO,85,0.3,MODERADO,R001|R012,2,1,
187502101,RECHAZADO,51,0.3,MODERADO,R012,1,1,
187601102,RECHAZADO,41,0.3,MODERADO,R001|R004,2,0,
187701101,APROBADO,100,0.3,MODERADO,R001|R005|R012|R015,4,2,
187804101,RECHAZADO,15,0.3,MODERADO,R010,1,0,
187903101,APROBADO,84,0.3,MODERADO,R001|R005,2,0,
188003102,APROBADO,97,0.3,MODERADO,R001|R005|R012,3,1,
188101102,REVISION_MANUAL,70,0.3,MODERADO,R001,1,0,
188204105,RECHAZADO,0,0.3,MODERADO,R002|R004|R010,3,0,
188304101,RECHAZADO,53,0.3,MODERADO,R012,1,1,
188404105,RECHAZADO,10,0.3,MODERADO,R004|R009|R012,3,1,
188508102,APROBADO,84,0.3,MODERADO,R001|R005,2,0,
188602104,APROBADO,89,0.3,MODERADO,R001|R012,2,1,
188714103,RECHAZADO,4,0.3,MODERADO,R002,1,0,
188804101,RECHAZADO,36,0.3,MODERADO,R002|R005|R015,3,1,
188904102,RECHAZADO,27,0.3,MODERADO,R004|R005,2,0,
189014105,RECHAZADO,9,0.3,MODERADO,R004,1,0,
189115103,REVISION_MANUAL,79,0.3,MODERADO,R001|R012,2,1,
189218102,RECHAZADO,55,0.3,MODERADO,R001|R004|R005,3,0,
189302104,RECHAZADO,10,0.3,MODERADO,R004|R009|R012,3,1,
189410103,RECHAZADO,49,0.3,MODERADO,R012,1,1,
189501102,RECHAZADO,59,0.3,MODERADO,R001,1,0,
189610101,RECHAZADO,10,0.3,MODERADO,R004,1,0,
189715101,REVISION_MANUAL,60,0.3,MODERADO,R001,1,0,
189805101,RECHAZADO,11,0.3,MODERADO,R004,1,0,
189904102,RECHAZADO,22,0.3,MODERADO,R004|R012,2,1,
190016102,RECHAZADO,52,0.3,MODERADO,R001|R004|R012,3,1,
190105101,RECHAZADO,57,0.3,MODERADO,R012,1,1,
190205102,RECHAZADO,20,0.3,MODERADO,R004|R012,2,1,
190303101,RECHAZADO,13,0.3,MODERADO,R004,1,0,
190404101,REVISION_MANUAL,71,0.3,MODERADO,R001|R010|R012,3,1,
190505102,RECHAZADO,38,0.3,MODERADO,,0,0,
190605101,RECHAZADO,41,0.3,MODERADO,,0,0,
190718104,RECHAZADO,42,0.3,MODERADO,R005,1,0,
190803101,RECHAZADO,56,0.3,MODERADO,R001|R004|R012,3,1,
190903102,RECHAZADO,40,0.3,MODERADO,,0,0,
191001101,RECHAZADO,47,0.3,MODERADO,R005,1,0,
191103101,RECHAZADO,9,0.3,MODERADO,R002,1,0,
191205101,APROBADO,100,0.3,MODERADO,R001|R005|R012,3,1,
191303101,RECHAZADO,6,0.3,MODERADO,R002,1,0,
191402101,APROBADO,100,0.3,MODERADO,R001|R005|R012|R015,4,2,
191501102,RECHAZADO,9,0.3,MODERADO,R002|R005,2,0,
191608101,RECHAZADO,15,0.3,MODERADO,R004,1,0,
191705101,RECHAZADO,28,0.3,MODERADO,R004|R005,2,0,
191805103,RECHAZADO,16,0.3,MODERADO,R009,1,0,
191903101,REVISION_MANUAL,65,0.3,MODERADO,R012,1,1,
192004102,RECHAZADO,38,0.3,MODERADO,R004|R005|R012,3,1,
192104104,RECHAZADO,53,0.3,MODERADO,R005,1,0,
192202102,RECHAZADO,0,0.3,MODERADO,R002|R004,2,0,
192304102,REVISION_MANUAL,69,0.3,MODERADO,R001|R004|R005|R012,4,1,
192401101,RECHAZADO,41,0.3,MODERADO,R001|R004|R006|R010,4,0,
192520101,RECHAZADO,28,0.3,MODERADO,R004|R005,2,0,
192601104,REVISION_MANUAL,70,0.3,MODERADO,R001,1,0,
192701101,RECHAZADO,0,0.3,MODERADO,R002|R004|R005,3,0,
192805105,RECHAZADO,22,0.3,MODERADO,R004|R012,2,1,
192906101,RECHAZADO,43,0.3,MODERADO,R005,1,0,
193001103,RECHAZADO,25,0.3,MODERADO,,0,0,
193103101,RECHAZADO,30,0.3,MODERADO,,0,0,
193204101,RECHAZADO,43,0.3,MODERADO,,0,0,
193302101,RECHAZADO,54,0.3,MODERADO,R005,1,0,
193404101,RECHAZADO,38,0.3,MODERADO,,0,0,
193510101,RECHAZADO,41,0.3,MODERADO,,0,0,
193602101,APROBADO,84,0.3,MODERADO,R001|R005|R010|R012,4,1,
193709101,RECHAZADO,30,0.3,MODERADO,,0,0,
193818101,RECHAZADO,30,0.3,MODERADO,,0,0,
193901101,RECHAZADO,56,0.3,MODERADO,R001|R004|R005,3,0,
194002101,RECHAZADO,39,0.3,MODERADO,,0,0,
194119101,APROBADO,100,0.3,MODERADO,R001|R003|R005|R012,4,1,
194203102,APROBADO,98,0.3,MODERADO,R001|R005|R012,3,1,
194310101,RECHAZADO,53,0.3,MODERADO,R005,1,0,
194310201,RECHAZADO,54,0.3,MODERADO,R012,1,1,
194310302,RECHAZADO,15,0.3,MODERADO,R004,1,0,
194404101,RECHAZADO,13,0.3,MODERADO,R004,1,0,
194507101,APROBADO,100,0.3,MODERADO,R001|R005|R012,3,1,
194606102,RECHAZADO,28,0.3,MODERADO,,0,0,
194705103,RECHAZADO,22,0.3,MODERADO,R004|R012,2,1,
194807101,RECHAZADO,26,0.3,MODERADO,R004|R005,2,0,
194905102,APROBADO,81,0.3,MODERADO,R001|R012,2,1,
195003101,RECHAZADO,54,0.3,MODERADO,R001|R004|R012,3,1,
195104101,RECHAZADO,58,0.3,MODERADO,R005,1,0,
195204101,APROBADO,93,0.3,MODERADO,R001|R012,2,1,
195304102,APROBADO,83,0.3,MODERADO,R001|R005|R006|R009,4,0,
195411101,RECHAZADO,43,0.3,MODERADO,R005,1,0,
195507101,RECHAZADO,38,0.3,MODERADO,,0,0,
195608102,RECHAZADO,43,0.3,MODERADO,R001|R004,2,0,
195720101,RECHAZADO,26,0.3,MODERADO,R004|R005,2,0,
195810101,RECHAZADO,30,0.3,MODERADO,,0,0,
195905101,REVISION_MANUAL,71,0.3,MODERADO,R001,1,0,
196003103,REVISION_MANUAL,67,0.3,MODERADO,R001|R004|R005|R012,4,1,
196101101,REVISION_MANUAL,76,0.3,MODERADO,R001|R005,2,0,
196214102,RECHAZADO,41,0.3,MODERADO,,0,0,
196303102,RECHAZADO,12,0.3,MODERADO,R004,1,0,
196417102,RECHAZADO,13,0.3,MODERADO,R004,1,0,
196502104,RECHAZADO,55,0.3,MODERADO,R012,1,1,
196607101,RECHAZADO,47,0.3,MODERADO,R005,1,0,
196701101,RECHAZADO,33,0.3,MODERADO,,0,0,
196813102,RECHAZADO,8,0.3,MODERADO,R004,1,0,
196917101,RECHAZADO,0,0.3,MODERADO,R002|R004|R005,3,0,
197002104,RECHAZADO,9,0.3,MODERADO,R004|R010|R012,3,1,
197103102,RECHAZADO,56,0.3,MODERADO,R012,1,1,
197206101,RECHAZADO,0,0.3,MODERADO,R002|R010,2,0,
197305101,RECHAZADO,35,0.3,MODERADO,R004|R005|R012,3,1,
197418102,REVISION_MANUAL,70,0.3,MODERADO,R001|R006,2,0,
197511102,RECHAZADO,42,0.3,MODERADO,R005,1,0,
197614101,RECHAZADO,56,0.3,MODERADO,R005,1,0,
197703103,RECHAZADO,26,0.3,MODERADO,R009,1,0,
197803101,REVISION_MANUAL,70,0.3,MODERADO,R001|R004|R005|R012,4,1,
197913103,RECHAZADO,20,0.3,MODERADO,R004|R012,2,1,
198002101,REVISION_MANUAL,72,0.3,MODERADO,R012,1,1,
198104101,APROBADO,82,0.3,MODERADO,R001|R012,2,1,
198203101,RECHAZADO,46,0.3,MODERADO,R005,1,0,
198304104,RECHAZADO,56,0.3,MODERADO,R001|R009|R012,3,1,
198405101,RECHAZADO,0,0.3,MODERADO,R002|R004|R006,3,0,
198506101,REVISION_MANUAL,73,0.3,MODERADO,R001,1,0,
198602103,RECHAZADO,52,0.3,MODERADO,R001|R004|R012,3,1,
198705101,RECHAZADO,21,0.3,MODERADO,R004|R012,2,1,
198802102,RECHAZADO,24,0.3,MODERADO,R004|R012,2,1,
198905101,RECHAZADO,13,0.3,MODERADO,R002|R005,2,0,
199002101,REVISION_MANUAL,71,0.3,MODERADO,R001,1,0,
199105101,REVISION_MANUAL,72,0.3,MODERADO,R003|R005,2,0,
199203101,RECHAZADO,25,0.3,MODERADO,R002|R005,2,0,
199301101,RECHAZADO,41,0.3,MODERADO,R012,1,1,
199417101,REVISION_MANUAL,73,0.3,MODERADO,R001,1,0,
199501101,APROBADO,100,0.3,MODERADO,R001|R003|R005|R012,4,1,
199609101,RECHAZADO,28,0.3,MODERADO,R004|R005,2,0,
199701101,RECHAZADO,36,0.3,MODERADO,R002|R005|R015,3,1,
199803101,RECHAZADO,50,0.3,MODERADO,R012,1,1,
199913102,RECHAZADO,15,0.3,MODERADO,R004,1,0,
200005102,RECHAZADO,13,0.3,MODERADO,R004,1,0,
200112104,RECHAZADO,35,0.3,MODERADO,R010|R012,2,1,
200205102,RECHAZADO,13,0.3,MODERADO,R004,1,0,
200205201,RECHAZADO,46,0.3,MODERADO,R005,1,0,
200205301,RECHAZADO,32,0.3,MODERADO,,0,0,
200307102,RECHAZADO,32,0.3,MODERADO,,0,0,
200403103,RECHAZADO,28,0.3,MODERADO,,0,0,
200503101,RECHAZADO,56,0.3,MODERADO,R005,1,0,
200503202,RECHAZADO,41,0.3,MODERADO,,0,0,
200613102,REVISION_MANUAL,63,0.3,MODERADO,R005|R012,2,1,
200705102,REVISION_MANUAL,71,0.3,MODERADO,R001,1,0,
200803102,RECHAZADO,11,0.3,MODERADO,R004,1,0,
200901101,REVISION_MANUAL,61,0.3,MODERADO,R001,1,0,
200901202,RECHAZADO,41,0.3,MODERADO,,0,0,
201002101,REVISION_MANUAL,60,0.3,MODERADO,R012,1,1,
201105101,RECHAZADO,32,0.3,MODERADO,,0,0,
201205101,RECHAZADO,56,0.3,MODERADO,R012,1,1,
201304102,RECHAZADO,54,0.3,MODERADO,R001|R004|R012,3,1,
201402102,RECHAZADO,10,0.3,MODERADO,R004,1,0,
201504102,RECHAZADO,3,0.3,MODERADO,R002,1,0,
201613101,RECHAZADO,13,0.3,MODERADO,R004,1,0,
201703101,RECHAZADO,0,0.3,MODERADO,R002,1,0,
201803105,REVISION_MANUAL,69,0.3,MODERADO,R001|R012,2,1,
201905101,REVISION_MANUAL,68,0.3,MODERADO,R001|R004|R005|R012,4,1,
202001101,RECHAZADO,13,0.3,MODERADO,R004,1,0,
202104101,RECHAZADO,28,0.3,MODERADO,,0,0,
202203102,RECHAZADO,43,0.3,MODERADO,,0,0,
202305102,REVISION_MANUAL,70,0.3,MODERADO,R001,1,0,
202403101,RECHAZADO,41,0.3,MODERADO,,0,0,
202519101,RECHAZADO,29,0.3,MODERADO,R009,1,0,
202606101,REVISION_MANUAL,60,0.3,MODERADO,R001|R004|R005,3,0,
202702103,RECHAZADO,31,0.3,MODERADO,,0,0,
202803101,REVISION_MANUAL,68,0.3,MODERADO,R001|R004|R005|R012,4,1,
202907102,RECHAZADO,0,0.3,MODERADO,R004|R010,2,0,
203009101,RECHAZADO,28,0.3,MODERADO,,0,0,
203105102,RECHAZADO,57,0.3,MODERADO,R001,1,0,
203204102,RECHAZADO,12,0.3,MODERADO,R004,1,0,
203302101,APROBADO,100,0.3,MODERADO,R001|R005|R012,3,1,
203402102,RECHAZADO,10,0.3,MODERADO,R004,1,0,
203505102,RECHAZADO,23,0.3,MODERADO,R004|R012,2,1,
203605101,APROBADO,80,0.3,MODERADO,R001|R012,2,1,
203706101,RECHAZADO,28,0.3,MODERADO,R004|R005,2,0,
203803101,REVISION_MANUAL,66,0.3,MODERADO,R005|R015,2,1,
203916101,RECHAZADO,46,0.3,MODERADO,R005,1,0,
204012101,RECHAZADO,30,0.3,MODERADO,,0,0,
204105101,RECHAZADO,10,0.3,MODERADO,R004,1,0,
204219102,RECHAZADO,39,0.3,MODERADO,,0,0,
204302101,REVISION_MANUAL,64,0.3,MODERADO,R005|R015,2,1,
204402101,RECHAZADO,41,0.3,MODERADO,R001|R004,2,0,
204501101,REVISION_MANUAL,72,0.3,MODERADO,R005|R012,2,1,
204602103,RECHAZADO,48,0.3,MODERADO,R012,1,1,
204710102,REVISION_MANUAL,67,0.3,MODERADO,R001,1,0,
204804101,RECHAZADO,57,0.3,MODERADO,R005|R012,2,1,
204804201,RECHAZADO,32,0.3,MODERADO,,0,0,
204903102,RECHAZADO,10,0.3,MODERADO,R004|R009|R012,3,1,
205012101,REVISION_MANUAL,65,0.3,MODERADO,R005|R012,2,1,
205104101,RECHAZADO,58,0.3,MODERADO,R012,1,1,
205203102,RECHAZADO,13,0.3,MODERADO,R004,1,0,
205303101,RECHAZADO,31,0.3,MODERADO,,0,0,
205401101,RECHAZADO,13,0.3,MODERADO,R004,1,0,
205502101,RECHAZADO,46,0.3,MODERADO,R012,1,1,
205601102,RECHAZADO,39,0.3,MODERADO,R009|R012,2,1,
205701101,RECHAZADO,29,0.3,MODERADO,,0,0,
205811102,RECHAZADO,12,0.3,MODERADO,R004,1,0,
205904102,REVISION_MANUAL,70,0.3,MODERADO,R001|R004|R005|R012,4,1,
206001101,RECHAZADO,39,0.3,MODERADO,R002|R005|R015,3,1,
206101103,RECHAZADO,10,0.3,MODERADO,R004|R009|R012,3,1,
206101202,RECHAZADO,1,0.3,MODERADO,R004|R009,2,0,
206203102,RECHAZADO,31,0.3,MODERADO,,0,0,
206305103,APROBADO,85,0.3,MODERADO,R001|R012,2,1,
206410101,RECHAZADO,30,0.3,MODERADO,,0,0,
206503102,REVISION_MANUAL,69,0.3,MODERADO,R001,1,0,
206604101,APROBADO,95,0.3,MODERADO,R001|R006|R012,3,1,
206711101,RECHAZADO,0,0.3,MODERADO,R002,1,0,
206801101,RECHAZADO,25,0.3,MODERADO,R004|R005,2,0,
206905102,APROBADO,95,0.3,MODERADO,R001|R005|R012,3,1,
207004103,RECHAZADO,37,0.3,MODERADO,,0,0,
207102104,RECHAZADO,12,0.3,MODERADO,R004,1,0,
207203102,RECHAZADO,40,0.3,MODERADO,,0,0,
207305101,RECHAZADO,46,0.3,MODERADO,R005,1,0,
207405101,RECHAZADO,43,0.3,MODERADO,,0,0,
207501102,RECHAZADO,27,0.3,MODERADO,,0,0,
207604101,RECHAZADO,53,0.3,MODERADO,R012,1,1,
207701103,RECHAZADO,39,0.3,MODERADO,,0,0,
207817102,RECHAZADO,25,0.3,MODERADO,R004|R005,2,0,
207901105,APROBADO,83,0.3,MODERADO,R001|R012,2,1,
208002101,RECHAZADO,51,0.3,MODERADO,R005,1,0,
208101102,REVISION_MANUAL,70,0.3,MODERADO,R001,1,0,
208205102,RECHAZADO,25,0.3,MODERADO,R004|R005,2,0,
208303104,RECHAZADO,36,0.3,MODERADO,,0,0,
208401101,RECHAZADO,38,0.3,MODERADO,,0,0,
208501104,RECHAZADO,8,0.3,MODERADO,R004|R009|R012,3,1,
208604103,APROBADO,86,0.3,MODERADO,R001|R005,2,0,
208704102,REVISION_MANUAL,71,0.3,MODERADO,R001,1,0,
208803103,REVISION_MANUAL,76,0.3,MODERADO,R001|R010|R012,3,1,
208905102,RECHAZADO,0,0.3,MODERADO,R002|R004|R005,3,0,
209009102,APROBADO,90,0.3,MODERADO,R001|R012,2,1,
209112102,RECHAZADO,27,0.3,MODERADO,R004|R005,2,0,
209216102,RECHAZADO,10,0.3,MODERADO,R004,1,0,
209301101,RECHAZADO,53,0.3,MODERADO,R012,1,1,
209402101,RECHAZADO,41,0.3,MODERADO,,0,0,
209504102,RECHAZADO,10,0.3,MODERADO,R004,1,0,
209602102,RECHAZADO,10,0.3,MODERADO,R002,1,0,
209707106,RECHAZADO,4,0.3,MODERADO,R002|R006|R010,3,0,
209818101,APROBADO,100,0.3,MODERADO,R001|R005|R012,3,1,
209902101,RECHAZADO,11,0.3,MODERADO,R004,1,0,
210002101,RECHAZADO,54,0.3,MODERADO,R012,1,1,
210102101,RECHAZADO,57,0.3,MODERADO,R012,1,1,
210215104,RECHAZADO,57,0.3,MODERADO,R001|R010,2,0,
210303101,RECHAZADO,45,0.3,MODERADO,R005,1,0,
210401101,REVISION_MANUAL,75,0.3,MODERADO,R005|R012|R015,3,2,
210504101,RECHAZADO,26,0.3,MODERADO,R004|R012,2,1,
210619102,RECHAZADO,12,0.3,MODERADO,R004,1,0,
210704103,RECHAZADO,26,0.3,MODERADO,R004|R012,2,1,
210801102,APROBADO,93,0.3,MODERADO,R001|R006|R012,3,1,
210902101,RECHAZADO,28,0.3,MODERADO,R004|R005,2,0,
211002102,APROBADO,100,0.3,MODERADO,R001|R005|R012|R015,4,2,
211115101,RECHAZADO,42,0.3,MODERADO,R001|R004,2,0,
211204101,RECHAZADO,13,0.3,MODERADO,R004,1,0,
211302101,RECHAZADO,9,0.3,MODERADO,R002,1,0,
211403104,RECHAZADO,36,0.3,MODERADO,,0,0,
211504101,APROBADO,97,0.3,MODERADO,R001|R012,2,1,
211606101,REVISION_MANUAL,65,0.3,MODERADO,R005|R012,2,1,
211713102,RECHAZADO,58,0.3,MODERADO,R001,1,0,
211820104,RECHAZADO,43,0.3,MODERADO,R001|R009|R010,3,0,
211916103,RECHAZADO,54,0.3,MODERADO,R012,1,1,
212004101,RECHAZADO,18,0.3,MODERADO,R002|R005,2,0,
212118103,RECHAZADO,31,0.3,MODERADO,,0,0,
212218103,RECHAZADO,10,0.3,MODERADO,R004,1,0,
212304101,APROBADO,100,0.3,MODERADO,R001|R005|R012,3,1,
212405101,REVISION_MANUAL,70,0.3,MODERADO,R001|R004|R005|R012,4,1,
212515102,RECHAZADO,0,0.3,MODERADO,R004|R010,2,0,
212601102,RECHAZADO,51,0.3,MODERADO,R012,1,1,
212705101,APROBADO,98,0.3,MODERADO,R001|R005|R006,3,0,
212801102,APROBADO,100,0.3,MODERADO,R001|R005|R012,3,1,
212913101,RECHAZADO,12,0.3,MODERADO,R004|R005|R010,3,0,
213004102,APROBADO,85,0.3,MODERADO,R001|R012,2,1,
213101102,APROBADO,87,0.3,MODERADO,R001|R005|R010|R012,4,1,
213205104,RECHAZADO,49,0.3,MODERADO,R012,1,1,
213302101,RECHAZADO,30,0.3,MODERADO,,0,0,
213404101,RECHAZADO,52,0.3,MODERADO,R005|R012,2,1,
213505102,RECHAZADO,10,0.3,MODERADO,R004,1,0,
213601103,RECHAZADO,38,0.3,MODERADO,R009|R012,2,1,
213702104,RECHAZADO,31,0.3,MODERADO,,0,0,
213805102,APROBADO,82,0.3,MODERADO,R001|R012,2,1,
213901101,RECHAZADO,39,0.3,MODERADO,R002|R005,2,0,
214002102,RECHAZADO,24,0.3,MODERADO,R004|R012,2,1,
214103101,RECHAZADO,27,0.3,MODERADO,R004|R005,2,0,
214203102,RECHAZADO,27,0.3,MODERADO,R001|R004|R010,3,0,
214304103,APROBADO,89,0.3,MODERADO,R001|R012,2,1,
214401101,RECHAZADO,46,0.3,MODERADO,R005,1,0,
214504101,RECHAZADO,46,0.3,MODERADO,R005,1,0,
214602101,REVISION_MANUAL,63,0.3,MODERADO,R005|R015,2,1,
214705101,APROBADO,98,0.3,MODERADO,R001|R005|R012,3,1,
214705201,RECHAZADO,55,0.3,MODERADO,R012,1,1,
214817102,APROBADO,100,0.3,MODERADO,R001|R005|R012,3,1,
214901101,RECHAZADO,45,0.3,MODERADO,R005,1,0,
215003101,RECHAZADO,31,0.3,MODERADO,R002|R005|R015,3,1,
215104102,RECHAZADO,26,0.3,MODERADO,R009,1,0,
215219102,APROBADO,83,0.3,MODERADO,R001|R012,2,1,
215301103,APROBADO,89,0.3,MODERADO,R001|R012,2,1,
215401103,RECHAZADO,0,0.3,MODERADO,R004|R009,2,0,
215506103,APROBADO,83,0.3,MODERADO,R001|R012,2,1,
215612101,RECHAZADO,38,0.3,MODERADO,,0,0,
215701101,RECHAZADO,58,0.3,MODERADO,R001|R004|R005,3,0,
215821102,RECHAZADO,13,0.3,MODERADO,R004,1,0,
215904101,RECHAZADO,30,0.3,MODERADO,,0,0,
216003102,RECHAZADO,12,0.3,MODERADO,R004,1,0,
216104103,RECHAZADO,10,0.3,MODERADO,R004|R009|R012,3,1,
216205101,RECHAZADO,20,0.3,MODERADO,R002|R005,2,0,
216301101,RECHAZADO,27,0.3,MODERADO,R004|R005,2,0,
216412103,RECHAZADO,20,0.3,MODERADO,R004|R012,2,1,
216520102,RECHAZADO,25,0.3,MODERADO,R004|R005,2,0,
216610102,RECHAZADO,30,0.3,MODERADO,R005|R010,2,0,
216701102,REVISION_MANUAL,75,0.3,MODERADO,R001|R005,2,0,
216815105,RECHAZADO,0,0.3,MODERADO,R004|R010,2,0,
216902101,REVISION_MANUAL,71,0.3,MODERADO,R001|R004|R005|R012,4,1,
217015101,APROBADO,87,0.3,MODERADO,R001|R005|R012,3,1,
217118102,RECHAZADO,10,0.3,MODERADO,R004,1,0,
217203101,APROBADO,95,0.3,MODERADO,R001|R012,2,1,
217301101,RECHAZADO,41,0.3,MODERADO,R004|R005|R012,3,1,
217405103,RECHAZADO,50,0.3,MODERADO,R012,1,1,
217504101,RECHAZADO,41,0.3,MODERADO,,0,0,
217604104,RECHAZADO,15,0.3,MODERADO,R009,1,0,
217701101,APROBADO,82,0.3,MODERADO,R005|R012,2,1,
217804102,RECHAZADO,0,0.3,MODERADO,R002|R004,2,0,
217903104,APROBADO,99,0.3,MODERADO,R001|R012,2,1,
218003104,RECHAZADO,35,0.3,MODERADO,R009|R012,2,1,
218103101,RECHAZADO,26,0.3,MODERADO,R004|R005|R009|R012,4,1,
218208102,RECHAZADO,27,0.3,MODERADO,R010,1,0,
218315102,APROBADO,94,0.3,MODERADO,R001|R006|R012,3,1,
218401101,RECHAZADO,0,0.3,MODERADO,R002|R004,2,0,
218502101,RECHAZADO,39,0.3,MODERADO,R004|R005|R012,3,1,
218606102,APROBADO,97,0.3,MODERADO,R001|R005|R012,3,1,
218701101,RECHAZADO,28,0.3,MODERADO,R004|R005,2,0,
218806102,RECHAZADO,55,0.3,MODERADO,R005,1,0,
218907102,RECHAZADO,26,0.3,MODERADO,R009,1,0,
219003101,APROBADO,100,0.3,MODERADO,R001|R005|R006|R012,4,1,
219105101,RECHAZADO,7,0.3,MODERADO,R002,1,0,
219211103,RECHAZADO,12,0.3,MODERADO,R004,1,0,
219303101,RECHAZADO,23,0.3,MODERADO,R002|R005,2,0,
219416101,RECHAZADO,38,0.3,MODERADO,,0,0,
219501103,REVISION_MANUAL,63,0.3,MODERADO,R001,1,0,
219603102,REVISION_MANUAL,61,0.3,MODERADO,R001,1,0,
219703102,RECHAZADO,55,0.3,MODERADO,R001|R004|R012,3,1,
219813102,RECHAZADO,41,0.3,MODERADO,,0,0,
219912101,RECHAZADO,48,0.3,MODERADO,R005,1,0,
220002102,APROBADO,83,0.3,MODERADO,R001|R012,2,1,
220101102,APROBADO,86,0.3,MODERADO,R001|R005|R006,3,0,
220212101,APROBADO,82,0.3,MODERADO,R001|R012,2,1,
220311103,REVISION_MANUAL,73,0.3,MODERADO,R001,1,0,
220413101,RECHAZADO,43,0.3,MODERADO,R004|R005|R012,3,1,
220501102,REVISION_MANUAL,70,0.3,MODERADO,R001|R004|R005|R012,4,1,
220620103,REVISION_MANUAL,74,0.3,MODERADO,R001|R012,2,1,
220705101,RECHAZADO,59,0.3,MODERADO,R001,1,0,
220801104,RECHAZADO,26,0.3,MODERADO,R009|R012,2,1,
220903102,RECHAZADO,4,0.3,MODERADO,R002,1,0,
221004102,RECHAZADO,58,0.3,MODERADO,R001,1,0,
221103102,RECHAZADO,0,0.3,MODERADO,R002|R004,2,0,
221204102,RECHAZADO,13,0.3,MODERADO,R004,1,0,
221304101,RECHAZADO,52,0.3,MODERADO,R001|R004|R012,3,1,
221411101,REVISION_MANUAL,71,0.3,MODERADO,R003|R005|R010|R012,4,1,
221514101,RECHAZADO,12,0.3,MODERADO,R004,1,0,
221608102,RECHAZADO,38,0.3,MODERADO,,0,0,
221704101,APROBADO,100,0.3,MODERADO,R001|R003|R005|R012|R015,5,2,
221803101,APROBADO,100,0.3,MODERADO,R001|R005|R012|R015,4,2,
221905101,RECHAZADO,40,0.3,MODERADO,,0,0,
222001102,RECHAZADO,39,0.3,MODERADO,,0,0,
222112104,RECHAZADO,38,0.3,MODERADO,,0,0,
222203101,RECHAZADO,38,0.3,MODERADO,,0,0,
222301101,RECHAZADO,45,0.3,MODERADO,R005,1,0,
222401101,RECHAZADO,57,0.3,MODERADO,R005|R012,2,1,
222503101,RECHAZADO,12,0.3,MODERADO,R004,1,0,
222605102,RECHAZADO,40,0.3,MODERADO,,0,0,
222701102,RECHAZADO,0,0.3,MODERADO,R004|R010,2,0,
222802101,REVISION_MANUAL,72,0.3,MODERADO,R005|R012,2,1,
222907102,RECHAZADO,31,0.3,MODERADO,,0,0,
223001101,APROBADO,100,0.3,MODERADO,R001|R005|R012,3,1,
223117101,APROBADO,98,0.3,MODERADO,R001|R005|R012,3,1,
223201102,RECHAZADO,29,0.3,MODERADO,,0,0,
223305101,APROBADO,81,0.3,MODERADO,R001|R012,2,1,
223416101,RECHAZADO,41,0.3,MODERADO,R005|R010|R012,3,1,
223501101,RECHAZADO,43,0.3,MODERADO,R005,1,0,
223618102,RECHAZADO,13,0.3,MODERADO,R004,1,0,
223705101,RECHAZADO,34,0.3,MODERADO,R004|R005|R012,3,1,
223811101,APROBADO,86,0.3,MODERADO,R001|R005,2,0,
223905102,RECHAZADO,37,0.3,MODERADO,,0,0,
224005101,RECHAZADO,59,0.3,MODERADO,R012,1,1,
224105102,APROBADO,83,0.3,MODERADO,R001|R012,2,1,
224204104,RECHAZADO,10,0.3,MODERADO,R004|R009|R012,3,1,
224305101,RECHAZADO,38,0.3,MODERADO,R004|R005|R012,3,1,
224405102,RECHAZADO,11,0.3,MODERADO,R004,1,0,
224516101,APROBADO,97,0.3,MODERADO,R001|R005|R012,3,1,
224602103,RECHAZADO,12,0.3,MODERADO,R004,1,0,
224716102,REVISION_MANUAL,65,0.3,MODERADO,R005|R012,2,1,
224808104,RECHAZADO,37,0.3,MODERADO,R010|R012,2,1,
224920101,RECHAZADO,46,0.3,MODERADO,R005,1,0,
225005101,APROBADO,83,0.3,MODERADO,R001|R012,2,1,
225104101,RECHAZADO,27,0.3,MODERADO,R004|R005,2,0,
225205101,APROBADO,97,0.3,MODERADO,R001|R005|R012,3,1,
225302102,RECHAZADO,44,0.3,MODERADO,R012,1,1,
225408101,RECHAZADO,42,0.3,MODERADO,R005|R010,2,0,
225506103,RECHAZADO,38,0.3,MODERADO,,0,0,
225601101,REVISION_MANUAL,65,0.3,MODERADO,R012,1,1,
225705103,APROBADO,88,0.3,MODERADO,R001|R012,2,1,
225802102,RECHAZADO,59,0.3,MODERADO,R001|R004|R012,3,1,
225901102,APROBADO,84,0.3,MODERADO,R001|R012,2,1,
226004102,REVISION_MANUAL,67,0.3,MODERADO,R005|R012,2,1,
226101101,RECHAZADO,41,0.3,MODERADO,,0,0,
226208102,RECHAZADO,58,0.3,MODERADO,R005|R012,2,1,
226317102,RECHAZADO,10,0.3,MODERADO,R004,1,0,
226418103,RECHAZADO,28,0.3,MODERADO,,0,0,
226503102,RECHAZADO,29,0.3,MODERADO,R009|R012,2,1,
226604102,RECHAZADO,10,0.3,MODERADO,R004,1,0,
226713102,RECHAZADO,30,0.3,MODERADO,,0,0,
226820101,APROBADO,89,0.3,MODERADO,R001|R005|R012,3,1,
226901101,RECHAZADO,13,0.3,MODERADO,R004,1,0,
227001101,RECHAZADO,26,0.3,MODERADO,R004|R005,2,0,
227103102,RECHAZADO,55,0.3,MODERADO,R005,1,0,
227212102,RECHAZADO,59,0.3,MODERADO,R001,1,0,
227304103,RECHAZADO,0,0.3,MODERADO,R002,1,0,
227403101,RECHAZADO,51,0.3,MODERADO,R012,1,1,
227504101,APROBADO,99,0.3,MODERADO,R001|R005|R012,3,1,
227604102,RECHAZADO,51,0.3,MODERADO,R012,1,1,
227706101,RECHAZADO,15,0.3,MODERADO,R004,1,0,
227805101,RECHAZADO,30,0.3,MODERADO,R004|R005,2,0,
227905101,RECHAZADO,40,0.3,MODERADO,R004|R005|R012,3,1,
228018101,RECHAZADO,54,0.3,MODERADO,R012,1,1,
228018201,RECHAZADO,47,0.3,MODERADO,R005,1,0,
228018302,RECHAZADO,12,0.3,MODERADO,R004,1,0,
228101102,RECHAZADO,52,0.3,MODERADO,R001|R004|R012,3,1,
228202101,RECHAZADO,6,0.3,MODERADO,R002,1,0,
228304102,RECHAZADO,10,0.3,MODERADO,R004,1,0,
228410102,APROBADO,99,0.3,MODERADO,R001|R005|R006|R012,4,1,
228505102,RECHAZADO,51,0.3,MODERADO,R012,1,1,
228605101,RECHAZADO,4,0.3,MODERADO,R002,1,0,
228704103,RECHAZADO,53,0.3,MODERADO,R012,1,1,
228813102,RECHAZADO,29,0.3,MODERADO,,0,0,
228908101,RECHAZADO,38,0.3,MODERADO,,0,0,
229020101,RECHAZADO,31,0.3,MODERADO,,0,0,
229105105,RECHAZADO,37,0.3,MODERADO,R010|R012,2,1,
229202102,RECHAZADO,5,0.3,MODERADO,R002,1,0,
229303101,APROBADO,86,0.3,MODERADO,R001|R012,2,1,
229420102,RECHAZADO,41,0.3,MODERADO,,0,0,
229504101,APROBADO,94,0.3,MODERADO,R001|R005|R012,3,1,
229609101,RECHAZADO,56,0.3,MODERADO,R005|R012,2,1,
229703101,APROBADO,99,0.3,MODERADO,R001|R005|R012,3,1,
229804101,APROBADO,85,0.3,MODERADO,R001|R005,2,0,
229901103,RECHAZADO,0,0.3,MODERADO,R004|R009,2,0,
230012101,RECHAZADO,49,0.3,MODERADO,R012,1,1,
230102101,RECHAZADO,41,0.3,MODERADO,R004|R005|R012,3,1,
230212102,RECHAZADO,25,0.3,MODERADO,R004|R012,2,1,
230301101,REVISION_MANUAL,71,0.3,MODERADO,R001,1,0,
230403102,APROBADO,90,0.3,MODERADO,R001|R012,2,1,
230512102,RECHAZADO,28,0.3,MODERADO,R004|R005,2,0,
230605101,RECHAZADO,29,0.3,MODERADO,R009,1,0,
230703104,RECHAZADO,25,0.3,MODERADO,R010,1,0,
230812101,RECHAZADO,33,0.3,MODERADO,R002|R005|R015,3,1,
230903102,RECHAZADO,35,0.3,MODERADO,R002|R005,2,0,
231005101,RECHAZADO,46,0.3,MODERADO,R012,1,1,
231103102,RECHAZADO,29,0.3,MODERADO,,0,0,
231203104,RECHAZADO,13,0.3,MODERADO,R009|R010,2,0,
231302101,RECHAZADO,8,0.3,MODERADO,R002,1,0,
231404101,APROBADO,80,0.3,MODERADO,R001|R012,2,1,
231519101,REVISION_MANUAL,70,0.3,MODERADO,R001,1,0,
231603101,RECHAZADO,45,0.3,MODERADO,R005,1,0,
231707101,RECHAZADO,56,0.3,MODERADO,R001|R004|R005,3,0,
231805104,APROBADO,90,0.3,MODERADO,R001|R012,2,1,
231901102,RECHAZADO,31,0.3,MODERADO,,0,0,
232004101,RECHAZADO,41,0.3,MODERADO,,0,0,
232102101,RECHAZADO,26,0.3,MODERADO,R004|R005,2,0,
232216101,REVISION_MANUAL,78,0.3,MODERADO,R001|R005,2,0,
232301101,RECHAZADO,33,0.3,MODERADO,,0,0,
232404101,RECHAZADO,29,0.3,MODERADO,R001|R004|R010,3,0,
232505101,RECHAZADO,58,0.3,MODERADO,R001|R004|R005,3,0,
232602101,APROBADO,100,0.3,MODERADO,R001|R005|R012,3,1,
232720101,REVISION_MANUAL,66,0.3,MODERADO,R005|R015,2,1,
232803101,RECHAZADO,32,0.3,MODERADO,,0,0,
232904104,RECHAZADO,40,0.3,MODERADO,,0,0,
233005101,RECHAZADO,38,0.3,MODERADO,R004|R005|R012,3,1,
233104101,RECHAZADO,31,0.3,MODERADO,,0,0,
233203101,REVISION_MANUAL,72,0.3,MODERADO,R001,1,0,
233302101,RECHAZADO,48,0.3,MODERADO,R012,1,1,
233403101,RECHAZADO,40,0.3,MODERADO,,0,0,
233505103,RECHAZADO,7,0.3,MODERADO,R004|R010|R012,3,1,
233604105,RECHAZADO,25,0.3,MODERADO,R010,1,0,
233715101,APROBADO,100,0.3,MODERADO,R001|R003|R005|R012|R015,5,2,
233802101,RECHAZADO,55,0.3,MODERADO,R005|R012,2,1,
233904101,RECHAZADO,25,0.3,MODERADO,R002|R005,2,0,
234006101,RECHAZADO,43,0.3,MODERADO,R001|R004,2,0,
234104101,RECHAZADO,52,0.3,MODERADO,R005|R010|R012,3,1,
234211101,RECHAZADO,39,0.3,MODERADO,R012,1,1,
234305101,APROBADO,97,0.3,MODERADO,R001|R005|R012,3,1,
234419101,APROBADO,94,0.3,MODERADO,R001|R005|R015,3,1,
234505103,RECHAZADO,3,0.3,MODERADO,R009|R010,2,0,
234605101,RECHAZADO,56,0.3,MODERADO,R005|R012,2,1,
234704101,REVISION_MANUAL,74,0.3,MODERADO,R001|R004|R005|R012,4,1,
234801102,RECHAZADO,45,0.3,MODERADO,R005,1,0,
235002101,APROBADO,100,0.3,MODERADO,R001|R005|R012,3,1,
235105101,RECHAZADO,28,0.3,MODERADO,R004|R005,2,0,
235204101,RECHAZADO,41,0.3,MODERADO,R012,1,1,
235303101,RECHAZADO,27,0.3,MODERADO,R004|R005,2,0,
235405101,RECHAZADO,43,0.3,MODERADO,R012,1,1,
235503101,RECHAZADO,11,0.3,MODERADO,R004,1,0,
235606101,RECHAZADO,27,0.3,MODERADO,R004|R005,2,0,
235719102,RECHAZADO,25,0.3,MODERADO,R004|R012,2,1,
235802101,APROBADO,85,0.3,MODERADO,R001|R005,2,0,
235902101,RECHAZADO,25,0.3,MODERADO,R004|R005,2,0,
235902202,RECHAZADO,0,0.3,MODERADO,R002,1,0,
236002102,RECHAZADO,26,0.3,MODERADO,R004|R005,2,0,
236101101,APROBADO,100,0.3,MODERADO,R001|R005|R012,3,1,
236214101,REVISION_MANUAL,70,0.3,MODERADO,R001|R004|R005|R012,4,1,
236303101,RECHAZADO,28,0.3,MODERADO,R004|R005,2,0,
236405102,RECHAZADO,22,0.3,MODERADO,R004|R012,2,1,
236505102,RECHAZADO,26,0.3,MODERADO,R004|R012,2,1,
236617102,APROBADO,87,0.3,MODERADO,R001|R012,2,1,
236703102,RECHAZADO,25,0.3,MODERADO,R004|R005,2,0,
236802101,RECHAZADO,13,0.3,MODERADO,R004,1,0,
236903102,RECHAZADO,58,0.3,MODERADO,R001|R004|R005,3,0,
237002101,RECHAZADO,30,0.3,MODERADO,R005|R010,2,0,
237105102,RECHAZADO,53,0.3,MODERADO,R012,1,1,
237202102,RECHAZADO,40,0.3,MODERADO,R001|R004,2,0,
237317104,RECHAZADO,36,0.3,MODERADO,,0,0,
237403102,APROBADO,98,0.3,MODERADO,R001|R005|R012,3,1,
237504102,RECHAZADO,32,0.3,MODERADO,,0,0,
237607102,RECHAZADO,12,0.3,MODERADO,R004,1,0,
237708102,RECHAZADO,0,0.3,MODERADO,R004|R009,2,0,
237804101,REVISION_MANUAL,71,0.3,MODERADO,R005|R012,2,1,
237903101,RECHAZADO,41,0.3,MODERADO,,0,0,
238005101,RECHAZADO,15,0.3,MODERADO,R004,1,0,
238104103,APROBADO,92,0.3,MODERADO,R001|R012,2,1,
238204103,RECHAZADO,36,0.3,MODERADO,,0,0,
238304101,RECHAZADO,51,0.3,MODERADO,R012,1,1,
238405102,RECHAZADO,13,0.3,MODERADO,R004,1,0,
238503101,RECHAZADO,38,0.3,MODERADO,R004|R005|R012,3,1,
238603101,APROBADO,99,0.3,MODERADO,R001|R005|R012,3,1,
238703101,RECHAZADO,54,0.3,MODERADO,R012,1,1,
238802101,RECHAZADO,41,0.3,MODERADO,R004|R005|R012,3,1,
238905101,RECHAZADO,25,0.3,MODERADO,R004|R012,2,1,
239003102,RECHAZADO,45,0.3,MODERADO,R001|R004,2,0,
239105102,RECHAZADO,13,0.3,MODERADO,R004,1,0,
239203103,RECHAZADO,21,0.3,MODERADO,R004|R012,2,1,
239318102,RECHAZADO,52,0.3,MODERADO,R012,1,1,
239404101,RECHAZADO,37,0.3,MODERADO,R002|R005,2,0,
239506101,RECHAZADO,0,0.3,MODERADO,R002|R004|R005,3,0,
239601103,RECHAZADO,8,0.3,MODERADO,R002,1,0,
239703101,RECHAZADO,26,0.3,MODERADO,R004|R005,2,0,
239804103,REVISION_MANUAL,70,0.3,MODERADO,R001,1,0,
239913101,RECHAZADO,46,0.3,MODERADO,R005,1,0,
240004101,APROBADO,96,0.3,MODERADO,R001|R005|R012,3,1,
240105102,RECHAZADO,55,0.3,MODERADO,R012,1,1,
240220101,RECHAZADO,26,0.3,MODERADO,,0,0,
240316104,RECHAZADO,38,0.3,MODERADO,,0,0,
240402101,RECHAZADO,43,0.3,MODERADO,,0,0,
240502102,RECHAZADO,12,0.3,MODERADO,R004,1,0,
240602102,RECHAZADO,13,0.3,MODERADO,R004,1,0,
240703102,RECHAZADO,4,0.3,MODERADO,R002,1,0,
240804101,REVISION_MANUAL,70,0.3,MODERADO,R001|R004|R005|R012,4,1,
240903101,RECHAZADO,58,0.3,MODERADO,R005,1,0,
241015101,RECHAZADO,42,0.3,MODERADO,,0,0,
241109101,RECHAZADO,28,0.3,MODERADO,R004|R005,2,0,
241203101,RECHAZADO,53,0.3,MODERADO,R001|R004|R012,3,1,
241301101,RECHAZADO,54,0.3,MODERADO,R005,1,0,
241405102,RECHAZADO,40,0.3,MODERADO,,0,0,
241504101,RECHAZADO,54,0.3,MODERADO,R012,1,1,
241604101,APROBADO,82,0.3,MODERADO,R001|R012,2,1,
241705103,RECHAZADO,49,0.3,MODERADO,R012,1,1,
241801102,APROBADO,86,0.3,MODERADO,R001|R012,2,1,
241905101,APROBADO,100,0.3,MODERADO,R001|R005|R012|R015,4,2,
242014101,REVISION_MANUAL,69,0.3,MODERADO,R005|R012,2,1,
242101101,APROBADO,100,0.3,MODERADO,R001|R005|R012,3,1,
242201102,RECHAZADO,55,0.3,MODERADO,R012,1,1,
242303102,RECHAZADO,29,0.3,MODERADO,R001|R004|R009,3,0,
242402102,RECHAZADO,56,0.3,MODERADO,R005,1,0,
242502101,RECHAZADO,32,0.3,MODERADO,R002|R005|R015,3,1,
242605104,APROBADO,84,0.3,MODERADO,R001|R005|R010|R012,4,1,
242715101,RECHAZADO,39,0.3,MODERADO,,0,0,
242802101,RECHAZADO,11,0.3,MODERADO,R002,1,0,
242911101,APROBADO,97,0.3,MODERADO,R001|R005|R012,3,1,
243007102,RECHAZADO,22,0.3,MODERADO,R004|R012,2,1,
243007201,RECHAZADO,12,0.3,MODERADO,R004,1,0,
243101102,RECHAZADO,10,0.3,MODERADO,R004,1,0,
243205101,RECHAZADO,27,0.3,MODERADO,R004|R005,2,0,
243301102,REVISION_MANUAL,68,0.3,MODERADO,R001|R004|R005|R012,4,1,
243402102,APROBADO,100,0.3,MODERADO,R001|R005|R012|R015,4,2,
243512101,RECHAZADO,28,0.3,MODERADO,R004|R005,2,0,
243605102,REVISION_MANUAL,68,0.3,MODERADO,R001,1,0,
243703102,REVISION_MANUAL,61,0.3,MODERADO,R001,1,0,
243703201,REVISION_MANUAL,78,0.3,MODERADO,R005|R012|R015,3,2,
243805101,RECHAZADO,54,0.3,MODERADO,R005,1,0,
243901103,RECHAZADO,14,0.3,MODERADO,R002|R005,2,0,
244004102,RECHAZADO,55,0.3,MODERADO,R001|R004|R012,3,1,
244115102,RECHAZADO,26,0.3,MODERADO,R004|R005,2,0,
244206101,REVISION_MANUAL,71,0.3,MODERADO,R001,1,0,
244206201,RECHAZADO,47,0.3,MODERADO,R005,1,0,
244313101,REVISION_MANUAL,69,0.3,MODERADO,R001|R004|R005|R012,4,1,
244404102,RECHAZADO,8,0.3,MODERADO,R002,1,0,
244502101,APROBADO,83,0.3,MODERADO,R001|R012,2,1,
244618101,RECHAZADO,30,0.3,MODERADO,,0,0,
244704101,RECHAZADO,43,0.3,MODERADO,,0,0,
244801101,RECHAZADO,27,0.3,MODERADO,R004|R005,2,0,
244910104,RECHAZADO,58,0.3,MODERADO,R005,1,0,
245001101,RECHAZADO,25,0.3,MODERADO,R004|R005,2,0,
245115102,RECHAZADO,52,0.3,MODERADO,R012,1,1,
245205101,APROBADO,99,0.3,MODERADO,R001|R012,2,1,
245302102,REVISION_MANUAL,74,0.3,MODERADO,R001|R012,2,1,
245405101,REVISION_MANUAL,71,0.3,MODERADO,R001|R004|R005|R012,4,1,
245516101,RECHAZADO,13,0.3,MODERADO,R004,1,0,
245602101,APROBADO,89,0.3,MODERADO,R003|R005|R012,3,1,
245717102,RECHAZADO,53,0.3,MODERADO,R005,1,0,
245810101,RECHAZADO,20,0.3,MODERADO,R002|R006,2,0,
245902103,RECHAZADO,52,0.3,MODERADO,R012,1,1,
246004109,RECHAZADO,0,0.3,MODERADO,R004|R010,2,0,
246102101,RECHAZADO,18,0.3,MODERADO,R002|R005,2,0,
246204102,RECHAZADO,11,0.3,MODERADO,R004,1,0,
246313102,RECHAZADO,22,0.3,MODERADO,R004|R012,2,1,
246405101,RECHAZADO,58,0.3,MODERADO,R001|R004|R005,3,0,
246504103,RECHAZADO,38,0.3,MODERADO,,0,0,
246602101,APROBADO,84,0.3,MODERADO,R001|R005,2,0,
246703101,RECHAZADO,23,0.3,MODERADO,R002,1,0,
246802102,RECHAZADO,10,0.3,MODERADO,R004,1,0,
246905101,RECHAZADO,25,0.3,MODERADO,R004|R005,2,0,
247003101,RECHAZADO,53,0.3,MODERADO,R012,1,1,
247109101,RECHAZADO,42,0.3,MODERADO,R005|R010|R012,3,1,
247219102,RECHAZADO,48,0.3,MODERADO,R005,1,0,
247302102,APROBADO,80,0.3,MODERADO,R001|R012,2,1,
247403102,REVISION_MANUAL,70,0.3,MODERADO,R001|R006,2,0,
247504101,REVISION_MANUAL,71,0.3,MODERADO,R001|R004|R005|R012,4,1,
247602101,APROBADO,100,0.3,MODERADO,R001|R005|R006|R012,4,1,
247705101,APROBADO,85,0.3,MODERADO,R001|R005,2,0,
247805101,RECHAZADO,43,0.3,MODERADO,R002|R005|R015,3,1,
247904101,RECHAZADO,12,0.3,MODERADO,R004,1,0,
248006101,APROBADO,100,0.3,MODERADO,R001|R003|R005|R012|R015,5,2,
248105102,RECHAZADO,44,0.3,MODERADO,R005,1,0,
248210102,RECHAZADO,28,0.3,MODERADO,,0,0,
248304102,RECHAZADO,21,0.3,MODERADO,R004|R012,2,1,
248406102,RECHAZADO,47,0.3,MODERADO,R005,1,0,
248505102,APROBADO,99,0.3,MODERADO,R001|R005|R012,3,1,
248610101,RECHAZADO,58,0.3,MODERADO,R001|R004|R005,3,0,
248705103,REVISION_MANUAL,69,0.3,MODERADO,R001|R004|R005|R012,4,1,
248816101,RECHAZADO,43,0.3,MODERADO,,0,0,
248910101,RECHAZADO,28,0.3,MODERADO,R004|R005,2,0,
249004102,RECHAZADO,53,0.3,MODERADO,R012,1,1,
249105103,REVISION_MANUAL,69,0.3,MODERADO,R001,1,0,
249201101,RECHAZADO,10,0.3,MODERADO,R002,1,0,
249303101,RECHAZADO,28,0.3,MODERADO,R004|R005,2,0,
249410104,RECHAZADO,13,0.3,MODERADO,R009|R010,2,0,
249506101,APROBADO,87,0.3,MODERADO,R001|R005,2,0,
249614101,RECHAZADO,45,0.3,MODERADO,R005,1,0,
249715101,RECHAZADO,0,0.3,MODERADO,R002,1,0,
249804102,REVISION_MANUAL,70,0.3,MODERADO,R001,1,0,
249903101,APROBADO,85,0.3,MODERADO,R001|R012,2,1,
250002102,APROBADO,97,0.3,MODERADO,R001|R006|R012,3,1,
250104105,RECHAZADO,0,0.3,MODERADO,R002|R004|R010,3,0,
250202101,RECHAZADO,53,0.3,MODERADO,R005,1,0,
250302102,RECHAZADO,52,0.3,MODERADO,R001|R004|R012,3,1,
250405101,APROBADO,85,0.3,MODERADO,R001|R005,2,0,
250502102,APROBADO,97,0.3,MODERADO,R001|R005|R012,3,1,
250603101,REVISION_MANUAL,70,0.3,MODERADO,R001,1,0,
250703102,RECHAZADO,38,0.3,MODERADO,R004|R005|R012,3,1,
250805102,RECHAZADO,41,0.3,MODERADO,R010|R012,2,1,
250901104,RECHAZADO,25,0.3,MODERADO,R010,1,0,
251003101,APROBADO,83,0.3,MODERADO,R001|R012,2,1,
251101102,RECHAZADO,58,0.3,MODERADO,R001,1,0,
251214101,RECHAZADO,37,0.3,MODERADO,,0,0,
251304101,APROBADO,96,0.3,MODERADO,R001|R005|R015,3,1,
251403101,RECHAZADO,15,0.3,MODERADO,R004,1,0,
251517102,RECHAZADO,30,0.3,MODERADO,,0,0,
251604102,RECHAZADO,12,0.3,MODERADO,R004,1,0,
251705103,RECHAZADO,41,0.3,MODERADO,,0,0,
251803101,REVISION_MANUAL,67,0.3,MODERADO,R001|R004|R005|R012,4,1,
251904102,REVISION_MANUAL,78,0.3,MODERADO,R001|R010|R012,3,1,
252003101,APROBADO,83,0.3,MODERADO,R001|R005,2,0,
252116101,APROBADO,100,0.3,MODERADO,R001|R005|R012,3,1,
252205102,RECHAZADO,27,0.3,MODERADO,R010,1,0,
252311101,RECHAZADO,0,0.3,MODERADO,R002,1,0,
252403101,RECHAZADO,57,0.3,MODERADO,R001,1,0,
252501103,RECHAZADO,13,0.3,MODERADO,R004,1,0,
252602102,RECHAZADO,38,0.3,MODERADO,R010|R012,2,1,
252702101,APROBADO,100,0.3,MODERADO,R001|R003|R012,3,1,
252804102,REVISION_MANUAL,65,0.3,MODERADO,R005|R012,2,1,
252909102,RECHAZADO,13,0.3,MODERADO,R004,1,0,
253001104,RECHAZADO,0,0.3,MODERADO,R002|R009,2,0,
253101102,REVISION_MANUAL,70,0.3,MODERADO,R001,1,0,
253203101,REVISION_MANUAL,76,0.3,MODERADO,R001|R005,2,0,
253305102,APROBADO,81,0.3,MODERADO,R001|R012,2,1,
253410102,RECHAZADO,15,0.3,MODERADO,R009,1,0,
253516101,RECHAZADO,48,0.3,MODERADO,R005,1,0,
253616102,RECHAZADO,27,0.3,MODERADO,R002|R005,2,0,
253702101,RECHAZADO,46,0.3,MODERADO,R012,1,1,
253804103,RECHAZADO,0,0.3,MODERADO,R004|R009,2,0,
253904101,APROBADO,100,0.3,MODERADO,R001|R005|R012,3,1,
254018101,RECHAZADO,40,0.3,MODERADO,,0,0,
254103102,RECHAZADO,47,0.3,MODERADO,R005,1,0,
254202102,APROBADO,85,0.3,MODERADO,R001|R005,2,0,
254303101,RECHAZADO,51,0.3,MODERADO,R012,1,1,
254403102,RECHAZADO,22,0.3,MODERADO,R004|R012,2,1,
254507101,REVISION_MANUAL,62,0.3,MODERADO,R001,1,0,
254605102,RECHAZADO,11,0.3,MODERADO,R004,1,0,
254705102,RECHAZADO,15,0.3,MODERADO,R010,1,0,
254805101,RECHAZADO,0,0.3,MODERADO,R002|R004|R005,3,0,
254905102,APROBADO,91,0.3,MODERADO,R001|R005|R010|R012,4,1,
255002101,APROBADO,100,0.3,MODERADO,R001|R005|R012|R015,4,2,
255105101,RECHAZADO,41,0.3,MODERADO,R012,1,1,
255201101,APROBADO,84,0.3,MODERADO,R001|R012,2,1,
255317101,REVISION_MANUAL,67,0.3,MODERADO,R005|R012,2,1,
255420102,RECHAZADO,4,0.3,MODERADO,R002,1,0,
255504101,RECHAZADO,51,0.3,MODERADO,R012,1,1,
255603101,RECHAZADO,52,0.3,MODERADO,R012,1,1,
255707103,RECHAZADO,0,0.3,MODERADO,R002|R004|R010,3,0,
255804101,RECHAZADO,50,0.3,MODERADO,R012,1,1,
255903104,RECHAZADO,7,0.3,MODERADO,R004|R009|R012,3,1,
256002101,RECHAZADO,13,0.3,MODERADO,R004,1,0,
256117101,RECHAZADO,0,0.3,MODERADO,R002|R010,2,0,
256202101,RECHAZADO,43,0.3,MODERADO,,0,0,
256303101,APROBADO,100,0.3,MODERADO,R001|R005|R012,3,1,
256402102,RECHAZADO,26,0.3,MODERADO,R004|R012,2,1,
256516102,RECHAZADO,13,0.3,MODERADO,R004,1,0,
256613101,RECHAZADO,45,0.3,MODERADO,R005,1,0,
256701101,RECHAZADO,26,0.3,MODERADO,R004|R005,2,0,
256805101,REVISION_MANUAL,61,0.3,MODERADO,R001,1,0,
256912102,RECHAZADO,12,0.3,MODERADO,R004,1,0,
257016102,RECHAZADO,22,0.3,MODERADO,R004|R012,2,1,
257104101,APROBADO,100,0.3,MODERADO,R001|R005|R012|R015,4,2,
257203104,RECHAZADO,9,0.3,MODERADO,R004|R010|R012,3,1,
257316102,RECHAZADO,13,0.3,MODERADO,R004,1,0,
257404101,RECHAZADO,51,0.3,MODERADO,R012,1,1,
257514101,RECHAZADO,45,0.3,MODERADO,R005,1,0,
257605101,RECHAZADO,22,0.3,MODERADO,R002|R005,2,0,
257706101,RECHAZADO,29,0.3,MODERADO,,0,0,
257804101,REVISION_MANUAL,65,0.3,MODERADO,R005|R012,2,1,
257904101,APROBADO,84,0.3,MODERADO,R001|R012,2,1,
258001102,RECHAZADO,41,0.3,MODERADO,,0,0,
258103102,APROBADO,86,0.3,MODERADO,R001|R012,2,1,
258208101,RECHAZADO,43,0.3,MODERADO,R005,1,0,
258304101,REVISION_MANUAL,70,0.3,MODERADO,R001|R004|R005|R012,4,1,
258403102,RECHAZADO,53,0.3,MODERADO,R012,1,1,
258509101,RECHAZADO,28,0.3,MODERADO,R004|R005,2,0,
258604102,REVISION_MANUAL,73,0.3,MODERADO,R001,1,0,
258702103,RECHAZADO,59,0.3,MODERADO,R001,1,0,
258802101,RECHAZADO,42,0.3,MODERADO,R012,1,1,
258919101,RECHAZADO,39,0.3,MODERADO,,0,0,
259004101,RECHAZADO,38,0.3,MODERADO,R002|R005|R015,3,1,
259106101,RECHAZADO,45,0.3,MODERADO,R005,1,0,
259201102,RECHAZADO,13,0.3,MODERADO,R004,1,0,
259301106,RECHAZADO,13,0.3,MODERADO,R009|R010,2,0,
259405101,RECHAZADO,53,0.3,MODERADO,R001|R004|R012,3,1,
259503102,RECHAZADO,53,0.3,MODERADO,R012,1,1,
259602101,RECHAZADO,52,0.3,MODERADO,R012,1,1,
259705102,RECHAZADO,22,0.3,MODERADO,R004|R012,2,1,
259804101,APROBADO,82,0.3,MODERADO,R001|R006,2,0,
259903101,RECHAZADO,44,0.3,MODERADO,R005,1,0,
260005102,RECHAZADO,11,0.3,MODERADO,R002|R005,2,0,
260102102,APROBADO,100,0.3,MODERADO,R001|R005|R012|R015,4,2,
260205101,RECHAZADO,41,0.3,MODERADO,,0,0,
260301101,RECHAZADO,54,0.3,MODERADO,R005|R010|R012,3,1,
260417101,REVISION_MANUAL,60,0.3,MODERADO,R005|R012,2,1,
260501105,APROBADO,84,0.3,MODERADO,R001|R012,2,1,
260605101,REVISION_MANUAL,67,0.3,MODERADO,R001|R004|R005|R012,4,1,
260705101,APROBADO,100,0.3,MODERADO,R001|R005|R012,3,1,
260801101,RECHAZADO,28,0.3,MODERADO,R004|R005,2,0,
260903101,RECHAZADO,43,0.3,MODERADO,R001|R004,2,0,
261015102,RECHAZADO,13,0.3,MODERADO,R004,1,0,
261101102,RECHAZADO,12,0.3,MODERADO,R004,1,0,
261203101,RECHAZADO,40,0.3,MODERADO,,0,0,
261302102,RECHAZADO,53,0.3,MODERADO,R012,1,1,
261401101,APROBADO,100,0.3,MODERADO,R001|R005|R012|R015,4,2,
261503101,RECHAZADO,21,0.3,MODERADO,R004|R012,2,1,
261604102,APROBADO,87,0.3,MODERADO,R001|R012,2,1,
261704101,APROBADO,100,0.3,MODERADO,R001|R005|R012|R015,4,2,
261816102,RECHAZADO,15,0.3,MODERADO,R004,1,0,
261901101,RECHAZADO,51,0.3,MODERADO,R001|R004|R012,3,1,
262001102,RECHAZADO,0,0.3,MODERADO,R002,1,0,
262103101,APROBADO,100,0.3,MODERADO,R001|R005|R012|R015,4,2,
262201101,APROBADO,100,0.3,MODERADO,R001|R003|R005|R012,4,1,
262304101,REVISION_MANUAL,71,0.3,MODERADO,R001,1,0,
262411102,RECHAZADO,22,0.3,MODERADO,R004|R012,2,1,
262513103,RECHAZADO,38,0.3,MODERADO,,0,0,
262602101,APROBADO,95,0.3,MODERADO,R001|R012,2,1,
262704103,RECHAZADO,30,0.3,MODERADO,,0,0,
262819101,RECHAZADO,26,0.3,MODERADO,R004|R005,2,0,
262819201,RECHAZADO,13,0.3,MODERADO,R004,1,0,
262910101,RECHAZADO,11,0.3,MODERADO,R004,1,0,
263002101,RECHAZADO,8,0.3,MODERADO,R002|R005,2,0,
263108101,RECHAZADO,11,0.3,MODERADO,R004,1,0,
263202101,RECHAZADO,33,0.3,MODERADO,,0,0,
263306103,RECHAZADO,55,0.3,MODERADO,R001|R010,2,0,
263402101,RECHAZADO,52,0.3,MODERADO,R012,1,1,
263502103,RECHAZADO,37,0.3,MODERADO,,0,0,
263602101,RECHAZADO,21,0.3,MODERADO,R002|R005,2,0,
263704101,RECHAZADO,21,0.3,MODERADO,R002|R005,2,0,
263802101,RECHAZADO,40,0.3,MODERADO,,0,0,
263903101,RECHAZADO,27,0.3,MODERADO,R002,1,0,
264004101,APROBADO,85,0.3,MODERADO,R001|R012,2,1,
264111101,RECHAZADO,24,0.3,MODERADO,R004|R005,2,0,
264202102,APROBADO,100,0.3,MODERADO,R001|R005|R012,3,1,
264315103,RECHAZADO,27,0.3,MODERADO,R010,1,0,
264413102,REVISION_MANUAL,68,0.3,MODERADO,R001,1,0,
264504102,RECHAZADO,43,0.3,MODERADO,R012,1,1,
264602101,RECHAZADO,19,0.3,MODERADO,R002|R005,2,0,
264702101,REVISION_MANUAL,66,0.3,MODERADO,R005|R015,2,1,
264804101,RECHAZADO,10,0.3,MODERADO,R002,1,0,
264915102,REVISION_MANUAL,72,0.3,MODERADO,R001|R005,2,0,
265003101,APROBADO,96,0.3,MODERADO,R001|R005|R015,3,1,
265105102,APROBADO,89,0.3,MODERADO,R001|R012,2,1,
265209102,RECHAZADO,29,0.3,MODERADO,,0,0,
265304103,RECHAZADO,38,0.3,MODERADO,R004|R005|R012,3,1,
265405102,RECHAZADO,47,0.3,MODERADO,R001|R010,2,0,
265516101,RECHAZADO,45,0.3,MODERADO,R005,1,0,
265609102,APROBADO,100,0.3,MODERADO,R001|R005|R012,3,1,
265713101,RECHAZADO,45,0.3,MODERADO,R005,1,0,
265805106,RECHAZADO,31,0.3,MODERADO,,0,0,
265906102,RECHAZADO,0,0.3,MODERADO,R004|R010,2,0,
266003101,RECHAZADO,40,0.3,MODERADO,R002|R005|R015,3,1,
266103101,REVISION_MANUAL,68,0.3,MODERADO,R001|R004|R005|R012,4,1,
266218101,APROBADO,100,0.3,MODERADO,R001|R005|R012,3,1,
266305101,RECHAZADO,44,0.3,MODERADO,R005,1,0,
266402101,RECHAZADO,54,0.3,MODERADO,R012,1,1,
266515103,REVISION_MANUAL,71,0.3,MODERADO,R001,1,0,
266605101,RECHAZADO,22,0.3,MODERADO,R004|R012,2,1,
266706101,RECHAZADO,28,0.3,MODERADO,R004|R005,2,0,
266706201,RECHAZADO,43,0.3,MODERADO,R002|R005|R006|R015,4,1,
266804103,APROBADO,88,0.3,MODERADO,R001|R012,2,1,
266901101,RECHAZADO,59,0.3,MODERADO,R005|R012,2,1,
267008102,RECHAZADO,19,0.3,MODERADO,R004|R012,2,1,
267116102,RECHAZADO,10,0.3,MODERADO,R004,1,0,
267220101,RECHAZADO,54,0.3,MODERADO,R012,1,1,
267301102,APROBADO,99,0.3,MODERADO,R001|R005|R006,3,0,
267411101,RECHAZADO,38,0.3,MODERADO,,0,0,
267411202,RECHAZADO,10,0.3,MODERADO,R004,1,0,
267504102,RECHAZADO,7,0.3,MODERADO,R004|R009|R012,3,1,
267602101,RECHAZADO,59,0.3,MODERADO,R005|R012,2,1,
267701101,APROBADO,98,0.3,MODERADO,R001|R005|R012,3,1,
267811101,RECHAZADO,58,0.3,MODERADO,R001,1,0,
267908102,RECHAZADO,39,0.3,MODERADO,,0,0,
268010101,APROBADO,87,0.3,MODERADO,R001|R005,2,0,
268101104,RECHAZADO,36,0.3,MODERADO,,0,0,
268214102,REVISION_MANUAL,75,0.3,MODERADO,R001|R005,2,0,
268306102,RECHAZADO,37,0.3,MODERADO,,0,0,
268401101,REVISION_MANUAL,78,0.3,MODERADO,R003|R012,2,1,
268502102,APROBADO,96,0.3,MODERADO,R001|R005|R012,3,1,
268603103,RECHAZADO,52,0.3,MODERADO,R012,1,1,
268716102,RECHAZADO,42,0.3,MODERADO,R012,1,1,
268814102,RECHAZADO,40,0.3,MODERADO,,0,0,
268905103,REVISION_MANUAL,70,0.3,MODERADO,R001,1,0,
269002102,RECHAZADO,42,0.3,MODERADO,,0,0,
269118102,RECHAZADO,41,0.3,MODERADO,,0,0,
269204105,RECHAZADO,39,0.3,MODERADO,R001|R004|R010|R012,4,1,
269305102,REVISION_MANUAL,71,0.3,MODERADO,R001,1,0,
269402102,RECHAZADO,26,0.3,MODERADO,R004|R005,2,0,
269503101,RECHAZADO,27,0.3,MODERADO,R002|R005,2,0,
269601102,RECHAZADO,38,0.3,MODERADO,,0,0,
269703101,REVISION_MANUAL,61,0.3,MODERADO,R001,1,0,
269810101,APROBADO,87,0.3,MODERADO,R001|R005|R012,3,1,
269909101,RECHAZADO,11,0.3,MODERADO,R004,1,0,
270001104,REVISION_MANUAL,71,0.3,MODERADO,R001,1,0,
270104102,APROBADO,81,0.3,MODERADO,R003|R012,2,1,
270205101,APROBADO,83,0.3,MODERADO,R001|R005|R010|R012,4,1,
270302104,RECHAZADO,28,0.3,MODERADO,,0,0,
270405102,RECHAZADO,13,0.3,MODERADO,R004,1,0,
270502103,APROBADO,100,0.3,MODERADO,R001|R005|R012|R015,4,2,
270605102,APROBADO,100,0.3,MODERADO,R001|R005|R012|R015,4,2,
270712101,RECHAZADO,28,0.3,MODERADO,R004|R012,2,1,
270804102,RECHAZADO,38,0.3,MODERADO,R012,1,1,
270901102,RECHAZADO,8,0.3,MODERADO,R004|R009|R012,3,1,
271004101,REVISION_MANUAL,71,0.3,MODERADO,R001,1,0,
271102101,RECHAZADO,45,0.3,MODERADO,R005,1,0,
271205101,APROBADO,80,0.3,MODERADO,R001|R012,2,1,
271310101,RECHAZADO,26,0.3,MODERADO,R004|R005,2,0,
271401101,RECHAZADO,26,0.3,MODERADO,R004|R005,2,0,
271502104,RECHAZADO,11,0.3,MODERADO,R004|R009|R012,3,1,
271601102,RECHAZADO,30,0.3,MODERADO,R005|R010,2,0,
271702101,APROBADO,100,0.3,MODERADO,R001|R005|R012|R015,4,2,
271804102,REVISION_MANUAL,71,0.3,MODERADO,R001|R004|R005|R012,4,1,
271909101,RECHAZADO,42,0.3,MODERADO,R002|R003|R005,3,0,
272002103,RECHAZADO,39,0.3,MODERADO,,0,0,
272102101,RECHAZADO,43,0.3,MODERADO,,0,0,
272205103,RECHAZADO,16,0.3,MODERADO,R009,1,0,
272301101,RECHAZADO,26,0.3,MODERADO,R004|R005,2,0,
272404101,RECHAZADO,40,0.3,MODERADO,,0,0,
272508101,RECHAZADO,30,0.3,MODERADO,R002|R005|R015,3,1,
272604101,RECHAZADO,40,0.3,MODERADO,,0,0,
272705101,RECHAZADO,13,0.3,MODERADO,R004,1,0,
272805103,RECHAZADO,11,0.3,MODERADO,R004,1,0,
272914103,RECHAZADO,39,0.3,MODERADO,,0,0,
273004101,APROBADO,100,0.3,MODERADO,R001|R005|R012,3,1,
273102102,RECHAZADO,0,0.3,MODERADO,R002|R004|R005|R010,4,0,
273203101,APROBADO,84,0.3,MODERADO,R001|R005|R012,3,1,
273303101,APROBADO,100,0.3,MODERADO,R001|R005|R012,3,1,
273404102,APROBADO,100,0.3,MODERADO,R001|R012,2,1,
273504102,RECHAZADO,22,0.3,MODERADO,R004|R012,2,1,
273602101,RECHAZADO,41,0.3,MODERADO,,0,0,
273702101,REVISION_MANUAL,70,0.3,MODERADO,R001|R004|R005|R012,4,1,
273803102,RECHAZADO,22,0.3,MODERADO,R004|R012,2,1,
273902102,RECHAZADO,49,0.3,MODERADO,R012,1,1,
274004102,RECHAZADO,30,0.3,MODERADO,,0,0,
274119101,RECHAZADO,27,0.3,MODERADO,R004|R005,2,0,
274206103,APROBADO,100,0.3,MODERADO,R001|R003|R012,3,1,
274303101,REVISION_MANUAL,67,0.3,MODERADO,R005|R012,2,1,
274405101,RECHAZADO,57,0.3,MODERADO,R012,1,1,
274520101,RECHAZADO,28,0.3,MODERADO,R004|R005,2,0,
274614101,RECHAZADO,41,0.3,MODERADO,,0,0,
274703102,APROBADO,100,0.3,MODERADO,R001|R005|R012,3,1,
274803101,APROBADO,100,0.3,MODERADO,R001|R005|R012,3,1,
274902101,RECHAZADO,37,0.3,MODERADO,R004|R005|R012,3,1,
275005101,RECHAZADO,45,0.3,MODERADO,R005,1,0,
275104101,RECHAZADO,32,0.3,MODERADO,R005|R010,2,0,
275203101,APROBADO,86,0.3,MODERADO,R001|R005,2,0,
275309104,RECHAZADO,27,0.3,MODERADO,R004|R005,2,0,
275403101,RECHAZADO,37,0.3,MODERADO,,0,0,
275501106,RECHAZADO,58,0.3,MODERADO,R001|R004|R012,3,1,
275604102,RECHAZADO,12,0.3,MODERADO,R004,1,0,
275715101,RECHAZADO,53,0.3,MODERADO,R005,1,0,
275802101,RECHAZADO,39,0.3,MODERADO,,0,0,
275903103,RECHAZADO,40,0.3,MODERADO,R009|R012,2,1,
276020101,APROBADO,84,0.3,MODERADO,R001|R006,2,0,
276103101,RECHAZADO,53,0.3,MODERADO,R012,1,1,
276205101,APROBADO,81,0.3,MODERADO,R001|R012,2,1,
276304103,RECHAZADO,51,0.3,MODERADO,R012,1,1,
276405102,RECHAZADO,56,0.3,MODERADO,R001|R004|R012,3,1,
276503101,RECHAZADO,4,0.3,MODERADO,R002,1,0,
276614102,REVISION_MANUAL,66,0.3,MODERADO,R005|R012,2,1,
276702102,RECHAZADO,55,0.3,MODERADO,R005,1,0,
276812103,RECHAZADO,0,0.3,MODERADO,R002|R004|R005,3,0,
276912101,RECHAZADO,43,0.3,MODERADO,R005,1,0,
277005103,RECHAZADO,10,0.3,MODERADO,R004|R009|R012,3,1,
277108101,RECHAZADO,59,0.3,MODERADO,R001,1,0,
277206102,RECHAZADO,25,0.3,MODERADO,R004|R005,2,0,
277305102,RECHAZADO,59,0.3,MODERADO,R005|R012,2,1,
277401101,REVISION_MANUAL,75,0.3,MODERADO,R001|R005,2,0,
277501101,RECHAZADO,20,0.3,MODERADO,R002|R005,2,0,
277607101,REVISION_MANUAL,65,0.3,MODERADO,R005|R012,2,1,
277705103,RECHAZADO,50,0.3,MODERADO,R012,1,1,
277902101,RECHAZADO,57,0.3,MODERADO,R012,1,1,
278002102,RECHAZADO,27,0.3,MODERADO,R004|R012,2,1,
278109101,APROBADO,85,0.3,MODERADO,R001|R005|R012,3,1,
278205101,REVISION_MANUAL,67,0.3,MODERADO,R005|R012,2,1,
278304101,RECHAZADO,28,0.3,MODERADO,R002|R005,2,0,
278405102,REVISION_MANUAL,70,0.3,MODERADO,R001|R004|R005|R006,4,0,
278501102,REVISION_MANUAL,70,0.3,MODERADO,R001,1,0,
278615101,RECHAZADO,55,0.3,MODERADO,R005|R012,2,1,
278704101,RECHAZADO,58,0.3,MODERADO,R001|R004|R005,3,0,
278814103,REVISION_MANUAL,65,0.3,MODERADO,R001|R009|R012,3,1,
278905101,RECHAZADO,13,0.3,MODERADO,R004,1,0,
279003102,REVISION_MANUAL,63,0.3,MODERADO,R005|R015,2,1,
279104101,RECHAZADO,10,0.3,MODERADO,R004,1,0,
279202103,RECHAZADO,58,0.3,MODERADO,R001,1,0,
279305103,APROBADO,81,0.3,MODERADO,R001|R012,2,1,
279402106,APROBADO,88,0.3,MODERADO,R001|R012,2,1,
279516102,RECHAZADO,0,0.3,MODERADO,R002|R004|R005,3,0,
279601102,REVISION_MANUAL,67,0.3,MODERADO,R001,1,0,
279703101,APROBADO,96,0.3,MODERADO,R001|R005|R012,3,1,
279809101,RECHAZADO,31,0.3,MODERADO,,0,0,
279902103,RECHAZADO,30,0.3,MODERADO,,0,0,
279902202,RECHAZADO,28,0.3,MODERADO,R004|R005,2,0,
280002103,RECHAZADO,5,0.3,MODERADO,R002,1,0,
280102101,RECHAZADO,32,0.3,MODERADO,,0,0,
280202101,RECHAZADO,27,0.3,MODERADO,R004|R005,2,0,
280305102,RECHAZADO,58,0.3,MODERADO,R012,1,1,
280404103,RECHAZADO,35,0.3,MODERADO,R009|R012,2,1,
280508102,APROBADO,85,0.3,MODERADO,R001|R005|R012,3,1,
280604101,RECHAZADO,53,0.3,MODERADO,R001|R004|R005|R010|R012,5,1,
280702101,RECHAZADO,48,0.3,MODERADO,R005,1,0,
280803102,RECHAZADO,42,0.3,MODERADO,R005,1,0,
280905102,RECHAZADO,27,0.3,MODERADO,,0,0,
281001101,RECHAZADO,41,0.3,MODERADO,R001|R004,2,0,
281105101,RECHAZADO,24,0.3,MODERADO,R004|R012,2,1,
281204101,APROBADO,93,0.3,MODERADO,R001|R005|R015,3,1,
281303101,RECHAZADO,43,0.3,MODERADO,R012,1,1,
281504101,RECHAZADO,54,0.3,MODERADO,R012,1,1,
281605102,RECHAZADO,30,0.3,MODERADO,,0,0,
281704102,REVISION_MANUAL,75,0.3,MODERADO,R001|R005,2,0,
281801102,APROBADO,87,0.3,MODERADO,R001|R005|R012,3,1,
281920101,RECHAZADO,53,0.3,MODERADO,R005,1,0,
282010102,RECHAZADO,32,0.3,MODERADO,,0,0,
282119102,RECHAZADO,0,0.3,MODERADO,R002|R004|R005,3,0,
282204101,REVISION_MANUAL,74,0.3,MODERADO,R001|R012,2,1,
282306101,RECHAZADO,56,0.3,MODERADO,R005,1,0,
282404101,RECHAZADO,0,0.3,MODERADO,R002|R005|R010,3,0,
282501101,RECHAZADO,58,0.3,MODERADO,R012,1,1,
282618102,RECHAZADO,13,0.3,MODERADO,R004,1,0,
282702102,RECHAZADO,28,0.3,MODERADO,,0,0,
282803101,APROBADO,100,0.3,MODERADO,R001|R005|R012|R015,4,2,
282901103,APROBADO,90,0.3,MODERADO,R001|R012,2,1,
283008102,RECHAZADO,0,0.3,MODERADO,R004|R009,2,0,
283102102,RECHAZADO,10,0.3,MODERADO,R004,1,0,
283203101,APROBADO,82,0.3,MODERADO,R003|R012,2,1,
283301101,RECHAZADO,53,0.3,MODERADO,R012,1,1,
283419101,RECHAZADO,58,0.3,MODERADO,R001,1,0,
283503101,RECHAZADO,44,0.3,MODERADO,R005,1,0,
283606103,RECHAZADO,29,0.3,MODERADO,,0,0,
283702101,RECHAZADO,52,0.3,MODERADO,R012,1,1,
283803101,APROBADO,83,0.3,MODERADO,R001|R005,2,0,
283901101,RECHAZADO,48,0.3,MODERADO,R012,1,1,
284012101,RECHAZADO,42,0.3,MODERADO,R005,1,0,
284102101,APROBADO,80,0.3,MODERADO,R001|R012,2,1,
284201102,RECHAZADO,31,0.3,MODERADO,R002|R005|R015,3,1,
284304102,RECHAZADO,57,0.3,MODERADO,R001|R004|R012,3,1,
284404102,RECHAZADO,10,0.3,MODERADO,R004,1,0,
284513103,RECHAZADO,0,0.3,MODERADO,R002|R010,2,0,
284605101,APROBADO,81,0.3,MODERADO,R001|R005,2,0,
284701101,RECHAZADO,32,0.3,MODERADO,,0,0,
284802101,APROBADO,86,0.3,MODERADO,R001|R005,2,0,
284911101,REVISION_MANUAL,60,0.3,MODERADO,R001,1,0,
285005102,APROBADO,88,0.3,MODERADO,R001|R005|R012,3,1,
285104101,RECHAZADO,40,0.3,MODERADO,,0,0,
285214101,REVISION_MANUAL,60,0.3,MODERADO,R001,1,0,
285307101,RECHAZADO,19,0.3,MODERADO,R002|R005,2,0,
285407101,RECHAZADO,13,0.3,MODERADO,R004,1,0,
285504101,APROBADO,97,0.3,MODERADO,R001|R005|R012,3,1,
285617101,RECHAZADO,28,0.3,MODERADO,R004|R005,2,0,
285704101,REVISION_MANUAL,65,0.3,MODERADO,R001|R004|R005|R012,4,1,
285803103,APROBADO,86,0.3,MODERADO,R001|R005|R012,3,1,
285902101,APROBADO,100,0.3,MODERADO,R001|R005|R012|R015,4,2,
286005101,APROBADO,97,0.3,MODERADO,R001|R005|R012,3,1,
286105101,REVISION_MANUAL,65,0.3,MODERADO,R005|R012,2,1,
286203102,RECHAZADO,58,0.3,MODERADO,R001|R004|R005,3,0,
286302102,RECHAZADO,10,0.3,MODERADO,R004,1,0,
286402102,RECHAZADO,41,0.3,MODERADO,,0,0,
286517103,RECHAZADO,27,0.3,MODERADO,R009,1,0,
286604101,APROBADO,85,0.3,MODERADO,R001|R005,2,0,
286703101,APROBADO,100,0.3,MODERADO,R001|R005|R012,3,1,
286804101,RECHAZADO,46,0.3,MODERADO,R005,1,0,
286901103,RECHAZADO,10,0.3,MODERADO,R004|R009|R012,3,1,
287004102,RECHAZADO,55,0.3,MODERADO,R001|R004|R012,3,1,
287104101,APROBADO,100,0.3,MODERADO,R001|R003|R005|R012|R015,5,2,
287220101,RECHAZADO,15,0.3,MODERADO,R004,1,0,
287303101,REVISION_MANUAL,66,0.3,MODERADO,R005|R012,2,1,
287405103,REVISION_MANUAL,69,0.3,MODERADO,R001,1,0,
287509101,REVISION_MANUAL,72,0.3,MODERADO,R001,1,0,
287605101,RECHAZADO,12,0.3,MODERADO,R004,1,0,
287701102,RECHAZADO,23,0.3,MODERADO,R004|R012,2,1,
287803101,RECHAZADO,56,0.3,MODERADO,R012,1,1,
287903101,RECHAZADO,54,0.3,MODERADO,R005,1,0,
288005101,REVISION_MANUAL,70,0.3,MODERADO,R005|R012,2,1,
288115101,RECHAZADO,5,0.3,MODERADO,R002,1,0,
288212102,RECHAZADO,25,0.3,MODERADO,R004|R005,2,0,
288305102,RECHAZADO,13,0.3,MODERADO,R004,1,0,
288401103,RECHAZADO,38,0.3,MODERADO,,0,0,
288513101,APROBADO,83,0.3,MODERADO,R001|R005,2,0,
288605101,REVISION_MANUAL,71,0.3,MODERADO,R001|R004|R005|R012,4,1,
288702102,RECHAZADO,33,0.3,MODERADO,R002|R005|R006,3,0,
288812101,REVISION_MANUAL,68,0.3,MODERADO,R005|R012,2,1,
288904101,RECHAZADO,10,0.3,MODERADO,R004,1,0,
289005101,REVISION_MANUAL,68,0.3,MODERADO,R005|R012,2,1,
289105101,REVISION_MANUAL,69,0.3,MODERADO,R001|R012,2,1,
289203101,RECHAZADO,38,0.3,MODERADO,,0,0,
289305101,RECHAZADO,58,0.3,MODERADO,R012,1,1,
289404101,RECHAZADO,26,0.3,MODERADO,,0,0,
289505104,RECHAZADO,0,0.3,MODERADO,R002|R004|R010,3,0,
289603101,APROBADO,100,0.3,MODERADO,R001|R005|R012|R015,4,2,
289702103,REVISION_MANUAL,64,0.3,MODERADO,R005|R012,2,1,
289803102,RECHAZADO,56,0.3,MODERADO,R012,1,1,
289914101,RECHAZADO,12,0.3,MODERADO,R004,1,0,
290020101,APROBADO,100,0.3,MODERADO,R001|R005|R012|R015,4,2,
290101101,RECHAZADO,20,0.3,MODERADO,R002|R005,2,0,
290211101,RECHAZADO,20,0.3,MODERADO,R004|R012,2,1,
290301104,RECHAZADO,10,0.3,MODERADO,R004|R009|R012,3,1,
290405103,RECHAZADO,46,0.3,MODERADO,R012,1,1,
290505103,RECHAZADO,41,0.3,MODERADO,,0,0,
290505202,REVISION_MANUAL,71,0.3,MODERADO,R001,1,0,
290505302,RECHAZADO,12,0.3,MODERADO,R004,1,0,
290603101,REVISION_MANUAL,68,0.3,MODERADO,R001|R004|R005|R012,4,1,
290709101,RECHAZADO,34,0.3,MODERADO,R002|R005|R015,3,1,
290803102,RECHAZADO,11,0.3,MODERADO,R004,1,0,
290904104,APROBADO,83,0.3,MODERADO,R001|R005,2,0,
291004101,RECHAZADO,22,0.3,MODERADO,R002|R005,2,0,
291105101,RECHAZADO,10,0.3,MODERADO,R004,1,0,
291204101,APROBADO,86,0.3,MODERADO,R001|R012,2,1,
291302102,RECHAZADO,43,0.3,MODERADO,,0,0,
291401102,RECHAZADO,39,0.3,MODERADO,R001|R004|R010|R012,4,1,
291501101,RECHAZADO,24,0.3,MODERADO,R002|R005,2,0,
291601102,APROBADO,80,0.3,MODERADO,R001|R012,2,1,
291705102,RECHAZADO,8,0.3,MODERADO,R004,1,0,
291805101,RECHAZADO,27,0.3,MODERADO,R002|R005,2,0,
291906101,RECHAZADO,31,0.3,MODERADO,,0,0,
292005101,RECHAZADO,30,0.3,MODERADO,,0,0,
292103103,APROBADO,81,0.3,MODERADO,R001|R006,2,0,
292203101,APROBADO,97,0.3,MODERADO,R001|R005|R012,3,1,
292303102,REVISION_MANUAL,68,0.3,MODERADO,R001|R010|R012,3,1,
292417102,RECHAZADO,15,0.3,MODERADO,R004,1,0,
292502102,RECHAZADO,12,0.3,MODERADO,R004,1,0,
292604101,RECHAZADO,6,0.3,MODERADO,R002,1,0,
292701101,RECHAZADO,27,0.3,MODERADO,R004|R012,2,1,
292809101,RECHAZADO,28,0.3,MODERADO,R004|R005,2,0,
292901101,RECHAZADO,29,0.3,MODERADO,,0,0,
293015101,RECHAZADO,26,0.3,MODERADO,R004|R005,2,0,
293120101,REVISION_MANUAL,73,0.3,MODERADO,R001,1,0,
293202101,RECHAZADO,23,0.3,MODERADO,R004|R005,2,0,
293303102,RECHAZADO,29,0.3,MODERADO,,0,0,
293404102,REVISION_MANUAL,68,0.3,MODERADO,R001|R004|R005|R012,4,1,
293503104,APROBADO,82,0.3,MODERADO,R001|R012,2,1,
293616102,RECHAZADO,50,0.3,MODERADO,R012,1,1,
293702101,RECHAZADO,45,0.3,MODERADO,R005,1,0,
293818102,RECHAZADO,55,0.3,MODERADO,R005,1,0,
293903101,APROBADO,100,0.3,MODERADO,R001|R005|R012,3,1,
294011101,APROBADO,93,0.3,MODERADO,R005|R012|R015,3,2,
294105101,RECHAZADO,25,0.3,MODERADO,R002|R005,2,0,
294203102,RECHAZADO,49,0.3,MODERADO,R012,1,1,
294303101,RECHAZADO,43,0.3,MODERADO,R005,1,0,
294405101,RECHAZADO,28,0.3,MODERADO,R004|R005,2,0,
294502101,APROBADO,100,0.3,MODERADO,R001|R005|R012,3,1,
294604101,RECHAZADO,43,0.3,MODERADO,R012,1,1,
294701103,RECHAZADO,36,0.3,MODERADO,,0,0,
294802101,REVISION_MANUAL,68,0.3,MODERADO,R001|R004|R005|R012,4,1,
294901101,RECHAZADO,40,0.3,MODERADO,R012,1,1,
295004101,RECHAZADO,59,0.3,MODERADO,R005|R012,2,1,
295116102,RECHAZADO,52,0.3,MODERADO,R005,1,0,
295210101,RECHAZADO,13,0.3,MODERADO,R004,1,0,
295303102,RECHAZADO,10,0.3,MODERADO,R004,1,0,
295405101,RECHAZADO,9,0.3,MODERADO,R002|R005,2,0,
295503101,RECHAZADO,8,0.3,MODERADO,R002|R005,2,0,
295613102,REVISION_MANUAL,67,0.3,MODERADO,R001|R004|R005|R012,4,1,
295703102,RECHAZADO,27,0.3,MODERADO,R004|R012,2,1,
295806102,RECHAZADO,38,0.3,MODERADO,,0,0,
295902101,RECHAZADO,48,0.3,MODERADO,R004|R005|R012,3,1,
296001101,APROBADO,100,0.3,MODERADO,R001|R005|R012,3,1,
296101101,RECHAZADO,58,0.3,MODERADO,R005,1,0,
296210103,REVISION_MANUAL,71,0.3,MODERADO,R001,1,0,
296304102,RECHAZADO,57,0.3,MODERADO,R005|R012,2,1,
296403101,RECHAZADO,8,0.3,MODERADO,R004,1,0,
296520101,RECHAZADO,56,0.3,MODERADO,R005|R012,2,1,
296602101,APROBADO,83,0.3,MODERADO,R001|R012,2,1,
296707102,RECHAZADO,32,0.3,MODERADO,,0,0,
296804105,RECHAZADO,51,0.3,MODERADO,R012,1,1,
296906102,APROBADO,82,0.3,MODERADO,R001|R012,2,1,
297001101,RECHAZADO,29,0.3,MODERADO,,0,0,
297102103,REVISION_MANUAL,69,0.3,MODERADO,R001|R012,2,1,
297204101,RECHAZADO,35,0.3,MODERADO,R010|R012,2,1,
297302101,APROBADO,100,0.3,MODERADO,R001|R005|R012,3,1,
297411102,RECHAZADO,43,0.3,MODERADO,R005,1,0,
297502102,APROBADO,81,0.3,MODERADO,R001|R012,2,1,
297605101,RECHAZADO,55,0.3,MODERADO,R012,1,1,
297702101,APROBADO,97,0.3,MODERADO,R001|R005|R012,3,1,
297803101,RECHAZADO,55,0.3,MODERADO,R005,1,0,
297901103,RECHAZADO,53,0.3,MODERADO,R012,1,1,
298003103,APROBADO,85,0.3,MODERADO,R001|R012,2,1,
298104104,RECHAZADO,56,0.3,MODERADO,R012,1,1,
298203103,REVISION_MANUAL,67,0.3,MODERADO,R001|R009|R012,3,1,
298304101,RECHAZADO,26,0.3,MODERADO,R004|R012,2,1,
298402101,REVISION_MANUAL,69,0.3,MODERADO,R012,1,1,
298503102,RECHAZADO,26,0.3,MODERADO,R004|R005,2,0,
298604102,RECHAZADO,13,0.3,MODERADO,R004,1,0,
298703101,REVISION_MANUAL,64,0.3,MODERADO,R005|R012,2,1,
298803101,APROBADO,82,0.3,MODERADO,R001|R005|R010|R012,4,1,
298906102,RECHAZADO,40,0.3,MODERADO,R001|R004,2,0,
299001102,RECHAZADO,29,0.3,MODERADO,,0,0,
299102101,REVISION_MANUAL,79,0.3,MODERADO,R001|R012,2,1,
299202101,RECHAZADO,42,0.3,MODERADO,,0,0,
299302101,REVISION_MANUAL,71,0.3,MODERADO,R001|R004|R005|R012,4,1,
299411102,RECHAZADO,30,0.3,MODERADO,,0,0,
299504102,REVISION_MANUAL,73,0.3,MODERADO,R001,1,0,
299604104,RECHAZADO,43,0.3,MODERADO,R010|R012,2,1,
299702102,RECHAZADO,42,0.3,MODERADO,R001|R004|R005|R010,4,0,
299805102,REVISION_MANUAL,63,0.3,MODERADO,R001|R004|R012,3,1,
299905101,RECHAZADO,25,0.3,MODERADO,R002|R005,2,0,
300003101,RECHAZADO,41,0.3,MODERADO,R004|R005|R012,3,1,
300104102,RECHAZADO,12,0.3,MODERADO,R004,1,0,
300202102,APROBADO,82,0.3,MODERADO,R001|R012,2,1,
300317104,RECHAZADO,0,0.3,MODERADO,R004|R010,2,0,
300407101,RECHAZADO,28,0.3,MODERADO,R004|R005,2,0,
300505102,RECHAZADO,7,0.3,MODERADO,R004|R009|R012,3,1,
300604103,RECHAZADO,39,0.3,MODERADO,R001|R004|R010|R012,4,1,
300604201,REVISION_MANUAL,60,0.3,MODERADO,R012,1,1,
300702101,RECHAZADO,32,0.3,MODERADO,,0,0,
300815102,APROBADO,81,0.3,MODERADO,R001|R005,2,0,
300908101,RECHAZADO,30,0.3,MODERADO,,0,0,
301005102,RECHAZADO,0,0.3,MODERADO,R002|R004|R005,3,0,
301102101,RECHAZADO,43,0.3,MODERADO,,0,0,
301220102,RECHAZADO,12,0.3,MODERADO,R004,1,0,
301305104,RECHAZADO,55,0.3,MODERADO,R001|R010,2,0,
301417101,RECHAZADO,10,0.3,MODERADO,R004,1,0,
301505102,APROBADO,84,0.3,MODERADO,R001|R012,2,1,
301603101,RECHAZADO,18,0.3,MODERADO,R002|R005,2,0,
301702101,RECHAZADO,23,0.3,MODERADO,R002|R005,2,0,
301803102,RECHAZADO,57,0.3,MODERADO,R001|R009,2,0,
301905104,RECHAZADO,10,0.3,MODERADO,R004|R009|R012,3,1,
302006101,REVISION_MANUAL,77,0.3,MODERADO,R005|R012|R015,3,2,
302104103,RECHAZADO,47,0.3,MODERADO,R012,1,1,
302201102,RECHAZADO,27,0.3,MODERADO,R010,1,0,
302307101,RECHAZADO,41,0.3,MODERADO,R001|R004,2,0,
302401101,REVISION_MANUAL,71,0.3,MODERADO,R001|R004|R005|R012,4,1,
302504101,RECHAZADO,52,0.3,MODERADO,R012,1,1,
302615103,APROBADO,87,0.3,MODERADO,R001|R012,2,1,
302702101,APROBADO,100,0.3,MODERADO,R001|R005|R012,3,1,
302804101,REVISION_MANUAL,67,0.3,MODERADO,R005|R012,2,1,
302905102,REVISION_MANUAL,67,0.3,MODERADO,R005|R012,2,1,
303016101,RECHAZADO,27,0.3,MODERADO,R010,1,0,
303101101,REVISION_MANUAL,70,0.3,MODERADO,R001|R004|R005|R012,4,1,
303205101,RECHAZADO,41,0.3,MODERADO,,0,0,
303304101,REVISION_MANUAL,68,0.3,MODERADO,R001|R004|R005|R012,4,1,
303405101,RECHAZADO,14,0.3,MODERADO,R004,1,0,
303503102,APROBADO,100,0.3,MODERADO,R001|R005|R012,3,1,
303610101,RECHAZADO,43,0.3,MODERADO,R001|R004,2,0,
303702101,APROBADO,100,0.3,MODERADO,R001|R003|R005|R012|R015,5,2,
303804102,RECHAZADO,39,0.3,MODERADO,,0,0,
303904102,APROBADO,91,0.3,MODERADO,R001|R012,2,1,
304014102,RECHAZADO,28,0.3,MODERADO,R004|R005,2,0,
304103101,APROBADO,100,0.3,MODERADO,R001|R003|R005|R012,4,1,
304201104,RECHAZADO,23,0.3,MODERADO,R004|R012,2,1,
304316102,REVISION_MANUAL,68,0.3,MODERADO,R005|R012,2,1,
304401102,APROBADO,95,0.3,MODERADO,R001|R012,2,1,
304502102,APROBADO,100,0.3,MODERADO,R001|R005|R012,3,1,
304617102,RECHAZADO,29,0.3,MODERADO,,0,0,
304703102,RECHAZADO,58,0.3,MODERADO,R001|R004|R005,3,0,
304801101,RECHAZADO,26,0.3,MODERADO,R004|R005,2,0,
304915103,RECHAZADO,3,0.3,MODERADO,R009|R010,2,0,
305004102,RECHAZADO,12,0.3,MODERADO,R004,1,0,
305101103,APROBADO,100,0.3,MODERADO,R001|R005|R012,3,1,
305203101,RECHAZADO,43,0.3,MODERADO,R001|R004,2,0,
305304101,APROBADO,100,0.3,MODERADO,R001|R005|R006,3,0,
305414101,REVISION_MANUAL,70,0.3,MODERADO,R001,1,0,
305502102,REVISION_MANUAL,61,0.3,MODERADO,R001|R004|R012,3,1,
305604101,APROBADO,100,0.3,MODERADO,R001|R005|R012|R015,4,2,
305701102,RECHAZADO,8,0.3,MODERADO,R004,1,0,
305803101,RECHAZADO,0,0.3,MODERADO,R004|R009,2,0,
305903102,REVISION_MANUAL,66,0.3,MODERADO,R005|R015,2,1,
306004101,APROBADO,85,0.3,MODERADO,R001|R005|R012,3,1,
306103101,RECHAZADO,56,0.3,MODERADO,R001,1,0,
306205102,RECHAZADO,0,0.3,MODERADO,R002,1,0,
306302102,RECHAZADO,12,0.3,MODERADO,R004,1,0,
306401102,APROBADO,98,0.3,MODERADO,R001|R005|R012,3,1,
306518102,RECHAZADO,13,0.3,MODERADO,R009|R010|R012,3,1,
306613101,RECHAZADO,25,0.3,MODERADO,R004|R005,2,0,
306703101,RECHAZADO,28,0.3,MODERADO,R009|R012,2,1,
306805101,REVISION_MANUAL,67,0.3,MODERADO,R005|R012,2,1,
306916102,RECHAZADO,6,0.3,MODERADO,R002,1,0,
307009103,RECHAZADO,17,0.3,MODERADO,R010,1,0,
307116101,RECHAZADO,40,0.3,MODERADO,,0,0,
307205103,RECHAZADO,52,0.3,MODERADO,R012,1,1,
307303101,RECHAZADO,40,0.3,MODERADO,,0,0,
307403101,REVISION_MANUAL,73,0.3,MODERADO,R001,1,0,
307515102,RECHAZADO,11,0.3,MODERADO,R004,1,0,
307611101,RECHAZADO,58,0.3,MODERADO,R012,1,1,
307705102,REVISION_MANUAL,72,0.3,MODERADO,R001|R012,2,1,
307805101,RECHAZADO,40,0.3,MODERADO,,0,0,
307907101,REVISION_MANUAL,67,0.3,MODERADO,R005|R012,2,1,
308005101,APROBADO,100,0.3,MODERADO,R001|R012,2,1,
308116101,REVISION_MANUAL,68,0.3,MODERADO,R005|R012,2,1,
308201101,RECHAZADO,26,0.3,MODERADO,R004|R005,2,0,
308302102,RECHAZADO,28,0.3,MODERADO,,0,0,
308405103,RECHAZADO,40,0.3,MODERADO,R010|R012,2,1,
308519102,RECHAZADO,42,0.3,MODERADO,R001|R004,2,0,
308601102,APROBADO,85,0.3,MODERADO,R001|R012,2,1,
308703101,RECHAZADO,40,0.3,MODERADO,R005,1,0,
308801101,RECHAZADO,44,0.3,MODERADO,R005,1,0,
308801201,RECHAZADO,30,0.3,MODERADO,,0,0,
308908102,RECHAZADO,44,0.3,MODERADO,R005,1,0,
309003102,RECHAZADO,5,0.3,MODERADO,R002,1,0,
309101101,RECHAZADO,13,0.3,MODERADO,R004,1,0,
309214101,APROBADO,95,0.3,MODERADO,R001|R005|R012,3,1,
309307101,RECHAZADO,28,0.3,MODERADO,R004|R005,2,0,
309409102,REVISION_MANUAL,74,0.3,MODERADO,R001|R012,2,1,
309504101,RECHAZADO,26,0.3,MODERADO,R004|R005,2,0,
309604101,RECHAZADO,11,0.3,MODERADO,R004,1,0,
309702101,REVISION_MANUAL,68,0.3,MODERADO,R001|R004|R005|R012,4,1,
309803101,RECHAZADO,42,0.3,MODERADO,R012,1,1,
309903101,APROBADO,85,0.3,MODERADO,R001|R005|R012,3,1,
310005102,RECHAZADO,41,0.3,MODERADO,,0,0,
310103102,APROBADO,100,0.3,MODERADO,R001|R003|R005|R012|R015,5,2,
310201101,REVISION_MANUAL,70,0.3,MODERADO,R001,1,0,
310304101,REVISION_MANUAL,77,0.3,MODERADO,R005|R012,2,1,
310407103,APROBADO,93,0.3,MODERADO,R001|R005|R012,3,1,
310508101,RECHAZADO,42,0.3,MODERADO,R005|R010,2,0,
310601101,RECHAZADO,31,0.3,MODERADO,R002|R005|R015,3,1,
310701101,REVISION_MANUAL,64,0.3,MODERADO,R005|R012,2,1,
310805101,REVISION_MANUAL,70,0.3,MODERADO,R001|R004|R005|R012,4,1,
310904101,APROBADO,81,0.3,MODERADO,R001|R012,2,1,
311005101,RECHAZADO,12,0.3,MODERADO,R004,1,0,
311113101,RECHAZADO,28,0.3,MODERADO,R004|R005,2,0,
311211101,APROBADO,86,0.3,MODERADO,R001|R012,2,1,
311305101,REVISION_MANUAL,71,0.3,MODERADO,R001,1,0,
311405101,RECHAZADO,8,0.3,MODERADO,R002,1,0,
311520104,RECHAZADO,0,0.3,MODERADO,R004|R010,2,0,
311602101,APROBADO,100,0.3,MODERADO,R001|R005|R012,3,1,
311714101,RECHAZADO,59,0.3,MODERADO,R005|R012,2,1,
311801101,RECHAZADO,42,0.3,MODERADO,R001|R004,2,0,
311919101,RECHAZADO,33,0.3,MODERADO,,0,0,
312001101,RECHAZADO,40,0.3,MODERADO,,0,0,
312102104,REVISION_MANUAL,66,0.3,MODERADO,R005|R012,2,1,
312201101,RECHAZADO,45,0.3,MODERADO,R005,1,0,
312302102,RECHAZADO,13,0.3,MODERADO,R004,1,0,
312401101,REVISION_MANUAL,67,0.3,MODERADO,R005|R012,2,1,
312502102,RECHAZADO,8,0.3,MODERADO,R004,1,0,
312603101,APROBADO,100,0.3,MODERADO,R001|R005|R012|R015,4,2,
312705101,RECHAZADO,56,0.3,MODERADO,R012,1,1,
312812102,REVISION_MANUAL,77,0.3,MODERADO,R001|R012,2,1,
312902101,RECHAZADO,12,0.3,MODERADO,R004,1,0,
313004103,RECHAZADO,8,0.3,MODERADO,R002,1,0,
313101101,RECHAZADO,51,0.3,MODERADO,R005,1,0,
313205101,RECHAZADO,38,0.3,MODERADO,,0,0,
313320101,RECHAZADO,10,0.3,MODERADO,R004,1,0,
313405103,RECHAZADO,20,0.3,MODERADO,R004|R012,2,1,
313520102,RECHAZADO,44,0.3,MODERADO,R005,1,0,
313603101,RECHAZADO,17,0.3,MODERADO,R010,1,0,
313703103,APROBADO,96,0.3,MODERADO,R001|R005|R012,3,1,
313802101,APROBADO,100,0.3,MODERADO,R001|R005|R012,3,1,
313917101,RECHAZADO,45,0.3,MODERADO,R005,1,0,
314009101,REVISION_MANUAL,74,0.3,MODERADO,R001|R005,2,0,
314103103,RECHAZADO,53,0.3,MODERADO,R012,1,1,
314205102,RECHAZADO,10,0.3,MODERADO,R004|R009|R012,3,1,
314304102,RECHAZADO,52,0.3,MODERADO,R005|R010|R012,3,1,
314417101,RECHAZADO,13,0.3,MODERADO,R004,1,0,
314515104,RECHAZADO,27,0.3,MODERADO,R010,1,0,
314605102,RECHAZADO,11,0.3,MODERADO,R004,1,0,
314702102,RECHAZADO,54,0.3,MODERADO,R005,1,0,
314814102,RECHAZADO,26,0.3,MODERADO,R004|R005,2,0,
314912105,RECHAZADO,12,0.3,MODERADO,R004,1,0,
315007101,RECHAZADO,28,0.3,MODERADO,R004|R005,2,0,
315103104,APROBADO,82,0.3,MODERADO,R001|R012,2,1,
315205101,RECHAZADO,40,0.3,MODERADO,R001|R004,2,0,
315302102,RECHAZADO,37,0.3,MODERADO,R010|R012,2,1,
315402102,RECHAZADO,13,0.3,MODERADO,R004,1,0,
315505102,REVISION_MANUAL,67,0.3,MODERADO,R001|R010|R012,3,1,
315605102,REVISION_MANUAL,67,0.3,MODERADO,R005|R012,2,1,
315716101,RECHAZADO,23,0.3,MODERADO,R004|R012,2,1,
315804106,RECHAZADO,37,0.3,MODERADO,R001|R004|R010|R012,4,1,
315920101,RECHAZADO,49,0.3,MODERADO,R012,1,1,
316005102,RECHAZADO,52,0.3,MODERADO,R012,1,1,
316110101,RECHAZADO,11,0.3,MODERADO,R004,1,0,
316208102,RECHAZADO,0,0.3,MODERADO,R004|R010,2,0,
316316103,REVISION_MANUAL,71,0.3,MODERADO,R001|R009|R012,3,1,
316408102,RECHAZADO,14,0.3,MODERADO,R004|R005|R010,3,0,
316501103,RECHAZADO,43,0.3,MODERADO,R012,1,1,
316608103,RECHAZADO,57,0.3,MODERADO,R001|R009,2,0,
316707103,RECHAZADO,13,0.3,MODERADO,R004,1,0,
316809101,RECHAZADO,26,0.3,MODERADO,R002|R005,2,0,
316910102,RECHAZADO,49,0.3,MODERADO,R012,1,1,
317005101,APROBADO,100,0.3,MODERADO,R001|R005|R012,3,1,
317118101,RECHAZADO,48,0.3,MODERADO,R005,1,0,
317203101,APROBADO,96,0.3,MODERADO,R001|R005|R015,3,1,
317304103,RECHAZADO,23,0.3,MODERADO,R004|R012,2,1,
317402101,RECHAZADO,25,0.3,MODERADO,R002|R005,2,0,
317503102,RECHAZADO,53,0.3,MODERADO,R012,1,1,
317604101,APROBADO,100,0.3,MODERADO,R001|R005|R012|R015,4,2,
317705105,APROBADO,81,0.3,MODERADO,R001|R012,2,1,
317802101,RECHAZADO,28,0.3,MODERADO,R004|R005,2,0,
317913102,REVISION_MANUAL,62,0.3,MODERADO,R012,1,1,
318005102,RECHAZADO,8,0.3,MODERADO,R004|R009|R012,3,1,
318108101,REVISION_MANUAL,70,0.3,MODERADO,R001|R004|R005|R012,4,1,
318204101,RECHAZADO,26,0.3,MODERADO,R004|R005,2,0,
318313101,APROBADO,100,0.3,MODERADO,R001|R005|R012|R015,4,2,
318401102,RECHAZADO,46,0.3,MODERADO,R009|R012,2,1,
318502102,APROBADO,84,0.3,MODERADO,R001|R005,2,0,
318604101,RECHAZADO,42,0.3,MODERADO,R005,1,0,
318702102,APROBADO,80,0.3,MODERADO,R001|R012,2,1,
318813101,REVISION_MANUAL,72,0.3,MODERADO,R003|R005,2,0,
318905101,APROBADO,97,0.3,MODERADO,R001|R005|R012,3,1,
319004101,APROBADO,84,0.3,MODERADO,R001|R012,2,1,
319112101,RECHAZADO,41,0.3,MODERADO,,0,0,
319203104,RECHAZADO,39,0.3,MODERADO,R010|R012,2,1,
319305101,APROBADO,99,0.3,MODERADO,R001|R012,2,1,
319401101,RECHAZADO,13,0.3,MODERADO,R004,1,0,
319505104,RECHAZADO,25,0.3,MODERADO,R004|R012,2,1,
319603101,APROBADO,88,0.3,MODERADO,R001|R005|R012,3,1,
319704102,RECHAZADO,0,0.3,MODERADO,R002|R004,2,0,
319802101,APROBADO,92,0.3,MODERADO,R001|R012,2,1,
319908102,RECHAZADO,10,0.3,MODERADO,R004,1,0,
320002101,REVISION_MANUAL,71,0.3,MODERADO,R001|R012,2,1,
320101101,RECHAZADO,58,0.3,MODERADO,R005|R012,2,1,
320209103,RECHAZADO,38,0.3,MODERADO,,0,0,
320312103,REVISION_MANUAL,68,0.3,MODERADO,R001|R012,2,1,
320404103,RECHAZADO,0,0.3,MODERADO,R002|R005|R010,3,0,
320505102,RECHAZADO,29,0.3,MODERADO,,0,0,
320605101,RECHAZADO,44,0.3,MODERADO,R005,1,0,
320702101,RECHAZADO,39,0.3,MODERADO,R002|R005,2,0,
320802101,APROBADO,84,0.3,MODERADO,R001|R012,2,1,
320916101,RECHAZADO,33,0.3,MODERADO,R002|R005,2,0,
321003101,REVISION_MANUAL,60,0.3,MODERADO,R005|R012,2,1,
321102101,APROBADO,100,0.3,MODERADO,R003|R005|R012|R015,4,2,
321201101,APROBADO,100,0.3,MODERADO,R001|R003|R005|R012|R015,5,2,
321302102,RECHAZADO,29,0.3,MODERADO,R001|R004|R010,3,0,
321401102,RECHAZADO,24,0.3,MODERADO,R004|R012,2,1,
321501101,APROBADO,100,0.3,MODERADO,R001|R005|R012,3,1,
321605102,RECHAZADO,44,0.3,MODERADO,R012,1,1,
321703102,RECHAZADO,15,0.3,MODERADO,R004,1,0,
321805101,REVISION_MANUAL,63,0.3,MODERADO,R012,1,1,
321902103,APROBADO,90,0.3,MODERADO,R001|R012,2,1,
322003101,RECHAZADO,11,0.3,MODERADO,R004,1,0,
322103104,RECHAZADO,0,0.3,MODERADO,R004|R009|R010|R012,4,1,
322220101,RECHAZADO,15,0.3,MODERADO,R010,1,0,
322302101,RECHAZADO,13,0.3,MODERADO,R004,1,0,
322410102,RECHAZADO,29,0.3,MODERADO,,0,0,
322502101,RECHAZADO,43,0.3,MODERADO,R012,1,1,
322605102,RECHAZADO,52,0.3,MODERADO,R005,1,0,
322718103,RECHAZADO,43,0.3,MODERADO,,0,0,
322805102,RECHAZADO,0,0.3,MODERADO,R002|R004|R005,3,0,
322917102,RECHAZADO,13,0.3,MODERADO,R004,1,0,
323013101,RECHAZADO,54,0.3,MODERADO,R005,1,0,
323111102,RECHAZADO,27,0.3,MODERADO,R004|R012,2,1,
323203104,RECHAZADO,0,0.3,MODERADO,R004|R009|R010|R012,4,1,
323304102,APROBADO,100,0.3,MODERADO,R001|R005|R012,3,1,
323401101,REVISION_MANUAL,64,0.3,MODERADO,R003,1,0,
323503101,RECHAZADO,40,0.3,MODERADO,R004|R005|R012,3,1,
323611101,RECHAZADO,27,0.3,MODERADO,R010,1,0,
323703101,RECHAZADO,24,0.3,MODERADO,R002|R005,2,0,
323805102,RECHAZADO,0,0.3,MODERADO,R002|R004,2,0,
323901103,RECHAZADO,22,0.3,MODERADO,R004|R012,2,1,
324001101,RECHAZADO,24,0.3,MODERADO,R002,1,0,
324109101,APROBADO,85,0.3,MODERADO,R001|R005|R012,3,1,
324207101,RECHAZADO,37,0.3,MODERADO,R004|R005|R012,3,1,
324304102,RECHAZADO,28,0.3,MODERADO,R009,1,0,
324404103,RECHAZADO,38,0.3,MODERADO,,0,0,
324501102,APROBADO,100,0.3,MODERADO,R001|R005|R012,3,1,
324611101,RECHAZADO,28,0.3,MODERADO,R004|R005,2,0,
324714102,APROBADO,100,0.3,MODERADO,R001|R005|R012,3,1,
324802101,APROBADO,82,0.3,MODERADO,R001|R012,2,1,
324902101,RECHAZADO,13,0.3,MODERADO,R004,1,0,
325013102,RECHAZADO,11,0.3,MODERADO,R004,1,0,
325112101,RECHAZADO,52,0.3,MODERADO,R012,1,1,
325201103,RECHAZADO,27,0.3,MODERADO,R009,1,0,
325302102,RECHAZADO,27,0.3,MODERADO,R010,1,0,
325402101,APROBADO,100,0.3,MODERADO,R001|R005|R012|R015,4,2,
325504102,RECHAZADO,53,0.3,MODERADO,R005,1,0,
325602102,RECHAZADO,41,0.3,MODERADO,R001|R004|R010|R012,4,1,
325719101,RECHAZADO,55,0.3,MODERADO,R005,1,0,
325801101,APROBADO,87,0.3,MODERADO,R001|R012,2,1,
325905102,APROBADO,92,0.3,MODERADO,R001|R012,2,1,
326005102,APROBADO,100,0.3,MODERADO,R001|R005|R012,3,1,
326102102,RECHAZADO,48,0.3,MODERADO,R001|R009,2,0,
326202102,RECHAZADO,44,0.3,MODERADO,R002|R003|R005,3,0,
326303102,RECHAZADO,29,0.3,MODERADO,,0,0,
326404105,RECHAZADO,49,0.3,MODERADO,R012,1,1,
326504101,REVISION_MANUAL,68,0.3,MODERADO,R005|R012,2,1,
326602102,RECHAZADO,57,0.3,MODERADO,R012,1,1,
326701101,RECHAZADO,28,0.3,MODERADO,R004|R005,2,0,
326819101,RECHAZADO,27,0.3,MODERADO,,0,0,
326905101,RECHAZADO,28,0.3,MODERADO,,0,0,
327008101,RECHAZADO,30,0.3,MODERADO,R010|R012,2,1,
327105101,RECHAZADO,27,0.3,MODERADO,R004|R005,2,0,
327204101,REVISION_MANUAL,71,0.3,MODERADO,R001,1,0,
327315102,RECHAZADO,49,0.3,MODERADO,R001|R004|R012,3,1,
327403104,REVISION_MANUAL,67,0.3,MODERADO,R001|R009|R012,3,1,
327507102,RECHAZADO,42,0.3,MODERADO,R012,1,1,
327602102,RECHAZADO,33,0.3,MODERADO,,0,0,
327701101,RECHAZADO,42,0.3,MODERADO,,0,0,
327804102,RECHAZADO,41,0.3,MODERADO,,0,0,
327902101,REVISION_MANUAL,71,0.3,MODERADO,R001|R004|R005|R012,4,1,
328014103,RECHAZADO,0,0.3,MODERADO,R004|R009,2,0,
328109102,RECHAZADO,41,0.3,MODERADO,,0,0,
328202102,RECHAZADO,13,0.3,MODERADO,R004,1,0,
328309104,RECHAZADO,26,0.3,MODERADO,R004|R005|R009|R012,4,1,
328401101,APROBADO,99,0.3,MODERADO,R001|R005|R012,3,1,
328503102,RECHAZADO,29,0.3,MODERADO,R004|R005,2,0,
328603102,RECHAZADO,11,0.3,MODERADO,R004,1,0,
328703102,RECHAZADO,28,0.3,MODERADO,R004|R005,2,0,
328805102,RECHAZADO,12,0.3,MODERADO,R004,1,0,
328917103,RECHAZADO,30,0.3,MODERADO,,0,0,
329009101,APROBADO,96,0.3,MODERADO,R001|R005|R012,3,1,
329107101,APROBADO,100,0.3,MODERADO,R001|R005|R012,3,1,
329202101,APROBADO,100,0.3,MODERADO,R001|R003|R005|R012|R015,5,2,
329301103,RECHAZADO,30,0.3,MODERADO,,0,0,
329403101,APROBADO,82,0.3,MODERADO,R001|R012,2,1,
329502101,APROBADO,100,0.3,MODERADO,R001|R005|R012,3,1,
329602103,REVISION_MANUAL,71,0.3,MODERADO,R001,1,0,
329701101,RECHAZADO,4,0.3,MODERADO,R002,1,0,
329820101,APROBADO,86,0.3,MODERADO,R003|R005|R012,3,1,
329904102,RECHAZADO,52,0.3,MODERADO,R001|R004|R006,3,0,
330002102,RECHAZADO,40,0.3,MODERADO,,0,0,
330108102,RECHAZADO,22,0.3,MODERADO,R004|R012,2,1,
330203101,APROBADO,80,0.3,MODERADO,R001|R012,2,1,
330304102,APROBADO,100,0.3,MODERADO,R001|R005|R012|R015,4,2,
330405101,RECHAZADO,38,0.3,MODERADO,,0,0,
330507102,REVISION_MANUAL,63,0.3,MODERADO,R001,1,0,
330601101,RECHAZADO,38,0.3,MODERADO,R004|R005|R012,3,1,
330703101,APROBADO,84,0.3,MODERADO,R001|R005|R010|R012,4,1,
330805101,REVISION_MANUAL,60,0.3,MODERADO,R012,1,1,
330901101,APROBADO,100,0.3,MODERADO,R001|R005|R012|R015,4,2,
331003101,REVISION_MANUAL,66,0.3,MODERADO,R001|R010|R012,3,1,
331101101,RECHAZADO,40,0.3,MODERADO,,0,0,
331203102,APROBADO,100,0.3,MODERADO,R001|R005|R012,3,1,
331306101,RECHAZADO,47,0.3,MODERADO,R005,1,0,
331406104,RECHAZADO,40,0.3,MODERADO,R012,1,1,
331504102,RECHAZADO,25,0.3,MODERADO,R004|R012,2,1,
331614102,RECHAZADO,15,0.3,MODERADO,R004,1,0,
331701101,REVISION_MANUAL,71,0.3,MODERADO,R001|R004|R005|R012,4,1,
331807101,RECHAZADO,12,0.3,MODERADO,R004,1,0,
331904101,RECHAZADO,53,0.3,MODERADO,R012,1,1,
332014101,RECHAZADO,54,0.3,MODERADO,R005,1,0,
332103101,REVISION_MANUAL,62,0.3,MODERADO,R012,1,1,
332201101,RECHAZADO,13,0.3,MODERADO,R004,1,0,
332301101,RECHAZADO,15,0.3,MODERADO,R010,1,0,
332401101,REVISION_MANUAL,71,0.3,MODERADO,R001,1,0,
332502101,RECHAZADO,49,0.3,MODERADO,R001|R004|R012,3,1,
332619101,REVISION_MANUAL,65,0.3,MODERADO,R005|R012,2,1,
332701101,REVISION_MANUAL,67,0.3,MODERADO,R001|R004|R005|R012,4,1,
332801101,APROBADO,100,0.3,MODERADO,R001|R005|R012|R015,4,2,
332901102,APROBADO,98,0.3,MODERADO,R001|R005|R006,3,0,
333004102,RECHAZADO,17,0.3,MODERADO,R010,1,0,
333105101,RECHAZADO,30,0.3,MODERADO,R004|R005,2,0,
333201101,RECHAZADO,15,0.3,MODERADO,R002,1,0,
333307101,RECHAZADO,46,0.3,MODERADO,R005,1,0,
333402102,APROBADO,83,0.3,MODERADO,R001|R012,2,1,
333520104,RECHAZADO,8,0.3,MODERADO,R004,1,0,
333613102,RECHAZADO,13,0.3,MODERADO,R004,1,0,
333702101,RECHAZADO,24,0.3,MODERADO,R004|R012,2,1,
333804101,APROBADO,84,0.3,MODERADO,R001|R012,2,1,
333902101,RECHAZADO,45,0.3,MODERADO,R012,1,1,
334004102,RECHAZADO,13,0.3,MODERADO,R009|R010,2,0,
334105105,REVISION_MANUAL,68,0.3,MODERADO,R001|R004|R005|R012,4,1,
334202103,RECHAZADO,25,0.3,MODERADO,R004|R005,2,0,
334304101,APROBADO,95,0.3,MODERADO,R001|R005|R012,3,1,
334419101,RECHAZADO,11,0.3,MODERADO,R002,1,0,
334503102,RECHAZADO,25,0.3,MODERADO,R002|R006,2,0,
334615101,RECHAZADO,10,0.3,MODERADO,R004,1,0,
334704101,RECHAZADO,25,0.3,MODERADO,R004|R012,2,1,
334805102,APROBADO,99,0.3,MODERADO,R001|R005|R012,3,1,
334914103,APROBADO,80,0.3,MODERADO,R001|R012,2,1,
335003101,RECHAZADO,28,0.3,MODERADO,R004|R005,2,0,
335103101,RECHAZADO,59,0.3,MODERADO,R001,1,0,
335202102,RECHAZADO,30,0.3,MODERADO,R002|R005|R006,3,0,
335305102,RECHAZADO,28,0.3,MODERADO,R004|R005,2,0,
335402102,RECHAZADO,10,0.3,MODERADO,R004,1,0,
335503102,RECHAZADO,39,0.3,MODERADO,,0,0,
335603101,RECHAZADO,28,0.3,MODERADO,R004|R005,2,0,
335719102,REVISION_MANUAL,74,0.3,MODERADO,R001|R005,2,0,
335801102,RECHAZADO,43,0.3,MODERADO,R012,1,1,
335801201,APROBADO,83,0.3,MODERADO,R005|R012|R015,3,2,
335914101,APROBADO,83,0.3,MODERADO,R001|R005,2,0,
336005101,RECHAZADO,13,0.3,MODERADO,R004,1,0,
336104101,RECHAZADO,17,0.3,MODERADO,R002|R005,2,0,
336212102,RECHAZADO,55,0.3,MODERADO,R001|R004|R006,3,0,
336301102,RECHAZADO,57,0.3,MODERADO,R012,1,1,
336404103,RECHAZADO,27,0.3,MODERADO,R010,1,0,
336502101,RECHAZADO,19,0.3,MODERADO,R002|R005,2,0,
336601104,RECHAZADO,17,0.3,MODERADO,R010,1,0,
336717101,RECHAZADO,44,0.3,MODERADO,R005,1,0,
336804102,RECHAZADO,12,0.3,MODERADO,R004,1,0,
336902101,APROBADO,100,0.3,MODERADO,R001|R005|R012,3,1,
337002101,REVISION_MANUAL,61,0.3,MODERADO,R001,1,0,
337104103,RECHAZADO,39,0.3,MODERADO,,0,0,
337205103,RECHAZADO,37,0.3,MODERADO,,0,0,
337306101,RECHAZADO,39,0.3,MODERADO,,0,0,
337402103,RECHAZADO,10,0.3,MODERADO,R004|R010|R012,3,1,
337505101,APROBADO,100,0.3,MODERADO,R001|R003|R006|R012,4,1,
337603102,RECHAZADO,32,0.3,MODERADO,R005|R010,2,0,
337701102,RECHAZADO,28,0.3,MODERADO,R004|R005,2,0,
337804102,REVISION_MANUAL,73,0.3,MODERADO,R001|R012,2,1,
337901102,RECHAZADO,28,0.3,MODERADO,R004|R005,2,0,
338009104,RECHAZADO,15,0.3,MODERADO,R010,1,0,
338105102,REVISION_MANUAL,74,0.3,MODERADO,R001|R012,2,1,
338219106,APROBADO,84,0.3,MODERADO,R001|R006|R010|R012,4,1,
338303102,REVISION_MANUAL,64,0.3,MODERADO,R005|R012,2,1,
338419103,RECHAZADO,10,0.3,MODERADO,R004,1,0,
338503101,REVISION_MANUAL,69,0.3,MODERADO,R002|R003|R005|R015,4,1,
338620101,APROBADO,89,0.3,MODERADO,R001|R005|R012,3,1,
338702101,RECHAZADO,23,0.3,MODERADO,R004|R012,2,1,
338803101,RECHAZADO,30,0.3,MODERADO,,0,0,
338901101,RECHAZADO,24,0.3,MODERADO,R004|R005,2,0,
339001104,RECHAZADO,45,0.3,MODERADO,R001|R004,2,0,
339112101,RECHAZADO,17,0.3,MODERADO,R010,1,0,
339203102,RECHAZADO,0,0.3,MODERADO,R002|R004,2,0,
339302102,RECHAZADO,53,0.3,MODERADO,R001|R004|R012,3,1,
339403101,RECHAZADO,25,0.3,MODERADO,R004|R005,2,0,
339505102,APROBADO,99,0.3,MODERADO,R001|R005|R012,3,1,
339604101,RECHAZADO,11,0.3,MODERADO,R002|R005,2,0,
339703101,RECHAZADO,59,0.3,MODERADO,R005|R012,2,1,
339803102,APROBADO,94,0.3,MODERADO,R001|R005|R012,3,1,
339905101,APROBADO,98,0.3,MODERADO,R001|R005|R012,3,1,
340002101,RECHAZADO,28,0.3,MODERADO,R004|R005,2,0,
340103101,APROBADO,99,0.3,MODERADO,R001|R005|R012,3,1,
340220101,RECHAZADO,41,0.3,MODERADO,,0,0,
340304102,RECHAZADO,13,0.3,MODERADO,R004,1,0,
340405101,APROBADO,94,0.3,MODERADO,R001|R005|R015,3,1,
340505102,RECHAZADO,0,0.3,MODERADO,R002|R005|R010,3,0,
340605103,REVISION_MANUAL,71,0.3,MODERADO,R001|R012,2,1,
340705101,RECHAZADO,51,0.3,MODERADO,R012,1,1,
340803104,APROBADO,85,0.3,MODERADO,R001|R012,2,1,
340902102,RECHAZADO,43,0.3,MODERADO,R005,1,0,
341004101,REVISION_MANUAL,71,0.3,MODERADO,R005|R012,2,1,
341105103,RECHAZADO,35,0.3,MODERADO,R002|R003,2,0,
341201102,RECHAZADO,11,0.3,MODERADO,R004,1,0,
341301102,RECHAZADO,23,0.3,MODERADO,R004|R012,2,1,
341401102,RECHAZADO,11,0.3,MODERADO,R004,1,0,
341502103,RECHAZADO,23,0.3,MODERADO,R009,1,0,
341603101,RECHAZADO,0,0.3,MODERADO,R002,1,0,
341702101,RECHAZADO,30,0.3,MODERADO,R002|R005,2,0,
341814102,RECHAZADO,39,0.3,MODERADO,R009|R012,2,1,
341905101,RECHAZADO,10,0.3,MODERADO,R004,1,0,
342001102,RECHAZADO,53,0.3,MODERADO,R001|R004|R012,3,1,
342113101,APROBADO,100,0.3,MODERADO,R001|R003|R005|R012,4,1,
342203102,RECHAZADO,28,0.3,MODERADO,R009,1,0,
342308102,RECHAZADO,42,0.3,MODERADO,R001|R004,2,0,
342418101,RECHAZADO,17,0.3,MODERADO,R010,1,0,
342514102,RECHAZADO,25,0.3,MODERADO,R009,1,0,
342602101,RECHAZADO,29,0.3,MODERADO,,0,0,
342705102,RECHAZADO,25,0.3,MODERADO,R004|R012,2,1,
342805102,REVISION_MANUAL,70,0.3,MODERADO,R012,1,1,
342901101,RECHAZADO,12,0.3,MODERADO,R004|R005|R010,3,0,
343004102,RECHAZADO,53,0.3,MODERADO,R001|R004|R012,3,1,
343102102,RECHAZADO,12,0.3,MODERADO,R004,1,0,
343204103,RECHAZADO,26,0.3,MODERADO,R004|R005,2,0,
343306101,RECHAZADO,53,0.3,MODERADO,R012,1,1,
343420101,RECHAZADO,28,0.3,MODERADO,,0,0,
343503101,RECHAZADO,41,0.3,MODERADO,,0,0,
343609101,RECHAZADO,28,0.3,MODERADO,,0,0,
343703102,RECHAZADO,57,0.3,MODERADO,R001|R004|R012,3,1,
343802101,RECHAZADO,28,0.3,MODERADO,R004|R005,2,0,
343901103,APROBADO,92,0.3,MODERADO,R001|R012,2,1,
344017104,RECHAZADO,0,0.3,MODERADO,R002|R004,2,0,
344120101,APROBADO,87,0.3,MODERADO,R003|R005|R012,3,1,
344215102,RECHAZADO,27,0.3,MODERADO,R004|R005,2,0,
344304101,REVISION_MANUAL,74,0.3,MODERADO,R001|R004|R005|R012,4,1,
344404101,RECHAZADO,42,0.3,MODERADO,R005|R010,2,0,
344512101,RECHAZADO,45,0.3,MODERADO,R005,1,0,
344602101,RECHAZADO,44,0.3,MODERADO,R012,1,1,
344703101,RECHAZADO,38,0.3,MODERADO,,0,0,
344803104,RECHAZADO,36,0.3,MODERADO,R010|R012,2,1,
344902102,RECHAZADO,51,0.3,MODERADO,R001|R004|R012,3,1,
345019101,RECHAZADO,28,0.3,MODERADO,,0,0,
345102102,RECHAZADO,36,0.3,MODERADO,R004|R005|R012,3,1,
345201102,RECHAZADO,41,0.3,MODERADO,R012,1,1,
345315102,RECHAZADO,13,0.3,MODERADO,R004,1,0,
345414101,RECHAZADO,20,0.3,MODERADO,R002|R005,2,0,
345504101,APROBADO,89,0.3,MODERADO,R001|R005|R012,3,1,
345607101,RECHAZADO,55,0.3,MODERADO,R005,1,0,
345702101,RECHAZADO,39,0.3,MODERADO,,0,0,
345809101,RECHAZADO,40,0.3,MODERADO,R012,1,1,
345903102,RECHAZADO,59,0.3,MODERADO,R001,1,0,
346005102,RECHAZADO,43,0.3,MODERADO,R001|R004,2,0,
346117101,RECHAZADO,32,0.3,MODERADO,R005|R010,2,0,
346201102,APROBADO,85,0.3,MODERADO,R001|R012,2,1,
346313101,RECHAZADO,13,0.3,MODERADO,R002,1,0,
346415101,RECHAZADO,23,0.3,MODERADO,R002|R005|R006,3,0,
346505102,RECHAZADO,45,0.3,MODERADO,R012,1,1,
346604102,REVISION_MANUAL,71,0.3,MODERADO,R001|R004|R005|R012,4,1,
346704104,REVISION_MANUAL,75,0.3,MODERADO,R001|R010|R012,3,1,
346801101,RECHAZADO,26,0.3,MODERADO,R004|R005,2,0,
346903101,REVISION_MANUAL,66,0.3,MODERADO,R005|R015,2,1,
347002103,RECHAZADO,10,0.3,MODERADO,R004,1,0,
347101101,RECHAZADO,15,0.3,MODERADO,R004,1,0,
347205101,RECHAZADO,27,0.3,MODERADO,R004|R005,2,0,
347303102,APROBADO,91,0.3,MODERADO,R001|R012,2,1,
347402101,RECHAZADO,53,0.3,MODERADO,R012,1,1,
347502101,RECHAZADO,41,0.3,MODERADO,,0,0,
347612102,RECHAZADO,26,0.3,MODERADO,R004|R005,2,0,
347707102,RECHAZADO,45,0.3,MODERADO,R005,1,0,
347907101,RECHAZADO,46,0.3,MODERADO,R012,1,1,
348001101,RECHAZADO,55,0.3,MODERADO,R005,1,0,
348101102,APROBADO,100,0.3,MODERADO,R001|R012,2,1,
348205101,RECHAZADO,33,0.3,MODERADO,,0,0,
348319104,RECHAZADO,55,0.3,MODERADO,R012,1,1,
348405102,APROBADO,100,0.3,MODERADO,R001|R003|R012,3,1,
348508103,RECHAZADO,39,0.3,MODERADO,,0,0,
348603104,APROBADO,82,0.3,MODERADO,R001|R012,2,1,
348703101,APROBADO,86,0.3,MODERADO,R001|R012,2,1,
348801103,RECHAZADO,8,0.3,MODERADO,R004|R009|R012,3,1,
348917102,APROBADO,89,0.3,MODERADO,R001|R005|R012,3,1,
349006102,REVISION_MANUAL,60,0.3,MODERADO,R001,1,0,
349104102,RECHAZADO,43,0.3,MODERADO,R001|R004,2,0,
349204101,RECHAZADO,40,0.3,MODERADO,R004|R005|R012,3,1,
349316102,RECHAZADO,50,0.3,MODERADO,R012,1,1,
349409101,REVISION_MANUAL,73,0.3,MODERADO,R005|R012,2,1,
349501102,APROBADO,100,0.3,MODERADO,R001|R005|R012|R015,4,2,
349603101,APROBADO,86,0.3,MODERADO,R001|R012,2,1,
349701102,RECHAZADO,39,0.3,MODERADO,,0,0,
349809102,RECHAZADO,42,0.3,MODERADO,R005,1,0,
349918101,APROBADO,85,0.3,MODERADO,R001|R012,2,1,
350003101,RECHAZADO,23,0.3,MODERADO,R002|R005,2,0,
350101101,REVISION_MANUAL,77,0.3,MODERADO,R005|R012|R015,3,2,
350214103,RECHAZADO,24,0.3,MODERADO,R009|R010|R012,3,1,
350302102,RECHAZADO,38,0.3,MODERADO,,0,0,
350405101,RECHAZADO,55,0.3,MODERADO,R012,1,1,
350504101,APROBADO,100,0.3,MODERADO,R001|R005|R012|R015,4,2,
350605101,APROBADO,100,0.3,MODERADO,R001|R005|R012|R015,4,2,
350701101,RECHAZADO,13,0.3,MODERADO,R004,1,0,
350804102,APROBADO,84,0.3,MODERADO,R001|R012,2,1,
350903103,RECHAZADO,27,0.3,MODERADO,R004|R012,2,1,
351002102,RECHAZADO,21,0.3,MODERADO,R002|R005,2,0,
351106103,RECHAZADO,44,0.3,MODERADO,R005,1,0,
351203101,RECHAZADO,45,0.3,MODERADO,R005,1,0,
351301101,RECHAZADO,52,0.3,MODERADO,R012,1,1,
351403103,RECHAZADO,0,0.3,MODERADO,R002|R010,2,0,
351520102,RECHAZADO,22,0.3,MODERADO,R004|R012,2,1,
351617102,RECHAZADO,36,0.3,MODERADO,R004|R005|R012,3,1,
351708101,RECHAZADO,29,0.3,MODERADO,,0,0,
351804101,APROBADO,82,0.3,MODERADO,R001|R006,2,0,
351902101,RECHAZADO,28,0.3,MODERADO,R004|R005,2,0,
352001102,APROBADO,100,0.3,MODERADO,R001|R005|R012|R015,4,2,
352104101,RECHAZADO,41,0.3,MODERADO,,0,0,
352205102,REVISION_MANUAL,67,0.3,MODERADO,R001|R004|R005|R012,4,1,
352305101,RECHAZADO,12,0.3,MODERADO,R004,1,0,
352410103,RECHAZADO,5,0.3,MODERADO,R002,1,0,
352510101,RECHAZADO,23,0.3,MODERADO,R004|R005,2,0,
352602101,APROBADO,86,0.3,MODERADO,R001|R006|R012,3,1,
352704101,RECHAZADO,58,0.3,MODERADO,R012,1,1,
352803103,RECHAZADO,22,0.3,MODERADO,R004|R012,2,1,
352919101,RECHAZADO,13,0.3,MODERADO,R004,1,0,
353006101,REVISION_MANUAL,76,0.3,MODERADO,R001|R005,2,0,
353103101,REVISION_MANUAL,71,0.3,MODERADO,R001,1,0,
353203102,RECHAZADO,54,0.3,MODERADO,R012,1,1,
353307101,RECHAZADO,15,0.3,MODERADO,R002,1,0,
353416102,RECHAZADO,35,0.3,MODERADO,R010|R012,2,1,
353502101,APROBADO,100,0.3,MODERADO,R001|R005|R012,3,1,
353603101,RECHAZADO,26,0.3,MODERADO,R004|R005,2,0,
353709101,REVISION_MANUAL,60,0.3,MODERADO,R001|R005|R010,3,0,
353819101,RECHAZADO,28,0.3,MODERADO,R004|R005,2,0,
353903103,RECHAZADO,26,0.3,MODERADO,R009,1,0,
354005101,RECHAZADO,58,0.3,MODERADO,R005|R012,2,1,
354101103,REVISION_MANUAL,65,0.3,MODERADO,R003,1,0,
354209101,RECHAZADO,30,0.3,MODERADO,R004|R005,2,0,
354312104,RECHAZADO,36,0.3,MODERADO,,0,0,
354404101,RECHAZADO,37,0.3,MODERADO,R002|R003|R005,3,0,
354503101,RECHAZADO,53,0.3,MODERADO,R012,1,1,
354611101,RECHAZADO,53,0.3,MODERADO,R012,1,1,
354611201,RECHAZADO,32,0.3,MODERADO,R002|R005|R015,3,1,
354705104,RECHAZADO,55,0.3,MODERADO,R001|R010,2,0,
354804102,REVISION_MANUAL,70,0.3,MODERADO,R001|R005,2,0,
354912102,RECHAZADO,25,0.3,MODERADO,R004|R005,2,0,
355017101,RECHAZADO,28,0.3,MODERADO,R009,1,0,
355104102,RECHAZADO,13,0.3,MODERADO,R004,1,0,
355204104,RECHAZADO,5,0.3,MODERADO,R002,1,0,
355301101,RECHAZADO,32,0.3,MODERADO,,0,0,
355403101,APROBADO,96,0.3,MODERADO,R001|R005|R012,3,1,
355502101,REVISION_MANUAL,69,0.3,MODERADO,R005|R012,2,1,
355603102,APROBADO,84,0.3,MODERADO,R001|R005,2,0,
355715101,RECHAZADO,43,0.3,MODERADO,R001|R004,2,0,
355804101,RECHAZADO,58,0.3,MODERADO,R012,1,1,
355902102,RECHAZADO,27,0.3,MODERADO,R004|R012,2,1,
356003102,RECHAZADO,41,0.3,MODERADO,R004|R005|R012,3,1,
356103101,RECHAZADO,41,0.3,MODERADO,,0,0,
356206101,RECHAZADO,44,0.3,MODERADO,R005,1,0,
356306102,RECHAZADO,28,0.3,MODERADO,R004|R005,2,0,
356412103,RECHAZADO,16,0.3,MODERADO,R009,1,0,
356501102,RECHAZADO,21,0.3,MODERADO,R004|R012,2,1,
356614101,RECHAZADO,41,0.3,MODERADO,,0,0,
356702105,RECHAZADO,42,0.3,MODERADO,R005,1,0,
356812101,RECHAZADO,15,0.3,MODERADO,R004,1,0,
356903101,RECHAZADO,40,0.3,MODERADO,R004|R005|R012,3,1,
357002101,APROBADO,100,0.3,MODERADO,R001|R005|R012,3,1,
357105102,RECHAZADO,9,0.3,MODERADO,R002,1,0,
357209102,RECHAZADO,55,0.3,MODERADO,R005|R012,2,1,
357305101,APROBADO,100,0.3,MODERADO,R001|R005|R012|R015,4,2,
357403101,REVISION_MANUAL,76,0.3,MODERADO,R005|R012|R015,3,2,
357505104,RECHAZADO,56,0.3,MODERADO,R001|R009,2,0,
357611101,RECHAZADO,28,0.3,MODERADO,R004|R005,2,0,
357702101,RECHAZADO,16,0.3,MODERADO,R002,1,0,
357818101,RECHAZADO,32,0.3,MODERADO,R005|R010,2,0,
357901101,RECHAZADO,31,0.3,MODERADO,R002|R005|R015,3,1,
358005102,RECHAZADO,11,0.3,MODERADO,R004|R009|R012,3,1,
358101101,APROBADO,83,0.3,MODERADO,R001|R012,2,1,
358202101,RECHAZADO,38,0.3,MODERADO,R004|R005|R012,3,1,
358303104,RECHAZADO,29,0.3,MODERADO,,0,0,
358409101,REVISION_MANUAL,77,0.3,MODERADO,R001|R005,2,0,
358508101,APROBADO,89,0.3,MODERADO,R001|R005|R012,3,1,
358613102,RECHAZADO,28,0.3,MODERADO,R004|R005,2,0,
358703102,RECHAZADO,53,0.3,MODERADO,R001|R004|R012,3,1,
358803102,RECHAZADO,0,0.3,MODERADO,R004|R010,2,0,
358901102,RECHAZADO,7,0.3,MODERADO,R002,1,0,
359018102,RECHAZADO,26,0.3,MODERADO,R004|R005,2,0,
359118101,RECHAZADO,57,0.3,MODERADO,R005|R012,2,1,
359203101,RECHAZADO,31,0.3,MODERADO,,0,0,
359303102,RECHAZADO,43,0.3,MODERADO,,0,0,
359404101,RECHAZADO,58,0.3,MODERADO,R001|R004|R005,3,0,
359503101,APROBADO,84,0.3,MODERADO,R001|R012,2,1,
359617101,APROBADO,81,0.3,MODERADO,R001|R006,2,0,
359707101,RECHAZADO,47,0.3,MODERADO,R005,1,0,
359801101,APROBADO,88,0.3,MODERADO,R001|R012,2,1,
359905101,RECHAZADO,43,0.3,MODERADO,,0,0,
360012104,RECHAZADO,38,0.3,MODERADO,,0,0,
360101101,RECHAZADO,58,0.3,MODERADO,R005,1,0,
360201101,RECHAZADO,30,0.3,MODERADO,,0,0,
360311101,APROBADO,99,0.3,MODERADO,R001|R005|R012,3,1,
360408103,RECHAZADO,47,0.3,MODERADO,R001|R009,2,0,
360506101,RECHAZADO,22,0.3,MODERADO,R002|R005,2,0,
360601103,RECHAZADO,10,0.3,MODERADO,R004|R009|R012,3,1,
360702101,RECHAZADO,41,0.3,MODERADO,,0,0,
360805101,RECHAZADO,0,0.3,MODERADO,R002|R004|R005,3,0,
360902101,RECHAZADO,58,0.3,MODERADO,R001|R004|R005,3,0,
361005101,APROBADO,100,0.3,MODERADO,R001|R005|R012,3,1,
361102102,REVISION_MANUAL,66,0.3,MODERADO,R001,1,0,
361205104,RECHAZADO,40,0.3,MODERADO,R001|R004|R009|R012,4,1,
361306101,RECHAZADO,33,0.3,MODERADO,,0,0,
361401102,RECHAZADO,10,0.3,MODERADO,R002|R005,2,0,
361519102,RECHAZADO,43,0.3,MODERADO,R001|R004,2,0,
361604103,RECHAZADO,40,0.3,MODERADO,,0,0,
361704101,RECHAZADO,0,0.3,MODERADO,R002|R004|R006,3,0,
361801102,APROBADO,81,0.3,MODERADO,R001|R006,2,0,
361901101,APROBADO,100,0.3,MODERADO,R001|R005|R012|R015,4,2,
362002102,RECHAZADO,13,0.3,MODERADO,R004,1,0,
362104101,RECHAZADO,56,0.3,MODERADO,R012,1,1,
362201102,RECHAZADO,55,0.3,MODERADO,R012,1,1,
362304101,RECHAZADO,58,0.3,MODERADO,R001|R004|R005,3,0,
362404103,RECHAZADO,43,0.3,MODERADO,,0,0,
362512101,REVISION_MANUAL,62,0.3,MODERADO,R001,1,0,
362602104,RECHAZADO,30,0.3,MODERADO,R009|R010|R012,3,1,
362706103,RECHAZADO,0,0.3,MODERADO,R004|R009|R010|R012,4,1,
362804103,RECHAZADO,55,0.3,MODERADO,R012,1,1,
362905102,RECHAZADO,11,0.3,MODERADO,R004,1,0,
363006101,RECHAZADO,24,0.3,MODERADO,R004|R012,2,1,
363105101,REVISION_MANUAL,79,0.3,MODERADO,R001|R012,2,1,
363205101,RECHAZADO,27,0.3,MODERADO,R004|R005,2,0,
363302102,RECHAZADO,41,0.3,MODERADO,,0,0,
363405101,RECHAZADO,26,0.3,MODERADO,R004|R005,2,0,
363502101,RECHAZADO,35,0.3,MODERADO,R002|R005,2,0,
363604101,APROBADO,100,0.3,MODERADO,R001|R005|R012,3,1,
363703102,REVISION_MANUAL,71,0.3,MODERADO,R001|R006,2,0,
363804101,RECHAZADO,55,0.3,MODERADO,R005|R012,2,1,
363904101,REVISION_MANUAL,64,0.3,MODERADO,R005|R012,2,1,
364004101,REVISION_MANUAL,71,0.3,MODERADO,R001|R012,2,1,
364111101,APROBADO,87,0.3,MODERADO,R001|R012,2,1,
364220101,RECHAZADO,57,0.3,MODERADO,R001|R010,2,0,
364307103,RECHAZADO,40,0.3,MODERADO,R001|R004|R009|R012,4,1,
364404102,APROBADO,82,0.3,MODERADO,R001|R006,2,0,
364502102,RECHAZADO,41,0.3,MODERADO,,0,0,
364603101,RECHAZADO,26,0.3,MODERADO,R004|R005,2,0,
364702101,RECHAZADO,26,0.3,MODERADO,R004|R005,2,0,
364807101,RECHAZADO,26,0.3,MODERADO,R004|R005,2,0,
364901103,RECHAZADO,13,0.3,MODERADO,R004,1,0,
365002101,RECHAZADO,27,0.3,MODERADO,R002|R005,2,0,
365105102,REVISION_MANUAL,71,0.3,MODERADO,R001,1,0,
365205102,RECHAZADO,0,0.3,MODERADO,R002|R004,2,0,
365305102,RECHAZADO,42,0.3,MODERADO,,0,0,
365403101,RECHAZADO,27,0.3,MODERADO,R004|R005,2,0,
365501101,APROBADO,99,0.3,MODERADO,R001|R005|R012,3,1,
365601101,APROBADO,95,0.3,MODERADO,R001|R012,2,1,
365709101,RECHAZADO,50,0.3,MODERADO,R012,1,1,
365818101,RECHAZADO,56,0.3,MODERADO,R005|R012,2,1,
365902102,RECHAZADO,55,0.3,MODERADO,R012,1,1,
366017101,REVISION_MANUAL,65,0.3,MODERADO,R005|R012,2,1,
366103101,RECHAZADO,14,0.3,MODERADO,R002,1,0,
366205102,APROBADO,100,0.3,MODERADO,R001|R005|R012,3,1,
366301104,RECHAZADO,52,0.3,MODERADO,R012,1,1,
366404101,REVISION_MANUAL,77,0.3,MODERADO,R005|R012,2,1,
366503103,RECHAZADO,36,0.3,MODERADO,R009|R012,2,1,
366618103,RECHAZADO,7,0.3,MODERADO,R004|R009|R012,3,1,
366702102,REVISION_MANUAL,73,0.3,MODERADO,R001|R005,2,0,
366812102,RECHAZADO,29,0.3,MODERADO,,0,0,
366903102,APROBADO,100,0.3,MODERADO,R001|R005|R012|R015,4,2,
367016102,RECHAZADO,28,0.3,MODERADO,R004|R005,2,0,
367101102,APROBADO,88,0.3,MODERADO,R001|R005|R012,3,1,
367213102,RECHAZADO,29,0.3,MODERADO,,0,0,
367314101,RECHAZADO,43,0.3,MODERADO,,0,0,
367401102,APROBADO,93,0.3,MODERADO,R005|R012|R015,3,2,
367505101,RECHAZADO,12,0.3,MODERADO,R004|R005|R010,3,0,
367602101,RECHAZADO,19,0.3,MODERADO,R009,1,0,
367706101,REVISION_MANUAL,70,0.3,MODERADO,R001|R010|R012,3,1,
367805101,RECHAZADO,10,0.3,MODERADO,R004,1,0,
367920104,REVISION_MANUAL,70,0.3,MODERADO,R001|R004|R005|R006,4,0,
368004101,RECHAZADO,43,0.3,MODERADO,,0,0,
368114101,RECHAZADO,52,0.3,MODERADO,R005|R010|R012,3,1,
368208101,APROBADO,100,0.3,MODERADO,R001|R003|R005|R012|R015,5,2,
368301103,RECHAZADO,54,0.3,MODERADO,R012,1,1,
368402102,APROBADO,90,0.3,MODERADO,R001|R012,2,1,
368505102,RECHAZADO,56,0.3,MODERADO,R001|R004|R012,3,1,
368605101,RECHAZADO,29,0.3,MODERADO,,0,0,
368704103,RECHAZADO,11,0.3,MODERADO,R004,1,0,
368808102,RECHAZADO,21,0.3,MODERADO,R004|R012,2,1,
368909102,RECHAZADO,56,0.3,MODERADO,R001|R004|R012,3,1,
369001101,REVISION_MANUAL,65,0.3,MODERADO,R005|R012,2,1,
369111101,RECHAZADO,43,0.3,MODERADO,,0,0,
369205101,RECHAZADO,11,0.3,MODERADO,R004,1,0,
369302102,APROBADO,82,0.3,MODERADO,R001|R012,2,1,
369302202,RECHAZADO,59,0.3,MODERADO,R012,1,1,
369416103,RECHAZADO,39,0.3,MODERADO,,0,0,
369506101,RECHAZADO,45,0.3,MODERADO,R005,1,0,
369605101,RECHAZADO,24,0.3,MODERADO,R002|R005,2,0,
369705102,RECHAZADO,56,0.3,MODERADO,R001|R009,2,0,
369805101,RECHAZADO,0,0.3,MODERADO,R002,1,0,
369902101,RECHAZADO,28,0.3,MODERADO,R004|R005,2,0,
370001101,RECHAZADO,31,0.3,MODERADO,R002|R005|R006,3,0,
370110101,RECHAZADO,47,0.3,MODERADO,R005,1,0,
370205101,RECHAZADO,30,0.3,MODERADO,R005|R010,2,0,
370304102,REVISION_MANUAL,72,0.3,MODERADO,R005|R012,2,1,
370402101,RECHAZADO,39,0.3,MODERADO,R012,1,1,
370516102,RECHAZADO,59,0.3,MODERADO,R001,1,0,
370604102,APROBADO,83,0.3,MODERADO,R003|R012,2,1,
370704102,RECHAZADO,11,0.3,MODERADO,R002,1,0,
370818102,RECHAZADO,13,0.3,MODERADO,R004,1,0,
370818201,RECHAZADO,24,0.3,MODERADO,R004|R012,2,1,
370901101,APROBADO,87,0.3,MODERADO,R001|R012,2,1,
371003102,REVISION_MANUAL,61,0.3,MODERADO,R001,1,0,
371102102,REVISION_MANUAL,73,0.3,MODERADO,R001|R012,2,1,
371218101,RECHAZADO,58,0.3,MODERADO,R005|R012,2,1,
371301103,RECHAZADO,24,0.3,MODERADO,R009,1,0,
371403101,RECHAZADO,39,0.3,MODERADO,,0,0,
371503102,RECHAZADO,15,0.3,MODERADO,R004,1,0,
371601101,APROBADO,85,0.3,MODERADO,R005|R012,2,1,
371706101,RECHAZADO,26,0.3,MODERADO,R004|R005,2,0,
371803101,RECHAZADO,41,0.3,MODERADO,R005,1,0,
371913101,RECHAZADO,39,0.3,MODERADO,R012,1,1,
372005101,REVISION_MANUAL,68,0.3,MODERADO,R001|R004|R005|R012,4,1,
372101101,RECHAZADO,12,0.3,MODERADO,R004,1,0,
372202101,RECHAZADO,41,0.3,MODERADO,,0,0,
372312102,RECHAZADO,28,0.3,MODERADO,,0,0,
372414102,RECHAZADO,42,0.3,MODERADO,R001|R004,2,0,
372501102,APROBADO,100,0.3,MODERADO,R001|R012,2,1,
372604102,RECHAZADO,0,0.3,MODERADO,R002|R004|R009,3,0,
372701101,RECHAZADO,4,0.3,MODERADO,R002,1,0,
372804103,RECHAZADO,23,0.3,MODERADO,R002,1,0,
372904102,RECHAZADO,25,0.3,MODERADO,R004|R012,2,1,
373015101,RECHAZADO,12,0.3,MODERADO,R004,1,0,
373103102,RECHAZADO,13,0.3,MODERADO,R004,1,0,
373202101,RECHAZADO,57,0.3,MODERADO,R012,1,1,
373305101,RECHAZADO,37,0.3,MODERADO,R004|R005|R012,3,1,
373405101,APROBADO,83,0.3,MODERADO,R001|R005,2,0,
373504101,APROBADO,100,0.3,MODERADO,R001|R005|R012|R015,4,2,
373602102,REVISION_MANUAL,64,0.3,MODERADO,R005|R012,2,1,
373706102,REVISION_MANUAL,77,0.3,MODERADO,R005|R012|R015,3,2,
373813102,RECHAZADO,8,0.3,MODERADO,R004,1,0,
373904101,RECHAZADO,11,0.3,MODERADO,R002,1,0,
374016102,RECHAZADO,0,0.3,MODERADO,R002|R004,2,0,
374103101,RECHAZADO,45,0.3,MODERADO,R005,1,0,
374204101,RECHAZADO,19,0.3,MODERADO,R002|R005,2,0,
374301102,APROBADO,100,0.3,MODERADO,R001|R005|R012|R015,4,2,
374402101,RECHAZADO,30,0.3,MODERADO,,0,0,
374402201,RECHAZADO,13,0.3,MODERADO,R004,1,0,
374503102,RECHAZADO,12,0.3,MODERADO,R004,1,0,
374604101,RECHAZADO,50,0.3,MODERADO,R005,1,0,
374714104,RECHAZADO,30,0.3,MODERADO,,0,0,
374802102,RECHAZADO,27,0.3,MODERADO,,0,0,
374913101,RECHAZADO,30,0.3,MODERADO,,0,0,
375002102,RECHAZADO,8,0.3,MODERADO,R002,1,0,
375101102,RECHAZADO,27,0.3,MODERADO,R004|R005,2,0,
375211102,RECHAZADO,25,0.3,MODERADO,R009,1,0,
375312104,RECHAZADO,4,0.3,MODERADO,R002,1,0,
375415102,APROBADO,84,0.3,MODERADO,R001|R006,2,0,
375502101,REVISION_MANUAL,76,0.3,MODERADO,R001|R004|R005|R012,4,1,
375605101,RECHAZADO,17,0.3,MODERADO,R002,1,0,
375701101,RECHAZADO,56,0.3,MODERADO,R005,1,0,
375802103,RECHAZADO,54,0.3,MODERADO,R012,1,1,
375912102,RECHAZADO,10,0.3,MODERADO,R004,1,0,
376018102,RECHAZADO,30,0.3,MODERADO,R004|R005,2,0,
376105102,REVISION_MANUAL,64,0.3,MODERADO,R003,1,0,
376202101,RECHAZADO,49,0.3,MODERADO,R012,1,1,
376318102,RECHAZADO,57,0.3,MODERADO,R012,1,1,
376403101,RECHAZADO,28,0.3,MODERADO,R004|R005,2,0,
376503102,REVISION_MANUAL,63,0.3,MODERADO,R012,1,1,
376604102,APROBADO,85,0.3,MODERADO,R001|R012,2,1,
376703104,REVISION_MANUAL,67,0.3,MODERADO,R001,1,0,
376805102,APROBADO,87,0.3,MODERADO,R001|R012,2,1,
376913102,RECHAZADO,11,0.3,MODERADO,R002|R005,2,0,
377019102,REVISION_MANUAL,74,0.3,MODERADO,R001|R005,2,0,
377110101,RECHAZADO,53,0.3,MODERADO,R012,1,1,
377201101,APROBADO,100,0.3,MODERADO,R001|R005|R012,3,1,
377201202,APROBADO,87,0.3,MODERADO,R001|R012,2,1,
377304102,REVISION_MANUAL,68,0.3,MODERADO,R001|R006|R009,3,0,
377401101,RECHAZADO,13,0.3,MODERADO,R004,1,0,
377503101,RECHAZADO,43,0.3,MODERADO,,0,0,
377604101,APROBADO,86,0.3,MODERADO,R001|R012,2,1,
377702102,RECHAZADO,42,0.3,MODERADO,,0,0,
377803102,APROBADO,82,0.3,MODERADO,R001|R012,2,1,
377902102,REVISION_MANUAL,73,0.3,MODERADO,R005|R012,2,1,
378003102,RECHAZADO,12,0.3,MODERADO,R004|R005|R010,3,0,
378120101,RECHAZADO,45,0.3,MODERADO,R005,1,0,
378205104,APROBADO,80,0.3,MODERADO,R001|R012,2,1,
378305101,RECHAZADO,31,0.3,MODERADO,,0,0,
378404101,RECHAZADO,25,0.3,MODERADO,R004|R005,2,0,
378511103,RECHAZADO,27,0.3,MODERADO,R010,1,0,
378602101,RECHAZADO,0,0.3,MODERADO,R002|R004|R005,3,0,
378705101,RECHAZADO,48,0.3,MODERADO,R012,1,1,
378802101,APROBADO,100,0.3,MODERADO,R001|R012,2,1,
378907101,APROBADO,90,0.3,MODERADO,R003|R012,2,1,
379008101,REVISION_MANUAL,71,0.3,MODERADO,R001|R004|R005|R012,4,1,
379111104,RECHAZADO,17,0.3,MODERADO,R010,1,0,
379204102,RECHAZADO,20,0.3,MODERADO,R002|R005,2,0,
379304103,RECHAZADO,56,0.3,MODERADO,R012,1,1,
379401101,RECHAZADO,46,0.3,MODERADO,R005,1,0,
379505103,APROBADO,83,0.3,MODERADO,R001|R012,2,1,
379602102,RECHAZADO,24,0.3,MODERADO,R004|R012,2,1,
379712102,RECHAZADO,0,0.3,MODERADO,R004|R010,2,0,
379804101,RECHAZADO,30,0.3,MODERADO,,0,0,
379919101,RECHAZADO,42,0.3,MODERADO,R005,1,0,
380002101,REVISION_MANUAL,70,0.3,MODERADO,R001|R004|R005|R012,4,1,
380101103,RECHAZADO,10,0.3,MODERADO,R004|R009|R012,3,1,
380201101,RECHAZADO,40,0.3,MODERADO,,0,0,
380301102,RECHAZADO,0,0.3,MODERADO,R002|R004,2,0,
380403101,RECHAZADO,38,0.3,MODERADO,,0,0,
380501102,APROBADO,83,0.3,MODERADO,R001|R004|R005|R012,4,1,
380605102,REVISION_MANUAL,70,0.3,MODERADO,R001|R004|R005|R012,4,1,
380708102,RECHAZADO,53,0.3,MODERADO,R012,1,1,
380807102,RECHAZADO,46,0.3,MODERADO,R005,1,0,
380905102,APROBADO,85,0.3,MODERADO,R001|R012,2,1,
381003101,RECHAZADO,43,0.3,MODERADO,R012,1,1,
381104101,RECHAZADO,12,0.3,MODERADO,R004,1,0,
381201101,RECHAZADO,10,0.3,MODERADO,R002,1,0,
381304101,RECHAZADO,56,0.3,MODERADO,R005,1,0,
381405101,REVISION_MANUAL,69,0.3,MODERADO,R001|R004|R005|R006,4,0,
381517101,RECHAZADO,33,0.3,MODERADO,,0,0,
381605103,RECHAZADO,10,0.3,MODERADO,R004,1,0,
381712103,RECHAZADO,35,0.3,MODERADO,,0,0,
381803101,RECHAZADO,53,0.3,MODERADO,R001|R004|R012,3,1,
381908101,RECHAZADO,31,0.3,MODERADO,,0,0,
382002101,RECHAZADO,38,0.3,MODERADO,R004|R005|R012,3,1,
382102101,RECHAZADO,55,0.3,MODERADO,R001|R004|R012,3,1,
382205101,RECHAZADO,47,0.3,MODERADO,R005,1,0,
382318102,APROBADO,80,0.3,MODERADO,R001|R006,2,0,
382405103,RECHAZADO,52,0.3,MODERADO,R001|R004|R012,3,1,
382502101,RECHAZADO,54,0.3,MODERADO,R012,1,1,
382603108,REVISION_MANUAL,67,0.3,MODERADO,R001|R010|R012,3,1,
382704101,RECHAZADO,41,0.3,MODERADO,,0,0,
382804102,REVISION_MANUAL,70,0.3,MODERADO,R001,1,0,
382905101,REVISION_MANUAL,65,0.3,MODERADO,R005|R012,2,1,
383002101,RECHAZADO,28,0.3,MODERADO,R004|R005,2,0,
383107101,RECHAZADO,21,0.3,MODERADO,R002|R005,2,0,
383202101,RECHAZADO,56,0.3,MODERADO,R012,1,1,
383311102,RECHAZADO,9,0.3,MODERADO,R004,1,0,
383405102,RECHAZADO,39,0.3,MODERADO,,0,0,
383505103,RECHAZADO,27,0.3,MODERADO,R004|R012,2,1,
383605101,RECHAZADO,51,0.3,MODERADO,R012,1,1,
383704102,APROBADO,100,0.3,MODERADO,R001|R005|R012|R015,4,2,
383805101,REVISION_MANUAL,73,0.3,MODERADO,R001,1,0,
383903102,RECHAZADO,48,0.3,MODERADO,R012,1,1,
384001101,APROBADO,84,0.3,MODERADO,R001|R012,2,1,
384103101,APROBADO,100,0.3,MODERADO,R001|R005|R012|R015,4,2,
384202102,RECHAZADO,11,0.3,MODERADO,R004,1,0,
384304103,RECHAZADO,23,0.3,MODERADO,R004|R012,2,1,
384420101,RECHAZADO,58,0.3,MODERADO,R005,1,0,
384502101,RECHAZADO,59,0.3,MODERADO,R012,1,1,
384608102,RECHAZADO,15,0.3,MODERADO,R009,1,0,
384713102,RECHAZADO,31,0.3,MODERADO,,0,0,
384809101,RECHAZADO,47,0.3,MODERADO,R005,1,0,
384904102,RECHAZADO,37,0.3,MODERADO,R004|R005|R012,3,1,
385004101,RECHAZADO,24,0.3,MODERADO,R004|R005|R010|R012,4,1,
385103101,RECHAZADO,18,0.3,MODERADO,R002|R006,2,0,
385201103,RECHAZADO,41,0.3,MODERADO,,0,0,
385304101,RECHAZADO,28,0.3,MODERADO,R004|R005,2,0,
385405101,RECHAZADO,13,0.3,MODERADO,R004,1,0,
385501102,APROBADO,81,0.3,MODERADO,R001|R012,2,1,
385603102,RECHAZADO,50,0.3,MODERADO,R012,1,1,
385707101,RECHAZADO,32,0.3,MODERADO,R005|R010,2,0,
385813101,APROBADO,100,0.3,MODERADO,R001|R005|R006|R012,4,1,
385902101,RECHAZADO,56,0.3,MODERADO,R012,1,1,
386011101,RECHAZADO,12,0.3,MODERADO,R004,1,0,
386101101,APROBADO,94,0.3,MODERADO,R001|R005|R012,3,1,
386205104,RECHAZADO,39,0.3,MODERADO,,0,0,
386301102,RECHAZADO,9,0.3,MODERADO,R002,1,0,
386419101,RECHAZADO,0,0.3,MODERADO,R002|R010,2,0,
386501101,APROBADO,94,0.3,MODERADO,R001|R005|R010|R012,4,1,
386603101,APROBADO,85,0.3,MODERADO,R001|R005,2,0,
386703104,RECHAZADO,26,0.3,MODERADO,R004|R005,2,0,
386815102,RECHAZADO,58,0.3,MODERADO,R012,1,1,
386904101,RECHAZADO,58,0.3,MODERADO,R005|R012,2,1,
387004101,RECHAZADO,56,0.3,MODERADO,R005,1,0,
387104101,APROBADO,96,0.3,MODERADO,R001|R005|R015,3,1,
387205101,APROBADO,86,0.3,MODERADO,R001|R005|R012,3,1,
387303102,REVISION_MANUAL,67,0.3,MODERADO,R005|R012,2,1,
387420102,RECHAZADO,45,0.3,MODERADO,R012,1,1,
387502101,RECHAZADO,28,0.3,MODERADO,R004|R005,2,0,
387604102,RECHAZADO,22,0.3,MODERADO,R004|R012,2,1,
387704103,RECHAZADO,35,0.3,MODERADO,R009|R012,2,1,
387801101,REVISION_MANUAL,64,0.3,MODERADO,R005|R015,2,1,
387907102,APROBADO,89,0.3,MODERADO,R001|R005|R012,3,1,
388004101,APROBADO,100,0.3,MODERADO,R001|R005|R012,3,1,
388115104,RECHAZADO,0,0.3,MODERADO,R004|R009,2,0,
388201102,RECHAZADO,39,0.3,MODERADO,R004|R005|R012,3,1,
388301101,RECHAZADO,50,0.3,MODERADO,R012,1,1,
388405102,RECHAZADO,53,0.3,MODERADO,R012,1,1,
388503102,RECHAZADO,25,0.3,MODERADO,R009,1,0,
388615101,RECHAZADO,10,0.3,MODERADO,R004,1,0,
388704105,RECHAZADO,7,0.3,MODERADO,R004|R009|R012,3,1,
388801102,RECHAZADO,0,0.3,MODERADO,R002|R006|R010,3,0,
388905102,RECHAZADO,25,0.3,MODERADO,R002|R005,2,0,
389001101,RECHAZADO,53,0.3,MODERADO,R012,1,1,
389114101,RECHAZADO,0,0.3,MODERADO,R004|R010,2,0,
389205103,REVISION_MANUAL,70,0.3,MODERADO,R001,1,0,
389301102,APROBADO,87,0.3,MODERADO,R001|R012,2,1,
389420101,RECHAZADO,39,0.3,MODERADO,,0,0,
389502101,APROBADO,81,0.3,MODERADO,R005|R012|R015,3,2,
389605102,RECHAZADO,29,0.3,MODERADO,,0,0,
389718102,RECHAZADO,13,0.3,MODERADO,R009,1,0,
389803103,APROBADO,92,0.3,MODERADO,R001|R012,2,1,
389905101,APROBADO,100,0.3,MODERADO,R001|R005|R012,3,1,
390004101,REVISION_MANUAL,74,0.3,MODERADO,R001|R005,2,0,
390119101,RECHAZADO,26,0.3,MODERADO,R004|R005,2,0,
390201102,APROBADO,100,0.3,MODERADO,R001|R005|R012,3,1,
390310102,RECHAZADO,37,0.3,MODERADO,R004|R005|R012,3,1,
390403101,RECHAZADO,55,0.3,MODERADO,R012,1,1,
390504102,RECHAZADO,11,0.3,MODERADO,R004,1,0,
390604101,RECHAZADO,59,0.3,MODERADO,R001|R004|R012,3,1,
390704101,RECHAZADO,0,0.3,MODERADO,R004|R010,2,0,
390801102,RECHAZADO,9,0.3,MODERADO,R004|R010|R012,3,1,
390911101,RECHAZADO,49,0.3,MODERADO,R012,1,1,
391006101,RECHAZADO,27,0.3,MODERADO,R004|R005,2,0,
391105104,RECHAZADO,49,0.3,MODERADO,R012,1,1,
391201101,RECHAZADO,0,0.3,MODERADO,R002,1,0,
391301101,RECHAZADO,27,0.3,MODERADO,R004|R005,2,0,
391301201,RECHAZADO,49,0.3,MODERADO,R012,1,1,
391301302,RECHAZADO,31,0.3,MODERADO,,0,0,
391404101,RECHAZADO,42,0.3,MODERADO,,0,0,
391518102,RECHAZADO,17,0.3,MODERADO,R010,1,0,
391605101,APROBADO,100,0.3,MODERADO,R001|R005|R012|R015,4,2,
391703101,RECHAZADO,19,0.3,MODERADO,R002|R005,2,0,
391819101,RECHAZADO,53,0.3,MODERADO,R005,1,0,
391901104,REVISION_MANUAL,65,0.3,MODERADO,R001|R010|R012,3,1,
392014103,RECHAZADO,54,0.3,MODERADO,R005|R009|R012,3,1,
392104101,RECHAZADO,31,0.3,MODERADO,R002|R005|R015,3,1,
392205102,RECHAZADO,25,0.3,MODERADO,R004|R012,2,1,
392311102,RECHAZADO,29,0.3,MODERADO,,0,0,
392403103,RECHAZADO,27,0.3,MODERADO,R010,1,0,
392518102,RECHAZADO,12,0.3,MODERADO,R004,1,0,
392601102,RECHAZADO,29,0.3,MODERADO,,0,0,
392704101,RECHAZADO,23,0.3,MODERADO,R004|R005,2,0,
392804101,APROBADO,96,0.3,MODERADO,R001|R005|R015,3,1,
392903101,RECHAZADO,53,0.3,MODERADO,R005,1,0,
393011101,RECHAZADO,10,0.3,MODERADO,R004,1,0,
393101101,APROBADO,100,0.3,MODERADO,R001|R005|R012,3,1,
393203101,RECHAZADO,45,0.3,MODERADO,R005,1,0,
393305102,APROBADO,90,0.3,MODERADO,R001|R012,2,1,
393403101,APROBADO,100,0.3,MODERADO,R001|R005|R012|R015,4,2,
393514102,RECHAZADO,46,0.3,MODERADO,R005,1,0,
393604102,RECHAZADO,12,0.3,MODERADO,R004,1,0,
393701101,REVISION_MANUAL,64,0.3,MODERADO,R005|R012,2,1,
393803101,RECHAZADO,27,0.3,MODERADO,,0,0,
393902101,APROBADO,100,0.3,MODERADO,R001|R003|R005|R012,4,1,
394019101,RECHAZADO,30,0.3,MODERADO,R002|R003,2,0,
394109102,RECHAZADO,0,0.3,MODERADO,R004|R010,2,0,
394203101,RECHAZADO,40,0.3,MODERADO,R001|R004,2,0,
394314101,RECHAZADO,45,0.3,MODERADO,R005,1,0,
394417101,APROBADO,97,0.3,MODERADO,R001|R005|R012,3,1,
394503101,REVISION_MANUAL,66,0.3,MODERADO,R005|R012,2,1,
394601101,RECHAZADO,13,0.3,MODERADO,R004,1,0,
394704101,APROBADO,100,0.3,MODERADO,R001|R003|R005|R012|R015,5,2,
394803103,REVISION_MANUAL,71,0.3,MODERADO,R001,1,0,
394902102,RECHAZADO,24,0.3,MODERADO,R004|R012,2,1,
395005104,RECHAZADO,15,0.3,MODERADO,R004,1,0,
395109102,RECHAZADO,0,0.3,MODERADO,R004|R010,2,0,
395212102,RECHAZADO,43,0.3,MODERADO,R012,1,1,
395303101,APROBADO,84,0.3,MODERADO,R001|R012,2,1,
395404101,RECHAZADO,45,0.3,MODERADO,R005,1,0,
395404203,RECHAZADO,7,0.3,MODERADO,R004|R009|R012,3,1,
395505101,RECHAZADO,51,0.3,MODERADO,R012,1,1,
395601101,RECHAZADO,28,0.3,MODERADO,R004|R012,2,1,
395704101,RECHAZADO,30,0.3,MODERADO,R005|R010,2,0,
395812101,RECHAZADO,24,0.3,MODERADO,R004|R012,2,1,
395918101,RECHAZADO,10,0.3,MODERADO,R004,1,0,
396012102,RECHAZADO,57,0.3,MODERADO,R001|R004|R005,3,0,
396108102,RECHAZADO,0,0.3,MODERADO,R004|R010,2,0,
396202101,REVISION_MANUAL,67,0.3,MODERADO,R005|R012,2,1,
396314101,RECHAZADO,32,0.3,MODERADO,R005|R010,2,0,
396412101,RECHAZADO,28,0.3,MODERADO,R004|R005,2,0,
396504101,APROBADO,100,0.3,MODERADO,R001|R005|R012|R015,4,2,
396609102,APROBADO,82,0.3,MODERADO,R001|R012,2,1,
396709101,RECHAZADO,26,0.3,MODERADO,R004|R005,2,0,
396803102,REVISION_MANUAL,77,0.3,MODERADO,R001|R012,2,1,
396901109,RECHAZADO,35,0.3,MODERADO,R010|R012,2,1,
397014101,RECHAZADO,55,0.3,MODERADO,R005|R012,2,1,
397105104,RECHAZADO,57,0.3,MODERADO,R001,1,0,
397213102,RECHAZADO,29,0.3,MODERADO,,0,0,
397303104,RECHAZADO,11,0.3,MODERADO,R004,1,0,
397416101,RECHAZADO,58,0.3,MODERADO,R001|R004|R005,3,0,
397502101,RECHAZADO,21,0.3,MODERADO,R002|R005,2,0,
397604102,RECHAZADO,13,0.3,MODERADO,R004,1,0,
397705101,APROBADO,96,0.3,MODERADO,R001|R005|R015,3,1,
397817101,RECHAZADO,59,0.3,MODERADO,R005|R012,2,1,
397910101,RECHAZADO,8,0.3,MODERADO,R004,1,0,
398002101,RECHAZADO,58,0.3,MODERADO,R012,1,1,
398104102,RECHAZADO,25,0.3,MODERADO,R004|R012,2,1,
398203102,APROBADO,86,0.3,MODERADO,R001|R005,2,0,
398301102,RECHAZADO,5,0.3,MODERADO,R002,1,0,
398412101,RECHAZADO,28,0.3,MODERADO,R004|R005,2,0,
398505101,APROBADO,80,0.3,MODERADO,R001|R012,2,1,
398601102,RECHAZADO,15,0.3,MODERADO,R004,1,0,
398701105,RECHAZADO,26,0.3,MODERADO,,0,0,
398803101,APROBADO,100,0.3,MODERADO,R001|R005|R012|R015,4,2,
398919102,RECHAZADO,27,0.3,MODERADO,,0,0,
399004101,APROBADO,100,0.3,MODERADO,R001|R005|R012|R015,4,2,
399105103,RECHAZADO,54,0.3,MODERADO,R001|R004|R012,3,1,
399202101,APROBADO,100,0.3,MODERADO,R001|R005|R012,3,1,
399302104,RECHAZADO,23,0.3,MODERADO,R004|R005,2,0,
399403101,RECHAZADO,45,0.3,MODERADO,R012,1,1,
399503102,RECHAZADO,40,0.3,MODERADO,,0,0,
399602103,RECHAZADO,8,0.3,MODERADO,R004|R009|R012,3,1,
399715102,RECHAZADO,36,0.3,MODERADO,R004|R005|R012,3,1,
399805103,RECHAZADO,22,0.3,MODERADO,R004|R012,2,1,
399903102,RECHAZADO,41,0.3,MODERADO,,0,0,
400011103,RECHAZADO,25,0.3,MODERADO,R009,1,0,
400107104,RECHAZADO,56,0.3,MODERADO,R001|R009,2,0,
400204101,REVISION_MANUAL,64,0.3,MODERADO,R005|R012,2,1,
400304101,APROBADO,100,0.3,MODERADO,R001|R005|R012,3,1,
400403102,RECHAZADO,37,0.3,MODERADO,,0,0,
400505101,RECHAZADO,31,0.3,MODERADO,,0,0,
400601103,RECHAZADO,7,0.3,MODERADO,R002,1,0,
400702101,REVISION_MANUAL,67,0.3,MODERADO,R005|R012,2,1,
400805103,RECHAZADO,30,0.3,MODERADO,R002|R005,2,0,
400905101,RECHAZADO,6,0.3,MODERADO,R002,1,0,
401003102,RECHAZADO,0,0.3,MODERADO,R004|R009,2,0,
401108102,RECHAZADO,12,0.3,MODERADO,R004,1,0,
401202101,RECHAZADO,31,0.3,MODERADO,,0,0,
401303101,APROBADO,84,0.3,MODERADO,R001|R005|R012,3,1,
401414102,RECHAZADO,32,0.3,MODERADO,R005|R010,2,0,
401501101,RECHAZADO,41,0.3,MODERADO,R012,1,1,
401617101,RECHAZADO,27,0.3,MODERADO,R004|R005,2,0,
401704101,REVISION_MANUAL,67,0.3,MODERADO,R005|R012,2,1,
401804102,RECHAZADO,55,0.3,MODERADO,R001|R004|R012,3,1,
401915101,RECHAZADO,33,0.3,MODERADO,,0,0,
402003104,RECHAZADO,25,0.3,MODERADO,R004|R012,2,1,
402105101,APROBADO,99,0.3,MODERADO,R001|R005|R012,3,1,
402217101,RECHAZADO,55,0.3,MODERADO,R001|R004|R012,3,1,
402303103,RECHAZADO,47,0.3,MODERADO,R001|R009,2,0,
402416103,RECHAZADO,38,0.3,MODERADO,,0,0,
402502101,RECHAZADO,38,0.3,MODERADO,R004|R005|R012,3,1,
402603101,RECHAZADO,11,0.3,MODERADO,R004,1,0,
402704102,RECHAZADO,32,0.3,MODERADO,R002|R005,2,0,
402808101,RECHAZADO,47,0.3,MODERADO,R005,1,0,
402901101,APROBADO,100,0.3,MODERADO,R001|R005|R012|R015,4,2,
403001101,APROBADO,96,0.3,MODERADO,R001|R005|R015,3,1,
403104102,RECHAZADO,32,0.3,MODERADO,R002|R005,2,0,
403204103,RECHAZADO,10,0.3,MODERADO,R004|R009|R012,3,1,
403318102,RECHAZADO,28,0.3,MODERADO,R004|R005,2,0,
403418101,APROBADO,100,0.3,MODERADO,R001|R005|R012|R015,4,2,
403511101,RECHAZADO,28,0.3,MODERADO,R004|R005,2,0,
403603101,RECHAZADO,41,0.3,MODERADO,,0,0,
403704101,RECHAZADO,46,0.3,MODERADO,R005,1,0,
403805102,RECHAZADO,38,0.3,MODERADO,,0,0,
403905101,RECHAZADO,12,0.3,MODERADO,R004,1,0,
404003102,RECHAZADO,56,0.3,MODERADO,R001|R004|R012,3,1,
404105102,RECHAZADO,57,0.3,MODERADO,R005,1,0,
404105201,RECHAZADO,6,0.3,MODERADO,R002,1,0,
404202102,RECHAZADO,40,0.3,MODERADO,,0,0,
404302101,RECHAZADO,1,0.3,MODERADO,R004|R009,2,0,
404402104,RECHAZADO,56,0.3,MODERADO,R001|R009|R012,3,1,
404502103,RECHAZADO,23,0.3,MODERADO,R004|R005,2,0,
404603106,RECHAZADO,55,0.3,MODERADO,R012,1,1,
404702101,RECHAZADO,41,0.3,MODERADO,,0,0,
404801106,RECHAZADO,30,0.3,MODERADO,,0,0,
404905102,RECHAZADO,52,0.3,MODERADO,R001|R004|R012,3,1,
405003101,RECHAZADO,9,0.3,MODERADO,R002|R005,2,0,
405111103,RECHAZADO,38,0.3,MODERADO,,0,0,
405203101,RECHAZADO,8,0.3,MODERADO,R002|R005|R010,3,0,
405317105,RECHAZADO,13,0.3,MODERADO,R009|R010,2,0,
405410101,RECHAZADO,49,0.3,MODERADO,R012,1,1,
405503101,RECHAZADO,44,0.3,MODERADO,R012,1,1,
405612101,REVISION_MANUAL,71,0.3,MODERADO,R001,1,0,
405703102,RECHAZADO,22,0.3,MODERADO,R004|R012,2,1,
405803101,APROBADO,90,0.3,MODERADO,R001|R012,2,1,
405902101,APROBADO,87,0.3,MODERADO,R001|R012,2,1,
406005102,REVISION_MANUAL,73,0.3,MODERADO,R001|R005,2,0,
406111102,REVISION_MANUAL,70,0.3,MODERADO,R001,1,0,
406203101,RECHAZADO,50,0.3,MODERADO,R012,1,1,
406303104,RECHAZADO,15,0.3,MODERADO,R009,1,0,
406405102,RECHAZADO,11,0.3,MODERADO,R002,1,0,
406505102,RECHAZADO,46,0.3,MODERADO,R005,1,0,
406610101,RECHAZADO,56,0.3,MODERADO,R005,1,0,
406705101,RECHAZADO,35,0.3,MODERADO,R004|R005|R012,3,1,
406817101,RECHAZADO,52,0.3,MODERADO,R005,1,0,
406904101,REVISION_MANUAL,68,0.3,MODERADO,R005|R012,2,1,
407001101,RECHAZADO,11,0.3,MODERADO,R002|R005,2,0,
407113103,RECHAZADO,27,0.3,MODERADO,R010,1,0,
407203101,RECHAZADO,40,0.3,MODERADO,,0,0,
407317101,RECHAZADO,32,0.3,MODERADO,R005|R010,2,0,
407412101,RECHAZADO,48,0.3,MODERADO,R005,1,0,
407504102,RECHAZADO,46,0.3,MODERADO,R004|R005|R012,3,1,
407605101,RECHAZADO,41,0.3,MODERADO,,0,0,
407701103,RECHAZADO,35,0.3,MODERADO,R002|R005,2,0,
407803101,RECHAZADO,15,0.3,MODERADO,R004,1,0,
407918103,RECHAZADO,39,0.3,MODERADO,,0,0,
408003101,RECHAZADO,27,0.3,MODERADO,R004|R005,2,0,
408003202,RECHAZADO,12,0.3,MODERADO,R004,1,0,
408003301,RECHAZADO,17,0.3,MODERADO,R010,1,0,
408103102,REVISION_MANUAL,76,0.3,MODERADO,R005|R012,2,1,
408203101,RECHAZADO,28,0.3,MODERADO,R004|R005,2,0,
408303101,RECHAZADO,11,0.3,MODERADO,R004,1,0,
408405106,REVISION_MANUAL,73,0.3,MODERADO,R001|R009|R012,3,1,
408505101,RECHAZADO,45,0.3,MODERADO,R005,1,0,
408605101,REVISION_MANUAL,60,0.3,MODERADO,R001|R004|R005,3,0,
408711106,RECHAZADO,38,0.3,MODERADO,R010|R012,2,1,
408803102,RECHAZADO,28,0.3,MODERADO,R004|R005,2,0,
408905102,RECHAZADO,57,0.3,MODERADO,R001|R010,2,0,
409001101,REVISION_MANUAL,76,0.3,MODERADO,R001|R012,2,1,
409108101,RECHAZADO,25,0.3,MODERADO,R004|R012,2,1,
409205102,RECHAZADO,10,0.3,MODERADO,R002,1,0,
409304101,REVISION_MANUAL,68,0.3,MODERADO,R001|R004|R005|R012,4,1,
409401103,RECHAZADO,52,0.3,MODERADO,R001|R004|R012,3,1,
409508101,RECHAZADO,56,0.3,MODERADO,R005|R012,2,1,
409605102,RECHAZADO,42,0.3,MODERADO,R001|R004,2,0,
409703102,RECHAZADO,57,0.3,MODERADO,R001|R004|R012,3,1,
409801101,RECHAZADO,40,0.3,MODERADO,,0,0,
409905101,RECHAZADO,31,0.3,MODERADO,,0,0,
410005102,APROBADO,84,0.3,MODERADO,R001|R012,2,1,
410102101,RECHAZADO,55,0.3,MODERADO,R005,1,0,
410203101,RECHAZADO,28,0.3,MODERADO,R004|R005,2,0,
410301101,REVISION_MANUAL,73,0.3,MODERADO,R001|R004|R005|R012,4,1,
410419102,RECHAZADO,12,0.3,MODERADO,R004,1,0,
410504101,RECHAZADO,30,0.3,MODERADO,,0,0,
410604101,RECHAZADO,33,0.3,MODERADO,,0,0,
410703102,APROBADO,95,0.3,MODERADO,R001|R005|R012,3,1,
410801101,APROBADO,100,0.3,MODERADO,R001|R005|R012|R015,4,2,
410902103,RECHAZADO,50,0.3,MODERADO,R012,1,1,
411019103,RECHAZADO,16,0.3,MODERADO,R009,1,0,
411104101,APROBADO,92,0.3,MODERADO,R001|R012,2,1,
411203102,RECHAZADO,22,0.3,MODERADO,R004|R012,2,1,
411303102,RECHAZADO,22,0.3,MODERADO,R004|R012,2,1,
411303202,RECHAZADO,32,0.3,MODERADO,,0,0,
411404101,REVISION_MANUAL,74,0.3,MODERADO,R001|R012,2,1,
411508101,RECHAZADO,28,0.3,MODERADO,R004|R005,2,0,
411601102,APROBADO,82,0.3,MODERADO,R001|R012,2,1,
411701101,RECHAZADO,15,0.3,MODERADO,R002,1,0,
411805102,REVISION_MANUAL,70,0.3,MODERADO,R001|R004|R005|R012,4,1,
411918101,RECHAZADO,54,0.3,MODERADO,R001|R004|R005|R010|R012,5,1,
412002102,RECHAZADO,43,0.3,MODERADO,,0,0,
412109101,RECHAZADO,28,0.3,MODERADO,R004|R005,2,0,
412202101,REVISION_MANUAL,62,0.3,MODERADO,R012,1,1,
412301103,RECHAZADO,10,0.3,MODERADO,R004,1,0,
412404101,RECHAZADO,57,0.3,MODERADO,R001|R010,2,0,
412504101,RECHAZADO,30,0.3,MODERADO,,0,0,
412605101,REVISION_MANUAL,69,0.3,MODERADO,R001|R004|R005|R012,4,1,
412712102,RECHAZADO,53,0.3,MODERADO,R005|R012,2,1,
412803103,REVISION_MANUAL,68,0.3,MODERADO,R001|R010|R012,3,1,
412903101,APROBADO,94,0.3,MODERADO,R001|R005|R015,3,1,
413004101,RECHAZADO,45,0.3,MODERADO,R005,1,0,
413101101,REVISION_MANUAL,68,0.3,MODERADO,R005|R012,2,1,
413201101,APROBADO,100,0.3,MODERADO,R001|R005|R012,3,1,
413303102,APROBADO,84,0.3,MODERADO,R001|R012,2,1,
413414102,RECHAZADO,14,0.3,MODERADO,R004|R005|R010,3,0,
413513103,RECHAZADO,8,0.3,MODERADO,R004|R009|R012,3,1,
413602102,APROBADO,80,0.3,MODERADO,R001|R006,2,0,
413701102,RECHAZADO,31,0.3,MODERADO,,0,0,
413817101,RECHAZADO,44,0.3,MODERADO,R005,1,0,
413916101,REVISION_MANUAL,75,0.3,MODERADO,R001|R005,2,0,
414001101,APROBADO,95,0.3,MODERADO,R005|R012|R015,3,2,
414114101,REVISION_MANUAL,71,0.3,MODERADO,R001|R004|R005|R012,4,1,
414201101,RECHAZADO,58,0.3,MODERADO,R001,1,0,
414304101,APROBADO,100,0.3,MODERADO,R001|R005|R006|R012,4,1,
414401101,RECHAZADO,46,0.3,MODERADO,R005,1,0,
414504101,RECHAZADO,45,0.3,MODERADO,R005,1,0,
414601101,APROBADO,100,0.3,MODERADO,R001|R005|R012,3,1,
414701101,RECHAZADO,13,0.3,MODERADO,R004,1,0,
414701201,RECHAZADO,38,0.3,MODERADO,,0,0,
414818101,REVISION_MANUAL,70,0.3,MODERADO,R001,1,0,
414902101,RECHAZADO,53,0.3,MODERADO,R012,1,1,
415002101,REVISION_MANUAL,70,0.3,MODERADO,R005|R012,2,1,
415101101,APROBADO,94,0.3,MODERADO,R001|R005|R012,3,1,
415217101,RECHAZADO,20,0.3,MODERADO,R004|R012,2,1,
415301102,APROBADO,86,0.3,MODERADO,R001|R012,2,1,
415403102,RECHAZADO,0,0.3,MODERADO,R002|R004|R005,3,0,
415506102,RECHAZADO,39,0.3,MODERADO,,0,0,
415605101,APROBADO,86,0.3,MODERADO,R001|R005,2,0,
415701102,RECHAZADO,42,0.3,MODERADO,R001|R004|R005|R010,4,0,
415814102,APROBADO,96,0.3,MODERADO,R001|R005|R012,3,1,
415910101,RECHAZADO,15,0.3,MODERADO,R004,1,0,
416004101,RECHAZADO,27,0.3,MODERADO,R002|R005,2,0,
416101101,RECHAZADO,30,0.3,MODERADO,,0,0,
416203101,RECHAZADO,53,0.3,MODERADO,R012,1,1,
416304101,APROBADO,84,0.3,MODERADO,R001|R005,2,0,
416404101,RECHAZADO,12,0.3,MODERADO,R004,1,0,
416502104,APROBADO,82,0.3,MODERADO,R001|R006,2,0,
416601101,RECHAZADO,41,0.3,MODERADO,,0,0,
416716102,RECHAZADO,10,0.3,MODERADO,R004,1,0,
416805101,RECHAZADO,48,0.3,MODERADO,R012,1,1,
416912101,RECHAZADO,46,0.3,MODERADO,R005|R010|R012,3,1,
417003101,RECHAZADO,53,0.3,MODERADO,R012,1,1,
417102101,RECHAZADO,38,0.3,MODERADO,R002|R005,2,0,
417201101,RECHAZADO,40,0.3,MODERADO,R005,1,0,
417303101,RECHAZADO,12,0.3,MODERADO,R004,1,0,
417401101,APROBADO,100,0.3,MODERADO,R001|R005|R012|R015,4,2,
417516101,RECHAZADO,21,0.3,MODERADO,R002|R005,2,0,
417603101,RECHAZADO,13,0.3,MODERADO,R004,1,0,
417705101,RECHAZADO,41,0.3,MODERADO,R004|R005|R012,3,1,
417805102,RECHAZADO,28,0.3,MODERADO,R004|R012,2,1,
417902102,RECHAZADO,12,0.3,MODERADO,R004,1,0,
418020101,RECHAZADO,54,0.3,MODERADO,R012,1,1,
418118101,RECHAZADO,48,0.3,MODERADO,R012,1,1,
418205102,APROBADO,87,0.3,MODERADO,R001|R012,2,1,
418304101,RECHAZADO,55,0.3,MODERADO,R005,1,0,
418402102,REVISION_MANUAL,72,0.3,MODERADO,R005|R012,2,1,
418504103,RECHAZADO,0,0.3,MODERADO,R004|R009,2,0,
418602102,RECHAZADO,24,0.3,MODERADO,R004|R012,2,1,
418707101,RECHAZADO,0,0.3,MODERADO,R004|R010,2,0,
418816103,RECHAZADO,27,0.3,MODERADO,,0,0,
418902102,RECHAZADO,12,0.3,MODERADO,R002,1,0,
419009102,RECHAZADO,32,0.3,MODERADO,,0,0,
419104103,RECHAZADO,52,0.3,MODERADO,R012,1,1,
419204104,RECHAZADO,9,0.3,MODERADO,R004|R010|R012,3,1,
419304101,RECHAZADO,49,0.3,MODERADO,R012,1,1,
419417101,RECHAZADO,29,0.3,MODERADO,,0,0,
419502103,REVISION_MANUAL,70,0.3,MODERADO,R001|R004|R005|R012,4,1,
419601101,RECHAZADO,22,0.3,MODERADO,R004|R012,2,1,
419702101,APROBADO,100,0.3,MODERADO,R001|R005|R012|R015,4,2,
419820102,RECHAZADO,46,0.3,MODERADO,R005,1,0,
419905102,APROBADO,93,0.3,MODERADO,R003|R005|R012,3,1,
420003101,APROBADO,99,0.3,MODERADO,R001|R003|R005|R010|R012,5,1,
420105102,RECHAZADO,13,0.3,MODERADO,R004,1,0,
420105201,RECHAZADO,45,0.3,MODERADO,R005,1,0,
420203102,RECHAZADO,52,0.3,MODERADO,R012,1,1,
420315101,RECHAZADO,29,0.3,MODERADO,,0,0,
420418101,RECHAZADO,12,0.3,MODERADO,R004,1,0,
420502102,RECHAZADO,25,0.3,MODERADO,R004|R012,2,1,
420612101,RECHAZADO,50,0.3,MODERADO,R012,1,1,
420705101,RECHAZADO,50,0.3,MODERADO,R012,1,1,
420816101,REVISION_MANUAL,61,0.3,MODERADO,R001,1,0,
420911102,RECHAZADO,11,0.3,MODERADO,R004,1,0,
421002102,RECHAZADO,52,0.3,MODERADO,R001|R004|R012,3,1,
421105102,RECHAZADO,28,0.3,MODERADO,R004|R005,2,0,
421201101,RECHAZADO,27,0.3,MODERADO,R004|R005,2,0,
421302101,RECHAZADO,28,0.3,MODERADO,R002|R005,2,0,
421401101,RECHAZADO,13,0.3,MODERADO,R004,1,0,
421505101,APROBADO,96,0.3,MODERADO,R001|R005|R015,3,1,
421602101,RECHAZADO,47,0.3,MODERADO,R005,1,0,
421705105,APROBADO,82,0.3,MODERADO,R001|R012,2,1,
421801103,RECHAZADO,29,0.3,MODERADO,,0,0,
421909101,RECHAZADO,28,0.3,MODERADO,R004|R005,2,0,
422004102,RECHAZADO,38,0.3,MODERADO,,0,0,
422110101,REVISION_MANUAL,61,0.3,MODERADO,R001,1,0,
422202102,RECHAZADO,56,0.3,MODERADO,R005|R012,2,1,
422314102,RECHAZADO,41,0.3,MODERADO,,0,0,
422419107,RECHAZADO,41,0.3,MODERADO,R005,1,0,
422505101,RECHAZADO,38,0.3,MODERADO,,0,0,
422603101,RECHAZADO,54,0.3,MODERADO,R012,1,1,
422703101,REVISION_MANUAL,69,0.3,MODERADO,R001|R010|R012,3,1,
422802101,RECHAZADO,39,0.3,MODERADO,,0,0,
422904101,RECHAZADO,0,0.3,MODERADO,R002|R004|R005,3,0,
423008101,REVISION_MANUAL,75,0.3,MODERADO,R001|R005,2,0,
423105102,RECHAZADO,6,0.3,MODERADO,R002,1,0,
423203101,RECHAZADO,40,0.3,MODERADO,,0,0,
423303102,RECHAZADO,52,0.3,MODERADO,R012,1,1,
423415102,RECHAZADO,38,0.3,MODERADO,R001|R004,2,0,
423504101,APROBADO,93,0.3,MODERADO,R001|R006|R012,3,1,
423604101,RECHAZADO,30,0.3,MODERADO,,0,0,
423705101,APROBADO,96,0.3,MODERADO,R001|R005|R012,3,1,
423803101,RECHAZADO,23,0.3,MODERADO,R002|R005,2,0,
423911101,REVISION_MANUAL,71,0.3,MODERADO,R001|R004|R005|R012,4,1,
424013103,APROBADO,82,0.3,MODERADO,R001|R012,2,1,
424103101,RECHAZADO,30,0.3,MODERADO,,0,0,
424201101,RECHAZADO,21,0.3,MODERADO,R002|R005|R006,3,0,
424307112,RECHAZADO,17,0.3,MODERADO,R010,1,0,
424409102,RECHAZADO,29,0.3,MODERADO,,0,0,
424505102,RECHAZADO,33,0.3,MODERADO,R002|R005|R015,3,1,
424603101,RECHAZADO,28,0.3,MODERADO,R004|R005,2,0,
424703101,RECHAZADO,51,0.3,MODERADO,R005,1,0,
424801101,APROBADO,100,0.3,MODERADO,R001|R003|R005|R012,4,1,
424902101,RECHAZADO,42,0.3,MODERADO,R005|R010,2,0,
425004101,RECHAZADO,23,0.3,MODERADO,R004|R012,2,1,
425103102,APROBADO,100,0.3,MODERADO,R001|R005|R012,3,1,
425203102,RECHAZADO,43,0.3,MODERADO,,0,0,
425303101,REVISION_MANUAL,72,0.3,MODERADO,R001|R010|R012,3,1,
425411101,RECHAZADO,40,0.3,MODERADO,,0,0,
425504101,REVISION_MANUAL,68,0.3,MODERADO,R005|R012,2,1,
425606101,RECHAZADO,12,0.3,MODERADO,R004,1,0,
425704102,RECHAZADO,58,0.3,MODERADO,R001|R004|R005,3,0,
425801104,RECHAZADO,10,0.3,MODERADO,R004|R009|R012,3,1,
425904101,RECHAZADO,54,0.3,MODERADO,R005,1,0,
426012103,RECHAZADO,48,0.3,MODERADO,R012,1,1,
426104101,RECHAZADO,42,0.3,MODERADO,R012,1,1,
426201101,REVISION_MANUAL,77,0.3,MODERADO,R005|R012|R015,3,2,
426302103,REVISION_MANUAL,68,0.3,MODERADO,R001,1,0,
426411101,RECHAZADO,0,0.3,MODERADO,R002,1,0,
426502101,RECHAZADO,58,0.3,MODERADO,R005,1,0,
426603101,RECHAZADO,41,0.3,MODERADO,,0,0,
426702103,RECHAZADO,27,0.3,MODERADO,,0,0,
426804101,RECHAZADO,29,0.3,MODERADO,R009,1,0,
426904102,RECHAZADO,22,0.3,MODERADO,R002|R006,2,0,
427004102,RECHAZADO,48,0.3,MODERADO,R001|R009,2,0,
427102102,RECHAZADO,8,0.3,MODERADO,R002,1,0,
427204101,RECHAZADO,43,0.3,MODERADO,R012,1,1,
427316102,RECHAZADO,32,0.3,MODERADO,,0,0,
427404101,RECHAZADO,22,0.3,MODERADO,R004|R012,2,1,
427502101,RECHAZADO,42,0.3,MODERADO,,0,0,
427602102,RECHAZADO,52,0.3,MODERADO,R001|R004|R012,3,1,
427712102,RECHAZADO,13,0.3,MODERADO,R004,1,0,
427801103,RECHAZADO,59,0.3,MODERADO,R001,1,0,
427902102,RECHAZADO,17,0.3,MODERADO,R010,1,0,
428002101,REVISION_MANUAL,71,0.3,MODERADO,R001,1,0,
428105102,REVISION_MANUAL,73,0.3,MODERADO,R005|R012,2,1,
428202102,RECHAZADO,52,0.3,MODERADO,R012,1,1,
428306101,APROBADO,81,0.3,MODERADO,R001|R012,2,1,
428410102,RECHAZADO,54,0.3,MODERADO,R005,1,0,
428505102,REVISION_MANUAL,71,0.3,MODERADO,R001|R004|R005|R012,4,1,
428604101,RECHAZADO,59,0.3,MODERADO,R012,1,1,
428704103,RECHAZADO,13,0.3,MODERADO,R004,1,0,
428802101,RECHAZADO,13,0.3,MODERADO,R004,1,0,
428903101,APROBADO,85,0.3,MODERADO,R001|R005,2,0,
429001101,RECHAZADO,28,0.3,MODERADO,R004|R005,2,0,
429113102,RECHAZADO,13,0.3,MODERADO,R004,1,0,
429203102,RECHAZADO,49,0.3,MODERADO,R012,1,1,
429203201,RECHAZADO,5,0.3,MODERADO,R002,1,0,
429303101,APROBADO,97,0.3,MODERADO,R001|R005|R012,3,1,
429414101,APROBADO,83,0.3,MODERADO,R001|R004|R005|R012,4,1,
429503102,RECHAZADO,13,0.3,MODERADO,R004,1,0,
429605104,APROBADO,83,0.3,MODERADO,R001|R012,2,1,
429702101,APROBADO,92,0.3,MODERADO,R001|R012,2,1,
429805101,RECHAZADO,43,0.3,MODERADO,,0,0,
429905101,REVISION_MANUAL,79,0.3,MODERADO,R001|R012,2,1,
430003103,RECHAZADO,56,0.3,MODERADO,R012,1,1,
430107102,RECHAZADO,13,0.3,MODERADO,R004,1,0,
430208101,RECHAZADO,45,0.3,MODERADO,R005,1,0,
430302103,RECHAZADO,10,0.3,MODERADO,R002,1,0,
430416102,RECHAZADO,15,0.3,MODERADO,R004,1,0,
430513102,RECHAZADO,13,0.3,MODERADO,R004,1,0,
430606101,RECHAZADO,56,0.3,MODERADO,R005|R012,2,1,
430719102,RECHAZADO,52,0.3,MODERADO,R012,1,1,
430803104,APROBADO,100,0.3,MODERADO,R001|R005|R012,3,1,
430902105,RECHAZADO,10,0.3,MODERADO,R004,1,0,
431004102,RECHAZADO,43,0.3,MODERADO,,0,0,
431105102,RECHAZADO,13,0.3,MODERADO,R004,1,0,
431204102,RECHAZADO,54,0.3,MODERADO,R012,1,1,
431304105,RECHAZADO,49,0.3,MODERADO,R012,1,1,
431402102,APROBADO,94,0.3,MODERADO,R001|R005|R012,3,1,
431505101,REVISION_MANUAL,69,0.3,MODERADO,R005|R012,2,1,
431605101,RECHAZADO,45,0.3,MODERADO,R005,1,0,
431704103,RECHAZADO,0,0.3,MODERADO,R002|R010,2,0,
431802104,RECHAZADO,19,0.3,MODERADO,R004|R012,2,1,
431908102,RECHAZADO,30,0.3,MODERADO,,0,0,
432002102,APROBADO,100,0.3,MODERADO,R001|R005|R012,3,1,
432105101,RECHAZADO,29,0.3,MODERADO,R002|R005|R015,3,1,
432202102,RECHAZADO,41,0.3,MODERADO,,0,0,
432307101,RECHAZADO,29,0.3,MODERADO,,0,0,
432404101,RECHAZADO,27,0.3,MODERADO,,0,0,
432517101,RECHAZADO,12,0.3,MODERADO,R004|R005|R010,3,0,
432605101,REVISION_MANUAL,68,0.3,MODERADO,R005|R012,2,1,
432702101,RECHAZADO,45,0.3,MODERADO,R005,1,0,
432801102,REVISION_MANUAL,72,0.3,MODERADO,R001,1,0,
432903101,RECHAZADO,52,0.3,MODERADO,R001|R004|R012,3,1,
433003102,RECHAZADO,43,0.3,MODERADO,R005,1,0,
433101101,RECHAZADO,29,0.3,MODERADO,R004|R012,2,1,
433204101,REVISION_MANUAL,71,0.3,MODERADO,R001,1,0,
433314101,RECHAZADO,15,0.3,MODERADO,R004,1,0,
433404101,REVISION_MANUAL,70,0.3,MODERADO,R001,1,0,
433503101,RECHAZADO,13,0.3,MODERADO,R002,1,0,
433614102,REVISION_MANUAL,67,0.3,MODERADO,R001|R004|R005|R012,4,1,
433707102,RECHAZADO,38,0.3,MODERADO,,0,0,
433818101,RECHAZADO,45,0.3,MODERADO,R005,1,0,
433901101,APROBADO,100,0.3,MODERADO,R001|R005|R012,3,1,
434004102,RECHAZADO,32,0.3,MODERADO,R005|R010,2,0,
434102101,APROBADO,88,0.3,MODERADO,R001|R005|R012,3,1,
434214102,RECHAZADO,12,0.3,MODERADO,R004,1,0,
434304105,APROBADO,84,0.3,MODERADO,R001|R012,2,1,
434419102,RECHAZADO,12,0.3,MODERADO,R004,1,0,
434501104,RECHAZADO,25,0.3,MODERADO,R009,1,0,
434607101,APROBADO,83,0.3,MODERADO,R001|R012,2,1,
434702102,RECHAZADO,39,0.3,MODERADO,,0,0,
434804101,RECHAZADO,58,0.3,MODERADO,R001|R004|R005,3,0,
434905102,RECHAZADO,6,0.3,MODERADO,R002,1,0,
435005103,RECHAZADO,5,0.3,MODERADO,R002,1,0,
435109102,RECHAZADO,56,0.3,MODERADO,R005|R012,2,1,
435215102,RECHAZADO,10,0.3,MODERADO,R004|R009|R012,3,1,
435308102,RECHAZADO,53,0.3,MODERADO,R001|R004|R012,3,1,
435416103,RECHAZADO,0,0.3,MODERADO,R002,1,0,
435511101,APROBADO,100,0.3,MODERADO,R001|R005|R012|R015,4,2,
435603101,APROBADO,86,0.3,MODERADO,R001|R012,2,1,
435703103,RECHAZADO,55,0.3,MODERADO,R012,1,1,
435801102,RECHAZADO,28,0.3,MODERADO,R004|R005,2,0,
435909101,RECHAZADO,6,0.3,MODERADO,R002,1,0,
436004102,APROBADO,87,0.3,MODERADO,R001|R005|R012,3,1,
436102101,RECHAZADO,42,0.3,MODERADO,R012,1,1,
436201101,RECHAZADO,22,0.3,MODERADO,R004|R012,2,1,
436316101,RECHAZADO,45,0.3,MODERADO,R005,1,0,
436405101,RECHAZADO,58,0.3,MODERADO,R001|R004|R005,3,0,
436505102,RECHAZADO,28,0.3,MODERADO,R004|R005,2,0,
436604102,RECHAZADO,41,0.3,MODERADO,R001|R004|R009|R012,4,1,
436703101,APROBADO,85,0.3,MODERADO,R001|R012,2,1,
436802102,RECHAZADO,26,0.3,MODERADO,R004|R005,2,0,
436913101,APROBADO,98,0.3,MODERADO,R001|R005|R012,3,1,
437013102,REVISION_MANUAL,69,0.3,MODERADO,R001,1,0,
437102101,APROBADO,90,0.3,MODERADO,R001|R005|R012,3,1,
437204101,RECHAZADO,42,0.3,MODERADO,R005,1,0,
437311101,RECHAZADO,37,0.3,MODERADO,R004|R005|R012,3,1,
437401101,APROBADO,98,0.3,MODERADO,R001|R005|R012,3,1,
437501102,RECHAZADO,25,0.3,MODERADO,R004|R012,2,1,
437612101,RECHAZADO,43,0.3,MODERADO,,0,0,
437702102,RECHAZADO,25,0.3,MODERADO,R004|R012,2,1,
437803101,RECHAZADO,40,0.3,MODERADO,,0,0,
437905103,RECHAZADO,10,0.3,MODERADO,R002,1,0,
438002101,RECHAZADO,38,0.3,MODERADO,R004|R005|R012,3,1,
438002201,RECHAZADO,41,0.3,MODERADO,,0,0,
438104101,RECHAZADO,41,0.3,MODERADO,R004|R005|R012,3,1,
438218101,RECHAZADO,56,0.3,MODERADO,R005,1,0,
438302101,RECHAZADO,55,0.3,MODERADO,R005|R012,2,1,
438403101,APROBADO,100,0.3,MODERADO,R001|R005|R012|R015,4,2,
438517102,RECHAZADO,53,0.3,MODERADO,R012,1,1,
438605101,RECHAZADO,28,0.3,MODERADO,R004|R005,2,0,
438705101,RECHAZADO,55,0.3,MODERADO,R012,1,1,
438804102,APROBADO,99,0.3,MODERADO,R001|R005|R012,3,1,
438911101,RECHAZADO,14,0.3,MODERADO,R004|R005|R010,3,0,
439019101,RECHAZADO,54,0.3,MODERADO,R005|R012,2,1,
439120101,REVISION_MANUAL,65,0.3,MODERADO,R005|R015,2,1,
439203101,REVISION_MANUAL,68,0.3,MODERADO,R005|R012,2,1,
439309102,RECHAZADO,28,0.3,MODERADO,R004|R005,2,0,
439414101,RECHAZADO,25,0.3,MODERADO,R004|R005,2,0,
439503102,RECHAZADO,28,0.3,MODERADO,R004|R012,2,1,
439601101,APROBADO,100,0.3,MODERADO,R001|R005|R012,3,1,
439707101,REVISION_MANUAL,70,0.3,MODERADO,R001,1,0,
439801103,RECHAZADO,0,0.3,MODERADO,R002|R010,2,0,
439904102,RECHAZADO,8,0.3,MODERADO,R004,1,0,
440001102,RECHAZADO,38,0.3,MODERADO,,0,0,
440101102,RECHAZADO,28,0.3,MODERADO,R004|R005,2,0,
440210101,RECHAZADO,15,0.3,MODERADO,R004,1,0,
440304101,RECHAZADO,26,0.3,MODERADO,R004|R005,2,0,
440415101,APROBADO,91,0.3,MODERADO,R005|R012|R015,3,2,
440507102,RECHAZADO,11,0.3,MODERADO,R004,1,0,
440604102,RECHAZADO,10,0.3,MODERADO,R004|R009|R012,3,1,
440706101,RECHAZADO,55,0.3,MODERADO,R005,1,0,
440804101,RECHAZADO,55,0.3,MODERADO,R012,1,1,
440902104,RECHAZADO,23,0.3,MODERADO,R004|R012,2,1,
441004102,RECHAZADO,23,0.3,MODERADO,R004|R012,2,1,
441101102,RECHAZADO,53,0.3,MODERADO,R012,1,1,
441202102,APROBADO,100,0.3,MODERADO,R001|R005|R012,3,1,
441305101,REVISION_MANUAL,70,0.3,MODERADO,R001|R004|R005|R012,4,1,
441404101,RECHAZADO,53,0.3,MODERADO,R005,1,0,
441505101,RECHAZADO,11,0.3,MODERADO,R002|R005,2,0,
441604102,RECHAZADO,54,0.3,MODERADO,R001|R004|R012,3,1,
441718101,RECHAZADO,44,0.3,MODERADO,R012,1,1,
441803101,REVISION_MANUAL,78,0.3,MODERADO,R005|R012,2,1,
441903101,APROBADO,91,0.3,MODERADO,R001|R012,2,1,
442004102,RECHAZADO,45,0.3,MODERADO,R005,1,0,
442113102,RECHAZADO,21,0.3,MODERADO,R004|R012,2,1,
442220101,REVISION_MANUAL,75,0.3,MODERADO,R001|R005,2,0,
442312101,RECHAZADO,44,0.3,MODERADO,R005,1,0,
442405102,RECHAZADO,23,0.3,MODERADO,R004|R012,2,1,
442510102,RECHAZADO,25,0.3,MODERADO,R004|R012,2,1,
442605101,RECHAZADO,27,0.3,MODERADO,R002,1,0,
442702101,RECHAZADO,43,0.3,MODERADO,,0,0,
442808101,RECHAZADO,28,0.3,MODERADO,R004|R005,2,0,
442901101,RECHAZADO,28,0.3,MODERADO,R004|R005,2,0,
443017101,RECHAZADO,26,0.3,MODERADO,R004|R012,2,1,
443106101,REVISION_MANUAL,76,0.3,MODERADO,R001|R012,2,1,
443212101,REVISION_MANUAL,71,0.3,MODERADO,R001|R004|R005|R012,4,1,
443305102,RECHAZADO,40,0.3,MODERADO,R012,1,1,
443418101,RECHAZADO,12,0.3,MODERADO,R004,1,0,
443501101,APROBADO,82,0.3,MODERADO,R001|R012,2,1,
443605101,RECHAZADO,10,0.3,MODERADO,R004,1,0,
443702101,APROBADO,100,0.3,MODERADO,R001|R003|R012,3,1,
443801103,RECHAZADO,27,0.3,MODERADO,R010,1,0,
443901102,RECHAZADO,23,0.3,MODERADO,R004|R012,2,1,
444003101,RECHAZADO,51,0.3,MODERADO,R012,1,1,
444101104,RECHAZADO,19,0.3,MODERADO,R004|R012,2,1,
444210101,REVISION_MANUAL,60,0.3,MODERADO,R001|R004|R005,3,0,
444305101,APROBADO,100,0.3,MODERADO,R001|R005|R012,3,1,
444401103,RECHAZADO,43,0.3,MODERADO,,0,0,
444501102,REVISION_MANUAL,79,0.3,MODERADO,R001|R012,2,1,
444603101,APROBADO,82,0.3,MODERADO,R001|R005|R010|R012,4,1,
444702101,RECHAZADO,26,0.3,MODERADO,,0,0,
444811102,RECHAZADO,31,0.3,MODERADO,,0,0,
444916101,REVISION_MANUAL,70,0.3,MODERADO,R005|R012,2,1,
445016101,APROBADO,84,0.3,MODERADO,R001|R005|R006|R010,4,0,
445119101,REVISION_MANUAL,62,0.3,MODERADO,R001,1,0,
445203103,REVISION_MANUAL,76,0.3,MODERADO,R005|R012,2,1,
445303101,REVISION_MANUAL,71,0.3,MODERADO,R001|R004|R005|R012,4,1,
445404101,REVISION_MANUAL,67,0.3,MODERADO,R005|R012,2,1,
445511101,RECHAZADO,12,0.3,MODERADO,R004,1,0,
445601101,APROBADO,88,0.3,MODERADO,R001|R005|R012,3,1,
445703101,APROBADO,95,0.3,MODERADO,R001|R005|R012,3,1,
445807103,RECHAZADO,36,0.3,MODERADO,,0,0,
445901101,APROBADO,100,0.3,MODERADO,R001|R005|R012|R015,4,2,
446008101,RECHAZADO,23,0.3,MODERADO,R004|R005,2,0,
446105104,APROBADO,84,0.3,MODERADO,R001|R012,2,1,
446201102,RECHAZADO,41,0.3,MODERADO,,0,0,
446316101,RECHAZADO,34,0.3,MODERADO,R005|R009,2,0,
446405102,RECHAZADO,12,0.3,MODERADO,R004,1,0,
446503101,RECHAZADO,13,0.3,MODERADO,R004,1,0,
446603102,RECHAZADO,52,0.3,MODERADO,R012,1,1,
446705102,APROBADO,92,0.3,MODERADO,R001|R005|R012,3,1,
446803103,RECHAZADO,37,0.3,MODERADO,R010|R012,2,1,
446915102,RECHAZADO,49,0.3,MODERADO,R012,1,1,
447004102,RECHAZADO,57,0.3,MODERADO,R001|R004|R005,3,0,
447104102,RECHAZADO,26,0.3,MODERADO,R004|R012,2,1,
447208102,RECHAZADO,40,0.3,MODERADO,,0,0,
447320101,REVISION_MANUAL,61,0.3,MODERADO,R001,1,0,
447411103,RECHAZADO,39,0.3,MODERADO,,0,0,
447505102,RECHAZADO,29,0.3,MODERADO,,0,0,
447616102,RECHAZADO,39,0.3,MODERADO,R004|R005|R012,3,1,
447701102,APROBADO,84,0.3,MODERADO,R001|R012,2,1,
447815101,REVISION_MANUAL,66,0.3,MODERADO,R005|R012,2,1,
447920102,RECHAZADO,45,0.3,MODERADO,R005,1,0,
448001102,APROBADO,100,0.3,MODERADO,R001|R005|R012,3,1,
448102102,RECHAZADO,7,0.3,MODERADO,R002,1,0,
448202103,RECHAZADO,15,0.3,MODERADO,R001|R004|R009|R010,4,0,
448310102,REVISION_MANUAL,60,0.3,MODERADO,R001|R004|R005,3,0,
448403103,RECHAZADO,7,0.3,MODERADO,R004|R009|R012,3,1,
448502101,REVISION_MANUAL,68,0.3,MODERADO,R005|R012,2,1,
448602101,RECHAZADO,50,0.3,MODERADO,R012,1,1,
448701102,RECHAZADO,43,0.3,MODERADO,,0,0,
448804103,APROBADO,89,0.3,MODERADO,R001|R012,2,1,
448903102,RECHAZADO,31,0.3,MODERADO,R002|R005|R015,3,1,
449016101,APROBADO,86,0.3,MODERADO,R001|R005,2,0,
449104101,RECHAZADO,44,0.3,MODERADO,R012,1,1,
449203101,RECHAZADO,15,0.3,MODERADO,R010,1,0,
449304101,RECHAZADO,0,0.3,MODERADO,R004|R010,2,0,
449403102,RECHAZADO,33,0.3,MODERADO,,0,0,
449503102,APROBADO,84,0.3,MODERADO,R001|R012,2,1,
449603101,APROBADO,80,0.3,MODERADO,R001|R012,2,1,
449703107,RECHAZADO,0,0.3,MODERADO,R004|R010,2,0,
449802101,APROBADO,96,0.3,MODERADO,R001|R005|R015,3,1,
449902101,APROBADO,84,0.3,MODERADO,R005|R012|R015,3,2,
450004101,APROBADO,97,0.3,MODERADO,R001|R005|R012,3,1,
450103101,RECHAZADO,36,0.3,MODERADO,,0,0,
450219101,RECHAZADO,27,0.3,MODERADO,,0,0,
450319101,RECHAZADO,44,0.3,MODERADO,R005,1,0,
450410101,RECHAZADO,28,0.3,MODERADO,R004|R005,2,0,
450505101,RECHAZADO,45,0.3,MODERADO,R005,1,0,
450619102,RECHAZADO,12,0.3,MODERADO,R004,1,0,
450703101,RECHAZADO,26,0.3,MODERADO,R004|R012,2,1,
450810101,RECHAZADO,46,0.3,MODERADO,R005,1,0,
450906101,APROBADO,100,0.3,MODERADO,R001|R005|R012,3,1,
451002103,RECHAZADO,40,0.3,MODERADO,R009|R012,2,1,
451103103,RECHAZADO,32,0.3,MODERADO,R002|R005|R015,3,1,
451202102,RECHAZADO,13,0.3,MODERADO,R004|R009|R012,3,1,
451304101,RECHAZADO,45,0.3,MODERADO,R005,1,0,
451405101,RECHAZADO,52,0.3,MODERADO,R012,1,1,
451504105,RECHAZADO,26,0.3,MODERADO,,0,0,
451601101,APROBADO,95,0.3,MODERADO,R001|R005|R012,3,1,
451702102,REVISION_MANUAL,69,0.3,MODERADO,R001|R010|R012,3,1,
451801103,RECHAZADO,16,0.3,MODERADO,R009,1,0,
451903101,RECHAZADO,53,0.3,MODERADO,R012,1,1,
452004101,REVISION_MANUAL,70,0.3,MODERADO,R001|R004|R005|R012,4,1,
452111101,RECHAZADO,25,0.3,MODERADO,R010|R012,2,1,
452203102,RECHAZADO,53,0.3,MODERADO,R012,1,1,
452301102,RECHAZADO,21,0.3,MODERADO,R004|R012,2,1,
452402101,APROBADO,100,0.3,MODERADO,R001|R005|R012|R015,4,2,
452505101,RECHAZADO,57,0.3,MODERADO,R005|R012,2,1,
452601102,REVISION_MANUAL,64,0.3,MODERADO,R005|R015,2,1,
452705101,RECHAZADO,43,0.3,MODERADO,R012,1,1,
452815102,RECHAZADO,8,0.3,MODERADO,R004,1,0,
452915101,RECHAZADO,26,0.3,MODERADO,R004|R005,2,0,
453003101,RECHAZADO,30,0.3,MODERADO,R004|R005,2,0,
453108102,RECHAZADO,12,0.3,MODERADO,R004,1,0,
453202101,REVISION_MANUAL,65,0.3,MODERADO,R005|R012,2,1,
453305101,REVISION_MANUAL,71,0.3,MODERADO,R001|R012,2,1,
453401102,RECHAZADO,27,0.3,MODERADO,R004|R005,2,0,
453505101,RECHAZADO,58,0.3,MODERADO,R012,1,1,
453604102,RECHAZADO,52,0.3,MODERADO,R012,1,1,
453708101,REVISION_MANUAL,70,0.3,MODERADO,R001,1,0,
453804102,RECHAZADO,37,0.3,MODERADO,R004|R005|R012,3,1,
453902101,RECHAZADO,26,0.3,MODERADO,R004|R005,2,0,
454005101,RECHAZADO,18,0.3,MODERADO,R002|R003|R010,3,0,
454105101,RECHAZADO,15,0.3,MODERADO,R004,1,0,
454209102,REVISION_MANUAL,63,0.3,MODERADO,R001,1,0,
454317101,RECHAZADO,56,0.3,MODERADO,R001|R004|R005,3,0,
454403101,RECHAZADO,30,0.3,MODERADO,,0,0,
454501101,APROBADO,84,0.3,MODERADO,R001|R005|R012,3,1,
454608102,RECHAZADO,22,0.3,MODERADO,R004|R012,2,1,
454702101,RECHAZADO,11,0.3,MODERADO,R004,1,0,
454803101,REVISION_MANUAL,63,0.3,MODERADO,R005|R012,2,1,
454903101,RECHAZADO,28,0.3,MODERADO,R004|R005,2,0,
455004101,REVISION_MANUAL,73,0.3,MODERADO,R001,1,0,
455120101,RECHAZADO,23,0.3,MODERADO,R004|R005,2,0,
455203101,APROBADO,89,0.3,MODERADO,R001|R012,2,1,
455310102,RECHAZADO,2,0.3,MODERADO,R002,1,0,
455402102,RECHAZADO,19,0.3,MODERADO,R002|R005,2,0,
455506102,RECHAZADO,28,0.3,MODERADO,R004|R005,2,0,
455611104,RECHAZADO,41,0.3,MODERADO,,0,0,
455703104,RECHAZADO,27,0.3,MODERADO,R010,1,0,
455803101,RECHAZADO,45,0.3,MODERADO,R005,1,0,
455902102,RECHAZADO,38,0.3,MODERADO,,0,0,
456012101,RECHAZADO,12,0.3,MODERADO,R004,1,0,
456118102,RECHAZADO,12,0.3,MODERADO,R004,1,0,
456201102,RECHAZADO,15,0.3,MODERADO,R010,1,0,
456304103,RECHAZADO,37,0.3,MODERADO,R004|R005|R012,3,1,
456405101,REVISION_MANUAL,69,0.3,MODERADO,R001,1,0,
456520101,RECHAZADO,11,0.3,MODERADO,R004,1,0,
456601101,APROBADO,97,0.3,MODERADO,R001|R005|R012,3,1,
456702105,RECHAZADO,9,0.3,MODERADO,R004|R010|R012,3,1,
456802101,RECHAZADO,13,0.3,MODERADO,R004,1,0,
456913101,RECHAZADO,31,0.3,MODERADO,,0,0,
457002102,RECHAZADO,11,0.3,MODERADO,R004,1,0,
457101102,RECHAZADO,56,0.3,MODERADO,R012,1,1,
457204102,RECHAZADO,38,0.3,MODERADO,,0,0,
457304101,RECHAZADO,26,0.3,MODERADO,R004|R005,2,0,
457404101,RECHAZADO,55,0.3,MODERADO,R005,1,0,
457501101,RECHAZADO,13,0.3,MODERADO,R004,1,0,
457601101,APROBADO,96,0.3,MODERADO,R001|R005|R015,3,1,
457714102,RECHAZADO,10,0.3,MODERADO,R004,1,0,
457808101,RECHAZADO,56,0.3,MODERADO,R005,1,0,
457901103,RECHAZADO,26,0.3,MODERADO,R009,1,0,
458001102,APROBADO,97,0.3,MODERADO,R001|R005|R012,3,1,
458101101,RECHAZADO,58,0.3,MODERADO,R001|R004|R005,3,0,
458204102,RECHAZADO,40,0.3,MODERADO,R001|R004,2,0,
458316102,RECHAZADO,13,0.3,MODERADO,R004,1,0,
458403101,APROBADO,84,0.3,MODERADO,R001|R005,2,0,
458502101,REVISION_MANUAL,70,0.3,MODERADO,R001|R004|R005|R012,4,1,
458615101,RECHAZADO,40,0.3,MODERADO,,0,0,
458703101,RECHAZADO,53,0.3,MODERADO,R005,1,0,
458810101,APROBADO,100,0.3,MODERADO,R001|R005|R012,3,1,
458901102,RECHAZADO,8,0.3,MODERADO,R004|R009|R012,3,1,
459003101,APROBADO,100,0.3,MODERADO,R001|R005|R012,3,1,
459102101,REVISION_MANUAL,75,0.3,MODERADO,R001|R005,2,0,
459204103,RECHAZADO,22,0.3,MODERADO,R004|R012,2,1,
459301101,RECHAZADO,43,0.3,MODERADO,R012,1,1,
459404101,RECHAZADO,42,0.3,MODERADO,R012,1,1,
459516103,RECHAZADO,7,0.3,MODERADO,R004|R010|R012,3,1,
459613101,RECHAZADO,41,0.3,MODERADO,,0,0,
459704102,RECHAZADO,14,0.3,MODERADO,R004,1,0,
459803103,APROBADO,94,0.3,MODERADO,R001|R005|R010|R012,4,1,
459913103,RECHAZADO,25,0.3,MODERADO,R009,1,0,
460004102,RECHAZADO,40,0.3,MODERADO,,0,0,
460102101,RECHAZADO,32,0.3,MODERADO,R002|R005,2,0,
460219101,RECHAZADO,37,0.3,MODERADO,R010|R012,2,1,
460305101,RECHAZADO,28,0.3,MODERADO,R004|R005,2,0,
460401101,RECHAZADO,37,0.3,MODERADO,R002|R005|R015,3,1,
460501101,RECHAZADO,26,0.3,MODERADO,R004|R005,2,0,
460601102,RECHAZADO,58,0.3,MODERADO,R001|R004|R005,3,0,
460704101,RECHAZADO,43,0.3,MODERADO,,0,0,
460809101,APROBADO,86,0.3,MODERADO,R001|R012,2,1,
460901101,APROBADO,100,0.3,MODERADO,R001|R005|R012,3,1,
461012101,RECHAZADO,18,0.3,MODERADO,R002|R005,2,0,
461105102,RECHAZADO,49,0.3,MODERADO,R012,1,1,
461202104,RECHAZADO,13,0.3,MODERADO,R009|R010,2,0,
461303101,RECHAZADO,30,0.3,MODERADO,R005|R010,2,0,
461405103,RECHAZADO,0,0.3,MODERADO,R002|R009,2,0,
461505101,RECHAZADO,22,0.3,MODERADO,R002|R005|R006,3,0,
461614101,RECHAZADO,45,0.3,MODERADO,R005,1,0,
461704102,APROBADO,100,0.3,MODERADO,R001|R005|R012|R015,4,2,
461804102,RECHAZADO,10,0.3,MODERADO,R004,1,0,
461916101,RECHAZADO,41,0.3,MODERADO,,0,0,
462005101,APROBADO,100,0.3,MODERADO,R001|R005|R012|R015,4,2,
462105102,RECHAZADO,38,0.3,MODERADO,R004|R005|R012,3,1,
462220102,RECHAZADO,49,0.3,MODERADO,R012,1,1,
462301102,RECHAZADO,26,0.3,MODERADO,R004|R012,2,1,
462401102,RECHAZADO,58,0.3,MODERADO,R001,1,0,
462503103,REVISION_MANUAL,68,0.3,MODERADO,R001,1,0,
462602102,RECHAZADO,16,0.3,MODERADO,R002|R003|R010,3,0,
462703102,RECHAZADO,30,0.3,MODERADO,,0,0,
462804102,RECHAZADO,52,0.3,MODERADO,R001|R004|R012,3,1,
462901101,RECHAZADO,53,0.3,MODERADO,R005,1,0,
463005102,APROBADO,81,0.3,MODERADO,R001|R012,2,1,
463105102,RECHAZADO,28,0.3,MODERADO,R009|R012,2,1,
463205101,RECHAZADO,54,0.3,MODERADO,R002|R003|R005|R015,4,1,
463305102,RECHAZADO,57,0.3,MODERADO,R001|R004|R012,3,1,
463405101,APROBADO,83,0.3,MODERADO,R001|R012,2,1,
463503102,REVISION_MANUAL,60,0.3,MODERADO,R001,1,0,
463603104,RECHAZADO,12,0.3,MODERADO,R004,1,0,
463705103,RECHAZADO,38,0.3,MODERADO,,0,0,
463804101,RECHAZADO,28,0.3,MODERADO,R004|R005,2,0,
463903103,APROBADO,99,0.3,MODERADO,R001|R005|R012,3,1,
464005101,REVISION_MANUAL,71,0.3,MODERADO,R001|R004|R005|R012,4,1,
464104101,REVISION_MANUAL,64,0.3,MODERADO,R005|R012,2,1,
464203103,REVISION_MANUAL,75,0.3,MODERADO,R001|R010|R012,3,1,
464305102,REVISION_MANUAL,76,0.3,MODERADO,R001|R005|R010|R012,4,1,
464401101,APROBADO,97,0.3,MODERADO,R001|R005|R012,3,1,
464514101,REVISION_MANUAL,66,0.3,MODERADO,R005|R012,2,1,
464604102,RECHAZADO,41,0.3,MODERADO,R012,1,1,
464705101,APROBADO,100,0.3,MODERADO,R001|R005|R006|R012,4,1,
464801101,RECHAZADO,59,0.3,MODERADO,R012,1,1,
464911103,RECHAZADO,29,0.3,MODERADO,,0,0,
465018101,RECHAZADO,28,0.3,MODERADO,R004|R005,2,0,
465104101,RECHAZADO,7,0.3,MODERADO,R002,1,0,
465205101,APROBADO,87,0.3,MODERADO,R001|R005|R012,3,1,
465302102,RECHAZADO,0,0.3,MODERADO,R004|R010,2,0,
465408101,RECHAZADO,12,0.3,MODERADO,R004|R005|R010,3,0,
465505102,RECHAZADO,27,0.3,MODERADO,,0,0,
465604102,APROBADO,83,0.3,MODERADO,R001|R012,2,1,
465703101,APROBADO,100,0.3,MODERADO,R001|R005|R012|R015,4,2,
465805101,RECHAZADO,54,0.3,MODERADO,R005,1,0,
465903103,RECHAZADO,40,0.3,MODERADO,,0,0,
466005101,RECHAZADO,30,0.3,MODERADO,R002|R005|R015,3,1,
466101101,RECHAZADO,58,0.3,MODERADO,R001|R004|R005,3,0,
466203101,APROBADO,82,0.3,MODERADO,R001|R012,2,1,
466304101,RECHAZADO,32,0.3,MODERADO,,0,0,
466414101,RECHAZADO,54,0.3,MODERADO,R005|R012,2,1,
466505102,RECHAZADO,41,0.3,MODERADO,,0,0,
466603101,RECHAZADO,12,0.3,MODERADO,R004|R005|R010,3,0,
466708101,RECHAZADO,38,0.3,MODERADO,,0,0,
466803102,RECHAZADO,1,0.3,MODERADO,R004|R009,2,0,
466910101,RECHAZADO,26,0.3,MODERADO,R004|R005,2,0,
467001101,RECHAZADO,48,0.3,MODERADO,R002|R005|R015,3,1,
467118102,APROBADO,96,0.3,MODERADO,R001|R005|R006,3,0,
467204101,REVISION_MANUAL,61,0.3,MODERADO,R012,1,1,
467316101,RECHAZADO,40,0.3,MODERADO,R005,1,0,
467404101,REVISION_MANUAL,76,0.3,MODERADO,R001|R004|R005|R012,4,1,
467503102,RECHAZADO,0,0.3,MODERADO,R002|R004,2,0,
467602101,RECHAZADO,24,0.3,MODERADO,R004|R012,2,1,
467703102,APROBADO,100,0.3,MODERADO,R001|R005|R012,3,1,
467818101,RECHAZADO,27,0.3,MODERADO,,0,0,
467904101,RECHAZADO,55,0.3,MODERADO,R005|R012,2,1,
468001102,RECHAZADO,53,0.3,MODERADO,R001|R004|R012,3,1,
468105102,REVISION_MANUAL,68,0.3,MODERADO,R001|R012,2,1,
468202103,RECHAZADO,7,0.3,MODERADO,R002,1,0,
468301103,RECHAZADO,41,0.3,MODERADO,,0,0,
468403102,RECHAZADO,0,0.3,MODERADO,R004|R010,2,0,
468504101,APROBADO,100,0.3,MODERADO,R001|R005|R012,3,1,
468604101,RECHAZADO,40,0.3,MODERADO,R001|R004,2,0,
468703101,RECHAZADO,31,0.3,MODERADO,R002|R005|R015,3,1,
468802101,APROBADO,98,0.3,MODERADO,R001|R005|R012,3,1,
468906101,REVISION_MANUAL,76,0.3,MODERADO,R001|R005,2,0,
469001101,REVISION_MANUAL,60,0.3,MODERADO,R012,1,1,
469101104,RECHAZADO,27,0.3,MODERADO,,0,0,
469207101,RECHAZADO,39,0.3,MODERADO,,0,0,
469305101,RECHAZADO,0,0.3,MODERADO,R004|R010,2,0,
469404101,REVISION_MANUAL,74,0.3,MODERADO,R001|R012,2,1,
469404202,APROBADO,82,0.3,MODERADO,R001|R012,2,1,
469501103,REVISION_MANUAL,70,0.3,MODERADO,R001,1,0,
469604102,REVISION_MANUAL,75,0.3,MODERADO,R001|R005,2,0,
469714102,RECHAZADO,0,0.3,MODERADO,R004|R010,2,0,
469814101,RECHAZADO,32,0.3,MODERADO,R005|R010,2,0,
469902102,RECHAZADO,14,0.3,MODERADO,R004|R005|R010,3,0,
470002102,RECHAZADO,12,0.3,MODERADO,R004,1,0,
470101101,RECHAZADO,32,0.3,MODERADO,,0,0,
470202103,APROBADO,82,0.3,MODERADO,R001|R012,2,1,
470305102,APROBADO,85,0.3,MODERADO,R001|R005,2,0,
470405102,RECHAZADO,30,0.3,MODERADO,R004|R005,2,0,
470508101,RECHAZADO,42,0.3,MODERADO,R012,1,1,
470603101,REVISION_MANUAL,77,0.3,MODERADO,R005|R012|R015,3,2,
470705102,RECHAZADO,29,0.3,MODERADO,,0,0,
470811102,RECHAZADO,27,0.3,MODERADO,R009,1,0,
470902101,RECHAZADO,43,0.3,MODERADO,,0,0,
471005102,RECHAZADO,47,0.3,MODERADO,R005,1,0,
471104104,RECHAZADO,57,0.3,MODERADO,R001,1,0,
471202102,RECHAZADO,36,0.3,MODERADO,,0,0,
471304102,RECHAZADO,55,0.3,MODERADO,R001|R004|R006,3,0,
471404102,APROBADO,100,0.3,MODERADO,R001|R005|R012,3,1,
471503102,RECHAZADO,38,0.3,MODERADO,,0,0,
471614101,APROBADO,100,0.3,MODERADO,R001|R005|R012|R015,4,2,
471702102,REVISION_MANUAL,71,0.3,MODERADO,R001|R004|R005|R012,4,1,
471801102,RECHAZADO,25,0.3,MODERADO,R010,1,0,
471901101,RECHAZADO,28,0.3,MODERADO,R004|R005,2,0,
472004101,APROBADO,100,0.3,MODERADO,R001|R005|R012|R015,4,2,
472103101,APROBADO,82,0.3,MODERADO,R005|R012|R015,3,2,
472204102,RECHAZADO,43,0.3,MODERADO,R001|R004,2,0,
472304101,RECHAZADO,5,0.3,MODERADO,R002,1,0,
472401101,RECHAZADO,0,0.3,MODERADO,R002|R004,2,0,
472502102,REVISION_MANUAL,68,0.3,MODERADO,R001|R010|R012,3,1,
472603101,REVISION_MANUAL,71,0.3,MODERADO,R001|R012,2,1,
472712101,RECHAZADO,57,0.3,MODERADO,R001|R004|R005,3,0,
472812101,RECHAZADO,13,0.3,MODERADO,R004,1,0,
472906101,RECHAZADO,27,0.3,MODERADO,R004|R005,2,0,
473001102,REVISION_MANUAL,73,0.3,MODERADO,R001,1,0,
473103101,REVISION_MANUAL,60,0.3,MODERADO,R012,1,1,
473203101,REVISION_MANUAL,71,0.3,MODERADO,R001,1,0,
473302101,RECHAZADO,51,0.3,MODERADO,R012,1,1,
473401101,RECHAZADO,51,0.3,MODERADO,R012,1,1,
473503101,RECHAZADO,56,0.3,MODERADO,R005,1,0,
473605101,RECHAZADO,59,0.3,MODERADO,R005|R012,2,1,
473701101,REVISION_MANUAL,76,0.3,MODERADO,R005|R012|R015,3,2,
473801102,RECHAZADO,36,0.3,MODERADO,,0,0,
473903101,REVISION_MANUAL,78,0.3,MODERADO,R005|R012|R015,3,2,
474002101,RECHAZADO,45,0.3,MODERADO,R005,1,0,
474102101,RECHAZADO,22,0.3,MODERADO,R002|R005,2,0,
474203101,RECHAZADO,39,0.3,MODERADO,,0,0,
474305107,REVISION_MANUAL,73,0.3,MODERADO,R001|R012,2,1,
474402101,REVISION_MANUAL,66,0.3,MODERADO,R005|R015,2,1,
474512101,RECHAZADO,58,0.3,MODERADO,R001,1,0,
474605101,APROBADO,88,0.3,MODERADO,R001|R005,2,0,
474705102,APROBADO,83,0.3,MODERADO,R001|R012,2,1,
474803102,RECHAZADO,14,0.3,MODERADO,R004,1,0,
474905101,RECHAZADO,15,0.3,MODERADO,R004,1,0,
475005102,APROBADO,86,0.3,MODERADO,R001|R005,2,0,
475112102,RECHAZADO,40,0.3,MODERADO,,0,0,
475202102,RECHAZADO,12,0.3,MODERADO,R004,1,0,
475304104,RECHAZADO,9,0.3,MODERADO,R004|R010|R012,3,1,
475418101,RECHAZADO,42,0.3,MODERADO,,0,0,
475504103,RECHAZADO,45,0.3,MODERADO,R005,1,0,
475604101,REVISION_MANUAL,74,0.3,MODERADO,R003|R012,2,1,
475701101,RECHAZADO,8,0.3,MODERADO,R004,1,0,
475807101,RECHAZADO,47,0.3,MODERADO,R005,1,0,
475902101,RECHAZADO,42,0.3,MODERADO,R005|R010,2,0,
476001102,RECHAZADO,40,0.3,MODERADO,,0,0,
476102101,RECHAZADO,40,0.3,MODERADO,,0,0,
476203102,RECHAZADO,27,0.3,MODERADO,R010,1,0,
476304101,RECHAZADO,27,0.3,MODERADO,R004|R005,2,0,
476405101,RECHAZADO,34,0.3,MODERADO,R002|R005|R015,3,1,
476520102,RECHAZADO,10,0.3,MODERADO,R004,1,0,
476619104,RECHAZADO,28,0.3,MODERADO,,0,0,
476704101,RECHAZADO,15,0.3,MODERADO,R002,1,0,
476815101,APROBADO,94,0.3,MODERADO,R001|R005|R012,3,1,
476903101,APROBADO,89,0.3,MODERADO,R001|R012,2,1,
477003101,RECHAZADO,30,0.3,MODERADO,,0,0,
477102105,RECHAZADO,0,0.3,MODERADO,R004|R009|R010|R012,4,1,
477204101,REVISION_MANUAL,64,0.3,MODERADO,R005|R015,2,1,
477319101,RECHAZADO,45,0.3,MODERADO,R005,1,0,
477417102,RECHAZADO,42,0.3,MODERADO,,0,0,
477505102,RECHAZADO,36,0.3,MODERADO,,0,0,
477610102,RECHAZADO,0,0.3,MODERADO,R002|R004,2,0,
477703102,RECHAZADO,22,0.3,MODERADO,R004|R012,2,1,
477803101,APROBADO,85,0.3,MODERADO,R001|R005,2,0,
477901101,RECHAZADO,25,0.3,MODERADO,R004|R005,2,0,
478017101,APROBADO,82,0.3,MODERADO,R001|R006,2,0,
478104101,APROBADO,85,0.3,MODERADO,R005|R012|R015,3,2,
478204101,APROBADO,100,0.3,MODERADO,R001|R005|R012|R015,4,2,
478304102,REVISION_MANUAL,61,0.3,MODERADO,R001,1,0,
478417101,RECHAZADO,25,0.3,MODERADO,R004|R005,2,0,
478513101,RECHAZADO,6,0.3,MODERADO,R002,1,0,
478603101,APROBADO,81,0.3,MODERADO,R005|R012|R015,3,2,
478712101,RECHAZADO,0,0.3,MODERADO,R002,1,0,
478801101,APROBADO,80,0.3,MODERADO,R001|R012,2,1,
478903101,REVISION_MANUAL,68,0.3,MODERADO,R005|R012,2,1,
479001102,RECHAZADO,40,0.3,MODERADO,,0,0,
479102102,RECHAZADO,29,0.3,MODERADO,,0,0,
479201103,APROBADO,86,0.3,MODERADO,R001|R005|R006,3,0,
479303101,RECHAZADO,28,0.3,MODERADO,R004|R005,2,0,
479405101,RECHAZADO,54,0.3,MODERADO,R012,1,1,
479519103,RECHAZADO,10,0.3,MODERADO,R004,1,0,
479603103,RECHAZADO,38,0.3,MODERADO,,0,0,
479704102,RECHAZADO,22,0.3,MODERADO,R004|R012,2,1,
479704201,RECHAZADO,12,0.3,MODERADO,R004,1,0,
479802105,RECHAZADO,17,0.3,MODERADO,R010,1,0,
479901104,RECHAZADO,10,0.3,MODERADO,R004,1,0,
480001101,RECHAZADO,30,0.3,MODERADO,,0,0,
480101101,RECHAZADO,30,0.3,MODERADO,,0,0,
480205101,RECHAZADO,50,0.3,MODERADO,R012,1,1,
480301102,REVISION_MANUAL,67,0.3,MODERADO,R005|R012,2,1,
480413102,RECHAZADO,28,0.3,MODERADO,,0,0,
480503103,REVISION_MANUAL,79,0.3,MODERADO,R001|R012,2,1,
480601103,RECHAZADO,38,0.3,MODERADO,,0,0,
480704101,RECHAZADO,43,0.3,MODERADO,,0,0,
480805102,REVISION_MANUAL,68,0.3,MODERADO,R001,1,0,
480904101,RECHAZADO,40,0.3,MODERADO,,0,0,
481002103,RECHAZADO,38,0.3,MODERADO,,0,0,
481102106,RECHAZADO,43,0.3,MODERADO,R001|R009|R010,3,0,
481204101,RECHAZADO,46,0.3,MODERADO,R005,1,0,
481302102,RECHAZADO,13,0.3,MODERADO,R004,1,0,
481401101,APROBADO,100,0.3,MODERADO,R001|R005|R012|R015,4,2,
481504101,APROBADO,100,0.3,MODERADO,R001|R005|R012|R015,4,2,
481605103,RECHAZADO,55,0.3,MODERADO,R012,1,1,
481710101,APROBADO,96,0.3,MODERADO,R001|R005|R012,3,1,
481816104,RECHAZADO,43,0.3,MODERADO,R001|R009|R010,3,0,
481918104,RECHAZADO,38,0.3,MODERADO,,0,0,
482001101,RECHAZADO,43,0.3,MODERADO,,0,0,
482112101,RECHAZADO,6,0.3,MODERADO,R002,1,0,
482207102,RECHAZADO,22,0.3,MODERADO,R004|R012,2,1,
482303101,REVISION_MANUAL,71,0.3,MODERADO,R005|R012,2,1,
482403101,RECHAZADO,42,0.3,MODERADO,,0,0,
482504102,RECHAZADO,40,0.3,MODERADO,,0,0,
482605103,RECHAZADO,40,0.3,MODERADO,,0,0,
482704102,RECHAZADO,41,0.3,MODERADO,,0,0,
482801103,RECHAZADO,31,0.3,MODERADO,,0,0,
483001101,RECHAZADO,29,0.3,MODERADO,,0,0,
483102101,RECHAZADO,38,0.3,MODERADO,R004|R005|R012,3,1,
483213108,RECHAZADO,15,0.3,MODERADO,R010,1,0,
483303102,RECHAZADO,19,0.3,MODERADO,R002|R005,2,0,
483415101,RECHAZADO,10,0.3,MODERADO,R004,1,0,
483518101,REVISION_MANUAL,75,0.3,MODERADO,R001|R005,2,0,
483604104,RECHAZADO,22,0.3,MODERADO,R004|R012,2,1,
483718101,RECHAZADO,14,0.3,MODERADO,R004|R005|R010,3,0,
483801102,RECHAZADO,58,0.3,MODERADO,R001|R004|R005,3,0,
483903101,RECHAZADO,49,0.3,MODERADO,R012,1,1,
484010101,RECHAZADO,45,0.3,MODERADO,R005,1,0,
484102101,APROBADO,84,0.3,MODERADO,R001|R006|R012,3,1,
484203101,RECHAZADO,48,0.3,MODERADO,R005,1,0,
484305104,RECHAZADO,26,0.3,MODERADO,R004|R005,2,0,
484403101,APROBADO,100,0.3,MODERADO,R001|R005|R012,3,1,
484504101,APROBADO,84,0.3,MODERADO,R005|R012,2,1,
484604101,REVISION_MANUAL,72,0.3,MODERADO,R001|R004|R005|R006,4,0,
484717102,RECHAZADO,5,0.3,MODERADO,R002|R005,2,0,
484806106,RECHAZADO,7,0.3,MODERADO,R004|R010|R012,3,1,
484920101,RECHAZADO,46,0.3,MODERADO,R005,1,0,
485003104,REVISION_MANUAL,79,0.3,MODERADO,R003|R012,2,1,
485114101,RECHAZADO,0,0.3,MODERADO,R002,1,0,
485202101,APROBADO,80,0.3,MODERADO,R005|R012|R015,3,2,
485310101,RECHAZADO,50,0.3,MODERADO,R012,1,1,
485402101,RECHAZADO,51,0.3,MODERADO,R012,1,1,
485501102,APROBADO,83,0.3,MODERADO,R001|R012,2,1,
485620102,APROBADO,84,0.3,MODERADO,R001|R012,2,1,
485702102,RECHAZADO,13,0.3,MODERADO,R004,1,0,
485804101,REVISION_MANUAL,73,0.3,MODERADO,R005|R012,2,1,
485901101,REVISION_MANUAL,68,0.3,MODERADO,R001|R004|R005|R012,4,1,
486020101,REVISION_MANUAL,66,0.3,MODERADO,R005|R015,2,1,
486110101,RECHAZADO,24,0.3,MODERADO,R004|R012,2,1,
486214102,RECHAZADO,37,0.3,MODERADO,R004|R005|R012,3,1,
486304101,RECHAZADO,21,0.3,MODERADO,R002|R005,2,0,
486415103,RECHAZADO,10,0.3,MODERADO,R004,1,0,
486503102,RECHAZADO,57,0.3,MODERADO,R012,1,1,
486604101,APROBADO,96,0.3,MODERADO,R001|R005|R015,3,1,
486704101,APROBADO,99,0.3,MODERADO,R001|R005|R012,3,1,
486803104,APROBADO,83,0.3,MODERADO,R001|R012,2,1,
486916101,RECHAZADO,26,0.3,MODERADO,R004|R005,2,0,
487015101,RECHAZADO,32,0.3,MODERADO,R005|R010,2,0,
487120102,RECHAZADO,58,0.3,MODERADO,R005,1,0,
487204103,RECHAZADO,22,0.3,MODERADO,R004|R012,2,1,
487303101,RECHAZADO,4,0.3,MODERADO,R002,1,0,
487303202,REVISION_MANUAL,62,0.3,MODERADO,R012,1,1,
487401101,RECHAZADO,30,0.3,MODERADO,,0,0,
487507103,RECHAZADO,10,0.3,MODERADO,R002,1,0,
487601101,RECHAZADO,43,0.3,MODERADO,R012,1,1,
487718101,RECHAZADO,43,0.3,MODERADO,R001|R004,2,0,
487804102,APROBADO,100,0.3,MODERADO,R001|R005|R012,3,1,
487903101,REVISION_MANUAL,67,0.3,MODERADO,R005|R012,2,1,
488004101,RECHAZADO,32,0.3,MODERADO,,0,0,
488103102,APROBADO,84,0.3,MODERADO,R001|R005|R012,3,1,
488203101,REVISION_MANUAL,75,0.3,MODERADO,R005|R012|R015,3,2,
488305102,APROBADO,98,0.3,MODERADO,R001|R005|R012,3,1,
488402101,APROBADO,100,0.3,MODERADO,R001|R005|R012|R015,4,2,
488502101,APROBADO,100,0.3,MODERADO,R001|R005|R012|R015,4,2,
488604105,RECHAZADO,29,0.3,MODERADO,R001|R004|R010,3,0,
488704101,APROBADO,94,0.3,MODERADO,R001|R012,2,1,
488803101,REVISION_MANUAL,72,0.3,MODERADO,R001|R012,2,1,
488904101,RECHAZADO,45,0.3,MODERADO,R005,1,0,
489005101,REVISION_MANUAL,69,0.3,MODERADO,R001|R010|R012,3,1,
489103101,RECHAZADO,40,0.3,MODERADO,,0,0,
489208101,APROBADO,83,0.3,MODERADO,R001|R005,2,0,
489311101,RECHAZADO,25,0.3,MODERADO,R004|R005,2,0,
489404101,RECHAZADO,24,0.3,MODERADO,R004|R005,2,0,
489502103,RECHAZADO,0,0.3,MODERADO,R002|R004|R009|R010,4,0,
489601103,REVISION_MANUAL,72,0.3,MODERADO,R001|R006,2,0,
489701101,REVISION_MANUAL,76,0.3,MODERADO,R005|R012,2,1,
489804101,APROBADO,83,0.3,MODERADO,R001|R005|R010|R012,4,1,
489906101,RECHAZADO,40,0.3,MODERADO,R005,1,0,
490006102,RECHAZADO,55,0.3,MODERADO,R001|R004|R012,3,1,
490108101,REVISION_MANUAL,78,0.3,MODERADO,R001|R005,2,0,
490208102,RECHAZADO,28,0.3,MODERADO,R004|R005,2,0,
490301102,APROBADO,100,0.3,MODERADO,R001|R005|R012|R015,4,2,
490411101,RECHAZADO,27,0.3,MODERADO,R004|R005,2,0,
490505101,RECHAZADO,30,0.3,MODERADO,,0,0,
490601101,RECHAZADO,2,0.3,MODERADO,R002,1,0,
490716102,RECHAZADO,45,0.3,MODERADO,R005,1,0,
490804101,APROBADO,87,0.3,MODERADO,R001|R012,2,1,
490904101,REVISION_MANUAL,74,0.3,MODERADO,R001|R012,2,1,
491001101,APROBADO,85,0.3,MODERADO,R001|R005,2,0,
491104102,APROBADO,85,0.3,MODERADO,R001|R012,2,1,
491201101,RECHAZADO,29,0.3,MODERADO,R010|R012,2,1,
491301102,RECHAZADO,54,0.3,MODERADO,R012,1,1,
491401102,RECHAZADO,40,0.3,MODERADO,R012,1,1,
491516102,RECHAZADO,30,0.3,MODERADO,,0,0,
491618103,RECHAZADO,15,0.3,MODERADO,R010,1,0,
491701101,RECHAZADO,43,0.3,MODERADO,,0,0,
491804102,RECHAZADO,43,0.3,MODERADO,R012,1,1,
491913101,APROBADO,92,0.3,MODERADO,R001|R006|R012,3,1,
492007101,REVISION_MANUAL,62,0.3,MODERADO,R001,1,0,
492101102,RECHAZADO,13,0.3,MODERADO,R004,1,0,
492201101,APROBADO,85,0.3,MODERADO,R001|R012,2,1,
492303101,APROBADO,85,0.3,MODERADO,R001|R005,2,0,
492401101,RECHAZADO,43,0.3,MODERADO,,0,0,
492502101,RECHAZADO,28,0.3,MODERADO,R004|R005,2,0,
492607101,RECHAZADO,56,0.3,MODERADO,R001|R004|R012,3,1,
492705102,RECHAZADO,0,0.3,MODERADO,R004|R010,2,0,
492805101,RECHAZADO,52,0.3,MODERADO,R005,1,0,
492902101,RECHAZADO,26,0.3,MODERADO,R004|R012,2,1,
493004101,RECHAZADO,53,0.3,MODERADO,R012,1,1,
493103102,APROBADO,100,0.3,MODERADO,R001|R005|R012|R015,4,2,
493201102,RECHAZADO,10,0.3,MODERADO,R004,1,0,
493301101,REVISION_MANUAL,66,0.3,MODERADO,R012,1,1,
493404101,REVISION_MANUAL,71,0.3,MODERADO,R001|R004|R005|R012,4,1,
493501101,APROBADO,96,0.3,MODERADO,R001|R005|R015,3,1,
493603101,RECHAZADO,0,0.3,MODERADO,R002|R004,2,0,
493714102,RECHAZADO,10,0.3,MODERADO,R004,1,0,
493813105,RECHAZADO,13,0.3,MODERADO,R009|R010,2,0,
493905101,RECHAZADO,30,0.3,MODERADO,,0,0,
494005101,RECHAZADO,31,0.3,MODERADO,,0,0,
494111101,RECHAZADO,42,0.3,MODERADO,R005,1,0,
494203102,REVISION_MANUAL,71,0.3,MODERADO,R001|R004|R005|R012,4,1,
494304103,REVISION_MANUAL,79,0.3,MODERADO,R001|R012,2,1,
494402101,REVISION_MANUAL,75,0.3,MODERADO,R001|R005,2,0,
494504102,RECHAZADO,51,0.3,MODERADO,R012,1,1,
494602101,REVISION_MANUAL,61,0.3,MODERADO,R001|R004|R012,3,1,
494705101,APROBADO,100,0.3,MODERADO,R001|R005|R012|R015,4,2,
494802101,REVISION_MANUAL,74,0.3,MODERADO,R001|R012,2,1,
494905103,REVISION_MANUAL,64,0.3,MODERADO,R005|R012,2,1,
495010102,RECHAZADO,0,0.3,MODERADO,R004|R010,2,0,
495114101,REVISION_MANUAL,68,0.3,MODERADO,R005|R012,2,1,
495211103,APROBADO,86,0.3,MODERADO,R001|R005|R012,3,1,
495303102,RECHAZADO,40,0.3,MODERADO,,0,0,
495401101,RECHAZADO,45,0.3,MODERADO,R012,1,1,
495501102,RECHAZADO,36,0.3,MODERADO,,0,0,
495604101,APROBADO,95,0.3,MODERADO,R001|R005|R012,3,1,
495705102,RECHAZADO,10,0.3,MODERADO,R004,1,0,
495817102,RECHAZADO,0,0.3,MODERADO,R004|R010,2,0,
495911101,RECHAZADO,40,0.3,MODERADO,R001|R004,2,0,
496013102,REVISION_MANUAL,67,0.3,MODERADO,R005|R012,2,1,
496104101,RECHAZADO,17,0.3,MODERADO,R010,1,0,
496203101,RECHAZADO,54,0.3,MODERADO,R012,1,1,
496316101,RECHAZADO,10,0.3,MODERADO,R004,1,0,
496403104,RECHAZADO,41,0.3,MODERADO,R001|R004|R009|R012,4,1,
496504103,APROBADO,83,0.3,MODERADO,R001|R012,2,1,
496603102,APROBADO,100,0.3,MODERADO,R001|R005|R012,3,1,
496703101,APROBADO,100,0.3,MODERADO,R001|R005|R012|R015,4,2,
496816102,RECHAZADO,53,0.3,MODERADO,R012,1,1,
496901103,RECHAZADO,49,0.3,MODERADO,R012,1,1,
497012102,RECHAZADO,12,0.3,MODERADO,R004,1,0,
497113101,APROBADO,82,0.3,MODERADO,R001|R012,2,1,
497201101,APROBADO,96,0.3,MODERADO,R001|R005|R012,3,1,
497303102,RECHAZADO,39,0.3,MODERADO,,0,0,
497402103,RECHAZADO,38,0.3,MODERADO,,0,0,
497503101,REVISION_MANUAL,68,0.3,MODERADO,R001,1,0,
497602102,RECHAZADO,59,0.3,MODERADO,R001,1,0,
497705101,RECHAZADO,30,0.3,MODERADO,,0,0,
497801101,RECHAZADO,28,0.3,MODERADO,R004|R005,2,0,
497904101,REVISION_MANUAL,69,0.3,MODERADO,R001|R006|R010,3,0,
498002101,RECHAZADO,13,0.3,MODERADO,R004,1,0,
498110101,RECHAZADO,32,0.3,MODERADO,,0,0,
498209101,RECHAZADO,0,0.3,MODERADO,R002|R004|R005,3,0,
498307101,RECHAZADO,42,0.3,MODERADO,,0,0,
498403101,APROBADO,81,0.3,MODERADO,R005|R012,2,1,
498506103,RECHAZADO,25,0.3,MODERADO,R009,1,0,
498603101,APROBADO,88,0.3,MODERADO,R001|R012,2,1,
498703102,APROBADO,98,0.3,MODERADO,R001|R005|R012,3,1,
498817101,REVISION_MANUAL,66,0.3,MODERADO,R005|R012,2,1,
498905102,REVISION_MANUAL,74,0.3,MODERADO,R001|R012,2,1,
499003103,APROBADO,82,0.3,MODERADO,R001|R012,2,1,
499109102,RECHAZADO,27,0.3,MODERADO,R004|R005,2,0,
499205101,RECHAZADO,41,0.3,MODERADO,,0,0,
499302101,RECHAZADO,39,0.3,MODERADO,R004|R005|R012,3,1,
499416102,RECHAZADO,49,0.3,MODERADO,R012,1,1,
499504101,RECHAZADO,40,0.3,MODERADO,,0,0,
499601101,RECHAZADO,27,0.3,MODERADO,R004|R005,2,0,
499702102,RECHAZADO,22,0.3,MODERADO,R004|R012,2,1,
499802101,RECHAZADO,38,0.3,MODERADO,,0,0,
499901102,REVISION_MANUAL,62,0.3,MODERADO,R003,1,0,
500001101,RECHAZADO,7,0.3,MODERADO,R002,1,0,
500114103,RECHAZADO,17,0.3,MODERADO,R010,1,0,
500203101,RECHAZADO,21,0.3,MODERADO,R002|R005,2,0,
500304102,RECHAZADO,53,0.3,MODERADO,R012,1,1,
500407101,RECHAZADO,12,0.3,MODERADO,R004,1,0,
500504101,RECHAZADO,10,0.3,MODERADO,R002|R005,2,0,
500605102,RECHAZADO,37,0.3,MODERADO,,0,0,
500705101,REVISION_MANUAL,75,0.3,MODERADO,R005|R012|R015,3,2,
500805101,REVISION_MANUAL,67,0.3,MODERADO,R005|R012,2,1,
500904101,RECHAZADO,39,0.3,MODERADO,R002|R003|R005,3,0,
501003102,RECHAZADO,26,0.3,MODERADO,R004|R005,2,0,
501003201,RECHAZADO,42,0.3,MODERADO,,0,0,
501102101,APROBADO,100,0.3,MODERADO,R001|R005|R012,3,1,
501206102,RECHAZADO,0,0.3,MODERADO,R004|R009|R010|R012,4,1,
501318102,RECHAZADO,0,0.3,MODERADO,R004|R010,2,0,
501402102,APROBADO,92,0.3,MODERADO,R001|R012,2,1,
501502103,RECHAZADO,10,0.3,MODERADO,R004|R009|R012,3,1,
501601101,RECHAZADO,26,0.3,MODERADO,R004|R005,2,0,
501701102,APROBADO,97,0.3,MODERADO,R001|R005|R012,3,1,
501813106,RECHAZADO,0,0.3,MODERADO,R002|R009|R010,3,0,
501905105,RECHAZADO,0,0.3,MODERADO,R004|R009|R010|R012,4,1,
502011101,RECHAZADO,30,0.3,MODERADO,R004|R005,2,0,
502105101,APROBADO,100,0.3,MODERADO,R001|R005|R012|R015,4,2,
502201101,RECHAZADO,49,0.3,MODERADO,R012,1,1,
502302102,APROBADO,100,0.3,MODERADO,R001|R005|R012,3,1,
502405105,RECHAZADO,0,0.3,MODERADO,R004|R009,2,0,
502503101,RECHAZADO,14,0.3,MODERADO,R002,1,0,
502602101,APROBADO,100,0.3,MODERADO,R001|R005|R012,3,1,
502721101,RECHAZADO,32,0.3,MODERADO,R005|R010,2,0,
502803102,RECHAZADO,25,0.3,MODERADO,R004|R012,2,1,
502905103,RECHAZADO,11,0.3,MODERADO,R004,1,0,
503005101,RECHAZADO,28,0.3,MODERADO,R004|R005,2,0,
503116102,RECHAZADO,28,0.3,MODERADO,,0,0,
503212104,RECHAZADO,13,0.3,MODERADO,R009,1,0,
503302101,RECHAZADO,13,0.3,MODERADO,R002|R005,2,0,
503404102,RECHAZADO,13,0.3,MODERADO,R004,1,0,
503511101,RECHAZADO,45,0.3,MODERADO,R005,1,0,
503604101,REVISION_MANUAL,66,0.3,MODERADO,R005|R012,2,1,
503703101,REVISION_MANUAL,66,0.3,MODERADO,R005|R015,2,1,
503807101,RECHAZADO,22,0.3,MODERADO,R004|R012,2,1,
503901101,RECHAZADO,29,0.3,MODERADO,,0,0,
504001102,RECHAZADO,45,0.3,MODERADO,R001|R010,2,0,
504107104,RECHAZADO,8,0.3,MODERADO,R004,1,0,
504219103,RECHAZADO,0,0.3,MODERADO,R004|R010,2,0,
504310103,RECHAZADO,12,0.3,MODERADO,R004,1,0,
504405101,APROBADO,95,0.3,MODERADO,R001|R005|R012,3,1,
504504101,RECHAZADO,53,0.3,MODERADO,R012,1,1,
504601103,RECHAZADO,10,0.3,MODERADO,R004|R009|R012,3,1,
504701101,RECHAZADO,42,0.3,MODERADO,R005,1,0,
504802103,RECHAZADO,55,0.3,MODERADO,R001|R009,2,0,
504909101,RECHAZADO,45,0.3,MODERADO,R005,1,0,
505011102,RECHAZADO,24,0.3,MODERADO,R002|R005|R006,3,0,
505103101,RECHAZADO,59,0.3,MODERADO,R001,1,0,
505205101,APROBADO,100,0.3,MODERADO,R001|R003|R005|R015,4,1,
505308102,APROBADO,85,0.3,MODERADO,R001|R012,2,1,
505402101,APROBADO,90,0.3,MODERADO,R001|R005|R012,3,1,
505503101,RECHAZADO,41,0.3,MODERADO,,0,0,
505604101,RECHAZADO,57,0.3,MODERADO,R005|R012,2,1,
505707101,RECHAZADO,29,0.3,MODERADO,,0,0,
505804102,RECHAZADO,20,0.3,MODERADO,R002|R005,2,0,
505905101,RECHAZADO,11,0.3,MODERADO,R004,1,0,
506016104,REVISION_MANUAL,70,0.3,MODERADO,R001,1,0,
506102102,RECHAZADO,12,0.3,MODERADO,R004,1,0,
506210104,RECHAZADO,15,0.3,MODERADO,R004,1,0,
506301101,REVISION_MANUAL,73,0.3,MODERADO,R001|R006,2,0,
506404101,REVISION_MANUAL,68,0.3,MODERADO,R001|R004|R005|R012,4,1,
506501102,REVISION_MANUAL,69,0.3,MODERADO,R001|R009|R012,3,1,
506604102,APROBADO,83,0.3,MODERADO,R001|R012,2,1,
506704101,RECHAZADO,45,0.3,MODERADO,R012,1,1,
506805101,RECHAZADO,58,0.3,MODERADO,R012,1,1,
506902101,RECHAZADO,44,0.3,MODERADO,R012,1,1,
507001102,RECHAZADO,14,0.3,MODERADO,R004|R005|R010,3,0,
507106101,RECHAZADO,42,0.3,MODERADO,,0,0,
507204102,RECHAZADO,23,0.3,MODERADO,R004|R012,2,1,
507304101,RECHAZADO,25,0.3,MODERADO,,0,0,
507403102,APROBADO,94,0.3,MODERADO,R001|R005|R015,3,1,
507501103,REVISION_MANUAL,68,0.3,MODERADO,R001,1,0,
507611101,REVISION_MANUAL,64,0.3,MODERADO,R005|R012,2,1,
507701101,APROBADO,85,0.3,MODERADO,R001|R012,2,1,
507801101,RECHAZADO,12,0.3,MODERADO,R002|R005,2,0,
507911101,RECHAZADO,43,0.3,MODERADO,R005,1,0,
508005101,RECHAZADO,13,0.3,MODERADO,R004,1,0,
508105101,APROBADO,100,0.3,MODERADO,R001|R003|R005|R012|R015,5,2,
508207105,RECHAZADO,7,0.3,MODERADO,R004|R009|R012,3,1,
508303103,RECHAZADO,23,0.3,MODERADO,R004|R012,2,1,
508404102,RECHAZADO,21,0.3,MODERADO,R004|R012,2,1,
508505101,RECHAZADO,16,0.3,MODERADO,R002,1,0,
508603101,APROBADO,80,0.3,MODERADO,R001|R012,2,1,
508705101,RECHAZADO,0,0.3,MODERADO,R002|R004|R005,3,0,
508801101,APROBADO,100,0.3,MODERADO,R001|R005|R012|R015,4,2,
508902103,RECHAZADO,53,0.3,MODERADO,R012,1,1,
509007103,REVISION_MANUAL,71,0.3,MODERADO,R001,1,0,
509110101,RECHAZADO,0,0.3,MODERADO,R004|R010,2,0,
509205102,RECHAZADO,17,0.3,MODERADO,R010,1,0,
509310101,RECHAZADO,46,0.3,MODERADO,R005,1,0,
509402103,RECHAZADO,26,0.3,MODERADO,R004|R012,2,1,
509504101,APROBADO,85,0.3,MODERADO,R001|R005,2,0,
509605102,RECHAZADO,53,0.3,MODERADO,R001|R004|R012,3,1,
509704102,APROBADO,87,0.3,MODERADO,R001|R012,2,1,
509814101,RECHAZADO,38,0.3,MODERADO,R004|R005|R012,3,1,
509917101,APROBADO,100,0.3,MODERADO,R001|R005|R012,3,1,
510002101,RECHAZADO,28,0.3,MODERADO,R010|R012,2,1,
510101102,RECHAZADO,45,0.3,MODERADO,R012,1,1,
510205101,REVISION_MANUAL,79,0.3,MODERADO,R003|R012,2,1,
510205202,REVISION_MANUAL,74,0.3,MODERADO,R001|R012,2,1,
510205302,RECHAZADO,0,0.3,MODERADO,R002,1,0,
510304102,RECHAZADO,21,0.3,MODERADO,R004|R012,2,1,
510402103,RECHAZADO,13,0.3,MODERADO,R004,1,0,
510502102,RECHAZADO,0,0.3,MODERADO,R002|R004|R005|R006|R010,5,0,
510604102,RECHAZADO,39,0.3,MODERADO,,0,0,
510702101,RECHAZADO,26,0.3,MODERADO,R004|R005,2,0,
510803101,APROBADO,83,0.3,MODERADO,R001|R012,2,1,
510902103,RECHAZADO,8,0.3,MODERADO,R002,1,0,
511002102,RECHAZADO,10,0.3,MODERADO,R004|R009|R012,3,1,
511105101,RECHAZADO,55,0.3,MODERADO,R012,1,1,
511202101,RECHAZADO,5,0.3,MODERADO,R002,1,0,
511308101,RECHAZADO,1,0.3,MODERADO,R002|R005|R010,3,0,
511402102,RECHAZADO,54,0.3,MODERADO,R012,1,1,
511505101,RECHAZADO,56,0.3,MODERADO,R012,1,1,
511601101,APROBADO,95,0.3,MODERADO,R001|R005|R012,3,1,
511716102,RECHAZADO,12,0.3,MODERADO,R004,1,0,
511801102,APROBADO,84,0.3,MODERADO,R001|R012,2,1,
511911101,RECHAZADO,33,0.3,MODERADO,,0,0,
512007103,RECHAZADO,28,0.3,MODERADO,,0,0,
512106101,APROBADO,96,0.3,MODERADO,R001|R005|R006,3,0,
512205102,RECHAZADO,26,0.3,MODERADO,R004|R005,2,0,
512310101,RECHAZADO,21,0.3,MODERADO,R002|R005,2,0,
512417101,RECHAZADO,58,0.3,MODERADO,R005,1,0,
512504101,RECHAZADO,57,0.3,MODERADO,R005|R010|R012,3,1,
512602101,APROBADO,86,0.3,MODERADO,R001|R012,2,1,
512704102,APROBADO,100,0.3,MODERADO,R001|R003|R005|R012|R015,5,2,
512801102,RECHAZADO,5,0.3,MODERADO,R002,1,0,
512901101,APROBADO,83,0.3,MODERADO,R001|R012,2,1,
513019101,RECHAZADO,51,0.3,MODERADO,R012,1,1,
513105101,REVISION_MANUAL,65,0.3,MODERADO,R005|R012,2,1,
513203103,RECHAZADO,53,0.3,MODERADO,R012,1,1,
513311102,APROBADO,86,0.3,MODERADO,R001|R005,2,0,
513405101,RECHAZADO,26,0.3,MODERADO,,0,0,
513503101,REVISION_MANUAL,68,0.3,MODERADO,R001,1,0,
513619102,RECHAZADO,0,0.3,MODERADO,R004|R010,2,0,
513702101,RECHAZADO,45,0.3,MODERADO,R005,1,0,
513803101,RECHAZADO,32,0.3,MODERADO,R002|R005,2,0,
513904103,APROBADO,90,0.3,MODERADO,R001|R012,2,1,
514018104,RECHAZADO,19,0.3,MODERADO,R004|R012,2,1,
514105103,RECHAZADO,7,0.3,MODERADO,R004|R009|R012,3,1,
514201101,RECHAZADO,55,0.3,MODERADO,R012,1,1,
514305103,REVISION_MANUAL,68,0.3,MODERADO,R001,1,0,
514410101,RECHAZADO,11,0.3,MODERADO,R002|R005,2,0,
514504101,RECHAZADO,13,0.3,MODERADO,R004,1,0,
514603101,RECHAZADO,56,0.3,MODERADO,R012,1,1,
514719103,RECHAZADO,30,0.3,MODERADO,,0,0,
514805102,RECHAZADO,49,0.3,MODERADO,R012,1,1,
514905101,RECHAZADO,45,0.3,MODERADO,R005,1,0,
515002101,APROBADO,100,0.3,MODERADO,R001|R005|R012,3,1,
515108101,RECHAZADO,57,0.3,MODERADO,R005|R012,2,1,
515205101,RECHAZADO,13,0.3,MODERADO,R004,1,0,
515301101,REVISION_MANUAL,76,0.3,MODERADO,R001|R012,2,1,
515301201,APROBADO,94,0.3,MODERADO,R001|R012,2,1,
515403103,RECHAZADO,40,0.3,MODERADO,,0,0,
515505101,RECHAZADO,59,0.3,MODERADO,R005|R012,2,1,
515603101,RECHAZADO,40,0.3,MODERADO,R004|R005|R012,3,1,
515708101,RECHAZADO,28,0.3,MODERADO,,0,0,
515814103,RECHAZADO,36,0.3,MODERADO,,0,0,
515905101,RECHAZADO,41,0.3,MODERADO,R004|R005|R012,3,1,
516004101,APROBADO,96,0.3,MODERADO,R001|R006|R012,3,1,
516103101,RECHAZADO,56,0.3,MODERADO,R001|R004|R005,3,0,
516202101,RECHAZADO,56,0.3,MODERADO,R005,1,0,
516302101,RECHAZADO,43,0.3,MODERADO,R001|R004,2,0,
516420101,RECHAZADO,25,0.3,MODERADO,R004|R005,2,0,
516505101,RECHAZADO,9,0.3,MODERADO,R002,1,0,
516605102,REVISION_MANUAL,76,0.3,MODERADO,R001|R012,2,1,
516703101,RECHAZADO,13,0.3,MODERADO,R004,1,0,
516815103,APROBADO,82,0.3,MODERADO,R001|R012,2,1,
516903101,RECHAZADO,22,0.3,MODERADO,R002|R005,2,0,
517010101,RECHAZADO,29,0.3,MODERADO,R009|R012,2,1,
517103101,RECHAZADO,12,0.3,MODERADO,R004|R005|R010,3,0,
517204103,RECHAZADO,31,0.3,MODERADO,,0,0,
517320101,APROBADO,100,0.3,MODERADO,R001|R003|R005|R015,4,1,
517405102,APROBADO,85,0.3,MODERADO,R001|R012,2,1,
517504101,RECHAZADO,57,0.3,MODERADO,R012,1,1,
517605101,RECHAZADO,0,0.3,MODERADO,R002|R004|R005,3,0,
517701103,RECHAZADO,10,0.3,MODERADO,R004|R009|R012,3,1,
517810101,RECHAZADO,47,0.3,MODERADO,R005,1,0,
517914101,RECHAZADO,55,0.3,MODERADO,R005,1,0,
517914201,RECHAZADO,45,0.3,MODERADO,R012,1,1,
518011101,RECHAZADO,52,0.3,MODERADO,R012,1,1,
518101101,RECHAZADO,58,0.3,MODERADO,R001|R004|R005,3,0,
518206103,APROBADO,86,0.3,MODERADO,R001|R012,2,1,
518302101,RECHAZADO,30,0.3,MODERADO,,0,0,
518401101,RECHAZADO,21,0.3,MODERADO,R002|R005|R006,3,0,
518502101,APROBADO,83,0.3,MODERADO,R005|R012|R015,3,2,
518603101,APROBADO,96,0.3,MODERADO,R001|R005|R012,3,1,
518715101,RECHAZADO,56,0.3,MODERADO,R005|R012,2,1,
518802101,RECHAZADO,32,0.3,MODERADO,,0,0,
518905101,RECHAZADO,29,0.3,MODERADO,,0,0,
519004102,APROBADO,98,0.3,MODERADO,R001|R005|R012,3,1,
519102101,RECHAZADO,40,0.3,MODERADO,,0,0,
519204103,RECHAZADO,58,0.3,MODERADO,R001|R004|R005,3,0,
519305101,RECHAZADO,37,0.3,MODERADO,,0,0,
519404103,APROBADO,100,0.3,MODERADO,R001|R005|R012|R015,4,2,
519503101,RECHAZADO,57,0.3,MODERADO,R005|R012,2,1,
519612102,REVISION_MANUAL,68,0.3,MODERADO,R001,1,0,
519713102,RECHAZADO,58,0.3,MODERADO,R001|R004|R012,3,1,
519805102,RECHAZADO,13,0.3,MODERADO,R004,1,0,
519905102,RECHAZADO,15,0.3,MODERADO,R004,1,0,
520018102,RECHAZADO,24,0.3,MODERADO,R004|R012,2,1,
520105103,REVISION_MANUAL,75,0.3,MODERADO,R001|R012,2,1,
520201102,RECHAZADO,8,0.3,MODERADO,R002|R006,2,0,
520312103,APROBADO,85,0.3,MODERADO,R005|R012,2,1,
520401101,RECHAZADO,0,0.3,MODERADO,R002,1,0,
520510103,RECHAZADO,23,0.3,MODERADO,R004|R012,2,1,
520604101,RECHAZADO,57,0.3,MODERADO,R001|R009,2,0,
520703103,RECHAZADO,7,0.3,MODERADO,R004|R009|R012,3,1,
520803101,RECHAZADO,57,0.3,MODERADO,R005|R012,2,1,
520903101,RECHAZADO,25,0.3,MODERADO,R002,1,0,
521020103,RECHAZADO,27,0.3,MODERADO,R010,1,0,
521107103,RECHAZADO,8,0.3,MODERADO,R004,1,0,
521208102,RECHAZADO,30,0.3,MODERADO,,0,0,
521305102,RECHAZADO,38,0.3,MODERADO,R010|R012,2,1,
521401101,RECHAZADO,55,0.3,MODERADO,R012,1,1,
521520101,REVISION_MANUAL,69,0.3,MODERADO,R005|R012,2,1,
521618101,RECHAZADO,43,0.3,MODERADO,R005,1,0,
521703102,RECHAZADO,22,0.3,MODERADO,R002|R005,2,0,
521804101,APROBADO,85,0.3,MODERADO,R001|R012,2,1,
521902101,REVISION_MANUAL,75,0.3,MODERADO,R001|R006,2,0,
522016102,RECHAZADO,52,0.3,MODERADO,R001|R004|R012,3,1,
522101103,APROBADO,80,0.3,MODERADO,R001|R012,2,1,
522211101,RECHAZADO,44,0.3,MODERADO,R005,1,0,
522310101,RECHAZADO,45,0.3,MODERADO,R005|R010|R012,3,1,
522405104,RECHAZADO,27,0.3,MODERADO,R010|R012,2,1,
522502102,RECHAZADO,13,0.3,MODERADO,R004,1,0,
522606104,RECHAZADO,40,0.3,MODERADO,,0,0,
522710101,APROBADO,100,0.3,MODERADO,R001|R005|R012|R015,4,2,
522819101,RECHAZADO,54,0.3,MODERADO,R012,1,1,
522910102,RECHAZADO,40,0.3,MODERADO,R005|R010,2,0,
523004101,RECHAZADO,56,0.3,MODERADO,R012,1,1,
523113101,RECHAZADO,28,0.3,MODERADO,R002|R005|R015,3,1,
523204102,REVISION_MANUAL,72,0.3,MODERADO,R005|R012,2,1,
523302101,APROBADO,98,0.3,MODERADO,R001|R005|R012,3,1,
523402101,APROBADO,86,0.3,MODERADO,R001|R012,2,1,
523502101,RECHAZADO,45,0.3,MODERADO,R005,1,0,
523604102,RECHAZADO,22,0.3,MODERADO,R002|R005,2,0,
523702101,RECHAZADO,57,0.3,MODERADO,R005|R012,2,1,
523804101,RECHAZADO,44,0.3,MODERADO,R005,1,0,
523904102,RECHAZADO,8,0.3,MODERADO,R004,1,0,
524007101,RECHAZADO,27,0.3,MODERADO,R004|R005,2,0,
524108102,RECHAZADO,27,0.3,MODERADO,R004|R005,2,0,
524202101,APROBADO,100,0.3,MODERADO,R001|R005|R012,3,1,
524320103,RECHAZADO,37,0.3,MODERADO,R001|R004|R009|R012,4,1,
524404101,REVISION_MANUAL,68,0.3,MODERADO,R005|R012,2,1,
524518101,RECHAZADO,56,0.3,MODERADO,R005|R012,2,1,
524602101,APROBADO,84,0.3,MODERADO,R001|R005|R006|R010,4,0,
524704101,RECHAZADO,39,0.3,MODERADO,R004|R005|R012,3,1,
524802101,RECHAZADO,42,0.3,MODERADO,,0,0,
524905101,REVISION_MANUAL,63,0.3,MODERADO,R012,1,1,
525019101,RECHAZADO,56,0.3,MODERADO,R005,1,0,
525102101,APROBADO,97,0.3,MODERADO,R001|R005|R012,3,1,
525203102,RECHAZADO,13,0.3,MODERADO,R004,1,0,
525305101,RECHAZADO,56,0.3,MODERADO,R005,1,0,
525404102,RECHAZADO,25,0.3,MODERADO,R004|R012,2,1,
525504101,APROBADO,100,0.3,MODERADO,R001|R005|R012,3,1,
525602101,RECHAZADO,47,0.3,MODERADO,R001|R010,2,0,
525711102,RECHAZADO,26,0.3,MODERADO,R004|R012,2,1,
525802102,RECHAZADO,11,0.3,MODERADO,R004,1,0,
525903101,RECHAZADO,37,0.3,MODERADO,,0,0,
526005101,RECHAZADO,37,0.3,MODERADO,R002|R005,2,0,
526120101,RECHAZADO,51,0.3,MODERADO,R012,1,1,
526203101,RECHAZADO,53,0.3,MODERADO,R005,1,0,
526303101,APROBADO,100,0.3,MODERADO,R001|R005|R012,3,1,
526403101,APROBADO,82,0.3,MODERADO,R001|R012,2,1,
526520103,RECHAZADO,27,0.3,MODERADO,R010,1,0,
526601101,RECHAZADO,31,0.3,MODERADO,,0,0,
526703101,APROBADO,92,0.3,MODERADO,R001|R005|R012,3,1,
526807102,RECHAZADO,7,0.3,MODERADO,R002|R005|R010,3,0,
526902101,RECHAZADO,19,0.3,MODERADO,R002|R005,2,0,
527004101,RECHAZADO,28,0.3,MODERADO,R004|R005,2,0,
527102104,REVISION_MANUAL,74,0.3,MODERADO,R001|R010|R012,3,1,
527205101,RECHAZADO,19,0.3,MODERADO,R002|R005,2,0,
527308101,RECHAZADO,44,0.3,MODERADO,R005,1,0,
527403102,APROBADO,84,0.3,MODERADO,R001|R012,2,1,
527501102,RECHAZADO,29,0.3,MODERADO,,0,0,
527609101,APROBADO,89,0.3,MODERADO,R001|R005|R012,3,1,
527609201,APROBADO,83,0.3,MODERADO,R001|R012,2,1,
527705102,RECHAZADO,28,0.3,MODERADO,R004|R005,2,0,
527801102,RECHAZADO,28,0.3,MODERADO,R004|R005,2,0,
527902102,RECHAZADO,40,0.3,MODERADO,R004|R005|R012,3,1,
528003102,REVISION_MANUAL,67,0.3,MODERADO,R001|R004|R005|R012,4,1,
528102101,APROBADO,96,0.3,MODERADO,R001|R005|R012,3,1,
528202101,RECHAZADO,30,0.3,MODERADO,,0,0,
528301103,RECHAZADO,52,0.3,MODERADO,R001|R004|R012,3,1,
528402105,RECHAZADO,29,0.3,MODERADO,,0,0,
528501101,APROBADO,100,0.3,MODERADO,R001|R005|R012,3,1,
528602101,RECHAZADO,18,0.3,MODERADO,R002|R005,2,0,
528707102,RECHAZADO,12,0.3,MODERADO,R004,1,0,
528803101,REVISION_MANUAL,77,0.3,MODERADO,R005|R012,2,1,
528905101,RECHAZADO,38,0.3,MODERADO,R004|R005|R012,3,1,
529001101,RECHAZADO,43,0.3,MODERADO,R005,1,0,
529118101,RECHAZADO,33,0.3,MODERADO,,0,0,
529204101,RECHAZADO,0,0.3,MODERADO,R002|R004|R005,3,0,
529301101,APROBADO,98,0.3,MODERADO,R001|R005|R012,3,1,
529415103,RECHAZADO,0,0.3,MODERADO,R004|R009|R010|R012,4,1,
529519101,RECHAZADO,50,0.3,MODERADO,R012,1,1,
529607101,APROBADO,86,0.3,MODERADO,R001|R005,2,0,
529703101,RECHAZADO,0,0.3,MODERADO,R002|R004,2,0,
529804104,APROBADO,89,0.3,MODERADO,R001|R012,2,1,
529903101,RECHAZADO,55,0.3,MODERADO,R005,1,0,
530007103,RECHAZADO,50,0.3,MODERADO,R012,1,1,
530102104,RECHAZADO,58,0.3,MODERADO,R001|R009|R010|R012,4,1,
530201101,REVISION_MANUAL,68,0.3,MODERADO,R001|R004|R005|R012,4,1,
530301101,RECHAZADO,0,0.3,MODERADO,R002|R004|R005,3,0,
530404101,REVISION_MANUAL,65,0.3,MODERADO,R005|R012,2,1,
530512101,APROBADO,98,0.3,MODERADO,R001|R005|R012,3,1,
530603101,APROBADO,100,0.3,MODERADO,R001|R003|R005|R012,4,1,
530717101,RECHAZADO,28,0.3,MODERADO,R004|R005,2,0,
530804101,RECHAZADO,43,0.3,MODERADO,,0,0,
530919101,APROBADO,99,0.3,MODERADO,R001|R005|R006,3,0,
531004102,RECHAZADO,27,0.3,MODERADO,R004|R012,2,1,
531106101,RECHAZADO,33,0.3,MODERADO,,0,0,
531202101,RECHAZADO,54,0.3,MODERADO,R005|R010|R012,3,1,
531302101,REVISION_MANUAL,61,0.3,MODERADO,R005|R012,2,1,
531401101,RECHAZADO,23,0.3,MODERADO,R004|R012,2,1,
531515103,RECHAZADO,47,0.3,MODERADO,R012,1,1,
531611103,REVISION_MANUAL,72,0.3,MODERADO,R001,1,0,
531701101,RECHAZADO,43,0.3,MODERADO,R012,1,1,
531817104,APROBADO,81,0.3,MODERADO,R001|R012,2,1,
531914103,RECHAZADO,13,0.3,MODERADO,R009|R010,2,0,
532001101,RECHAZADO,28,0.3,MODERADO,R004|R005,2,0,
532120101,RECHAZADO,41,0.3,MODERADO,,0,0,
532211101,RECHAZADO,54,0.3,MODERADO,R005|R012,2,1,
532310101,RECHAZADO,44,0.3,MODERADO,R005,1,0,
532403102,RECHAZADO,15,0.3,MODERADO,R004,1,0,
532519101,RECHAZADO,40,0.3,MODERADO,,0,0,
532606102,RECHAZADO,59,0.3,MODERADO,R001,1,0,
532712102,RECHAZADO,28,0.3,MODERADO,R004|R005,2,0,
532801103,RECHAZADO,52,0.3,MODERADO,R012,1,1,
532901103,RECHAZADO,54,0.3,MODERADO,R012,1,1,
533004101,APROBADO,100,0.3,MODERADO,R001|R005|R012|R015,4,2,
533102101,APROBADO,94,0.3,MODERADO,R001|R005|R012,3,1,
533215103,RECHAZADO,13,0.3,MODERADO,R009,1,0,
533319102,RECHAZADO,42,0.3,MODERADO,R001|R004,2,0,
533402101,RECHAZADO,38,0.3,MODERADO,R004|R005|R012,3,1,
533505101,RECHAZADO,10,0.3,MODERADO,R004,1,0,
533605101,RECHAZADO,17,0.3,MODERADO,R010,1,0,
533703102,RECHAZADO,55,0.3,MODERADO,R012,1,1,
533805101,REVISION_MANUAL,71,0.3,MODERADO,R001,1,0,
533910101,RECHAZADO,26,0.3,MODERADO,R004|R005,2,0,
534015101,RECHAZADO,28,0.3,MODERADO,,0,0,
534111101,RECHAZADO,39,0.3,MODERADO,R004|R005|R012,3,1,
534208101,RECHAZADO,45,0.3,MODERADO,R005,1,0,
534302101,APROBADO,100,0.3,MODERADO,R001|R005|R012,3,1,
534403102,RECHAZADO,30,0.3,MODERADO,R002|R003,2,0,
534502101,REVISION_MANUAL,66,0.3,MODERADO,R012,1,1,
534602101,REVISION_MANUAL,60,0.3,MODERADO,R012,1,1,
534714101,RECHAZADO,41,0.3,MODERADO,,0,0,
534818102,RECHAZADO,14,0.3,MODERADO,R004,1,0,
534916101,RECHAZADO,44,0.3,MODERADO,R005,1,0,
535001101,APROBADO,87,0.3,MODERADO,R001|R012,2,1,
535102101,APROBADO,100,0.3,MODERADO,R003|R005|R012|R015,4,2,
535208106,RECHAZADO,8,0.3,MODERADO,R004,1,0,
535303101,RECHAZADO,10,0.3,MODERADO,R002|R005,2,0,
535402101,RECHAZADO,40,0.3,MODERADO,R012,1,1,
535502101,REVISION_MANUAL,68,0.3,MODERADO,R001,1,0,
535619104,RECHAZADO,38,0.3,MODERADO,,0,0,
535706102,RECHAZADO,39,0.3,MODERADO,,0,0,
535805101,RECHAZADO,49,0.3,MODERADO,R012,1,1,
535902101,RECHAZADO,28,0.3,MODERADO,R004|R005,2,0,
536004103,RECHAZADO,10,0.3,MODERADO,R004,1,0,
536102101,RECHAZADO,0,0.3,MODERADO,R004|R010,2,0,
536201104,RECHAZADO,0,0.3,MODERADO,R002|R009,2,0,
536319102,RECHAZADO,10,0.3,MODERADO,R004,1,0,
536404102,RECHAZADO,11,0.3,MODERADO,R004|R009|R012,3,1,
536501102,RECHAZADO,21,0.3,MODERADO,R002|R005,2,0,
536603101,APROBADO,88,0.3,MODERADO,R001|R005|R012,3,1,
536702101,RECHAZADO,53,0.3,MODERADO,R012,1,1,
536801101,RECHAZADO,27,0.3,MODERADO,R004|R005,2,0,
536901101,RECHAZADO,13,0.3,MODERADO,R004,1,0,
537004101,RECHAZADO,38,0.3,MODERADO,R004|R005|R012,3,1,
537118101,RECHAZADO,28,0.3,MODERADO,R004|R005,2,0,
537202101,REVISION_MANUAL,72,0.3,MODERADO,R005|R012,2,1,
537303101,RECHAZADO,42,0.3,MODERADO,R012,1,1,
537401107,RECHAZADO,12,0.3,MODERADO,R004|R005|R010,3,0,
537501101,RECHAZADO,25,0.3,MODERADO,R004|R012,2,1,
537613102,RECHAZADO,28,0.3,MODERADO,R009|R012,2,1,
537707101,RECHAZADO,56,0.3,MODERADO,R005|R012,2,1,
537820102,RECHAZADO,17,0.3,MODERADO,R010,1,0,
537920101,RECHAZADO,4,0.3,MODERADO,R002,1,0,
538002101,RECHAZADO,35,0.3,MODERADO,R009|R012,2,1,
538102103,RECHAZADO,41,0.3,MODERADO,R001|R004|R006|R009,4,0,
538205102,APROBADO,85,0.3,MODERADO,R001|R012,2,1,
538302101,REVISION_MANUAL,63,0.3,MODERADO,R005|R012,2,1,
538405104,RECHAZADO,17,0.3,MODERADO,R002|R005,2,0,
538505102,RECHAZADO,15,0.3,MODERADO,R002,1,0,
538602102,RECHAZADO,28,0.3,MODERADO,,0,0,
538720102,RECHAZADO,12,0.3,MODERADO,R004,1,0,
538813103,RECHAZADO,41,0.3,MODERADO,,0,0,
538905101,APROBADO,88,0.3,MODERADO,R001|R005|R012,3,1,
539018101,APROBADO,85,0.3,MODERADO,R001|R005,2,0,
539101101,RECHAZADO,43,0.3,MODERADO,,0,0,
539203101,RECHAZADO,32,0.3,MODERADO,R005|R010,2,0,
539309102,RECHAZADO,12,0.3,MODERADO,R004,1,0,
539404102,RECHAZADO,26,0.3,MODERADO,R004|R005,2,0,
539507101,RECHAZADO,28,0.3,MODERADO,R004|R005,2,0,
539602102,RECHAZADO,52,0.3,MODERADO,R012,1,1,
539707101,RECHAZADO,45,0.3,MODERADO,R005,1,0,
539804101,APROBADO,95,0.3,MODERADO,R001|R005|R012,3,1,
539904101,APROBADO,96,0.3,MODERADO,R001|R005|R012,3,1,
540003101,APROBADO,100,0.3,MODERADO,R001|R005|R012|R015,4,2,
540105103,RECHAZADO,57,0.3,MODERADO,R012,1,1,
540219102,RECHAZADO,53,0.3,MODERADO,R012,1,1,
540305102,RECHAZADO,25,0.3,MODERADO,R009,1,0,
540418101,REVISION_MANUAL,73,0.3,MODERADO,R001|R005,2,0,
540504101,RECHAZADO,28,0.3,MODERADO,R004|R005,2,0,
540617102,APROBADO,97,0.3,MODERADO,R001|R005|R012,3,1,
540701101,RECHAZADO,13,0.3,MODERADO,R004,1,0,
540809101,REVISION_MANUAL,73,0.3,MODERADO,R001,1,0,
540901101,RECHAZADO,52,0.3,MODERADO,R012,1,1,
541003102,RECHAZADO,28,0.3,MODERADO,R004|R005,2,0,
541103103,RECHAZADO,24,0.3,MODERADO,R004|R012,2,1,
541210101,RECHAZADO,32,0.3,MODERADO,R005|R010,2,0,
541301101,RECHAZADO,17,0.3,MODERADO,R010,1,0,
541301201,RECHAZADO,29,0.3,MODERADO,,0,0,
541301301,APROBADO,94,0.3,MODERADO,R001|R005|R015,3,1,
541301401,RECHAZADO,10,0.3,MODERADO,R004,1,0,
541301501,RECHAZADO,12,0.3,MODERADO,R004,1,0,
541415101,REVISION_MANUAL,70,0.3,MODERADO,R001|R004|R005|R012,4,1,
541501101,RECHAZADO,56,0.3,MODERADO,R005|R012,2,1,
541605101,APROBADO,96,0.3,MODERADO,R001|R005|R015,3,1,
541705101,APROBADO,100,0.3,MODERADO,R001|R005|R012|R015,4,2,
541813103,RECHAZADO,28,0.3,MODERADO,,0,0,
541905101,RECHAZADO,13,0.3,MODERADO,R002|R005,2,0,
542002101,RECHAZADO,28,0.3,MODERADO,R004|R005,2,0,
542118103,RECHAZADO,51,0.3,MODERADO,R012,1,1,
542217101,RECHAZADO,21,0.3,MODERADO,R004|R012,2,1,
542314102,RECHAZADO,12,0.3,MODERADO,R004,1,0,
542408102,APROBADO,100,0.3,MODERADO,R001|R005|R006|R012,4,1,
542502102,RECHAZADO,27,0.3,MODERADO,R004|R005,2,0,
542601103,APROBADO,85,0.3,MODERADO,R001|R012,2,1,
542705101,APROBADO,100,0.3,MODERADO,R001|R012,2,1,
542805105,RECHAZADO,13,0.3,MODERADO,R009|R010,2,0,
542903101,RECHAZADO,6,0.3,MODERADO,R002,1,0,
543001101,RECHAZADO,40,0.3,MODERADO,,0,0,
543105101,APROBADO,100,0.3,MODERADO,R001|R005|R012|R015,4,2,
543208102,RECHAZADO,28,0.3,MODERADO,,0,0,
543301101,APROBADO,86,0.3,MODERADO,R001|R012,2,1,
543405102,RECHAZADO,11,0.3,MODERADO,R004,1,0,
543502101,RECHAZADO,56,0.3,MODERADO,R005,1,0,
543601101,APROBADO,100,0.3,MODERADO,R001|R005|R012,3,1,
543705102,REVISION_MANUAL,70,0.3,MODERADO,R005|R012,2,1,
543801101,RECHAZADO,28,0.3,MODERADO,R004|R005,2,0,
543902102,RECHAZADO,54,0.3,MODERADO,R001|R004|R012,3,1,
544011102,RECHAZADO,12,0.3,MODERADO,R004|R005|R010,3,0,
544102102,RECHAZADO,13,0.3,MODERADO,R004,1,0,
544204103,APROBADO,100,0.3,MODERADO,R001|R003|R005|R012,4,1,
544315101,RECHAZADO,12,0.3,MODERADO,R004,1,0,
544401101,RECHAZADO,21,0.3,MODERADO,R004|R012,2,1,
544501101,RECHAZADO,32,0.3,MODERADO,,0,0,
544604102,RECHAZADO,37,0.3,MODERADO,R004|R005|R012,3,1,
544707101,RECHAZADO,28,0.3,MODERADO,R004|R005,2,0,
544805101,RECHAZADO,32,0.3,MODERADO,R002|R005|R015,3,1,
544905101,RECHAZADO,30,0.3,MODERADO,,0,0,
545002101,APROBADO,93,0.3,MODERADO,R005|R012|R015,3,2,
545105101,RECHAZADO,26,0.3,MODERADO,R004|R005,2,0,
545203102,RECHAZADO,12,0.3,MODERADO,R004,1,0,
545305104,RECHAZADO,11,0.3,MODERADO,R004|R009|R012,3,1,
545404101,RECHAZADO,57,0.3,MODERADO,R005|R012,2,1,
545502101,REVISION_MANUAL,75,0.3,MODERADO,R005|R012,2,1,
545603102,REVISION_MANUAL,68,0.3,MODERADO,R001,1,0,
545705102,RECHAZADO,5,0.3,MODERADO,R002,1,0,
545803102,REVISION_MANUAL,73,0.3,MODERADO,R001|R006,2,0,
545907101,RECHAZADO,12,0.3,MODERADO,R002|R005,2,0,
546004102,RECHAZADO,26,0.3,MODERADO,R004|R012,2,1,
546117101,APROBADO,87,0.3,MODERADO,R001|R005|R012,3,1,
546202103,REVISION_MANUAL,77,0.3,MODERADO,R003|R012,2,1,
546304101,RECHAZADO,41,0.3,MODERADO,,0,0,
546412101,RECHAZADO,43,0.3,MODERADO,,0,0,
546504101,RECHAZADO,56,0.3,MODERADO,R005,1,0,
546601103,RECHAZADO,20,0.3,MODERADO,R002|R005,2,0,
546718102,RECHAZADO,8,0.3,MODERADO,R002|R005,2,0,
546805101,APROBADO,100,0.3,MODERADO,R001|R005|R012|R015,4,2,
546905102,RECHAZADO,38,0.3,MODERADO,,0,0,
547004101,APROBADO,100,0.3,MODERADO,R001|R005|R012|R015,4,2,
547117102,RECHAZADO,30,0.3,MODERADO,R005|R010,2,0,
547201103,RECHAZADO,14,0.3,MODERADO,R009,1,0,
547315101,RECHAZADO,11,0.3,MODERADO,R004,1,0,
547401103,RECHAZADO,30,0.3,MODERADO,R002|R003,2,0,
547513101,APROBADO,82,0.3,MODERADO,R001|R005,2,0,
547604104,RECHAZADO,0,0.3,MODERADO,R002,1,0,
547705103,REVISION_MANUAL,69,0.3,MODERADO,R001,1,0,
547802102,RECHAZADO,12,0.3,MODERADO,R004,1,0,
547902103,RECHAZADO,52,0.3,MODERADO,R012,1,1,
548010102,RECHAZADO,15,0.3,MODERADO,R004,1,0,
548101102,REVISION_MANUAL,63,0.3,MODERADO,R005|R012,2,1,
548204102,RECHAZADO,38,0.3,MODERADO,,0,0,
548304101,APROBADO,100,0.3,MODERADO,R001|R005|R012,3,1,
548405101,APROBADO,100,0.3,MODERADO,R001|R005|R012,3,1,
548502101,APROBADO,86,0.3,MODERADO,R001|R005|R012,3,1,
548604104,RECHAZADO,27,0.3,MODERADO,R010|R012,2,1,
548701101,RECHAZADO,57,0.3,MODERADO,R012,1,1,
548820101,APROBADO,80,0.3,MODERADO,R003|R012,2,1,
548913102,RECHAZADO,54,0.3,MODERADO,R012,1,1,
549005102,RECHAZADO,50,0.3,MODERADO,R012,1,1,
549119103,RECHAZADO,15,0.3,MODERADO,R010,1,0,
549209101,APROBADO,100,0.3,MODERADO,R001|R005|R012,3,1,
549315102,RECHAZADO,26,0.3,MODERADO,R004|R012,2,1,
549402101,REVISION_MANUAL,62,0.3,MODERADO,R012,1,1,
549502102,RECHAZADO,24,0.3,MODERADO,R004|R012,2,1,
549604103,RECHAZADO,12,0.3,MODERADO,R004,1,0,
549704102,RECHAZADO,21,0.3,MODERADO,R002|R005,2,0,
549816102,RECHAZADO,15,0.3,MODERADO,R004,1,0,
549904103,APROBADO,84,0.3,MODERADO,R001|R012,2,1,
550003101,RECHAZADO,58,0.3,MODERADO,R012,1,1,
550105102,APROBADO,80,0.3,MODERADO,R005|R012|R015,3,2,
550203101,RECHAZADO,23,0.3,MODERADO,R004|R005,2,0,
550302102,REVISION_MANUAL,60,0.3,MODERADO,R001,1,0,
550412102,RECHAZADO,41,0.3,MODERADO,R012,1,1,
550503101,RECHAZADO,12,0.3,MODERADO,R002|R005,2,0,
550619102,RECHAZADO,27,0.3,MODERADO,R001|R004|R010,3,0,
550702101,RECHAZADO,50,0.3,MODERADO,R012,1,1,
550805101,RECHAZADO,51,0.3,MODERADO,R012,1,1,
550909102,RECHAZADO,41,0.3,MODERADO,,0,0,
551003102,RECHAZADO,10,0.3,MODERADO,R002,1,0,
551102101,APROBADO,96,0.3,MODERADO,R001|R006|R012,3,1,
551217102,RECHAZADO,53,0.3,MODERADO,R001|R004|R005,3,0,
551311102,RECHAZADO,26,0.3,MODERADO,R004|R005,2,0,
551402101,RECHAZADO,54,0.3,MODERADO,R012,1,1,
551513101,REVISION_MANUAL,65,0.3,MODERADO,R005|R012,2,1,
551604101,REVISION_MANUAL,68,0.3,MODERADO,R001|R004|R005|R012,4,1,
551705103,RECHAZADO,8,0.3,MODERADO,R004|R009|R012,3,1,
551809101,APROBADO,85,0.3,MODERADO,R001|R005,2,0,
551905101,RECHAZADO,33,0.3,MODERADO,,0,0,
552005102,REVISION_MANUAL,76,0.3,MODERADO,R001|R012,2,1,
552104103,RECHAZADO,52,0.3,MODERADO,R012,1,1,
552205101,APROBADO,100,0.3,MODERADO,R001|R005|R006|R012,4,1,
552304104,RECHAZADO,17,0.3,MODERADO,R010,1,0,
552405102,RECHAZADO,52,0.3,MODERADO,R012,1,1,
552503101,RECHAZADO,12,0.3,MODERADO,R004,1,0,
552601101,REVISION_MANUAL,64,0.3,MODERADO,R012,1,1,
552705101,RECHAZADO,28,0.3,MODERADO,R004|R005,2,0,
552802102,APROBADO,85,0.3,MODERADO,R001|R012,2,1,
552908102,RECHAZADO,0,0.3,MODERADO,R004|R010,2,0,
553005102,APROBADO,100,0.3,MODERADO,R001|R005|R012|R015,4,2,
553102103,RECHAZADO,14,0.3,MODERADO,R002,1,0,
553218101,RECHAZADO,42,0.3,MODERADO,R005,1,0,
553305101,REVISION_MANUAL,72,0.3,MODERADO,R001,1,0,
553401102,RECHAZADO,27,0.3,MODERADO,,0,0,
553520104,RECHAZADO,8,0.3,MODERADO,R004|R009|R012,3,1,
553603101,REVISION_MANUAL,78,0.3,MODERADO,R005|R012,2,1,
553704101,REVISION_MANUAL,66,0.3,MODERADO,R005|R012,2,1,
553819104,RECHAZADO,28,0.3,MODERADO,,0,0,
553905102,RECHAZADO,22,0.3,MODERADO,R004|R012,2,1,
554010102,RECHAZADO,28,0.3,MODERADO,,0,0,
554101101,RECHAZADO,6,0.3,MODERADO,R002,1,0,
554204102,REVISION_MANUAL,66,0.3,MODERADO,R001,1,0,
554304102,APROBADO,100,0.3,MODERADO,R001|R005|R012,3,1,
554402101,RECHAZADO,28,0.3,MODERADO,R004|R005,2,0,
554515101,REVISION_MANUAL,78,0.3,MODERADO,R001|R005,2,0,
554601102,APROBADO,84,0.3,MODERADO,R001|R012,2,1,
554703102,RECHAZADO,20,0.3,MODERADO,R002|R005,2,0,
554802105,RECHAZADO,10,0.3,MODERADO,R004,1,0,
554905101,RECHAZADO,11,0.3,MODERADO,R004,1,0,
555016101,RECHAZADO,45,0.3,MODERADO,R005,1,0,
555103101,APROBADO,100,0.3,MODERADO,R001|R005|R012|R015,4,2,
555202101,APROBADO,85,0.3,MODERADO,R001|R012,2,1,
555305101,APROBADO,86,0.3,MODERADO,R001|R005,2,0,
555411101,RECHAZADO,46,0.3,MODERADO,R005,1,0,
555517102,RECHAZADO,57,0.3,MODERADO,R001,1,0,
555604101,RECHAZADO,47,0.3,MODERADO,R012,1,1,
555704102,APROBADO,98,0.3,MODERADO,R001|R005|R012,3,1,
555801102,RECHAZADO,30,0.3,MODERADO,,0,0,
555907102,RECHAZADO,11,0.3,MODERADO,R004,1,0,
556005103,RECHAZADO,55,0.3,MODERADO,R001|R004|R012,3,1,
556105102,RECHAZADO,22,0.3,MODERADO,R004|R012,2,1,
556208102,RECHAZADO,44,0.3,MODERADO,R005,1,0,
556302101,REVISION_MANUAL,60,0.3,MODERADO,R001,1,0,
556401102,RECHAZADO,23,0.3,MODERADO,R004|R012,2,1,
556504101,RECHAZADO,40,0.3,MODERADO,,0,0,
556601104,RECHAZADO,17,0.3,MODERADO,R002|R005,2,0,
556704104,RECHAZADO,30,0.3,MODERADO,R005|R010,2,0,
556818101,RECHAZADO,57,0.3,MODERADO,R005,1,0,
556919101,RECHAZADO,56,0.3,MODERADO,R001|R004|R005|R006|R010,5,0,
557004101,APROBADO,100,0.3,MODERADO,R001|R005|R012,3,1,
557113101,REVISION_MANUAL,60,0.3,MODERADO,R001,1,0,
557202102,RECHAZADO,15,0.3,MODERADO,R004,1,0,
557314101,APROBADO,96,0.3,MODERADO,R001|R005|R012,3,1,
557404102,RECHAZADO,13,0.3,MODERADO,R004,1,0,
557512102,RECHAZADO,0,0.3,MODERADO,R004|R010,2,0,
557601101,APROBADO,100,0.3,MODERADO,R001|R005|R012|R015,4,2,
557713101,RECHAZADO,40,0.3,MODERADO,,0,0,
557801101,REVISION_MANUAL,75,0.3,MODERADO,R003|R012,2,1,
557907103,RECHAZADO,16,0.3,MODERADO,R009,1,0,
558002101,APROBADO,100,0.3,MODERADO,R001|R005|R012,3,1,
558101101,RECHAZADO,42,0.3,MODERADO,R012,1,1,
558203102,RECHAZADO,54,0.3,MODERADO,R001|R004|R012,3,1,
558303102,RECHAZADO,12,0.3,MODERADO,R004,1,0,
558416101,RECHAZADO,41,0.3,MODERADO,,0,0,
558518102,RECHAZADO,13,0.3,MODERADO,R004,1,0,
558604101,REVISION_MANUAL,67,0.3,MODERADO,R001|R004|R005|R012,4,1,
558705101,RECHAZADO,26,0.3,MODERADO,R004|R012,2,1,
558802103,RECHAZADO,57,0.3,MODERADO,R001|R010,2,0,
558901101,RECHAZADO,56,0.3,MODERADO,R005,1,0,
559020102,RECHAZADO,30,0.3,MODERADO,,0,0,
559101101,APROBADO,96,0.3,MODERADO,R001|R005|R012,3,1,
559201102,RECHAZADO,23,0.3,MODERADO,R004|R012,2,1,
559317101,RECHAZADO,39,0.3,MODERADO,R012,1,1,
559405102,RECHAZADO,23,0.3,MODERADO,R004|R012,2,1,
559509101,RECHAZADO,13,0.3,MODERADO,R004,1,0,
559604101,RECHAZADO,25,0.3,MODERADO,R004|R005,2,0,
559709103,RECHAZADO,28,0.3,MODERADO,,0,0,
559802102,RECHAZADO,50,0.3,MODERADO,R012,1,1,
559902103,RECHAZADO,23,0.3,MODERADO,R009,1,0,
560020101,RECHAZADO,46,0.3,MODERADO,R005,1,0,
560105101,RECHAZADO,52,0.3,MODERADO,R001|R004|R012,3,1,
560205101,RECHAZADO,41,0.3,MODERADO,R012,1,1,
560305105,APROBADO,100,0.3,MODERADO,R001|R005|R012,3,1,
560419102,APROBADO,91,0.3,MODERADO,R005|R012|R015,3,2,
560509101,RECHAZADO,55,0.3,MODERADO,R005|R012,2,1,
560611103,RECHAZADO,39,0.3,MODERADO,,0,0,
560705103,RECHAZADO,57,0.3,MODERADO,R005|R012,2,1,
560804101,APROBADO,100,0.3,MODERADO,R001|R005|R012,3,1,
560904101,APROBADO,100,0.3,MODERADO,R001|R005|R012|R015,4,2,
561005105,RECHAZADO,0,0.3,MODERADO,R002|R009,2,0,
561101101,REVISION_MANUAL,75,0.3,MODERADO,R005|R012|R015,3,2,
561205101,APROBADO,100,0.3,MODERADO,R001|R005|R012|R015,4,2,
561303101,APROBADO,84,0.3,MODERADO,R005|R012|R015,3,2,
561418102,RECHAZADO,12,0.3,MODERADO,R004,1,0,
561518101,APROBADO,95,0.3,MODERADO,R001|R005|R012,3,1,
561603101,REVISION_MANUAL,69,0.3,MODERADO,R005|R012,2,1,
561702101,APROBADO,100,0.3,MODERADO,R001|R003|R005|R012|R015,5,2,
561819101,RECHAZADO,29,0.3,MODERADO,,0,0,
561905102,APROBADO,100,0.3,MODERADO,R001|R005|R012|R015,4,2,
562004101,RECHAZADO,26,0.3,MODERADO,R004|R005,2,0,
562103101,RECHAZADO,44,0.3,MODERADO,R005,1,0,
562201103,RECHAZADO,50,0.3,MODERADO,R012,1,1,
562312103,RECHAZADO,22,0.3,MODERADO,R004|R012,2,1,
562414101,REVISION_MANUAL,69,0.3,MODERADO,R005|R012,2,1,
562503101,APROBADO,86,0.3,MODERADO,R001|R005,2,0,
562604105,RECHAZADO,20,0.3,MODERADO,R004|R012,2,1,
562705103,RECHAZADO,37,0.3,MODERADO,R010|R012,2,1,
562812102,RECHAZADO,29,0.3,MODERADO,,0,0,
562902103,RECHAZADO,48,0.3,MODERADO,R012,1,1,
563008102,RECHAZADO,0,0.3,MODERADO,R002|R004|R005,3,0,
563106102,RECHAZADO,0,0.3,MODERADO,R004|R009,2,0,
563213103,REVISION_MANUAL,71,0.3,MODERADO,R001|R010|R012,3,1,
563303102,RECHAZADO,54,0.3,MODERADO,R012,1,1,
563411103,RECHAZADO,53,0.3,MODERADO,R012,1,1,
563504101,RECHAZADO,28,0.3,MODERADO,,0,0,
563612101,RECHAZADO,45,0.3,MODERADO,R005,1,0,
563703102,RECHAZADO,39,0.3,MODERADO,,0,0,
563801102,RECHAZADO,43,0.3,MODERADO,R001|R004,2,0,
563918102,RECHAZADO,22,0.3,MODERADO,R004|R012,2,1,
564017102,APROBADO,87,0.3,MODERADO,R001|R005|R012,3,1,
564105101,APROBADO,100,0.3,MODERADO,R001|R003|R005|R012|R015,5,2,
564204102,RECHAZADO,54,0.3,MODERADO,R001|R004|R012,3,1,
564308101,APROBADO,95,0.3,MODERADO,R001|R005|R012,3,1,
564402101,RECHAZADO,11,0.3,MODERADO,R004,1,0,
564505102,RECHAZADO,37,0.3,MODERADO,,0,0,
564601102,RECHAZADO,38,0.3,MODERADO,,0,0,
564703101,RECHAZADO,45,0.3,MODERADO,R005,1,0,
564803101,APROBADO,89,0.3,MODERADO,R001|R005|R012,3,1,
564901101,RECHAZADO,29,0.3,MODERADO,R004|R012,2,1,
565018101,RECHAZADO,41,0.3,MODERADO,,0,0,
565106101,APROBADO,100,0.3,MODERADO,R001|R005|R012|R015,4,2,
565202102,APROBADO,83,0.3,MODERADO,R001|R012,2,1,
565301104,RECHAZADO,39,0.3,MODERADO,,0,0,
565413102,RECHAZADO,11,0.3,MODERADO,R004|R009|R012,3,1,
565513101,RECHAZADO,48,0.3,MODERADO,R005,1,0,
565613101,REVISION_MANUAL,60,0.3,MODERADO,R001,1,0,
565705102,RECHAZADO,37,0.3,MODERADO,R004|R005|R012,3,1,
565804102,RECHAZADO,27,0.3,MODERADO,,0,0,
565910102,REVISION_MANUAL,77,0.3,MODERADO,R001|R005,2,0,
566010101,RECHAZADO,30,0.3,MODERADO,R005|R010,2,0,
566102104,APROBADO,82,0.3,MODERADO,R001|R012,2,1,
566204101,RECHAZADO,37,0.3,MODERADO,,0,0,
566309101,RECHAZADO,28,0.3,MODERADO,R004|R005,2,0,
566403103,RECHAZADO,3,0.3,MODERADO,R002,1,0,
566505103,RECHAZADO,0,0.3,MODERADO,R004|R009,2,0,
566605102,RECHAZADO,28,0.3,MODERADO,,0,0,
566703102,RECHAZADO,40,0.3,MODERADO,R004|R005|R012,3,1,
566803102,RECHAZADO,25,0.3,MODERADO,R004|R005,2,0,
566905101,RECHAZADO,27,0.3,MODERADO,R002,1,0,
567004102,RECHAZADO,28,0.3,MODERADO,R004|R005,2,0,
567116101,REVISION_MANUAL,72,0.3,MODERADO,R001|R005|R010,3,0,
567215102,RECHAZADO,11,0.3,MODERADO,R004,1,0,
567303102,APROBADO,100,0.3,MODERADO,R001|R005|R012,3,1,
567404102,RECHAZADO,56,0.3,MODERADO,R005,1,0,
567503101,APROBADO,93,0.3,MODERADO,R001|R012,2,1,
567603101,RECHAZADO,45,0.3,MODERADO,R005,1,0,
567707102,RECHAZADO,30,0.3,MODERADO,,0,0,
567806103,RECHAZADO,52,0.3,MODERADO,R012,1,1,
567903103,RECHAZADO,2,0.3,MODERADO,R002,1,0,
568002101,RECHAZADO,55,0.3,MODERADO,R012,1,1,
568109101,RECHAZADO,12,0.3,MODERADO,R004,1,0,
568202103,RECHAZADO,42,0.3,MODERADO,,0,0,
568304102,RECHAZADO,8,0.3,MODERADO,R004|R009|R012,3,1,
568405102,APROBADO,100,0.3,MODERADO,R001|R005|R012,3,1,
568501101,RECHAZADO,49,0.3,MODERADO,R012,1,1,
568605101,RECHAZADO,40,0.3,MODERADO,,0,0,
568705101,RECHAZADO,0,0.3,MODERADO,R004|R010,2,0,
568804104,APROBADO,85,0.3,MODERADO,R001|R012,2,1,
568901102,RECHAZADO,43,0.3,MODERADO,,0,0,
569001101,APROBADO,88,0.3,MODERADO,R001|R005|R006,3,0,
569101102,REVISION_MANUAL,60,0.3,MODERADO,R001,1,0,
569220102,RECHAZADO,40,0.3,MODERADO,R010|R012,2,1,
569302101,RECHAZADO,22,0.3,MODERADO,R004|R012,2,1,
569401101,RECHAZADO,43,0.3,MODERADO,,0,0,
569502102,RECHAZADO,26,0.3,MODERADO,R004|R005,2,0,
569617101,RECHAZADO,23,0.3,MODERADO,R002|R005,2,0,
569703103,RECHAZADO,10,0.3,MODERADO,R004|R009|R012,3,1,
569819102,RECHAZADO,10,0.3,MODERADO,R004,1,0,
569903101,RECHAZADO,25,0.3,MODERADO,R004|R005,2,0,
570001101,REVISION_MANUAL,66,0.3,MODERADO,R001|R004|R005|R012,4,1,
570104101,RECHAZADO,44,0.3,MODERADO,R005,1,0,
570204101,RECHAZADO,35,0.3,MODERADO,R002|R005|R015,3,1,
570312102,RECHAZADO,26,0.3,MODERADO,R004|R005,2,0,
570405103,RECHAZADO,8,0.3,MODERADO,R004|R009|R012,3,1,
570501102,APROBADO,100,0.3,MODERADO,R001|R005|R012,3,1,
570603102,APROBADO,87,0.3,MODERADO,R001|R005|R006,3,0,
570703102,RECHAZADO,0,0.3,MODERADO,R002|R004|R005,3,0,
570804101,RECHAZADO,28,0.3,MODERADO,R004|R005,2,0,
570902102,RECHAZADO,13,0.3,MODERADO,R004,1,0,
571005103,RECHAZADO,22,0.3,MODERADO,R002|R005,2,0,
571101101,RECHAZADO,28,0.3,MODERADO,R004|R005,2,0,
571204101,RECHAZADO,53,0.3,MODERADO,R012,1,1,
571315101,RECHAZADO,52,0.3,MODERADO,R012,1,1,
571405101,APROBADO,81,0.3,MODERADO,R001|R012,2,1,
571503101,RECHAZADO,56,0.3,MODERADO,R005,1,0,
571601101,RECHAZADO,26,0.3,MODERADO,R004|R012,2,1,
571702101,REVISION_MANUAL,72,0.3,MODERADO,R012,1,1,
571801104,APROBADO,100,0.3,MODERADO,R001|R005|R012,3,1,
571905102,RECHAZADO,10,0.3,MODERADO,R004,1,0,
572017102,RECHAZADO,30,0.3,MODERADO,,0,0,
572103102,APROBADO,80,0.3,MODERADO,R001|R012,2,1,
572202102,APROBADO,86,0.3,MODERADO,R001|R005|R010|R012,4,1,
572316101,RECHAZADO,29,0.3,MODERADO,R004|R005,2,0,
572401101,APROBADO,86,0.3,MODERADO,R001|R005|R012,3,1,
572511102,RECHAZADO,11,0.3,MODERADO,R004,1,0,
572602101,RECHAZADO,52,0.3,MODERADO,R002|R003|R005,3,0,
572701104,RECHAZADO,50,0.3,MODERADO,R012,1,1,
572808103,RECHAZADO,27,0.3,MODERADO,,0,0,
572906103,REVISION_MANUAL,66,0.3,MODERADO,R012,1,1,
573010103,RECHAZADO,26,0.3,MODERADO,R009,1,0,
573107101,RECHAZADO,10,0.3,MODERADO,R004,1,0,
573204101,RECHAZADO,42,0.3,MODERADO,R005,1,0,
573302101,APROBADO,83,0.3,MODERADO,R001|R012,2,1,
573408104,RECHAZADO,6,0.3,MODERADO,R002,1,0,
573519103,RECHAZADO,0,0.3,MODERADO,R004|R010,2,0,
573604101,APROBADO,82,0.3,MODERADO,R001|R012,2,1,
573701101,APROBADO,100,0.3,MODERADO,R001|R005|R012,3,1,
573819103,RECHAZADO,39,0.3,MODERADO,,0,0,
573904101,APROBADO,100,0.3,MODERADO,R001|R003|R005|R015,4,1,
574005101,REVISION_MANUAL,68,0.3,MODERADO,R001|R004|R005|R012,4,1,
574119102,RECHAZADO,39,0.3,MODERADO,,0,0,
574203101,APROBADO,92,0.3,MODERADO,R001|R012,2,1,
574301102,REVISION_MANUAL,77,0.3,MODERADO,R001|R012,2,1,
574419102,RECHAZADO,12,0.3,MODERADO,R004,1,0,
574502102,RECHAZADO,6,0.3,MODERADO,R002,1,0,
574603102,RECHAZADO,25,0.3,MODERADO,R002|R005,2,0,
574717103,RECHAZADO,20,0.3,MODERADO,R004|R012,2,1,
574802101,REVISION_MANUAL,64,0.3,MODERADO,R012,1,1,
574903101,RECHAZADO,55,0.3,MODERADO,R012,1,1,
575003102,RECHAZADO,15,0.3,MODERADO,R004,1,0,
575105102,RECHAZADO,12,0.3,MODERADO,R004,1,0,
575201102,REVISION_MANUAL,74,0.3,MODERADO,R001|R006,2,0,
575320102,APROBADO,87,0.3,MODERADO,R001|R005|R012,3,1,
575401102,RECHAZADO,10,0.3,MODERADO,R004,1,0,
575517103,RECHAZADO,29,0.3,MODERADO,,0,0,
575601102,APROBADO,85,0.3,MODERADO,R001|R012,2,1,
575705101,RECHAZADO,45,0.3,MODERADO,R005,1,0,
575806108,RECHAZADO,0,0.3,MODERADO,R004|R009|R010,3,0,
575904101,RECHAZADO,12,0.3,MODERADO,R002,1,0,
576004101,APROBADO,97,0.3,MODERADO,R001|R005|R012,3,1,
576101104,RECHAZADO,39,0.3,MODERADO,R001|R004|R006|R009|R010|R012,6,1,
576211101,APROBADO,96,0.3,MODERADO,R001|R005|R012,3,1,
576302101,RECHAZADO,0,0.3,MODERADO,R002,1,0,
576402102,RECHAZADO,24,0.3,MODERADO,R004|R012,2,1,
576504101,RECHAZADO,28,0.3,MODERADO,,0,0,
576605102,RECHAZADO,6,0.3,MODERADO,R002,1,0,
576705103,APROBADO,82,0.3,MODERADO,R001|R012,2,1,
576801104,REVISION_MANUAL,70,0.3,MODERADO,R001|R009|R012,3,1,
576917102,RECHAZADO,13,0.3,MODERADO,R004,1,0,
577003101,APROBADO,95,0.3,MODERADO,R001|R005|R012,3,1,
577104101,APROBADO,85,0.3,MODERADO,R001|R012,2,1,
577203101,APROBADO,90,0.3,MODERADO,R001|R012,2,1,
577316108,RECHAZADO,15,0.3,MODERADO,R010,1,0,
577404101,APROBADO,82,0.3,MODERADO,R001|R012,2,1,
577504101,RECHAZADO,51,0.3,MODERADO,R012,1,1,
577601102,RECHAZADO,0,0.3,MODERADO,R004|R010,2,0,
577705101,RECHAZADO,13,0.3,MODERADO,R004,1,0,
577801102,RECHAZADO,43,0.3,MODERADO,R012,1,1,
577914102,APROBADO,82,0.3,MODERADO,R001|R005,2,0,
578004101,REVISION_MANUAL,67,0.3,MODERADO,R005|R012,2,1,
578004201,APROBADO,82,0.3,MODERADO,R001|R012,2,1,
578004301,REVISION_MANUAL,78,0.3,MODERADO,R001|R012,2,1,
578113101,RECHAZADO,28,0.3,MODERADO,R004|R005,2,0,
578205101,APROBADO,85,0.3,MODERADO,R001|R005,2,0,
578315102,RECHAZADO,22,0.3,MODERADO,R004|R012,2,1,
578419102,RECHAZADO,16,0.3,MODERADO,R009,1,0,
578502101,RECHAZADO,55,0.3,MODERADO,R005,1,0,
578604101,RECHAZADO,57,0.3,MODERADO,R012,1,1,
578702102,RECHAZADO,23,0.3,MODERADO,R004|R012,2,1,
578819101,RECHAZADO,35,0.3,MODERADO,R002|R005|R006,3,0,
578902101,RECHAZADO,45,0.3,MODERADO,R005,1,0,
579001102,APROBADO,81,0.3,MODERADO,R001|R012,2,1,
579105101,RECHAZADO,44,0.3,MODERADO,R005,1,0,
579204102,REVISION_MANUAL,62,0.3,MODERADO,R012,1,1,
579305102,RECHAZADO,23,0.3,MODERADO,R004|R012,2,1,
579403101,RECHAZADO,31,0.3,MODERADO,,0,0,
579502102,RECHAZADO,28,0.3,MODERADO,R009|R012,2,1,
579603101,APROBADO,94,0.3,MODERADO,R001|R012,2,1,
579712104,RECHAZADO,0,0.3,MODERADO,R004|R009,2,0,
579804101,APROBADO,100,0.3,MODERADO,R001|R005|R012,3,1,
579904101,RECHAZADO,47,0.3,MODERADO,R005,1,0,
580005102,RECHAZADO,0,0.3,MODERADO,R002|R004|R005,3,0,
580112102,RECHAZADO,40,0.3,MODERADO,,0,0,
580203101,APROBADO,100,0.3,MODERADO,R001|R003|R012,3,1,
580303101,REVISION_MANUAL,68,0.3,MODERADO,R005|R012,2,1,
580303201,REVISION_MANUAL,68,0.3,MODERADO,R001|R004|R005|R012,4,1,
580403101,REVISION_MANUAL,74,0.3,MODERADO,R003|R012,2,1,
580504102,RECHAZADO,0,0.3,MODERADO,R002|R004|R010,3,0,
580604105,RECHAZADO,57,0.3,MODERADO,R001|R010,2,0,
580704101,REVISION_MANUAL,68,0.3,MODERADO,R001|R004|R005|R012,4,1,
580806102,RECHAZADO,10,0.3,MODERADO,R004,1,0,
580918101,APROBADO,83,0.3,MODERADO,R001|R012,2,1,
581005101,RECHAZADO,12,0.3,MODERADO,R004|R005|R010,3,0,
581102103,APROBADO,89,0.3,MODERADO,R001|R012,2,1,
581218101,APROBADO,100,0.3,MODERADO,R001|R005|R012|R015,4,2,
581305101,RECHAZADO,20,0.3,MODERADO,R002|R005,2,0,
581403102,APROBADO,100,0.3,MODERADO,R001|R005|R012|R015,4,2,
581504101,APROBADO,100,0.3,MODERADO,R001|R005|R012|R015,4,2,
581614101,REVISION_MANUAL,65,0.3,MODERADO,R005|R012,2,1,
581702101,RECHAZADO,27,0.3,MODERADO,R004|R005,2,0,
581805101,RECHAZADO,41,0.3,MODERADO,,0,0,
581910101,RECHAZADO,28,0.3,MODERADO,R004|R005,2,0,
582002102,REVISION_MANUAL,70,0.3,MODERADO,R001,1,0,
582103101,RECHAZADO,40,0.3,MODERADO,R004|R005|R012,3,1,
582214101,RECHAZADO,43,0.3,MODERADO,R001|R004,2,0,
582303104,RECHAZADO,38,0.3,MODERADO,R010|R012,2,1,
582403103,RECHAZADO,0,0.3,MODERADO,R004|R010,2,0,
582503101,RECHAZADO,13,0.3,MODERADO,R004,1,0,
582617101,RECHAZADO,30,0.3,MODERADO,R005|R010,2,0,
582705101,RECHAZADO,42,0.3,MODERADO,R001|R004|R005|R010,4,0,
582803101,REVISION_MANUAL,68,0.3,MODERADO,R001|R004|R005|R012,4,1,
582901102,RECHAZADO,49,0.3,MODERADO,R001|R004|R012,3,1,
583001101,RECHAZADO,32,0.3,MODERADO,R002|R005|R015,3,1,
583103102,REVISION_MANUAL,60,0.3,MODERADO,R001|R004|R005,3,0,
583204102,RECHAZADO,13,0.3,MODERADO,R004,1,0,
583303101,RECHAZADO,42,0.3,MODERADO,,0,0,
583401101,REVISION_MANUAL,72,0.3,MODERADO,R005|R012,2,1,
583503101,APROBADO,100,0.3,MODERADO,R001|R005|R012,3,1,
583604102,APROBADO,100,0.3,MODERADO,R001|R005|R012|R015,4,2,
583701101,REVISION_MANUAL,67,0.3,MODERADO,R005|R012,2,1,
583808103,RECHAZADO,50,0.3,MODERADO,R012,1,1,
583904103,RECHAZADO,8,0.3,MODERADO,R004|R009|R012,3,1,
584005101,RECHAZADO,5,0.3,MODERADO,R002,1,0,
584102103,RECHAZADO,58,0.3,MODERADO,R012,1,1,
584202101,RECHAZADO,30,0.3,MODERADO,,0,0,
584301102,RECHAZADO,11,0.3,MODERADO,R004,1,0,
584405101,REVISION_MANUAL,65,0.3,MODERADO,R005|R012,2,1,
584501101,REVISION_MANUAL,65,0.3,MODERADO,R003,1,0,
584620102,RECHAZADO,33,0.3,MODERADO,R002|R005|R006,3,0,
584702101,RECHAZADO,28,0.3,MODERADO,R004|R005,2,0,
584813102,RECHAZADO,12,0.3,MODERADO,R004,1,0,
584902102,REVISION_MANUAL,70,0.3,MODERADO,R001,1,0,
585004101,APROBADO,100,0.3,MODERADO,R001|R005|R012|R015,4,2,
585004201,RECHAZADO,54,0.3,MODERADO,R012,1,1,
585106101,APROBADO,80,0.3,MODERADO,R001|R012,2,1,
585220101,RECHAZADO,40,0.3,MODERADO,R005|R010,2,0,
585303101,RECHAZADO,57,0.3,MODERADO,R012,1,1,
585403101,APROBADO,82,0.3,MODERADO,R001|R012,2,1,
585502102,RECHAZADO,29,0.3,MODERADO,,0,0,
585601101,APROBADO,100,0.3,MODERADO,R001|R005|R012,3,1,
585704101,RECHAZADO,52,0.3,MODERADO,R012,1,1,
585801103,RECHAZADO,3,0.3,MODERADO,R002,1,0,
585904101,APROBADO,100,0.3,MODERADO,R001|R005|R012,3,1,
586005103,REVISION_MANUAL,65,0.3,MODERADO,R001|R010|R012,3,1,
586110102,RECHAZADO,12,0.3,MODERADO,R004,1,0,
586202101,RECHAZADO,58,0.3,MODERADO,R001|R004|R005,3,0,
586305103,RECHAZADO,0,0.3,MODERADO,R004|R009,2,0,
586404102,APROBADO,100,0.3,MODERADO,R001|R003|R005|R012|R015,5,2,
586506102,RECHAZADO,12,0.3,MODERADO,R004,1,0,
586601102,APROBADO,96,0.3,MODERADO,R001|R005|R015,3,1,
586703102,RECHAZADO,15,0.3,MODERADO,R004,1,0,
586804102,RECHAZADO,39,0.3,MODERADO,,0,0,
586902101,RECHAZADO,39,0.3,MODERADO,R004|R005|R012,3,1,
587001102,RECHAZADO,13,0.3,MODERADO,R004,1,0,
587103103,RECHAZADO,27,0.3,MODERADO,R010,1,0,
587201102,RECHAZADO,12,0.3,MODERADO,R004,1,0,
587305101,RECHAZADO,51,0.3,MODERADO,R012,1,1,
587403101,RECHAZADO,56,0.3,MODERADO,R005|R012,2,1,
587501101,RECHAZADO,28,0.3,MODERADO,R004|R005,2,0,
587604101,APROBADO,100,0.3,MODERADO,R001|R005|R012,3,1,
587705101,RECHAZADO,57,0.3,MODERADO,R012,1,1,
587820102,RECHAZADO,54,0.3,MODERADO,R005,1,0,
587915103,APROBADO,89,0.3,MODERADO,R001|R012,2,1,
588012101,REVISION_MANUAL,65,0.3,MODERADO,R005|R012,2,1,
588101101,APROBADO,87,0.3,MODERADO,R001|R012,2,1,
588202101,APROBADO,88,0.3,MODERADO,R001|R005,2,0,
588304101,REVISION_MANUAL,75,0.3,MODERADO,R001|R012,2,1,
588403101,APROBADO,82,0.3,MODERADO,R001|R005|R010|R012,4,1,
588516103,RECHAZADO,37,0.3,MODERADO,R001|R004|R010|R012,4,1,
588605101,RECHAZADO,51,0.3,MODERADO,R012,1,1,
588704101,REVISION_MANUAL,68,0.3,MODERADO,R001|R004|R005|R012,4,1,
588802101,RECHAZADO,43,0.3,MODERADO,R012,1,1,
588918102,REVISION_MANUAL,68,0.3,MODERADO,R005|R012,2,1,
589001102,RECHAZADO,11,0.3,MODERADO,R002,1,0,
589107103,REVISION_MANUAL,79,0.3,MODERADO,R001|R012,2,1,
589217103,APROBADO,90,0.3,MODERADO,R001|R012,2,1,
589320101,RECHAZADO,57,0.3,MODERADO,R001|R004|R005,3,0,
589403102,RECHAZADO,58,0.3,MODERADO,R001|R009,2,0,
589501101,APROBADO,81,0.3,MODERADO,R001|R012,2,1,
589605101,APROBADO,94,0.3,MODERADO,R001|R005|R012,3,1,
589710102,RECHAZADO,0,0.3,MODERADO,R002,1,0,
589818102,RECHAZADO,32,0.3,MODERADO,,0,0,
589905101,RECHAZADO,38,0.3,MODERADO,R004|R005|R012,3,1,
590003101,RECHAZADO,28,0.3,MODERADO,R004|R005,2,0,
590119101,RECHAZADO,52,0.3,MODERADO,R012,1,1,
590216102,RECHAZADO,0,0.3,MODERADO,R004|R010,2,0,
590302101,REVISION_MANUAL,71,0.3,MODERADO,R001|R004|R005|R006,4,0,
590411102,RECHAZADO,57,0.3,MODERADO,R001|R004|R006,3,0,
590503102,RECHAZADO,8,0.3,MODERADO,R004,1,0,
590613101,RECHAZADO,46,0.3,MODERADO,R005,1,0,
590716101,RECHAZADO,0,0.3,MODERADO,R002|R004,2,0,
590807101,RECHAZADO,45,0.3,MODERADO,R005,1,0,
590905101,RECHAZADO,24,0.3,MODERADO,R004|R012,2,1,
591017102,RECHAZADO,44,0.3,MODERADO,R005,1,0,
591103101,RECHAZADO,27,0.3,MODERADO,R002|R005,2,0,
591209103,RECHAZADO,10,0.3,MODERADO,R004,1,0,
591304101,RECHAZADO,42,0.3,MODERADO,R005|R010,2,0,
591404102,RECHAZADO,53,0.3,MODERADO,R012,1,1,
591511101,APROBADO,96,0.3,MODERADO,R003|R005|R012|R015,4,2,
591601102,RECHAZADO,55,0.3,MODERADO,R012,1,1,
591705103,RECHAZADO,17,0.3,MODERADO,R002|R006,2,0,
591803101,RECHAZADO,38,0.3,MODERADO,,0,0,
591905104,APROBADO,100,0.3,MODERADO,R001|R005|R012,3,1,
592004101,RECHAZADO,30,0.3,MODERADO,,0,0,
592101103,APROBADO,96,0.3,MODERADO,R001|R005|R012,3,1,
592202103,REVISION_MANUAL,71,0.3,MODERADO,R001|R010|R012,3,1,
592303102,RECHAZADO,57,0.3,MODERADO,R012,1,1,
592415101,REVISION_MANUAL,72,0.3,MODERADO,R001|R005|R010,3,0,
592517101,RECHAZADO,49,0.3,MODERADO,R012,1,1,
592601101,RECHAZADO,38,0.3,MODERADO,R010|R012,2,1,
592701102,RECHAZADO,50,0.3,MODERADO,R012,1,1,
592803103,RECHAZADO,0,0.3,MODERADO,R004|R009,2,0,
592906103,RECHAZADO,0,0.3,MODERADO,R004|R010,2,0,
593002103,REVISION_MANUAL,67,0.3,MODERADO,R001|R010|R012,3,1,
593101102,RECHAZADO,51,0.3,MODERADO,R012,1,1,
593204101,RECHAZADO,30,0.3,MODERADO,R004|R005,2,0,
593316101,REVISION_MANUAL,72,0.3,MODERADO,R001|R005,2,0,
593401101,RECHAZADO,27,0.3,MODERADO,R004|R012,2,1,
593514102,RECHAZADO,0,0.3,MODERADO,R002|R004,2,0,
593602103,RECHAZADO,39,0.3,MODERADO,,0,0,
593711101,RECHAZADO,45,0.3,MODERADO,R005,1,0,
593809103,RECHAZADO,38,0.3,MODERADO,,0,0,
593903102,RECHAZADO,36,0.3,MODERADO,R004|R005|R012,3,1,
594003104,RECHAZADO,53,0.3,MODERADO,R012,1,1,
594103101,REVISION_MANUAL,64,0.3,MODERADO,R005|R015,2,1,
594202102,RECHAZADO,28,0.3,MODERADO,,0,0,
594318101,REVISION_MANUAL,71,0.3,MODERADO,R001,1,0,
594414101,RECHAZADO,46,0.3,MODERADO,R005,1,0,
594510102,RECHAZADO,43,0.3,MODERADO,,0,0,
594605101,RECHAZADO,27,0.3,MODERADO,R010|R012,2,1,
594703102,RECHAZADO,27,0.3,MODERADO,R004|R005,2,0,
594811103,RECHAZADO,13,0.3,MODERADO,R004,1,0,
594903102,RECHAZADO,7,0.3,MODERADO,R002|R004|R005|R006,4,0,
595001101,REVISION_MANUAL,68,0.3,MODERADO,R001|R012,2,1,
595101102,RECHAZADO,36,0.3,MODERADO,,0,0,
595208101,APROBADO,85,0.3,MODERADO,R001|R012,2,1,
595304101,RECHAZADO,9,0.3,MODERADO,R002|R005,2,0,
595403101,RECHAZADO,45,0.3,MODERADO,R005,1,0,
595504101,APROBADO,93,0.3,MODERADO,R001|R012,2,1,
595613104,APROBADO,80,0.3,MODERADO,R001|R012,2,1,
595708103,RECHAZADO,41,0.3,MODERADO,,0,0,
595801102,RECHAZADO,42,0.3,MODERADO,R005,1,0,
595902102,APROBADO,82,0.3,MODERADO,R001|R012,2,1,
596002101,RECHAZADO,56,0.3,MODERADO,R001|R004|R005,3,0,
596103101,APROBADO,86,0.3,MODERADO,R001|R006|R012,3,1,
596202102,RECHAZADO,19,0.3,MODERADO,R002|R005,2,0,
596310101,RECHAZADO,28,0.3,MODERADO,R004|R005,2,0,
596402102,RECHAZADO,10,0.3,MODERADO,R004|R009|R012,3,1,
596509103,RECHAZADO,43,0.3,MODERADO,R012,1,1,
596605101,RECHAZADO,40,0.3,MODERADO,R005|R010,2,0,
596707101,RECHAZADO,30,0.3,MODERADO,R004|R005,2,0,
596801102,RECHAZADO,0,0.3,MODERADO,R004|R010,2,0,
596904101,RECHAZADO,10,0.3,MODERADO,R002,1,0,
597001103,RECHAZADO,11,0.3,MODERADO,R004|R009|R012,3,1,
597114102,RECHAZADO,11,0.3,MODERADO,R004,1,0,
597205102,RECHAZADO,27,0.3,MODERADO,R004|R012,2,1,
597305103,RECHAZADO,31,0.3,MODERADO,,0,0,
597410101,RECHAZADO,26,0.3,MODERADO,R004|R005,2,0,
597509101,RECHAZADO,40,0.3,MODERADO,,0,0,
597604101,RECHAZADO,12,0.3,MODERADO,R004,1,0,
597706102,RECHAZADO,51,0.3,MODERADO,R003|R010,2,0,
597816102,RECHAZADO,12,0.3,MODERADO,R004,1,0,
597904102,RECHAZADO,2,0.3,MODERADO,R002,1,0,
598018102,REVISION_MANUAL,68,0.3,MODERADO,R001|R012,2,1,
598113101,RECHAZADO,52,0.3,MODERADO,R012,1,1,
598203105,RECHAZADO,36,0.3,MODERADO,,0,0,
598303101,RECHAZADO,57,0.3,MODERADO,R005|R012,2,1,
598403101,APROBADO,86,0.3,MODERADO,R001|R012,2,1,
598502103,RECHAZADO,27,0.3,MODERADO,R009,1,0,
598601101,RECHAZADO,0,0.3,MODERADO,R002|R004|R005,3,0,
598703103,RECHAZADO,48,0.3,MODERADO,R012,1,1,
598802103,RECHAZADO,27,0.3,MODERADO,R010,1,0,
598910103,RECHAZADO,8,0.3,MODERADO,R004|R009|R012,3,1,
599003101,RECHAZADO,45,0.3,MODERADO,R005,1,0,
599102101,RECHAZADO,23,0.3,MODERADO,R004|R005,2,0,
599203101,RECHAZADO,30,0.3,MODERADO,,0,0,
599302101,APROBADO,95,0.3,MODERADO,R001|R005|R012,3,1,
599404101,RECHAZADO,12,0.3,MODERADO,R004,1,0,
599504101,RECHAZADO,38,0.3,MODERADO,R004|R005|R012,3,1,
599617101,RECHAZADO,41,0.3,MODERADO,R001|R004|R009|R012,4,1,
599703101,RECHAZADO,45,0.3,MODERADO,R005,1,0,
599808102,RECHAZADO,10,0.3,MODERADO,R004,1,0,
599904104,RECHAZADO,27,0.3,MODERADO,R010,1,0,
600004101,RECHAZADO,26,0.3,MODERADO,R004|R012,2,1,
600105101,RECHAZADO,58,0.3,MODERADO,R001|R004|R005,3,0,
600202104,APROBADO,85,0.3,MODERADO,R001|R005,2,0,
600313101,RECHAZADO,56,0.3,MODERADO,R012,1,1,
600404101,RECHAZADO,56,0.3,MODERADO,R005|R012,2,1,
600502101,RECHAZADO,43,0.3,MODERADO,,0,0,
600603102,RECHAZADO,53,0.3,MODERADO,R005,1,0,
600705101,RECHAZADO,55,0.3,MODERADO,R012,1,1,
600804102,APROBADO,100,0.3,MODERADO,R001|R005|R012,3,1,
600901105,RECHAZADO,38,0.3,MODERADO,,0,0,
601010101,RECHAZADO,44,0.3,MODERADO,R005,1,0,
601105102,RECHAZADO,15,0.3,MODERADO,R004,1,0,
601202101,APROBADO,100,0.3,MODERADO,R001|R005|R012|R015,4,2,
601305101,APROBADO,100,0.3,MODERADO,R001|R003|R005|R012|R015,5,2,
601402101,RECHAZADO,13,0.3,MODERADO,R004,1,0,
601509102,RECHAZADO,27,0.3,MODERADO,R010,1,0,
601611101,APROBADO,97,0.3,MODERADO,R001|R005|R012,3,1,
601716101,REVISION_MANUAL,73,0.3,MODERADO,R001,1,0,
601814101,RECHAZADO,28,0.3,MODERADO,R004|R005,2,0,
601911103,RECHAZADO,13,0.3,MODERADO,R009,1,0,
602002102,RECHAZADO,51,0.3,MODERADO,R012,1,1,
602115101,RECHAZADO,28,0.3,MODERADO,R004|R005,2,0,
602204103,REVISION_MANUAL,67,0.3,MODERADO,R001,1,0,
602301101,RECHAZADO,6,0.3,MODERADO,R002,1,0,
602417103,APROBADO,84,0.3,MODERADO,R001|R012,2,1,
602501104,RECHAZADO,40,0.3,MODERADO,,0,0,
602616101,RECHAZADO,55,0.3,MODERADO,R001|R004|R005|R010|R012,5,1,
602701102,APROBADO,100,0.3,MODERADO,R001|R005|R012|R015,4,2,
602801101,RECHAZADO,43,0.3,MODERADO,R001|R004,2,0,
602801201,RECHAZADO,0,0.3,MODERADO,R002,1,0,
602901101,RECHAZADO,26,0.3,MODERADO,R004|R005,2,0,
603011102,RECHAZADO,27,0.3,MODERADO,,0,0,
603102102,RECHAZADO,38,0.3,MODERADO,,0,0,
603213101,RECHAZADO,27,0.3,MODERADO,R004|R005,2,0,
603317101,RECHAZADO,41,0.3,MODERADO,,0,0,
603410102,RECHAZADO,17,0.3,MODERADO,R010,1,0,
603518103,RECHAZADO,46,0.3,MODERADO,R001|R009,2,0,
603604102,RECHAZADO,0,0.3,MODERADO,R002|R004,2,0,
603703101,RECHAZADO,31,0.3,MODERADO,,0,0,
603802101,APROBADO,87,0.3,MODERADO,R001|R012,2,1,
603905102,RECHAZADO,53,0.3,MODERADO,R012,1,1,
604002101,APROBADO,98,0.3,MODERADO,R001|R005|R012,3,1,
604102101,RECHAZADO,0,0.3,MODERADO,R002|R004|R005,3,0,
604202102,RECHAZADO,58,0.3,MODERADO,R001|R004|R012,3,1,
604305101,RECHAZADO,28,0.3,MODERADO,R004|R005,2,0,
604420101,RECHAZADO,33,0.3,MODERADO,,0,0,
604502102,RECHAZADO,26,0.3,MODERADO,R004|R005,2,0,
604604101,REVISION_MANUAL,76,0.3,MODERADO,R001|R005,2,0,
604701102,RECHAZADO,13,0.3,MODERADO,R004,1,0,
604812101,RECHAZADO,53,0.3,MODERADO,R005,1,0,
604908102,RECHAZADO,57,0.3,MODERADO,R001|R004|R006,3,0,
605002101,RECHAZADO,43,0.3,MODERADO,,0,0,
605101101,APROBADO,100,0.3,MODERADO,R001|R005|R012,3,1,
605203101,APROBADO,85,0.3,MODERADO,R001|R012,2,1,
605305102,RECHAZADO,11,0.3,MODERADO,R004,1,0,
605417101,RECHAZADO,10,0.3,MODERADO,R002|R005,2,0,
605503101,RECHAZADO,58,0.3,MODERADO,R012,1,1,
605615102,REVISION_MANUAL,60,0.3,MODERADO,R001|R004|R005,3,0,
605705102,RECHAZADO,13,0.3,MODERADO,R004|R009|R012,3,1,
605804102,REVISION_MANUAL,70,0.3,MODERADO,R001|R006,2,0,
605904101,RECHAZADO,29,0.3,MODERADO,R002|R005|R015,3,1,
606001102,RECHAZADO,12,0.3,MODERADO,R004,1,0,
606108105,REVISION_MANUAL,77,0.3,MODERADO,R001|R012,2,1,
606201101,APROBADO,92,0.3,MODERADO,R001|R012,2,1,
606304101,RECHAZADO,31,0.3,MODERADO,,0,0,
606401102,RECHAZADO,43,0.3,MODERADO,R001|R004,2,0,
606502102,RECHAZADO,11,0.3,MODERADO,R002|R005,2,0,
606616102,RECHAZADO,12,0.3,MODERADO,R004,1,0,
606711102,RECHAZADO,34,0.3,MODERADO,R004|R005|R012,3,1,
606803101,APROBADO,85,0.3,MODERADO,R001|R005,2,0,
606919102,RECHAZADO,27,0.3,MODERADO,R010,1,0,
607005101,RECHAZADO,43,0.3,MODERADO,R005,1,0,
607105101,RECHAZADO,54,0.3,MODERADO,R005,1,0,
607201102,RECHAZADO,0,0.3,MODERADO,R002,1,0,
607306101,RECHAZADO,58,0.3,MODERADO,R001|R004|R005,3,0,
607402101,RECHAZADO,25,0.3,MODERADO,R004|R012,2,1,
607508103,RECHAZADO,38,0.3,MODERADO,R010|R012,2,1,
607604103,RECHAZADO,17,0.3,MODERADO,R010,1,0,
607711101,RECHAZADO,11,0.3,MODERADO,R004,1,0,
607820102,RECHAZADO,24,0.3,MODERADO,R004|R012,2,1,
607902101,RECHAZADO,24,0.3,MODERADO,R004|R005|R010|R012,4,1,
608012101,RECHAZADO,27,0.3,MODERADO,R004|R005,2,0,
608104102,RECHAZADO,31,0.3,MODERADO,,0,0,
608209102,RECHAZADO,27,0.3,MODERADO,R004|R005,2,0,
608305102,REVISION_MANUAL,60,0.3,MODERADO,R012,1,1,
608401101,RECHAZADO,38,0.3,MODERADO,R010|R012,2,1,
608503103,REVISION_MANUAL,66,0.3,MODERADO,R001|R010|R012,3,1,
608601101,RECHAZADO,8,0.3,MODERADO,R002|R005,2,0,
608712103,RECHAZADO,0,0.3,MODERADO,R002|R009|R010,3,0,
608802101,REVISION_MANUAL,60,0.3,MODERADO,R001|R004|R005,3,0,
608904101,APROBADO,100,0.3,MODERADO,R001|R005|R012,3,1,
609003102,RECHAZADO,53,0.3,MODERADO,R005,1,0,
609116103,RECHAZADO,38,0.3,MODERADO,,0,0,
609217101,RECHAZADO,32,0.3,MODERADO,,0,0,
609301101,RECHAZADO,37,0.3,MODERADO,R004|R005|R012,3,1,
609413102,RECHAZADO,30,0.3,MODERADO,,0,0,
609501101,APROBADO,100,0.3,MODERADO,R001|R005|R012|R015,4,2,
609613101,RECHAZADO,50,0.3,MODERADO,R012,1,1,
609705102,REVISION_MANUAL,67,0.3,MODERADO,R001|R004|R006|R012,4,1,
609819103,RECHAZADO,3,0.3,MODERADO,R009|R010,2,0,
609902101,RECHAZADO,55,0.3,MODERADO,R012,1,1,
610004102,RECHAZADO,26,0.3,MODERADO,R004|R005,2,0,
610109101,RECHAZADO,11,0.3,MODERADO,R004|R009|R012,3,1,
610217101,APROBADO,85,0.3,MODERADO,R001|R005,2,0,
610301101,RECHAZADO,0,0.3,MODERADO,R002|R004|R005,3,0,
610401101,APROBADO,100,0.3,MODERADO,R001|R003|R005|R012|R015,5,2,
610504102,REVISION_MANUAL,70,0.3,MODERADO,R001|R004|R005|R012,4,1,
610605101,RECHAZADO,44,0.3,MODERADO,R012,1,1,
610703102,RECHAZADO,22,0.3,MODERADO,R004|R012,2,1,
610703202,RECHAZADO,38,0.3,MODERADO,R001|R004,2,0,
610805101,RECHAZADO,55,0.3,MODERADO,R005,1,0,
610917101,RECHAZADO,42,0.3,MODERADO,R012,1,1,
611004101,APROBADO,83,0.3,MODERADO,R001|R005,2,0,
611103101,RECHAZADO,43,0.3,MODERADO,R005,1,0,
611205102,RECHAZADO,14,0.3,MODERADO,R002|R005,2,0,
611304103,RECHAZADO,8,0.3,MODERADO,R004|R009|R012,3,1,
611407103,RECHAZADO,35,0.3,MODERADO,R010|R012,2,1,
611506103,RECHAZADO,7,0.3,MODERADO,R004|R009|R012,3,1,
611602101,REVISION_MANUAL,72,0.3,MODERADO,R003|R012,2,1,
611718103,RECHAZADO,42,0.3,MODERADO,R012,1,1,
611803101,RECHAZADO,44,0.3,MODERADO,R012,1,1,
611905101,RECHAZADO,0,0.3,MODERADO,R002|R004,2,0,
612001102,REVISION_MANUAL,72,0.3,MODERADO,R001|R005|R009,3,0,
612102102,RECHAZADO,28,0.3,MODERADO,R004|R005,2,0,
612202101,RECHAZADO,40,0.3,MODERADO,R009|R012,2,1,
612306102,RECHAZADO,24,0.3,MODERADO,R004|R012,2,1,
612409101,RECHAZADO,40,0.3,MODERADO,R001|R004,2,0,
612502102,REVISION_MANUAL,60,0.3,MODERADO,R005|R012,2,1,
612604102,RECHAZADO,40,0.3,MODERADO,,0,0,
612711101,APROBADO,90,0.3,MODERADO,R001|R005|R006,3,0,
612803104,RECHAZADO,3,0.3,MODERADO,R002,1,0,
612901103,RECHAZADO,40,0.3,MODERADO,R001|R004|R009|R012,4,1,
613003101,APROBADO,96,0.3,MODERADO,R001|R005|R012,3,1,
613114101,RECHAZADO,35,0.3,MODERADO,R002|R005,2,0,
613215104,RECHAZADO,25,0.3,MODERADO,R009,1,0,
613304101,APROBADO,100,0.3,MODERADO,R001|R005|R012|R015,4,2,
613411101,RECHAZADO,39,0.3,MODERADO,R012,1,1,
613501102,RECHAZADO,12,0.3,MODERADO,R004,1,0,
613610101,APROBADO,86,0.3,MODERADO,R001|R012,2,1,
613703101,REVISION_MANUAL,68,0.3,MODERADO,R012,1,1,
613802101,REVISION_MANUAL,65,0.3,MODERADO,R005|R015,2,1,
613901101,REVISION_MANUAL,68,0.3,MODERADO,R001|R004|R005|R012,4,1,
614002101,RECHAZADO,31,0.3,MODERADO,,0,0,
614103102,RECHAZADO,46,0.3,MODERADO,R012,1,1,
614202101,RECHAZADO,9,0.3,MODERADO,R002,1,0,
614304102,RECHAZADO,0,0.3,MODERADO,R004|R010,2,0,
614405103,APROBADO,98,0.3,MODERADO,R001|R005|R012,3,1,
614503102,RECHAZADO,28,0.3,MODERADO,R004|R005,2,0,
614602103,RECHAZADO,26,0.3,MODERADO,R002|R005,2,0,
614702101,APROBADO,100,0.3,MODERADO,R001|R005|R012,3,1,
614802102,REVISION_MANUAL,67,0.3,MODERADO,R001|R004|R005|R012,4,1,
614915101,REVISION_MANUAL,67,0.3,MODERADO,R005|R012,2,1,
615001103,RECHAZADO,40,0.3,MODERADO,,0,0,
615104102,RECHAZADO,39,0.3,MODERADO,,0,0,
615204102,RECHAZADO,0,0.3,MODERADO,R002,1,0,
615301101,RECHAZADO,41,0.3,MODERADO,R004|R005|R012,3,1,
615404101,REVISION_MANUAL,70,0.3,MODERADO,R005|R012,2,1,
615505101,APROBADO,95,0.3,MODERADO,R001|R012,2,1,
615604101,RECHAZADO,39,0.3,MODERADO,R004|R005|R012,3,1,
615719103,REVISION_MANUAL,67,0.3,MODERADO,R001,1,0,
615805101,RECHAZADO,29,0.3,MODERADO,R004|R005|R010|R012,4,1,
615904102,APROBADO,96,0.3,MODERADO,R001|R005|R012,3,1,
616012101,RECHAZADO,30,0.3,MODERADO,,0,0,
616113101,RECHAZADO,46,0.3,MODERADO,R005,1,0,
616202102,RECHAZADO,28,0.3,MODERADO,R004|R005,2,0,
616304102,APROBADO,85,0.3,MODERADO,R001|R012,2,1,
616405105,RECHAZADO,50,0.3,MODERADO,R001|R004|R012,3,1,
616510101,RECHAZADO,23,0.3,MODERADO,R004|R005,2,0,
616618101,APROBADO,86,0.3,MODERADO,R001|R005,2,0,
616720102,RECHAZADO,52,0.3,MODERADO,R005|R010|R012,3,1,
616801104,RECHAZADO,27,0.3,MODERADO,R009|R012,2,1,
616904105,RECHAZADO,39,0.3,MODERADO,R001|R004|R010|R012,4,1,
617005102,RECHAZADO,41,0.3,MODERADO,,0,0,
617106101,REVISION_MANUAL,70,0.3,MODERADO,R001|R004|R005|R012,4,1,
617203102,RECHAZADO,50,0.3,MODERADO,R012,1,1,
617302101,APROBADO,100,0.3,MODERADO,R001|R005|R012|R015,4,2,
617419101,REVISION_MANUAL,67,0.3,MODERADO,R001|R004|R005|R012,4,1,
617506102,RECHAZADO,12,0.3,MODERADO,R004,1,0,
617605101,RECHAZADO,43,0.3,MODERADO,R004|R005|R012,3,1,
617703101,RECHAZADO,37,0.3,MODERADO,R010|R012,2,1,
617803102,RECHAZADO,17,0.3,MODERADO,R010,1,0,
617904103,RECHAZADO,15,0.3,MODERADO,R009,1,0,
618005101,RECHAZADO,26,0.3,MODERADO,R009,1,0,
618104101,RECHAZADO,52,0.3,MODERADO,R012,1,1,
618203102,RECHAZADO,58,0.3,MODERADO,R001,1,0,
618302106,RECHAZADO,17,0.3,MODERADO,R010,1,0,
618401102,APROBADO,89,0.3,MODERADO,R001|R012,2,1,
618507102,RECHAZADO,28,0.3,MODERADO,,0,0,
618602101,RECHAZADO,27,0.3,MODERADO,R010,1,0,
618713101,RECHAZADO,48,0.3,MODERADO,R012,1,1,
618810101,RECHAZADO,28,0.3,MODERADO,R004|R005,2,0,
618901103,RECHAZADO,43,0.3,MODERADO,R001|R004,2,0,
619019101,RECHAZADO,22,0.3,MODERADO,R002|R005,2,0,
619103101,RECHAZADO,20,0.3,MODERADO,R004|R012,2,1,
619205105,RECHAZADO,50,0.3,MODERADO,R012,1,1,
619313103,RECHAZADO,58,0.3,MODERADO,R012,1,1,
619402102,RECHAZADO,29,0.3,MODERADO,,0,0,
619504101,APROBADO,86,0.3,MODERADO,R001|R005|R012,3,1,
619602101,RECHAZADO,53,0.3,MODERADO,R001|R004|R012,3,1,
619701101,APROBADO,90,0.3,MODERADO,R001|R012,2,1,
619803102,RECHAZADO,15,0.3,MODERADO,R004,1,0,
619803201,RECHAZADO,0,0.3,MODERADO,R004|R009,2,0,
619903102,RECHAZADO,8,0.3,MODERADO,R002,1,0,
620001101,RECHAZADO,13,0.3,MODERADO,R004,1,0,
620105102,APROBADO,93,0.3,MODERADO,R001|R012,2,1,
620205102,RECHAZADO,40,0.3,MODERADO,,0,0,
620307101,REVISION_MANUAL,72,0.3,MODERADO,R001|R005,2,0,
620402104,REVISION_MANUAL,68,0.3,MODERADO,R001|R010|R012,3,1,
620501101,APROBADO,100,0.3,MODERADO,R001|R005|R012|R015,4,2,
620612101,RECHAZADO,54,0.3,MODERADO,R012,1,1,
620704101,APROBADO,100,0.3,MODERADO,R001|R005|R012,3,1,
620813101,APROBADO,83,0.3,MODERADO,R001|R005,2,0,
620903101,APROBADO,90,0.3,MODERADO,R001|R005|R012,3,1,
621003102,REVISION_MANUAL,69,0.3,MODERADO,R001,1,0,
621117101,RECHAZADO,25,0.3,MODERADO,R004|R012,2,1,
621201101,RECHAZADO,41,0.3,MODERADO,R002|R003,2,0,
621304104,APROBADO,83,0.3,MODERADO,R001|R012,2,1,
621415101,RECHAZADO,43,0.3,MODERADO,R005,1,0,
621518102,RECHAZADO,52,0.3,MODERADO,R012,1,1,
621618101,RECHAZADO,50,0.3,MODERADO,R002|R005|R015,3,1,
621706102,RECHAZADO,13,0.3,MODERADO,R004,1,0,
621803101,REVISION_MANUAL,66,0.3,MODERADO,R001,1,0,
621904101,APROBADO,100,0.3,MODERADO,R001|R005|R012,3,1,
622001102,RECHAZADO,11,0.3,MODERADO,R004,1,0,
622110104,RECHAZADO,43,0.3,MODERADO,R001|R009,2,0,
622204101,REVISION_MANUAL,76,0.3,MODERADO,R001|R005,2,0,
622312102,REVISION_MANUAL,60,0.3,MODERADO,R001,1,0,
622312201,RECHAZADO,45,0.3,MODERADO,R005,1,0,
622420101,RECHAZADO,56,0.3,MODERADO,R005|R012,2,1,
622503102,REVISION_MANUAL,71,0.3,MODERADO,R001|R006,2,0,
622619101,RECHAZADO,28,0.3,MODERADO,R004|R005,2,0,
622713101,RECHAZADO,26,0.3,MODERADO,R004|R005,2,0,
622801102,REVISION_MANUAL,61,0.3,MODERADO,R001,1,0,
622904102,RECHAZADO,43,0.3,MODERADO,,0,0,
622904201,APROBADO,85,0.3,MODERADO,R005|R012|R015,3,2,
623001102,RECHAZADO,39,0.3,MODERADO,R012,1,1,
623115101,APROBADO,100,0.3,MODERADO,R001|R005|R012,3,1,
623201102,RECHAZADO,10,0.3,MODERADO,R004,1,0,
623304102,RECHAZADO,24,0.3,MODERADO,R004|R012,2,1,
623405101,APROBADO,87,0.3,MODERADO,R001|R012,2,1,
623504101,APROBADO,99,0.3,MODERADO,R001|R005|R010|R012,4,1,
623602101,REVISION_MANUAL,71,0.3,MODERADO,R001|R012,2,1,
623714102,REVISION_MANUAL,72,0.3,MODERADO,R001|R006,2,0,
623802102,RECHAZADO,41,0.3,MODERADO,R001|R004,2,0,
623904101,RECHAZADO,28,0.3,MODERADO,R004|R005,2,0,
624001101,RECHAZADO,28,0.3,MODERADO,R004|R005,2,0,
624103102,RECHAZADO,15,0.3,MODERADO,R002,1,0,
624202101,RECHAZADO,10,0.3,MODERADO,R002|R005,2,0,
624313101,REVISION_MANUAL,72,0.3,MODERADO,R012,1,1,
624405101,RECHAZADO,45,0.3,MODERADO,R005,1,0,
624520102,RECHAZADO,0,0.3,MODERADO,R002|R004,2,0,
624605102,RECHAZADO,26,0.3,MODERADO,R004|R005,2,0,
624702101,APROBADO,100,0.3,MODERADO,R001|R005|R012,3,1,
624805101,APROBADO,100,0.3,MODERADO,R001|R012,2,1,
624901101,RECHAZADO,55,0.3,MODERADO,R012,1,1,
625003101,RECHAZADO,51,0.3,MODERADO,R012,1,1,
625114104,RECHAZADO,27,0.3,MODERADO,,0,0,
625203101,RECHAZADO,39,0.3,MODERADO,,0,0,
625315102,RECHAZADO,41,0.3,MODERADO,,0,0,
625413101,RECHAZADO,40,0.3,MODERADO,,0,0,
625504102,RECHAZADO,52,0.3,MODERADO,R001|R004|R012,3,1,
625603102,RECHAZADO,53,0.3,MODERADO,R012,1,1,
625704101,RECHAZADO,44,0.3,MODERADO,R005,1,0,
625820102,RECHAZADO,13,0.3,MODERADO,R004,1,0,
625904101,REVISION_MANUAL,70,0.3,MODERADO,R005|R012,2,1,
626002101,REVISION_MANUAL,65,0.3,MODERADO,R005|R012,2,1,
626102101,RECHAZADO,45,0.3,MODERADO,R005,1,0,
626203103,APROBADO,100,0.3,MODERADO,R001|R012,2,1,
626301101,RECHAZADO,43,0.3,MODERADO,R001|R004,2,0,
626402101,RECHAZADO,55,0.3,MODERADO,R012,1,1,
626503101,REVISION_MANUAL,70,0.3,MODERADO,R005|R012,2,1,
626605102,RECHAZADO,28,0.3,MODERADO,R004|R005,2,0,
626703101,REVISION_MANUAL,71,0.3,MODERADO,R005|R012,2,1,
626803102,RECHAZADO,26,0.3,MODERADO,R004|R005,2,0,
626905102,RECHAZADO,54,0.3,MODERADO,R001|R004|R005|R010|R012,5,1,
627002102,RECHAZADO,7,0.3,MODERADO,R002|R006,2,0,
627115102,RECHAZADO,10,0.3,MODERADO,R004,1,0,
627219103,RECHAZADO,6,0.3,MODERADO,R002,1,0,
627304102,RECHAZADO,0,0.3,MODERADO,R002|R004|R005,3,0,
627405103,RECHAZADO,57,0.3,MODERADO,R012,1,1,
627503102,RECHAZADO,0,0.3,MODERADO,R004|R010,2,0,
627603102,RECHAZADO,22,0.3,MODERADO,R004|R012,2,1,
627704101,APROBADO,86,0.3,MODERADO,R001|R012,2,1,
627805102,RECHAZADO,45,0.3,MODERADO,R012,1,1,
627919101,RECHAZADO,26,0.3,MODERADO,R004|R005,2,0,
628001101,RECHAZADO,31,0.3,MODERADO,,0,0,
628103102,RECHAZADO,38,0.3,MODERADO,,0,0,
628203101,REVISION_MANUAL,75,0.3,MODERADO,R003|R005,2,0,
628203201,REVISION_MANUAL,77,0.3,MODERADO,R001|R005,2,0,
628306101,REVISION_MANUAL,71,0.3,MODERADO,R001|R012,2,1,
628402102,APROBADO,82,0.3,MODERADO,R001|R012,2,1,
628501101,RECHAZADO,40,0.3,MODERADO,,0,0,
628605101,REVISION_MANUAL,70,0.3,MODERADO,R005|R012,2,1,
628705101,RECHAZADO,41,0.3,MODERADO,R004|R005|R012,3,1,
628805102,RECHAZADO,23,0.3,MODERADO,R004|R005,2,0,
628901103,RECHAZADO,11,0.3,MODERADO,R004,1,0,
629004102,RECHAZADO,30,0.3,MODERADO,,0,0,
629101102,RECHAZADO,5,0.3,MODERADO,R002,1,0,
629202101,RECHAZADO,32,0.3,MODERADO,R002|R005,2,0,
629302101,REVISION_MANUAL,77,0.3,MODERADO,R005|R012|R015,3,2,
629418101,RECHAZADO,42,0.3,MODERADO,R005|R010,2,0,
629504102,RECHAZADO,58,0.3,MODERADO,R001,1,0,
629604101,APROBADO,89,0.3,MODERADO,R005|R012|R015,3,2,
629705101,REVISION_MANUAL,70,0.3,MODERADO,R003|R010|R012,3,1,
629801102,RECHAZADO,5,0.3,MODERADO,R002,1,0,
629902101,RECHAZADO,27,0.3,MODERADO,R001|R004|R010,3,0,
630002102,RECHAZADO,27,0.3,MODERADO,R010,1,0,
630103102,APROBADO,100,0.3,MODERADO,R001|R005|R012|R015,4,2,
630202101,APROBADO,97,0.3,MODERADO,R001|R005|R012,3,1,
630302101,RECHAZADO,40,0.3,MODERADO,R005|R010,2,0,
630405101,RECHAZADO,53,0.3,MODERADO,R012,1,1,
630502103,REVISION_MANUAL,76,0.3,MODERADO,R001|R004|R005|R012,4,1,
630606101,REVISION_MANUAL,74,0.3,MODERADO,R001|R005,2,0,
630707102,RECHAZADO,31,0.3,MODERADO,,0,0,
630812101,RECHAZADO,45,0.3,MODERADO,R005,1,0,
630901101,RECHAZADO,43,0.3,MODERADO,,0,0,
631013101,RECHAZADO,42,0.3,MODERADO,,0,0,
631102104,RECHAZADO,0,0.3,MODERADO,R004|R009|R010|R012,4,1,
631201101,RECHAZADO,38,0.3,MODERADO,R010|R012,2,1,
631302102,RECHAZADO,38,0.3,MODERADO,,0,0,
631403101,RECHAZADO,23,0.3,MODERADO,R004|R005,2,0,
631503102,RECHAZADO,31,0.3,MODERADO,,0,0,
631618101,RECHAZADO,41,0.3,MODERADO,,0,0,
631704101,RECHAZADO,26,0.3,MODERADO,R004|R005,2,0,
631808101,APROBADO,98,0.3,MODERADO,R001|R005|R006,3,0,
631901101,REVISION_MANUAL,74,0.3,MODERADO,R001|R012,2,1,
632003101,REVISION_MANUAL,73,0.3,MODERADO,R001|R005,2,0,
632105103,RECHAZADO,15,0.3,MODERADO,R004,1,0,
632201101,RECHAZADO,51,0.3,MODERADO,R012,1,1,
632312102,RECHAZADO,40,0.3,MODERADO,,0,0,
632414102,RECHAZADO,38,0.3,MODERADO,,0,0,
632501103,RECHAZADO,18,0.3,MODERADO,R002|R005,2,0,
632603101,REVISION_MANUAL,77,0.3,MODERADO,R005|R012|R015,3,2,
632702104,RECHAZADO,27,0.3,MODERADO,R010,1,0,
632801101,RECHAZADO,28,0.3,MODERADO,R004|R005,2,0,
632902103,RECHAZADO,38,0.3,MODERADO,,0,0,
633003101,APROBADO,98,0.3,MODERADO,R001|R005|R012,3,1,
633102101,RECHAZADO,44,0.3,MODERADO,R005,1,0,
633205101,APROBADO,100,0.3,MODERADO,R001|R003|R005|R006,4,0,
633301102,RECHAZADO,37,0.3,MODERADO,R010|R012,2,1,
633401101,RECHAZADO,56,0.3,MODERADO,R012,1,1,
633512101,RECHAZADO,46,0.3,MODERADO,R005,1,0,
633620103,REVISION_MANUAL,67,0.3,MODERADO,R001,1,0,
633703102,RECHAZADO,11,0.3,MODERADO,R004,1,0,
633703201,RECHAZADO,46,0.3,MODERADO,R012,1,1,
633811101,RECHAZADO,11,0.3,MODERADO,R004,1,0,
633920102,RECHAZADO,17,0.3,MODERADO,R009,1,0,
634004101,RECHAZADO,23,0.3,MODERADO,R004|R012,2,1,
634104102,RECHAZADO,55,0.3,MODERADO,R001|R004|R012,3,1,
634218101,RECHAZADO,14,0.3,MODERADO,R004,1,0,
634302101,RECHAZADO,13,0.3,MODERADO,R002|R005,2,0,
634403101,RECHAZADO,31,0.3,MODERADO,,0,0,
634505102,REVISION_MANUAL,74,0.3,MODERADO,R001|R005,2,0,
634604103,REVISION_MANUAL,79,0.3,MODERADO,R001|R012,2,1,
634702102,APROBADO,96,0.3,MODERADO,R001|R005|R012,3,1,
634805101,RECHAZADO,43,0.3,MODERADO,,0,0,
634906102,RECHAZADO,37,0.3,MODERADO,R004|R005|R012,3,1,
635012104,RECHAZADO,27,0.3,MODERADO,R010,1,0,
635108101,RECHAZADO,45,0.3,MODERADO,R005,1,0,
635204101,RECHAZADO,23,0.3,MODERADO,R004|R012,2,1,
635310101,RECHAZADO,58,0.3,MODERADO,R005|R012,2,1,
635402101,APROBADO,100,0.3,MODERADO,R001|R005|R012,3,1,
635502101,RECHAZADO,32,0.3,MODERADO,R002|R005|R015,3,1,
635622101,RECHAZADO,43,0.3,MODERADO,R005,1,0,
635704101,APROBADO,97,0.3,MODERADO,R001|R005|R012,3,1,
635802101,RECHAZADO,41,0.3,MODERADO,,0,0,
635903102,RECHAZADO,29,0.3,MODERADO,,0,0,
636011101,RECHAZADO,24,0.3,MODERADO,R004|R005,2,0,
636103102,RECHAZADO,26,0.3,MODERADO,R004|R005,2,0,
636201101,RECHAZADO,13,0.3,MODERADO,R004,1,0,
636314102,RECHAZADO,57,0.3,MODERADO,R005|R012,2,1,
636402101,RECHAZADO,42,0.3,MODERADO,R005,1,0,
636520101,RECHAZADO,28,0.3,MODERADO,R004|R005,2,0,
636604101,RECHAZADO,25,0.3,MODERADO,R002|R005,2,0,
636702101,RECHAZADO,43,0.3,MODERADO,R001|R004,2,0,
636802101,APROBADO,100,0.3,MODERADO,R001|R005|R012|R015,4,2,
636905102,RECHAZADO,15,0.3,MODERADO,R004,1,0,
637010103,RECHAZADO,42,0.3,MODERADO,,0,0,
637103102,REVISION_MANUAL,75,0.3,MODERADO,R001|R010|R012,3,1,
637201101,RECHAZADO,32,0.3,MODERADO,R002|R005|R015,3,1,
637305102,RECHAZADO,58,0.3,MODERADO,R012,1,1,
637414103,RECHAZADO,27,0.3,MODERADO,R009,1,0,
637503101,RECHAZADO,15,0.3,MODERADO,R010,1,0,
637605103,REVISION_MANUAL,71,0.3,MODERADO,R001,1,0,
637701102,RECHAZADO,29,0.3,MODERADO,,0,0,
637815101,RECHAZADO,0,0.3,MODERADO,R004|R010,2,0,
637904102,RECHAZADO,5,0.3,MODERADO,R002,1,0,
638004101,RECHAZADO,13,0.3,MODERADO,R004,1,0,
638116102,RECHAZADO,54,0.3,MODERADO,R001|R004|R012,3,1,
638202101,RECHAZADO,56,0.3,MODERADO,R005,1,0,
638304101,REVISION_MANUAL,71,0.3,MODERADO,R001|R005,2,0,
638401102,RECHAZADO,10,0.3,MODERADO,R004,1,0,
638504102,RECHAZADO,12,0.3,MODERADO,R002,1,0,
638602101,RECHAZADO,58,0.3,MODERADO,R005,1,0,
638701102,RECHAZADO,10,0.3,MODERADO,R004|R009|R012,3,1,
638802101,APROBADO,82,0.3,MODERADO,R001|R005|R010|R012,4,1,
638904102,RECHAZADO,40,0.3,MODERADO,R002|R005|R015,3,1,
639001101,APROBADO,100,0.3,MODERADO,R001|R003|R005|R012|R015,5,2,
639101101,APROBADO,83,0.3,MODERADO,R005|R012|R015,3,2,
639203101,RECHAZADO,30,0.3,MODERADO,,0,0,
639308101,APROBADO,100,0.3,MODERADO,R001|R003|R005|R012,4,1,
639404101,RECHAZADO,43,0.3,MODERADO,,0,0,
639505102,REVISION_MANUAL,62,0.3,MODERADO,R001,1,0,
639603102,RECHAZADO,52,0.3,MODERADO,R001|R004|R006,3,0,
639703102,RECHAZADO,48,0.3,MODERADO,R005,1,0,
639801101,REVISION_MANUAL,64,0.3,MODERADO,R005|R012,2,1,
639915102,RECHAZADO,40,0.3,MODERADO,,0,0,
640004102,APROBADO,100,0.3,MODERADO,R001|R005|R012,3,1,
640101102,RECHAZADO,27,0.3,MODERADO,,0,0,
640205102,RECHAZADO,22,0.3,MODERADO,R004|R012,2,1,
640303101,RECHAZADO,40,0.3,MODERADO,R004|R005|R012,3,1,
640401101,APROBADO,100,0.3,MODERADO,R001|R005|R012,3,1,
640503101,APROBADO,84,0.3,MODERADO,R001|R012,2,1,
640604101,APROBADO,97,0.3,MODERADO,R001|R005|R012,3,1,
640703101,REVISION_MANUAL,71,0.3,MODERADO,R001|R004|R005|R012,4,1,
640801102,RECHAZADO,15,0.3,MODERADO,R004,1,0,
640905101,RECHAZADO,52,0.3,MODERADO,R012,1,1,
641004102,RECHAZADO,11,0.3,MODERADO,R004|R009|R012,3,1,
641113103,RECHAZADO,13,0.3,MODERADO,R009|R010,2,0,
641204101,RECHAZADO,13,0.3,MODERADO,R004,1,0,
641305101,APROBADO,100,0.3,MODERADO,R001|R005|R012|R015,4,2,
641404101,RECHAZADO,0,0.3,MODERADO,R002,1,0,
641515101,REVISION_MANUAL,75,0.3,MODERADO,R001|R005,2,0,
641605102,REVISION_MANUAL,69,0.3,MODERADO,R001|R012,2,1,
641705101,RECHAZADO,6,0.3,MODERADO,R002,1,0,
641820101,RECHAZADO,31,0.3,MODERADO,,0,0,
641901101,APROBADO,82,0.3,MODERADO,R001|R012,2,1,
642002101,RECHAZADO,10,0.3,MODERADO,R004,1,0,
642102101,RECHAZADO,38,0.3,MODERADO,,0,0,
642202102,RECHAZADO,52,0.3,MODERADO,R001|R004|R012,3,1,
642303103,RECHAZADO,23,0.3,MODERADO,R004|R012,2,1,
642401101,RECHAZADO,0,0.3,MODERADO,R002|R004|R005,3,0,
642519101,RECHAZADO,29,0.3,MODERADO,R009,1,0,
642605101,RECHAZADO,25,0.3,MODERADO,R004|R005,2,0,
642701101,APROBADO,86,0.3,MODERADO,R001|R012,2,1,
642802101,RECHAZADO,12,0.3,MODERADO,R004|R010|R012,3,1,
642902103,RECHAZADO,10,0.3,MODERADO,R002,1,0,
643003101,REVISION_MANUAL,70,0.3,MODERADO,R001|R004|R005|R012,4,1,
643102104,RECHAZADO,47,0.3,MODERADO,R001|R010,2,0,
643215101,RECHAZADO,26,0.3,MODERADO,R004|R005,2,0,
643302101,RECHAZADO,38,0.3,MODERADO,,0,0,
643403101,RECHAZADO,43,0.3,MODERADO,,0,0,
643509101,RECHAZADO,30,0.3,MODERADO,R004|R005,2,0,
643601103,RECHAZADO,54,0.3,MODERADO,R001|R009|R010|R012,4,1,
643701102,RECHAZADO,52,0.3,MODERADO,R001|R004|R012,3,1,
643802102,RECHAZADO,9,0.3,MODERADO,R002,1,0,
643902103,RECHAZADO,23,0.3,MODERADO,R004|R012,2,1,
644002101,RECHAZADO,58,0.3,MODERADO,R001|R004|R005,3,0,
644105103,REVISION_MANUAL,74,0.3,MODERADO,R001|R010|R012,3,1,
644204102,RECHAZADO,43,0.3,MODERADO,R001|R004,2,0,
644301102,RECHAZADO,13,0.3,MODERADO,R004,1,0,
644409101,REVISION_MANUAL,74,0.3,MODERADO,R001|R005,2,0,
644502101,REVISION_MANUAL,70,0.3,MODERADO,R005|R012,2,1,
644606102,RECHAZADO,14,0.3,MODERADO,R004|R005|R010,3,0,
644717101,RECHAZADO,26,0.3,MODERADO,R004|R005,2,0,
644818102,RECHAZADO,30,0.3,MODERADO,R004|R005,2,0,
644901103,RECHAZADO,29,0.3,MODERADO,,0,0,
645008102,RECHAZADO,12,0.3,MODERADO,R004,1,0,
645103101,RECHAZADO,40,0.3,MODERADO,R002|R005|R015,3,1,
645216101,REVISION_MANUAL,75,0.3,MODERADO,R001|R005,2,0,
645303101,RECHAZADO,30,0.3,MODERADO,,0,0,
645405102,APROBADO,100,0.3,MODERADO,R001|R005|R012,3,1,
645502101,RECHAZADO,46,0.3,MODERADO,R005,1,0,
645603102,RECHAZADO,38,0.3,MODERADO,R009|R012,2,1,
645714101,RECHAZADO,5,0.3,MODERADO,R002,1,0,
645803102,REVISION_MANUAL,75,0.3,MODERADO,R001|R005,2,0,
645904101,RECHAZADO,30,0.3,MODERADO,R004|R005,2,0,
646018105,RECHAZADO,42,0.3,MODERADO,R010|R012,2,1,
646101101,RECHAZADO,26,0.3,MODERADO,R004|R012,2,1,
646209101,RECHAZADO,28,0.3,MODERADO,R004|R005,2,0,
646317104,RECHAZADO,9,0.3,MODERADO,R004|R009|R012,3,1,
646403102,RECHAZADO,20,0.3,MODERADO,R002|R005,2,0,
646502102,RECHAZADO,10,0.3,MODERADO,R004,1,0,
646612102,RECHAZADO,10,0.3,MODERADO,R004,1,0,
646705101,RECHAZADO,53,0.3,MODERADO,R012,1,1,
646803103,RECHAZADO,27,0.3,MODERADO,,0,0,
646905101,APROBADO,88,0.3,MODERADO,R001|R012,2,1,
647018103,RECHAZADO,24,0.3,MODERADO,R004|R012,2,1,
647105101,REVISION_MANUAL,72,0.3,MODERADO,R003|R005,2,0,
647202103,RECHAZADO,14,0.3,MODERADO,R002,1,0,
647305104,RECHAZADO,24,0.3,MODERADO,R004|R005,2,0,
647405103,RECHAZADO,52,0.3,MODERADO,R012,1,1,
647504104,RECHAZADO,50,0.3,MODERADO,R012,1,1,
647609101,RECHAZADO,59,0.3,MODERADO,R001,1,0,
647705101,RECHAZADO,28,0.3,MODERADO,R004|R005,2,0,
647806101,RECHAZADO,40,0.3,MODERADO,R004|R005|R012,3,1,
647919103,RECHAZADO,52,0.3,MODERADO,R012,1,1,
648005102,RECHAZADO,28,0.3,MODERADO,,0,0,
648105102,RECHAZADO,43,0.3,MODERADO,R004|R005|R012,3,1,
648202101,RECHAZADO,26,0.3,MODERADO,R004|R005,2,0,
648305102,RECHAZADO,12,0.3,MODERADO,R004,1,0,
648418101,APROBADO,82,0.3,MODERADO,R001|R012,2,1,
648505101,APROBADO,86,0.3,MODERADO,R001|R005,2,0,
648601101,RECHAZADO,24,0.3,MODERADO,R004|R012,2,1,
648708102,RECHAZADO,42,0.3,MODERADO,R012,1,1,
648801101,RECHAZADO,55,0.3,MODERADO,R012,1,1,
648902102,RECHAZADO,17,0.3,MODERADO,R010,1,0,
649002101,APROBADO,95,0.3,MODERADO,R001|R012,2,1,
649105101,RECHAZADO,11,0.3,MODERADO,R004,1,0,
649203101,APROBADO,100,0.3,MODERADO,R001|R005|R012|R015,4,2,
649305101,RECHAZADO,8,0.3,MODERADO,R002,1,0,
649405102,RECHAZADO,39,0.3,MODERADO,,0,0,
649505101,APROBADO,99,0.3,MODERADO,R001|R005|R006,3,0,
649602102,RECHAZADO,13,0.3,MODERADO,R004|R009|R012,3,1,
649704101,APROBADO,82,0.3,MODERADO,R005|R012|R015,3,2,
649804103,RECHAZADO,24,0.3,MODERADO,R009,1,0,
649901101,RECHAZADO,43,0.3,MODERADO,,0,0,
650004103,RECHAZADO,55,0.3,MODERADO,R012,1,1,
650102101,REVISION_MANUAL,74,0.3,MODERADO,R005|R012,2,1,
650209102,APROBADO,97,0.3,MODERADO,R001|R005|R012,3,1,
650302102,RECHAZADO,0,0.3,MODERADO,R002|R004,2,0,
650401101,RECHAZADO,26,0.3,MODERADO,R004|R005,2,0,
650508102,RECHAZADO,26,0.3,MODERADO,R004|R005,2,0,
650614103,RECHAZADO,2,0.3,MODERADO,R002,1,0,
650701102,REVISION_MANUAL,70,0.3,MODERADO,R001|R006|R009,3,0,
650809103,RECHAZADO,26,0.3,MODERADO,R009,1,0,
650920101,REVISION_MANUAL,71,0.3,MODERADO,R005|R012,2,1,
651005101,APROBADO,85,0.3,MODERADO,R001|R005,2,0,
651105101,RECHAZADO,27,0.3,MODERADO,R004|R005,2,0,
651202101,RECHAZADO,28,0.3,MODERADO,R004|R005,2,0,
651303101,RECHAZADO,39,0.3,MODERADO,,0,0,
651401101,APROBADO,90,0.3,MODERADO,R001|R012,2,1,
651514102,RECHAZADO,29,0.3,MODERADO,,0,0,
651604101,REVISION_MANUAL,61,0.3,MODERADO,R005|R012,2,1,
651718102,RECHAZADO,12,0.3,MODERADO,R004,1,0,
651820101,REVISION_MANUAL,70,0.3,MODERADO,R005|R012,2,1,
651906102,RECHAZADO,45,0.3,MODERADO,R005,1,0,
652003101,RECHAZADO,32,0.3,MODERADO,,0,0,
652107102,RECHAZADO,13,0.3,MODERADO,R004,1,0,
652205102,REVISION_MANUAL,71,0.3,MODERADO,R001,1,0,
652301102,RECHAZADO,0,0.3,MODERADO,R002,1,0,
652405102,RECHAZADO,40,0.3,MODERADO,R001|R004,2,0,
652505102,RECHAZADO,0,0.3,MODERADO,R002|R004,2,0,
652603101,RECHAZADO,38,0.3,MODERADO,R004|R005|R012,3,1,
652703103,REVISION_MANUAL,69,0.3,MODERADO,R001,1,0,
652803102,APROBADO,90,0.3,MODERADO,R001|R012,2,1,
652902104,RECHAZADO,38,0.3,MODERADO,R009|R012,2,1,
653005101,RECHAZADO,30,0.3,MODERADO,,0,0,
653106101,RECHAZADO,28,0.3,MODERADO,R004|R005,2,0,
653204102,APROBADO,85,0.3,MODERADO,R001|R012,2,1,
653302102,RECHAZADO,40,0.3,MODERADO,,0,0,
653402101,APROBADO,100,0.3,MODERADO,R001|R005|R012|R015,4,2,
653503101,RECHAZADO,12,0.3,MODERADO,R002,1,0,
653612103,RECHAZADO,26,0.3,MODERADO,,0,0,
653703101,RECHAZADO,12,0.3,MODERADO,R004,1,0,
653817104,RECHAZADO,0,0.3,MODERADO,R004|R009|R010,3,0,
653904102,RECHAZADO,11,0.3,MODERADO,R004,1,0,
654015102,REVISION_MANUAL,71,0.3,MODERADO,R001,1,0,
654105103,RECHAZADO,36,0.3,MODERADO,R009|R012,2,1,
654202103,APROBADO,100,0.3,MODERADO,R001|R005|R012,3,1,
654304102,RECHAZADO,28,0.3,MODERADO,R004|R005,2,0,
654402101,RECHAZADO,15,0.3,MODERADO,R004,1,0,
654505101,RECHAZADO,46,0.3,MODERADO,R005,1,0,
654605102,RECHAZADO,25,0.3,MODERADO,R004|R012,2,1,
654701102,RECHAZADO,11,0.3,MODERADO,R004|R009|R012,3,1,
654805102,RECHAZADO,17,0.3,MODERADO,R009,1,0,
654905101,RECHAZADO,30,0.3,MODERADO,,0,0,
655016101,RECHAZADO,13,0.3,MODERADO,R004,1,0,
655104102,RECHAZADO,12,0.3,MODERADO,R004,1,0,
655201101,RECHAZADO,51,0.3,MODERADO,R012,1,1,
655302101,APROBADO,100,0.3,MODERADO,R001|R003|R005|R012,4,1,
655404103,REVISION_MANUAL,74,0.3,MODERADO,R001|R010|R012,3,1,
655502101,RECHAZADO,54,0.3,MODERADO,R012,1,1,
655602101,APROBADO,100,0.3,MODERADO,R001|R005|R012|R015,4,2,
655704102,RECHAZADO,25,0.3,MODERADO,R004|R005|R010|R012,4,1,
655811101,REVISION_MANUAL,75,0.3,MODERADO,R005|R012,2,1,
655903103,RECHAZADO,3,0.3,MODERADO,R002,1,0,
656015101,RECHAZADO,15,0.3,MODERADO,R009,1,0,
656101101,RECHAZADO,43,0.3,MODERADO,R012,1,1,
656204101,RECHAZADO,43,0.3,MODERADO,,0,0,
656304101,RECHAZADO,10,0.3,MODERADO,R004,1,0,
656403101,RECHAZADO,58,0.3,MODERADO,R012,1,1,
656501101,RECHAZADO,44,0.3,MODERADO,R005|R010|R012,3,1,
656601101,RECHAZADO,56,0.3,MODERADO,R012,1,1,
656705101,RECHAZADO,42,0.3,MODERADO,R012,1,1,
656802102,RECHAZADO,59,0.3,MODERADO,R005|R012,2,1,
656905102,REVISION_MANUAL,79,0.3,MODERADO,R001|R009|R012,3,1,
657002102,APROBADO,87,0.3,MODERADO,R001|R005,2,0,
657101101,RECHAZADO,29,0.3,MODERADO,R009|R012,2,1,
657203104,RECHAZADO,52,0.3,MODERADO,R001|R004|R012,3,1,
657312101,RECHAZADO,30,0.3,MODERADO,,0,0,
657417101,RECHAZADO,12,0.3,MODERADO,R004,1,0,
657516101,RECHAZADO,56,0.3,MODERADO,R005,1,0,
657601102,RECHAZADO,13,0.3,MODERADO,R004,1,0,
657703101,RECHAZADO,23,0.3,MODERADO,R004|R012,2,1,
657803104,RECHAZADO,26,0.3,MODERADO,,0,0,
657905101,RECHAZADO,43,0.3,MODERADO,R012,1,1,
657905201,RECHAZADO,11,0.3,MODERADO,R004,1,0,
658017101,APROBADO,94,0.3,MODERADO,R001|R005|R015,3,1,
658118102,RECHAZADO,42,0.3,MODERADO,R002|R003|R005,3,0,
658203103,RECHAZADO,26,0.3,MODERADO,R009,1,0,
658309102,RECHAZADO,2,0.3,MODERADO,R002,1,0,
658405102,APROBADO,98,0.3,MODERADO,R001|R005|R012,3,1,
658517102,RECHAZADO,12,0.3,MODERADO,R004,1,0,
658603102,RECHAZADO,30,0.3,MODERADO,,0,0,
658709201,RECHAZADO,54,0.3,MODERADO,R012,1,1,
658709302,RECHAZADO,22,0.3,MODERADO,R004|R012,2,1,
658802102,APROBADO,100,0.3,MODERADO,R001|R005|R012|R015,4,2,
658905101,APROBADO,97,0.3,MODERADO,R001|R006|R012,3,1,
659004103,RECHAZADO,22,0.3,MODERADO,R004|R012,2,1,
659109102,RECHAZADO,32,0.3,MODERADO,R005|R010,2,0,
659206102,RECHAZADO,25,0.3,MODERADO,R004|R005,2,0,
659317102,RECHAZADO,32,0.3,MODERADO,,0,0,
659411102,REVISION_MANUAL,73,0.3,MODERADO,R001|R012,2,1,
659512102,RECHAZADO,56,0.3,MODERADO,R001|R004|R005,3,0,
659617103,RECHAZADO,25,0.3,MODERADO,R009,1,0,
659701104,RECHAZADO,53,0.3,MODERADO,R001|R004|R012,3,1,
659801101,RECHAZADO,25,0.3,MODERADO,R004|R012,2,1,
659904102,REVISION_MANUAL,72,0.3,MODERADO,R005|R012,2,1,
660001101,RECHAZADO,57,0.3,MODERADO,R005,1,0,
660104102,APROBADO,83,0.3,MODERADO,R001|R005,2,0,
660219101,RECHAZADO,17,0.3,MODERADO,R010,1,0,
660305104,RECHAZADO,21,0.3,MODERADO,R002|R005,2,0,
660401101,RECHAZADO,33,0.3,MODERADO,,0,0,
660502101,REVISION_MANUAL,79,0.3,MODERADO,R001|R012,2,1,
660604101,RECHAZADO,26,0.3,MODERADO,R004|R005,2,0,
660705101,REVISION_MANUAL,60,0.3,MODERADO,R001|R004|R005,3,0,
660805101,APROBADO,100,0.3,MODERADO,R001|R005|R012,3,1,
660901101,RECHAZADO,9,0.3,MODERADO,R002,1,0,
661001103,RECHAZADO,56,0.3,MODERADO,R012,1,1,
661102101,REVISION_MANUAL,68,0.3,MODERADO,R001,1,0,
661205102,RECHAZADO,39,0.3,MODERADO,,0,0,
661307101,APROBADO,94,0.3,MODERADO,R001|R005|R015,3,1,
661401101,RECHAZADO,58,0.3,MODERADO,R005,1,0,
661518105,RECHAZADO,0,0.3,MODERADO,R002|R009,2,0,
661605101,RECHAZADO,11,0.3,MODERADO,R004,1,0,
661704103,RECHAZADO,37,0.3,MODERADO,R001|R004|R009|R012,4,1,
661816103,RECHAZADO,7,0.3,MODERADO,R004|R009|R012,3,1,
661902101,RECHAZADO,54,0.3,MODERADO,R012,1,1,
662020101,RECHAZADO,23,0.3,MODERADO,R004|R005,2,0,
662102102,APROBADO,83,0.3,MODERADO,R001|R012,2,1,
662213104,RECHAZADO,0,0.3,MODERADO,R002|R009,2,0,
662315102,RECHAZADO,28,0.3,MODERADO,R009,1,0,
662401105,RECHAZADO,8,0.3,MODERADO,R004,1,0,
662503101,RECHAZADO,13,0.3,MODERADO,R004,1,0,
662603102,REVISION_MANUAL,73,0.3,MODERADO,R001,1,0,
662713102,RECHAZADO,0,0.3,MODERADO,R002|R009,2,0,
662805101,APROBADO,94,0.3,MODERADO,R001|R012,2,1,
662912101,RECHAZADO,43,0.3,MODERADO,R005,1,0,
663002102,RECHAZADO,40,0.3,MODERADO,,0,0,
663104102,RECHAZADO,22,0.3,MODERADO,R004|R012,2,1,
663201101,RECHAZADO,4,0.3,MODERADO,R002,1,0,
663310102,RECHAZADO,41,0.3,MODERADO,,0,0,
663401101,REVISION_MANUAL,60,0.3,MODERADO,R001,1,0,
663501101,RECHAZADO,57,0.3,MODERADO,R012,1,1,
663606101,RECHAZADO,57,0.3,MODERADO,R001|R010,2,0,
663703101,REVISION_MANUAL,69,0.3,MODERADO,R001,1,0,
663801105,APROBADO,94,0.3,MODERADO,R001|R012,2,1,
663905102,RECHAZADO,25,0.3,MODERADO,R009,1,0,
664001101,APROBADO,85,0.3,MODERADO,R001|R012,2,1,
664103101,RECHAZADO,55,0.3,MODERADO,R005|R012,2,1,
664201102,RECHAZADO,6,0.3,MODERADO,R002,1,0,
664305102,RECHAZADO,12,0.3,MODERADO,R004,1,0,
664405104,APROBADO,100,0.3,MODERADO,R001|R003|R005|R012,4,1,
664509101,REVISION_MANUAL,77,0.3,MODERADO,R005|R012|R015,3,2,
664601101,RECHAZADO,42,0.3,MODERADO,R012,1,1,
664702102,RECHAZADO,39,0.3,MODERADO,,0,0,
664816102,RECHAZADO,37,0.3,MODERADO,R004|R005|R012,3,1,
664905103,RECHAZADO,22,0.3,MODERADO,R004|R012,2,1,
665003102,APROBADO,96,0.3,MODERADO,R001|R012,2,1,
665120102,APROBADO,94,0.3,MODERADO,R001|R012,2,1,
665212103,RECHAZADO,26,0.3,MODERADO,R009,1,0,
665301103,RECHAZADO,54,0.3,MODERADO,R012,1,1,
665403102,RECHAZADO,13,0.3,MODERADO,R004,1,0,
665505103,RECHAZADO,17,0.3,MODERADO,R010,1,0,
665617102,RECHAZADO,13,0.3,MODERADO,R004,1,0,
665705102,REVISION_MANUAL,65,0.3,MODERADO,R005|R012,2,1,
665804102,APROBADO,80,0.3,MODERADO,R001|R012,2,1,
665901101,RECHAZADO,53,0.3,MODERADO,R005,1,0,
666003102,RECHAZADO,38,0.3,MODERADO,R004|R005|R012,3,1,
666101102,RECHAZADO,53,0.3,MODERADO,R012,1,1,
666215102,RECHAZADO,15,0.3,MODERADO,R004,1,0,
666305101,RECHAZADO,10,0.3,MODERADO,R004,1,0,
666402101,APROBADO,100,0.3,MODERADO,R001|R005|R012|R015,4,2,
666503101,RECHAZADO,37,0.3,MODERADO,,0,0,
666601101,REVISION_MANUAL,69,0.3,MODERADO,R005|R012,2,1,
666713102,RECHAZADO,28,0.3,MODERADO,R004|R005,2,0,
666804101,RECHAZADO,30,0.3,MODERADO,,0,0,
666905102,RECHAZADO,13,0.3,MODERADO,R004,1,0,
667012102,RECHAZADO,48,0.3,MODERADO,R005,1,0,
667102101,RECHAZADO,56,0.3,MODERADO,R005|R012,2,1,
667214101,RECHAZADO,0,0.3,MODERADO,R002,1,0,
667312101,REVISION_MANUAL,65,0.3,MODERADO,R005|R012,2,1,
667401101,RECHAZADO,20,0.3,MODERADO,R002,1,0,
667501101,RECHAZADO,46,0.3,MODERADO,R005,1,0,
667619102,RECHAZADO,13,0.3,MODERADO,R004,1,0,
667704102,RECHAZADO,42,0.3,MODERADO,R005|R010,2,0,
667816103,RECHAZADO,46,0.3,MODERADO,R005,1,0,
667901102,APROBADO,88,0.3,MODERADO,R001|R012,2,1,
668009101,RECHAZADO,40,0.3,MODERADO,,0,0,
668103101,RECHAZADO,22,0.3,MODERADO,R004|R012,2,1,
668201101,REVISION_MANUAL,72,0.3,MODERADO,R001|R005,2,0,
668319105,RECHAZADO,26,0.3,MODERADO,,0,0,
668404103,RECHAZADO,57,0.3,MODERADO,R012,1,1,
668505103,REVISION_MANUAL,67,0.3,MODERADO,R001,1,0,
668602102,APROBADO,97,0.3,MODERADO,R001|R005|R012,3,1,
668704101,RECHAZADO,27,0.3,MODERADO,,0,0,
668803101,RECHAZADO,48,0.3,MODERADO,R005,1,0,
668901102,RECHAZADO,22,0.3,MODERADO,R004|R012,2,1,
669006101,RECHAZADO,15,0.3,MODERADO,R004,1,0,
669102101,RECHAZADO,9,0.3,MODERADO,R002,1,0,
669201101,RECHAZADO,27,0.3,MODERADO,,0,0,
669310101,RECHAZADO,29,0.3,MODERADO,,0,0,
669409103,RECHAZADO,13,0.3,MODERADO,R009|R010,2,0,
669503102,REVISION_MANUAL,79,0.3,MODERADO,R005|R012|R015,3,2,
669603102,RECHAZADO,31,0.3,MODERADO,,0,0,
669705102,APROBADO,91,0.3,MODERADO,R001|R005|R012,3,1,
669816102,RECHAZADO,0,0.3,MODERADO,R002,1,0,
669903102,RECHAZADO,30,0.3,MODERADO,,0,0,
670010101,RECHAZADO,32,0.3,MODERADO,,0,0,
670105101,RECHAZADO,57,0.3,MODERADO,R012,1,1,
670204101,RECHAZADO,40,0.3,MODERADO,,0,0,
670302101,RECHAZADO,43,0.3,MODERADO,,0,0,
670415101,APROBADO,100,0.3,MODERADO,R001|R005|R012|R015,4,2,
670516102,RECHAZADO,45,0.3,MODERADO,R005,1,0,
670616101,RECHAZADO,58,0.3,MODERADO,R001|R004|R005,3,0,
670713101,RECHAZADO,13,0.3,MODERADO,R004,1,0,
670804102,RECHAZADO,31,0.3,MODERADO,,0,0,
670902102,RECHAZADO,24,0.3,MODERADO,R004|R012,2,1,
671003102,RECHAZADO,10,0.3,MODERADO,R004,1,0,
671105101,APROBADO,87,0.3,MODERADO,R001|R005|R012,3,1,
671202101,RECHAZADO,51,0.3,MODERADO,R012,1,1,
671312103,RECHAZADO,36,0.3,MODERADO,R010|R012,2,1,
671418101,REVISION_MANUAL,61,0.3,MODERADO,R005|R012,2,1,
671511101,RECHAZADO,52,0.3,MODERADO,R012,1,1,
671611101,RECHAZADO,30,0.3,MODERADO,R002|R005|R015,3,1,
671702102,APROBADO,100,0.3,MODERADO,R001|R005|R012,3,1,
671819102,RECHAZADO,53,0.3,MODERADO,R005,1,0,
671901101,RECHAZADO,43,0.3,MODERADO,,0,0,
672003102,RECHAZADO,26,0.3,MODERADO,R004|R005,2,0,
672112102,RECHAZADO,0,0.3,MODERADO,R004|R010,2,0,
672205101,RECHAZADO,56,0.3,MODERADO,R005,1,0,
672317101,RECHAZADO,53,0.3,MODERADO,R005,1,0,
672405102,RECHAZADO,42,0.3,MODERADO,R005,1,0,
672519101,RECHAZADO,57,0.3,MODERADO,R012,1,1,
672604103,RECHAZADO,14,0.3,MODERADO,R004|R009|R012,3,1,
672712101,APROBADO,100,0.3,MODERADO,R001|R005|R012|R015,4,2,
672821101,RECHAZADO,47,0.3,MODERADO,R005,1,0,
672902103,APROBADO,95,0.3,MODERADO,R001|R012,2,1,
673005103,RECHAZADO,11,0.3,MODERADO,R004|R009|R012,3,1,
673105101,APROBADO,99,0.3,MODERADO,R001|R005|R012,3,1,
673218101,REVISION_MANUAL,65,0.3,MODERADO,R005|R012,2,1,
673301102,RECHAZADO,30,0.3,MODERADO,,0,0,
673404101,REVISION_MANUAL,63,0.3,MODERADO,R001|R004|R012,3,1,
673504101,RECHAZADO,57,0.3,MODERADO,R012,1,1,
673603101,APROBADO,85,0.3,MODERADO,R001|R012,2,1,
673701102,RECHAZADO,13,0.3,MODERADO,R004,1,0,
673805102,RECHAZADO,50,0.3,MODERADO,R012,1,1,
673903103,RECHAZADO,0,0.3,MODERADO,R002|R010,2,0,
674018101,RECHAZADO,27,0.3,MODERADO,R004|R005,2,0,
674105101,RECHAZADO,57,0.3,MODERADO,R005|R012,2,1,
674205101,RECHAZADO,0,0.3,MODERADO,R002|R004,2,0,
674305101,REVISION_MANUAL,70,0.3,MODERADO,R001|R004|R005|R012,4,1,
674405102,RECHAZADO,59,0.3,MODERADO,R001,1,0,
674505101,RECHAZADO,28,0.3,MODERADO,R004|R005,2,0,
674603101,RECHAZADO,45,0.3,MODERADO,R005,1,0,
674702102,REVISION_MANUAL,79,0.3,MODERADO,R005|R012,2,1,
674802102,APROBADO,83,0.3,MODERADO,R001|R005,2,0,
674901101,RECHAZADO,43,0.3,MODERADO,,0,0,
675007101,RECHAZADO,23,0.3,MODERADO,R004|R005,2,0,
675105101,RECHAZADO,11,0.3,MODERADO,R002,1,0,
675201103,RECHAZADO,40,0.3,MODERADO,R012,1,1,
675309102,REVISION_MANUAL,70,0.3,MODERADO,R005|R012,2,1,
675402102,RECHAZADO,41,0.3,MODERADO,,0,0,
675504101,RECHAZADO,58,0.3,MODERADO,R012,1,1,
675603101,APROBADO,100,0.3,MODERADO,R001|R005|R012,3,1,
675703101,RECHAZADO,39,0.3,MODERADO,R010|R012,2,1,
675813102,APROBADO,100,0.3,MODERADO,R001|R005|R012|R015,4,2,
675909101,RECHAZADO,37,0.3,MODERADO,,0,0,
676004103,RECHAZADO,20,0.3,MODERADO,R002|R005,2,0,
676103101,REVISION_MANUAL,64,0.3,MODERADO,R005|R012,2,1,
676202103,APROBADO,81,0.3,MODERADO,R001|R012,2,1,
676307102,RECHAZADO,41,0.3,MODERADO,,0,0,
676402101,APROBADO,98,0.3,MODERADO,R001|R005|R012,3,1,
676504101,RECHAZADO,41,0.3,MODERADO,,0,0,
676604102,REVISION_MANUAL,68,0.3,MODERADO,R001|R004|R005|R012,4,1,
676707101,RECHAZADO,56,0.3,MODERADO,R005,1,0,
676804101,REVISION_MANUAL,67,0.3,MODERADO,R005|R012,2,1,
676906101,RECHAZADO,57,0.3,MODERADO,R001|R004|R012,3,1,
677003101,APROBADO,100,0.3,MODERADO,R001|R005|R012,3,1,
677103101,APROBADO,100,0.3,MODERADO,R001|R005|R012,3,1,
677205101,APROBADO,95,0.3,MODERADO,R001|R005|R012,3,1,
677305101,REVISION_MANUAL,66,0.3,MODERADO,R005|R012,2,1,
677414102,RECHAZADO,40,0.3,MODERADO,,0,0,
677507102,RECHAZADO,27,0.3,MODERADO,,0,0,
677619102,RECHAZADO,50,0.3,MODERADO,R012,1,1,
677703102,REVISION_MANUAL,72,0.3,MODERADO,R001|R004|R005|R012,4,1,
677803102,RECHAZADO,27,0.3,MODERADO,R010,1,0,
677919104,RECHAZADO,10,0.3,MODERADO,R004,1,0,
678005101,RECHAZADO,0,0.3,MODERADO,R002|R004,2,0,
678115101,APROBADO,100,0.3,MODERADO,R003|R005|R012|R015,4,2,
678206101,RECHAZADO,5,0.3,MODERADO,R002|R005|R010,3,0,
678313101,RECHAZADO,43,0.3,MODERADO,R005,1,0,
678409102,RECHAZADO,59,0.3,MODERADO,R001,1,0,
678519101,RECHAZADO,43,0.3,MODERADO,,0,0,
678605103,RECHAZADO,7,0.3,MODERADO,R002,1,0,
678705102,RECHAZADO,0,0.3,MODERADO,R004|R010,2,0,
678802101,REVISION_MANUAL,79,0.3,MODERADO,R001|R012,2,1,
678902101,RECHAZADO,28,0.3,MODERADO,R004|R005,2,0,
679003102,APROBADO,100,0.3,MODERADO,R001|R005|R012|R015,4,2,
679102101,RECHAZADO,7,0.3,MODERADO,R002,1,0,
679205101,APROBADO,90,0.3,MODERADO,R001|R012,2,1,
679301103,REVISION_MANUAL,71,0.3,MODERADO,R001,1,0,
679402101,RECHAZADO,10,0.3,MODERADO,R002|R005,2,0,
679506101,APROBADO,100,0.3,MODERADO,R001|R003|R005|R012,4,1,
679604102,RECHAZADO,27,0.3,MODERADO,R004|R005,2,0,
679703101,RECHAZADO,58,0.3,MODERADO,R001,1,0,
679817101,RECHAZADO,27,0.3,MODERADO,R004|R005,2,0,
679903101,APROBADO,85,0.3,MODERADO,R001|R012,2,1,
680004101,RECHAZADO,37,0.3,MODERADO,R004|R005|R012,3,1,
680118102,RECHAZADO,46,0.3,MODERADO,R005,1,0,
680118204,REVISION_MANUAL,60,0.3,MODERADO,R001,1,0,
680214102,RECHAZADO,12,0.3,MODERADO,R004,1,0,
680304103,RECHAZADO,53,0.3,MODERADO,R012,1,1,
680403101,REVISION_MANUAL,76,0.3,MODERADO,R005|R012|R015,3,2,
680505104,RECHAZADO,27,0.3,MODERADO,R001|R004|R010,3,0,
680602103,RECHAZADO,55,0.3,MODERADO,R012,1,1,
680702101,RECHAZADO,28,0.3,MODERADO,R004|R005,2,0,
680801101,APROBADO,100,0.3,MODERADO,R001|R005|R012,3,1,
680913101,RECHAZADO,46,0.3,MODERADO,R005,1,0,
681004101,APROBADO,88,0.3,MODERADO,R001|R012,2,1,
681101102,RECHAZADO,32,0.3,MODERADO,R005|R010,2,0,
681204102,RECHAZADO,0,0.3,MODERADO,R002|R009,2,0,
681301102,RECHAZADO,28,0.3,MODERADO,R004|R005,2,0,
681404101,REVISION_MANUAL,62,0.3,MODERADO,R012,1,1,
681504101,RECHAZADO,41,0.3,MODERADO,R004|R005|R012,3,1,
681605101,APROBADO,81,0.3,MODERADO,R003|R012,2,1,
681701103,RECHAZADO,32,0.3,MODERADO,,0,0,
681805101,APROBADO,100,0.3,MODERADO,R001|R005|R012|R015,4,2,
681914102,RECHAZADO,12,0.3,MODERADO,R004,1,0,
682004102,RECHAZADO,7,0.3,MODERADO,R002,1,0,
682102101,RECHAZADO,53,0.3,MODERADO,R012,1,1,
682201102,RECHAZADO,28,0.3,MODERADO,R004|R005,2,0,
682301101,RECHAZADO,45,0.3,MODERADO,R005,1,0,
682401101,RECHAZADO,9,0.3,MODERADO,R002|R005,2,0,
682507101,REVISION_MANUAL,78,0.3,MODERADO,R005|R012|R015,3,2,
682605101,RECHAZADO,44,0.3,MODERADO,R001|R004|R005|R010,4,0,
682706101,RECHAZADO,44,0.3,MODERADO,R005,1,0,
682803102,APROBADO,81,0.3,MODERADO,R001|R012,2,1,
682902101,RECHAZADO,54,0.3,MODERADO,R001|R004|R012,3,1,
682902201,APROBADO,81,0.3,MODERADO,R003|R012,2,1,
683003101,REVISION_MANUAL,61,0.3,MODERADO,R005|R012,2,1,
683103103,APROBADO,95,0.3,MODERADO,R001|R012,2,1,
683201102,REVISION_MANUAL,66,0.3,MODERADO,R001|R004|R006|R012,4,1,
683301102,RECHAZADO,40,0.3,MODERADO,,0,0,
683402101,RECHAZADO,10,0.3,MODERADO,R002,1,0,
683503103,RECHAZADO,27,0.3,MODERADO,R004|R005,2,0,
683605101,APROBADO,85,0.3,MODERADO,R001|R005,2,0,
683703101,RECHAZADO,54,0.3,MODERADO,R012,1,1,
683805101,APROBADO,85,0.3,MODERADO,R001|R005,2,0,
683902101,APROBADO,95,0.3,MODERADO,R001|R005|R012,3,1,
684003102,RECHAZADO,12,0.3,MODERADO,R004,1,0,
684103101,RECHAZADO,46,0.3,MODERADO,R005,1,0,
684214101,RECHAZADO,10,0.3,MODERADO,R004,1,0,
684302101,APROBADO,93,0.3,MODERADO,R003|R005|R012|R015,4,2,
684402101,RECHAZADO,43,0.3,MODERADO,,0,0,
684504102,RECHAZADO,41,0.3,MODERADO,,0,0,
684604101,RECHAZADO,45,0.3,MODERADO,R005,1,0,
684704101,RECHAZADO,33,0.3,MODERADO,,0,0,
684805103,APROBADO,85,0.3,MODERADO,R001|R012,2,1,
684902102,APROBADO,100,0.3,MODERADO,R001|R005|R012|R015,4,2,
685003101,RECHAZADO,50,0.3,MODERADO,R012,1,1,
685103102,REVISION_MANUAL,73,0.3,MODERADO,R001,1,0,
685202101,REVISION_MANUAL,70,0.3,MODERADO,R001|R012,2,1,
685305101,RECHAZADO,43,0.3,MODERADO,R001|R004,2,0,
685408104,RECHAZADO,16,0.3,MODERADO,R009,1,0,
685503102,RECHAZADO,58,0.3,MODERADO,R012,1,1,
685607101,RECHAZADO,43,0.3,MODERADO,R005,1,0,
685715101,RECHAZADO,30,0.3,MODERADO,R004|R005,2,0,
685801102,RECHAZADO,0,0.3,MODERADO,R002|R004|R005,3,0,
685901101,RECHAZADO,15,0.3,MODERADO,R010,1,0,
686017102,RECHAZADO,30,0.3,MODERADO,R004|R005,2,0,
686017201,RECHAZADO,59,0.3,MODERADO,R005|R012,2,1,
686103101,APROBADO,98,0.3,MODERADO,R001|R005|R012,3,1,
686214101,REVISION_MANUAL,79,0.3,MODERADO,R001|R012,2,1,
686304102,RECHAZADO,0,0.3,MODERADO,R002|R004|R010,3,0,
686401102,RECHAZADO,6,0.3,MODERADO,R002,1,0,
686511103,REVISION_MANUAL,65,0.3,MODERADO,R003,1,0,
686602103,RECHAZADO,0,0.3,MODERADO,R002|R004,2,0,
686719102,APROBADO,81,0.3,MODERADO,R001|R006,2,0,
686801101,RECHAZADO,13,0.3,MODERADO,R004,1,0,
686901101,APROBADO,84,0.3,MODERADO,R001|R012,2,1,
687002102,RECHAZADO,50,0.3,MODERADO,R012,1,1,
687105101,APROBADO,99,0.3,MODERADO,R001|R005|R012,3,1,
687202101,APROBADO,100,0.3,MODERADO,R001|R005|R012|R015,4,2,
687314102,REVISION_MANUAL,60,0.3,MODERADO,R001,1,0,
687404101,RECHAZADO,39,0.3,MODERADO,R002|R003|R005,3,0,
687504101,RECHAZADO,38,0.3,MODERADO,R004|R005|R012,3,1,
687616101,RECHAZADO,27,0.3,MODERADO,R004|R005,2,0,
687712101,RECHAZADO,55,0.3,MODERADO,R005,1,0,
687803102,RECHAZADO,30,0.3,MODERADO,,0,0,
687905101,RECHAZADO,28,0.3,MODERADO,,0,0,
688003101,APROBADO,100,0.3,MODERADO,R001|R005|R012,3,1,
688101102,REVISION_MANUAL,72,0.3,MODERADO,R001|R006,2,0,
688205103,RECHAZADO,58,0.3,MODERADO,R001,1,0,
688301101,RECHAZADO,58,0.3,MODERADO,R005|R012,2,1,
688407102,RECHAZADO,9,0.3,MODERADO,R004,1,0,
688504101,APROBADO,100,0.3,MODERADO,R001|R005|R012|R015,4,2,
688601103,RECHAZADO,15,0.3,MODERADO,R010,1,0,
688702101,RECHAZADO,55,0.3,MODERADO,R005,1,0,
688801102,RECHAZADO,52,0.3,MODERADO,R012,1,1,
688901101,RECHAZADO,38,0.3,MODERADO,,0,0,
689002101,RECHAZADO,0,0.3,MODERADO,R002|R004,2,0,
689104101,REVISION_MANUAL,60,0.3,MODERADO,R005|R012,2,1,
689203102,RECHAZADO,58,0.3,MODERADO,R001,1,0,
689312101,RECHAZADO,30,0.3,MODERADO,R004|R005,2,0,
689419102,RECHAZADO,39,0.3,MODERADO,,0,0,
689502102,RECHAZADO,10,0.3,MODERADO,R002,1,0,
689603102,RECHAZADO,15,0.3,MODERADO,R004,1,0,
689705103,APROBADO,87,0.3,MODERADO,R001|R005|R012,3,1,
689801102,RECHAZADO,27,0.3,MODERADO,R002|R005,2,0,
689909102,RECHAZADO,0,0.3,MODERADO,R002|R004|R010,3,0,
690004101,RECHAZADO,48,0.3,MODERADO,R012,1,1,
690102101,RECHAZADO,11,0.3,MODERADO,R004,1,0,
690204103,RECHAZADO,59,0.3,MODERADO,R012,1,1,
690305101,REVISION_MANUAL,71,0.3,MODERADO,R001|R004|R005|R012,4,1,
690407102,RECHAZADO,58,0.3,MODERADO,R001|R004|R005,3,0,
690407202,RECHAZADO,51,0.3,MODERADO,R012,1,1,
690505102,RECHAZADO,10,0.3,MODERADO,R004,1,0,
690604103,REVISION_MANUAL,74,0.3,MODERADO,R001|R010|R012,3,1,
690604203,RECHAZADO,41,0.3,MODERADO,,0,0,
690701102,APROBADO,82,0.3,MODERADO,R001|R012,2,1,
690804101,RECHAZADO,58,0.3,MODERADO,R001|R004|R005,3,0,
690905101,RECHAZADO,51,0.3,MODERADO,R012,1,1,
691019101,RECHAZADO,56,0.3,MODERADO,R005,1,0,
691101101,RECHAZADO,44,0.3,MODERADO,R005,1,0,
691216102,RECHAZADO,0,0.3,MODERADO,R002|R004,2,0,
691303101,APROBADO,88,0.3,MODERADO,R001|R012,2,1,
691408102,RECHAZADO,21,0.3,MODERADO,R004|R012,2,1,
691516101,APROBADO,80,0.3,MODERADO,R005|R012|R015,3,2,
691603101,REVISION_MANUAL,66,0.3,MODERADO,R005|R012,2,1,
691705102,RECHAZADO,15,0.3,MODERADO,R004,1,0,
691705202,RECHAZADO,11,0.3,MODERADO,R004|R009|R012,3,1,
691810101,RECHAZADO,27,0.3,MODERADO,R004|R005,2,0,
691905101,RECHAZADO,6,0.3,MODERADO,R002,1,0,
692005101,RECHAZADO,38,0.3,MODERADO,R004|R005|R012,3,1,
692105101,REVISION_MANUAL,60,0.3,MODERADO,R005|R012,2,1,
692210101,RECHAZADO,41,0.3,MODERADO,R001|R004,2,0,
692304102,RECHAZADO,41,0.3,MODERADO,,0,0,
692411101,RECHAZADO,22,0.3,MODERADO,R004|R005|R010|R012,4,1,
692504101,REVISION_MANUAL,70,0.3,MODERADO,R001,1,0,
692602102,APROBADO,98,0.3,MODERADO,R001|R005|R012,3,1,
692701102,RECHAZADO,44,0.3,MODERADO,R005,1,0,
692801102,APROBADO,82,0.3,MODERADO,R001|R012,2,1,
692908102,RECHAZADO,28,0.3,MODERADO,,0,0,
693005102,RECHAZADO,0,0.3,MODERADO,R002|R004|R006,3,0,
693118102,RECHAZADO,12,0.3,MODERADO,R004,1,0,
693214103,RECHAZADO,35,0.3,MODERADO,R009|R012,2,1,
693316101,APROBADO,100,0.3,MODERADO,R001|R005|R012,3,1,
693402101,RECHAZADO,11,0.3,MODERADO,R004,1,0,
693501102,RECHAZADO,28,0.3,MODERADO,R004|R005,2,0,
693610101,APROBADO,85,0.3,MODERADO,R001|R005,2,0,
693703101,RECHAZADO,45,0.3,MODERADO,R005,1,0,
693803101,RECHAZADO,58,0.3,MODERADO,R001|R004|R005,3,0,
693904101,APROBADO,100,0.3,MODERADO,R001|R005|R012,3,1,
694002101,APROBADO,83,0.3,MODERADO,R005|R012|R015,3,2,
694102102,RECHAZADO,28,0.3,MODERADO,,0,0,
694205102,REVISION_MANUAL,72,0.3,MODERADO,R001|R004|R005|R012,4,1,
694301102,RECHAZADO,13,0.3,MODERADO,R004,1,0,
694404101,RECHAZADO,20,0.3,MODERADO,R002|R005,2,0,
694505102,RECHAZADO,42,0.3,MODERADO,R012,1,1,
694601102,REVISION_MANUAL,65,0.3,MODERADO,R005|R012,2,1,
694716103,RECHAZADO,27,0.3,MODERADO,,0,0,
694802102,REVISION_MANUAL,71,0.3,MODERADO,R001,1,0,
694905101,RECHAZADO,44,0.3,MODERADO,R002|R003|R005,3,0,
695004102,RECHAZADO,12,0.3,MODERADO,R004,1,0,
695105101,APROBADO,100,0.3,MODERADO,R001|R005|R012,3,1,
695203101,APROBADO,100,0.3,MODERADO,R001|R005|R012,3,1,
695305101,APROBADO,100,0.3,MODERADO,R001|R003|R005|R012|R015,5,2,
695405102,APROBADO,88,0.3,MODERADO,R001|R012,2,1,
695506104,REVISION_MANUAL,79,0.3,MODERADO,R001|R012,2,1,
695603102,RECHAZADO,42,0.3,MODERADO,,0,0,
695701101,RECHAZADO,22,0.3,MODERADO,R004|R012,2,1,
695802102,RECHAZADO,25,0.3,MODERADO,R004|R005,2,0,
695903103,RECHAZADO,0,0.3,MODERADO,R004|R009,2,0,
696004101,REVISION_MANUAL,71,0.3,MODERADO,R001,1,0,
696102102,RECHAZADO,28,0.3,MODERADO,R004|R005,2,0,
696210101,RECHAZADO,30,0.3,MODERADO,,0,0,
696210202,RECHAZADO,21,0.3,MODERADO,R004|R012,2,1,
696303101,RECHAZADO,24,0.3,MODERADO,R002|R005,2,0,
696405102,RECHAZADO,10,0.3,MODERADO,R004|R009|R012,3,1,
696504101,RECHAZADO,25,0.3,MODERADO,R004|R005,2,0,
696603103,RECHAZADO,39,0.3,MODERADO,R009|R012,2,1,
696718102,RECHAZADO,28,0.3,MODERADO,,0,0,
696801102,RECHAZADO,52,0.3,MODERADO,R001|R004|R012,3,1,
696904102,REVISION_MANUAL,71,0.3,MODERADO,R001|R004|R005|R012,4,1,
697005103,APROBADO,81,0.3,MODERADO,R001|R012,2,1,
697101102,RECHAZADO,43,0.3,MODERADO,,0,0,
697204102,RECHAZADO,59,0.3,MODERADO,R001,1,0,
697303102,APROBADO,91,0.3,MODERADO,R003|R012,2,1,
697410101,REVISION_MANUAL,62,0.3,MODERADO,R005|R012,2,1,
697503101,RECHAZADO,56,0.3,MODERADO,R001|R004|R005,3,0,
697602101,REVISION_MANUAL,60,0.3,MODERADO,R005|R010|R012,3,1,
697713101,RECHAZADO,44,0.3,MODERADO,R005,1,0,
697801101,RECHAZADO,58,0.3,MODERADO,R001,1,0,
697903101,RECHAZADO,28,0.3,MODERADO,R004|R005,2,0,
698020101,RECHAZADO,0,0.3,MODERADO,R002|R004,2,0,
698102101,APROBADO,100,0.3,MODERADO,R001|R005|R006|R012|R015,5,2,
698209102,RECHAZADO,12,0.3,MODERADO,R004,1,0,
698304101,REVISION_MANUAL,76,0.3,MODERADO,R005|R012|R015,3,2,
698402101,REVISION_MANUAL,74,0.3,MODERADO,R001|R006,2,0,
698504101,RECHAZADO,58,0.3,MODERADO,R001|R004|R005,3,0,
698615101,RECHAZADO,13,0.3,MODERADO,R004,1,0,
698720101,RECHAZADO,17,0.3,MODERADO,R010,1,0,
698801102,APROBADO,83,0.3,MODERADO,R001|R012,2,1,
698904102,RECHAZADO,0,0.3,MODERADO,R004|R010,2,0,
699001103,RECHAZADO,17,0.3,MODERADO,R010,1,0,
699104103,RECHAZADO,8,0.3,MODERADO,R004|R009|R012,3,1,
699205101,RECHAZADO,28,0.3,MODERADO,R002|R005,2,0,
699304101,RECHAZADO,51,0.3,MODERADO,R002|R003,2,0,
699408101,RECHAZADO,21,0.3,MODERADO,R004|R012,2,1,
699505101,REVISION_MANUAL,66,0.3,MODERADO,R005|R012,2,1,
699604102,RECHAZADO,23,0.3,MODERADO,R002|R005,2,0,
699707102,RECHAZADO,27,0.3,MODERADO,R001|R004|R010,3,0,
699803101,RECHAZADO,56,0.3,MODERADO,R005,1,0,
699902101,RECHAZADO,25,0.3,MODERADO,R004|R005,2,0,
700002103,RECHAZADO,48,0.3,MODERADO,R012,1,1,
700103101,REVISION_MANUAL,78,0.3,MODERADO,R003|R012,2,1,
700203102,RECHAZADO,11,0.3,MODERADO,R004,1,0,
700306101,RECHAZADO,27,0.3,MODERADO,R004|R005,2,0,
700402101,RECHAZADO,54,0.3,MODERADO,R005|R012,2,1,
700501101,APROBADO,99,0.3,MODERADO,R001|R005|R012,3,1,
700603101,RECHAZADO,45,0.3,MODERADO,R005,1,0,
700705101,APROBADO,85,0.3,MODERADO,R001|R005,2,0,
700802102,RECHAZADO,24,0.3,MODERADO,R004|R012,2,1,
700917101,RECHAZADO,46,0.3,MODERADO,R005,1,0,
701001101,RECHAZADO,13,0.3,MODERADO,R004,1,0,
701103101,APROBADO,100,0.3,MODERADO,R001|R005|R012|R015,4,2,
701203103,REVISION_MANUAL,70,0.3,MODERADO,R001|R012,2,1,
701301101,RECHAZADO,10,0.3,MODERADO,R004,1,0,
701403103,RECHAZADO,13,0.3,MODERADO,R009|R010,2,0,
701502101,RECHAZADO,28,0.3,MODERADO,,0,0,
701612101,RECHAZADO,45,0.3,MODERADO,R005,1,0,
701704101,REVISION_MANUAL,77,0.3,MODERADO,R005|R012|R015,3,2,
701805102,REVISION_MANUAL,70,0.3,MODERADO,R001|R012,2,1,
701904101,RECHAZADO,28,0.3,MODERADO,R004|R005,2,0,
702004103,RECHAZADO,0,0.3,MODERADO,R002,1,0,
702116101,RECHAZADO,55,0.3,MODERADO,R005,1,0,
702202104,RECHAZADO,0,0.3,MODERADO,R004|R009|R010|R012,4,1,
702305103,RECHAZADO,18,0.3,MODERADO,R002|R005,2,0,
702402101,APROBADO,91,0.3,MODERADO,R001|R005|R012,3,1,
702501101,APROBADO,84,0.3,MODERADO,R001|R005|R009|R012,4,1,
702606101,RECHAZADO,12,0.3,MODERADO,R004|R005|R010,3,0,
702718103,RECHAZADO,30,0.3,MODERADO,,0,0,
702809101,RECHAZADO,51,0.3,MODERADO,R012,1,1,
702915101,REVISION_MANUAL,78,0.3,MODERADO,R001|R005,2,0,
703005102,APROBADO,100,0.3,MODERADO,R001|R005|R012|R015,4,2,
703101102,APROBADO,98,0.3,MODERADO,R001|R005|R012,3,1,
703205103,RECHAZADO,22,0.3,MODERADO,R004|R012,2,1,
703310104,RECHAZADO,0,0.3,MODERADO,R002,1,0,
703404101,RECHAZADO,26,0.3,MODERADO,R004|R005,2,0,
703520102,RECHAZADO,25,0.3,MODERADO,R004|R005,2,0,
703617101,APROBADO,100,0.3,MODERADO,R001|R005|R012,3,1,
703701102,RECHAZADO,0,0.3,MODERADO,R002|R004,2,0,
703805102,APROBADO,98,0.3,MODERADO,R001|R005|R012,3,1,
703904102,RECHAZADO,56,0.3,MODERADO,R001|R004|R012,3,1,
704001101,REVISION_MANUAL,71,0.3,MODERADO,R001|R004|R005|R012,4,1,
704101101,RECHAZADO,37,0.3,MODERADO,R010|R012,2,1,
704216101,RECHAZADO,23,0.3,MODERADO,R004|R005,2,0,
704301101,REVISION_MANUAL,66,0.3,MODERADO,R005|R012,2,1,
704416101,RECHAZADO,43,0.3,MODERADO,R005,1,0,
704503102,RECHAZADO,6,0.3,MODERADO,R002,1,0,
704603104,RECHAZADO,27,0.3,MODERADO,R009,1,0,
704719102,RECHAZADO,43,0.3,MODERADO,R001|R004,2,0,
704805104,RECHAZADO,0,0.3,MODERADO,R004|R009,2,0,
704905101,RECHAZADO,30,0.3,MODERADO,,0,0,
705004102,RECHAZADO,58,0.3,MODERADO,R001,1,0,
705119101,RECHAZADO,47,0.3,MODERADO,R005,1,0,
705205101,REVISION_MANUAL,60,0.3,MODERADO,R005|R012,2,1,
705301101,RECHAZADO,25,0.3,MODERADO,R004|R005|R010|R012,4,1,
705403101,APROBADO,100,0.3,MODERADO,R001|R005|R012,3,1,
705511102,RECHAZADO,26,0.3,MODERADO,R004|R005|R009|R012,4,1,
705605101,APROBADO,86,0.3,MODERADO,R001|R012,2,1,
705710101,RECHAZADO,20,0.3,MODERADO,R002|R005,2,0,
705805101,RECHAZADO,11,0.3,MODERADO,R004,1,0,
705905101,RECHAZADO,45,0.3,MODERADO,R005,1,0,
706002101,APROBADO,85,0.3,MODERADO,R001|R005,2,0,
706102101,RECHAZADO,26,0.3,MODERADO,R004|R005,2,0,
706201104,RECHAZADO,54,0.3,MODERADO,R012,1,1,
706305101,APROBADO,100,0.3,MODERADO,R001|R012,2,1,
706401102,RECHAZADO,15,0.3,MODERADO,R004,1,0,
706501101,REVISION_MANUAL,68,0.3,MODERADO,R001|R004|R005|R012,4,1,
706501201,RECHAZADO,36,0.3,MODERADO,R002|R005|R015,3,1,
706602101,RECHAZADO,38,0.3,MODERADO,,0,0,
706602201,RECHAZADO,55,0.3,MODERADO,R012,1,1,
706704101,RECHAZADO,43,0.3,MODERADO,R005,1,0,
706814101,RECHAZADO,46,0.3,MODERADO,R005,1,0,
706903101,RECHAZADO,6,0.3,MODERADO,R002,1,0,
707020101,RECHAZADO,58,0.3,MODERADO,R005|R012,2,1,
707103102,RECHAZADO,13,0.3,MODERADO,R004,1,0,
707208101,RECHAZADO,57,0.3,MODERADO,R005,1,0,
707305102,RECHAZADO,12,0.3,MODERADO,R004,1,0,
707416102,RECHAZADO,0,0.3,MODERADO,R004|R009|R010|R012,4,1,
707503101,APROBADO,95,0.3,MODERADO,R001|R012,2,1,
707602101,APROBADO,97,0.3,MODERADO,R001|R005|R006,3,0,
707712105,RECHAZADO,0,0.3,MODERADO,R004|R010,2,0,
707802101,REVISION_MANUAL,73,0.3,MODERADO,R001,1,0,
707904102,REVISION_MANUAL,70,0.3,MODERADO,R001,1,0,
708003103,RECHAZADO,29,0.3,MODERADO,,0,0,
708112105,APROBADO,87,0.3,MODERADO,R001|R005|R012,3,1,
708218102,RECHAZADO,10,0.3,MODERADO,R004,1,0,
708302102,REVISION_MANUAL,70,0.3,MODERADO,R001,1,0,
708405101,APROBADO,83,0.3,MODERADO,R001|R005,2,0,
708501103,RECHAZADO,45,0.3,MODERADO,R005,1,0,
708601101,APROBADO,84,0.3,MODERADO,R001|R012,2,1,
708703104,APROBADO,98,0.3,MODERADO,R001|R005|R012,3,1,
708805103,RECHAZADO,47,0.3,MODERADO,R001|R010,2,0,
708905101,RECHAZADO,41,0.3,MODERADO,,0,0,
709002102,RECHAZADO,43,0.3,MODERADO,,0,0,
709103101,REVISION_MANUAL,75,0.3,MODERADO,R001|R005,2,0,
709218103,REVISION_MANUAL,66,0.3,MODERADO,R005|R012,2,1,
709309102,RECHAZADO,40,0.3,MODERADO,R012,1,1,
709402101,RECHAZADO,59,0.3,MODERADO,R001,1,0,
709503101,RECHAZADO,47,0.3,MODERADO,R005,1,0,
709601101,RECHAZADO,0,0.3,MODERADO,R002|R004|R005,3,0,
709701103,RECHAZADO,10,0.3,MODERADO,R004|R009|R012,3,1,
709802101,REVISION_MANUAL,68,0.3,MODERADO,R001|R004|R005|R012,4,1,
709904101,RECHAZADO,20,0.3,MODERADO,R002|R005,2,0,
710012101,RECHAZADO,28,0.3,MODERADO,R004|R005,2,0,
710112102,RECHAZADO,21,0.3,MODERADO,R004|R012,2,1,
710207101,RECHAZADO,56,0.3,MODERADO,R005,1,0,
710303101,RECHAZADO,52,0.3,MODERADO,R012,1,1,
710403102,RECHAZADO,10,0.3,MODERADO,R002,1,0,
710512101,RECHAZADO,52,0.3,MODERADO,R001|R004|R006,3,0,
710605103,RECHAZADO,28,0.3,MODERADO,,0,0,
710715103,RECHAZADO,13,0.3,MODERADO,R004,1,0,
710814101,RECHAZADO,27,0.3,MODERADO,R004|R005,2,0,
710911102,RECHAZADO,10,0.3,MODERADO,R004,1,0,
711001101,APROBADO,88,0.3,MODERADO,R001|R012,2,1,
711104101,APROBADO,87,0.3,MODERADO,R001|R005|R012,3,1,
711201102,RECHAZADO,11,0.3,MODERADO,R004,1,0,
711303101,RECHAZADO,25,0.3,MODERADO,R004|R012,2,1,
711418101,REVISION_MANUAL,66,0.3,MODERADO,R005|R012,2,1,
711503102,RECHAZADO,5,0.3,MODERADO,R002,1,0,
711604102,RECHAZADO,0,0.3,MODERADO,R004|R010,2,0,
711704101,APROBADO,95,0.3,MODERADO,R001|R005|R015,3,1,
711809101,RECHAZADO,44,0.3,MODERADO,R005,1,0,
711917101,RECHAZADO,48,0.3,MODERADO,R005,1,0,
712001102,APROBADO,88,0.3,MODERADO,R001|R012,2,1,
712105101,RECHAZADO,0,0.3,MODERADO,R002,1,0,
712201101,RECHAZADO,20,0.3,MODERADO,R002|R005,2,0,
712304101,RECHAZADO,25,0.3,MODERADO,R004|R012,2,1,
712404101,REVISION_MANUAL,79,0.3,MODERADO,R001|R012,2,1,
712520101,RECHAZADO,42,0.3,MODERADO,R012,1,1,
712615102,APROBADO,96,0.3,MODERADO,R001|R005|R006,3,0,
712704101,APROBADO,88,0.3,MODERADO,R001|R012,2,1,
712809101,APROBADO,86,0.3,MODERADO,R001|R005,2,0,
712906101,RECHAZADO,28,0.3,MODERADO,R004|R005,2,0,
713005101,RECHAZADO,38,0.3,MODERADO,R001|R004,2,0,
713101101,APROBADO,87,0.3,MODERADO,R001|R005|R012,3,1,
713201102,RECHAZADO,15,0.3,MODERADO,R004,1,0,
713320101,REVISION_MANUAL,77,0.3,MODERADO,R001|R012,2,1,
713401102,REVISION_MANUAL,72,0.3,MODERADO,R001,1,0,
713504102,RECHAZADO,0,0.3,MODERADO,R004|R010,2,0,
713604103,RECHAZADO,30,0.3,MODERADO,,0,0,
713705101,RECHAZADO,22,0.3,MODERADO,R002|R005,2,0,
713818102,RECHAZADO,59,0.3,MODERADO,R001,1,0,
713904101,RECHAZADO,17,0.3,MODERADO,R010,1,0,
714002102,RECHAZADO,4,0.3,MODERADO,R002,1,0,
714118101,RECHAZADO,57,0.3,MODERADO,R005,1,0,
714201104,RECHAZADO,55,0.3,MODERADO,R001|R009,2,0,
714305101,APROBADO,100,0.3,MODERADO,R001|R005|R012|R015,4,2,
714415101,RECHAZADO,42,0.3,MODERADO,R005,1,0,
714501102,APROBADO,83,0.3,MODERADO,R001|R012,2,1,
714617101,RECHAZADO,1,0.3,MODERADO,R002|R005|R010,3,0,
714705101,RECHAZADO,28,0.3,MODERADO,R004|R005,2,0,
714816102,RECHAZADO,12,0.3,MODERADO,R004,1,0,
714916101,RECHAZADO,27,0.3,MODERADO,R004|R005,2,0,
715012102,RECHAZADO,41,0.3,MODERADO,R001|R004,2,0,
715106102,RECHAZADO,23,0.3,MODERADO,R004|R012,2,1,
715211102,RECHAZADO,29,0.3,MODERADO,,0,0,
715305102,RECHAZADO,53,0.3,MODERADO,R012,1,1,
715402102,RECHAZADO,43,0.3,MODERADO,,0,0,
715501103,RECHAZADO,27,0.3,MODERADO,R004|R012,2,1,
715617105,RECHAZADO,55,0.3,MODERADO,R001|R010,2,0,
715701102,RECHAZADO,26,0.3,MODERADO,R004|R005,2,0,
715801103,APROBADO,96,0.3,MODERADO,R001|R005|R012,3,1,
715904101,RECHAZADO,25,0.3,MODERADO,R004|R012,2,1,
716003101,RECHAZADO,53,0.3,MODERADO,R001|R004|R005,3,0,
716105102,RECHAZADO,9,0.3,MODERADO,R002|R006,2,0,
716220103,RECHAZADO,15,0.3,MODERADO,R004,1,0,
716302101,RECHAZADO,28,0.3,MODERADO,,0,0,
716403101,APROBADO,100,0.3,MODERADO,R001|R005|R012,3,1,
716504102,APROBADO,86,0.3,MODERADO,R001|R005|R012,3,1,
716605102,RECHAZADO,28,0.3,MODERADO,R004|R005,2,0,
716717102,RECHAZADO,17,0.3,MODERADO,R010,1,0,
716803101,APROBADO,100,0.3,MODERADO,R001|R005|R012|R015,4,2,
716902101,APROBADO,100,0.3,MODERADO,R001|R005|R012,3,1,
717004102,REVISION_MANUAL,68,0.3,MODERADO,R001,1,0,
717118103,RECHAZADO,13,0.3,MODERADO,R004,1,0,
717204103,REVISION_MANUAL,66,0.3,MODERADO,R001|R009|R012,3,1,
717305102,RECHAZADO,30,0.3,MODERADO,R004|R005,2,0,
717418101,APROBADO,85,0.3,MODERADO,R001|R005,2,0,
717501101,RECHAZADO,31,0.3,MODERADO,,0,0,
717603101,RECHAZADO,55,0.3,MODERADO,R012,1,1,
717703101,APROBADO,86,0.3,MODERADO,R001|R012,2,1,
717801105,RECHAZADO,0,0.3,MODERADO,R002|R009,2,0,
717908102,RECHAZADO,27,0.3,MODERADO,R004|R005,2,0,
718013102,RECHAZADO,39,0.3,MODERADO,R004|R005|R012,3,1,
718120102,RECHAZADO,27,0.3,MODERADO,R010,1,0,
718205101,RECHAZADO,5,0.3,MODERADO,R002|R005|R010,3,0,
718313103,REVISION_MANUAL,70,0.3,MODERADO,R001,1,0,
718401103,REVISION_MANUAL,68,0.3,MODERADO,R001|R009|R012,3,1,
718505102,RECHAZADO,39,0.3,MODERADO,R012,1,1,
718603102,REVISION_MANUAL,74,0.3,MODERADO,R005|R012,2,1,
718701104,RECHAZADO,58,0.3,MODERADO,R001|R006|R009,3,0,
718803102,RECHAZADO,12,0.3,MODERADO,R004,1,0,
718901101,RECHAZADO,49,0.3,MODERADO,R012,1,1,
719004101,RECHAZADO,27,0.3,MODERADO,R004|R005,2,0,
719104102,RECHAZADO,42,0.3,MODERADO,R012,1,1,
719203101,APROBADO,91,0.3,MODERADO,R001|R012,2,1,
719305103,RECHAZADO,27,0.3,MODERADO,R010,1,0,
719416108,RECHAZADO,3,0.3,MODERADO,R009|R010,2,0,
719501102,RECHAZADO,37,0.3,MODERADO,R010|R012,2,1,
719602101,RECHAZADO,29,0.3,MODERADO,,0,0,
719703101,APROBADO,96,0.3,MODERADO,R001|R005|R012,3,1,
719809102,RECHAZADO,17,0.3,MODERADO,R009,1,0,
719908102,RECHAZADO,12,0.3,MODERADO,R004,1,0,
720005102,RECHAZADO,58,0.3,MODERADO,R001|R004|R005,3,0,
720102104,RECHAZADO,23,0.3,MODERADO,R002|R005,2,0,
720214103,RECHAZADO,15,0.3,MODERADO,R009,1,0,
720316101,RECHAZADO,59,0.3,MODERADO,R001,1,0,
720416101,REVISION_MANUAL,62,0.3,MODERADO,R001|R005|R010,3,0,
720502101,RECHAZADO,23,0.3,MODERADO,R004|R005,2,0,
720602101,APROBADO,100,0.3,MODERADO,R003|R005|R012|R015,4,2,
720702101,RECHAZADO,21,0.3,MODERADO,R002|R005,2,0,
720801101,REVISION_MANUAL,73,0.3,MODERADO,R001,1,0,
720909101,RECHAZADO,43,0.3,MODERADO,R005,1,0,
721016101,RECHAZADO,46,0.3,MODERADO,R005,1,0,
721102101,APROBADO,98,0.3,MODERADO,R001|R005|R012,3,1,
721220101,APROBADO,86,0.3,MODERADO,R001|R012,2,1,
721304101,REVISION_MANUAL,72,0.3,MODERADO,R001,1,0,
721418103,RECHAZADO,25,0.3,MODERADO,R010,1,0,
721516103,RECHAZADO,42,0.3,MODERADO,,0,0,
721605101,RECHAZADO,30,0.3,MODERADO,,0,0,
721719101,REVISION_MANUAL,79,0.3,MODERADO,R001|R012,2,1,
721804102,RECHAZADO,27,0.3,MODERADO,R009,1,0,
721911101,RECHAZADO,45,0.3,MODERADO,R005,1,0,
722004101,RECHAZADO,41,0.3,MODERADO,R004|R005|R012,3,1,
722107101,RECHAZADO,42,0.3,MODERADO,R005|R010,2,0,
722201101,RECHAZADO,36,0.3,MODERADO,R002|R005|R015,3,1,
722303101,RECHAZADO,21,0.3,MODERADO,R004|R012,2,1,
722403101,RECHAZADO,37,0.3,MODERADO,R004|R005|R012,3,1,
722502102,REVISION_MANUAL,71,0.3,MODERADO,R001|R004|R005|R012,4,1,
722602101,REVISION_MANUAL,70,0.3,MODERADO,R001,1,0,
722705101,RECHAZADO,43,0.3,MODERADO,R009|R012,2,1,
722805101,RECHAZADO,54,0.3,MODERADO,R012,1,1,
722908103,RECHAZADO,13,0.3,MODERADO,R004,1,0,
723004101,REVISION_MANUAL,71,0.3,MODERADO,R001|R004|R005|R012,4,1,
723106101,RECHAZADO,27,0.3,MODERADO,R004|R005,2,0,
723209101,RECHAZADO,13,0.3,MODERADO,R002|R005,2,0,
723302101,RECHAZADO,29,0.3,MODERADO,R002|R005|R006,3,0,
723411101,RECHAZADO,46,0.3,MODERADO,R005,1,0,
723501101,RECHAZADO,26,0.3,MODERADO,R004|R005,2,0,
723607101,REVISION_MANUAL,62,0.3,MODERADO,R005|R012,2,1,
723716106,RECHAZADO,12,0.3,MODERADO,R004|R010|R012,3,1,
723816102,REVISION_MANUAL,72,0.3,MODERADO,R001|R012,2,1,
723902103,RECHAZADO,3,0.3,MODERADO,R009|R010,2,0,
724013102,RECHAZADO,40,0.3,MODERADO,R009|R012,2,1,
724105102,RECHAZADO,25,0.3,MODERADO,R004|R005,2,0,
724201102,RECHAZADO,13,0.3,MODERADO,R004,1,0,
724201202,RECHAZADO,39,0.3,MODERADO,,0,0,
724321101,REVISION_MANUAL,64,0.3,MODERADO,R005|R012,2,1,
724420102,REVISION_MANUAL,73,0.3,MODERADO,R001,1,0,
724501101,RECHAZADO,32,0.3,MODERADO,R002|R005,2,0,
724619104,RECHAZADO,8,0.3,MODERADO,R004|R009|R012,3,1,
724704101,RECHAZADO,36,0.3,MODERADO,R004|R005|R012,3,1,
724819101,APROBADO,100,0.3,MODERADO,R001|R005|R012,3,1,
724909101,APROBADO,83,0.3,MODERADO,R001|R012,2,1,
725005103,REVISION_MANUAL,68,0.3,MODERADO,R001,1,0,
725105101,APROBADO,98,0.3,MODERADO,R001|R005|R012,3,1,
725211106,APROBADO,88,0.3,MODERADO,R001|R005|R010|R012,4,1,
725301101,RECHAZADO,0,0.3,MODERADO,R002|R004,2,0,
725410101,RECHAZADO,58,0.3,MODERADO,R005,1,0,
725502101,RECHAZADO,22,0.3,MODERADO,R002|R005,2,0,
725604101,RECHAZADO,53,0.3,MODERADO,R005,1,0,
725701102,RECHAZADO,26,0.3,MODERADO,R004|R005,2,0,
725807101,RECHAZADO,50,0.3,MODERADO,R005|R010|R012,3,1,
725904102,RECHAZADO,12,0.3,MODERADO,R004,1,0,
726004101,REVISION_MANUAL,78,0.3,MODERADO,R001|R012,2,1,
726104101,APROBADO,96,0.3,MODERADO,R001|R005|R012,3,1,
726203102,RECHAZADO,12,0.3,MODERADO,R004,1,0,
726308101,RECHAZADO,51,0.3,MODERADO,R005,1,0,
726402101,RECHAZADO,51,0.3,MODERADO,R012,1,1,
726502101,RECHAZADO,26,0.3,MODERADO,R004|R005,2,0,
726602101,RECHAZADO,42,0.3,MODERADO,R005|R010,2,0,
726702102,APROBADO,96,0.3,MODERADO,R001|R005|R012,3,1,
726804101,RECHAZADO,32,0.3,MODERADO,,0,0,
726905101,RECHAZADO,40,0.3,MODERADO,,0,0,
727002101,RECHAZADO,31,0.3,MODERADO,,0,0,
727110102,RECHAZADO,43,0.3,MODERADO,R001|R004|R006|R009,4,0,
727204101,RECHAZADO,38,0.3,MODERADO,R004|R005|R012,3,1,
727305101,RECHAZADO,58,0.3,MODERADO,R001|R004|R005,3,0,
727405101,APROBADO,100,0.3,MODERADO,R001|R005|R012,3,1,
727502102,APROBADO,100,0.3,MODERADO,R001|R005|R012,3,1,
727604102,RECHAZADO,25,0.3,MODERADO,R004|R012,2,1,
727708101,APROBADO,97,0.3,MODERADO,R001|R005|R012,3,1,
727801101,RECHAZADO,46,0.3,MODERADO,R005,1,0,
727905106,RECHAZADO,53,0.3,MODERADO,R012,1,1,
728003103,REVISION_MANUAL,68,0.3,MODERADO,R001|R010|R012,3,1,
728103104,RECHAZADO,56,0.3,MODERADO,R001|R010|R012,3,1,
728202103,REVISION_MANUAL,67,0.3,MODERADO,R001,1,0,
728314101,RECHAZADO,27,0.3,MODERADO,R010,1,0,
728411101,RECHAZADO,55,0.3,MODERADO,R012,1,1,
728501103,REVISION_MANUAL,72,0.3,MODERADO,R001|R006,2,0,
728601103,RECHAZADO,9,0.3,MODERADO,R004|R009|R012,3,1,
728702101,RECHAZADO,51,0.3,MODERADO,R005,1,0,
728801103,RECHAZADO,37,0.3,MODERADO,R010|R012,2,1,
728915101,APROBADO,80,0.3,MODERADO,R001|R012,2,1,
729004102,RECHAZADO,24,0.3,MODERADO,R004|R012,2,1,
729105101,RECHAZADO,53,0.3,MODERADO,R012,1,1,
729207103,RECHAZADO,40,0.3,MODERADO,,0,0,
729304106,RECHAZADO,26,0.3,MODERADO,,0,0,
729406101,RECHAZADO,48,0.3,MODERADO,R012,1,1,
729502101,APROBADO,82,0.3,MODERADO,R001|R012,2,1,
729605102,REVISION_MANUAL,70,0.3,MODERADO,R001|R006,2,0,
729701101,RECHAZADO,28,0.3,MODERADO,R004|R005,2,0,
729802103,RECHAZADO,45,0.3,MODERADO,R001|R004,2,0,
729901101,RECHAZADO,40,0.3,MODERADO,R012,1,1,
730010102,RECHAZADO,40,0.3,MODERADO,R005,1,0,
730101102,RECHAZADO,50,0.3,MODERADO,R012,1,1,
730204103,RECHAZADO,40,0.3,MODERADO,R012,1,1,
730304101,RECHAZADO,56,0.3,MODERADO,R012,1,1,
730401102,APROBADO,100,0.3,MODERADO,R001|R005|R012|R015,4,2,
730501102,RECHAZADO,58,0.3,MODERADO,R001|R004|R005,3,0,
730604102,RECHAZADO,13,0.3,MODERADO,R004,1,0,
730705101,APROBADO,100,0.3,MODERADO,R001|R005|R012,3,1,
730801101,APROBADO,100,0.3,MODERADO,R001|R003|R005|R012,4,1,
730901101,RECHAZADO,43,0.3,MODERADO,,0,0,
731002103,RECHAZADO,41,0.3,MODERADO,,0,0,
731116102,RECHAZADO,22,0.3,MODERADO,R004|R012,2,1,
731202101,APROBADO,85,0.3,MODERADO,R001|R012,2,1,
731305101,RECHAZADO,13,0.3,MODERADO,R004,1,0,
731401102,APROBADO,82,0.3,MODERADO,R001|R005|R010|R012,4,1,
731503101,APROBADO,100,0.3,MODERADO,R001|R005|R012,3,1,
731601101,RECHAZADO,23,0.3,MODERADO,R004|R005,2,0,
731713101,RECHAZADO,11,0.3,MODERADO,R004,1,0,
731801104,RECHAZADO,0,0.3,MODERADO,R004|R009,2,0,
731903102,REVISION_MANUAL,79,0.3,MODERADO,R001|R012,2,1,
732019102,RECHAZADO,15,0.3,MODERADO,R004,1,0,
732101101,RECHAZADO,32,0.3,MODERADO,,0,0,
732202101,RECHAZADO,45,0.3,MODERADO,R005,1,0,
732305101,APROBADO,100,0.3,MODERADO,R001|R005|R012,3,1,
732402101,RECHAZADO,59,0.3,MODERADO,R012,1,1,
732504101,APROBADO,93,0.3,MODERADO,R003|R005|R012,3,1,
732612101,RECHAZADO,25,0.3,MODERADO,R004|R005,2,0,
732703101,RECHAZADO,40,0.3,MODERADO,,0,0,
732812101,RECHAZADO,41,0.3,MODERADO,R012,1,1,
732902102,RECHAZADO,20,0.3,MODERADO,R004|R012,2,1,
733019101,RECHAZADO,28,0.3,MODERADO,R004|R005,2,0,
733109103,REVISION_MANUAL,69,0.3,MODERADO,R001|R006|R010,3,0,
733203101,RECHAZADO,23,0.3,MODERADO,R004|R012,2,1,
733305101,APROBADO,84,0.3,MODERADO,R001|R012,2,1,
733401101,RECHAZADO,21,0.3,MODERADO,R002|R005,2,0,
733501103,RECHAZADO,25,0.3,MODERADO,R004|R012,2,1,
733612101,RECHAZADO,11,0.3,MODERADO,R004,1,0,
733714102,REVISION_MANUAL,69,0.3,MODERADO,R001,1,0,
733819103,REVISION_MANUAL,75,0.3,MODERADO,R001|R005,2,0,
733902102,RECHAZADO,30,0.3,MODERADO,,0,0,
734014101,RECHAZADO,54,0.3,MODERADO,R005,1,0,
734101101,RECHAZADO,15,0.3,MODERADO,R004,1,0,
734212102,APROBADO,100,0.3,MODERADO,R001|R005|R006|R012,4,1,
734319102,RECHAZADO,40,0.3,MODERADO,,0,0,
734401104,RECHAZADO,41,0.3,MODERADO,R001|R004|R009|R012,4,1,
734505103,RECHAZADO,51,0.3,MODERADO,R012,1,1,
734611101,RECHAZADO,31,0.3,MODERADO,,0,0,
734704101,RECHAZADO,17,0.3,MODERADO,R002|R005,2,0,
734804101,REVISION_MANUAL,77,0.3,MODERADO,R001|R005,2,0,
734904103,APROBADO,80,0.3,MODERADO,R001|R012,2,1,
735003103,RECHAZADO,24,0.3,MODERADO,R004|R012,2,1,
735102101,RECHAZADO,46,0.3,MODERADO,R004|R005|R012,3,1,
735203101,APROBADO,100,0.3,MODERADO,R001|R003|R005|R012,4,1,
735307102,RECHAZADO,13,0.3,MODERADO,R004,1,0,
735403103,RECHAZADO,0,0.3,MODERADO,R002,1,0,
735504101,RECHAZADO,28,0.3,MODERADO,,0,0,
735619103,RECHAZADO,38,0.3,MODERADO,,0,0,
735710103,RECHAZADO,10,0.3,MODERADO,R004|R009|R012,3,1,
735804101,RECHAZADO,26,0.3,MODERADO,R004|R005,2,0,
735902102,RECHAZADO,53,0.3,MODERADO,R012,1,1,
736002104,RECHAZADO,36,0.3,MODERADO,,0,0,
736101102,RECHAZADO,45,0.3,MODERADO,R012,1,1,
736208102,RECHAZADO,13,0.3,MODERADO,R004,1,0,
736317101,RECHAZADO,40,0.3,MODERADO,,0,0,
736414102,RECHAZADO,0,0.3,MODERADO,R002|R004,2,0,
736505102,RECHAZADO,19,0.3,MODERADO,R004|R012,2,1,
736612101,RECHAZADO,38,0.3,MODERADO,,0,0,
736702102,RECHAZADO,38,0.3,MODERADO,,0,0,
736805101,APROBADO,100,0.3,MODERADO,R001|R005|R012|R015,4,2,
736904102,RECHAZADO,56,0.3,MODERADO,R001|R009,2,0,
737001102,RECHAZADO,10,0.3,MODERADO,R004,1,0,
737102105,RECHAZADO,52,0.3,MODERADO,R001|R004|R005|R010|R012,5,1,
737203102,RECHAZADO,10,0.3,MODERADO,R004|R009|R012,3,1,
737310101,RECHAZADO,30,0.3,MODERADO,R005|R010,2,0,
737403102,RECHAZADO,28,0.3,MODERADO,R004|R005,2,0,
737505101,REVISION_MANUAL,62,0.3,MODERADO,R012,1,1,
737605101,RECHAZADO,52,0.3,MODERADO,R012,1,1,
737703101,RECHAZADO,33,0.3,MODERADO,,0,0,
737808101,REVISION_MANUAL,75,0.3,MODERADO,R001|R005,2,0,
737901101,RECHAZADO,53,0.3,MODERADO,R005,1,0,
738015101,RECHAZADO,58,0.3,MODERADO,R001|R004|R005,3,0,
738105101,RECHAZADO,13,0.3,MODERADO,R004,1,0,
738201103,RECHAZADO,57,0.3,MODERADO,R012,1,1,
738302101,REVISION_MANUAL,63,0.3,MODERADO,R001,1,0,
738401101,RECHAZADO,29,0.3,MODERADO,,0,0,
738512101,RECHAZADO,58,0.3,MODERADO,R005|R012,2,1,
738601101,RECHAZADO,57,0.3,MODERADO,R012,1,1,
738705101,APROBADO,100,0.3,MODERADO,R001|R005|R012,3,1,
738814101,RECHAZADO,27,0.3,MODERADO,R004|R005,2,0,
738901101,RECHAZADO,53,0.3,MODERADO,R012,1,1,
739017102,RECHAZADO,27,0.3,MODERADO,R010,1,0,
739120102,RECHAZADO,0,0.3,MODERADO,R004|R010,2,0,
739205102,RECHAZADO,38,0.3,MODERADO,R004|R005|R012,3,1,
739304102,RECHAZADO,28,0.3,MODERADO,R004|R005,2,0,
739406102,REVISION_MANUAL,60,0.3,MODERADO,R005|R012,2,1,
739503101,APROBADO,83,0.3,MODERADO,R001|R012,2,1,
739607101,RECHAZADO,30,0.3,MODERADO,,0,0,
739702101,RECHAZADO,39,0.3,MODERADO,,0,0,
739812104,RECHAZADO,0,0.3,MODERADO,R002,1,0,
739901103,RECHAZADO,57,0.3,MODERADO,R001|R010,2,0,
740005101,RECHAZADO,0,0.3,MODERADO,R004|R010,2,0,
740103102,RECHAZADO,56,0.3,MODERADO,R012,1,1,
740103201,APROBADO,80,0.3,MODERADO,R005|R012|R015,3,2,
740208102,APROBADO,81,0.3,MODERADO,R001|R012,2,1,
740304101,RECHAZADO,28,0.3,MODERADO,R004|R005,2,0,
740406101,REVISION_MANUAL,79,0.3,MODERADO,R005|R012|R015,3,2,
740501102,RECHAZADO,29,0.3,MODERADO,,0,0,
740604101,APROBADO,98,0.3,MODERADO,R001|R005|R012,3,1,
740701102,REVISION_MANUAL,72,0.3,MODERADO,R001|R004|R005|R012,4,1,
740811101,RECHAZADO,13,0.3,MODERADO,R004,1,0,
740904102,RECHAZADO,12,0.3,MODERADO,R004,1,0,
741004102,RECHAZADO,54,0.3,MODERADO,R005|R012,2,1,
741102103,RECHAZADO,53,0.3,MODERADO,R012,1,1,
741201102,RECHAZADO,5,0.3,MODERADO,R002,1,0,
741303104,RECHAZADO,39,0.3,MODERADO,,0,0,
741417101,RECHAZADO,18,0.3,MODERADO,R009,1,0,
741519101,RECHAZADO,39,0.3,MODERADO,,0,0,
741620101,RECHAZADO,57,0.3,MODERADO,R001|R004|R005,3,0,
741703101,RECHAZADO,45,0.3,MODERADO,R005,1,0,
741805101,RECHAZADO,51,0.3,MODERADO,R012,1,1,
741905103,RECHAZADO,40,0.3,MODERADO,R001|R004|R009|R012,4,1,
742016101,APROBADO,94,0.3,MODERADO,R001|R005|R012,3,1,
742104102,RECHAZADO,8,0.3,MODERADO,R002,1,0,
742203102,RECHAZADO,39,0.3,MODERADO,R001|R004|R010|R012,4,1,
742305101,RECHAZADO,55,0.3,MODERADO,R012,1,1,
742401102,RECHAZADO,13,0.3,MODERADO,R004,1,0,
742504101,RECHAZADO,18,0.3,MODERADO,R002|R005,2,0,
742607102,REVISION_MANUAL,67,0.3,MODERADO,R001|R004|R005|R012,4,1,
742702102,RECHAZADO,10,0.3,MODERADO,R004,1,0,
742803101,REVISION_MANUAL,60,0.3,MODERADO,R012,1,1,
742902102,RECHAZADO,13,0.3,MODERADO,R004,1,0,
743005101,REVISION_MANUAL,75,0.3,MODERADO,R001|R005,2,0,
743104101,RECHAZADO,28,0.3,MODERADO,R004|R005,2,0,
743204103,APROBADO,90,0.3,MODERADO,R001|R012,2,1,
743313102,APROBADO,94,0.3,MODERADO,R001|R005|R012,3,1,
743403103,APROBADO,97,0.3,MODERADO,R001|R005|R012,3,1,
743501101,APROBADO,85,0.3,MODERADO,R001|R005,2,0,
743607101,RECHAZADO,54,0.3,MODERADO,R012,1,1,
743704101,APROBADO,84,0.3,MODERADO,R001|R012,2,1,
743802101,APROBADO,100,0.3,MODERADO,R001|R005|R012|R015,4,2,
743902101,RECHAZADO,6,0.3,MODERADO,R002,1,0,
744001102,RECHAZADO,57,0.3,MODERADO,R012,1,1,
744101101,RECHAZADO,0,0.3,MODERADO,R002,1,0,
744214101,RECHAZADO,26,0.3,MODERADO,R004|R005,2,0,
744305101,RECHAZADO,28,0.3,MODERADO,R004|R005,2,0,
744404103,RECHAZADO,57,0.3,MODERADO,R012,1,1,
744503102,APROBADO,84,0.3,MODERADO,R001|R005,2,0,
744602104,RECHAZADO,9,0.3,MODERADO,R004|R009|R012,3,1,
744705102,APROBADO,88,0.3,MODERADO,R001|R012,2,1,
744801101,RECHAZADO,13,0.3,MODERADO,R004,1,0,
744902101,APROBADO,100,0.3,MODERADO,R001|R005|R012|R015,4,2,
745004101,REVISION_MANUAL,60,0.3,MODERADO,R001|R004|R005,3,0,
745104101,RECHAZADO,20,0.3,MODERADO,R002|R006,2,0,
745202102,RECHAZADO,14,0.3,MODERADO,R002,1,0,
745313102,APROBADO,96,0.3,MODERADO,R001|R005|R012,3,1,
745403101,RECHAZADO,39,0.3,MODERADO,,0,0,
745513101,RECHAZADO,44,0.3,MODERADO,R001|R004|R005|R010,4,0,
745605101,RECHAZADO,27,0.3,MODERADO,,0,0,
745705102,RECHAZADO,12,0.3,MODERADO,R004,1,0,
745804101,RECHAZADO,43,0.3,MODERADO,,0,0,
745907103,RECHAZADO,0,0.3,MODERADO,R002|R004|R005,3,0,
746004103,RECHAZADO,9,0.3,MODERADO,R002|R005|R010,3,0,
746104102,RECHAZADO,31,0.3,MODERADO,,0,0,
746202101,RECHAZADO,13,0.3,MODERADO,R004,1,0,
746302101,RECHAZADO,40,0.3,MODERADO,,0,0,
746414101,RECHAZADO,47,0.3,MODERADO,R005,1,0,
746505103,APROBADO,87,0.3,MODERADO,R001|R012,2,1,
746604102,RECHAZADO,8,0.3,MODERADO,R004|R009|R012,3,1,
746704102,RECHAZADO,50,0.3,MODERADO,R012,1,1,
746801103,APROBADO,85,0.3,MODERADO,R001|R005,2,0,
746905102,RECHAZADO,28,0.3,MODERADO,R004|R005,2,0,
747004101,RECHAZADO,45,0.3,MODERADO,R005,1,0,
747102102,RECHAZADO,57,0.3,MODERADO,R012,1,1,
747205103,RECHAZADO,20,0.3,MODERADO,R004|R012,2,1,
747314102,RECHAZADO,39,0.3,MODERADO,,0,0,
747314201,RECHAZADO,33,0.3,MODERADO,,0,0,
747420102,RECHAZADO,42,0.3,MODERADO,R012,1,1,
747501102,RECHAZADO,13,0.3,MODERADO,R004,1,0,
747601101,RECHAZADO,19,0.3,MODERADO,R002|R005,2,0,
747708101,RECHAZADO,50,0.3,MODERADO,R012,1,1,
747817102,RECHAZADO,25,0.3,MODERADO,R004|R012,2,1,
747902105,RECHAZADO,38,0.3,MODERADO,R010|R012,2,1,
748005101,RECHAZADO,31,0.3,MODERADO,,0,0,
748102101,APROBADO,88,0.3,MODERADO,R001|R005|R012,3,1,
748204105,REVISION_MANUAL,66,0.3,MODERADO,R005|R012,2,1,
748302102,APROBADO,80,0.3,MODERADO,R001|R012,2,1,
748403101,RECHAZADO,50,0.3,MODERADO,R012,1,1,
748507102,RECHAZADO,13,0.3,MODERADO,R004,1,0,
748602101,RECHAZADO,54,0.3,MODERADO,R012,1,1,
748716103,RECHAZADO,17,0.3,MODERADO,R009,1,0,
748804101,RECHAZADO,31,0.3,MODERADO,,0,0,
748902101,APROBADO,89,0.3,MODERADO,R001|R005|R006,3,0,
749003101,RECHAZADO,19,0.3,MODERADO,R002|R005,2,0,
749101101,RECHAZADO,33,0.3,MODERADO,,0,0,
749201101,RECHAZADO,38,0.3,MODERADO,R004|R005|R012,3,1,
749304102,RECHAZADO,56,0.3,MODERADO,R005|R010|R012,3,1,
749405101,RECHAZADO,39,0.3,MODERADO,,0,0,
749510102,RECHAZADO,0,0.3,MODERADO,R004|R010,2,0,
749603101,RECHAZADO,54,0.3,MODERADO,R005,1,0,
749704102,RECHAZADO,52,0.3,MODERADO,R012,1,1,
749813102,RECHAZADO,13,0.3,MODERADO,R004,1,0,
749911102,RECHAZADO,58,0.3,MODERADO,R001,1,0,
750005106,RECHAZADO,6,0.3,MODERADO,R002,1,0,
750113103,RECHAZADO,10,0.3,MODERADO,R004,1,0,
750205101,RECHAZADO,56,0.3,MODERADO,R005,1,0,
750308102,RECHAZADO,28,0.3,MODERADO,R004|R005,2,0,
750402105,RECHAZADO,14,0.3,MODERADO,R004|R009|R012,3,1,
750503101,REVISION_MANUAL,73,0.3,MODERADO,R001,1,0,
750619102,RECHAZADO,57,0.3,MODERADO,R005,1,0,
750708101,RECHAZADO,46,0.3,MODERADO,R005,1,0,
750814105,RECHAZADO,0,0.3,MODERADO,R004|R010,2,0,
750905102,RECHAZADO,33,0.3,MODERADO,,0,0,
751015101,REVISION_MANUAL,73,0.3,MODERADO,R001,1,0,
751105102,RECHAZADO,27,0.3,MODERADO,,0,0,
751203101,APROBADO,87,0.3,MODERADO,R001|R012,2,1,
751304102,APROBADO,91,0.3,MODERADO,R001|R012,2,1,
751412101,RECHAZADO,58,0.3,MODERADO,R005,1,0,
751503101,RECHAZADO,28,0.3,MODERADO,R004|R005,2,0,
751604101,REVISION_MANUAL,65,0.3,MODERADO,R001,1,0,
751704101,RECHAZADO,11,0.3,MODERADO,R004,1,0,
751801101,REVISION_MANUAL,68,0.3,MODERADO,R005|R012,2,1,
751901101,APROBADO,96,0.3,MODERADO,R001|R005|R012,3,1,
752013101,RECHAZADO,12,0.3,MODERADO,R004|R005|R010,3,0,
752112102,RECHAZADO,17,0.3,MODERADO,R010,1,0,
752203101,RECHAZADO,40,0.3,MODERADO,,0,0,
752203201,RECHAZADO,59,0.3,MODERADO,R005|R012,2,1,
752203301,APROBADO,98,0.3,MODERADO,R001|R005|R012,3,1,
752304105,RECHAZADO,24,0.3,MODERADO,R009,1,0,
752402102,RECHAZADO,53,0.3,MODERADO,R012,1,1,
752501102,APROBADO,84,0.3,MODERADO,R001|R006|R009|R012,4,1,
752603102,RECHAZADO,42,0.3,MODERADO,R012,1,1,
752717101,RECHAZADO,12,0.3,MODERADO,R004,1,0,
752811101,RECHAZADO,11,0.3,MODERADO,R004,1,0,
752902102,RECHAZADO,37,0.3,MODERADO,R004|R005|R012,3,1,
753004101,REVISION_MANUAL,70,0.3,MODERADO,R001|R004|R005|R012,4,1,
753112102,RECHAZADO,22,0.3,MODERADO,R004|R012,2,1,
753216101,RECHAZADO,51,0.3,MODERADO,R012,1,1,
753304101,APROBADO,80,0.3,MODERADO,R001|R012,2,1,
753403102,REVISION_MANUAL,71,0.3,MODERADO,R001|R004|R005|R012,4,1,
753506101,RECHAZADO,25,0.3,MODERADO,R004|R005,2,0,
753601101,RECHAZADO,28,0.3,MODERADO,R004|R005,2,0,
753701102,APROBADO,95,0.3,MODERADO,R001|R012,2,1,
753804102,RECHAZADO,47,0.3,MODERADO,R001|R009,2,0,
753904103,RECHAZADO,41,0.3,MODERADO,,0,0,
754001103,RECHAZADO,51,0.3,MODERADO,R012,1,1,
754101101,RECHAZADO,56,0.3,MODERADO,R012,1,1,
754219101,RECHAZADO,41,0.3,MODERADO,,0,0,
754304101,REVISION_MANUAL,63,0.3,MODERADO,R005|R012,2,1,
754403101,REVISION_MANUAL,76,0.3,MODERADO,R001|R004|R005|R012,4,1,
754504101,RECHAZADO,15,0.3,MODERADO,R004,1,0,
754604103,RECHAZADO,10,0.3,MODERADO,R004|R009|R012,3,1,
754701102,RECHAZADO,12,0.3,MODERADO,R004,1,0,
754803101,RECHAZADO,58,0.3,MODERADO,R001|R004|R005,3,0,
754918105,RECHAZADO,54,0.3,MODERADO,R005|R012,2,1,
755004101,RECHAZADO,24,0.3,MODERADO,R004|R012,2,1,
755101101,APROBADO,100,0.3,MODERADO,R001|R005|R012,3,1,
755205101,APROBADO,100,0.3,MODERADO,R001|R005|R012|R015,4,2,
755303101,RECHAZADO,11,0.3,MODERADO,R002,1,0,
755403101,REVISION_MANUAL,74,0.3,MODERADO,R001|R005,2,0,
755503103,RECHAZADO,5,0.3,MODERADO,R002,1,0,
755619101,RECHAZADO,28,0.3,MODERADO,R004|R005,2,0,
755704102,RECHAZADO,36,0.3,MODERADO,R009|R012,2,1,
755801101,RECHAZADO,43,0.3,MODERADO,,0,0,
755903102,RECHAZADO,55,0.3,MODERADO,R001|R004|R005,3,0,
756015102,RECHAZADO,10,0.3,MODERADO,R004,1,0,
756112101,RECHAZADO,43,0.3,MODERADO,R005,1,0,
756205101,APROBADO,83,0.3,MODERADO,R001|R012,2,1,
756314102,RECHAZADO,0,0.3,MODERADO,R002,1,0,
756417101,RECHAZADO,45,0.3,MODERADO,R005,1,0,
756501101,RECHAZADO,45,0.3,MODERADO,R005,1,0,
756604101,RECHAZADO,30,0.3,MODERADO,,0,0,
756704101,RECHAZADO,23,0.3,MODERADO,R004|R012,2,1,
756805101,RECHAZADO,40,0.3,MODERADO,R002|R005|R015,3,1,
756905101,RECHAZADO,56,0.3,MODERADO,R005|R012,2,1,
757001102,REVISION_MANUAL,74,0.3,MODERADO,R001|R005,2,0,
757102101,RECHAZADO,38,0.3,MODERADO,R002|R005|R015,3,1,
757201101,RECHAZADO,28,0.3,MODERADO,R004|R005,2,0,
757309102,RECHAZADO,42,0.3,MODERADO,R001|R004,2,0,
757408101,RECHAZADO,41,0.3,MODERADO,,0,0,
757504102,RECHAZADO,38,0.3,MODERADO,R004|R005|R012,3,1,
757601103,RECHAZADO,39,0.3,MODERADO,R009|R012,2,1,
757702101,REVISION_MANUAL,61,0.3,MODERADO,R001,1,0,
757803102,RECHAZADO,12,0.3,MODERADO,R004,1,0,
757904101,REVISION_MANUAL,71,0.3,MODERADO,R005|R012,2,1,
758004101,APROBADO,95,0.3,MODERADO,R001|R012,2,1,
758109102,RECHAZADO,40,0.3,MODERADO,R001|R004,2,0,
758215101,REVISION_MANUAL,70,0.3,MODERADO,R001,1,0,
758319101,RECHAZADO,40,0.3,MODERADO,R001|R004,2,0,
758402102,REVISION_MANUAL,60,0.3,MODERADO,R001,1,0,
758511101,RECHAZADO,33,0.3,MODERADO,,0,0,
758604101,RECHAZADO,12,0.3,MODERADO,R004|R005|R010,3,0,
758708102,RECHAZADO,38,0.3,MODERADO,,0,0,
758801102,RECHAZADO,10,0.3,MODERADO,R004,1,0,
758917101,RECHAZADO,43,0.3,MODERADO,R005,1,0,
759020102,RECHAZADO,26,0.3,MODERADO,R009,1,0,
759103101,APROBADO,88,0.3,MODERADO,R001|R012,2,1,
759202102,RECHAZADO,43,0.3,MODERADO,,0,0,
759319101,RECHAZADO,41,0.3,MODERADO,R004|R005|R012,3,1,
759402102,RECHAZADO,12,0.3,MODERADO,R004|R010|R012,3,1,
759510102,RECHAZADO,13,0.3,MODERADO,R004,1,0,
759603102,RECHAZADO,10,0.3,MODERADO,R004,1,0,
759705102,RECHAZADO,13,0.3,MODERADO,R004,1,0,
759804101,APROBADO,100,0.3,MODERADO,R001|R005|R012|R015,4,2,
759912102,RECHAZADO,10,0.3,MODERADO,R004,1,0,
760019101,RECHAZADO,36,0.3,MODERADO,R002|R005|R015,3,1,
760104102,RECHAZADO,46,0.3,MODERADO,R005,1,0,
760201101,APROBADO,100,0.3,MODERADO,R001|R005|R012|R015,4,2,
760302101,APROBADO,83,0.3,MODERADO,R005|R012|R015,3,2,
760406102,RECHAZADO,12,0.3,MODERADO,R004,1,0,
760517101,RECHAZADO,29,0.3,MODERADO,,0,0,
760604102,RECHAZADO,29,0.3,MODERADO,,0,0,
760705102,RECHAZADO,38,0.3,MODERADO,,0,0,
760801102,RECHAZADO,30,0.3,MODERADO,,0,0,
760915102,RECHAZADO,10,0.3,MODERADO,R004,1,0,
761011101,RECHAZADO,44,0.3,MODERADO,R005,1,0,
761109102,RECHAZADO,3,0.3,MODERADO,R002,1,0,
761201102,RECHAZADO,41,0.3,MODERADO,,0,0,
761304104,RECHAZADO,0,0.3,MODERADO,R004|R010,2,0,
761401101,APROBADO,87,0.3,MODERADO,R001|R005|R012,3,1,
761503102,APROBADO,80,0.3,MODERADO,R001|R012,2,1,
761603101,RECHAZADO,40,0.3,MODERADO,R005|R010,2,0,
761705102,REVISION_MANUAL,71,0.3,MODERADO,R001|R004|R005|R012,4,1,
761802101,APROBADO,100,0.3,MODERADO,R001|R005|R012|R015,4,2,
761919101,RECHAZADO,58,0.3,MODERADO,R001|R004|R005,3,0,
762002101,APROBADO,95,0.3,MODERADO,R001|R005|R012,3,1,
762104101,RECHAZADO,13,0.3,MODERADO,R004,1,0,
762202101,RECHAZADO,0,0.3,MODERADO,R002|R004|R005,3,0,
762302101,REVISION_MANUAL,69,0.3,MODERADO,R005|R012,2,1,
762412102,RECHAZADO,30,0.3,MODERADO,R004|R005,2,0,
762504101,APROBADO,100,0.3,MODERADO,R001|R005|R012,3,1,
762603101,RECHAZADO,13,0.3,MODERADO,R002,1,0,
762703103,RECHAZADO,28,0.3,MODERADO,,0,0,
762805104,RECHAZADO,10,0.3,MODERADO,R004,1,0,
762913102,RECHAZADO,12,0.3,MODERADO,R004,1,0,
763004102,APROBADO,91,0.3,MODERADO,R005|R012|R015,3,2,
763113102,REVISION_MANUAL,74,0.3,MODERADO,R001|R005,2,0,
763206107,RECHAZADO,0,0.3,MODERADO,R004|R010,2,0,
763314101,RECHAZADO,39,0.3,MODERADO,,0,0,
763405102,RECHAZADO,28,0.3,MODERADO,R004|R012,2,1,
763503101,RECHAZADO,13,0.3,MODERADO,R004,1,0,
763605102,REVISION_MANUAL,64,0.3,MODERADO,R005|R012,2,1,
763705101,REVISION_MANUAL,71,0.3,MODERADO,R001|R004|R005|R012,4,1,
763804101,APROBADO,92,0.3,MODERADO,R001|R012,2,1,
763904101,RECHAZADO,38,0.3,MODERADO,,0,0,
764005102,APROBADO,100,0.3,MODERADO,R001|R005|R012|R015,4,2,
764106102,REVISION_MANUAL,75,0.3,MODERADO,R001|R006,2,0,
764205101,RECHAZADO,53,0.3,MODERADO,R005,1,0,
764303102,RECHAZADO,0,0.3,MODERADO,R002|R004,2,0,
764403101,REVISION_MANUAL,75,0.3,MODERADO,R003|R012,2,1,
764514101,RECHAZADO,56,0.3,MODERADO,R001|R004|R006,3,0,
764617102,REVISION_MANUAL,70,0.3,MODERADO,R001,1,0,
764713101,RECHAZADO,42,0.3,MODERADO,R005,1,0,
764805102,RECHAZADO,25,0.3,MODERADO,R004|R012,2,1,
764903102,RECHAZADO,53,0.3,MODERADO,R012,1,1,
765001102,RECHAZADO,30,0.3,MODERADO,R004|R005,2,0,
765111102,RECHAZADO,0,0.3,MODERADO,R004|R010,2,0,
765201101,REVISION_MANUAL,63,0.3,MODERADO,R012,1,1,
765305104,RECHAZADO,39,0.3,MODERADO,R009|R012,2,1,
765406101,APROBADO,82,0.3,MODERADO,R001|R012,2,1,
765516102,RECHAZADO,30,0.3,MODERADO,,0,0,
765603101,RECHAZADO,58,0.3,MODERADO,R005,1,0,
765703101,RECHAZADO,26,0.3,MODERADO,R004|R005,2,0,
765817102,RECHAZADO,12,0.3,MODERADO,R004,1,0,
765817202,RECHAZADO,0,0.3,MODERADO,R004|R010,2,0,
765902101,RECHAZADO,28,0.3,MODERADO,R004|R005,2,0,
766002101,RECHAZADO,37,0.3,MODERADO,,0,0,
766105101,APROBADO,97,0.3,MODERADO,R001|R005|R012,3,1,
766206102,RECHAZADO,7,0.3,MODERADO,R004|R009|R012,3,1,
766303102,REVISION_MANUAL,72,0.3,MODERADO,R001,1,0,
766410101,RECHAZADO,28,0.3,MODERADO,R004|R005,2,0,
766410201,RECHAZADO,39,0.3,MODERADO,,0,0,
766505103,RECHAZADO,27,0.3,MODERADO,R010,1,0,
766613102,RECHAZADO,29,0.3,MODERADO,,0,0,
766705101,RECHAZADO,36,0.3,MODERADO,R002|R005|R015,3,1,
766803101,RECHAZADO,42,0.3,MODERADO,R005,1,0,
766903101,RECHAZADO,54,0.3,MODERADO,R005,1,0,
767004102,REVISION_MANUAL,75,0.3,MODERADO,R003|R012,2,1,
767102101,RECHAZADO,39,0.3,MODERADO,R004|R005|R012,3,1,
767209102,RECHAZADO,24,0.3,MODERADO,R004|R005,2,0,
767318101,RECHAZADO,24,0.3,MODERADO,R004|R012,2,1,
767405102,APROBADO,100,0.3,MODERADO,R001|R005|R012,3,1,
767505103,RECHAZADO,21,0.3,MODERADO,R004|R012,2,1,
767603101,APROBADO,100,0.3,MODERADO,R001|R005|R012|R015,4,2,
767704103,RECHAZADO,56,0.3,MODERADO,R012,1,1,
767806101,RECHAZADO,56,0.3,MODERADO,R005,1,0,
767906103,RECHAZADO,54,0.3,MODERADO,R012,1,1,
768004101,REVISION_MANUAL,71,0.3,MODERADO,R001,1,0,
768102102,RECHAZADO,0,0.3,MODERADO,R002,1,0,
768202102,RECHAZADO,13,0.3,MODERADO,R004,1,0,
768301101,RECHAZADO,24,0.3,MODERADO,R004|R005,2,0,
768402101,RECHAZADO,52,0.3,MODERADO,R005|R010|R012,3,1,
768501102,RECHAZADO,27,0.3,MODERADO,R004|R012,2,1,
768604102,RECHAZADO,41,0.3,MODERADO,,0,0,
768702102,APROBADO,100,0.3,MODERADO,R001|R005|R012,3,1,
768802101,APROBADO,81,0.3,MODERADO,R001|R012,2,1,
768903104,REVISION_MANUAL,74,0.3,MODERADO,R003|R012,2,1,
769003101,APROBADO,100,0.3,MODERADO,R001|R012,2,1,
769104101,APROBADO,100,0.3,MODERADO,R001|R005|R012,3,1,
769212101,REVISION_MANUAL,60,0.3,MODERADO,R001,1,0,
769301102,RECHAZADO,10,0.3,MODERADO,R004,1,0,
769415101,RECHAZADO,13,0.3,MODERADO,R004,1,0,
769505101,APROBADO,100,0.3,MODERADO,R001|R005|R012|R015,4,2,
769611101,RECHAZADO,30,0.3,MODERADO,,0,0,
769702102,RECHAZADO,12,0.3,MODERADO,R004,1,0,
769803101,APROBADO,89,0.3,MODERADO,R001|R005|R012,3,1,
769903101,RECHAZADO,17,0.3,MODERADO,R002,1,0,
770013101,RECHAZADO,53,0.3,MODERADO,R004|R005|R012,3,1,
770112101,RECHAZADO,12,0.3,MODERADO,R004,1,0,
770203101,RECHAZADO,28,0.3,MODERADO,R004|R005,2,0,
770304102,RECHAZADO,31,0.3,MODERADO,,0,0,
770411102,RECHAZADO,36,0.3,MODERADO,R004|R005|R012,3,1,
770504105,RECHAZADO,30,0.3,MODERADO,,0,0,
770604104,REVISION_MANUAL,69,0.3,MODERADO,R001,1,0,
770703103,RECHAZADO,57,0.3,MODERADO,R012,1,1,
770801101,RECHAZADO,53,0.3,MODERADO,R012,1,1,
770902101,RECHAZADO,20,0.3,MODERADO,R004|R012,2,1,
771005102,REVISION_MANUAL,71,0.3,MODERADO,R001,1,0,
771115102,REVISION_MANUAL,71,0.3,MODERADO,R001,1,0,
771205103,RECHAZADO,39,0.3,MODERADO,R009|R012,2,1,
771304101,RECHAZADO,58,0.3,MODERADO,R001|R004|R005,3,0,
771413103,RECHAZADO,40,0.3,MODERADO,,0,0,
771501101,APROBADO,82,0.3,MODERADO,R001|R012,2,1,
771607102,RECHAZADO,0,0.3,MODERADO,R002,1,0,
771703101,APROBADO,88,0.3,MODERADO,R001|R012,2,1,
771820102,REVISION_MANUAL,62,0.3,MODERADO,R001,1,0,
771901102,RECHAZADO,12,0.3,MODERADO,R004,1,0,
772005102,RECHAZADO,53,0.3,MODERADO,R001|R004|R012,3,1,
772101101,RECHAZADO,40,0.3,MODERADO,,0,0,
772207102,RECHAZADO,27,0.3,MODERADO,R004|R012,2,1,
772302103,RECHAZADO,23,0.3,MODERADO,R004|R012,2,1,
772405101,RECHAZADO,33,0.3,MODERADO,,0,0,
772508101,APROBADO,84,0.3,MODERADO,R001|R005|R012,3,1,
772601102,REVISION_MANUAL,76,0.3,MODERADO,R001|R005,2,0,
772705101,APROBADO,94,0.3,MODERADO,R001|R005|R012,3,1,
772811101,RECHAZADO,56,0.3,MODERADO,R005,1,0,
772903101,RECHAZADO,42,0.3,MODERADO,R012,1,1,
773001102,RECHAZADO,59,0.3,MODERADO,R001,1,0,
773104101,APROBADO,93,0.3,MODERADO,R001|R012,2,1,
773214101,RECHAZADO,31,0.3,MODERADO,,0,0,
773309103,RECHAZADO,20,0.3,MODERADO,R004|R012,2,1,
773402101,REVISION_MANUAL,62,0.3,MODERADO,R001|R005|R010,3,0,
773503102,RECHAZADO,11,0.3,MODERADO,R004,1,0,
773617101,APROBADO,83,0.3,MODERADO,R001|R005,2,0,
773706101,RECHAZADO,40,0.3,MODERADO,,0,0,
773804101,APROBADO,86,0.3,MODERADO,R001|R005,2,0,
773905102,RECHAZADO,43,0.3,MODERADO,R001|R004|R009|R012,4,1,
774006101,RECHAZADO,59,0.3,MODERADO,R005|R012,2,1,
774109101,RECHAZADO,40,0.3,MODERADO,R012,1,1,
774208101,RECHAZADO,45,0.3,MODERADO,R005,1,0,
774302102,RECHAZADO,52,0.3,MODERADO,R012,1,1,
774401102,RECHAZADO,30,0.3,MODERADO,R004|R012,2,1,
774502101,RECHAZADO,19,0.3,MODERADO,R009,1,0,
774606102,RECHAZADO,45,0.3,MODERADO,R005,1,0,
774711103,RECHAZADO,36,0.3,MODERADO,,0,0,
774803102,RECHAZADO,53,0.3,MODERADO,R012,1,1,
774903102,RECHAZADO,52,0.3,MODERADO,R012,1,1,
775003101,RECHAZADO,8,0.3,MODERADO,R004,1,0,
775104103,RECHAZADO,27,0.3,MODERADO,R010,1,0,
775217102,RECHAZADO,21,0.3,MODERADO,R004|R012,2,1,
775319101,RECHAZADO,42,0.3,MODERADO,,0,0,
775407101,RECHAZADO,56,0.3,MODERADO,R005|R012,2,1,
775502102,RECHAZADO,37,0.3,MODERADO,,0,0,
775620101,RECHAZADO,23,0.3,MODERADO,R002|R005,2,0,
775704101,RECHAZADO,13,0.3,MODERADO,R002,1,0,
775807103,APROBADO,97,0.3,MODERADO,R001|R005|R012,3,1,
775903101,APROBADO,83,0.3,MODERADO,R001|R012,2,1,
776004101,RECHAZADO,42,0.3,MODERADO,R012,1,1,
776104101,RECHAZADO,25,0.3,MODERADO,R004|R005,2,0,
776204102,REVISION_MANUAL,66,0.3,MODERADO,R001|R004|R005|R012,4,1,
776313101,REVISION_MANUAL,69,0.3,MODERADO,R005|R012,2,1,
776403102,RECHAZADO,31,0.3,MODERADO,,0,0,
776504102,RECHAZADO,0,0.3,MODERADO,R002,1,0,
776603101,RECHAZADO,57,0.3,MODERADO,R001|R010,2,0,
776705102,RECHAZADO,39,0.3,MODERADO,,0,0,
776811101,RECHAZADO,13,0.3,MODERADO,R004,1,0,
776901102,RECHAZADO,13,0.3,MODERADO,R004,1,0,
777005101,REVISION_MANUAL,74,0.3,MODERADO,R005|R012,2,1,
777104101,RECHAZADO,53,0.3,MODERADO,R012,1,1,
777204102,RECHAZADO,41,0.3,MODERADO,,0,0,
777303103,RECHAZADO,37,0.3,MODERADO,,0,0,
777411102,RECHAZADO,28,0.3,MODERADO,R004|R005,2,0,
777511102,RECHAZADO,16,0.3,MODERADO,R009,1,0,
777605101,APROBADO,97,0.3,MODERADO,R001|R005|R012,3,1,
777703101,RECHAZADO,53,0.3,MODERADO,R012,1,1,
777817101,RECHAZADO,30,0.3,MODERADO,,0,0,
777904101,RECHAZADO,44,0.3,MODERADO,R005,1,0,
778005102,RECHAZADO,29,0.3,MODERADO,R009,1,0,
778105101,RECHAZADO,28,0.3,MODERADO,R004|R005,2,0,
778205101,RECHAZADO,41,0.3,MODERADO,R004|R005|R012,3,1,
778305103,RECHAZADO,29,0.3,MODERADO,R001|R004|R009,3,0,
778403101,RECHAZADO,28,0.3,MODERADO,R004|R005,2,0,
778504101,RECHAZADO,55,0.3,MODERADO,R005,1,0,
778604103,RECHAZADO,51,0.3,MODERADO,R012,1,1,
778704101,RECHAZADO,30,0.3,MODERADO,,0,0,
778803101,REVISION_MANUAL,68,0.3,MODERADO,R005|R012,2,1,
778909101,RECHAZADO,33,0.3,MODERADO,,0,0,
779003102,RECHAZADO,26,0.3,MODERADO,R004|R005,2,0,
779102101,RECHAZADO,47,0.3,MODERADO,R005,1,0,
779208101,REVISION_MANUAL,61,0.3,MODERADO,R001,1,0,
779302102,RECHAZADO,28,0.3,MODERADO,R004|R005,2,0,
779411101,RECHAZADO,31,0.3,MODERADO,,0,0,
779504102,RECHAZADO,9,0.3,MODERADO,R004|R010|R012,3,1,
779602101,RECHAZADO,54,0.3,MODERADO,R012,1,1,
779702101,APROBADO,100,0.3,MODERADO,R001|R005|R012|R015,4,2,
779804101,RECHAZADO,56,0.3,MODERADO,R005,1,0,
779918101,REVISION_MANUAL,65,0.3,MODERADO,R005|R015,2,1,
780004103,RECHAZADO,39,0.3,MODERADO,,0,0,
780102101,REVISION_MANUAL,70,0.3,MODERADO,R001,1,0,
780213101,APROBADO,85,0.3,MODERADO,R001|R005,2,0,
780301101,RECHAZADO,41,0.3,MODERADO,,0,0,
780401101,REVISION_MANUAL,65,0.3,MODERADO,R005|R012,2,1,
780508101,APROBADO,83,0.3,MODERADO,R001|R012,2,1,
780605102,RECHAZADO,12,0.3,MODERADO,R004,1,0,
780713101,RECHAZADO,28,0.3,MODERADO,R004|R005,2,0,
780801101,RECHAZADO,12,0.3,MODERADO,R004,1,0,
780905101,RECHAZADO,56,0.3,MODERADO,R005,1,0,
781018101,RECHAZADO,45,0.3,MODERADO,R005,1,0,
781103102,RECHAZADO,56,0.3,MODERADO,R012,1,1,
781205101,APROBADO,100,0.3,MODERADO,R001|R012,2,1,
781302101,REVISION_MANUAL,71,0.3,MODERADO,R001,1,0,
781402102,RECHAZADO,53,0.3,MODERADO,R012,1,1,
781503101,REVISION_MANUAL,78,0.3,MODERADO,R005|R012,2,1,
781605103,RECHAZADO,10,0.3,MODERADO,R004|R010|R012,3,1,
781701102,RECHAZADO,30,0.3,MODERADO,,0,0,
781820101,REVISION_MANUAL,73,0.3,MODERADO,R001|R006,2,0,
781904101,RECHAZADO,19,0.3,MODERADO,R002|R005,2,0,
782010101,RECHAZADO,53,0.3,MODERADO,R001|R004|R012,3,1,
782105101,RECHAZADO,4,0.3,MODERADO,R002,1,0,
782212102,RECHAZADO,29,0.3,MODERADO,,0,0,
782302101,RECHAZADO,27,0.3,MODERADO,R010,1,0,
782403102,RECHAZADO,29,0.3,MODERADO,R009,1,0,
782510101,RECHAZADO,47,0.3,MODERADO,R005,1,0,
782609101,RECHAZADO,44,0.3,MODERADO,R005,1,0,
782703101,RECHAZADO,28,0.3,MODERADO,R004|R005,2,0,
782803102,REVISION_MANUAL,66,0.3,MODERADO,R005|R015,2,1,
782904101,RECHAZADO,41,0.3,MODERADO,R004|R005|R012,3,1,
783004103,REVISION_MANUAL,69,0.3,MODERADO,R001|R006|R010,3,0,
783102102,RECHAZADO,22,0.3,MODERADO,R004|R012,2,1,
783210101,APROBADO,84,0.3,MODERADO,R001|R005,2,0,
783303103,RECHAZADO,40,0.3,MODERADO,,0,0,
783404102,APROBADO,100,0.3,MODERADO,R001|R005|R012,3,1,
783501101,RECHAZADO,37,0.3,MODERADO,,0,0,
783604103,APROBADO,100,0.3,MODERADO,R001|R005|R012,3,1,
783704104,APROBADO,85,0.3,MODERADO,R001|R012,2,1,
783802103,RECHAZADO,39,0.3,MODERADO,R004|R005|R012,3,1,
783918103,RECHAZADO,21,0.3,MODERADO,R004|R012,2,1,
784003101,REVISION_MANUAL,72,0.3,MODERADO,R001|R012,2,1,
784105102,RECHAZADO,17,0.3,MODERADO,R010,1,0,
784201101,RECHAZADO,11,0.3,MODERADO,R004,1,0,
784304101,RECHAZADO,11,0.3,MODERADO,R002,1,0,
784404102,RECHAZADO,28,0.3,MODERADO,R004|R005,2,0,
784503102,RECHAZADO,33,0.3,MODERADO,,0,0,
784605102,RECHAZADO,13,0.3,MODERADO,R004,1,0,
784702103,RECHAZADO,40,0.3,MODERADO,R012,1,1,
784801102,RECHAZADO,10,0.3,MODERADO,R004,1,0,
784905101,APROBADO,95,0.3,MODERADO,R001|R012,2,1,
785005102,REVISION_MANUAL,78,0.3,MODERADO,R001|R012,2,1,
785105101,RECHAZADO,26,0.3,MODERADO,R004|R005,2,0,
785202101,APROBADO,100,0.3,MODERADO,R001|R005|R012,3,1,
785305102,RECHAZADO,45,0.3,MODERADO,R005,1,0,
785403101,REVISION_MANUAL,71,0.3,MODERADO,R001,1,0,
785504101,RECHAZADO,19,0.3,MODERADO,R009,1,0,
785608102,RECHAZADO,8,0.3,MODERADO,R004|R009|R012,3,1,
785719101,RECHAZADO,0,0.3,MODERADO,R002|R004,2,0,
785802101,RECHAZADO,33,0.3,MODERADO,,0,0,
785903102,APROBADO,100,0.3,MODERADO,R001|R005|R012|R015,4,2,
786001102,RECHAZADO,15,0.3,MODERADO,R004,1,0,
786108101,RECHAZADO,57,0.3,MODERADO,R005,1,0,
786209101,RECHAZADO,25,0.3,MODERADO,R004|R012,2,1,
786319101,RECHAZADO,47,0.3,MODERADO,R001|R010,2,0,
786401102,RECHAZADO,13,0.3,MODERADO,R004,1,0,
786504102,RECHAZADO,0,0.3,MODERADO,R002|R004|R010,3,0,
786603102,RECHAZADO,29,0.3,MODERADO,,0,0,
786717101,RECHAZADO,39,0.3,MODERADO,,0,0,
786801101,APROBADO,100,0.3,MODERADO,R001|R005|R012,3,1,
786901101,RECHAZADO,44,0.3,MODERADO,R012,1,1,
787019101,REVISION_MANUAL,72,0.3,MODERADO,R001|R005|R010,3,0,
787113102,APROBADO,87,0.3,MODERADO,R001|R005|R012,3,1,
787204102,REVISION_MANUAL,72,0.3,MODERADO,R001|R012,2,1,
787305102,RECHAZADO,22,0.3,MODERADO,R004|R012,2,1,
787408102,RECHAZADO,0,0.3,MODERADO,R004|R010,2,0,
787504101,RECHAZADO,15,0.3,MODERADO,R004,1,0,
787605102,RECHAZADO,56,0.3,MODERADO,R005,1,0,
787702101,RECHAZADO,43,0.3,MODERADO,R005,1,0,
787819102,RECHAZADO,12,0.3,MODERADO,R004,1,0,
787901101,APROBADO,100,0.3,MODERADO,R001|R012,2,1,
788002101,RECHAZADO,54,0.3,MODERADO,R001|R004|R005,3,0,
788105102,RECHAZADO,52,0.3,MODERADO,R001|R004|R012,3,1,
788219103,RECHAZADO,12,0.3,MODERADO,R004,1,0,
788318102,RECHAZADO,12,0.3,MODERADO,R004,1,0,
788404103,RECHAZADO,11,0.3,MODERADO,R004,1,0,
788515101,RECHAZADO,42,0.3,MODERADO,R012,1,1,
788605101,REVISION_MANUAL,63,0.3,MODERADO,R001,1,0,
788704102,APROBADO,94,0.3,MODERADO,R001|R005|R012,3,1,
788805101,REVISION_MANUAL,72,0.3,MODERADO,R001|R010|R012,3,1,
788904101,RECHAZADO,12,0.3,MODERADO,R004,1,0,
789005101,REVISION_MANUAL,67,0.3,MODERADO,R001|R010|R012,3,1,
789102102,RECHAZADO,12,0.3,MODERADO,R004,1,0,
789202101,APROBADO,100,0.3,MODERADO,R001|R005|R012,3,1,
789304101,RECHAZADO,7,0.3,MODERADO,R002|R004|R005|R006,4,0,
789403101,APROBADO,100,0.3,MODERADO,R001|R005|R012|R015,4,2,
789503101,REVISION_MANUAL,65,0.3,MODERADO,R001|R004|R005|R012,4,1,
789605102,RECHAZADO,28,0.3,MODERADO,R004|R005,2,0,
789705101,REVISION_MANUAL,75,0.3,MODERADO,R001|R005,2,0,
789802102,RECHAZADO,29,0.3,MODERADO,,0,0,
789903103,RECHAZADO,56,0.3,MODERADO,R005,1,0,
790001103,RECHAZADO,26,0.3,MODERADO,R009|R012,2,1,
790117101,RECHAZADO,0,0.3,MODERADO,R002|R004,2,0,
790204101,RECHAZADO,28,0.3,MODERADO,R004|R005,2,0,
790311102,RECHAZADO,28,0.3,MODERADO,,0,0,
790404102,RECHAZADO,0,0.3,MODERADO,R002|R004,2,0,
790504101,REVISION_MANUAL,70,0.3,MODERADO,R001|R004|R005|R012,4,1,
790601103,RECHAZADO,27,0.3,MODERADO,R009,1,0,
790705102,RECHAZADO,55,0.3,MODERADO,R012,1,1,
790814101,RECHAZADO,44,0.3,MODERADO,R005,1,0,
790901101,RECHAZADO,56,0.3,MODERADO,R001|R004|R012,3,1,
791004101,APROBADO,86,0.3,MODERADO,R001|R005|R012,3,1,
791101101,RECHAZADO,12,0.3,MODERADO,R004,1,0,
791101201,RECHAZADO,0,0.3,MODERADO,R002|R004,2,0,
791201101,RECHAZADO,38,0.3,MODERADO,,0,0,
791310102,RECHAZADO,40,0.3,MODERADO,R004|R005|R012,3,1,
791415101,RECHAZADO,28,0.3,MODERADO,R004|R005,2,0,
791502102,APROBADO,82,0.3,MODERADO,R003|R012,2,1,
791602101,APROBADO,100,0.3,MODERADO,R001|R005|R012|R015,4,2,
791713101,RECHAZADO,45,0.3,MODERADO,R005,1,0,
791806101,RECHAZADO,54,0.3,MODERADO,R012,1,1,
791917101,RECHAZADO,26,0.3,MODERADO,R004|R005,2,0,
792010101,RECHAZADO,26,0.3,MODERADO,R004|R005,2,0,
792116103,APROBADO,82,0.3,MODERADO,R001|R012,2,1,
792202101,APROBADO,95,0.3,MODERADO,R001|R005|R015,3,1,
792304103,REVISION_MANUAL,70,0.3,MODERADO,R001|R010|R012,3,1,
792409101,RECHAZADO,55,0.3,MODERADO,R005,1,0,
792515101,RECHAZADO,12,0.3,MODERADO,R004|R005|R010,3,0,
792603105,RECHAZADO,58,0.3,MODERADO,R012,1,1,
792703101,RECHAZADO,52,0.3,MODERADO,R012,1,1,
792802102,APROBADO,84,0.3,MODERADO,R001|R005|R012,3,1,
792904103,RECHAZADO,0,0.3,MODERADO,R002|R010,2,0,
793001102,RECHAZADO,8,0.3,MODERADO,R004,1,0,
793105103,RECHAZADO,14,0.3,MODERADO,R004|R009|R012,3,1,
793204102,RECHAZADO,10,0.3,MODERADO,R004,1,0,
793315103,RECHAZADO,38,0.3,MODERADO,,0,0,
793403101,RECHAZADO,0,0.3,MODERADO,R002|R010,2,0,
793503101,APROBADO,100,0.3,MODERADO,R001|R005|R012,3,1,
793601101,RECHAZADO,56,0.3,MODERADO,R012,1,1,
793704101,RECHAZADO,10,0.3,MODERADO,R004,1,0,
793802101,APROBADO,100,0.3,MODERADO,R001|R003|R005|R012|R015,5,2,
793904102,APROBADO,100,0.3,MODERADO,R001|R005|R012|R015,4,2,
794014101,RECHAZADO,56,0.3,MODERADO,R005,1,0,
794103101,RECHAZADO,28,0.3,MODERADO,R004|R005,2,0,
794201102,RECHAZADO,27,0.3,MODERADO,R002|R005,2,0,
794304102,RECHAZADO,39,0.3,MODERADO,R004|R005|R012,3,1,
794412102,RECHAZADO,46,0.3,MODERADO,R005,1,0,
794513102,RECHAZADO,24,0.3,MODERADO,R004|R012,2,1,
794601102,RECHAZADO,30,0.3,MODERADO,,0,0,
794704101,RECHAZADO,40,0.3,MODERADO,,0,0,
794820102,RECHAZADO,14,0.3,MODERADO,R004|R005|R010,3,0,
794914101,RECHAZADO,42,0.3,MODERADO,R005,1,0,
795003103,RECHAZADO,27,0.3,MODERADO,,0,0,
795109101,RECHAZADO,24,0.3,MODERADO,R004|R005,2,0,
795212103,RECHAZADO,17,0.3,MODERADO,R010,1,0,
795311102,RECHAZADO,59,0.3,MODERADO,R001,1,0,
795405101,RECHAZADO,23,0.3,MODERADO,R004|R012,2,1,
795504102,RECHAZADO,52,0.3,MODERADO,R012,1,1,
795601101,RECHAZADO,16,0.3,MODERADO,R002,1,0,
795703101,RECHAZADO,40,0.3,MODERADO,,0,0,
795801102,REVISION_MANUAL,72,0.3,MODERADO,R001,1,0,
795902101,APROBADO,100,0.3,MODERADO,R001|R005|R012,3,1,
796002102,RECHAZADO,9,0.3,MODERADO,R004|R010|R012,3,1,
796120101,REVISION_MANUAL,69,0.3,MODERADO,R001,1,0,
796204101,APROBADO,83,0.3,MODERADO,R001|R012,2,1,
796314101,RECHAZADO,31,0.3,MODERADO,,0,0,
796405102,APROBADO,100,0.3,MODERADO,R001|R005|R012|R015,4,2,
796518103,RECHAZADO,45,0.3,MODERADO,R001|R010,2,0,
796603101,APROBADO,100,0.3,MODERADO,R001|R005|R012|R015,4,2,
796703102,RECHAZADO,7,0.3,MODERADO,R002,1,0,
796801101,APROBADO,100,0.3,MODERADO,R001|R005|R012,3,1,
796916101,REVISION_MANUAL,64,0.3,MODERADO,R005|R015,2,1,
797005102,RECHAZADO,54,0.3,MODERADO,R012,1,1,
797117101,RECHAZADO,10,0.3,MODERADO,R004,1,0,
797216101,RECHAZADO,30,0.3,MODERADO,,0,0,
797301102,RECHAZADO,31,0.3,MODERADO,,0,0,
797405103,RECHAZADO,40,0.3,MODERADO,R012,1,1,
797515101,APROBADO,82,0.3,MODERADO,R001|R012,2,1,
797608101,RECHAZADO,54,0.3,MODERADO,R012,1,1,
797703102,RECHAZADO,11,0.3,MODERADO,R004,1,0,
797815102,APROBADO,97,0.3,MODERADO,R001|R005|R012,3,1,
797901102,RECHAZADO,13,0.3,MODERADO,R004,1,0,
798004102,RECHAZADO,52,0.3,MODERADO,R012,1,1,
798102102,RECHAZADO,6,0.3,MODERADO,R002,1,0,
798204101,APROBADO,83,0.3,MODERADO,R001|R005|R010|R012,4,1,
798309101,RECHAZADO,10,0.3,MODERADO,R004,1,0,
798407101,APROBADO,100,0.3,MODERADO,R001|R005|R012|R015,4,2,
798505101,RECHAZADO,22,0.3,MODERADO,R004|R012,2,1,
798602101,APROBADO,85,0.3,MODERADO,R001|R005,2,0,
798704103,RECHAZADO,17,0.3,MODERADO,R010,1,0,
798816101,APROBADO,100,0.3,MODERADO,R001|R005|R012,3,1,
798901101,REVISION_MANUAL,71,0.3,MODERADO,R001|R005,2,0,
799005102,REVISION_MANUAL,70,0.3,MODERADO,R005|R012,2,1,
799101102,RECHAZADO,13,0.3,MODERADO,R004,1,0,
799206101,RECHAZADO,13,0.3,MODERADO,R004,1,0,
799304101,RECHAZADO,28,0.3,MODERADO,R004|R005,2,0,
799405101,RECHAZADO,0,0.3,MODERADO,R002|R004|R005,3,0,
799502103,RECHAZADO,39,0.3,MODERADO,R009|R012,2,1,
799605102,RECHAZADO,24,0.3,MODERADO,R009,1,0,
799701103,RECHAZADO,0,0.3,MODERADO,R002|R005|R009|R010,4,0,
799804102,RECHAZADO,29,0.3,MODERADO,R001|R004|R010,3,0,
799902101,RECHAZADO,57,0.3,MODERADO,R012,1,1,
800006104,REVISION_MANUAL,70,0.3,MODERADO,R001,1,0,
800116104,RECHAZADO,54,0.3,MODERADO,R005,1,0,
800202101,APROBADO,82,0.3,MODERADO,R001|R012,2,1,
800302101,RECHAZADO,53,0.3,MODERADO,R005|R012,2,1,
800419101,RECHAZADO,44,0.3,MODERADO,R005,1,0,
800505103,RECHAZADO,25,0.3,MODERADO,R004|R012,2,1,
800603101,APROBADO,88,0.3,MODERADO,R001|R012,2,1,
800702102,RECHAZADO,25,0.3,MODERADO,R004|R012,2,1,
800802102,RECHAZADO,24,0.3,MODERADO,R004|R005|R010|R012,4,1,
800903101,RECHAZADO,11,0.3,MODERADO,R004,1,0,
801013103,APROBADO,85,0.3,MODERADO,R001|R012,2,1,
801105101,RECHAZADO,30,0.3,MODERADO,,0,0,
801202101,RECHAZADO,38,0.3,MODERADO,R004|R005|R012,3,1,
801306101,RECHAZADO,54,0.3,MODERADO,R005,1,0,
801401104,RECHAZADO,9,0.3,MODERADO,R004|R010|R012,3,1,
801514102,RECHAZADO,19,0.3,MODERADO,R004|R012,2,1,
801604101,APROBADO,100,0.3,MODERADO,R001|R005|R012|R015,4,2,
801702101,APROBADO,83,0.3,MODERADO,R001|R005,2,0,
801816101,APROBADO,85,0.3,MODERADO,R001|R005|R010|R012,4,1,
801909102,RECHAZADO,28,0.3,MODERADO,R004|R005,2,0,
802004101,RECHAZADO,34,0.3,MODERADO,R004|R005|R012,3,1,
802102101,RECHAZADO,29,0.3,MODERADO,,0,0,
802204101,RECHAZADO,15,0.3,MODERADO,R004,1,0,
802301102,RECHAZADO,22,0.3,MODERADO,R004|R012,2,1,
802405101,RECHAZADO,32,0.3,MODERADO,,0,0,
802518104,RECHAZADO,37,0.3,MODERADO,,0,0,
802602103,APROBADO,81,0.3,MODERADO,R001|R012,2,1,
802701101,RECHAZADO,40,0.3,MODERADO,,0,0,
802804104,APROBADO,92,0.3,MODERADO,R001|R012,2,1,
802913101,RECHAZADO,56,0.3,MODERADO,R001|R004|R005,3,0,
803004101,RECHAZADO,21,0.3,MODERADO,R002,1,0,
803112101,RECHAZADO,9,0.3,MODERADO,R004,1,0,
803201101,REVISION_MANUAL,75,0.3,MODERADO,R001|R005,2,0,
803301102,APROBADO,97,0.3,MODERADO,R001|R005|R012,3,1,
803401102,RECHAZADO,39,0.3,MODERADO,,0,0,
803504101,APROBADO,85,0.3,MODERADO,R005|R012|R015,3,2,
803612101,RECHAZADO,26,0.3,MODERADO,R004|R005,2,0,
803715101,REVISION_MANUAL,61,0.3,MODERADO,R001,1,0,
803801101,APROBADO,85,0.3,MODERADO,R001|R012,2,1,
803916101,RECHAZADO,30,0.3,MODERADO,,0,0,
804008102,RECHAZADO,0,0.3,MODERADO,R002,1,0,
804101102,RECHAZADO,56,0.3,MODERADO,R001|R004|R005,3,0,
804201101,RECHAZADO,28,0.3,MODERADO,,0,0,
804303101,APROBADO,92,0.3,MODERADO,R001|R012,2,1,
804403101,RECHAZADO,13,0.3,MODERADO,R004,1,0,
804501101,RECHAZADO,56,0.3,MODERADO,R005,1,0,
804602102,RECHAZADO,28,0.3,MODERADO,R004|R012,2,1,
804705101,RECHAZADO,28,0.3,MODERADO,R004|R005,2,0,
804802101,REVISION_MANUAL,68,0.3,MODERADO,R001|R004|R005|R012,4,1,
804902102,RECHAZADO,10,0.3,MODERADO,R004,1,0,
805003101,APROBADO,100,0.3,MODERADO,R001|R005|R012,3,1,
805104101,RECHAZADO,30,0.3,MODERADO,,0,0,
805205101,RECHAZADO,13,0.3,MODERADO,R004,1,0,
805308103,RECHAZADO,23,0.3,MODERADO,R004|R005,2,0,
805410101,RECHAZADO,55,0.3,MODERADO,R005,1,0,
805504101,REVISION_MANUAL,69,0.3,MODERADO,R005|R012,2,1,
805601102,REVISION_MANUAL,69,0.3,MODERADO,R001,1,0,
805704101,RECHAZADO,56,0.3,MODERADO,R012,1,1,
805801102,RECHAZADO,22,0.3,MODERADO,R004|R012,2,1,
805901102,RECHAZADO,12,0.3,MODERADO,R004,1,0,
806020101,RECHAZADO,7,0.3,MODERADO,R002|R005|R010,3,0,
806108102,APROBADO,81,0.3,MODERADO,R001|R012,2,1,
806201101,RECHAZADO,25,0.3,MODERADO,,0,0,
806312102,RECHAZADO,30,0.3,MODERADO,,0,0,
806404104,APROBADO,80,0.3,MODERADO,R001|R012,2,1,
806520102,RECHAZADO,12,0.3,MODERADO,R004,1,0,
806605101,REVISION_MANUAL,66,0.3,MODERADO,R005|R015,2,1,
806711101,RECHAZADO,11,0.3,MODERADO,R004,1,0,
806804101,RECHAZADO,45,0.3,MODERADO,R005,1,0,
806902102,RECHAZADO,25,0.3,MODERADO,R004|R012,2,1,
807003103,RECHAZADO,25,0.3,MODERADO,R004|R012,2,1,
807101101,RECHAZADO,28,0.3,MODERADO,R004|R005,2,0,
807203103,RECHAZADO,38,0.3,MODERADO,R001|R004|R009|R012,4,1,
807302103,RECHAZADO,25,0.3,MODERADO,R009|R012,2,1,
807403104,RECHAZADO,40,0.3,MODERADO,R010|R012,2,1,
807508101,RECHAZADO,53,0.3,MODERADO,R012,1,1,
807610103,RECHAZADO,13,0.3,MODERADO,R009,1,0,
807701101,RECHAZADO,39,0.3,MODERADO,R009|R012,2,1,
807802102,RECHAZADO,25,0.3,MODERADO,R004|R005,2,0,
807904102,APROBADO,83,0.3,MODERADO,R001|R012,2,1,
808005103,RECHAZADO,44,0.3,MODERADO,R005,1,0,
808105102,RECHAZADO,41,0.3,MODERADO,,0,0,
808201101,APROBADO,86,0.3,MODERADO,R001|R005,2,0,
808302101,RECHAZADO,11,0.3,MODERADO,R004,1,0,
808401101,REVISION_MANUAL,66,0.3,MODERADO,R005|R015,2,1,
808501102,APROBADO,93,0.3,MODERADO,R001|R012,2,1,
808620101,RECHAZADO,30,0.3,MODERADO,,0,0,
808705101,RECHAZADO,26,0.3,MODERADO,R004|R012,2,1,
808802101,APROBADO,90,0.3,MODERADO,R001|R012,2,1,
808802202,RECHAZADO,13,0.3,MODERADO,R002|R005,2,0,
808910101,RECHAZADO,6,0.3,MODERADO,R002|R005,2,0,
809010102,REVISION_MANUAL,61,0.3,MODERADO,R001,1,0,
809010202,RECHAZADO,42,0.3,MODERADO,R001|R004,2,0,
809102101,RECHAZADO,0,0.3,MODERADO,R002,1,0,
809204102,RECHAZADO,24,0.3,MODERADO,R009,1,0,
809303103,RECHAZADO,52,0.3,MODERADO,R001|R004|R012,3,1,
809403101,RECHAZADO,52,0.3,MODERADO,R012,1,1,
809504103,APROBADO,100,0.3,MODERADO,R001|R003|R012,3,1,
809614102,RECHAZADO,12,0.3,MODERADO,R004,1,0,
809704103,APROBADO,88,0.3,MODERADO,R001|R005|R010|R012,4,1,
809803101,RECHAZADO,10,0.3,MODERADO,R004,1,0,
809901101,RECHAZADO,27,0.3,MODERADO,R004|R005,2,0,
810003103,RECHAZADO,13,0.3,MODERADO,R009|R010|R012,3,1,
810102102,REVISION_MANUAL,71,0.3,MODERADO,R001,1,0,
810202102,REVISION_MANUAL,69,0.3,MODERADO,R001|R004|R005|R006,4,0,
810303105,RECHAZADO,0,0.3,MODERADO,R004|R009|R010,3,0,
810401103,RECHAZADO,22,0.3,MODERADO,R004|R012,2,1,
810505101,REVISION_MANUAL,61,0.3,MODERADO,R005|R012,2,1,
810603101,REVISION_MANUAL,70,0.3,MODERADO,R001|R004|R005|R012,4,1,
810716101,REVISION_MANUAL,65,0.3,MODERADO,R005|R012,2,1,
810801101,RECHAZADO,25,0.3,MODERADO,R004|R005,2,0,
810905101,RECHAZADO,13,0.3,MODERADO,R002|R005,2,0,
811005101,APROBADO,97,0.3,MODERADO,R001|R005|R012,3,1,
811105102,RECHAZADO,56,0.3,MODERADO,R012,1,1,
811215102,RECHAZADO,30,0.3,MODERADO,,0,0,
811306102,RECHAZADO,55,0.3,MODERADO,R012,1,1,
811403103,RECHAZADO,25,0.3,MODERADO,R009,1,0,
811505102,RECHAZADO,29,0.3,MODERADO,R001|R004|R010,3,0,
811607102,RECHAZADO,39,0.3,MODERADO,,0,0,
811705101,REVISION_MANUAL,75,0.3,MODERADO,R001|R006,2,0,
811805102,REVISION_MANUAL,66,0.3,MODERADO,R001|R009|R012,3,1,
811918102,REVISION_MANUAL,70,0.3,MODERADO,R001,1,0,
812008101,RECHAZADO,31,0.3,MODERADO,,0,0,
812104102,RECHAZADO,25,0.3,MODERADO,R004|R012,2,1,
812204102,RECHAZADO,0,0.3,MODERADO,R002,1,0,
812313102,REVISION_MANUAL,71,0.3,MODERADO,R001,1,0,
812402101,RECHAZADO,26,0.3,MODERADO,R004|R012,2,1,
812501101,RECHAZADO,38,0.3,MODERADO,R004|R005|R012,3,1,
812605101,RECHAZADO,10,0.3,MODERADO,R002,1,0,
812701102,RECHAZADO,14,0.3,MODERADO,R002|R005,2,0,
812801101,APROBADO,96,0.3,MODERADO,R001|R005|R015,3,1,
812908101,RECHAZADO,31,0.3,MODERADO,,0,0,
813004104,RECHAZADO,38,0.3,MODERADO,,0,0,
813101101,RECHAZADO,37,0.3,MODERADO,R010|R012,2,1,
813204101,APROBADO,87,0.3,MODERADO,R005|R012|R015,3,2,
813302102,APROBADO,94,0.3,MODERADO,R001|R006|R012,3,1,
813401102,RECHAZADO,21,0.3,MODERADO,R004|R012,2,1,
813508102,RECHAZADO,46,0.3,MODERADO,R005,1,0,
813602101,RECHAZADO,13,0.3,MODERADO,R004,1,0,
813602202,RECHAZADO,12,0.3,MODERADO,R004,1,0,
813703101,APROBADO,98,0.3,MODERADO,R001|R005|R012,3,1,
813804101,RECHAZADO,56,0.3,MODERADO,R005,1,0,
813904103,RECHAZADO,47,0.3,MODERADO,R001|R010,2,0,
814005101,APROBADO,100,0.3,MODERADO,R001|R012,2,1,
814116101,RECHAZADO,10,0.3,MODERADO,R004,1,0,
814201101,RECHAZADO,46,0.3,MODERADO,R005,1,0,
814315104,RECHAZADO,37,0.3,MODERADO,,0,0,
814403102,RECHAZADO,7,0.3,MODERADO,R002,1,0,
814502101,APROBADO,100,0.3,MODERADO,R001|R005|R012|R015,4,2,
814601104,APROBADO,100,0.3,MODERADO,R001|R005|R012|R015,4,2,
814720101,RECHAZADO,51,0.3,MODERADO,R012,1,1,
814803103,RECHAZADO,57,0.3,MODERADO,R001|R010,2,0,
814909102,APROBADO,96,0.3,MODERADO,R001|R005|R006,3,0,
815011102,RECHAZADO,42,0.3,MODERADO,,0,0,
815118101,RECHAZADO,32,0.3,MODERADO,,0,0,
815205101,RECHAZADO,22,0.3,MODERADO,R002|R006,2,0,
815302101,RECHAZADO,24,0.3,MODERADO,R002|R005|R006,3,0,
815403102,RECHAZADO,27,0.3,MODERADO,,0,0,
815503101,RECHAZADO,31,0.3,MODERADO,,0,0,
815604101,RECHAZADO,56,0.3,MODERADO,R005,1,0,
815709101,RECHAZADO,40,0.3,MODERADO,R005|R010,2,0,
815802101,RECHAZADO,41,0.3,MODERADO,,0,0,
815908102,RECHAZADO,13,0.3,MODERADO,R004,1,0,
816010102,RECHAZADO,11,0.3,MODERADO,R004,1,0,
816102102,RECHAZADO,40,0.3,MODERADO,,0,0,
816202103,RECHAZADO,0,0.3,MODERADO,R002,1,0,
816302101,RECHAZADO,22,0.3,MODERADO,R004|R012,2,1,
816402104,RECHAZADO,44,0.3,MODERADO,R012,1,1,
816513103,RECHAZADO,39,0.3,MODERADO,R010|R012,2,1,
816603102,RECHAZADO,12,0.3,MODERADO,R002,1,0,
816704101,RECHAZADO,56,0.3,MODERADO,R001|R004|R005,3,0,
816805102,APROBADO,81,0.3,MODERADO,R001|R012,2,1,
816905101,RECHAZADO,54,0.3,MODERADO,R012,1,1,
817001102,RECHAZADO,23,0.3,MODERADO,R004|R012,2,1,
817101101,APROBADO,100,0.3,MODERADO,R001|R005|R012,3,1,
817208101,RECHAZADO,39,0.3,MODERADO,,0,0,
817319102,RECHAZADO,28,0.3,MODERADO,,0,0,
817401101,RECHAZADO,23,0.3,MODERADO,R004|R012,2,1,
817509102,RECHAZADO,13,0.3,MODERADO,R004,1,0,
817601102,RECHAZADO,57,0.3,MODERADO,R012,1,1,
817702101,APROBADO,100,0.3,MODERADO,R001|R005|R012|R015,4,2,
817812102,RECHAZADO,46,0.3,MODERADO,R005,1,0,
817905101,RECHAZADO,23,0.3,MODERADO,R004|R005,2,0,
818002102,RECHAZADO,23,0.3,MODERADO,R002|R005,2,0,
818105101,RECHAZADO,31,0.3,MODERADO,,0,0,
818203102,RECHAZADO,42,0.3,MODERADO,R012,1,1,
818305101,RECHAZADO,26,0.3,MODERADO,R002|R005,2,0,
818407102,RECHAZADO,11,0.3,MODERADO,R004,1,0,
818504101,RECHAZADO,41,0.3,MODERADO,,0,0,
818604103,RECHAZADO,10,0.3,MODERADO,R004|R009|R012,3,1,
818704101,RECHAZADO,30,0.3,MODERADO,,0,0,
818801101,APROBADO,100,0.3,MODERADO,R001|R005|R012|R015,4,2,
818902101,RECHAZADO,53,0.3,MODERADO,R005,1,0,
819004101,APROBADO,100,0.3,MODERADO,R001|R005|R012,3,1,
819103101,RECHAZADO,0,0.3,MODERADO,R004|R010,2,0,
819209102,RECHAZADO,57,0.3,MODERADO,R001,1,0,
819302104,RECHAZADO,40,0.3,MODERADO,,0,0,
819412101,APROBADO,83,0.3,MODERADO,R001|R012,2,1,
819502101,RECHAZADO,28,0.3,MODERADO,R004|R012,2,1,
819603101,REVISION_MANUAL,68,0.3,MODERADO,R001|R004|R005|R012,4,1,
819704102,RECHAZADO,8,0.3,MODERADO,R004|R009|R012,3,1,
819807101,RECHAZADO,0,0.3,MODERADO,R002,1,0,
819904101,REVISION_MANUAL,65,0.3,MODERADO,R005|R012,2,1,
820005102,RECHAZADO,30,0.3,MODERADO,,0,0,
820112101,RECHAZADO,28,0.3,MODERADO,R004|R005,2,0,
820216101,REVISION_MANUAL,73,0.3,MODERADO,R001|R005,2,0,
820302102,RECHAZADO,40,0.3,MODERADO,,0,0,
820404102,RECHAZADO,52,0.3,MODERADO,R012,1,1,
820503102,REVISION_MANUAL,67,0.3,MODERADO,R005|R012,2,1,
820605101,RECHAZADO,49,0.3,MODERADO,R012,1,1,
820713103,RECHAZADO,25,0.3,MODERADO,R004|R005,2,0,
820803103,RECHAZADO,42,0.3,MODERADO,,0,0,
820902102,RECHAZADO,10,0.3,MODERADO,R004,1,0,
821004102,RECHAZADO,13,0.3,MODERADO,R004,1,0,
821102102,RECHAZADO,15,0.3,MODERADO,R004,1,0,
821205104,RECHAZADO,29,0.3,MODERADO,,0,0,
821306102,RECHAZADO,12,0.3,MODERADO,R004|R005|R010,3,0,
821413103,RECHAZADO,57,0.3,MODERADO,R005,1,0,
821504102,REVISION_MANUAL,70,0.3,MODERADO,R001,1,0,
821602102,RECHAZADO,12,0.3,MODERADO,R004,1,0,
821701102,REVISION_MANUAL,61,0.3,MODERADO,R001,1,0,
821805103,APROBADO,80,0.3,MODERADO,R001|R005|R010|R012,4,1,
821903101,RECHAZADO,1,0.3,MODERADO,R002,1,0,
822002102,APROBADO,100,0.3,MODERADO,R001|R005|R006|R012,4,1,
822105101,APROBADO,100,0.3,MODERADO,R001|R005|R012|R015,4,2,
822203102,RECHAZADO,38,0.3,MODERADO,,0,0,
822303101,REVISION_MANUAL,68,0.3,MODERADO,R001,1,0,
822405101,RECHAZADO,28,0.3,MODERADO,R004|R005,2,0,
822505102,REVISION_MANUAL,72,0.3,MODERADO,R001|R006,2,0,
822604103,RECHAZADO,10,0.3,MODERADO,R004|R009|R012,3,1,
822703102,RECHAZADO,53,0.3,MODERADO,R012,1,1,
822820103,RECHAZADO,43,0.3,MODERADO,R001|R009|R010,3,0,
822919101,RECHAZADO,46,0.3,MODERADO,R005,1,0,
823007102,REVISION_MANUAL,72,0.3,MODERADO,R001|R006,2,0,
823105101,RECHAZADO,30,0.3,MODERADO,,0,0,
823213103,RECHAZADO,25,0.3,MODERADO,R004|R012,2,1,
823305101,RECHAZADO,29,0.3,MODERADO,R010|R012,2,1,
823404101,REVISION_MANUAL,72,0.3,MODERADO,R001|R012,2,1,
823511101,APROBADO,94,0.3,MODERADO,R001|R005|R015,3,1,
823620101,RECHAZADO,47,0.3,MODERADO,R005,1,0,
823717102,RECHAZADO,9,0.3,MODERADO,R004|R010|R012,3,1,
823804102,RECHAZADO,26,0.3,MODERADO,,0,0,
823903102,RECHAZADO,27,0.3,MODERADO,R010,1,0,
824005101,APROBADO,89,0.3,MODERADO,R001|R012,2,1,
824118103,RECHAZADO,27,0.3,MODERADO,R010,1,0,
824203102,RECHAZADO,22,0.3,MODERADO,R004|R012,2,1,
824304102,APROBADO,93,0.3,MODERADO,R003|R012,2,1,
824404102,RECHAZADO,10,0.3,MODERADO,R004,1,0,
824503102,RECHAZADO,0,0.3,MODERADO,R002|R004,2,0,
824603101,RECHAZADO,40,0.3,MODERADO,,0,0,
824702101,APROBADO,85,0.3,MODERADO,R001|R005,2,0,
824804101,APROBADO,95,0.3,MODERADO,R001|R005|R012,3,1,
824901102,RECHAZADO,27,0.3,MODERADO,R004|R012,2,1,
825002101,REVISION_MANUAL,71,0.3,MODERADO,R001,1,0,
825105103,RECHAZADO,42,0.3,MODERADO,,0,0,
825203101,RECHAZADO,27,0.3,MODERADO,R010,1,0,
825318101,RECHAZADO,25,0.3,MODERADO,R004|R005,2,0,
825420101,RECHAZADO,28,0.3,MODERADO,R004|R005,2,0,
825501101,RECHAZADO,10,0.3,MODERADO,R004,1,0,
825601101,APROBADO,96,0.3,MODERADO,R001|R005|R012,3,1,
825702101,RECHAZADO,18,0.3,MODERADO,R002|R005,2,0,
825814102,RECHAZADO,12,0.3,MODERADO,R004,1,0,
825903101,RECHAZADO,12,0.3,MODERADO,R004,1,0,
826001102,REVISION_MANUAL,71,0.3,MODERADO,R001|R009|R012,3,1,
826105101,APROBADO,83,0.3,MODERADO,R001|R006,2,0,
826201101,REVISION_MANUAL,64,0.3,MODERADO,R001|R004|R005|R012,4,1,
826303101,REVISION_MANUAL,76,0.3,MODERADO,R001|R004|R005|R012,4,1,
826405102,RECHAZADO,6,0.3,MODERADO,R002,1,0,
826501102,RECHAZADO,20,0.3,MODERADO,R004|R012,2,1,
826603106,RECHAZADO,42,0.3,MODERADO,R010|R012,2,1,
826702101,APROBADO,85,0.3,MODERADO,R001|R005,2,0,
826804101,RECHAZADO,52,0.3,MODERADO,R012,1,1,
826901101,RECHAZADO,0,0.3,MODERADO,R002|R004,2,0,
826901201,APROBADO,100,0.3,MODERADO,R001|R005|R012,3,1,
826901301,REVISION_MANUAL,61,0.3,MODERADO,R012,1,1,
827004101,RECHAZADO,26,0.3,MODERADO,,0,0,
827119101,RECHAZADO,32,0.3,MODERADO,R005|R010,2,0,
827203101,REVISION_MANUAL,74,0.3,MODERADO,R001|R012,2,1,
827304103,APROBADO,82,0.3,MODERADO,R001|R012,2,1,
827416102,RECHAZADO,27,0.3,MODERADO,,0,0,
827511102,RECHAZADO,31,0.3,MODERADO,,0,0,
827605102,RECHAZADO,41,0.3,MODERADO,,0,0,
827705101,RECHAZADO,41,0.3,MODERADO,,0,0,
827801102,REVISION_MANUAL,60,0.3,MODERADO,R012,1,1,
827907101,RECHAZADO,13,0.3,MODERADO,R004,1,0,
828002102,RECHAZADO,40,0.3,MODERADO,,0,0,
828102102,RECHAZADO,41,0.3,MODERADO,,0,0,
828205101,RECHAZADO,5,0.3,MODERADO,R002,1,0,
828310103,RECHAZADO,39,0.3,MODERADO,,0,0,
828401101,APROBADO,83,0.3,MODERADO,R001|R005,2,0,
828505103,RECHAZADO,36,0.3,MODERADO,,0,0,
828605101,REVISION_MANUAL,68,0.3,MODERADO,R001|R004|R005|R012,4,1,
828703103,REVISION_MANUAL,74,0.3,MODERADO,R001|R012,2,1,
828817102,RECHAZADO,13,0.3,MODERADO,R002|R005,2,0,
828912101,RECHAZADO,43,0.3,MODERADO,R005,1,0,
829004101,RECHAZADO,28,0.3,MODERADO,R004|R005,2,0,
829101101,RECHAZADO,11,0.3,MODERADO,R004,1,0,
829215101,REVISION_MANUAL,70,0.3,MODERADO,R001,1,0,
829304105,RECHAZADO,52,0.3,MODERADO,R012,1,1,
829401101,REVISION_MANUAL,72,0.3,MODERADO,R001,1,0,
829502101,APROBADO,84,0.3,MODERADO,R001|R005,2,0,
829620102,RECHAZADO,28,0.3,MODERADO,,0,0,
829706102,RECHAZADO,30,0.3,MODERADO,,0,0,
829802101,RECHAZADO,39,0.3,MODERADO,,0,0,
829905101,RECHAZADO,37,0.3,MODERADO,R004|R005|R012,3,1,
830003101,RECHAZADO,55,0.3,MODERADO,R012,1,1,
830118103,RECHAZADO,53,0.3,MODERADO,R001|R004|R012,3,1,
830218102,RECHAZADO,38,0.3,MODERADO,,0,0,
830318101,RECHAZADO,44,0.3,MODERADO,R005,1,0,
830401101,RECHAZADO,23,0.3,MODERADO,R004|R005,2,0,
830505101,RECHAZADO,14,0.3,MODERADO,R004|R009|R012,3,1,
830607101,RECHAZADO,41,0.3,MODERADO,R012,1,1,
830703101,RECHAZADO,53,0.3,MODERADO,R012,1,1,
830801102,RECHAZADO,53,0.3,MODERADO,R012,1,1,
830906103,RECHAZADO,51,0.3,MODERADO,R012,1,1,
831011101,RECHAZADO,44,0.3,MODERADO,R012,1,1,
831106102,RECHAZADO,33,0.3,MODERADO,R002|R005,2,0,
831220102,RECHAZADO,15,0.3,MODERADO,R010,1,0,
831305102,RECHAZADO,0,0.3,MODERADO,R002|R004|R009,3,0,
831405101,REVISION_MANUAL,73,0.3,MODERADO,R001,1,0,
831512101,REVISION_MANUAL,60,0.3,MODERADO,R001|R004|R005,3,0,
831603101,REVISION_MANUAL,60,0.3,MODERADO,R001,1,0,
831702103,RECHAZADO,15,0.3,MODERADO,R004,1,0,
831804102,RECHAZADO,42,0.3,MODERADO,R012,1,1,
831902101,RECHAZADO,52,0.3,MODERADO,R005|R012,2,1,
832002101,REVISION_MANUAL,75,0.3,MODERADO,R001|R005,2,0,
832102101,RECHAZADO,51,0.3,MODERADO,R001|R004|R012,3,1,
832203101,RECHAZADO,39,0.3,MODERADO,,0,0,
832309101,RECHAZADO,0,0.3,MODERADO,R002,1,0,
832405101,REVISION_MANUAL,62,0.3,MODERADO,R003|R010|R012,3,1,
832503101,REVISION_MANUAL,65,0.3,MODERADO,R005|R012,2,1,
832608101,RECHAZADO,43,0.3,MODERADO,R005,1,0,
832704101,APROBADO,98,0.3,MODERADO,R001|R012,2,1,
832805105,RECHAZADO,24,0.3,MODERADO,R009,1,0,
832905101,RECHAZADO,55,0.3,MODERADO,R005,1,0,
833011101,RECHAZADO,12,0.3,MODERADO,R004,1,0,
833113101,RECHAZADO,29,0.3,MODERADO,,0,0,
833205101,RECHAZADO,38,0.3,MODERADO,,0,0,
833303102,RECHAZADO,13,0.3,MODERADO,R004,1,0,
833401103,RECHAZADO,37,0.3,MODERADO,,0,0,
833507101,REVISION_MANUAL,75,0.3,MODERADO,R005|R012|R015,3,2,
833605101,APROBADO,100,0.3,MODERADO,R001|R005|R012,3,1,
833709102,RECHAZADO,10,0.3,MODERADO,R004,1,0,
833801102,APROBADO,96,0.3,MODERADO,R001|R005|R012,3,1,
833906102,RECHAZADO,40,0.3,MODERADO,,0,0,
834003102,RECHAZADO,59,0.3,MODERADO,R005|R012,2,1,
834103101,REVISION_MANUAL,63,0.3,MODERADO,R001,1,0,
834201102,RECHAZADO,43,0.3,MODERADO,R001|R009|R010|R012,4,1,
834303101,RECHAZADO,43,0.3,MODERADO,,0,0,
834420101,RECHAZADO,44,0.3,MODERADO,R005,1,0,
834518101,RECHAZADO,12,0.3,MODERADO,R004,1,0,
834602101,APROBADO,100,0.3,MODERADO,R001|R012,2,1,
834704102,RECHAZADO,58,0.3,MODERADO,R005|R012,2,1,
834805102,RECHAZADO,53,0.3,MODERADO,R012,1,1,
834805201,APROBADO,85,0.3,MODERADO,R001|R012,2,1,
834902104,RECHAZADO,26,0.3,MODERADO,R009,1,0,
835005101,RECHAZADO,0,0.3,MODERADO,R002,1,0,
835113102,RECHAZADO,42,0.3,MODERADO,R001|R004,2,0,
835203103,RECHAZADO,57,0.3,MODERADO,R012,1,1,
835304102,RECHAZADO,13,0.3,MODERADO,R004,1,0,
835411101,RECHAZADO,28,0.3,MODERADO,R004|R005,2,0,
835507104,RECHAZADO,0,0.3,MODERADO,R002,1,0,
835601102,RECHAZADO,12,0.3,MODERADO,R004,1,0,
835703102,RECHAZADO,24,0.3,MODERADO,R004|R012,2,1,
835802102,APROBADO,100,0.3,MODERADO,R001|R005|R012,3,1,
835906103,RECHAZADO,39,0.3,MODERADO,,0,0,
836002103,RECHAZADO,0,0.3,MODERADO,R002|R004,2,0,
836101102,REVISION_MANUAL,71,0.3,MODERADO,R001,1,0,
836201101,RECHAZADO,46,0.3,MODERADO,R005,1,0,
836301103,RECHAZADO,13,0.3,MODERADO,R004,1,0,
836419101,RECHAZADO,28,0.3,MODERADO,R004|R005,2,0,
836502101,APROBADO,82,0.3,MODERADO,R001|R012,2,1,
836603102,RECHAZADO,28,0.3,MODERADO,,0,0,
836702101,APROBADO,82,0.3,MODERADO,R001|R012,2,1,
836807103,RECHAZADO,38,0.3,MODERADO,,0,0,
836902103,RECHAZADO,24,0.3,MODERADO,R004|R012,2,1,
837001101,RECHAZADO,8,0.3,MODERADO,R002,1,0,
837106101,RECHAZADO,32,0.3,MODERADO,R005|R010,2,0,
837203104,RECHAZADO,43,0.3,MODERADO,R001|R009|R010,3,0,
837303102,RECHAZADO,25,0.3,MODERADO,R004|R005,2,0,
837403103,REVISION_MANUAL,69,0.3,MODERADO,R001|R009|R012,3,1,
837503101,REVISION_MANUAL,76,0.3,MODERADO,R001|R005,2,0,
837605101,RECHAZADO,8,0.3,MODERADO,R004,1,0,
837703101,RECHAZADO,40,0.3,MODERADO,,0,0,
837805101,REVISION_MANUAL,66,0.3,MODERADO,R005|R012,2,1,
837902101,RECHAZADO,28,0.3,MODERADO,R004|R005,2,0,
838005104,RECHAZADO,37,0.3,MODERADO,R001|R004|R009|R012,4,1,
838108102,RECHAZADO,45,0.3,MODERADO,R005,1,0,
838202101,RECHAZADO,26,0.3,MODERADO,R004|R005,2,0,
838301101,REVISION_MANUAL,60,0.3,MODERADO,R012,1,1,
838404102,APROBADO,100,0.3,MODERADO,R001|R003|R005|R006|R012,5,1,
838513103,APROBADO,84,0.3,MODERADO,R001|R012,2,1,
838606101,RECHAZADO,42,0.3,MODERADO,,0,0,
838702101,REVISION_MANUAL,65,0.3,MODERADO,R005|R012,2,1,
838803101,APROBADO,83,0.3,MODERADO,R001|R005|R012,3,1,
838910102,RECHAZADO,0,0.3,MODERADO,R002|R004|R010,3,0,
839014102,RECHAZADO,15,0.3,MODERADO,R004,1,0,
839103101,RECHAZADO,28,0.3,MODERADO,R004|R005,2,0,
839205101,RECHAZADO,33,0.3,MODERADO,,0,0,
839303102,RECHAZADO,26,0.3,MODERADO,R004|R005,2,0,
839416101,RECHAZADO,52,0.3,MODERADO,R005,1,0,
839502101,APROBADO,97,0.3,MODERADO,R001|R005|R012,3,1,
839613101,RECHAZADO,28,0.3,MODERADO,R004|R005,2,0,
839702101,REVISION_MANUAL,76,0.3,MODERADO,R001|R004|R005|R012,4,1,
839815102,RECHAZADO,12,0.3,MODERADO,R004,1,0,
839915101,RECHAZADO,12,0.3,MODERADO,R004,1,0,
840002102,APROBADO,82,0.3,MODERADO,R001|R006,2,0,
840101102,REVISION_MANUAL,70,0.3,MODERADO,R001|R005|R010,3,0,
840203103,RECHAZADO,52,0.3,MODERADO,R012,1,1,
840302103,RECHAZADO,53,0.3,MODERADO,R001|R009,2,0,
840416101,RECHAZADO,57,0.3,MODERADO,R001|R004|R005,3,0,
840503103,APROBADO,100,0.3,MODERADO,R001|R005|R012,3,1,
840606102,APROBADO,99,0.3,MODERADO,R001|R012,2,1,
840702102,RECHAZADO,43,0.3,MODERADO,R001|R004,2,0,
840801104,RECHAZADO,0,0.3,MODERADO,R002|R010,2,0,
840902101,RECHAZADO,46,0.3,MODERADO,R005,1,0,
841004102,RECHAZADO,39,0.3,MODERADO,,0,0,
841101101,REVISION_MANUAL,71,0.3,MODERADO,R005|R012,2,1,
841203101,APROBADO,83,0.3,MODERADO,R001|R005,2,0,
841307102,RECHAZADO,21,0.3,MODERADO,R004|R012,2,1,
841402105,RECHAZADO,54,0.3,MODERADO,R012,1,1,
841502102,RECHAZADO,13,0.3,MODERADO,R004,1,0,
841603102,REVISION_MANUAL,64,0.3,MODERADO,R005|R012,2,1,
841701101,RECHAZADO,26,0.3,MODERADO,R004|R005,2,0,
841802102,RECHAZADO,6,0.3,MODERADO,R002,1,0,
841915101,RECHAZADO,28,0.3,MODERADO,R004|R005,2,0,
842002101,APROBADO,98,0.3,MODERADO,R001|R005|R012,3,1,
842101102,RECHAZADO,13,0.3,MODERADO,R004,1,0,
842201101,RECHAZADO,42,0.3,MODERADO,R012,1,1,
842305101,RECHAZADO,52,0.3,MODERADO,R005|R010|R012,3,1,
842405102,RECHAZADO,59,0.3,MODERADO,R001,1,0,
842511102,RECHAZADO,13,0.3,MODERADO,R004,1,0,
842607102,RECHAZADO,54,0.3,MODERADO,R012,1,1,
842701102,RECHAZADO,0,0.3,MODERADO,R004|R009,2,0,
842820101,RECHAZADO,44,0.3,MODERADO,R005,1,0,
842919101,REVISION_MANUAL,64,0.3,MODERADO,R005|R015,2,1,
843001103,APROBADO,85,0.3,MODERADO,R001|R012,2,1,
843101101,REVISION_MANUAL,77,0.3,MODERADO,R005|R012,2,1,
843213102,REVISION_MANUAL,67,0.3,MODERADO,R001|R004|R005|R012,4,1,
843303101,APROBADO,89,0.3,MODERADO,R001|R005|R006,3,0,
843414101,RECHAZADO,48,0.3,MODERADO,R005,1,0,
843503101,RECHAZADO,52,0.3,MODERADO,R012,1,1,
843603101,APROBADO,92,0.3,MODERADO,R001|R012,2,1,
843703102,RECHAZADO,50,0.3,MODERADO,R012,1,1,
843804101,RECHAZADO,44,0.3,MODERADO,R012,1,1,
843901101,RECHAZADO,12,0.3,MODERADO,R004,1,0,
844002101,RECHAZADO,50,0.3,MODERADO,R012,1,1,
844103102,RECHAZADO,21,0.3,MODERADO,R004|R012,2,1,
844205101,APROBADO,88,0.3,MODERADO,R001|R005|R006,3,0,
844303101,APROBADO,94,0.3,MODERADO,R001|R012,2,1,
844402102,RECHAZADO,36,0.3,MODERADO,R004|R005|R012,3,1,
844503102,RECHAZADO,58,0.3,MODERADO,R001,1,0,
844619101,RECHAZADO,42,0.3,MODERADO,R005,1,0,
844701102,REVISION_MANUAL,60,0.3,MODERADO,R001,1,0,
844802101,APROBADO,83,0.3,MODERADO,R001|R005,2,0,
844911103,RECHAZADO,33,0.3,MODERADO,R010|R012,2,1,
845002104,RECHAZADO,38,0.3,MODERADO,R010|R012,2,1,
845105104,APROBADO,81,0.3,MODERADO,R001|R012,2,1,
845212103,RECHAZADO,31,0.3,MODERADO,,0,0,
845303101,RECHAZADO,27,0.3,MODERADO,R002|R005,2,0,
845402101,RECHAZADO,51,0.3,MODERADO,R012,1,1,
845504102,RECHAZADO,51,0.3,MODERADO,R012,1,1,
845601102,RECHAZADO,8,0.3,MODERADO,R002,1,0,
845701101,RECHAZADO,26,0.3,MODERADO,R004|R005,2,0,
845805103,RECHAZADO,11,0.3,MODERADO,R004|R009|R012,3,1,
845917101,RECHAZADO,25,0.3,MODERADO,R004|R005,2,0,
846002102,RECHAZADO,15,0.3,MODERADO,R004,1,0,
846105101,APROBADO,100,0.3,MODERADO,R001|R005|R012,3,1,
846204101,RECHAZADO,38,0.3,MODERADO,,0,0,
846302101,RECHAZADO,11,0.3,MODERADO,R004,1,0,
846405101,RECHAZADO,55,0.3,MODERADO,R012,1,1,
846505103,RECHAZADO,12,0.3,MODERADO,R004,1,0,
846603102,REVISION_MANUAL,72,0.3,MODERADO,R001|R005,2,0,
846713101,RECHAZADO,54,0.3,MODERADO,R012,1,1,
846801101,RECHAZADO,28,0.3,MODERADO,R004|R005,2,0,
846903101,APROBADO,100,0.3,MODERADO,R001|R005|R012|R015,4,2,
847001103,RECHAZADO,12,0.3,MODERADO,R004,1,0,
847101103,RECHAZADO,23,0.3,MODERADO,R004|R012,2,1,
847201101,REVISION_MANUAL,72,0.3,MODERADO,R005|R012,2,1,
847309101,RECHAZADO,43,0.3,MODERADO,R005|R010|R012,3,1,
847405102,APROBADO,84,0.3,MODERADO,R001|R005,2,0,
847501101,RECHAZADO,13,0.3,MODERADO,R004,1,0,
847604101,RECHAZADO,46,0.3,MODERADO,R005,1,0,
847702101,RECHAZADO,52,0.3,MODERADO,R012,1,1,
847814102,RECHAZADO,42,0.3,MODERADO,,0,0,
847905101,RECHAZADO,6,0.3,MODERADO,R002,1,0,
848004101,RECHAZADO,43,0.3,MODERADO,R012,1,1,
848119102,RECHAZADO,0,0.3,MODERADO,R004|R010,2,0,
848201101,APROBADO,80,0.3,MODERADO,R001|R012,2,1,
848304102,RECHAZADO,43,0.3,MODERADO,R001|R004,2,0,
848407103,RECHAZADO,27,0.3,MODERADO,R009,1,0,
848501101,REVISION_MANUAL,74,0.3,MODERADO,R005|R012|R015,3,2,
848605101,RECHAZADO,19,0.3,MODERADO,R002|R005,2,0,
848702102,APROBADO,96,0.3,MODERADO,R001|R005|R015,3,1,
848801101,RECHAZADO,17,0.3,MODERADO,R002|R006,2,0,
848913102,REVISION_MANUAL,70,0.3,MODERADO,R001,1,0,
849014102,RECHAZADO,55,0.3,MODERADO,R001|R004|R006,3,0,
849105102,RECHAZADO,52,0.3,MODERADO,R001|R004|R012,3,1,
849105201,REVISION_MANUAL,64,0.3,MODERADO,R005|R015,2,1,
849105301,RECHAZADO,41,0.3,MODERADO,,0,0,
849209101,REVISION_MANUAL,71,0.3,MODERADO,R001|R004|R005|R012,4,1,
849301101,RECHAZADO,43,0.3,MODERADO,R005,1,0,
849402103,APROBADO,100,0.3,MODERADO,R001|R005|R012,3,1,
849501102,RECHAZADO,38,0.3,MODERADO,R004|R005|R012,3,1,
849611102,RECHAZADO,10,0.3,MODERADO,R004,1,0,
849703104,RECHAZADO,0,0.3,MODERADO,R002|R004|R009,3,0,
849802103,RECHAZADO,11,0.3,MODERADO,R004|R009|R012,3,1,
849905103,RECHAZADO,50,0.3,MODERADO,R012,1,1,
850013101,RECHAZADO,50,0.3,MODERADO,R012,1,1,
850101101,APROBADO,100,0.3,MODERADO,R001|R005|R012|R015,4,2,
850202101,APROBADO,90,0.3,MODERADO,R005|R012|R015,3,2,
850301101,REVISION_MANUAL,63,0.3,MODERADO,R005|R015,2,1,
850401101,RECHAZADO,25,0.3,MODERADO,R004|R005,2,0,
850510102,RECHAZADO,28,0.3,MODERADO,R004|R005,2,0,
850605101,RECHAZADO,54,0.3,MODERADO,R012,1,1,
850704101,RECHAZADO,27,0.3,MODERADO,R010,1,0,
850802102,REVISION_MANUAL,67,0.3,MODERADO,R005|R012,2,1,
850901103,RECHAZADO,10,0.3,MODERADO,R004,1,0,
851008103,REVISION_MANUAL,72,0.3,MODERADO,R001|R012,2,1,
851102102,RECHAZADO,10,0.3,MODERADO,R004,1,0,
851205101,RECHAZADO,43,0.3,MODERADO,R005|R010|R012,3,1,
851303101,APROBADO,100,0.3,MODERADO,R001|R005|R012|R015,4,2,
851406101,RECHAZADO,48,0.3,MODERADO,R005,1,0,
851503101,RECHAZADO,13,0.3,MODERADO,R004,1,0,
851613103,RECHAZADO,39,0.3,MODERADO,R010|R012,2,1,
851704101,RECHAZADO,30,0.3,MODERADO,,0,0,
851805103,APROBADO,81,0.3,MODERADO,R001|R012,2,1,
851901101,RECHAZADO,13,0.3,MODERADO,R004,1,0,
852002101,APROBADO,100,0.3,MODERADO,R001|R012,2,1,
852104103,RECHAZADO,8,0.3,MODERADO,R002,1,0,
852203101,RECHAZADO,28,0.3,MODERADO,R004|R005,2,0,
852302102,RECHAZADO,13,0.3,MODERADO,R004|R009|R012,3,1,
852411101,RECHAZADO,56,0.3,MODERADO,R001|R004|R005,3,0,
852501102,RECHAZADO,23,0.3,MODERADO,R004|R012,2,1,
852604101,RECHAZADO,41,0.3,MODERADO,R004|R005|R012,3,1,
852702103,RECHAZADO,28,0.3,MODERADO,,0,0,
852804101,APROBADO,100,0.3,MODERADO,R001|R005|R012|R015,4,2,
852920102,RECHAZADO,41,0.3,MODERADO,,0,0,
853003101,APROBADO,96,0.3,MODERADO,R001|R005|R012,3,1,
853101101,REVISION_MANUAL,70,0.3,MODERADO,R001|R004|R005|R012,4,1,
853209102,RECHAZADO,42,0.3,MODERADO,R005|R010,2,0,
853304101,APROBADO,100,0.3,MODERADO,R001|R005|R012,3,1,
853402102,RECHAZADO,13,0.3,MODERADO,R004,1,0,
853508103,RECHAZADO,22,0.3,MODERADO,R004|R012,2,1,
853602101,REVISION_MANUAL,71,0.3,MODERADO,R001|R004|R005|R012,4,1,
853720102,RECHAZADO,40,0.3,MODERADO,,0,0,
853805101,RECHAZADO,26,0.3,MODERADO,R004|R005,2,0,
853901101,RECHAZADO,39,0.3,MODERADO,,0,0,
854004101,RECHAZADO,27,0.3,MODERADO,,0,0,
854107102,APROBADO,84,0.3,MODERADO,R001|R005,2,0,
854219101,RECHAZADO,39,0.3,MODERADO,R004|R005|R012,3,1,
854306101,RECHAZADO,25,0.3,MODERADO,R004|R005,2,0,
854401103,REVISION_MANUAL,70,0.3,MODERADO,R001|R010|R012,3,1,
854505102,RECHAZADO,23,0.3,MODERADO,R002|R005,2,0,
854620102,RECHAZADO,45,0.3,MODERADO,R001|R004,2,0,
854705102,RECHAZADO,26,0.3,MODERADO,R002|R005|R006,3,0,
854820102,RECHAZADO,40,0.3,MODERADO,R001|R004,2,0,
854902102,REVISION_MANUAL,66,0.3,MODERADO,R005|R015,2,1,
855003102,REVISION_MANUAL,77,0.3,MODERADO,R005|R012|R015,3,2,
855102104,RECHAZADO,39,0.3,MODERADO,,0,0,
855203101,APROBADO,87,0.3,MODERADO,R001|R012,2,1,
855305103,RECHAZADO,23,0.3,MODERADO,R004|R012,2,1,
855401101,RECHAZADO,59,0.3,MODERADO,R005|R012,2,1,
855504102,RECHAZADO,25,0.3,MODERADO,R004|R012,2,1,
855603101,RECHAZADO,15,0.3,MODERADO,R002|R006,2,0,
855702102,RECHAZADO,56,0.3,MODERADO,R001|R004|R005,3,0,
855803103,REVISION_MANUAL,67,0.3,MODERADO,R001,1,0,
855904101,RECHAZADO,13,0.3,MODERADO,R004,1,0,
856013103,RECHAZADO,0,0.3,MODERADO,R004|R010,2,0,
856105102,REVISION_MANUAL,67,0.3,MODERADO,R001|R004|R005|R012,4,1,
856204101,REVISION_MANUAL,71,0.3,MODERADO,R001,1,0,
856302101,RECHAZADO,54,0.3,MODERADO,R012,1,1,
856415102,REVISION_MANUAL,69,0.3,MODERADO,R001,1,0,
856504105,RECHAZADO,54,0.3,MODERADO,R001|R004|R006,3,0,
856603106,RECHAZADO,23,0.3,MODERADO,R009|R010|R012,3,1,
856709101,REVISION_MANUAL,74,0.3,MODERADO,R001|R006,2,0,
856808102,RECHAZADO,42,0.3,MODERADO,R005|R010,2,0,
856904101,RECHAZADO,47,0.3,MODERADO,R005,1,0,
857003101,RECHAZADO,55,0.3,MODERADO,R005,1,0,
857112101,REVISION_MANUAL,61,0.3,MODERADO,R001,1,0,
857215101,RECHAZADO,28,0.3,MODERADO,R004|R005,2,0,
857307101,RECHAZADO,31,0.3,MODERADO,,0,0,
857404103,RECHAZADO,0,0.3,MODERADO,R002,1,0,
857508102,RECHAZADO,39,0.3,MODERADO,,0,0,
857602101,APROBADO,100,0.3,MODERADO,R001|R012,2,1,
857703101,RECHAZADO,58,0.3,MODERADO,R001|R004|R005,3,0,
857802101,APROBADO,100,0.3,MODERADO,R001|R005|R012,3,1,
857904101,RECHAZADO,0,0.3,MODERADO,R002|R004|R005,3,0,
858006101,APROBADO,98,0.3,MODERADO,R001|R005|R012,3,1,
858101103,RECHAZADO,29,0.3,MODERADO,R009,1,0,
858216101,RECHAZADO,48,0.3,MODERADO,R005,1,0,
858302103,REVISION_MANUAL,68,0.3,MODERADO,R001,1,0,
858405101,APROBADO,85,0.3,MODERADO,R001|R012,2,1,
858503102,REVISION_MANUAL,73,0.3,MODERADO,R001|R012,2,1,
858601102,REVISION_MANUAL,61,0.3,MODERADO,R005|R012,2,1,
858704104,REVISION_MANUAL,67,0.3,MODERADO,R001|R004|R005|R012,4,1,
858801103,RECHAZADO,52,0.3,MODERADO,R012,1,1,
858914101,REVISION_MANUAL,60,0.3,MODERADO,R001|R004|R005,3,0,
859001103,RECHAZADO,22,0.3,MODERADO,R004|R012,2,1,
859104102,RECHAZADO,15,0.3,MODERADO,R004,1,0,
859204104,REVISION_MANUAL,78,0.3,MODERADO,R001|R012,2,1,
859301101,RECHAZADO,27,0.3,MODERADO,R004|R005,2,0,
859403101,REVISION_MANUAL,67,0.3,MODERADO,R005|R012,2,1,
859502103,RECHAZADO,50,0.3,MODERADO,R012,1,1,
859619101,RECHAZADO,38,0.3,MODERADO,,0,0,
859703106,RECHAZADO,0,0.3,MODERADO,R004|R009|R010,3,0,
859815101,RECHAZADO,58,0.3,MODERADO,R001,1,0,
859904101,RECHAZADO,43,0.3,MODERADO,,0,0,
860005102,REVISION_MANUAL,67,0.3,MODERADO,R005|R012,2,1,
860106101,REVISION_MANUAL,76,0.3,MODERADO,R001|R005,2,0,
860203103,RECHAZADO,38,0.3,MODERADO,,0,0,
860301104,RECHAZADO,56,0.3,MODERADO,R012,1,1,
860403102,APROBADO,89,0.3,MODERADO,R001|R005|R012,3,1,
860514102,RECHAZADO,43,0.3,MODERADO,R012,1,1,
860617101,APROBADO,80,0.3,MODERADO,R001|R012,2,1,
860705103,RECHAZADO,7,0.3,MODERADO,R002,1,0,
860801102,APROBADO,100,0.3,MODERADO,R001|R005|R012,3,1,
860903102,APROBADO,94,0.3,MODERADO,R001|R012,2,1,
861002101,RECHAZADO,38,0.3,MODERADO,,0,0,
861101102,RECHAZADO,11,0.3,MODERADO,R004,1,0,
861201101,APROBADO,100,0.3,MODERADO,R001|R005|R006|R012|R015,5,2,
861302103,APROBADO,99,0.3,MODERADO,R001|R006|R012,3,1,
861413103,RECHAZADO,14,0.3,MODERADO,R009,1,0,
861502102,RECHAZADO,28,0.3,MODERADO,R004|R005,2,0,
861601101,RECHAZADO,47,0.3,MODERADO,R005,1,0,
861701101,RECHAZADO,40,0.3,MODERADO,R004|R005|R012,3,1,
861801101,RECHAZADO,40,0.3,MODERADO,,0,0,
861905102,RECHAZADO,5,0.3,MODERADO,R002,1,0,
862014104,RECHAZADO,20,0.3,MODERADO,R004|R012,2,1,
862104101,RECHAZADO,40,0.3,MODERADO,,0,0,
862208101,RECHAZADO,28,0.3,MODERADO,R004|R005,2,0,
862305102,REVISION_MANUAL,71,0.3,MODERADO,R001,1,0,
862413101,RECHAZADO,23,0.3,MODERADO,R004|R012,2,1,
862502102,RECHAZADO,12,0.3,MODERADO,R004,1,0,
862611102,RECHAZADO,21,0.3,MODERADO,R004|R012,2,1,
862702101,RECHAZADO,28,0.3,MODERADO,R004|R005,2,0,
862806102,RECHAZADO,41,0.3,MODERADO,R001|R004|R006|R010,4,0,
862806201,APROBADO,81,0.3,MODERADO,R001|R012,2,1,
862901101,RECHAZADO,7,0.3,MODERADO,R002,1,0,
863004103,RECHAZADO,55,0.3,MODERADO,R012,1,1,
863101103,RECHAZADO,22,0.3,MODERADO,R004|R012,2,1,
863205102,RECHAZADO,53,0.3,MODERADO,R012,1,1,
863303103,APROBADO,80,0.3,MODERADO,R001|R012,2,1,
863412102,RECHAZADO,22,0.3,MODERADO,R004|R012,2,1,
863503103,RECHAZADO,25,0.3,MODERADO,R009,1,0,
863617102,RECHAZADO,15,0.3,MODERADO,R010,1,0,
863702101,REVISION_MANUAL,66,0.3,MODERADO,R005|R012,2,1,
863802101,REVISION_MANUAL,71,0.3,MODERADO,R001|R004|R005|R012,4,1,
863901101,RECHAZADO,9,0.3,MODERADO,R004,1,0,
864001104,RECHAZADO,40,0.3,MODERADO,R001|R004|R009|R012,4,1,
864101101,REVISION_MANUAL,70,0.3,MODERADO,R001|R005|R010,3,0,
864212103,RECHAZADO,57,0.3,MODERADO,R012,1,1,
864318102,RECHAZADO,28,0.3,MODERADO,R004|R005,2,0,
864405101,APROBADO,88,0.3,MODERADO,R001|R005,2,0,
864501101,RECHAZADO,25,0.3,MODERADO,R010,1,0,
864614101,REVISION_MANUAL,79,0.3,MODERADO,R001|R012,2,1,
864701103,RECHAZADO,40,0.3,MODERADO,R009|R012,2,1,
864813102,REVISION_MANUAL,67,0.3,MODERADO,R001|R004|R006|R012,4,1,
864916101,RECHAZADO,12,0.3,MODERADO,R004,1,0,
865001103,RECHAZADO,15,0.3,MODERADO,R009,1,0,
865104101,RECHAZADO,41,0.3,MODERADO,R001|R004,2,0,
865206101,REVISION_MANUAL,68,0.3,MODERADO,R001,1,0,
865314101,REVISION_MANUAL,71,0.3,MODERADO,R005|R012,2,1,
865404101,RECHAZADO,27,0.3,MODERADO,R004|R005,2,0,
865513103,RECHAZADO,37,0.3,MODERADO,R010|R012,2,1,
865620102,RECHAZADO,26,0.3,MODERADO,R004|R005,2,0,
865719101,RECHAZADO,27,0.3,MODERADO,R004|R005,2,0,
865807101,RECHAZADO,44,0.3,MODERADO,R005,1,0,
865903102,APROBADO,100,0.3,MODERADO,R001|R005|R012|R015,4,2,
866003102,RECHAZADO,55,0.3,MODERADO,R005,1,0,
866107102,REVISION_MANUAL,65,0.3,MODERADO,R002|R003|R005|R015,4,1,
866217102,RECHAZADO,13,0.3,MODERADO,R004,1,0,
866304101,RECHAZADO,10,0.3,MODERADO,R004,1,0,
866410101,REVISION_MANUAL,64,0.3,MODERADO,R005|R012,2,1,
866503101,REVISION_MANUAL,70,0.3,MODERADO,R001,1,0,
866605102,RECHAZADO,11,0.3,MODERADO,R004,1,0,
866702101,RECHAZADO,7,0.3,MODERADO,R002,1,0,
866805102,RECHAZADO,43,0.3,MODERADO,R012,1,1,
866902101,REVISION_MANUAL,77,0.3,MODERADO,R005|R012,2,1,
867011101,RECHAZADO,33,0.3,MODERADO,,0,0,
867118102,RECHAZADO,22,0.3,MODERADO,R004|R012,2,1,
867203102,APROBADO,85,0.3,MODERADO,R001|R012,2,1,
867302104,RECHAZADO,27,0.3,MODERADO,R010,1,0,
867403101,REVISION_MANUAL,65,0.3,MODERADO,R005|R012,2,1,
867502102,RECHAZADO,28,0.3,MODERADO,R004|R005,2,0,
867614102,RECHAZADO,13,0.3,MODERADO,R004,1,0,
867702101,RECHAZADO,13,0.3,MODERADO,R004,1,0,
867802103,RECHAZADO,0,0.3,MODERADO,R002|R004|R005,3,0,
867905102,APROBADO,83,0.3,MODERADO,R001|R012,2,1,
868008101,RECHAZADO,27,0.3,MODERADO,,0,0,
868105101,RECHAZADO,40,0.3,MODERADO,R001|R004,2,0,
868203103,RECHAZADO,25,0.3,MODERADO,R004|R012,2,1,
868320101,RECHAZADO,56,0.3,MODERADO,R005,1,0,
868404101,RECHAZADO,30,0.3,MODERADO,,0,0,
868501101,REVISION_MANUAL,68,0.3,MODERADO,R005|R012,2,1,
868605101,APROBADO,83,0.3,MODERADO,R001|R006|R012,3,1,
868710104,RECHAZADO,26,0.3,MODERADO,R009,1,0,
868803101,REVISION_MANUAL,65,0.3,MODERADO,R005|R012,2,1,
868905102,RECHAZADO,28,0.3,MODERADO,,0,0,
869003101,APROBADO,84,0.3,MODERADO,R001|R005|R012,3,1,
869102103,RECHAZADO,39,0.3,MODERADO,R009|R012,2,1,
869217101,RECHAZADO,23,0.3,MODERADO,R004|R012,2,1,
869301102,RECHAZADO,13,0.3,MODERADO,R004,1,0,
869404103,RECHAZADO,27,0.3,MODERADO,,0,0,
869501104,RECHAZADO,36,0.3,MODERADO,,0,0,
869615102,APROBADO,100,0.3,MODERADO,R001|R005|R006|R012,4,1,
869704102,RECHAZADO,13,0.3,MODERADO,R004,1,0,
869801101,APROBADO,86,0.3,MODERADO,R001|R005,2,0,
869904105,RECHAZADO,0,0.3,MODERADO,R004|R010,2,0,
870007101,REVISION_MANUAL,71,0.3,MODERADO,R001,1,0,
870007202,RECHAZADO,23,0.3,MODERADO,R004|R012,2,1,
870102103,RECHAZADO,51,0.3,MODERADO,R012,1,1,
870204102,RECHAZADO,43,0.3,MODERADO,R012,1,1,
870317101,RECHAZADO,45,0.3,MODERADO,R005,1,0,
870405104,RECHAZADO,14,0.3,MODERADO,R002,1,0,
870503102,APROBADO,100,0.3,MODERADO,R001|R005|R012|R015,4,2,
870602102,RECHAZADO,39,0.3,MODERADO,R004|R005|R012,3,1,
870714101,RECHAZADO,40,0.3,MODERADO,,0,0,
870802103,APROBADO,97,0.3,MODERADO,R001|R012,2,1,
870905101,RECHAZADO,52,0.3,MODERADO,R012,1,1,
871003102,RECHAZADO,55,0.3,MODERADO,R005,1,0,
871104101,APROBADO,84,0.3,MODERADO,R001|R012,2,1,
871202102,RECHAZADO,4,0.3,MODERADO,R002,1,0,
871301102,REVISION_MANUAL,77,0.3,MODERADO,R001|R012,2,1,
871401101,RECHAZADO,38,0.3,MODERADO,,0,0,
871504102,RECHAZADO,24,0.3,MODERADO,R009,1,0,
871601103,RECHAZADO,26,0.3,MODERADO,R009,1,0,
871705101,RECHAZADO,15,0.3,MODERADO,R010,1,0,
871804103,RECHAZADO,38,0.3,MODERADO,R009|R012,2,1,
871907101,APROBADO,83,0.3,MODERADO,R001|R006,2,0,
872004103,RECHAZADO,23,0.3,MODERADO,R004|R012,2,1,
872101103,RECHAZADO,25,0.3,MODERADO,R010,1,0,
872202107,RECHAZADO,37,0.3,MODERADO,R001|R004|R010|R012,4,1,
872317102,RECHAZADO,38,0.3,MODERADO,,0,0,
872414101,REVISION_MANUAL,62,0.3,MODERADO,R005|R012,2,1,
872519101,RECHAZADO,38,0.3,MODERADO,,0,0,
872604101,APROBADO,86,0.3,MODERADO,R001|R005,2,0,
872701102,RECHAZADO,59,0.3,MODERADO,R001,1,0,
872803101,RECHAZADO,0,0.3,MODERADO,R002|R004,2,0,
872920101,RECHAZADO,28,0.3,MODERADO,R004|R005,2,0,
873003102,RECHAZADO,45,0.3,MODERADO,R005,1,0,
873114101,RECHAZADO,28,0.3,MODERADO,R004|R005,2,0,
873211102,APROBADO,100,0.3,MODERADO,R001|R006|R012,3,1,
873305104,RECHAZADO,25,0.3,MODERADO,R009,1,0,
873420105,RECHAZADO,13,0.3,MODERADO,R009|R010,2,0,
873505101,RECHAZADO,2,0.3,MODERADO,R002,1,0,
873603101,REVISION_MANUAL,71,0.3,MODERADO,R001|R004|R005|R012,4,1,
873717101,RECHAZADO,26,0.3,MODERADO,R004|R005,2,0,
873801101,REVISION_MANUAL,77,0.3,MODERADO,R005|R012|R015,3,2,
873904101,APROBADO,80,0.3,MODERADO,R005|R012|R015,3,2,
873904201,RECHAZADO,58,0.3,MODERADO,R005|R012,2,1,
874003103,RECHAZADO,49,0.3,MODERADO,R012,1,1,
874101101,RECHAZADO,39,0.3,MODERADO,R012,1,1,
874213101,RECHAZADO,13,0.3,MODERADO,R004,1,0,
874314101,RECHAZADO,45,0.3,MODERADO,R005,1,0,
874407101,RECHAZADO,14,0.3,MODERADO,R004|R005|R010,3,0,
874502103,RECHAZADO,44,0.3,MODERADO,R001|R009,2,0,
874601101,APROBADO,98,0.3,MODERADO,R001|R012,2,1,
874716101,RECHAZADO,32,0.3,MODERADO,R005|R010,2,0,
874802101,APROBADO,86,0.3,MODERADO,R001|R012,2,1,
874902103,RECHAZADO,57,0.3,MODERADO,R012,1,1,
875010102,RECHAZADO,6,0.3,MODERADO,R002|R006,2,0,
875108102,RECHAZADO,0,0.3,MODERADO,R004|R010,2,0,
875202104,RECHAZADO,11,0.3,MODERADO,R004|R009|R012,3,1,
875302102,RECHAZADO,52,0.3,MODERADO,R012,1,1,
875405101,RECHAZADO,40,0.3,MODERADO,,0,0,
875501105,RECHAZADO,7,0.3,MODERADO,R004|R009|R012,3,1,
875610101,APROBADO,86,0.3,MODERADO,R001|R005,2,0,
875701102,APROBADO,84,0.3,MODERADO,R001|R005,2,0,
875804102,RECHAZADO,20,0.3,MODERADO,R004|R012,2,1,
875903101,RECHAZADO,58,0.3,MODERADO,R005,1,0,
876001101,RECHAZADO,27,0.3,MODERADO,R004|R005,2,0,
876106103,RECHAZADO,29,0.3,MODERADO,,0,0,
876201103,RECHAZADO,43,0.3,MODERADO,,0,0,
876314101,RECHAZADO,12,0.3,MODERADO,R004,1,0,
876401101,REVISION_MANUAL,60,0.3,MODERADO,R012,1,1,
876501104,APROBADO,84,0.3,MODERADO,R001|R012,2,1,
876603101,RECHAZADO,27,0.3,MODERADO,R010|R012,2,1,
876704101,RECHAZADO,13,0.3,MODERADO,R004,1,0,
876805101,RECHAZADO,44,0.3,MODERADO,R005,1,0,
876901101,APROBADO,81,0.3,MODERADO,R001|R012,2,1,
877004101,RECHAZADO,46,0.3,MODERADO,R005,1,0,
877102104,APROBADO,90,0.3,MODERADO,R001|R012,2,1,
877201102,RECHAZADO,12,0.3,MODERADO,R004,1,0,
877311102,RECHAZADO,41,0.3,MODERADO,R001|R004,2,0,
877402102,APROBADO,85,0.3,MODERADO,R001|R012,2,1,
877505102,RECHAZADO,0,0.3,MODERADO,R002|R004|R005,3,0,
877613101,RECHAZADO,40,0.3,MODERADO,,0,0,
877703101,RECHAZADO,40,0.3,MODERADO,R005|R010,2,0,
877805104,RECHAZADO,41,0.3,MODERADO,R004|R005|R012,3,1,
877904103,RECHAZADO,22,0.3,MODERADO,R004|R012,2,1,
878002102,RECHAZADO,13,0.3,MODERADO,R004,1,0,
878105102,REVISION_MANUAL,62,0.3,MODERADO,R001,1,0,
878105202,RECHAZADO,10,0.3,MODERADO,R004,1,0,
878206101,RECHAZADO,0,0.3,MODERADO,R002|R004,2,0,
878302102,RECHAZADO,53,0.3,MODERADO,R001|R004|R012,3,1,
878403104,RECHAZADO,43,0.3,MODERADO,R005,1,0,
878504101,REVISION_MANUAL,66,0.3,MODERADO,R005|R012,2,1,
878602102,RECHAZADO,50,0.3,MODERADO,R001|R004|R012,3,1,
878703101,RECHAZADO,54,0.3,MODERADO,R012,1,1,
878806101,RECHAZADO,31,0.3,MODERADO,,0,0,
878918102,RECHAZADO,26,0.3,MODERADO,R004|R012,2,1,
879005101,REVISION_MANUAL,70,0.3,MODERADO,R001|R004|R005|R012,4,1,
879105102,REVISION_MANUAL,65,0.3,MODERADO,R005|R012,2,1,
879202101,RECHAZADO,28,0.3,MODERADO,R004|R005,2,0,
879301101,RECHAZADO,43,0.3,MODERADO,R005,1,0,
879404104,RECHAZADO,0,0.3,MODERADO,R002|R010,2,0,
879504101,APROBADO,100,0.3,MODERADO,R001|R005|R012,3,1,
879603103,RECHAZADO,28,0.3,MODERADO,,0,0,
879703102,RECHAZADO,13,0.3,MODERADO,R004,1,0,
879807102,RECHAZADO,39,0.3,MODERADO,,0,0,
879903101,APROBADO,100,0.3,MODERADO,R001|R005|R012,3,1,
880004102,RECHAZADO,40,0.3,MODERADO,,0,0,
880120101,RECHAZADO,24,0.3,MODERADO,R002|R005,2,0,
880205102,RECHAZADO,5,0.3,MODERADO,R002,1,0,
880302101,APROBADO,80,0.3,MODERADO,R001|R012,2,1,
880405101,REVISION_MANUAL,66,0.3,MODERADO,R005|R015,2,1,
880510102,RECHAZADO,37,0.3,MODERADO,,0,0,
880616101,REVISION_MANUAL,63,0.3,MODERADO,R001,1,0,
880708106,RECHAZADO,0,0.3,MODERADO,R004|R009|R010|R012,4,1,
880802101,APROBADO,83,0.3,MODERADO,R001|R012,2,1,
880904101,APROBADO,100,0.3,MODERADO,R001|R005|R012,3,1,
881003101,RECHAZADO,43,0.3,MODERADO,R005,1,0,
881104102,REVISION_MANUAL,67,0.3,MODERADO,R005|R012,2,1,
881205102,REVISION_MANUAL,69,0.3,MODERADO,R001,1,0,
881305102,REVISION_MANUAL,74,0.3,MODERADO,R001|R005,2,0,
881406101,REVISION_MANUAL,63,0.3,MODERADO,R005|R012,2,1,
881505101,RECHAZADO,0,0.3,MODERADO,R002|R005|R010,3,0,
881605101,APROBADO,100,0.3,MODERADO,R001|R005|R012,3,1,
881702103,RECHAZADO,11,0.3,MODERADO,R004|R010|R012,3,1,
881805101,RECHAZADO,28,0.3,MODERADO,R004|R005,2,0,
881920102,RECHAZADO,53,0.3,MODERADO,R005,1,0,
882004105,RECHAZADO,53,0.3,MODERADO,R005,1,0,
882106105,RECHAZADO,8,0.3,MODERADO,R004|R009|R012,3,1,
882216102,RECHAZADO,0,0.3,MODERADO,R004|R010,2,0,
882302102,RECHAZADO,13,0.3,MODERADO,R004,1,0,
882402103,REVISION_MANUAL,70,0.3,MODERADO,R012,1,1,
882519101,RECHAZADO,32,0.3,MODERADO,R005|R010,2,0,
882604102,REVISION_MANUAL,70,0.3,MODERADO,R001,1,0,
882714102,RECHAZADO,47,0.3,MODERADO,R001|R010,2,0,
882806102,RECHAZADO,43,0.3,MODERADO,,0,0,
882806202,RECHAZADO,30,0.3,MODERADO,,0,0,
882901102,APROBADO,96,0.3,MODERADO,R001|R005|R012,3,1,
883019102,RECHAZADO,51,0.3,MODERADO,R001|R004|R012,3,1,
883103101,RECHAZADO,51,0.3,MODERADO,R012,1,1,
883202102,RECHAZADO,42,0.3,MODERADO,R012,1,1,
883307102,RECHAZADO,13,0.3,MODERADO,R004,1,0,
883404102,APROBADO,92,0.3,MODERADO,R001|R012,2,1,
883502102,RECHAZADO,23,0.3,MODERADO,R004|R012,2,1,
883604101,RECHAZADO,37,0.3,MODERADO,,0,0,
883717101,RECHAZADO,41,0.3,MODERADO,,0,0,
883801101,RECHAZADO,23,0.3,MODERADO,R002|R005,2,0,
883918102,APROBADO,82,0.3,MODERADO,R001|R006,2,0,
884017101,RECHAZADO,39,0.3,MODERADO,,0,0,
884115101,RECHAZADO,32,0.3,MODERADO,R005|R010,2,0,
884209102,RECHAZADO,45,0.3,MODERADO,R005,1,0,
884304102,RECHAZADO,10,0.3,MODERADO,R002,1,0,
884401102,RECHAZADO,20,0.3,MODERADO,R002|R005|R006|R010,4,0,
884506102,APROBADO,88,0.3,MODERADO,R001|R012,2,1,
884606101,REVISION_MANUAL,73,0.3,MODERADO,R001|R004|R005|R012,4,1,
884703101,RECHAZADO,22,0.3,MODERADO,R004|R012,2,1,
884802101,RECHAZADO,37,0.3,MODERADO,,0,0,
884902101,APROBADO,100,0.3,MODERADO,R001|R005|R012|R015,4,2,
885018101,APROBADO,86,0.3,MODERADO,R001|R005|R006,3,0,
885103101,RECHAZADO,9,0.3,MODERADO,R002|R005,2,0,
885219102,RECHAZADO,12,0.3,MODERADO,R004,1,0,
885304101,APROBADO,100,0.3,MODERADO,R001|R005|R012,3,1,
885401103,RECHAZADO,47,0.3,MODERADO,R001|R009,2,0,
885501102,RECHAZADO,30,0.3,MODERADO,,0,0,
885612101,RECHAZADO,41,0.3,MODERADO,,0,0,
885701101,RECHAZADO,43,0.3,MODERADO,R002|R005|R006|R015,4,1,
885802101,RECHAZADO,45,0.3,MODERADO,R005,1,0,
885903101,RECHAZADO,41,0.3,MODERADO,R004|R005|R012,3,1,
886005101,REVISION_MANUAL,66,0.3,MODERADO,R005|R015,2,1,
886101101,RECHAZADO,52,0.3,MODERADO,R012,1,1,
886202101,RECHAZADO,0,0.3,MODERADO,R002|R004|R005,3,0,
886302102,RECHAZADO,12,0.3,MODERADO,R002,1,0,
886402101,RECHAZADO,40,0.3,MODERADO,R012,1,1,
886502102,REVISION_MANUAL,71,0.3,MODERADO,R001|R004|R005|R012,4,1,
886602101,RECHAZADO,53,0.3,MODERADO,R012,1,1,
886705101,RECHAZADO,56,0.3,MODERADO,R001|R004|R012,3,1,
886803101,RECHAZADO,51,0.3,MODERADO,R012,1,1,
886905102,RECHAZADO,41,0.3,MODERADO,,0,0,
887003101,APROBADO,100,0.3,MODERADO,R001|R003|R005|R012,4,1,
887105101,RECHAZADO,13,0.3,MODERADO,R004,1,0,
887212101,RECHAZADO,28,0.3,MODERADO,R004|R005,2,0,
887304102,RECHAZADO,28,0.3,MODERADO,R004|R005,2,0,
887404101,RECHAZADO,45,0.3,MODERADO,R005,1,0,
887505101,APROBADO,85,0.3,MODERADO,R005|R012|R015,3,2,
887602101,APROBADO,100,0.3,MODERADO,R001|R005|R012,3,1,
887702101,APROBADO,97,0.3,MODERADO,R001|R005|R012,3,1,
887804101,RECHAZADO,53,0.3,MODERADO,R012,1,1,
887903103,REVISION_MANUAL,73,0.3,MODERADO,R001,1,0,
888020103,REVISION_MANUAL,67,0.3,MODERADO,R005|R012,2,1,
888105102,APROBADO,85,0.3,MODERADO,R001|R012,2,1,
888205101,RECHAZADO,56,0.3,MODERADO,R012,1,1,
888304105,RECHAZADO,37,0.3,MODERADO,,0,0,
888404101,APROBADO,100,0.3,MODERADO,R001|R005|R012|R015,4,2,
888505101,REVISION_MANUAL,61,0.3,MODERADO,R001,1,0,
888601101,RECHAZADO,28,0.3,MODERADO,R004|R005,2,0,
888702101,RECHAZADO,42,0.3,MODERADO,R005,1,0,
888804101,RECHAZADO,40,0.3,MODERADO,,0,0,
888902101,RECHAZADO,27,0.3,MODERADO,R004|R005,2,0,
889013101,RECHAZADO,53,0.3,MODERADO,R012,1,1,
889104102,RECHAZADO,10,0.3,MODERADO,R004,1,0,
889217101,RECHAZADO,0,0.3,MODERADO,R002|R004,2,0,
889303102,RECHAZADO,55,0.3,MODERADO,R012,1,1,
889402101,RECHAZADO,53,0.3,MODERADO,R005,1,0,
889513102,REVISION_MANUAL,60,0.3,MODERADO,R001,1,0,
889603101,RECHAZADO,13,0.3,MODERADO,R004,1,0,
889714101,RECHAZADO,30,0.3,MODERADO,,0,0,
889802102,RECHAZADO,25,0.3,MODERADO,R004|R012,2,1,
889901101,REVISION_MANUAL,68,0.3,MODERADO,R001|R004|R005|R012,4,1,
890006102,RECHAZADO,25,0.3,MODERADO,R009,1,0,
890105101,RECHAZADO,41,0.3,MODERADO,,0,0,
890205101,RECHAZADO,46,0.3,MODERADO,R005,1,0,
890301106,RECHAZADO,50,0.3,MODERADO,R012,1,1,
890409102,RECHAZADO,13,0.3,MODERADO,R004,1,0,
890502102,REVISION_MANUAL,60,0.3,MODERADO,R001,1,0,
890605101,RECHAZADO,44,0.3,MODERADO,R005,1,0,
890713101,RECHAZADO,40,0.3,MODERADO,R009|R012,2,1,
890819103,RECHAZADO,27,0.3,MODERADO,R010,1,0,
890905102,RECHAZADO,40,0.3,MODERADO,R012,1,1,
891002101,RECHAZADO,26,0.3,MODERADO,R004|R005,2,0,
891104101,REVISION_MANUAL,67,0.3,MODERADO,R005|R012,2,1,
891211101,RECHAZADO,16,0.3,MODERADO,R002|R006,2,0,
891303101,RECHAZADO,27,0.3,MODERADO,R002|R005,2,0,
891404102,RECHAZADO,26,0.3,MODERADO,R004|R012,2,1,
891518103,RECHAZADO,41,0.3,MODERADO,R001|R004|R009|R012,4,1,
891601103,REVISION_MANUAL,68,0.3,MODERADO,R001,1,0,
891703101,RECHAZADO,41,0.3,MODERADO,,0,0,
891804103,RECHAZADO,25,0.3,MODERADO,R004|R012,2,1,
891804202,RECHAZADO,22,0.3,MODERADO,R004|R012,2,1,
891911101,RECHAZADO,42,0.3,MODERADO,R005,1,0,
892004101,REVISION_MANUAL,78,0.3,MODERADO,R003|R012,2,1,
892103101,APROBADO,96,0.3,MODERADO,R001|R005|R015,3,1,
892202102,REVISION_MANUAL,66,0.3,MODERADO,R005|R012,2,1,
892304101,RECHAZADO,32,0.3,MODERADO,,0,0,
892405104,RECHAZADO,40,0.3,MODERADO,,0,0,
892501101,RECHAZADO,48,0.3,MODERADO,R012,1,1,
892605102,RECHAZADO,23,0.3,MODERADO,R004|R012,2,1,
892701101,RECHAZADO,46,0.3,MODERADO,R005,1,0,
892802103,RECHAZADO,49,0.3,MODERADO,R012,1,1,
892903101,RECHAZADO,35,0.3,MODERADO,R004|R005|R012,3,1,
893005101,RECHAZADO,41,0.3,MODERADO,R012,1,1,
893105101,RECHAZADO,55,0.3,MODERADO,R012,1,1,
893206101,RECHAZADO,27,0.3,MODERADO,R004|R012,2,1,
893303101,REVISION_MANUAL,70,0.3,MODERADO,R005|R012,2,1,
893404101,RECHAZADO,38,0.3,MODERADO,R004|R005|R012,3,1,
893503102,RECHAZADO,38,0.3,MODERADO,R004|R005|R012,3,1,
893601102,RECHAZADO,0,0.3,MODERADO,R002,1,0,
893702101,RECHAZADO,28,0.3,MODERADO,R004|R005,2,0,
893803102,RECHAZADO,55,0.3,MODERADO,R005,1,0,
893904103,RECHAZADO,28,0.3,MODERADO,,0,0,
894004101,RECHAZADO,53,0.3,MODERADO,R005,1,0,
894101101,RECHAZADO,28,0.3,MODERADO,,0,0,
894202101,APROBADO,100,0.3,MODERADO,R001|R005|R012,3,1,
894305102,RECHAZADO,17,0.3,MODERADO,R010,1,0,
894406101,RECHAZADO,18,0.3,MODERADO,R002|R005,2,0,
894501101,APROBADO,80,0.3,MODERADO,R001|R012,2,1,
894605102,APROBADO,90,0.3,MODERADO,R001|R012,2,1,
894701101,RECHAZADO,23,0.3,MODERADO,R004|R005,2,0,
894802103,RECHAZADO,0,0.3,MODERADO,R002|R004|R010,3,0,
894903101,APROBADO,94,0.3,MODERADO,R001|R005|R015,3,1,
895004102,RECHAZADO,56,0.3,MODERADO,R012,1,1,
895104102,RECHAZADO,56,0.3,MODERADO,R012,1,1,
895205101,RECHAZADO,0,0.3,MODERADO,R002|R004,2,0,
895303105,RECHAZADO,0,0.3,MODERADO,R004|R009,2,0,
895403102,APROBADO,96,0.3,MODERADO,R003|R012,2,1,
895513101,REVISION_MANUAL,74,0.3,MODERADO,R001|R005,2,0,
895603102,RECHAZADO,9,0.3,MODERADO,R002,1,0,
895705102,RECHAZADO,56,0.3,MODERADO,R001|R004|R012,3,1,
895815101,RECHAZADO,27,0.3,MODERADO,R004|R005,2,0,
895905101,RECHAZADO,10,0.3,MODERADO,R004,1,0,
896004103,RECHAZADO,44,0.3,MODERADO,R010|R012,2,1,
896108102,RECHAZADO,0,0.3,MODERADO,R002|R004,2,0,
896201104,RECHAZADO,49,0.3,MODERADO,R012,1,1,
896302101,RECHAZADO,22,0.3,MODERADO,R002|R005,2,0,
896410101,RECHAZADO,44,0.3,MODERADO,R005,1,0,
896505102,RECHAZADO,25,0.3,MODERADO,,0,0,
896610102,RECHAZADO,39,0.3,MODERADO,R004|R005|R012,3,1,
896705103,RECHAZADO,8,0.3,MODERADO,R004|R009|R012,3,1,
896801102,RECHAZADO,28,0.3,MODERADO,R004|R005,2,0,
896901101,RECHAZADO,22,0.3,MODERADO,R002|R005,2,0,
897001101,APROBADO,100,0.3,MODERADO,R001|R005|R012|R015,4,2,
897105102,RECHAZADO,58,0.3,MODERADO,R001|R004|R012,3,1,
897204101,RECHAZADO,27,0.3,MODERADO,R010,1,0,
897309102,RECHAZADO,10,0.3,MODERADO,R004,1,0,
897403102,APROBADO,85,0.3,MODERADO,R001|R012,2,1,
897504101,RECHAZADO,55,0.3,MODERADO,R012,1,1,
897602101,APROBADO,98,0.3,MODERADO,R001|R005|R012,3,1,
897701104,REVISION_MANUAL,68,0.3,MODERADO,R001|R009|R012,3,1,
897817101,RECHAZADO,23,0.3,MODERADO,R004|R005,2,0,
897903101,RECHAZADO,40,0.3,MODERADO,R002|R005|R015,3,1,
898004101,RECHAZADO,55,0.3,MODERADO,R001|R010,2,0,
898103102,RECHAZADO,54,0.3,MODERADO,R001|R004|R012,3,1,
898203103,RECHAZADO,25,0.3,MODERADO,R009,1,0,
898303101,RECHAZADO,39,0.3,MODERADO,R002|R005,2,0,
898415101,RECHAZADO,53,0.3,MODERADO,R005,1,0,
898520103,RECHAZADO,8,0.3,MODERADO,R004,1,0,
898601102,RECHAZADO,55,0.3,MODERADO,R001|R004|R012,3,1,
898703101,RECHAZADO,53,0.3,MODERADO,R001|R004|R005,3,0,
898803102,APROBADO,100,0.3,MODERADO,R001|R012,2,1,
898902101,RECHAZADO,28,0.3,MODERADO,,0,0,
899018103,RECHAZADO,11,0.3,MODERADO,R004|R009|R012,3,1,
899104101,REVISION_MANUAL,64,0.3,MODERADO,R005|R012,2,1,
899202102,RECHAZADO,13,0.3,MODERADO,R004,1,0,
899309101,REVISION_MANUAL,68,0.3,MODERADO,R001,1,0,
899403102,REVISION_MANUAL,73,0.3,MODERADO,R001|R006,2,0,
899501102,REVISION_MANUAL,61,0.3,MODERADO,R012,1,1,
899604101,RECHAZADO,21,0.3,MODERADO,R002|R005,2,0,
899705102,RECHAZADO,43,0.3,MODERADO,R009|R012,2,1,
899802101,RECHAZADO,24,0.3,MODERADO,R004|R012,2,1,
899906102,RECHAZADO,10,0.3,MODERADO,R002|R005,2,0,
900002101,RECHAZADO,41,0.3,MODERADO,R012,1,1,
900110101,RECHAZADO,51,0.3,MODERADO,R012,1,1,
900217102,RECHAZADO,27,0.3,MODERADO,,0,0,
900305103,RECHAZADO,58,0.3,MODERADO,R001,1,0,
900408101,RECHAZADO,53,0.3,MODERADO,R005,1,0,
900505101,RECHAZADO,12,0.3,MODERADO,R004,1,0,
900604102,RECHAZADO,43,0.3,MODERADO,R001|R004,2,0,
900704101,RECHAZADO,0,0.3,MODERADO,R002,1,0,
900804101,APROBADO,97,0.3,MODERADO,R001|R012,2,1,
900909103,RECHAZADO,8,0.3,MODERADO,R004,1,0,
901001101,RECHAZADO,31,0.3,MODERADO,,0,0,
901113101,RECHAZADO,27,0.3,MODERADO,R004|R005,2,0,
901216102,RECHAZADO,10,0.3,MODERADO,R004,1,0,
901305101,APROBADO,100,0.3,MODERADO,R001|R005|R012|R015,4,2,
901408101,APROBADO,82,0.3,MODERADO,R001|R012,2,1,
901517102,REVISION_MANUAL,60,0.3,MODERADO,R005|R012,2,1,
901604102,RECHAZADO,52,0.3,MODERADO,R012,1,1,
901702101,RECHAZADO,24,0.3,MODERADO,R004|R005,2,0,
901803103,RECHAZADO,22,0.3,MODERADO,R004|R012,2,1,
901901101,REVISION_MANUAL,61,0.3,MODERADO,R001,1,0,
902003103,REVISION_MANUAL,71,0.3,MODERADO,R001|R012,2,1,
902109101,RECHAZADO,28,0.3,MODERADO,R004|R005,2,0,
902216102,RECHAZADO,0,0.3,MODERADO,R004|R010,2,0,
902302101,RECHAZADO,57,0.3,MODERADO,R001,1,0,
902403101,RECHAZADO,18,0.3,MODERADO,R002,1,0,
902501101,REVISION_MANUAL,74,0.3,MODERADO,R001|R012,2,1,
902601102,RECHAZADO,40,0.3,MODERADO,,0,0,
902704101,REVISION_MANUAL,74,0.3,MODERADO,R001|R012,2,1,
902803101,RECHAZADO,45,0.3,MODERADO,R005,1,0,
902905101,APROBADO,82,0.3,MODERADO,R001|R005,2,0,
903002101,RECHAZADO,41,0.3,MODERADO,R004|R005|R012,3,1,
903119101,RECHAZADO,41,0.3,MODERADO,,0,0,
903202102,APROBADO,100,0.3,MODERADO,R001|R005|R012,3,1,
903308101,RECHAZADO,59,0.3,MODERADO,R005|R012,2,1,
903404102,RECHAZADO,28,0.3,MODERADO,R004|R012,2,1,
903502101,APROBADO,84,0.3,MODERADO,R001|R012,2,1,
903502201,APROBADO,100,0.3,MODERADO,R001|R005|R012,3,1,
903601101,RECHAZADO,28,0.3,MODERADO,R004|R005,2,0,
903713101,RECHAZADO,53,0.3,MODERADO,R012,1,1,
903805102,REVISION_MANUAL,72,0.3,MODERADO,R001|R012,2,1,
903903102,RECHAZADO,22,0.3,MODERADO,R004|R012,2,1,
904016102,RECHAZADO,53,0.3,MODERADO,R012,1,1,
904113102,RECHAZADO,29,0.3,MODERADO,,0,0,
904204102,APROBADO,100,0.3,MODERADO,R001|R005|R012|R015,4,2,
904318102,REVISION_MANUAL,69,0.3,MODERADO,R001|R004|R005|R006,4,0,
904412101,RECHAZADO,28,0.3,MODERADO,R004|R005,2,0,
904505101,RECHAZADO,27,0.3,MODERADO,R004|R012,2,1,
904602101,RECHAZADO,53,0.3,MODERADO,R012,1,1,
904703106,RECHAZADO,24,0.3,MODERADO,R009,1,0,
904802101,RECHAZADO,21,0.3,MODERADO,R002|R005,2,0,
904902102,RECHAZADO,6,0.3,MODERADO,R002,1,0,
905004101,APROBADO,86,0.3,MODERADO,R001|R005|R012,3,1,
905110102,RECHAZADO,57,0.3,MODERADO,R001|R004|R005,3,0,
905213103,RECHAZADO,40,0.3,MODERADO,,0,0,
905304101,APROBADO,95,0.3,MODERADO,R001|R012,2,1,
905406102,RECHAZADO,30,0.3,MODERADO,R004|R005,2,0,
905501103,RECHAZADO,24,0.3,MODERADO,R009,1,0,
905601102,RECHAZADO,15,0.3,MODERADO,R004,1,0,
905719102,RECHAZADO,13,0.3,MODERADO,R004,1,0,
905805102,RECHAZADO,30,0.3,MODERADO,R009|R012,2,1,
905908101,RECHAZADO,27,0.3,MODERADO,R004|R005,2,0,
906003102,RECHAZADO,26,0.3,MODERADO,R004|R005,2,0,
906108102,RECHAZADO,43,0.3,MODERADO,R001|R004,2,0,
906209101,RECHAZADO,58,0.3,MODERADO,R001|R004|R005,3,0,
906303102,RECHAZADO,30,0.3,MODERADO,,0,0,
906420102,RECHAZADO,39,0.3,MODERADO,,0,0,
906503101,RECHAZADO,13,0.3,MODERADO,R004,1,0,
906602101,RECHAZADO,21,0.3,MODERADO,R002|R005,2,0,
906702103,RECHAZADO,27,0.3,MODERADO,R010,1,0,
906811102,RECHAZADO,42,0.3,MODERADO,R005|R009,2,0,
906920101,RECHAZADO,48,0.3,MODERADO,R005,1,0,
907001101,RECHAZADO,23,0.3,MODERADO,R004|R012,2,1,
907101102,RECHAZADO,8,0.3,MODERADO,R002,1,0,
907203102,RECHAZADO,12,0.3,MODERADO,R004,1,0,
907316101,RECHAZADO,46,0.3,MODERADO,R005,1,0,
907405102,RECHAZADO,0,0.3,MODERADO,R002|R004|R005,3,0,
907518101,RECHAZADO,12,0.3,MODERADO,R002|R005,2,0,
907604101,RECHAZADO,56,0.3,MODERADO,R001|R004|R012,3,1,
907604201,RECHAZADO,5,0.3,MODERADO,R002,1,0,
907604301,RECHAZADO,5,0.3,MODERADO,R002,1,0,
907703101,APROBADO,84,0.3,MODERADO,R001|R005,2,0,
907805103,RECHAZADO,11,0.3,MODERADO,R004,1,0,
907903103,RECHAZADO,48,0.3,MODERADO,R012,1,1,
908002102,RECHAZADO,50,0.3,MODERADO,R012,1,1,
908103102,RECHAZADO,12,0.3,MODERADO,R002,1,0,
908103202,RECHAZADO,54,0.3,MODERADO,R012,1,1,
908103301,RECHAZADO,43,0.3,MODERADO,,0,0,
908202101,RECHAZADO,13,0.3,MODERADO,R004,1,0,
908303102,RECHAZADO,6,0.3,MODERADO,R002,1,0,
908414101,RECHAZADO,44,0.3,MODERADO,R012,1,1,
908505102,RECHAZADO,52,0.3,MODERADO,R012,1,1,
908602102,RECHAZADO,41,0.3,MODERADO,,0,0,
908714103,RECHAZADO,54,0.3,MODERADO,R001|R009,2,0,
908801102,APROBADO,83,0.3,MODERADO,R001|R005,2,0,
908907103,RECHAZADO,39,0.3,MODERADO,R002|R005,2,0,
909004102,APROBADO,100,0.3,MODERADO,R001|R005|R012|R015,4,2,
909104103,RECHAZADO,8,0.3,MODERADO,R004|R009|R012,3,1,
909203101,REVISION_MANUAL,71,0.3,MODERADO,R001|R004|R005|R012,4,1,
909203201,RECHAZADO,43,0.3,MODERADO,,0,0,
909309102,REVISION_MANUAL,77,0.3,MODERADO,R001|R005,2,0,
909410101,RECHAZADO,44,0.3,MODERADO,R001|R004|R005|R010,4,0,
909503101,RECHAZADO,37,0.3,MODERADO,R004|R005|R012,3,1,
909603103,RECHAZADO,22,0.3,MODERADO,R004|R012,2,1,
909705102,APROBADO,82,0.3,MODERADO,R001|R012,2,1,
909805102,APROBADO,98,0.3,MODERADO,R001|R005|R012,3,1,
909901101,REVISION_MANUAL,71,0.3,MODERADO,R001|R004|R005|R012,4,1,
910001101,APROBADO,100,0.3,MODERADO,R001|R005|R012|R015,4,2,
910117102,RECHAZADO,22,0.3,MODERADO,R002|R005,2,0,
910202101,RECHAZADO,30,0.3,MODERADO,,0,0,
910303102,RECHAZADO,41,0.3,MODERADO,,0,0,
910417106,RECHAZADO,15,0.3,MODERADO,R009,1,0,
910504102,APROBADO,87,0.3,MODERADO,R001|R012,2,1,
910612102,REVISION_MANUAL,69,0.3,MODERADO,R001|R004|R006|R012,4,1,
910704101,APROBADO,98,0.3,MODERADO,R001|R005|R012,3,1,
910809101,APROBADO,86,0.3,MODERADO,R001|R005|R006,3,0,
910910102,RECHAZADO,54,0.3,MODERADO,R001|R004|R012,3,1,
911004102,RECHAZADO,25,0.3,MODERADO,R002|R005,2,0,
911104101,RECHAZADO,38,0.3,MODERADO,R004|R005|R012,3,1,
911216105,REVISION_MANUAL,79,0.3,MODERADO,R001|R012,2,1,
911303102,RECHAZADO,31,0.3,MODERADO,,0,0,
911403101,APROBADO,100,0.3,MODERADO,R001|R005|R012|R015,4,2,
911508102,REVISION_MANUAL,75,0.3,MODERADO,R001|R005,2,0,
911601101,RECHAZADO,58,0.3,MODERADO,R001|R004|R005,3,0,
911705101,APROBADO,96,0.3,MODERADO,R001|R005|R012,3,1,
911805101,APROBADO,91,0.3,MODERADO,R001|R012,2,1,
911901101,RECHAZADO,47,0.3,MODERADO,R012,1,1,
912002101,RECHAZADO,41,0.3,MODERADO,,0,0,
912105101,RECHAZADO,4,0.3,MODERADO,R002,1,0,
912201104,RECHAZADO,13,0.3,MODERADO,R009,1,0,
912301102,REVISION_MANUAL,60,0.3,MODERADO,R012,1,1,
912405101,APROBADO,98,0.3,MODERADO,R001|R005|R012,3,1,
912502102,RECHAZADO,46,0.3,MODERADO,R005,1,0,
912604102,REVISION_MANUAL,60,0.3,MODERADO,R001,1,0,
912604201,APROBADO,100,0.3,MODERADO,R001|R005|R012|R015,4,2,
912705101,RECHAZADO,35,0.3,MODERADO,R002|R005|R015,3,1,
912804102,APROBADO,92,0.3,MODERADO,R001|R012,2,1,
912901102,RECHAZADO,40,0.3,MODERADO,R004|R005|R012,3,1,
913001102,APROBADO,100,0.3,MODERADO,R001|R005|R012,3,1,
913119104,REVISION_MANUAL,74,0.3,MODERADO,R001|R005,2,0,
913202102,RECHAZADO,24,0.3,MODERADO,R004|R012,2,1,
913305101,REVISION_MANUAL,62,0.3,MODERADO,R003,1,0,
913403102,APROBADO,84,0.3,MODERADO,R001|R005,2,0,
913509101,RECHAZADO,49,0.3,MODERADO,R012,1,1,
913601101,APROBADO,82,0.3,MODERADO,R001|R012,2,1,
913705103,REVISION_MANUAL,68,0.3,MODERADO,R001|R010|R012,3,1,
913804102,APROBADO,80,0.3,MODERADO,R001|R006,2,0,
913916104,RECHAZADO,0,0.3,MODERADO,R004|R010,2,0,
914004101,RECHAZADO,40,0.3,MODERADO,,0,0,
914115103,RECHAZADO,12,0.3,MODERADO,R004|R005|R010,3,0,
914213102,RECHAZADO,11,0.3,MODERADO,R004,1,0,
914304101,APROBADO,83,0.3,MODERADO,R005|R012|R015,3,2,
914409103,RECHAZADO,39,0.3,MODERADO,,0,0,
914514103,RECHAZADO,41,0.3,MODERADO,,0,0,
914602101,RECHAZADO,28,0.3,MODERADO,R004|R005,2,0,
914711103,RECHAZADO,13,0.3,MODERADO,R004,1,0,
914803101,RECHAZADO,53,0.3,MODERADO,R012,1,1,
914901101,APROBADO,99,0.3,MODERADO,R001|R005|R012,3,1,
915003102,RECHAZADO,15,0.3,MODERADO,R002,1,0,
915111102,RECHAZADO,41,0.3,MODERADO,,0,0,
915201101,RECHAZADO,38,0.3,MODERADO,R004|R005|R012,3,1,
915302101,RECHAZADO,44,0.3,MODERADO,R005,1,0,
915402102,RECHAZADO,30,0.3,MODERADO,,0,0,
915503102,RECHAZADO,0,0.3,MODERADO,R002|R010,2,0,
915605101,APROBADO,100,0.3,MODERADO,R001|R005|R012|R015,4,2,
915702102,RECHAZADO,15,0.3,MODERADO,R004,1,0,
915809102,RECHAZADO,45,0.3,MODERADO,R001|R004,2,0,
915908101,RECHAZADO,28,0.3,MODERADO,R004|R005,2,0,
916005101,APROBADO,94,0.3,MODERADO,R003|R005|R012,3,1,
916103102,RECHAZADO,13,0.3,MODERADO,R004,1,0,
916201104,RECHAZADO,49,0.3,MODERADO,R012,1,1,
916301102,REVISION_MANUAL,70,0.3,MODERADO,R005|R012,2,1,
916403103,RECHAZADO,36,0.3,MODERADO,,0,0,
916503102,RECHAZADO,7,0.3,MODERADO,R002,1,0,
916619102,APROBADO,81,0.3,MODERADO,R001|R012,2,1,
916702101,REVISION_MANUAL,66,0.3,MODERADO,R005|R012,2,1,
916812101,RECHAZADO,28,0.3,MODERADO,R004|R005,2,0,
916903101,RECHAZADO,51,0.3,MODERADO,R012,1,1,
917018101,RECHAZADO,0,0.3,MODERADO,R004|R010,2,0,
917102101,RECHAZADO,58,0.3,MODERADO,R001,1,0,
917205102,REVISION_MANUAL,71,0.3,MODERADO,R001|R004|R005|R012,4,1,
917303101,APROBADO,84,0.3,MODERADO,R001|R012,2,1,
917418102,RECHAZADO,56,0.3,MODERADO,R005,1,0,
917502102,RECHAZADO,28,0.3,MODERADO,,0,0,
917606102,RECHAZADO,55,0.3,MODERADO,R012,1,1,
917709102,RECHAZADO,43,0.3,MODERADO,,0,0,
917805103,APROBADO,89,0.3,MODERADO,R003|R012,2,1,
917903101,REVISION_MANUAL,78,0.3,MODERADO,R005|R012|R015,3,2,
918001101,REVISION_MANUAL,74,0.3,MODERADO,R001|R012,2,1,
918109101,APROBADO,95,0.3,MODERADO,R001|R005|R012,3,1,
918208103,RECHAZADO,12,0.3,MODERADO,R004,1,0,
918308101,RECHAZADO,57,0.3,MODERADO,R001,1,0,
918405102,RECHAZADO,15,0.3,MODERADO,R009,1,0,
918517101,APROBADO,100,0.3,MODERADO,R001|R005|R012|R015,4,2,
918602101,APROBADO,84,0.3,MODERADO,R001|R005|R012,3,1,
918704104,RECHAZADO,40,0.3,MODERADO,R010|R012,2,1,
918805101,RECHAZADO,56,0.3,MODERADO,R005,1,0,
918919102,RECHAZADO,53,0.3,MODERADO,R012,1,1,
919002101,RECHAZADO,56,0.3,MODERADO,R005,1,0,
919101103,RECHAZADO,29,0.3,MODERADO,,0,0,
919220102,RECHAZADO,30,0.3,MODERADO,,0,0,
919305102,RECHAZADO,11,0.3,MODERADO,R004,1,0,
919403101,REVISION_MANUAL,71,0.3,MODERADO,R003|R005,2,0,
919514101,RECHAZADO,29,0.3,MODERADO,,0,0,
919610101,RECHAZADO,32,0.3,MODERADO,,0,0,
919720102,REVISION_MANUAL,63,0.3,MODERADO,R005|R012,2,1,
919820102,REVISION_MANUAL,68,0.3,MODERADO,R001|R004|R005|R012,4,1,
919901101,RECHAZADO,37,0.3,MODERADO,R002|R003,2,0,
919901201,APROBADO,100,0.3,MODERADO,R001|R005|R012|R015,4,2,
920017101,RECHAZADO,31,0.3,MODERADO,,0,0,
920017202,RECHAZADO,15,0.3,MODERADO,R004,1,0,
920101102,RECHAZADO,53,0.3,MODERADO,R012,1,1,
920205102,RECHAZADO,13,0.3,MODERADO,R004,1,0,
920311101,APROBADO,97,0.3,MODERADO,R001|R005|R012,3,1,
920402101,RECHAZADO,56,0.3,MODERADO,R001|R004|R012,3,1,
920501102,RECHAZADO,27,0.3,MODERADO,R009,1,0,
920605101,RECHAZADO,25,0.3,MODERADO,R002|R005,2,0,
920717101,RECHAZADO,28,0.3,MODERADO,R004|R005,2,0,
920806101,REVISION_MANUAL,71,0.3,MODERADO,R001,1,0,
920913103,RECHAZADO,3,0.3,MODERADO,R009|R010,2,0,
921004102,RECHAZADO,42,0.3,MODERADO,R012,1,1,
921101101,RECHAZADO,19,0.3,MODERADO,R002|R005,2,0,
921204101,RECHAZADO,43,0.3,MODERADO,,0,0,
921314101,RECHAZADO,30,0.3,MODERADO,,0,0,
921414101,RECHAZADO,27,0.3,MODERADO,R004|R005,2,0,
921501101,RECHAZADO,42,0.3,MODERADO,R012,1,1,
921602102,RECHAZADO,9,0.3,MODERADO,R002|R005|R010,3,0,
921702102,RECHAZADO,11,0.3,MODERADO,R004,1,0,
921803101,RECHAZADO,40,0.3,MODERADO,,0,0,
921904104,RECHAZADO,27,0.3,MODERADO,R009,1,0,
922008105,RECHAZADO,0,0.3,MODERADO,R002|R010,2,0,
922116101,RECHAZADO,11,0.3,MODERADO,R004,1,0,
922203102,RECHAZADO,12,0.3,MODERADO,R004,1,0,
922309101,RECHAZADO,27,0.3,MODERADO,R004|R005,2,0,
922401102,RECHAZADO,15,0.3,MODERADO,R004,1,0,
922511101,RECHAZADO,42,0.3,MODERADO,R005,1,0,
922610107,RECHAZADO,13,0.3,MODERADO,R009|R010,2,0,
922714101,RECHAZADO,28,0.3,MODERADO,R004|R005,2,0,
922803101,REVISION_MANUAL,75,0.3,MODERADO,R005|R012,2,1,
922901102,RECHAZADO,10,0.3,MODERADO,R004|R009|R012,3,1,
923003101,RECHAZADO,54,0.3,MODERADO,R012,1,1,
923121102,REVISION_MANUAL,63,0.3,MODERADO,R001|R006|R009,3,0,
923205101,RECHAZADO,58,0.3,MODERADO,R001|R004|R005,3,0,
923303101,REVISION_MANUAL,70,0.3,MODERADO,R001|R012,2,1,
923403101,RECHAZADO,17,0.3,MODERADO,R010,1,0,
923504102,RECHAZADO,40,0.3,MODERADO,,0,0,
923611101,REVISION_MANUAL,65,0.3,MODERADO,R005|R012,2,1,
923701101,RECHAZADO,59,0.3,MODERADO,R005|R012,2,1,
923803102,APROBADO,84,0.3,MODERADO,R001|R012,2,1,
923903103,RECHAZADO,44,0.3,MODERADO,R001|R004|R005|R010,4,0,
924005101,REVISION_MANUAL,67,0.3,MODERADO,R001|R004|R005|R012,4,1,
924119101,APROBADO,97,0.3,MODERADO,R001|R005|R006,3,0,
924203101,RECHAZADO,27,0.3,MODERADO,R002,1,0,
924305102,RECHAZADO,55,0.3,MODERADO,R001|R004|R012,3,1,
924402102,RECHAZADO,15,0.3,MODERADO,R004,1,0,
924509104,RECHAZADO,12,0.3,MODERADO,R004,1,0,
924604102,RECHAZADO,19,0.3,MODERADO,R002|R006,2,0,
924702101,RECHAZADO,46,0.3,MODERADO,R004|R005|R012,3,1,
924805101,APROBADO,100,0.3,MODERADO,R001|R005|R012|R015,4,2,
924903102,RECHAZADO,6,0.3,MODERADO,R002,1,0,
925014101,RECHAZADO,12,0.3,MODERADO,R004,1,0,
925102102,APROBADO,100,0.3,MODERADO,R001|R005|R012,3,1,
925209101,RECHAZADO,55,0.3,MODERADO,R001|R004|R005,3,0,
925304102,RECHAZADO,8,0.3,MODERADO,R002,1,0,
925406101,RECHAZADO,48,0.3,MODERADO,R005,1,0,
925406202,RECHAZADO,28,0.3,MODERADO,,0,0,
925505101,APROBADO,91,0.3,MODERADO,R001|R012,2,1,
925602101,RECHAZADO,32,0.3,MODERADO,R005|R010,2,0,
925704101,RECHAZADO,30,0.3,MODERADO,,0,0,
925805102,RECHAZADO,32,0.3,MODERADO,R005|R010,2,0,
925902101,APROBADO,83,0.3,MODERADO,R001|R005,2,0,
926001101,REVISION_MANUAL,74,0.3,MODERADO,R001|R005,2,0,
926101101,RECHAZADO,25,0.3,MODERADO,R004|R012,2,1,
926201101,RECHAZADO,55,0.3,MODERADO,R005|R012,2,1,
926302101,RECHAZADO,31,0.3,MODERADO,,0,0,
926404101,APROBADO,84,0.3,MODERADO,R001|R012,2,1,
926502101,REVISION_MANUAL,78,0.3,MODERADO,R001|R012,2,1,
926614102,APROBADO,81,0.3,MODERADO,R001|R006|R012,3,1,
926702103,RECHAZADO,38,0.3,MODERADO,R001|R004|R009|R012,4,1,
926803102,RECHAZADO,0,0.3,MODERADO,R002|R004,2,0,
926905102,RECHAZADO,43,0.3,MODERADO,R001|R004,2,0,
927008101,RECHAZADO,39,0.3,MODERADO,,0,0,
927117101,RECHAZADO,45,0.3,MODERADO,R005,1,0,
927205101,APROBADO,88,0.3,MODERADO,R001|R012,2,1,
927303101,APROBADO,100,0.3,MODERADO,R001|R003|R005|R012|R015,5,2,
927401101,APROBADO,95,0.3,MODERADO,R001|R005|R012,3,1,
927501102,APROBADO,84,0.3,MODERADO,R001|R012,2,1,
927603103,APROBADO,85,0.3,MODERADO,R001|R005,2,0,
927702101,RECHAZADO,23,0.3,MODERADO,R004|R005,2,0,
927811101,APROBADO,95,0.3,MODERADO,R001|R005|R012,3,1,
927905102,RECHAZADO,57,0.3,MODERADO,R001,1,0,
928004103,RECHAZADO,57,0.3,MODERADO,R001|R004|R012,3,1,
928108101,REVISION_MANUAL,67,0.3,MODERADO,R005|R012,2,1,
928204101,RECHAZADO,54,0.3,MODERADO,R012,1,1,
928305102,RECHAZADO,55,0.3,MODERADO,R001|R004|R012,3,1,
928403101,APROBADO,86,0.3,MODERADO,R001|R012,2,1,
928503101,RECHAZADO,51,0.3,MODERADO,R012,1,1,
928604101,REVISION_MANUAL,69,0.3,MODERADO,R005|R012,2,1,
928705101,RECHAZADO,42,0.3,MODERADO,,0,0,
928801102,RECHAZADO,8,0.3,MODERADO,R004,1,0,
928903101,REVISION_MANUAL,67,0.3,MODERADO,R005|R012,2,1,
929015101,RECHAZADO,43,0.3,MODERADO,R005,1,0,
929114102,REVISION_MANUAL,79,0.3,MODERADO,R001|R012,2,1,
929219102,RECHAZADO,11,0.3,MODERADO,R004,1,0,
929304101,APROBADO,100,0.3,MODERADO,R001|R005|R012,3,1,
929411101,RECHAZADO,50,0.3,MODERADO,R012,1,1,
929516101,REVISION_MANUAL,70,0.3,MODERADO,R001,1,0,
929605101,RECHAZADO,59,0.3,MODERADO,R001,1,0,
929716101,APROBADO,100,0.3,MODERADO,R001|R003|R005|R012|R015,5,2,
929803102,RECHAZADO,13,0.3,MODERADO,R004,1,0,
929902101,RECHAZADO,25,0.3,MODERADO,R004|R012,2,1,
930004104,RECHAZADO,29,0.3,MODERADO,,0,0,
930105101,RECHAZADO,28,0.3,MODERADO,R004|R005,2,0,
930201102,RECHAZADO,21,0.3,MODERADO,R002|R005,2,0,
930306103,RECHAZADO,10,0.3,MODERADO,R004|R009|R012,3,1,
930415101,RECHAZADO,32,0.3,MODERADO,R005|R010,2,0,
930502102,RECHAZADO,11,0.3,MODERADO,R004,1,0,
930620102,RECHAZADO,25,0.3,MODERADO,R004|R005,2,0,
930702102,RECHAZADO,58,0.3,MODERADO,R005|R012,2,1,
930802101,RECHAZADO,40,0.3,MODERADO,,0,0,
930902101,APROBADO,100,0.3,MODERADO,R001|R005|R012|R015,4,2,
931003102,REVISION_MANUAL,68,0.3,MODERADO,R001,1,0,
931119101,REVISION_MANUAL,72,0.3,MODERADO,R001|R012,2,1,
931218101,RECHAZADO,59,0.3,MODERADO,R005|R012,2,1,
931303102,RECHAZADO,31,0.3,MODERADO,,0,0,
931415102,RECHAZADO,12,0.3,MODERADO,R004,1,0,
931518101,REVISION_MANUAL,60,0.3,MODERADO,R001,1,0,
931612102,RECHAZADO,42,0.3,MODERADO,R012,1,1,
931706104,RECHAZADO,42,0.3,MODERADO,R001|R004,2,0,
931808102,RECHAZADO,25,0.3,MODERADO,R004|R005,2,0,
931902101,RECHAZADO,28,0.3,MODERADO,R004|R005,2,0,
932020101,RECHAZADO,57,0.3,MODERADO,R005,1,0,
932114102,RECHAZADO,40,0.3,MODERADO,R012,1,1,
932114201,RECHAZADO,20,0.3,MODERADO,R004|R012,2,1,
932204102,RECHAZADO,52,0.3,MODERADO,R012,1,1,
932301104,RECHAZADO,38,0.3,MODERADO,,0,0,
932404103,RECHAZADO,25,0.3,MODERADO,R009,1,0,
932501101,RECHAZADO,17,0.3,MODERADO,R002|R006,2,0,
932607101,REVISION_MANUAL,64,0.3,MODERADO,R005|R012,2,1,
932705101,RECHAZADO,35,0.3,MODERADO,R002|R005|R015,3,1,
932819104,RECHAZADO,8,0.3,MODERADO,R004|R009|R012,3,1,
932902102,REVISION_MANUAL,69,0.3,MODERADO,R001|R006|R010,3,0,
933014102,RECHAZADO,54,0.3,MODERADO,R001|R004|R012,3,1,
933104102,APROBADO,100,0.3,MODERADO,R001|R005|R012,3,1,
933202102,APROBADO,100,0.3,MODERADO,R001|R012,2,1,
933305101,APROBADO,100,0.3,MODERADO,R001|R005|R012,3,1,
933408101,RECHAZADO,42,0.3,MODERADO,,0,0,
933505104,RECHAZADO,5,0.3,MODERADO,R002,1,0,
933604101,RECHAZADO,25,0.3,MODERADO,R004|R005,2,0,
933701101,RECHAZADO,45,0.3,MODERADO,R005,1,0,
933805102,APROBADO,84,0.3,MODERADO,R001|R005,2,0,
933914103,RECHAZADO,27,0.3,MODERADO,,0,0,
934005101,REVISION_MANUAL,70,0.3,MODERADO,R005|R012,2,1,
934103101,APROBADO,100,0.3,MODERADO,R001|R003|R005|R012|R015,5,2,
934201101,RECHAZADO,5,0.3,MODERADO,R002,1,0,
934303102,RECHAZADO,28,0.3,MODERADO,R004|R005,2,0,
934401101,RECHAZADO,45,0.3,MODERADO,R005,1,0,
934505101,RECHAZADO,34,0.3,MODERADO,R002|R005|R015,3,1,
934604101,APROBADO,100,0.3,MODERADO,R001|R005|R012,3,1,
934704101,APROBADO,85,0.3,MODERADO,R001|R005|R010|R012,4,1,
934801102,REVISION_MANUAL,79,0.3,MODERADO,R005|R012|R015,3,2,
934904101,APROBADO,100,0.3,MODERADO,R001|R005|R012,3,1,
935003102,REVISION_MANUAL,72,0.3,MODERADO,R001|R004|R005|R012,4,1,
935104103,RECHAZADO,25,0.3,MODERADO,R004|R012,2,1,
935219101,RECHAZADO,40,0.3,MODERADO,R004|R005|R012,3,1,
935301101,RECHAZADO,40,0.3,MODERADO,,0,0,
935401101,RECHAZADO,42,0.3,MODERADO,R005,1,0,
935504101,RECHAZADO,42,0.3,MODERADO,R005,1,0,
935602101,RECHAZADO,38,0.3,MODERADO,,0,0,
935717101,RECHAZADO,0,0.3,MODERADO,R004|R010,2,0,
935813101,REVISION_MANUAL,65,0.3,MODERADO,R005|R012,2,1,
935917101,RECHAZADO,5,0.3,MODERADO,R002,1,0,
936003102,REVISION_MANUAL,75,0.3,MODERADO,R005|R012,2,1,
936113103,RECHAZADO,58,0.3,MODERADO,R001|R004|R005,3,0,
936201102,RECHAZADO,22,0.3,MODERADO,R004|R012,2,1,
936302101,REVISION_MANUAL,71,0.3,MODERADO,R001|R004|R005|R012,4,1,
936405101,RECHAZADO,12,0.3,MODERADO,R004,1,0,
936503101,RECHAZADO,0,0.3,MODERADO,R002|R004|R005,3,0,
936601101,RECHAZADO,19,0.3,MODERADO,R002|R005,2,0,
936713101,RECHAZADO,43,0.3,MODERADO,,0,0,
936803101,RECHAZADO,42,0.3,MODERADO,R012,1,1,
936903102,RECHAZADO,55,0.3,MODERADO,R005,1,0,
937001101,APROBADO,100,0.3,MODERADO,R001|R005|R012|R015,4,2,
937105102,APROBADO,100,0.3,MODERADO,R001|R003|R012,3,1,
937204101,RECHAZADO,10,0.3,MODERADO,R002|R005,2,0,
937303102,RECHAZADO,45,0.3,MODERADO,R012,1,1,
937303202,APROBADO,88,0.3,MODERADO,R001|R012,2,1,
937401101,RECHAZADO,23,0.3,MODERADO,R004|R012,2,1,
937401201,RECHAZADO,28,0.3,MODERADO,R004|R005,2,0,
937401301,APROBADO,100,0.3,MODERADO,R001|R003|R012,3,1,
937505101,RECHAZADO,43,0.3,MODERADO,,0,0,
937602101,RECHAZADO,20,0.3,MODERADO,R002|R005,2,0,
937704102,RECHAZADO,27,0.3,MODERADO,R004|R005,2,0,
937810101,APROBADO,96,0.3,MODERADO,R001|R005|R012,3,1,
937902102,APROBADO,100,0.3,MODERADO,R001|R005|R012|R015,4,2,
938011101,RECHAZADO,52,0.3,MODERADO,R005,1,0,
938109102,RECHAZADO,50,0.3,MODERADO,R012,1,1,
938203101,APROBADO,100,0.3,MODERADO,R001|R012,2,1,
938303101,RECHAZADO,33,0.3,MODERADO,,0,0,
938303201,RECHAZADO,29,0.3,MODERADO,R002|R005|R015,3,1,
938303301,REVISION_MANUAL,75,0.3,MODERADO,R005|R012,2,1,
938303401,RECHAZADO,23,0.3,MODERADO,R004|R012,2,1,
938401103,REVISION_MANUAL,79,0.3,MODERADO,R001|R012,2,1,
938502102,APROBADO,83,0.3,MODERADO,R001|R012,2,1,
938611101,RECHAZADO,28,0.3,MODERADO,R004|R005,2,0,
938702101,RECHAZADO,6,0.3,MODERADO,R002,1,0,
938811101,RECHAZADO,40,0.3,MODERADO,R001|R004,2,0,
938915101,RECHAZADO,42,0.3,MODERADO,,0,0,
939016102,RECHAZADO,22,0.3,MODERADO,R004|R012,2,1,
939103102,RECHAZADO,56,0.3,MODERADO,R001|R004|R006,3,0,
939220101,RECHAZADO,30,0.3,MODERADO,,0,0,
939301101,APROBADO,93,0.3,MODERADO,R001|R012,2,1,
939401103,REVISION_MANUAL,64,0.3,MODERADO,R005|R015,2,1,
939513103,RECHAZADO,40,0.3,MODERADO,,0,0,
939605104,RECHAZADO,55,0.3,MODERADO,R001|R010,2,0,
939707102,RECHAZADO,32,0.3,MODERADO,R010|R012,2,1,
939804101,APROBADO,86,0.3,MODERADO,R001|R005,2,0,
939905102,RECHAZADO,28,0.3,MODERADO,R004|R005,2,0,
940002103,RECHAZADO,36,0.3,MODERADO,,0,0,
940117107,RECHAZADO,0,0.3,MODERADO,R004|R010,2,0,
940202102,RECHAZADO,0,0.3,MODERADO,R002|R004|R005,3,0,
940302101,RECHAZADO,58,0.3,MODERADO,R001|R004|R005,3,0,
940302201,RECHAZADO,22,0.3,MODERADO,R004|R012,2,1,
940403101,APROBADO,92,0.3,MODERADO,R001|R012,2,1,
940504102,REVISION_MANUAL,74,0.3,MODERADO,R001|R005,2,0,
940604101,REVISION_MANUAL,64,0.3,MODERADO,R005|R015,2,1,
940705101,RECHAZADO,30,0.3,MODERADO,,0,0,
940804102,APROBADO,83,0.3,MODERADO,R001|R012,2,1,
940903102,RECHAZADO,13,0.3,MODERADO,R004,1,0,
941002101,RECHAZADO,43,0.3,MODERADO,R012,1,1,
941105103,RECHAZADO,28,0.3,MODERADO,,0,0,
941205102,RECHAZADO,16,0.3,MODERADO,R002,1,0,
941305102,REVISION_MANUAL,71,0.3,MODERADO,R001,1,0,
941404102,RECHAZADO,29,0.3,MODERADO,,0,0,
941506101,RECHAZADO,50,0.3,MODERADO,R012,1,1,
941603101,RECHAZADO,33,0.3,MODERADO,,0,0,
941703101,RECHAZADO,55,0.3,MODERADO,R012,1,1,
941810103,RECHAZADO,3,0.3,MODERADO,R009|R010,2,0,
941901101,APROBADO,92,0.3,MODERADO,R001|R012,2,1,
942001102,RECHAZADO,40,0.3,MODERADO,,0,0,
942105102,RECHAZADO,41,0.3,MODERADO,,0,0,
942205101,APROBADO,100,0.3,MODERADO,R001|R005|R012,3,1,
942303102,RECHAZADO,11,0.3,MODERADO,R004|R009|R012,3,1,
942412101,RECHAZADO,11,0.3,MODERADO,R004,1,0,
942516101,RECHAZADO,23,0.3,MODERADO,R004|R005,2,0,
942602102,RECHAZADO,7,0.3,MODERADO,R002|R005|R010,3,0,
942704102,RECHAZADO,27,0.3,MODERADO,R010,1,0,
942815101,RECHAZADO,45,0.3,MODERADO,R005,1,0,
942901102,RECHAZADO,11,0.3,MODERADO,R004|R009|R012,3,1,
943002101,APROBADO,99,0.3,MODERADO,R001|R005|R012,3,1,
943110102,RECHAZADO,27,0.3,MODERADO,R004|R005,2,0,
943212101,RECHAZADO,0,0.3,MODERADO,R002,1,0,
943303102,RECHAZADO,39,0.3,MODERADO,,0,0,
943403103,APROBADO,83,0.3,MODERADO,R001|R012,2,1,
943503104,RECHAZADO,51,0.3,MODERADO,R012,1,1,
943605101,RECHAZADO,31,0.3,MODERADO,,0,0,
943711102,RECHAZADO,10,0.3,MODERADO,R004,1,0,
943806102,RECHAZADO,57,0.3,MODERADO,R012,1,1,
943912101,RECHAZADO,42,0.3,MODERADO,R005|R010|R012,3,1,
944003102,RECHAZADO,17,0.3,MODERADO,R010,1,0,
944109102,REVISION_MANUAL,68,0.3,MODERADO,R005|R012,2,1,
944201101,RECHAZADO,45,0.3,MODERADO,R005,1,0,
944304102,RECHAZADO,0,0.3,MODERADO,R002|R004|R005,3,0,
944402102,REVISION_MANUAL,60,0.3,MODERADO,R001|R004|R005,3,0,
944503101,RECHAZADO,42,0.3,MODERADO,,0,0,
944614102,RECHAZADO,22,0.3,MODERADO,R004|R012,2,1,
944705101,RECHAZADO,22,0.3,MODERADO,R002|R005,2,0,
944805102,REVISION_MANUAL,71,0.3,MODERADO,R001|R004|R005|R012,4,1,
944901101,RECHAZADO,28,0.3,MODERADO,R004|R005,2,0,
945004102,RECHAZADO,0,0.3,MODERADO,R004|R010,2,0,
945105102,RECHAZADO,39,0.3,MODERADO,,0,0,
945202103,RECHAZADO,41,0.3,MODERADO,,0,0,
945301101,RECHAZADO,45,0.3,MODERADO,R005,1,0,
945301201,RECHAZADO,8,0.3,MODERADO,R002,1,0,
945403102,RECHAZADO,39,0.3,MODERADO,,0,0,
945510102,REVISION_MANUAL,68,0.3,MODERADO,R001,1,0,
945610102,RECHAZADO,10,0.3,MODERADO,R004,1,0,
945715102,RECHAZADO,0,0.3,MODERADO,R004|R010,2,0,
945809101,RECHAZADO,43,0.3,MODERADO,R005,1,0,
945902102,RECHAZADO,35,0.3,MODERADO,R004|R005|R012,3,1,
946003102,APROBADO,100,0.3,MODERADO,R001|R005|R012,3,1,
946105102,APROBADO,93,0.3,MODERADO,R001|R012,2,1,
946219101,RECHAZADO,20,0.3,MODERADO,R002|R005,2,0,
946315102,RECHAZADO,15,0.3,MODERADO,R004,1,0,
946404101,RECHAZADO,45,0.3,MODERADO,R012,1,1,
946517101,RECHAZADO,56,0.3,MODERADO,R012,1,1,
946601101,REVISION_MANUAL,67,0.3,MODERADO,R005|R012,2,1,
946703103,RECHAZADO,27,0.3,MODERADO,R010,1,0,
946805103,REVISION_MANUAL,76,0.3,MODERADO,R005|R012,2,1,
946901101,RECHAZADO,27,0.3,MODERADO,,0,0,
947003102,RECHAZADO,48,0.3,MODERADO,R005,1,0,
947115101,APROBADO,88,0.3,MODERADO,R001|R005|R012,3,1,
947202103,RECHAZADO,36,0.3,MODERADO,,0,0,
947303101,REVISION_MANUAL,68,0.3,MODERADO,R005|R012,2,1,
947402106,REVISION_MANUAL,67,0.3,MODERADO,R001|R010|R012,3,1,
947503104,RECHAZADO,35,0.3,MODERADO,R010|R012,2,1,
947601104,REVISION_MANUAL,73,0.3,MODERADO,R001|R012,2,1,
947704102,RECHAZADO,28,0.3,MODERADO,R004|R005,2,0,
947803103,RECHAZADO,42,0.3,MODERADO,,0,0,
947901101,APROBADO,94,0.3,MODERADO,R001|R005|R010|R012,4,1,
948002101,RECHAZADO,42,0.3,MODERADO,,0,0,
948102105,REVISION_MANUAL,75,0.3,MODERADO,R001|R010|R012,3,1,
948218101,REVISION_MANUAL,69,0.3,MODERADO,R005|R012,2,1,
948305103,RECHAZADO,40,0.3,MODERADO,R012,1,1,
948403103,RECHAZADO,54,0.3,MODERADO,R001|R004|R006,3,0,
948502101,RECHAZADO,59,0.3,MODERADO,R001,1,0,
948618101,RECHAZADO,48,0.3,MODERADO,R005,1,0,
948705102,RECHAZADO,41,0.3,MODERADO,R004|R005|R012,3,1,
948803103,RECHAZADO,27,0.3,MODERADO,R010,1,0,
948906101,RECHAZADO,57,0.3,MODERADO,R001|R004|R005,3,0,
949020101,APROBADO,89,0.3,MODERADO,R001|R012,2,1,
949109101,RECHAZADO,39,0.3,MODERADO,,0,0,
949201101,RECHAZADO,41,0.3,MODERADO,R004|R005|R012,3,1,
949319101,RECHAZADO,28,0.3,MODERADO,,0,0,
949404101,RECHAZADO,23,0.3,MODERADO,R004|R005,2,0,
949501101,APROBADO,93,0.3,MODERADO,R001|R005|R015,3,1,
949618101,REVISION_MANUAL,68,0.3,MODERADO,R001,1,0,
949702102,REVISION_MANUAL,74,0.3,MODERADO,R001|R005,2,0,
949803101,RECHAZADO,53,0.3,MODERADO,R012,1,1,
949902102,APROBADO,83,0.3,MODERADO,R001|R012,2,1,
950004101,RECHAZADO,39,0.3,MODERADO,R004|R005|R012,3,1,
950101101,RECHAZADO,51,0.3,MODERADO,R012,1,1,
950203101,APROBADO,87,0.3,MODERADO,R001|R005|R012,3,1,
950317101,RECHAZADO,38,0.3,MODERADO,R004|R005|R012,3,1,
950402101,RECHAZADO,13,0.3,MODERADO,R004,1,0,
950505101,RECHAZADO,17,0.3,MODERADO,R002|R005,2,0,
950602101,RECHAZADO,13,0.3,MODERADO,R004,1,0,
950704102,RECHAZADO,10,0.3,MODERADO,R004,1,0,
950803101,RECHAZADO,37,0.3,MODERADO,R004|R005|R012,3,1,
950904101,RECHAZADO,23,0.3,MODERADO,R004|R005,2,0,
951005101,RECHAZADO,53,0.3,MODERADO,R012,1,1,
951101101,APROBADO,100,0.3,MODERADO,R001|R003|R005|R012|R015,5,2,
951209101,RECHAZADO,27,0.3,MODERADO,,0,0,
951303101,REVISION_MANUAL,71,0.3,MODERADO,R001,1,0,
951411102,RECHAZADO,31,0.3,MODERADO,,0,0,
951501101,RECHAZADO,13,0.3,MODERADO,R004,1,0,
951601101,RECHAZADO,28,0.3,MODERADO,R004|R005,2,0,
951702101,APROBADO,100,0.3,MODERADO,R001|R005|R012,3,1,
951815102,APROBADO,84,0.3,MODERADO,R001|R005,2,0,
951910102,RECHAZADO,31,0.3,MODERADO,,0,0,
952001104,RECHAZADO,37,0.3,MODERADO,R010|R012,2,1,
952102101,RECHAZADO,43,0.3,MODERADO,R005,1,0,
952210101,RECHAZADO,45,0.3,MODERADO,R005,1,0,
952305101,RECHAZADO,13,0.3,MODERADO,R004,1,0,
952401102,RECHAZADO,25,0.3,MODERADO,R004|R005,2,0,
952502101,REVISION_MANUAL,71,0.3,MODERADO,R001|R004|R005|R012,4,1,
952603101,APROBADO,100,0.3,MODERADO,R001|R005|R012|R015,4,2,
952720102,RECHAZADO,0,0.3,MODERADO,R002,1,0,
952805102,RECHAZADO,0,0.3,MODERADO,R002|R004,2,0,
952902103,RECHAZADO,15,0.3,MODERADO,R010,1,0,
953004102,APROBADO,83,0.3,MODERADO,R001|R012,2,1,
953101102,RECHAZADO,24,0.3,MODERADO,R004|R012,2,1,
953201105,APROBADO,90,0.3,MODERADO,R001|R012,2,1,
953303102,RECHAZADO,48,0.3,MODERADO,R005,1,0,
953404101,RECHAZADO,45,0.3,MODERADO,R005,1,0,
953501102,RECHAZADO,58,0.3,MODERADO,R001,1,0,
953601103,RECHAZADO,27,0.3,MODERADO,R009,1,0,
953705101,RECHAZADO,31,0.3,MODERADO,R002|R005|R015,3,1,
953803101,APROBADO,83,0.3,MODERADO,R001|R012,2,1,
953904102,RECHAZADO,38,0.3,MODERADO,,0,0,
954005101,RECHAZADO,55,0.3,MODERADO,R001|R004|R012,3,1,
954113102,RECHAZADO,13,0.3,MODERADO,R004,1,0,
954219102,REVISION_MANUAL,68,0.3,MODERADO,R001,1,0,
954305101,RECHAZADO,53,0.3,MODERADO,R005,1,0,
954401102,APROBADO,100,0.3,MODERADO,R001|R005|R006|R012,4,1,
954503101,APROBADO,81,0.3,MODERADO,R001|R006,2,0,
954603104,RECHAZADO,8,0.3,MODERADO,R004|R009|R012,3,1,
954702101,RECHAZADO,28,0.3,MODERADO,R004|R005,2,0,
954804101,RECHAZADO,13,0.3,MODERADO,R004,1,0,
954902101,RECHAZADO,31,0.3,MODERADO,,0,0,
955007103,RECHAZADO,9,0.3,MODERADO,R002,1,0,
955101101,RECHAZADO,10,0.3,MODERADO,R002,1,0,
955203101,RECHAZADO,26,0.3,MODERADO,R004|R012,2,1,
955315101,RECHAZADO,46,0.3,MODERADO,R005,1,0,
955410102,RECHAZADO,55,0.3,MODERADO,R001|R004|R012,3,1,
955514101,APROBADO,83,0.3,MODERADO,R001|R012,2,1,
955605103,RECHAZADO,14,0.3,MODERADO,R009,1,0,
955703101,REVISION_MANUAL,70,0.3,MODERADO,R005|R012,2,1,
955820104,RECHAZADO,54,0.3,MODERADO,R001|R009,2,0,
955901101,APROBADO,82,0.3,MODERADO,R001|R012,2,1,
956001101,APROBADO,88,0.3,MODERADO,R001|R012,2,1,
956106103,RECHAZADO,54,0.3,MODERADO,R012,1,1,
956203102,RECHAZADO,28,0.3,MODERADO,,0,0,
956302101,RECHAZADO,10,0.3,MODERADO,R004,1,0,
956412102,REVISION_MANUAL,71,0.3,MODERADO,R001,1,0,
956503101,APROBADO,96,0.3,MODERADO,R001|R005|R012,3,1,
956613102,RECHAZADO,59,0.3,MODERADO,R001,1,0,
956716102,RECHAZADO,54,0.3,MODERADO,R001|R004|R012,3,1,
956805101,APROBADO,100,0.3,MODERADO,R001|R005|R012|R015,4,2,
956901101,RECHAZADO,41,0.3,MODERADO,R012,1,1,
957003101,RECHAZADO,39,0.3,MODERADO,,0,0,
957102102,APROBADO,91,0.3,MODERADO,R001|R012,2,1,
957204107,RECHAZADO,0,0.3,MODERADO,R004|R010,2,0,
957301102,RECHAZADO,54,0.3,MODERADO,R012,1,1,
957403101,APROBADO,89,0.3,MODERADO,R001|R005|R012,3,1,
957516103,REVISION_MANUAL,69,0.3,MODERADO,R005|R012,2,1,
957601103,RECHAZADO,40,0.3,MODERADO,R001|R004|R010|R012,4,1,
957704103,RECHAZADO,37,0.3,MODERADO,R010|R012,2,1,
957802103,RECHAZADO,50,0.3,MODERADO,R001|R004|R012,3,1,
957905102,RECHAZADO,28,0.3,MODERADO,R004|R005,2,0,
958004101,APROBADO,89,0.3,MODERADO,R001|R005|R012,3,1,
958101103,RECHAZADO,7,0.3,MODERADO,R002,1,0,
958214102,RECHAZADO,13,0.3,MODERADO,R004,1,0,
958304101,RECHAZADO,13,0.3,MODERADO,R004,1,0,
958404101,RECHAZADO,27,0.3,MODERADO,R004|R005,2,0,
958503101,RECHAZADO,37,0.3,MODERADO,R010|R012,2,1,
958604102,RECHAZADO,56,0.3,MODERADO,R001|R004|R012,3,1,
958703101,RECHAZADO,57,0.3,MODERADO,R012,1,1,
958803101,RECHAZADO,27,0.3,MODERADO,R010,1,0,
958902101,REVISION_MANUAL,75,0.3,MODERADO,R003|R012,2,1,
959004103,RECHAZADO,52,0.3,MODERADO,R001|R004|R012,3,1,
959105102,RECHAZADO,13,0.3,MODERADO,R004,1,0,
959201102,APROBADO,97,0.3,MODERADO,R001|R005|R012,3,1,
959303104,RECHAZADO,27,0.3,MODERADO,R010|R012,2,1,
959403102,RECHAZADO,13,0.3,MODERADO,R002|R005,2,0,
959512102,RECHAZADO,40,0.3,MODERADO,R001|R004,2,0,
959605104,RECHAZADO,0,0.3,MODERADO,R004|R009|R010|R012,4,1,
959717103,RECHAZADO,57,0.3,MODERADO,R005|R012,2,1,
959818102,RECHAZADO,11,0.3,MODERADO,R004,1,0,
959903101,RECHAZADO,32,0.3,MODERADO,,0,0,
960014103,RECHAZADO,25,0.3,MODERADO,R010,1,0,
960116101,RECHAZADO,44,0.3,MODERADO,R005,1,0,
960204101,RECHAZADO,43,0.3,MODERADO,R012,1,1,
960304101,APROBADO,84,0.3,MODERADO,R005|R012,2,1,
960414110,RECHAZADO,15,0.3,MODERADO,R010,1,0,
960505102,APROBADO,88,0.3,MODERADO,R001|R005|R012,3,1,
960605103,RECHAZADO,57,0.3,MODERADO,R012,1,1,
960706102,RECHAZADO,0,0.3,MODERADO,R004|R010,2,0,
960804101,APROBADO,83,0.3,MODERADO,R001|R012,2,1,
960915104,RECHAZADO,42,0.3,MODERADO,R005|R010,2,0,
961005103,RECHAZADO,7,0.3,MODERADO,R004|R009|R012,3,1,
961105101,RECHAZADO,20,0.3,MODERADO,R002|R005,2,0,
961203102,APROBADO,85,0.3,MODERADO,R001|R012,2,1,
961304104,REVISION_MANUAL,67,0.3,MODERADO,R005|R012,2,1,
961401101,RECHAZADO,0,0.3,MODERADO,R002,1,0,
961503102,RECHAZADO,54,0.3,MODERADO,R012,1,1,
961602101,REVISION_MANUAL,77,0.3,MODERADO,R005|R012|R015,3,2,
961703101,APROBADO,98,0.3,MODERADO,R001|R005|R012,3,1,
961803101,RECHAZADO,38,0.3,MODERADO,R004|R005|R012,3,1,
961907102,RECHAZADO,40,0.3,MODERADO,R001|R004,2,0,
962005101,APROBADO,100,0.3,MODERADO,R001|R003|R012,3,1,
962105102,APROBADO,100,0.3,MODERADO,R001|R005|R012,3,1,
962203101,RECHAZADO,13,0.3,MODERADO,R004,1,0,
962305101,RECHAZADO,11,0.3,MODERADO,R004,1,0,
962401101,RECHAZADO,12,0.3,MODERADO,R004,1,0,
962505105,RECHAZADO,38,0.3,MODERADO,R010|R012,2,1,
962615102,REVISION_MANUAL,68,0.3,MODERADO,R001,1,0,
962715102,RECHAZADO,11,0.3,MODERADO,R004,1,0,
962802102,REVISION_MANUAL,71,0.3,MODERADO,R001|R004|R005|R012,4,1,
962901102,APROBADO,97,0.3,MODERADO,R001|R012,2,1,
963014102,RECHAZADO,57,0.3,MODERADO,R005,1,0,
963118103,RECHAZADO,24,0.3,MODERADO,R009,1,0,
963201103,RECHAZADO,52,0.3,MODERADO,R001|R004|R012,3,1,
963302101,RECHAZADO,44,0.3,MODERADO,R012,1,1,
963402103,RECHAZADO,44,0.3,MODERADO,R010|R012,2,1,
963505103,RECHAZADO,23,0.3,MODERADO,R009,1,0,
963601101,RECHAZADO,28,0.3,MODERADO,R004|R005,2,0,
963702102,RECHAZADO,22,0.3,MODERADO,R004|R012,2,1,
963817104,RECHAZADO,25,0.3,MODERADO,R009|R012,2,1,
963917103,RECHAZADO,13,0.3,MODERADO,R009|R010,2,0,
964002102,APROBADO,100,0.3,MODERADO,R001|R003|R012,3,1,
964103101,RECHAZADO,13,0.3,MODERADO,R004,1,0,
964205104,REVISION_MANUAL,71,0.3,MODERADO,R001|R009|R012,3,1,
964315101,APROBADO,98,0.3,MODERADO,R001|R005|R006,3,0,
964403101,REVISION_MANUAL,78,0.3,MODERADO,R003|R012,2,1,
964516101,RECHAZADO,44,0.3,MODERADO,R005,1,0,
964618101,APROBADO,95,0.3,MODERADO,R001|R005|R012,3,1,
964714101,RECHAZADO,43,0.3,MODERADO,R005,1,0,
964806101,RECHAZADO,0,0.3,MODERADO,R002,1,0,
964902101,APROBADO,100,0.3,MODERADO,R001|R005|R012|R015,4,2,
965004101,REVISION_MANUAL,66,0.3,MODERADO,R012,1,1,
965110101,APROBADO,98,0.3,MODERADO,R001|R005|R006,3,0,
965214102,RECHAZADO,42,0.3,MODERADO,R005,1,0,
965302101,RECHAZADO,43,0.3,MODERADO,R012,1,1,
965404102,APROBADO,81,0.3,MODERADO,R001|R006,2,0,
965505102,APROBADO,84,0.3,MODERADO,R001|R012,2,1,
965604105,RECHAZADO,27,0.3,MODERADO,,0,0,
965701101,REVISION_MANUAL,73,0.3,MODERADO,R001,1,0,
965805103,RECHAZADO,41,0.3,MODERADO,R012,1,1,
965912102,RECHAZADO,13,0.3,MODERADO,R004,1,0,
966001101,REVISION_MANUAL,62,0.3,MODERADO,R005|R012,2,1,
966104104,RECHAZADO,8,0.3,MODERADO,R004|R009|R012,3,1,
966202101,RECHAZADO,13,0.3,MODERADO,R004,1,0,
966315102,RECHAZADO,28,0.3,MODERADO,R004|R005,2,0,
966405102,RECHAZADO,54,0.3,MODERADO,R012,1,1,
966507103,APROBADO,83,0.3,MODERADO,R001|R012,2,1,
966602101,APROBADO,100,0.3,MODERADO,R001|R005|R006|R012,4,1,
966704101,APROBADO,100,0.3,MODERADO,R001|R005|R012,3,1,
966802101,REVISION_MANUAL,64,0.3,MODERADO,R001|R004|R005|R012,4,1,
966902102,APROBADO,100,0.3,MODERADO,R001|R005|R012,3,1,
967017102,RECHAZADO,31,0.3,MODERADO,,0,0,
967103102,RECHAZADO,18,0.3,MODERADO,R002|R006,2,0,
967204101,RECHAZADO,57,0.3,MODERADO,R012,1,1,
967307102,RECHAZADO,29,0.3,MODERADO,,0,0,
967405102,RECHAZADO,0,0.3,MODERADO,R004|R010,2,0,
967505104,RECHAZADO,49,0.3,MODERADO,R012,1,1,
967608101,REVISION_MANUAL,68,0.3,MODERADO,R001|R004|R005|R012,4,1,
967704102,REVISION_MANUAL,75,0.3,MODERADO,R001|R012,2,1,
967804102,REVISION_MANUAL,65,0.3,MODERADO,R005|R012,2,1,
967912101,RECHAZADO,45,0.3,MODERADO,R005,1,0,
968011106,RECHAZADO,0,0.3,MODERADO,R004|R009|R010|R012,4,1,
968116101,RECHAZADO,57,0.3,MODERADO,R005|R012,2,1,
968205101,REVISION_MANUAL,68,0.3,MODERADO,R001|R004|R005|R012,4,1,
968304101,RECHAZADO,55,0.3,MODERADO,R005,1,0,
968404103,RECHAZADO,55,0.3,MODERADO,R012,1,1,
968503102,RECHAZADO,15,0.3,MODERADO,R004,1,0,
968605101,RECHAZADO,24,0.3,MODERADO,R004|R012,2,1,
968704103,RECHAZADO,0,0.3,MODERADO,R002|R004,2,0,
968812101,RECHAZADO,38,0.3,MODERADO,,0,0,
968910102,REVISION_MANUAL,76,0.3,MODERADO,R005|R012|R015,3,2,
969003102,RECHAZADO,50,0.3,MODERADO,R012,1,1,
969106101,RECHAZADO,29,0.3,MODERADO,,0,0,
969204102,APROBADO,93,0.3,MODERADO,R001|R012,2,1,
969303102,RECHAZADO,11,0.3,MODERADO,R004,1,0,
969419101,RECHAZADO,27,0.3,MODERADO,R004|R005,2,0,
969503101,APROBADO,85,0.3,MODERADO,R001|R005,2,0,
969602101,APROBADO,100,0.3,MODERADO,R001|R003|R012,3,1,
969720102,RECHAZADO,41,0.3,MODERADO,,0,0,
969805101,APROBADO,98,0.3,MODERADO,R001|R005|R012,3,1,
969902103,RECHAZADO,38,0.3,MODERADO,,0,0,
970005102,RECHAZADO,37,0.3,MODERADO,R010|R012,2,1,
970101102,RECHAZADO,58,0.3,MODERADO,R001|R004|R012,3,1,
970220102,RECHAZADO,37,0.3,MODERADO,,0,0,
970302103,APROBADO,100,0.3,MODERADO,R001|R005|R012,3,1,
970416103,RECHAZADO,32,0.3,MODERADO,R005|R010,2,0,
970502101,RECHAZADO,28,0.3,MODERADO,R004|R005,2,0,
970603101,APROBADO,97,0.3,MODERADO,R001|R005|R012,3,1,
970719101,RECHAZADO,18,0.3,MODERADO,R009,1,0,
970802101,APROBADO,100,0.3,MODERADO,R001|R005|R012|R015,4,2,
970905101,APROBADO,100,0.3,MODERADO,R001|R005|R012|R015,4,2,
971014105,RECHAZADO,27,0.3,MODERADO,R010,1,0,
971102101,RECHAZADO,24,0.3,MODERADO,R004|R012,2,1,
971216101,RECHAZADO,53,0.3,MODERADO,R012,1,1,
971317102,RECHAZADO,28,0.3,MODERADO,R004|R005,2,0,
971419101,RECHAZADO,43,0.3,MODERADO,,0,0,
971504101,RECHAZADO,45,0.3,MODERADO,R005,1,0,
971605103,RECHAZADO,55,0.3,MODERADO,R001|R004|R012,3,1,
971701102,REVISION_MANUAL,70,0.3,MODERADO,R001,1,0,
971816101,RECHAZADO,53,0.3,MODERADO,R005,1,0,
971901105,REVISION_MANUAL,71,0.3,MODERADO,R001|R010|R012,3,1,
972003101,APROBADO,85,0.3,MODERADO,R001|R012,2,1,
972104101,RECHAZADO,46,0.3,MODERADO,R005,1,0,
972205102,APROBADO,87,0.3,MODERADO,R001|R012,2,1,
972307103,RECHAZADO,24,0.3,MODERADO,R004|R005,2,0,
972405102,RECHAZADO,0,0.3,MODERADO,R002,1,0,
972515102,RECHAZADO,30,0.3,MODERADO,,0,0,
972602101,RECHAZADO,42,0.3,MODERADO,R004|R005|R012,3,1,
972710102,RECHAZADO,0,0.3,MODERADO,R002,1,0,
972820101,RECHAZADO,45,0.3,MODERADO,R005,1,0,
972904101,APROBADO,83,0.3,MODERADO,R001|R012,2,1,
973013102,RECHAZADO,56,0.3,MODERADO,R005|R012,2,1,
973104101,REVISION_MANUAL,74,0.3,MODERADO,R005|R012|R015,3,2,
973203101,APROBADO,92,0.3,MODERADO,R001|R012,2,1,
973301101,RECHAZADO,15,0.3,MODERADO,R002,1,0,
973418103,RECHAZADO,15,0.3,MODERADO,R009,1,0,
973504101,RECHAZADO,30,0.3,MODERADO,R005|R010,2,0,
973613102,RECHAZADO,44,0.3,MODERADO,R005,1,0,
973719101,RECHAZADO,43,0.3,MODERADO,R005,1,0,
973812102,APROBADO,93,0.3,MODERADO,R001|R005|R012,3,1,
973903101,REVISION_MANUAL,73,0.3,MODERADO,R001|R004|R005|R012,4,1,
974003101,APROBADO,100,0.3,MODERADO,R001|R005|R012|R015,4,2,
974102101,RECHAZADO,57,0.3,MODERADO,R001|R010|R012,3,1,
974212101,RECHAZADO,51,0.3,MODERADO,R005|R010|R012,3,1,
974305104,REVISION_MANUAL,79,0.3,MODERADO,R001|R012,2,1,
974417101,APROBADO,85,0.3,MODERADO,R001|R006,2,0,
974505101,RECHAZADO,10,0.3,MODERADO,R002|R005,2,0,
974604102,RECHAZADO,13,0.3,MODERADO,R004,1,0,
974706102,RECHAZADO,0,0.3,MODERADO,R002|R004,2,0,
974801102,RECHAZADO,55,0.3,MODERADO,R001|R004|R012,3,1,
974901101,RECHAZADO,15,0.3,MODERADO,R010,1,0,
975003101,REVISION_MANUAL,78,0.3,MODERADO,R005|R012|R015,3,2,
975107102,RECHAZADO,24,0.3,MODERADO,R004|R012,2,1,
975213102,RECHAZADO,44,0.3,MODERADO,R005,1,0,
975301101,REVISION_MANUAL,64,0.3,MODERADO,R012,1,1,
975402101,REVISION_MANUAL,71,0.3,MODERADO,R001,1,0,
975505101,APROBADO,95,0.3,MODERADO,R001|R005|R015,3,1,
975602102,RECHAZADO,28,0.3,MODERADO,,0,0,
975702104,APROBADO,83,0.3,MODERADO,R001|R012,2,1,
975819101,RECHAZADO,41,0.3,MODERADO,R004|R005|R012,3,1,
975901101,APROBADO,88,0.3,MODERADO,R001|R012,2,1,
976006102,RECHAZADO,52,0.3,MODERADO,R012,1,1,
976101101,RECHAZADO,54,0.3,MODERADO,R005,1,0,
976220102,RECHAZADO,27,0.3,MODERADO,R004|R005,2,0,
976313101,RECHAZADO,39,0.3,MODERADO,,0,0,
976402102,REVISION_MANUAL,68,0.3,MODERADO,R005|R012,2,1,
976517101,RECHAZADO,31,0.3,MODERADO,,0,0,
976620101,RECHAZADO,30,0.3,MODERADO,,0,0,
976705102,RECHAZADO,56,0.3,MODERADO,R001|R004|R005,3,0,
976801101,RECHAZADO,54,0.3,MODERADO,R005|R012,2,1,
976915101,APROBADO,89,0.3,MODERADO,R001|R005|R006,3,0,
977002101,RECHAZADO,55,0.3,MODERADO,R001|R004|R005|R010|R012,5,1,
977115101,RECHAZADO,41,0.3,MODERADO,,0,0,
977205101,APROBADO,100,0.3,MODERADO,R001|R005|R012|R015,4,2,
977310102,RECHAZADO,13,0.3,MODERADO,R004,1,0,
977404101,REVISION_MANUAL,71,0.3,MODERADO,R005|R012,2,1,
977501101,RECHAZADO,41,0.3,MODERADO,,0,0,
977603101,APROBADO,85,0.3,MODERADO,R001|R005|R006,3,0,
977718101,RECHAZADO,43,0.3,MODERADO,R012,1,1,
977816101,RECHAZADO,46,0.3,MODERADO,R005,1,0,
977916101,RECHAZADO,49,0.3,MODERADO,R012,1,1,
978002101,RECHAZADO,27,0.3,MODERADO,,0,0,
978115102,RECHAZADO,10,0.3,MODERADO,R004,1,0,
978214102,RECHAZADO,45,0.3,MODERADO,R005,1,0,
978301103,RECHAZADO,17,0.3,MODERADO,R002|R005,2,0,
978414101,RECHAZADO,9,0.3,MODERADO,R002|R005,2,0,
978512101,RECHAZADO,31,0.3,MODERADO,,0,0,
978605101,RECHAZADO,25,0.3,MODERADO,R004|R005,2,0,
978704103,RECHAZADO,0,0.3,MODERADO,R002|R004|R005,3,0,
978804101,RECHAZADO,38,0.3,MODERADO,,0,0,
978903101,RECHAZADO,25,0.3,MODERADO,R004|R005,2,0,
979016102,RECHAZADO,41,0.3,MODERADO,R012,1,1,
979109101,RECHAZADO,46,0.3,MODERADO,R005,1,0,
979218102,REVISION_MANUAL,71,0.3,MODERADO,R001,1,0,
979302101,RECHAZADO,55,0.3,MODERADO,R005,1,0,
979405103,RECHAZADO,26,0.3,MODERADO,R009,1,0,
979504104,RECHAZADO,13,0.3,MODERADO,R009|R010|R012,3,1,
979602101,RECHAZADO,30,0.3,MODERADO,,0,0,
979715101,RECHAZADO,42,0.3,MODERADO,R005|R010,2,0,
979801105,RECHAZADO,55,0.3,MODERADO,R012,1,1,
979901101,RECHAZADO,8,0.3,MODERADO,R002|R005,2,0,
980009101,RECHAZADO,48,0.3,MODERADO,R005,1,0,
980120104,RECHAZADO,29,0.3,MODERADO,,0,0,
980204101,APROBADO,100,0.3,MODERADO,R001|R005|R012,3,1,
980304101,RECHAZADO,13,0.3,MODERADO,R004,1,0,
980402101,RECHAZADO,23,0.3,MODERADO,R004|R012,2,1,
980510101,RECHAZADO,27,0.3,MODERADO,R004|R005,2,0,
980601101,REVISION_MANUAL,66,0.3,MODERADO,R005|R012,2,1,
980703101,REVISION_MANUAL,72,0.3,MODERADO,R005|R012,2,1,
980809101,RECHAZADO,31,0.3,MODERADO,,0,0,
980904101,RECHAZADO,28,0.3,MODERADO,R004|R005,2,0,
981014101,APROBADO,98,0.3,MODERADO,R001|R005|R012,3,1,
981111102,RECHAZADO,38,0.3,MODERADO,,0,0,
981201101,APROBADO,98,0.3,MODERADO,R003|R005|R012|R015,4,2,
981305101,APROBADO,83,0.3,MODERADO,R003|R005|R012,3,1,
981402102,APROBADO,97,0.3,MODERADO,R001|R005|R012,3,1,
981503102,RECHAZADO,57,0.3,MODERADO,R001|R004|R012,3,1,
981604101,APROBADO,90,0.3,MODERADO,R001|R005|R012,3,1,
981702101,RECHAZADO,41,0.3,MODERADO,,0,0,
981805102,APROBADO,81,0.3,MODERADO,R001|R012,2,1,
981903104,APROBADO,98,0.3,MODERADO,R001|R005|R010|R012,4,1,
982002101,RECHAZADO,59,0.3,MODERADO,R012,1,1,
982105101,RECHAZADO,28,0.3,MODERADO,R004|R005,2,0,
982217101,RECHAZADO,46,0.3,MODERADO,R005,1,0,
982305101,RECHAZADO,53,0.3,MODERADO,R005,1,0,
982411102,RECHAZADO,10,0.3,MODERADO,R004,1,0,
982505101,APROBADO,90,0.3,MODERADO,R001|R012,2,1,
982603101,RECHAZADO,57,0.3,MODERADO,R012,1,1,
982704102,RECHAZADO,0,0.3,MODERADO,R002|R004|R005,3,0,
982806102,APROBADO,100,0.3,MODERADO,R001|R003|R012,3,1,
982902102,RECHAZADO,33,0.3,MODERADO,,0,0,
982902201,REVISION_MANUAL,71,0.3,MODERADO,R001,1,0,
983005102,APROBADO,87,0.3,MODERADO,R001|R012,2,1,
983105102,RECHAZADO,38,0.3,MODERADO,,0,0,
983204102,RECHAZADO,32,0.3,MODERADO,R005|R010,2,0,
983302102,REVISION_MANUAL,67,0.3,MODERADO,R005|R012,2,1,
983403101,REVISION_MANUAL,65,0.3,MODERADO,R001|R004|R005|R012,4,1,
983503103,RECHAZADO,28,0.3,MODERADO,,0,0,
983602102,RECHAZADO,31,0.3,MODERADO,,0,0,
983719102,RECHAZADO,0,0.3,MODERADO,R002,1,0,
983802102,RECHAZADO,37,0.3,MODERADO,R004|R005|R012,3,1,
983901103,RECHAZADO,43,0.3,MODERADO,,0,0,
984003102,RECHAZADO,8,0.3,MODERADO,R002,1,0,
984101101,REVISION_MANUAL,72,0.3,MODERADO,R005|R012,2,1,
984203102,RECHAZADO,0,0.3,MODERADO,R002|R004,2,0,
984302101,RECHAZADO,59,0.3,MODERADO,R005|R012,2,1,
984401102,RECHAZADO,23,0.3,MODERADO,R004|R012,2,1,
984501102,APROBADO,84,0.3,MODERADO,R001|R012,2,1,
984618101,RECHAZADO,42,0.3,MODERADO,R005,1,0,
984703101,RECHAZADO,41,0.3,MODERADO,R004|R005|R012,3,1,
984802102,RECHAZADO,25,0.3,MODERADO,R004|R012,2,1,
984918104,RECHAZADO,28,0.3,MODERADO,R010|R012,2,1,
985012101,RECHAZADO,15,0.3,MODERADO,R004,1,0,
985103102,RECHAZADO,40,0.3,MODERADO,R012,1,1,
985203102,APROBADO,81,0.3,MODERADO,R001|R012,2,1,
985303101,REVISION_MANUAL,70,0.3,MODERADO,R001|R009|R012,3,1,
985402102,RECHAZADO,54,0.3,MODERADO,R005,1,0,
985513101,RECHAZADO,15,0.3,MODERADO,R004,1,0,
985601101,APROBADO,100,0.3,MODERADO,R001|R012,2,1,
985704102,RECHAZADO,53,0.3,MODERADO,R012,1,1,
985801102,RECHAZADO,13,0.3,MODERADO,R004,1,0,
985904101,RECHAZADO,28,0.3,MODERADO,,0,0,
986003102,APROBADO,100,0.3,MODERADO,R001|R012,2,1,
986113104,RECHAZADO,27,0.3,MODERADO,R010,1,0,
986205102,RECHAZADO,27,0.3,MODERADO,R010,1,0,
986307101,APROBADO,100,0.3,MODERADO,R001|R005|R006|R012|R015,5,2,
986404102,RECHAZADO,0,0.3,MODERADO,R002|R004|R006,3,0,
986501101,RECHAZADO,28,0.3,MODERADO,R004|R005,2,0,
986619101,REVISION_MANUAL,66,0.3,MODERADO,R005|R012,2,1,
986705102,RECHAZADO,25,0.3,MODERADO,R004|R005,2,0,
986806101,RECHAZADO,29,0.3,MODERADO,,0,0,
986905101,RECHAZADO,55,0.3,MODERADO,R001|R004|R005,3,0,
987003101,REVISION_MANUAL,72,0.3,MODERADO,R001|R005|R010,3,0,
987117101,RECHAZADO,28,0.3,MODERADO,R004|R005,2,0,
987205103,RECHAZADO,8,0.3,MODERADO,R002,1,0,
987306101,RECHAZADO,57,0.3,MODERADO,R005,1,0,
987405102,RECHAZADO,56,0.3,MODERADO,R005,1,0,
987501102,RECHAZADO,41,0.3,MODERADO,R001|R004,2,0,
987602102,RECHAZADO,0,0.3,MODERADO,R002|R004|R009,3,0,
987701102,RECHAZADO,56,0.3,MODERADO,R005,1,0,
987801102,REVISION_MANUAL,76,0.3,MODERADO,R001|R012,2,1,
987904101,REVISION_MANUAL,75,0.3,MODERADO,R001|R005,2,0,
988001102,RECHAZADO,38,0.3,MODERADO,,0,0,
988110104,RECHAZADO,10,0.3,MODERADO,R004,1,0,
988204101,RECHAZADO,43,0.3,MODERADO,,0,0,
988309101,RECHAZADO,10,0.3,MODERADO,R002|R005,2,0,
988418102,RECHAZADO,31,0.3,MODERADO,,0,0,
988505101,RECHAZADO,10,0.3,MODERADO,R004,1,0,
988620101,RECHAZADO,13,0.3,MODERADO,R004,1,0,
988718101,RECHAZADO,54,0.3,MODERADO,R005,1,0,
988801102,RECHAZADO,50,0.3,MODERADO,R012,1,1,
988903101,REVISION_MANUAL,65,0.3,MODERADO,R005|R012,2,1,
989002102,RECHAZADO,47,0.3,MODERADO,R012,1,1,
989120102,RECHAZADO,11,0.3,MODERADO,R004,1,0,
989203102,RECHAZADO,54,0.3,MODERADO,R012,1,1,
989320101,RECHAZADO,39,0.3,MODERADO,,0,0,
989401101,REVISION_MANUAL,65,0.3,MODERADO,R005|R012,2,1,
989513101,RECHAZADO,45,0.3,MODERADO,R005,1,0,
989604102,REVISION_MANUAL,70,0.3,MODERADO,R001|R004|R005|R012,4,1,
989704101,REVISION_MANUAL,73,0.3,MODERADO,R001,1,0,
989801102,APROBADO,97,0.3,MODERADO,R001|R005|R012,3,1,
989911104,RECHAZADO,13,0.3,MODERADO,R009|R010,2,0,
990014103,REVISION_MANUAL,67,0.3,MODERADO,R001|R010|R012,3,1,
990118101,RECHAZADO,53,0.3,MODERADO,R005,1,0,
990219101,RECHAZADO,11,0.3,MODERADO,R004,1,0,
990302102,RECHAZADO,24,0.3,MODERADO,R004|R012,2,1,
990402101,RECHAZADO,56,0.3,MODERADO,R001|R004|R012,3,1,
990503101,APROBADO,100,0.3,MODERADO,R001|R005|R006|R012,4,1,
990603102,APROBADO,92,0.3,MODERADO,R001|R012,2,1,
990702101,RECHAZADO,25,0.3,MODERADO,R004|R005,2,0,
990804102,RECHAZADO,23,0.3,MODERADO,R004|R012,2,1,
990905104,RECHAZADO,12,0.3,MODERADO,R002,1,0,
991003101,APROBADO,100,0.3,MODERADO,R001|R005|R012,3,1,
991104101,RECHAZADO,29,0.3,MODERADO,,0,0,
991205101,RECHAZADO,58,0.3,MODERADO,R001|R004|R005,3,0,
991301101,REVISION_MANUAL,69,0.3,MODERADO,R005|R012,2,1,
991404101,RECHAZADO,45,0.3,MODERADO,R005,1,0,
991501101,RECHAZADO,10,0.3,MODERADO,R002,1,0,
991604102,RECHAZADO,22,0.3,MODERADO,R004|R012,2,1,
991716103,RECHAZADO,36,0.3,MODERADO,,0,0,
991813101,RECHAZADO,41,0.3,MODERADO,R004|R005|R012,3,1,
991905101,RECHAZADO,56,0.3,MODERADO,R005,1,0,
992008101,RECHAZADO,28,0.3,MODERADO,R004|R005,2,0,
992101104,RECHAZADO,28,0.3,MODERADO,,0,0,
992216101,RECHAZADO,45,0.3,MODERADO,R005,1,0,
992316101,RECHAZADO,41,0.3,MODERADO,,0,0,
992403101,APROBADO,86,0.3,MODERADO,R001|R012,2,1,
992503101,APROBADO,86,0.3,MODERADO,R001|R005,2,0,
992605102,APROBADO,92,0.3,MODERADO,R001|R012,2,1,
992704102,RECHAZADO,38,0.3,MODERADO,R010|R012,2,1,
992803101,RECHAZADO,50,0.3,MODERADO,R012,1,1,
992905102,RECHAZADO,6,0.3,MODERADO,R002,1,0,
993004101,RECHAZADO,41,0.3,MODERADO,R012,1,1,
993101102,RECHAZADO,28,0.3,MODERADO,R009|R012,2,1,
993213102,RECHAZADO,25,0.3,MODERADO,R004|R005,2,0,
993304102,RECHAZADO,48,0.3,MODERADO,R005,1,0,
993405101,RECHAZADO,56,0.3,MODERADO,R001|R004|R005,3,0,
993503102,RECHAZADO,23,0.3,MODERADO,R004|R005,2,0,
993603102,RECHAZADO,30,0.3,MODERADO,R004|R005,2,0,
993711102,RECHAZADO,29,0.3,MODERADO,,0,0,
993810101,REVISION_MANUAL,71,0.3,MODERADO,R001|R005,2,0,
993904102,APROBADO,90,0.3,MODERADO,R001|R012,2,1,
994005104,RECHAZADO,49,0.3,MODERADO,R012,1,1,
994106101,RECHAZADO,26,0.3,MODERADO,,0,0,
994205101,APROBADO,100,0.3,MODERADO,R001|R005|R012,3,1,
994301101,RECHAZADO,52,0.3,MODERADO,R012,1,1,
994408101,RECHAZADO,30,0.3,MODERADO,,0,0,
994514101,RECHAZADO,23,0.3,MODERADO,R004|R005,2,0,
994604104,RECHAZADO,27,0.3,MODERADO,,0,0,
994702102,RECHAZADO,52,0.3,MODERADO,R012,1,1,
994809101,RECHAZADO,26,0.3,MODERADO,R004|R005,2,0,
994903101,RECHAZADO,38,0.3,MODERADO,,0,0,
995010101,RECHAZADO,42,0.3,MODERADO,R012,1,1,
995105101,APROBADO,100,0.3,MODERADO,R001|R005|R012|R015,4,2,
995204101,RECHAZADO,41,0.3,MODERADO,R004|R005|R012,3,1,
995302102,REVISION_MANUAL,68,0.3,MODERADO,R001|R004|R005|R012,4,1,
995404103,RECHAZADO,44,0.3,MODERADO,R005,1,0,
995513104,RECHAZADO,29,0.3,MODERADO,,0,0,
995603102,RECHAZADO,55,0.3,MODERADO,R001|R004|R012,3,1,
995704102,RECHAZADO,31,0.3,MODERADO,,0,0,
995818102,RECHAZADO,47,0.3,MODERADO,R005,1,0,
995904101,APROBADO,85,0.3,MODERADO,R001|R012,2,1,
996011101,RECHAZADO,6,0.3,MODERADO,R002,1,0,
996103102,RECHAZADO,43,0.3,MODERADO,,0,0,
996205102,RECHAZADO,25,0.3,MODERADO,R004|R005,2,0,
996317101,RECHAZADO,42,0.3,MODERADO,R005|R010|R012,3,1,
996402102,RECHAZADO,38,0.3,MODERADO,,0,0,
996504102,RECHAZADO,8,0.3,MODERADO,R004,1,0,
996616102,REVISION_MANUAL,73,0.3,MODERADO,R001,1,0,
996703102,RECHAZADO,25,0.3,MODERADO,R004|R012,2,1,
996804101,RECHAZADO,40,0.3,MODERADO,,0,0,
996905101,REVISION_MANUAL,66,0.3,MODERADO,R005|R012,2,1,
997003102,RECHAZADO,0,0.3,MODERADO,R002|R004,2,0,
997101101,RECHAZADO,41,0.3,MODERADO,R004|R005|R012,3,1,
997201101,RECHAZADO,43,0.3,MODERADO,,0,0,
997309103,REVISION_MANUAL,70,0.3,MODERADO,R001|R006,2,0,
997401102,RECHAZADO,20,0.3,MODERADO,R004|R012,2,1,
997501101,APROBADO,89,0.3,MODERADO,R001|R012,2,1,
997617101,RECHAZADO,13,0.3,MODERADO,R004,1,0,
997705101,RECHAZADO,28,0.3,MODERADO,R004|R005,2,0,
997809101,RECHAZADO,28,0.3,MODERADO,R004|R005,2,0,
997918103,REVISION_MANUAL,68,0.3,MODERADO,R001|R010|R012,3,1,
998002102,RECHAZADO,10,0.3,MODERADO,R004,1,0,
998107101,RECHAZADO,38,0.3,MODERADO,,0,0,
998218101,REVISION_MANUAL,64,0.3,MODERADO,R005|R015,2,1,
998304102,APROBADO,82,0.3,MODERADO,R001|R012,2,1,
998403102,RECHAZADO,40,0.3,MODERADO,,0,0,
998505101,RECHAZADO,55,0.3,MODERADO,R001|R010,2,0,
998604101,RECHAZADO,55,0.3,MODERADO,R012,1,1,
998714103,RECHAZADO,26,0.3,MODERADO,R009,1,0,
998814103,REVISION_MANUAL,69,0.3,MODERADO,R001|R006|R010,3,0,
998920101,RECHAZADO,0,0.3,MODERADO,R002|R010,2,0,
999001101,RECHAZADO,20,0.3,MODERADO,R004|R012,2,1,
999109101,RECHAZADO,47,0.3,MODERADO,R005,1,0,
999202101,RECHAZADO,13,0.3,MODERADO,R004,1,0,
999301102,RECHAZADO,8,0.3,MODERADO,R002,1,0,
999405101,RECHAZADO,55,0.3,MODERADO,R001|R004|R005,3,0,
999503101,APROBADO,96,0.3,MODERADO,R001|R005|R012,3,1,
999620101,REVISION_MANUAL,74,0.3,MODERADO,R005|R012,2,1,
999705103,RECHAZADO,50,0.3,MODERADO,R012,1,1,
999801102,RECHAZADO,52,0.3,MODERADO,R012,1,1,
999914101,REVISION_MANUAL,66,0.3,MODERADO,R005|R012,2,1,
1000004101,APROBADO,100,0.3,MODERADO,R001|R005|R012,3,1,
1000104101,RECHAZADO,56,0.3,MODERADO,R005|R012,2,1,
1000202101,APROBADO,84,0.3,MODERADO,R001|R005,2,0,
1000301104,RECHAZADO,0,0.3,MODERADO,R002,1,0,
1000301201,REVISION_MANUAL,69,0.3,MODERADO,R001,1,0,
1000403101,REVISION_MANUAL,66,0.3,MODERADO,R005|R012,2,1,
1000504103,RECHAZADO,55,0.3,MODERADO,R001|R010,2,0,
1000612101,RECHAZADO,30,0.3,MODERADO,R004|R005,2,0,
1000705104,RECHAZADO,7,0.3,MODERADO,R004|R009|R012,3,1,
1000803101,RECHAZADO,13,0.3,MODERADO,R002|R005,2,0,
1000904101,REVISION_MANUAL,74,0.3,MODERADO,R001|R005,2,0,
1001005102,RECHAZADO,58,0.3,MODERADO,R001,1,0,
1001103102,APROBADO,83,0.3,MODERADO,R001|R012,2,1,
1001214102,RECHAZADO,22,0.3,MODERADO,R004|R012,2,1,
1001303102,RECHAZADO,13,0.3,MODERADO,R004,1,0,
1001407103,REVISION_MANUAL,68,0.3,MODERADO,R001,1,0,
1001504101,APROBADO,100,0.3,MODERADO,R001|R005|R012,3,1,
1001612103,RECHAZADO,0,0.3,MODERADO,R002|R009,2,0,
1001705101,RECHAZADO,41,0.3,MODERADO,,0,0,
1001805101,RECHAZADO,40,0.3,MODERADO,,0,0,
1001904101,APROBADO,85,0.3,MODERADO,R001|R005|R012,3,1,
1002001103,APROBADO,87,0.3,MODERADO,R001|R012,2,1,
1002104101,APROBADO,85,0.3,MODERADO,R001|R012,2,1,
1002220101,RECHAZADO,30,0.3,MODERADO,,0,0,
1002303101,RECHAZADO,41,0.3,MODERADO,,0,0,
1002413101,RECHAZADO,27,0.3,MODERADO,R004|R005,2,0,
1002501101,RECHAZADO,48,0.3,MODERADO,R005,1,0,
1002604102,RECHAZADO,27,0.3,MODERADO,R010,1,0,
1002706101,RECHAZADO,26,0.3,MODERADO,R004|R005,2,0,
1002803101,RECHAZADO,47,0.3,MODERADO,R005,1,0,
1002903101,APROBADO,100,0.3,MODERADO,R001|R005|R012,3,1,
1003005102,RECHAZADO,40,0.3,MODERADO,R012,1,1,
1003102102,RECHAZADO,31,0.3,MODERADO,,0,0,
1003203101,RECHAZADO,6,0.3,MODERADO,R002,1,0,
1003305101,RECHAZADO,25,0.3,MODERADO,R004|R005,2,0,
1003409101,RECHAZADO,38,0.3,MODERADO,,0,0,
1003502101,REVISION_MANUAL,68,0.3,MODERADO,R001|R004|R005|R012,4,1,
1003604102,APROBADO,84,0.3,MODERADO,R001|R005,2,0,
1003710103,RECHAZADO,27,0.3,MODERADO,R009,1,0,
1003802101,REVISION_MANUAL,63,0.3,MODERADO,R012,1,1,
1003903101,RECHAZADO,11,0.3,MODERADO,R002|R005,2,0,
1004010101,RECHAZADO,10,0.3,MODERADO,R004,1,0,
1004103101,APROBADO,100,0.3,MODERADO,R001|R005|R012|R015,4,2,
1004205101,RECHAZADO,28,0.3,MODERADO,R004|R005,2,0,
1004305103,RECHAZADO,55,0.3,MODERADO,R001|R004|R012,3,1,
1004403101,RECHAZADO,38,0.3,MODERADO,,0,0,
1004503101,RECHAZADO,28,0.3,MODERADO,R002|R005,2,0,
1004604101,RECHAZADO,42,0.3,MODERADO,,0,0,
1004701102,RECHAZADO,55,0.3,MODERADO,R005|R012,2,1,
1004809102,APROBADO,83,0.3,MODERADO,R001|R006|R012,3,1,
1004905102,APROBADO,100,0.3,MODERADO,R001|R003|R012,3,1,
1005003101,RECHAZADO,13,0.3,MODERADO,R004,1,0,
1005101101,RECHAZADO,15,0.3,MODERADO,R004,1,0,
1005202101,RECHAZADO,42,0.3,MODERADO,,0,0,
1005312102,APROBADO,94,0.3,MODERADO,R001|R005|R012,3,1,
1005418101,RECHAZADO,42,0.3,MODERADO,R005,1,0,
1005505102,RECHAZADO,14,0.3,MODERADO,R002,1,0,
1005602102,REVISION_MANUAL,65,0.3,MODERADO,R005|R015,2,1,
1005703102,RECHAZADO,15,0.3,MODERADO,R004,1,0,
1005807101,RECHAZADO,12,0.3,MODERADO,R004,1,0,
1005903101,APROBADO,100,0.3,MODERADO,R001|R003|R012,3,1,
1006009101,RECHAZADO,45,0.3,MODERADO,R005,1,0,
1006101101,REVISION_MANUAL,67,0.3,MODERADO,R001|R010|R012,3,1,
1006204102,APROBADO,100,0.3,MODERADO,R001|R005|R012,3,1,
1006301102,RECHAZADO,43,0.3,MODERADO,R001|R004,2,0,
1006404101,RECHAZADO,25,0.3,MODERADO,R004|R005,2,0,
1006504101,REVISION_MANUAL,60,0.3,MODERADO,R001,1,0,
1006601102,RECHAZADO,25,0.3,MODERADO,R004|R005,2,0,
1006702102,REVISION_MANUAL,67,0.3,MODERADO,R001|R004|R005|R006,4,0,
1006809101,APROBADO,100,0.3,MODERADO,R001|R005|R012,3,1,
1006906102,RECHAZADO,21,0.3,MODERADO,R002|R005,2,0,
1007004101,APROBADO,100,0.3,MODERADO,R001|R005|R012|R015,4,2,
1007004202,RECHAZADO,52,0.3,MODERADO,R012,1,1,
1007105101,RECHAZADO,40,0.3,MODERADO,,0,0,
1007206101,RECHAZADO,28,0.3,MODERADO,R004|R005,2,0,
1007303101,RECHAZADO,49,0.3,MODERADO,R012,1,1,
1007407103,REVISION_MANUAL,71,0.3,MODERADO,R001,1,0,
1007505102,RECHAZADO,14,0.3,MODERADO,R002,1,0,
1007603101,RECHAZADO,50,0.3,MODERADO,R002|R005|R015,3,1,
1007710102,REVISION_MANUAL,70,0.3,MODERADO,R001,1,0,
1007802101,APROBADO,95,0.3,MODERADO,R001|R012,2,1,
1007902102,RECHAZADO,30,0.3,MODERADO,,0,0,
1008016101,RECHAZADO,12,0.3,MODERADO,R004,1,0,
1008102101,APROBADO,100,0.3,MODERADO,R001|R005|R012,3,1,
1008202101,REVISION_MANUAL,69,0.3,MODERADO,R005|R012,2,1,
1008305102,RECHAZADO,8,0.3,MODERADO,R004|R009|R012,3,1,
1008416103,RECHAZADO,27,0.3,MODERADO,,0,0,
1008505102,RECHAZADO,25,0.3,MODERADO,R004|R005,2,0,
1008614102,RECHAZADO,4,0.3,MODERADO,R002,1,0,
1008702103,APROBADO,81,0.3,MODERADO,R001|R012,2,1,
1008805101,APROBADO,86,0.3,MODERADO,R001|R005,2,0,
1008904101,APROBADO,100,0.3,MODERADO,R001|R005|R012|R015,4,2,
1009004102,RECHAZADO,13,0.3,MODERADO,R004,1,0,
1009102101,RECHAZADO,53,0.3,MODERADO,R001|R004|R005,3,0,
1009203102,RECHAZADO,30,0.3,MODERADO,,0,0,
1009304102,APROBADO,85,0.3,MODERADO,R001|R005,2,0,
1009417101,RECHAZADO,55,0.3,MODERADO,R005,1,0,
1009505101,RECHAZADO,12,0.3,MODERADO,R002,1,0,
1009601101,RECHAZADO,7,0.3,MODERADO,R002|R006,2,0,
1009713101,RECHAZADO,31,0.3,MODERADO,,0,0,
1009804101,REVISION_MANUAL,67,0.3,MODERADO,R005|R012,2,1,
1009901101,REVISION_MANUAL,73,0.3,MODERADO,R001,1,0,
1010003103,RECHAZADO,36,0.3,MODERADO,,0,0,
1010110105,RECHAZADO,0,0.3,MODERADO,R004|R009|R010|R012,4,1,
1010205102,REVISION_MANUAL,73,0.3,MODERADO,R001|R006,2,0,
1010304101,REVISION_MANUAL,74,0.3,MODERADO,R005|R012,2,1,
1010420103,RECHAZADO,59,0.3,MODERADO,R001,1,0,
1010507106,RECHAZADO,13,0.3,MODERADO,R009|R010,2,0,
1010616101,RECHAZADO,41,0.3,MODERADO,R005,1,0,
1010701102,RECHAZADO,27,0.3,MODERADO,R004|R012,2,1,
1010804103,RECHAZADO,57,0.3,MODERADO,R012,1,1,
1010901103,APROBADO,80,0.3,MODERADO,R001|R012,2,1,
1011001101,RECHAZADO,53,0.3,MODERADO,R005,1,0,
1011103101,REVISION_MANUAL,71,0.3,MODERADO,R001,1,0,
1011202102,RECHAZADO,10,0.3,MODERADO,R004,1,0,
1011305102,RECHAZADO,50,0.3,MODERADO,R012,1,1,
1011404101,RECHAZADO,40,0.3,MODERADO,R002|R005,2,0,
1011508101,RECHAZADO,29,0.3,MODERADO,,0,0,
1011612102,RECHAZADO,0,0.3,MODERADO,R004|R010,2,0,
1011704103,REVISION_MANUAL,78,0.3,MODERADO,R001|R012,2,1,
1011804101,APROBADO,100,0.3,MODERADO,R001|R003|R005|R012|R015,5,2,
1011914103,RECHAZADO,54,0.3,MODERADO,R001|R009,2,0,
1012004101,RECHAZADO,6,0.3,MODERADO,R002,1,0,
1012105102,RECHAZADO,0,0.3,MODERADO,R002|R004|R005,3,0,
1012205102,RECHAZADO,12,0.3,MODERADO,R004,1,0,
1012302102,RECHAZADO,22,0.3,MODERADO,R004|R012,2,1,
1012411101,RECHAZADO,26,0.3,MODERADO,R004|R005,2,0,
1012514101,RECHAZADO,55,0.3,MODERADO,R005,1,0,
1012602101,RECHAZADO,46,0.3,MODERADO,R012,1,1,
1012705101,RECHAZADO,13,0.3,MODERADO,R004,1,0,
1012803102,APROBADO,87,0.3,MODERADO,R001|R012,2,1,
1012904102,APROBADO,84,0.3,MODERADO,R001|R012,2,1,
1013005102,RECHAZADO,53,0.3,MODERADO,R001|R004|R012,3,1,
1013103102,RECHAZADO,28,0.3,MODERADO,R004|R005,2,0,
1013205101,RECHAZADO,30,0.3,MODERADO,,0,0,
1013303103,RECHAZADO,55,0.3,MODERADO,R001|R009,2,0,
1013404101,APROBADO,86,0.3,MODERADO,R001|R012,2,1,
1013507102,RECHAZADO,53,0.3,MODERADO,R012,1,1,
1013601102,RECHAZADO,41,0.3,MODERADO,,0,0,
1013702101,RECHAZADO,57,0.3,MODERADO,R012,1,1,
1013815101,RECHAZADO,37,0.3,MODERADO,,0,0,
1013913102,RECHAZADO,28,0.3,MODERADO,,0,0,
1014003101,RECHAZADO,28,0.3,MODERADO,,0,0,
1014102101,RECHAZADO,57,0.3,MODERADO,R001|R010,2,0,
1014216101,RECHAZADO,58,0.3,MODERADO,R005,1,0,
1014305102,RECHAZADO,29,0.3,MODERADO,,0,0,
1014404101,RECHAZADO,28,0.3,MODERADO,R004|R005,2,0,
1014504102,RECHAZADO,24,0.3,MODERADO,R002|R005,2,0,
1014610101,RECHAZADO,55,0.3,MODERADO,R005,1,0,
1014701103,RECHAZADO,23,0.3,MODERADO,R004|R012,2,1,
1014816101,APROBADO,96,0.3,MODERADO,R003|R005|R012|R015,4,2,
1014901101,RECHAZADO,23,0.3,MODERADO,R002|R005,2,0,
1015002101,APROBADO,89,0.3,MODERADO,R001|R005|R010|R012,4,1,
1015101102,RECHAZADO,25,0.3,MODERADO,R010,1,0,
1015204102,RECHAZADO,3,0.3,MODERADO,R002,1,0,
1015305101,REVISION_MANUAL,73,0.3,MODERADO,R001|R012,2,1,
1015416103,RECHAZADO,23,0.3,MODERADO,R004|R005,2,0,
1015416201,RECHAZADO,40,0.3,MODERADO,,0,0,
1015518101,APROBADO,100,0.3,MODERADO,R001|R003|R005|R012|R015,5,2,
1015605102,RECHAZADO,22,0.3,MODERADO,R004|R012,2,1,
1015704102,RECHAZADO,46,0.3,MODERADO,R012,1,1,
1015806102,RECHAZADO,0,0.3,MODERADO,R004|R009,2,0,
1015901101,REVISION_MANUAL,71,0.3,MODERADO,R001|R009|R012,3,1,
1016004102,APROBADO,100,0.3,MODERADO,R001|R005|R012,3,1,
1016102103,RECHAZADO,42,0.3,MODERADO,R012,1,1,
1016220102,RECHAZADO,0,0.3,MODERADO,R002|R004|R006,3,0,
1016308101,RECHAZADO,27,0.3,MODERADO,R004|R005,2,0,
1016404101,RECHAZADO,56,0.3,MODERADO,R012,1,1,
1016501102,REVISION_MANUAL,60,0.3,MODERADO,R012,1,1,
1016615102,RECHAZADO,58,0.3,MODERADO,R001|R004|R005,3,0,
1016701102,REVISION_MANUAL,70,0.3,MODERADO,R001|R006,2,0,
1016803101,RECHAZADO,30,0.3,MODERADO,,0,0,
1016901103,APROBADO,87,0.3,MODERADO,R001|R012,2,1,
1017005102,REVISION_MANUAL,69,0.3,MODERADO,R005|R012,2,1,
1017103103,REVISION_MANUAL,71,0.3,MODERADO,R001|R009|R012,3,1,
1017201101,RECHAZADO,0,0.3,MODERADO,R002,1,0,
1017302101,REVISION_MANUAL,67,0.3,MODERADO,R005|R012,2,1,
1017405103,APROBADO,87,0.3,MODERADO,R001|R012,2,1,
1017503101,RECHAZADO,32,0.3,MODERADO,,0,0,
1017602103,RECHAZADO,55,0.3,MODERADO,R001|R010,2,0,
1017704102,RECHAZADO,55,0.3,MODERADO,R001|R004|R012,3,1,
1017806101,RECHAZADO,43,0.3,MODERADO,R005,1,0,
1017901101,REVISION_MANUAL,71,0.3,MODERADO,R001|R012,2,1,
1018006102,APROBADO,93,0.3,MODERADO,R001|R003,2,0,
1018112101,APROBADO,82,0.3,MODERADO,R001|R005,2,0,
1018214102,RECHAZADO,13,0.3,MODERADO,R004,1,0,
1018320103,RECHAZADO,7,0.3,MODERADO,R002,1,0,
1018418101,RECHAZADO,46,0.3,MODERADO,R005,1,0,
1018502101,RECHAZADO,33,0.3,MODERADO,,0,0,
1018605102,RECHAZADO,40,0.3,MODERADO,,0,0,
1018704102,REVISION_MANUAL,68,0.3,MODERADO,R005|R012,2,1,
1018805109,RECHAZADO,27,0.3,MODERADO,R010,1,0,
1018805202,RECHAZADO,42,0.3,MODERADO,,0,0,
1018912104,RECHAZADO,35,0.3,MODERADO,R010|R012,2,1,
1019004103,RECHAZADO,38,0.3,MODERADO,,0,0,
1019103102,RECHAZADO,25,0.3,MODERADO,R004|R012,2,1,
1019103201,RECHAZADO,38,0.3,MODERADO,R004|R005|R012,3,1,
1019205102,RECHAZADO,25,0.3,MODERADO,R004|R005,2,0,
1019306101,REVISION_MANUAL,69,0.3,MODERADO,R005|R012,2,1,
1019401103,RECHAZADO,30,0.3,MODERADO,,0,0,
1019515102,RECHAZADO,39,0.3,MODERADO,R012,1,1,
1019608101,RECHAZADO,28,0.3,MODERADO,R004|R005,2,0,
1019702101,REVISION_MANUAL,70,0.3,MODERADO,R001,1,0,
1019805101,REVISION_MANUAL,69,0.3,MODERADO,R005|R012,2,1,
1019805201,APROBADO,98,0.3,MODERADO,R001|R012,2,1,
1019901101,RECHAZADO,38,0.3,MODERADO,R004|R005|R012,3,1,
1020004101,RECHAZADO,41,0.3,MODERADO,,0,0,
1020103102,RECHAZADO,40,0.3,MODERADO,,0,0,
1020203103,APROBADO,90,0.3,MODERADO,R001|R012,2,1,
1020302101,APROBADO,100,0.3,MODERADO,R001|R005|R012|R015,4,2,
1020415101,RECHAZADO,13,0.3,MODERADO,R004,1,0,
1020505102,APROBADO,90,0.3,MODERADO,R001|R005|R006,3,0,
1020602101,APROBADO,100,0.3,MODERADO,R001|R005|R012|R015,4,2,
1020702101,REVISION_MANUAL,62,0.3,MODERADO,R012,1,1,
1020810101,RECHAZADO,37,0.3,MODERADO,R004|R005|R012,3,1,
1020902102,RECHAZADO,59,0.3,MODERADO,R001|R010|R012,3,1,
1021007105,RECHAZADO,13,0.3,MODERADO,R009|R010,2,0,
1021105101,RECHAZADO,29,0.3,MODERADO,,0,0,
1021203101,RECHAZADO,53,0.3,MODERADO,R001|R004|R012,3,1,
1021203201,RECHAZADO,55,0.3,MODERADO,R012,1,1,
1021203301,RECHAZADO,29,0.3,MODERADO,R009,1,0,
1021203401,RECHAZADO,11,0.3,MODERADO,R004|R009|R012,3,1,
1021203501,APROBADO,82,0.3,MODERADO,R001|R012,2,1,
1021301102,RECHAZADO,6,0.3,MODERADO,R002,1,0,
1021420102,RECHAZADO,29,0.3,MODERADO,R001|R004|R010,3,0,
1021520102,APROBADO,85,0.3,MODERADO,R001|R005,2,0,
1021612102,RECHAZADO,0,0.3,MODERADO,R002|R009,2,0,
1021704102,RECHAZADO,23,0.3,MODERADO,R004|R005,2,0,
1021812101,RECHAZADO,0,0.3,MODERADO,R002|R006|R010,3,0,
1021903101,RECHAZADO,20,0.3,MODERADO,R002|R005,2,0,
1022004101,REVISION_MANUAL,64,0.3,MODERADO,R005|R012,2,1,
1022102101,RECHAZADO,51,0.3,MODERADO,R012,1,1,
1022201102,APROBADO,100,0.3,MODERADO,R001|R005|R012|R015,4,2,
1022311102,RECHAZADO,40,0.3,MODERADO,,0,0,
1022311201,RECHAZADO,45,0.3,MODERADO,R005,1,0,
1022405101,REVISION_MANUAL,67,0.3,MODERADO,R001|R004|R005|R012,4,1,
1022512101,RECHAZADO,46,0.3,MODERADO,R005,1,0,
1022603101,RECHAZADO,31,0.3,MODERADO,,0,0,
1022705101,REVISION_MANUAL,70,0.3,MODERADO,R005|R012,2,1,
1022801102,RECHAZADO,0,0.3,MODERADO,R002,1,0,
1022901102,RECHAZADO,40,0.3,MODERADO,R002|R005|R015,3,1,
1023001102,RECHAZADO,52,0.3,MODERADO,R012,1,1,
1023104101,REVISION_MANUAL,69,0.3,MODERADO,R001|R004|R005|R012,4,1,
1023204101,RECHAZADO,30,0.3,MODERADO,R004|R005,2,0,
1023305101,RECHAZADO,52,0.3,MODERADO,R012,1,1,
1023410104,RECHAZADO,55,0.3,MODERADO,R001|R010,2,0,
1023520101,RECHAZADO,28,0.3,MODERADO,R004|R005,2,0,
1023604101,APROBADO,100,0.3,MODERADO,R001|R005|R012,3,1,
1023702102,RECHAZADO,53,0.3,MODERADO,R012,1,1,
1023809102,RECHAZADO,58,0.3,MODERADO,R001|R004|R005,3,0,
1023904102,RECHAZADO,57,0.3,MODERADO,R001|R010|R012,3,1,
1024008102,RECHAZADO,17,0.3,MODERADO,R009,1,0,
1024105101,REVISION_MANUAL,63,0.3,MODERADO,R012,1,1,
1024205101,APROBADO,86,0.3,MODERADO,R001|R012,2,1,
1024305102,RECHAZADO,40,0.3,MODERADO,,0,0,
1024416101,RECHAZADO,24,0.3,MODERADO,R002|R005,2,0,
1024501105,RECHAZADO,43,0.3,MODERADO,,0,0,
1024603101,APROBADO,95,0.3,MODERADO,R001|R005|R012,3,1,
1024705101,RECHAZADO,12,0.3,MODERADO,R004|R005|R010,3,0,
1024815102,REVISION_MANUAL,72,0.3,MODERADO,R001|R005,2,0,
1024905101,REVISION_MANUAL,62,0.3,MODERADO,R001|R005|R010,3,0,
1025001101,RECHAZADO,25,0.3,MODERADO,R002,1,0,
1025103101,RECHAZADO,41,0.3,MODERADO,,0,0,
1025204101,RECHAZADO,53,0.3,MODERADO,R005|R012,2,1,
1025301102,RECHAZADO,0,0.3,MODERADO,R002,1,0,
1025403102,RECHAZADO,38,0.3,MODERADO,,0,0,
1025502101,RECHAZADO,31,0.3,MODERADO,,0,0,
1025605101,RECHAZADO,27,0.3,MODERADO,R010,1,0,
1025704101,APROBADO,100,0.3,MODERADO,R001|R005|R012,3,1,
1025801102,RECHAZADO,42,0.3,MODERADO,R012,1,1,
1025913102,RECHAZADO,10,0.3,MODERADO,R004,1,0,
1026001101,APROBADO,80,0.3,MODERADO,R001|R012,2,1,
1026102101,APROBADO,92,0.3,MODERADO,R001|R012,2,1,
1026201101,RECHAZADO,0,0.3,MODERADO,R002|R004,2,0,
1026302101,RECHAZADO,23,0.3,MODERADO,R004|R012,2,1,
1026405102,APROBADO,95,0.3,MODERADO,R001|R005|R012,3,1,
1026503101,RECHAZADO,52,0.3,MODERADO,R001|R004|R012,3,1,
1026603104,RECHAZADO,7,0.3,MODERADO,R004|R009|R012,3,1,
1026701101,RECHAZADO,11,0.3,MODERADO,R004,1,0,
1026804101,APROBADO,100,0.3,MODERADO,R001|R003|R005|R012,4,1,
1026903102,RECHAZADO,11,0.3,MODERADO,R004,1,0,
1027005101,RECHAZADO,27,0.3,MODERADO,R002,1,0,
1027108101,RECHAZADO,28,0.3,MODERADO,R004|R005,2,0,
1027204102,RECHAZADO,15,0.3,MODERADO,R004,1,0,
1027301101,APROBADO,100,0.3,MODERADO,R001|R005|R012|R015,4,2,
1027401102,RECHAZADO,0,0.3,MODERADO,R002|R004|R005,3,0,
1027504102,RECHAZADO,53,0.3,MODERADO,R001|R004|R012,3,1,
1027605101,APROBADO,91,0.3,MODERADO,R001|R005|R012,3,1,
1027703101,APROBADO,83,0.3,MODERADO,R001|R005,2,0,
1027802102,RECHAZADO,2,0.3,MODERADO,R002,1,0,
1027902101,RECHAZADO,13,0.3,MODERADO,R004,1,0,
1028004101,RECHAZADO,41,0.3,MODERADO,,0,0,
1028115101,RECHAZADO,25,0.3,MODERADO,R002|R005,2,0,
1028204102,APROBADO,88,0.3,MODERADO,R001|R012,2,1,
1028301101,APROBADO,90,0.3,MODERADO,R001|R012,2,1,
1028403101,RECHAZADO,28,0.3,MODERADO,R004|R005,2,0,
1028502102,RECHAZADO,41,0.3,MODERADO,R004|R005|R012,3,1,
1028613101,RECHAZADO,25,0.3,MODERADO,,0,0,
1028705104,RECHAZADO,13,0.3,MODERADO,R009,1,0,
1028807101,RECHAZADO,25,0.3,MODERADO,R004|R005,2,0,
1028903102,RECHAZADO,28,0.3,MODERADO,R004|R005,2,0,
1029003102,APROBADO,92,0.3,MODERADO,R001|R012,2,1,
1029104103,RECHAZADO,25,0.3,MODERADO,R009,1,0,
1029202103,RECHAZADO,41,0.3,MODERADO,R010|R012,2,1,
1029301101,APROBADO,85,0.3,MODERADO,R001|R005,2,0,
1029403101,RECHAZADO,59,0.3,MODERADO,R001,1,0,
1029508102,RECHAZADO,13,0.3,MODERADO,R004,1,0,
1029602101,RECHAZADO,27,0.3,MODERADO,R004|R005,2,0,
1029703101,APROBADO,87,0.3,MODERADO,R001|R005|R012,3,1,
1029801102,RECHAZADO,29,0.3,MODERADO,,0,0,
1029918102,RECHAZADO,27,0.3,MODERADO,R004|R005,2,0,
1030001102,RECHAZADO,44,0.3,MODERADO,R005,1,0,
1030101102,RECHAZADO,54,0.3,MODERADO,R012,1,1,
1030212102,REVISION_MANUAL,72,0.3,MODERADO,R003|R005,2,0,
1030305103,RECHAZADO,57,0.3,MODERADO,R001|R009,2,0,
1030418101,RECHAZADO,27,0.3,MODERADO,R004|R005,2,0,
1030501102,RECHAZADO,13,0.3,MODERADO,R004,1,0,
1030606101,RECHAZADO,32,0.3,MODERADO,,0,0,
1030705104,RECHAZADO,8,0.3,MODERADO,R004,1,0,
1030820101,RECHAZADO,57,0.3,MODERADO,R005|R012,2,1,
1030902101,APROBADO,87,0.3,MODERADO,R001|R012,2,1,
1030902201,APROBADO,100,0.3,MODERADO,R001|R005|R012|R015,4,2,
1031011102,RECHAZADO,43,0.3,MODERADO,R012,1,1,
1031106101,RECHAZADO,41,0.3,MODERADO,,0,0,
1031202101,APROBADO,94,0.3,MODERADO,R001|R005|R012,3,1,
1031304102,APROBADO,98,0.3,MODERADO,R001|R005|R012,3,1,
1031402101,APROBADO,85,0.3,MODERADO,R001|R005,2,0,
1031505101,RECHAZADO,26,0.3,MODERADO,R004|R005,2,0,
1031602101,RECHAZADO,33,0.3,MODERADO,,0,0,
1031703101,REVISION_MANUAL,73,0.3,MODERADO,R001,1,0,
1031815101,RECHAZADO,10,0.3,MODERADO,R004,1,0,
1031906102,APROBADO,86,0.3,MODERADO,R001|R005,2,0,
1032004102,REVISION_MANUAL,73,0.3,MODERADO,R001|R005,2,0,
1032105102,APROBADO,83,0.3,MODERADO,R001|R012,2,1,
1032201101,APROBADO,100,0.3,MODERADO,R001|R005|R012,3,1,
1032303101,APROBADO,85,0.3,MODERADO,R005|R012|R015,3,2,
1032419102,RECHAZADO,53,0.3,MODERADO,R001|R004|R012,3,1,
1032503105,RECHAZADO,12,0.3,MODERADO,R004,1,0,
1032603101,REVISION_MANUAL,75,0.3,MODERADO,R005|R012,2,1,
1032717103,RECHAZADO,27,0.3,MODERADO,,0,0,
1032816101,RECHAZADO,44,0.3,MODERADO,R005,1,0,
1032908102,RECHAZADO,31,0.3,MODERADO,R002|R005|R015,3,1,
1033004101,RECHAZADO,0,0.3,MODERADO,R002|R004,2,0,
1033117101,RECHAZADO,45,0.3,MODERADO,R005,1,0,
1033209102,RECHAZADO,0,0.3,MODERADO,R004|R010,2,0,
1033307101,RECHAZADO,42,0.3,MODERADO,R005|R010,2,0,
1033401101,RECHAZADO,20,0.3,MODERADO,R002|R005,2,0,
1033505101,APROBADO,86,0.3,MODERADO,R001|R005,2,0,
1033615101,RECHAZADO,28,0.3,MODERADO,R004|R005,2,0,
1033705102,RECHAZADO,41,0.3,MODERADO,R012,1,1,
1033820102,RECHAZADO,27,0.3,MODERADO,R004|R005,2,0,
1033904101,RECHAZADO,4,0.3,MODERADO,R002,1,0,
1034001103,RECHAZADO,49,0.3,MODERADO,R012,1,1,
1034102101,APROBADO,87,0.3,MODERADO,R001|R012,2,1,
1034219103,APROBADO,83,0.3,MODERADO,R001|R005,2,0,
1034320101,REVISION_MANUAL,64,0.3,MODERADO,R005|R012,2,1,
1034402102,RECHAZADO,41,0.3,MODERADO,R001|R004,2,0,
1034502101,APROBADO,86,0.3,MODERADO,R001|R005,2,0,
1034612101,REVISION_MANUAL,66,0.3,MODERADO,R001|R004|R005|R012,4,1,
1034702102,APROBADO,85,0.3,MODERADO,R001|R012,2,1,
1034812103,REVISION_MANUAL,70,0.3,MODERADO,R001|R006,2,0,
1034905101,APROBADO,100,0.3,MODERADO,R001|R005|R012|R015,4,2,
1035001101,RECHAZADO,54,0.3,MODERADO,R012,1,1,
1035101101,RECHAZADO,14,0.3,MODERADO,R002,1,0,
1035204101,APROBADO,100,0.3,MODERADO,R001|R005|R012,3,1,
1035304103,RECHAZADO,10,0.3,MODERADO,R004|R009|R012,3,1,
1035408101,RECHAZADO,59,0.3,MODERADO,R001,1,0,
1035504103,REVISION_MANUAL,66,0.3,MODERADO,R001|R009|R012,3,1,
1035609101,RECHAZADO,28,0.3,MODERADO,R004|R005,2,0,
1035702102,RECHAZADO,51,0.3,MODERADO,R012,1,1,
1035813102,RECHAZADO,0,0.3,MODERADO,R002|R004|R005,3,0,
1035905102,RECHAZADO,13,0.3,MODERADO,R004,1,0,
1036002101,RECHAZADO,12,0.3,MODERADO,R004,1,0,
1036105102,RECHAZADO,25,0.3,MODERADO,R004|R012,2,1,
1036204102,RECHAZADO,50,0.3,MODERADO,R012,1,1,
1036316102,RECHAZADO,27,0.3,MODERADO,R004|R005,2,0,
1036403101,RECHAZADO,43,0.3,MODERADO,,0,0,
1036505104,RECHAZADO,29,0.3,MODERADO,R001|R004|R010,3,0,
1036604101,APROBADO,100,0.3,MODERADO,R001|R005|R012,3,1,
1036703101,APROBADO,98,0.3,MODERADO,R001|R005|R012,3,1,
1036819102,RECHAZADO,14,0.3,MODERADO,R004|R005|R010,3,0,
1036901102,RECHAZADO,36,0.3,MODERADO,R009|R012,2,1,
1037003106,APROBADO,84,0.3,MODERADO,R001|R012,2,1,
1037101103,RECHAZADO,23,0.3,MODERADO,R004|R012,2,1,
1037205102,RECHAZADO,13,0.3,MODERADO,R004,1,0,
1037301103,RECHAZADO,17,0.3,MODERADO,R010,1,0,
1037405103,RECHAZADO,39,0.3,MODERADO,,0,0,
1037503102,RECHAZADO,41,0.3,MODERADO,,0,0,
1037609103,RECHAZADO,8,0.3,MODERADO,R004|R009|R012,3,1,
1037703102,RECHAZADO,23,0.3,MODERADO,R004|R012,2,1,
1037801101,RECHAZADO,25,0.3,MODERADO,R002|R005,2,0,
1037901101,REVISION_MANUAL,78,0.3,MODERADO,R001|R005,2,0,
1038001102,RECHAZADO,23,0.3,MODERADO,R004|R012,2,1,
1038105101,APROBADO,86,0.3,MODERADO,R001|R005,2,0,
1038209101,RECHAZADO,45,0.3,MODERADO,R005,1,0,
1038305101,APROBADO,100,0.3,MODERADO,R001|R005|R012,3,1,
1038401102,RECHAZADO,11,0.3,MODERADO,R004|R009|R012,3,1,
1038516101,RECHAZADO,11,0.3,MODERADO,R004,1,0,
1038602101,RECHAZADO,13,0.3,MODERADO,R004,1,0,
1038704101,REVISION_MANUAL,71,0.3,MODERADO,R005|R012,2,1,
1038804105,RECHAZADO,51,0.3,MODERADO,R001|R004|R012,3,1,
1038901102,RECHAZADO,53,0.3,MODERADO,R001|R004|R012,3,1,
1039004101,RECHAZADO,54,0.3,MODERADO,R012,1,1,
1039112102,RECHAZADO,45,0.3,MODERADO,R005,1,0,
1039207102,REVISION_MANUAL,67,0.3,MODERADO,R001,1,0,
1039320101,RECHAZADO,25,0.3,MODERADO,R004|R012,2,1,
1039401102,REVISION_MANUAL,68,0.3,MODERADO,R001|R004|R005|R012,4,1,
1039517101,RECHAZADO,29,0.3,MODERADO,,0,0,
1039603102,RECHAZADO,57,0.3,MODERADO,R005|R012,2,1,
1039704102,RECHAZADO,30,0.3,MODERADO,,0,0,
1039802102,RECHAZADO,57,0.3,MODERADO,R001|R004|R006,3,0,
1039906101,RECHAZADO,11,0.3,MODERADO,R004,1,0,
1040002101,REVISION_MANUAL,61,0.3,MODERADO,R001,1,0,
1040120102,RECHAZADO,28,0.3,MODERADO,,0,0,
1040211102,RECHAZADO,3,0.3,MODERADO,R002,1,0,
1040301102,REVISION_MANUAL,68,0.3,MODERADO,R001,1,0,
1040402103,RECHAZADO,57,0.3,MODERADO,R012,1,1,
1040501105,RECHAZADO,43,0.3,MODERADO,R001|R009|R010,3,0,
1040601102,RECHAZADO,9,0.3,MODERADO,R004|R010|R012,3,1,
1040706102,RECHAZADO,25,0.3,MODERADO,R004|R012,2,1,
1040805101,APROBADO,98,0.3,MODERADO,R001|R005|R012,3,1,
1040903102,RECHAZADO,52,0.3,MODERADO,R012,1,1,
1041005101,RECHAZADO,59,0.3,MODERADO,R005|R012,2,1,
1041105101,APROBADO,96,0.3,MODERADO,R001|R005|R015,3,1,
1041220101,RECHAZADO,39,0.3,MODERADO,,0,0,
1041311102,RECHAZADO,40,0.3,MODERADO,,0,0,
1041417101,RECHAZADO,34,0.3,MODERADO,R005|R009,2,0,
1041503101,RECHAZADO,54,0.3,MODERADO,R012,1,1,
1041616102,RECHAZADO,8,0.3,MODERADO,R004|R009|R012,3,1,
1041616202,RECHAZADO,41,0.3,MODERADO,,0,0,
1041705101,RECHAZADO,31,0.3,MODERADO,,0,0,
1041803101,RECHAZADO,42,0.3,MODERADO,R001|R004,2,0,
1041917102,RECHAZADO,43,0.3,MODERADO,R001|R004,2,0,
1042005102,RECHAZADO,41,0.3,MODERADO,R012,1,1,
1042120101,RECHAZADO,11,0.3,MODERADO,R004,1,0,
1042204103,RECHAZADO,40,0.3,MODERADO,,0,0,
1042302102,RECHAZADO,40,0.3,MODERADO,R001|R004,2,0,
1042402102,RECHAZADO,43,0.3,MODERADO,,0,0,
1042504102,RECHAZADO,0,0.3,MODERADO,R002|R010,2,0,
1042605103,RECHAZADO,59,0.3,MODERADO,R001,1,0,
1042713102,RECHAZADO,37,0.3,MODERADO,,0,0,
1042803101,APROBADO,86,0.3,MODERADO,R001|R005,2,0,
1042903102,RECHAZADO,25,0.3,MODERADO,R004|R012,2,1,
1043004102,RECHAZADO,52,0.3,MODERADO,R012,1,1,
1043104105,RECHAZADO,29,0.3,MODERADO,R010|R012,2,1,
1043201101,RECHAZADO,44,0.3,MODERADO,R001|R004|R005|R010,4,0,
1043303101,RECHAZADO,55,0.3,MODERADO,R012,1,1,
1043402102,REVISION_MANUAL,79,0.3,MODERADO,R001|R012,2,1,
1043503101,RECHAZADO,58,0.3,MODERADO,R012,1,1,
1043602101,APROBADO,100,0.3,MODERADO,R001|R005|R012,3,1,
1043703103,RECHAZADO,46,0.3,MODERADO,R005|R010|R012,3,1,
1043810101,RECHAZADO,5,0.3,MODERADO,R002,1,0,
1043904102,RECHAZADO,9,0.3,MODERADO,R004|R010|R012,3,1,
1044013102,REVISION_MANUAL,71,0.3,MODERADO,R001,1,0,
1044104101,RECHAZADO,38,0.3,MODERADO,R004|R005|R012,3,1,
1044203101,RECHAZADO,43,0.3,MODERADO,,0,0,
1044311102,RECHAZADO,28,0.3,MODERADO,,0,0,
1044402102,RECHAZADO,39,0.3,MODERADO,,0,0,
1044505101,APROBADO,80,0.3,MODERADO,R001|R012,2,1,
1044605101,RECHAZADO,54,0.3,MODERADO,R012,1,1,
1044715101,APROBADO,100,0.3,MODERADO,R001|R005|R012,3,1,
1044802101,RECHAZADO,43,0.3,MODERADO,,0,0,
1044901102,RECHAZADO,54,0.3,MODERADO,R012,1,1,
1044901202,RECHAZADO,11,0.3,MODERADO,R004,1,0,
1045012101,RECHAZADO,45,0.3,MODERADO,R005,1,0,
1045103102,RECHAZADO,29,0.3,MODERADO,,0,0,
1045205102,RECHAZADO,38,0.3,MODERADO,,0,0,
1045303101,RECHAZADO,28,0.3,MODERADO,R004|R005,2,0,
1045405101,RECHAZADO,23,0.3,MODERADO,R004|R012,2,1,
1045502104,RECHAZADO,8,0.3,MODERADO,R002,1,0,
1045617101,REVISION_MANUAL,65,0.3,MODERADO,R005|R012,2,1,
1045617201,APROBADO,100,0.3,MODERADO,R001|R005|R012,3,1,
1045703101,RECHAZADO,54,0.3,MODERADO,R012,1,1,
1045805101,RECHAZADO,13,0.3,MODERADO,R002|R005,2,0,
1045902102,RECHAZADO,15,0.3,MODERADO,R004,1,0,
1046005101,RECHAZADO,46,0.3,MODERADO,R004|R005|R012,3,1,
1046105103,RECHAZADO,22,0.3,MODERADO,R002|R005,2,0,
1046204102,REVISION_MANUAL,78,0.3,MODERADO,R005|R012,2,1,
1046313102,RECHAZADO,13,0.3,MODERADO,R004,1,0,
1046403102,RECHAZADO,31,0.3,MODERADO,,0,0,
1046503101,RECHAZADO,36,0.3,MODERADO,R002|R005|R015,3,1,
1046601102,RECHAZADO,40,0.3,MODERADO,,0,0,
1046718101,RECHAZADO,29,0.3,MODERADO,,0,0,
1046801102,RECHAZADO,34,0.3,MODERADO,R002|R005,2,0,
1046902101,APROBADO,100,0.3,MODERADO,R001|R003|R006|R012,4,1,
1047017101,RECHAZADO,0,0.3,MODERADO,R002|R004|R010,3,0,
1047104101,REVISION_MANUAL,61,0.3,MODERADO,R005|R012,2,1,
1047204101,RECHAZADO,42,0.3,MODERADO,R005,1,0,
1047301103,RECHAZADO,12,0.3,MODERADO,R004,1,0,
1047403101,RECHAZADO,41,0.3,MODERADO,,0,0,
1047501102,RECHAZADO,28,0.3,MODERADO,R004|R005,2,0,
1047617101,RECHAZADO,45,0.3,MODERADO,R005,1,0,
1047719102,RECHAZADO,22,0.3,MODERADO,R004|R012,2,1,
1047801102,APROBADO,84,0.3,MODERADO,R001|R012,2,1,
1047902103,RECHAZADO,13,0.3,MODERADO,R004,1,0,
1048005102,APROBADO,87,0.3,MODERADO,R001|R005,2,0,
1048116105,RECHAZADO,32,0.3,MODERADO,,0,0,
1048201101,RECHAZADO,55,0.3,MODERADO,R005,1,0,
1048304101,APROBADO,100,0.3,MODERADO,R001|R005|R012,3,1,
1048403103,RECHAZADO,27,0.3,MODERADO,R009,1,0,
1048504102,RECHAZADO,37,0.3,MODERADO,R004|R005|R012,3,1,
1048604101,RECHAZADO,52,0.3,MODERADO,R005,1,0,
1048709101,APROBADO,85,0.3,MODERADO,R003|R005|R012,3,1,
1048801101,REVISION_MANUAL,63,0.3,MODERADO,R005|R012,2,1,
1048912103,RECHAZADO,11,0.3,MODERADO,R004|R009|R012,3,1,
1049015101,RECHAZADO,38,0.3,MODERADO,,0,0,
1049104102,RECHAZADO,0,0.3,MODERADO,R002|R004|R005,3,0,
1049203102,REVISION_MANUAL,62,0.3,MODERADO,R001,1,0,
1049304101,APROBADO,100,0.3,MODERADO,R001|R005|R012,3,1,
1049401101,REVISION_MANUAL,75,0.3,MODERADO,R001|R012,2,1,
1049504102,REVISION_MANUAL,61,0.3,MODERADO,R001,1,0,
1049601101,RECHAZADO,27,0.3,MODERADO,R002|R005,2,0,
1049703104,RECHAZADO,8,0.3,MODERADO,R004|R009|R012,3,1,
1049801101,RECHAZADO,53,0.3,MODERADO,R012,1,1,
1049909105,RECHAZADO,10,0.3,MODERADO,R004,1,0,
1050003101,RECHAZADO,22,0.3,MODERADO,R002|R005,2,0,
1050105103,RECHAZADO,17,0.3,MODERADO,R010,1,0,
1050202101,REVISION_MANUAL,70,0.3,MODERADO,R001|R004|R005|R012,4,1,
1050301102,APROBADO,84,0.3,MODERADO,R001|R012,2,1,
1050403103,REVISION_MANUAL,71,0.3,MODERADO,R001,1,0,
1050514101,RECHAZADO,25,0.3,MODERADO,R004|R005,2,0,
1050605102,RECHAZADO,31,0.3,MODERADO,,0,0,
1050705102,RECHAZADO,24,0.3,MODERADO,R009,1,0,
1050815101,RECHAZADO,13,0.3,MODERADO,R004,1,0,
1050905103,REVISION_MANUAL,69,0.3,MODERADO,R001|R009|R012,3,1,
1051002101,REVISION_MANUAL,68,0.3,MODERADO,R001,1,0,
1051117102,RECHAZADO,51,0.3,MODERADO,R012,1,1,
1051201101,REVISION_MANUAL,72,0.3,MODERADO,R005|R012,2,1,
1051304101,APROBADO,84,0.3,MODERADO,R001|R012,2,1,
1051408101,RECHAZADO,26,0.3,MODERADO,R004|R005,2,0,
1051505102,RECHAZADO,54,0.3,MODERADO,R005,1,0,
1051603101,RECHAZADO,56,0.3,MODERADO,R005,1,0,
1051705102,RECHAZADO,38,0.3,MODERADO,R004|R005|R012,3,1,
1051802102,REVISION_MANUAL,77,0.3,MODERADO,R005|R012|R015,3,2,
1051906102,RECHAZADO,13,0.3,MODERADO,R004,1,0,
1052001102,RECHAZADO,15,0.3,MODERADO,R004,1,0,
1052110102,RECHAZADO,0,0.3,MODERADO,R004|R010,2,0,
1052204102,RECHAZADO,54,0.3,MODERADO,R005|R010|R012,3,1,
1052303101,RECHAZADO,56,0.3,MODERADO,R001|R004|R005|R006|R010,5,0,
1052403101,APROBADO,100,0.3,MODERADO,R001|R005|R012,3,1,
1052503101,REVISION_MANUAL,65,0.3,MODERADO,R005|R015,2,1,
1052605103,APROBADO,90,0.3,MODERADO,R001|R012,2,1,
1052705101,RECHAZADO,55,0.3,MODERADO,R005,1,0,
1052813102,REVISION_MANUAL,77,0.3,MODERADO,R001|R005,2,0,
1052903101,REVISION_MANUAL,75,0.3,MODERADO,R001|R005,2,0,
1053004101,APROBADO,100,0.3,MODERADO,R001|R005|R012,3,1,
1053104101,RECHAZADO,15,0.3,MODERADO,R004,1,0,
1053201101,REVISION_MANUAL,71,0.3,MODERADO,R001,1,0,
1053303102,RECHAZADO,0,0.3,MODERADO,R002|R004|R005,3,0,
1053402102,RECHAZADO,38,0.3,MODERADO,,0,0,
1053502101,RECHAZADO,41,0.3,MODERADO,,0,0,
1053602101,REVISION_MANUAL,62,0.3,MODERADO,R005|R012,2,1,
1053701102,RECHAZADO,28,0.3,MODERADO,R001|R004|R009,3,0,
1053808101,RECHAZADO,41,0.3,MODERADO,R004|R005|R012,3,1,
1053901103,RECHAZADO,7,0.3,MODERADO,R002,1,0,
1054001101,RECHAZADO,10,0.3,MODERADO,R004,1,0,
1054102102,RECHAZADO,22,0.3,MODERADO,R004|R012,2,1,
1054204101,RECHAZADO,38,0.3,MODERADO,R004|R005|R012,3,1,
1054304101,RECHAZADO,40,0.3,MODERADO,,0,0,
1054418101,APROBADO,98,0.3,MODERADO,R001|R005|R012,3,1,
1054504101,RECHAZADO,7,0.3,MODERADO,R002,1,0,
1054601103,APROBADO,100,0.3,MODERADO,R001|R005|R006|R012,4,1,
1054702101,RECHAZADO,32,0.3,MODERADO,,0,0,
1054805102,RECHAZADO,23,0.3,MODERADO,R004|R012,2,1,
1054902102,RECHAZADO,22,0.3,MODERADO,R004|R012,2,1,
1055001103,REVISION_MANUAL,77,0.3,MODERADO,R005|R012|R015,3,2,
1055102101,APROBADO,100,0.3,MODERADO,R001|R005|R012,3,1,
1055203101,REVISION_MANUAL,76,0.3,MODERADO,R005|R012,2,1,
1055304101,APROBADO,85,0.3,MODERADO,R001|R012,2,1,
1055401101,RECHAZADO,12,0.3,MODERADO,R004,1,0,
1055507101,APROBADO,89,0.3,MODERADO,R001|R005|R006,3,0,
1055610103,RECHAZADO,36,0.3,MODERADO,,0,0,
1055709102,RECHAZADO,11,0.3,MODERADO,R004,1,0,
1055803101,REVISION_MANUAL,71,0.3,MODERADO,R001,1,0,
1055903101,RECHAZADO,10,0.3,MODERADO,R002,1,0,
1056009101,RECHAZADO,43,0.3,MODERADO,,0,0,
1056113103,RECHAZADO,16,0.3,MODERADO,R009|R010|R012,3,1,
1056204101,APROBADO,96,0.3,MODERADO,R001|R005|R015,3,1,
1056304103,RECHAZADO,27,0.3,MODERADO,,0,0,
1056420102,RECHAZADO,36,0.3,MODERADO,R004|R005|R012,3,1,
1056510101,RECHAZADO,40,0.3,MODERADO,R004|R005|R012,3,1,
1056510201,RECHAZADO,6,0.3,MODERADO,R002,1,0,
1056601102,RECHAZADO,57,0.3,MODERADO,R001|R010,2,0,
1056702101,RECHAZADO,0,0.3,MODERADO,R002,1,0,
1056804102,RECHAZADO,53,0.3,MODERADO,R005,1,0,
1056901101,RECHAZADO,27,0.3,MODERADO,R004|R005,2,0,
1057002101,RECHAZADO,40,0.3,MODERADO,,0,0,
1057119102,RECHAZADO,31,0.3,MODERADO,,0,0,
1057201102,RECHAZADO,41,0.3,MODERADO,,0,0,
1057303101,RECHAZADO,53,0.3,MODERADO,R012,1,1,
1057401101,REVISION_MANUAL,69,0.3,MODERADO,R001,1,0,
1057503102,RECHAZADO,55,0.3,MODERADO,R001|R004|R005,3,0,
1057605101,APROBADO,100,0.3,MODERADO,R001|R005|R012,3,1,
1057705101,APROBADO,96,0.3,MODERADO,R001|R005|R015,3,1,
1057804102,RECHAZADO,13,0.3,MODERADO,R004,1,0,
1057902102,RECHAZADO,53,0.3,MODERADO,R012,1,1,
1058005102,RECHAZADO,21,0.3,MODERADO,R002|R005,2,0,
1058101101,RECHAZADO,9,0.3,MODERADO,R002|R005,2,0,
1058216101,RECHAZADO,28,0.3,MODERADO,,0,0,
1058314104,RECHAZADO,25,0.3,MODERADO,R009,1,0,
1058403102,RECHAZADO,0,0.3,MODERADO,R002|R004,2,0,
1058403202,RECHAZADO,15,0.3,MODERADO,R004,1,0,
1058519103,RECHAZADO,42,0.3,MODERADO,R012,1,1,
1058601101,RECHAZADO,5,0.3,MODERADO,R002,1,0,
1058714101,RECHAZADO,43,0.3,MODERADO,R012,1,1,
1058803101,APROBADO,85,0.3,MODERADO,R001|R012,2,1,
1058913102,RECHAZADO,53,0.3,MODERADO,R012,1,1,
1059001101,APROBADO,100,0.3,MODERADO,R001|R005|R012|R015,4,2,
1059101101,RECHAZADO,58,0.3,MODERADO,R001|R004|R005,3,0,
1059205101,APROBADO,100,0.3,MODERADO,R001|R005|R012|R015,4,2,
1059318101,RECHAZADO,54,0.3,MODERADO,R005,1,0,
1059402101,RECHAZADO,46,0.3,MODERADO,R005,1,0,
1059518102,RECHAZADO,38,0.3,MODERADO,,0,0,
1059604102,REVISION_MANUAL,69,0.3,MODERADO,R001,1,0,
1059705101,RECHAZADO,43,0.3,MODERADO,R001|R004,2,0,
1059804104,RECHAZADO,28,0.3,MODERADO,,0,0,
1059920101,RECHAZADO,51,0.3,MODERADO,R001|R004|R012,3,1,
1060003103,RECHAZADO,38,0.3,MODERADO,,0,0,
1060104102,APROBADO,99,0.3,MODERADO,R001|R005|R012,3,1,
1060204101,RECHAZADO,28,0.3,MODERADO,,0,0,
1060315101,RECHAZADO,13,0.3,MODERADO,R004,1,0,
1060403101,RECHAZADO,11,0.3,MODERADO,R004,1,0,
1060502101,RECHAZADO,28,0.3,MODERADO,R004|R005,2,0,
1060602102,RECHAZADO,36,0.3,MODERADO,,0,0,
1060703101,REVISION_MANUAL,76,0.3,MODERADO,R001|R005|R009|R012,4,1,
1060804101,RECHAZADO,23,0.3,MODERADO,R004|R012,2,1,
1060920101,RECHAZADO,29,0.3,MODERADO,,0,0,
1061005102,APROBADO,100,0.3,MODERADO,R001|R005|R012,3,1,
1061111101,REVISION_MANUAL,75,0.3,MODERADO,R001|R005,2,0,
1061205102,RECHAZADO,46,0.3,MODERADO,R012,1,1,
1061319102,RECHAZADO,45,0.3,MODERADO,R005,1,0,
1061401101,RECHAZADO,43,0.3,MODERADO,R012,1,1,
1061517104,RECHAZADO,43,0.3,MODERADO,R001|R004|R009|R012,4,1,
1061609102,RECHAZADO,56,0.3,MODERADO,R005|R012,2,1,
1061701101,REVISION_MANUAL,69,0.3,MODERADO,R001|R004|R005|R006,4,0,
1061815101,RECHAZADO,52,0.3,MODERADO,R012,1,1,
1061918106,RECHAZADO,17,0.3,MODERADO,R010,1,0,
1062003104,RECHAZADO,38,0.3,MODERADO,,0,0,
1062105101,RECHAZADO,59,0.3,MODERADO,R005|R012,2,1,
1062205101,RECHAZADO,22,0.3,MODERADO,R004|R012,2,1,
1062302101,RECHAZADO,13,0.3,MODERADO,R004,1,0,
1062405101,RECHAZADO,31,0.3,MODERADO,,0,0,
1062504101,APROBADO,95,0.3,MODERADO,R001|R012,2,1,
1062603104,APROBADO,87,0.3,MODERADO,R001|R012,2,1,
1062719101,RECHAZADO,53,0.3,MODERADO,R005,1,0,
1062803101,RECHAZADO,26,0.3,MODERADO,R004|R005,2,0,
1062905101,APROBADO,99,0.3,MODERADO,R001|R005|R012,3,1,
1063001102,RECHAZADO,29,0.3,MODERADO,R002|R005|R015,3,1,
1063101101,RECHAZADO,56,0.3,MODERADO,R005,1,0,
1063101201,RECHAZADO,29,0.3,MODERADO,,0,0,
1063101302,RECHAZADO,1,0.3,MODERADO,R004|R009,2,0,
1063209102,RECHAZADO,17,0.3,MODERADO,R010,1,0,
1063302101,APROBADO,100,0.3,MODERADO,R001|R005|R012|R015,4,2,
1063401103,RECHAZADO,11,0.3,MODERADO,R004,1,0,
1063502101,RECHAZADO,25,0.3,MODERADO,R002|R005,2,0,
1063604102,RECHAZADO,53,0.3,MODERADO,R012,1,1,
1063705102,RECHAZADO,13,0.3,MODERADO,R004,1,0,
1063815101,RECHAZADO,44,0.3,MODERADO,R005,1,0,
1063908101,RECHAZADO,11,0.3,MODERADO,R004,1,0,
1064005101,RECHAZADO,56,0.3,MODERADO,R012,1,1,
1064101103,APROBADO,97,0.3,MODERADO,R001|R005|R012,3,1,
1064203102,RECHAZADO,30,0.3,MODERADO,,0,0,
1064319104,RECHAZADO,25,0.3,MODERADO,R004|R012,2,1,
1064401101,RECHAZADO,43,0.3,MODERADO,R001|R004,2,0,
1064517102,APROBADO,100,0.3,MODERADO,R001|R005|R006|R012,4,1,
1064604101,RECHAZADO,29,0.3,MODERADO,R004|R012,2,1,
1064701102,RECHAZADO,36,0.3,MODERADO,,0,0,
1064802102,APROBADO,83,0.3,MODERADO,R001|R005|R009|R012,4,1,
1064905103,RECHAZADO,41,0.3,MODERADO,,0,0,
1065002102,REVISION_MANUAL,69,0.3,MODERADO,R001,1,0,
1065105101,REVISION_MANUAL,77,0.3,MODERADO,R001|R005,2,0,
1065201101,RECHAZADO,24,0.3,MODERADO,R004|R012,2,1,
1065305101,REVISION_MANUAL,60,0.3,MODERADO,R001,1,0,
1065403101,REVISION_MANUAL,74,0.3,MODERADO,R005|R012,2,1,
1065503101,APROBADO,100,0.3,MODERADO,R001|R005|R012,3,1,
1065604101,APROBADO,100,0.3,MODERADO,R001|R005|R012,3,1,
1065703101,RECHAZADO,37,0.3,MODERADO,,0,0,
1065801101,RECHAZADO,40,0.3,MODERADO,,0,0,
1065901101,RECHAZADO,39,0.3,MODERADO,R012,1,1,
1066002103,RECHAZADO,13,0.3,MODERADO,R004|R009|R012,3,1,
1066104102,RECHAZADO,39,0.3,MODERADO,R004|R005|R012,3,1,
1066213101,RECHAZADO,40,0.3,MODERADO,,0,0,
1066304101,APROBADO,94,0.3,MODERADO,R001|R005|R012,3,1,
1066406101,RECHAZADO,30,0.3,MODERADO,,0,0,
1066501104,RECHAZADO,3,0.3,MODERADO,R002,1,0,
1066605104,RECHAZADO,15,0.3,MODERADO,R010,1,0,
1066703101,RECHAZADO,55,0.3,MODERADO,R012,1,1,
1066805101,RECHAZADO,52,0.3,MODERADO,R012,1,1,
1066902105,REVISION_MANUAL,79,0.3,MODERADO,R001|R012,2,1,
1067007101,RECHAZADO,40,0.3,MODERADO,R001|R004,2,0,
1067101101,APROBADO,100,0.3,MODERADO,R001|R005|R012|R015,4,2,
1067202101,RECHAZADO,21,0.3,MODERADO,R004|R012,2,1,
1067303101,APROBADO,100,0.3,MODERADO,R001|R005|R012|R015,4,2,
1067401102,RECHAZADO,22,0.3,MODERADO,R004|R012,2,1,
1067505101,REVISION_MANUAL,66,0.3,MODERADO,R005|R012,2,1,
1067601101,APROBADO,87,0.3,MODERADO,R001|R012,2,1,
1067701102,RECHAZADO,57,0.3,MODERADO,R001|R010,2,0,
1067801101,REVISION_MANUAL,64,0.3,MODERADO,R003,1,0,
1067901101,RECHAZADO,43,0.3,MODERADO,R001|R004,2,0,
1068002102,RECHAZADO,27,0.3,MODERADO,R004|R005|R010|R012,4,1,
1068101101,RECHAZADO,27,0.3,MODERADO,R004|R005,2,0,
1068204101,RECHAZADO,13,0.3,MODERADO,R002|R005,2,0,
1068301101,REVISION_MANUAL,64,0.3,MODERADO,R005|R015,2,1,
1068402102,RECHAZADO,10,0.3,MODERADO,R004,1,0,
1068515101,RECHAZADO,23,0.3,MODERADO,R004|R005,2,0,
1068601103,RECHAZADO,52,0.3,MODERADO,R012,1,1,
1068702101,RECHAZADO,47,0.3,MODERADO,R005,1,0,
1068804101,REVISION_MANUAL,72,0.3,MODERADO,R001|R005|R010|R012,4,1,
1068902101,RECHAZADO,0,0.3,MODERADO,R002,1,0,
1069004102,RECHAZADO,10,0.3,MODERADO,R004,1,0,
1069102101,RECHAZADO,22,0.3,MODERADO,R002|R005,2,0,
1069204101,RECHAZADO,26,0.3,MODERADO,R004|R012,2,1,
1069305102,RECHAZADO,56,0.3,MODERADO,R001|R004|R005,3,0,
1069403102,APROBADO,100,0.3,MODERADO,R001|R003|R005|R012|R015,5,2,
1069501105,RECHAZADO,52,0.3,MODERADO,R001|R004|R012,3,1,
1069601101,RECHAZADO,42,0.3,MODERADO,R005,1,0,
1069717102,RECHAZADO,57,0.3,MODERADO,R001|R004|R005,3,0,
1069801102,REVISION_MANUAL,63,0.3,MODERADO,R001,1,0,
1069902101,RECHAZADO,13,0.3,MODERADO,R004,1,0,
1070002101,APROBADO,100,0.3,MODERADO,R001|R005|R012|R015,4,2,
1070113101,REVISION_MANUAL,69,0.3,MODERADO,R001,1,0,
1070220102,RECHAZADO,59,0.3,MODERADO,R001|R006|R010,3,0,
1070308101,REVISION_MANUAL,69,0.3,MODERADO,R001|R006|R010,3,0,
1070404101,RECHAZADO,28,0.3,MODERADO,R004|R005,2,0,
1070501102,REVISION_MANUAL,68,0.3,MODERADO,R001|R004|R005|R012,4,1,
1070602103,RECHAZADO,7,0.3,MODERADO,R004|R009|R012,3,1,
1070705101,APROBADO,81,0.3,MODERADO,R001|R012,2,1,
1070804102,RECHAZADO,39,0.3,MODERADO,R009|R012,2,1,
1070912101,RECHAZADO,27,0.3,MODERADO,,0,0,
1071002102,RECHAZADO,50,0.3,MODERADO,R012,1,1,
1071103101,RECHAZADO,38,0.3,MODERADO,R004|R005|R012,3,1,
1071218102,RECHAZADO,51,0.3,MODERADO,R012,1,1,
1071303101,RECHAZADO,24,0.3,MODERADO,R004|R012,2,1,
1071403101,RECHAZADO,56,0.3,MODERADO,R005|R012,2,1,
1071505102,RECHAZADO,22,0.3,MODERADO,R004|R012,2,1,
1071601102,REVISION_MANUAL,68,0.3,MODERADO,R001|R004|R005|R012,4,1,
1071720102,APROBADO,84,0.3,MODERADO,R001|R012,2,1,
1071803101,RECHAZADO,18,0.3,MODERADO,R002|R005,2,0,
1071911101,RECHAZADO,15,0.3,MODERADO,R004,1,0,
1072003102,RECHAZADO,27,0.3,MODERADO,,0,0,
1072101101,RECHAZADO,43,0.3,MODERADO,,0,0,
1072202101,REVISION_MANUAL,76,0.3,MODERADO,R001|R005|R010|R012,4,1,
1072320101,RECHAZADO,29,0.3,MODERADO,,0,0,
1072401103,RECHAZADO,50,0.3,MODERADO,R012,1,1,
1072501104,RECHAZADO,27,0.3,MODERADO,,0,0,
1072604102,RECHAZADO,54,0.3,MODERADO,R012,1,1,
1072714103,RECHAZADO,13,0.3,MODERADO,R009|R010,2,0,
1072801101,APROBADO,100,0.3,MODERADO,R001|R005|R012|R015,4,2,
1072902102,APROBADO,96,0.3,MODERADO,R001|R005|R015,3,1,
1073007102,RECHAZADO,26,0.3,MODERADO,R004|R005,2,0,
1073007201,RECHAZADO,40,0.3,MODERADO,,0,0,
1073114102,APROBADO,95,0.3,MODERADO,R001|R005|R006,3,0,
1073201101,RECHAZADO,37,0.3,MODERADO,R004|R005|R012,3,1,
1073304101,RECHAZADO,40,0.3,MODERADO,,0,0,
1073403102,APROBADO,99,0.3,MODERADO,R001|R012,2,1,
1073507101,RECHAZADO,28,0.3,MODERADO,R004|R005,2,0,
1073605101,RECHAZADO,58,0.3,MODERADO,R005|R012,2,1,
1073703102,RECHAZADO,28,0.3,MODERADO,R004|R005,2,0,
1073801102,APROBADO,100,0.3,MODERADO,R001|R005|R012|R015,4,2,
1073915102,RECHAZADO,46,0.3,MODERADO,R005,1,0,
1074009101,APROBADO,95,0.3,MODERADO,R001|R005|R012,3,1,
1074101101,RECHAZADO,53,0.3,MODERADO,R012,1,1,
1074202101,RECHAZADO,28,0.3,MODERADO,R004|R005,2,0,
1074302101,APROBADO,94,0.3,MODERADO,R001|R006|R012,3,1,
1074404101,RECHAZADO,11,0.3,MODERADO,R004,1,0,
1074503102,RECHAZADO,45,0.3,MODERADO,R005,1,0,
1074618101,APROBADO,96,0.3,MODERADO,R001|R005|R012,3,1,
1074714104,RECHAZADO,59,0.3,MODERADO,R012,1,1,
1074803101,APROBADO,100,0.3,MODERADO,R001|R005|R012|R015,4,2,
1074903101,RECHAZADO,43,0.3,MODERADO,R005,1,0,
1075005101,RECHAZADO,12,0.3,MODERADO,R004,1,0,
1075105102,RECHAZADO,3,0.3,MODERADO,R002,1,0,
1075203102,RECHAZADO,41,0.3,MODERADO,,0,0,
1075316103,APROBADO,80,0.3,MODERADO,R001|R012,2,1,
1075412102,APROBADO,87,0.3,MODERADO,R001|R012,2,1,
1075501102,RECHAZADO,31,0.3,MODERADO,,0,0,
1075617101,RECHAZADO,38,0.3,MODERADO,,0,0,
1075703103,REVISION_MANUAL,72,0.3,MODERADO,R001,1,0,
1075801102,RECHAZADO,23,0.3,MODERADO,R002|R005|R006,3,0,
1075904102,RECHAZADO,12,0.3,MODERADO,R002,1,0,
1076009102,RECHAZADO,13,0.3,MODERADO,R004,1,0,
1076104101,RECHAZADO,56,0.3,MODERADO,R001|R004|R005,3,0,
1076202101,RECHAZADO,33,0.3,MODERADO,,0,0,
1076301101,RECHAZADO,54,0.3,MODERADO,R012,1,1,
1076403105,RECHAZADO,22,0.3,MODERADO,R004|R012,2,1,
1076518101,RECHAZADO,55,0.3,MODERADO,R005,1,0,
1076604103,RECHAZADO,29,0.3,MODERADO,R001|R004|R010,3,0,
1076703104,RECHAZADO,19,0.3,MODERADO,R002|R005,2,0,
1076801101,REVISION_MANUAL,69,0.3,MODERADO,R005|R012,2,1,
1076905102,RECHAZADO,30,0.3,MODERADO,,0,0,
1077001103,RECHAZADO,25,0.3,MODERADO,R004|R012,2,1,
1077101103,RECHAZADO,49,0.3,MODERADO,R012,1,1,
1077208101,REVISION_MANUAL,70,0.3,MODERADO,R005|R012,2,1,
1077304102,RECHAZADO,42,0.3,MODERADO,,0,0,
1077403101,RECHAZADO,41,0.3,MODERADO,R004|R005|R012,3,1,
1077508104,RECHAZADO,37,0.3,MODERADO,,0,0,
1077508201,RECHAZADO,18,0.3,MODERADO,R002|R006,2,0,
1077605102,REVISION_MANUAL,71,0.3,MODERADO,R001,1,0,
1077705101,REVISION_MANUAL,66,0.3,MODERADO,R005|R015,2,1,
1077808102,RECHAZADO,25,0.3,MODERADO,R004|R012,2,1,
1077903102,APROBADO,100,0.3,MODERADO,R001|R005|R012,3,1,
1078008101,RECHAZADO,52,0.3,MODERADO,R001|R004|R012,3,1,
1078104102,APROBADO,87,0.3,MODERADO,R001|R012,2,1,
1078204101,RECHAZADO,29,0.3,MODERADO,R001|R004|R010,3,0,
1078312102,RECHAZADO,52,0.3,MODERADO,R012,1,1,
1078402101,APROBADO,98,0.3,MODERADO,R001|R012,2,1,
1078502101,APROBADO,100,0.3,MODERADO,R001|R005|R012,3,1,
1078604102,RECHAZADO,21,0.3,MODERADO,R002|R005,2,0,
1078718102,RECHAZADO,0,0.3,MODERADO,R002|R004|R009,3,0,
1078815102,RECHAZADO,27,0.3,MODERADO,R004|R005,2,0,
1078904101,RECHAZADO,32,0.3,MODERADO,,0,0,
1079004101,RECHAZADO,8,0.3,MODERADO,R002|R005,2,0,
1079103102,APROBADO,82,0.3,MODERADO,R001|R012,2,1,
1079219103,RECHAZADO,55,0.3,MODERADO,R012,1,1,
1079302101,RECHAZADO,59,0.3,MODERADO,R012,1,1,
1079405101,RECHAZADO,24,0.3,MODERADO,R002|R005,2,0,
1079510104,RECHAZADO,0,0.3,MODERADO,R002,1,0,
1079601101,RECHAZADO,37,0.3,MODERADO,R004|R005|R012,3,1,
1079712101,RECHAZADO,12,0.3,MODERADO,R004|R005|R010,3,0,
1079803102,RECHAZADO,39,0.3,MODERADO,,0,0,
1079902101,REVISION_MANUAL,71,0.3,MODERADO,R001|R004|R005|R012,4,1,
1080001103,RECHAZADO,51,0.3,MODERADO,R012,1,1,
1080101103,RECHAZADO,7,0.3,MODERADO,R004|R009|R012,3,1,
1080204102,RECHAZADO,48,0.3,MODERADO,R012,1,1,
1080303101,REVISION_MANUAL,68,0.3,MODERADO,R005|R012,2,1,
1080416101,RECHAZADO,40,0.3,MODERADO,,0,0,
1080504101,RECHAZADO,37,0.3,MODERADO,R004|R005|R012,3,1,
1080601101,RECHAZADO,25,0.3,MODERADO,,0,0,
1080701103,RECHAZADO,25,0.3,MODERADO,R010,1,0,
1080804101,RECHAZADO,2,0.3,MODERADO,R002|R004|R005|R006,4,0,
1080901102,RECHAZADO,23,0.3,MODERADO,R004|R012,2,1,
1081005101,APROBADO,84,0.3,MODERADO,R001|R005,2,0,
1081103101,RECHAZADO,54,0.3,MODERADO,R012,1,1,
1081201101,RECHAZADO,42,0.3,MODERADO,R005|R010,2,0,
1081305101,RECHAZADO,57,0.3,MODERADO,R001|R004|R005,3,0,
1081402101,RECHAZADO,32,0.3,MODERADO,R002|R005,2,0,
1081512103,RECHAZADO,27,0.3,MODERADO,R009|R012,2,1,
1081602104,RECHAZADO,40,0.3,MODERADO,,0,0,
1081704103,RECHAZADO,23,0.3,MODERADO,R002|R005,2,0,
1081808101,APROBADO,86,0.3,MODERADO,R001|R005,2,0,
1081914104,RECHAZADO,10,0.3,MODERADO,R004,1,0,
1082001101,APROBADO,100,0.3,MODERADO,R001|R012,2,1,
1082105102,RECHAZADO,11,0.3,MODERADO,R004,1,0,
1082215103,RECHAZADO,10,0.3,MODERADO,R004|R009|R012,3,1,
1082304103,RECHAZADO,38,0.3,MODERADO,,0,0,
1082410103,RECHAZADO,13,0.3,MODERADO,R009|R010,2,0,
1082502101,RECHAZADO,42,0.3,MODERADO,R005,1,0,
1082604103,APROBADO,80,0.3,MODERADO,R001|R012,2,1,
1082710102,RECHAZADO,12,0.3,MODERADO,R004,1,0,
1082803101,APROBADO,100,0.3,MODERADO,R001|R005|R012|R015,4,2,
1082908103,RECHAZADO,0,0.3,MODERADO,R002,1,0,
1083003103,RECHAZADO,38,0.3,MODERADO,R001|R004|R009|R012,4,1,
1083103102,RECHAZADO,14,0.3,MODERADO,R004|R005|R010,3,0,
1083205102,APROBADO,81,0.3,MODERADO,R001|R012,2,1,
1083302103,RECHAZADO,10,0.3,MODERADO,R004,1,0,
1083401103,RECHAZADO,39,0.3,MODERADO,,0,0,
1083505103,RECHAZADO,40,0.3,MODERADO,R001|R004,2,0,
1083607102,RECHAZADO,54,0.3,MODERADO,R012,1,1,
1083701101,APROBADO,91,0.3,MODERADO,R001|R012,2,1,
1083804101,RECHAZADO,0,0.3,MODERADO,R002,1,0,
1083903102,RECHAZADO,45,0.3,MODERADO,R001|R004,2,0,
1084001101,RECHAZADO,10,0.3,MODERADO,R002|R005,2,0,
1084116101,RECHAZADO,51,0.3,MODERADO,R012,1,1,
1084212106,RECHAZADO,17,0.3,MODERADO,R010,1,0,
1084304104,RECHAZADO,38,0.3,MODERADO,R009|R012,2,1,
1084411101,REVISION_MANUAL,79,0.3,MODERADO,R005|R012|R015,3,2,
1084514101,RECHAZADO,43,0.3,MODERADO,R012,1,1,
1084615101,RECHAZADO,44,0.3,MODERADO,R012,1,1,
1084702101,RECHAZADO,19,0.3,MODERADO,R002|R005,2,0,
1084818101,APROBADO,82,0.3,MODERADO,R003|R005|R015,3,1,
1084906102,RECHAZADO,21,0.3,MODERADO,R004|R012,2,1,
1085014102,REVISION_MANUAL,60,0.3,MODERADO,R001,1,0,
1085102101,RECHAZADO,55,0.3,MODERADO,R005,1,0,
1085211101,RECHAZADO,13,0.3,MODERADO,R004,1,0,
1085305101,RECHAZADO,42,0.3,MODERADO,,0,0,
1085404101,APROBADO,100,0.3,MODERADO,R001|R012,2,1,
1085503101,RECHAZADO,34,0.3,MODERADO,R002|R005|R015,3,1,
1085601101,APROBADO,85,0.3,MODERADO,R001|R012,2,1,
1085705101,RECHAZADO,55,0.3,MODERADO,R012,1,1,
1085816103,RECHAZADO,33,0.3,MODERADO,,0,0,
1085901102,APROBADO,96,0.3,MODERADO,R001|R005|R012,3,1,
1086002102,RECHAZADO,4,0.3,MODERADO,R002,1,0,
1086104101,RECHAZADO,32,0.3,MODERADO,R002|R005|R015,3,1,
1086201102,APROBADO,96,0.3,MODERADO,R001|R005|R015,3,1,
1086307101,RECHAZADO,44,0.3,MODERADO,R005,1,0,
1086405101,RECHAZADO,7,0.3,MODERADO,R002,1,0,
1086503101,APROBADO,87,0.3,MODERADO,R001|R005|R012,3,1,
1086603101,REVISION_MANUAL,61,0.3,MODERADO,R005|R012,2,1,
1086716103,RECHAZADO,55,0.3,MODERADO,R001|R010,2,0,
1086804101,REVISION_MANUAL,68,0.3,MODERADO,R001|R004|R005|R012,4,1,
1086902101,APROBADO,86,0.3,MODERADO,R001|R005|R012,3,1,
1087005101,REVISION_MANUAL,70,0.3,MODERADO,R001|R012,2,1,
1087108102,REVISION_MANUAL,76,0.3,MODERADO,R005|R012|R015,3,2,
1087203103,RECHAZADO,26,0.3,MODERADO,R009,1,0,
1087302102,RECHAZADO,20,0.3,MODERADO,R004|R012,2,1,
1087406102,RECHAZADO,46,0.3,MODERADO,R005,1,0,
1087514101,RECHAZADO,47,0.3,MODERADO,R005,1,0,
1087607102,RECHAZADO,13,0.3,MODERADO,R004,1,0,
1087701101,REVISION_MANUAL,72,0.3,MODERADO,R005|R012,2,1,
1087812102,RECHAZADO,56,0.3,MODERADO,R005,1,0,
1087904101,RECHAZADO,31,0.3,MODERADO,R002|R005,2,0,
1088002101,RECHAZADO,44,0.3,MODERADO,R005,1,0,
1088108101,REVISION_MANUAL,74,0.3,MODERADO,R005|R012,2,1,
1088207101,RECHAZADO,59,0.3,MODERADO,R005|R012,2,1,
1088305101,RECHAZADO,58,0.3,MODERADO,R001,1,0,
1088401103,RECHAZADO,38,0.3,MODERADO,R009|R012,2,1,
1088503102,RECHAZADO,0,0.3,MODERADO,R002|R004,2,0,
1088601102,RECHAZADO,44,0.3,MODERADO,R005,1,0,
1088701101,APROBADO,100,0.3,MODERADO,R001|R005|R006|R012|R015,5,2,
1088808102,RECHAZADO,31,0.3,MODERADO,,0,0,
1088903102,RECHAZADO,53,0.3,MODERADO,R005,1,0,
1089005101,RECHAZADO,42,0.3,MODERADO,R012,1,1,
1089112101,RECHAZADO,3,0.3,MODERADO,R002,1,0,
1089202101,APROBADO,83,0.3,MODERADO,R001|R005,2,0,
1089304102,APROBADO,100,0.3,MODERADO,R001|R005|R012|R015,4,2,
1089405101,APROBADO,100,0.3,MODERADO,R001|R005|R012|R015,4,2,
1089501102,RECHAZADO,23,0.3,MODERADO,R009,1,0,
1089605101,RECHAZADO,37,0.3,MODERADO,R002|R005,2,0,
1089705102,RECHAZADO,52,0.3,MODERADO,R001|R004|R012,3,1,
1089809101,APROBADO,100,0.3,MODERADO,R001|R005|R012|R015,4,2,
1089904102,REVISION_MANUAL,65,0.3,MODERADO,R005|R012,2,1,
1090005103,RECHAZADO,50,0.3,MODERADO,R012,1,1,
1090105101,RECHAZADO,53,0.3,MODERADO,R012,1,1,
1090201104,RECHAZADO,14,0.3,MODERADO,R004|R009|R012,3,1,
1090304101,RECHAZADO,28,0.3,MODERADO,R004|R005,2,0,
1090414101,RECHAZADO,43,0.3,MODERADO,R005,1,0,
1090508102,RECHAZADO,28,0.3,MODERADO,R004|R005,2,0,
1090603102,APROBADO,100,0.3,MODERADO,R001|R005|R012,3,1,
1090704102,APROBADO,84,0.3,MODERADO,R001|R012,2,1,
1090802102,RECHAZADO,40,0.3,MODERADO,R001|R004|R009|R012,4,1,
1090902102,RECHAZADO,41,0.3,MODERADO,R010|R012,2,1,
1091008101,RECHAZADO,59,0.3,MODERADO,R005|R012,2,1,
1091101101,RECHAZADO,27,0.3,MODERADO,R004|R005,2,0,
1091210104,RECHAZADO,13,0.3,MODERADO,R009|R010,2,0,
1091302101,RECHAZADO,14,0.3,MODERADO,R004|R009|R012,3,1,
1091405104,APROBADO,81,0.3,MODERADO,R001|R012,2,1,
1091504105,RECHAZADO,9,0.3,MODERADO,R004|R010|R012,3,1,
1091619102,RECHAZADO,39,0.3,MODERADO,,0,0,
1091705103,REVISION_MANUAL,76,0.3,MODERADO,R001|R012,2,1,
1091806101,APROBADO,95,0.3,MODERADO,R001|R005|R012,3,1,
1091920101,RECHAZADO,45,0.3,MODERADO,R005,1,0,
1092004101,APROBADO,80,0.3,MODERADO,R001|R012,2,1,
1092110102,RECHAZADO,28,0.3,MODERADO,R004|R005,2,0,
1092205102,RECHAZADO,13,0.3,MODERADO,R004,1,0,
1092302101,APROBADO,100,0.3,MODERADO,R001|R005|R012|R015,4,2,
1092404101,APROBADO,97,0.3,MODERADO,R001|R005|R006,3,0,
1092505101,APROBADO,100,0.3,MODERADO,R001|R005|R012|R015,4,2,
1092605101,RECHAZADO,28,0.3,MODERADO,R004|R005,2,0,
1092701102,RECHAZADO,13,0.3,MODERADO,R004,1,0,
1092805102,REVISION_MANUAL,72,0.3,MODERADO,R012,1,1,
1092905101,RECHAZADO,25,0.3,MODERADO,R004|R005,2,0,
1093005101,APROBADO,97,0.3,MODERADO,R001|R012,2,1,
1093105101,RECHAZADO,40,0.3,MODERADO,R004|R005|R012,3,1,
1093202102,RECHAZADO,0,0.3,MODERADO,R002|R009,2,0,
1093302102,RECHAZADO,13,0.3,MODERADO,R004,1,0,
1093417102,RECHAZADO,10,0.3,MODERADO,R004,1,0,
1093505101,RECHAZADO,42,0.3,MODERADO,R001|R004,2,0,
1093603102,REVISION_MANUAL,71,0.3,MODERADO,R001,1,0,
1093705102,RECHAZADO,20,0.3,MODERADO,R002|R006,2,0,
1093802101,RECHAZADO,45,0.3,MODERADO,R012,1,1,
1093905101,APROBADO,92,0.3,MODERADO,R001|R012,2,1,
1094004102,REVISION_MANUAL,76,0.3,MODERADO,R001|R005,2,0,
1094101104,RECHAZADO,36,0.3,MODERADO,R010|R012,2,1,
1094208101,REVISION_MANUAL,71,0.3,MODERADO,R001|R004|R005|R012,4,1,
1094305102,APROBADO,95,0.3,MODERADO,R001|R006|R012,3,1,
1094409101,RECHAZADO,46,0.3,MODERADO,R005,1,0,
1094503103,APROBADO,80,0.3,MODERADO,R001|R012,2,1,
1094618102,RECHAZADO,39,0.3,MODERADO,,0,0,
1094701101,RECHAZADO,37,0.3,MODERADO,R004|R005|R012,3,1,
1094801101,RECHAZADO,56,0.3,MODERADO,R001|R004|R012,3,1,
1094904102,RECHAZADO,40,0.3,MODERADO,,0,0,
1095007101,RECHAZADO,32,0.3,MODERADO,,0,0,
1095101101,RECHAZADO,40,0.3,MODERADO,R001|R004,2,0,
1095204101,APROBADO,97,0.3,MODERADO,R001|R005|R012,3,1,
1095301102,RECHAZADO,53,0.3,MODERADO,R012,1,1,
1095411101,APROBADO,84,0.3,MODERADO,R003|R005|R012,3,1,
1095503101,RECHAZADO,20,0.3,MODERADO,R002|R005,2,0,
1095603102,RECHAZADO,43,0.3,MODERADO,R001|R004,2,0,
1095709102,RECHAZADO,10,0.3,MODERADO,R004|R009|R012,3,1,
1095802102,RECHAZADO,5,0.3,MODERADO,R002,1,0,
1095901102,APROBADO,83,0.3,MODERADO,R001|R006|R012,3,1,
1096002102,RECHAZADO,12,0.3,MODERADO,R004,1,0,
1096103102,RECHAZADO,0,0.3,MODERADO,R002|R004,2,0,
1096203102,RECHAZADO,13,0.3,MODERADO,R004,1,0,
1096303101,RECHAZADO,11,0.3,MODERADO,R004,1,0,
1096403101,RECHAZADO,42,0.3,MODERADO,R012,1,1,
1096504102,RECHAZADO,27,0.3,MODERADO,R004|R005,2,0,
1096602101,RECHAZADO,43,0.3,MODERADO,R005,1,0,
1096704102,RECHAZADO,31,0.3,MODERADO,,0,0,
1096808101,APROBADO,87,0.3,MODERADO,R001|R005|R006,3,0,
1096903104,RECHAZADO,35,0.3,MODERADO,R009|R012,2,1,
1097005101,RECHAZADO,28,0.3,MODERADO,,0,0,
1097120104,RECHAZADO,15,0.3,MODERADO,R009,1,0,
1097201102,APROBADO,81,0.3,MODERADO,R005|R012|R015,3,2,
1097302101,APROBADO,100,0.3,MODERADO,R001|R005|R012|R015,4,2,
1097418101,APROBADO,85,0.3,MODERADO,R001|R005,2,0,
1097505101,RECHAZADO,45,0.3,MODERADO,R012,1,1,
1097603102,RECHAZADO,7,0.3,MODERADO,R004|R009|R012,3,1,
1097721102,RECHAZADO,11,0.3,MODERADO,R004,1,0,
1097804103,RECHAZADO,10,0.3,MODERADO,R004|R009|R012,3,1,
1097903101,RECHAZADO,30,0.3,MODERADO,,0,0,
1098002102,APROBADO,98,0.3,MODERADO,R001|R005|R012,3,1,
1098105105,RECHAZADO,27,0.3,MODERADO,R010|R012,2,1,
1098201102,RECHAZADO,10,0.3,MODERADO,R004,1,0,
1098302103,APROBADO,91,0.3,MODERADO,R001|R012,2,1,
1098411102,RECHAZADO,17,0.3,MODERADO,R010,1,0,
1098504101,REVISION_MANUAL,71,0.3,MODERADO,R001,1,0,
1098604101,APROBADO,88,0.3,MODERADO,R001|R005|R006,3,0,
1098704102,RECHAZADO,52,0.3,MODERADO,R001|R004|R012,3,1,
1098803101,APROBADO,100,0.3,MODERADO,R001|R005|R012|R015,4,2,
1098903102,RECHAZADO,28,0.3,MODERADO,R004|R005,2,0,
1099001101,RECHAZADO,29,0.3,MODERADO,R004|R005,2,0,
1099104102,RECHAZADO,37,0.3,MODERADO,,0,0,
1099211102,RECHAZADO,27,0.3,MODERADO,R010,1,0,
1099308103,RECHAZADO,27,0.3,MODERADO,,0,0,
1099403102,RECHAZADO,15,0.3,MODERADO,R002,1,0,
1099504101,APROBADO,100,0.3,MODERADO,R001|R005|R012|R015,4,2,
1099605102,RECHAZADO,28,0.3,MODERADO,,0,0,
1099717102,RECHAZADO,28,0.3,MODERADO,R004|R005,2,0,
1099804102,APROBADO,100,0.3,MODERADO,R001|R003|R005|R012|R015,5,2,
1099912103,APROBADO,84,0.3,MODERADO,R003|R005|R012,3,1,
1100003101,RECHAZADO,28,0.3,MODERADO,R004|R005,2,0,
1100104101,RECHAZADO,54,0.3,MODERADO,R005,1,0,
1100208102,RECHAZADO,22,0.3,MODERADO,R004|R012,2,1,
1100317103,RECHAZADO,52,0.3,MODERADO,R012,1,1,
1100401101,APROBADO,89,0.3,MODERADO,R001|R005|R012,3,1,
1100503101,RECHAZADO,0,0.3,MODERADO,R002|R004,2,0,
1100604102,RECHAZADO,0,0.3,MODERADO,R002|R004|R005,3,0,
1100705101,APROBADO,85,0.3,MODERADO,R001|R005|R006,3,0,
1100801108,RECHAZADO,0,0.3,MODERADO,R004|R010,2,0,
1100914101,APROBADO,83,0.3,MODERADO,R001|R006,2,0,
1101005101,RECHAZADO,40,0.3,MODERADO,R004|R005|R012,3,1,
1101102101,RECHAZADO,12,0.3,MODERADO,R004|R005|R010,3,0,
1101201102,RECHAZADO,12,0.3,MODERADO,R004,1,0,
1101301101,RECHAZADO,15,0.3,MODERADO,R004,1,0,
1101402101,RECHAZADO,21,0.3,MODERADO,R002|R005,2,0,
1101504102,RECHAZADO,13,0.3,MODERADO,R004,1,0,
1101604101,RECHAZADO,13,0.3,MODERADO,R002|R005,2,0,
1101708101,RECHAZADO,17,0.3,MODERADO,R009,1,0,
1101802103,APROBADO,83,0.3,MODERADO,R001|R012,2,1,
1101908102,RECHAZADO,18,0.3,MODERADO,R002|R005,2,0,
1102002101,APROBADO,84,0.3,MODERADO,R001|R012,2,1,
1102105101,APROBADO,100,0.3,MODERADO,R001|R005|R012|R015,4,2,
1102204101,REVISION_MANUAL,76,0.3,MODERADO,R005|R012|R015,3,2,
1102318102,RECHAZADO,8,0.3,MODERADO,R004,1,0,
1102404102,RECHAZADO,43,0.3,MODERADO,R005,1,0,
1102507101,APROBADO,100,0.3,MODERADO,R001|R005|R012|R015,4,2,
1102604101,RECHAZADO,6,0.3,MODERADO,R002,1,0,
1102604202,RECHAZADO,41,0.3,MODERADO,R012,1,1,
1102704103,RECHAZADO,10,0.3,MODERADO,R004,1,0,
1102802101,RECHAZADO,0,0.3,MODERADO,R002,1,0,
1102912102,RECHAZADO,12,0.3,MODERADO,R004,1,0,
1103016102,RECHAZADO,43,0.3,MODERADO,R005,1,0,
1103101102,REVISION_MANUAL,74,0.3,MODERADO,R003|R005,2,0,
1103205102,RECHAZADO,28,0.3,MODERADO,,0,0,
1103305102,RECHAZADO,41,0.3,MODERADO,,0,0,
1103404102,RECHAZADO,54,0.3,MODERADO,R005,1,0,
1103505102,RECHAZADO,13,0.3,MODERADO,R004,1,0,
1103607102,RECHAZADO,6,0.3,MODERADO,R002|R004|R005|R006,4,0,
1103704101,APROBADO,100,0.3,MODERADO,R001|R003|R005|R012,4,1,
1103801102,RECHAZADO,8,0.3,MODERADO,R004,1,0,
1103913101,RECHAZADO,40,0.3,MODERADO,,0,0,
1104001101,REVISION_MANUAL,71,0.3,MODERADO,R001|R004|R005|R012,4,1,
1104101102,RECHAZADO,40,0.3,MODERADO,,0,0,
1104201104,RECHAZADO,24,0.3,MODERADO,R009,1,0,
1104303109,RECHAZADO,41,0.3,MODERADO,,0,0,
1104419101,RECHAZADO,29,0.3,MODERADO,,0,0,
1104501101,APROBADO,92,0.3,MODERADO,R001|R012,2,1,
1104605101,APROBADO,100,0.3,MODERADO,R001|R005|R012,3,1,
1104701102,REVISION_MANUAL,73,0.3,MODERADO,R001|R012,2,1,
1104807101,RECHAZADO,6,0.3,MODERADO,R002,1,0,
1104903101,REVISION_MANUAL,62,0.3,MODERADO,R005|R012,2,1,
1105007101,RECHAZADO,31,0.3,MODERADO,,0,0,
1105120101,RECHAZADO,39,0.3,MODERADO,,0,0,
1105201101,REVISION_MANUAL,73,0.3,MODERADO,R001|R005,2,0,
1105311101,RECHAZADO,12,0.3,MODERADO,R004|R005|R010,3,0,
1105405102,RECHAZADO,13,0.3,MODERADO,R004,1,0,
1105503101,REVISION_MANUAL,70,0.3,MODERADO,R005|R012,2,1,
1105605104,RECHAZADO,58,0.3,MODERADO,R001|R009|R010|R012,4,1,
1105702101,APROBADO,97,0.3,MODERADO,R001|R005|R012,3,1,
1105817101,RECHAZADO,11,0.3,MODERADO,R004,1,0,
1105901101,RECHAZADO,42,0.3,MODERADO,R005|R010,2,0,
1106003101,REVISION_MANUAL,71,0.3,MODERADO,R001|R004|R005|R012,4,1,
1106117101,REVISION_MANUAL,74,0.3,MODERADO,R001|R005,2,0,
1106209103,RECHAZADO,21,0.3,MODERADO,R004|R012,2,1,
1106303101,RECHAZADO,28,0.3,MODERADO,R004|R005,2,0,
1106402101,RECHAZADO,25,0.3,MODERADO,,0,0,
1106520101,RECHAZADO,28,0.3,MODERADO,R004|R005,2,0,
1106602101,RECHAZADO,22,0.3,MODERADO,R002|R005,2,0,
1106701101,RECHAZADO,35,0.3,MODERADO,R004|R005|R012,3,1,
1106814101,RECHAZADO,56,0.3,MODERADO,R005,1,0,
1106902101,APROBADO,83,0.3,MODERADO,R001|R012,2,1,
1107004104,APROBADO,85,0.3,MODERADO,R001|R012,2,1,
1107119101,REVISION_MANUAL,77,0.3,MODERADO,R005|R012|R015,3,2,
1107204101,REVISION_MANUAL,76,0.3,MODERADO,R005|R012|R015,3,2,
1107301101,RECHAZADO,29,0.3,MODERADO,R002|R005,2,0,
1107403101,APROBADO,83,0.3,MODERADO,R001|R012,2,1,
1107503104,RECHAZADO,28,0.3,MODERADO,,0,0,
1107612101,REVISION_MANUAL,65,0.3,MODERADO,R005|R012,2,1,
1107704102,REVISION_MANUAL,70,0.3,MODERADO,R001|R004|R005|R012,4,1,
1107804101,APROBADO,86,0.3,MODERADO,R001|R012,2,1,
1107905102,RECHAZADO,12,0.3,MODERADO,R004,1,0,
1108013102,RECHAZADO,42,0.3,MODERADO,R005,1,0,
1108102102,RECHAZADO,40,0.3,MODERADO,R012,1,1,
1108201101,RECHAZADO,48,0.3,MODERADO,R005,1,0,
1108301101,APROBADO,100,0.3,MODERADO,R001|R005|R012|R015,4,2,
1108404101,REVISION_MANUAL,72,0.3,MODERADO,R012,1,1,
1108512101,RECHAZADO,41,0.3,MODERADO,,0,0,
1108604101,RECHAZADO,52,0.3,MODERADO,R012,1,1,
1108703101,APROBADO,98,0.3,MODERADO,R001|R005|R012,3,1,
1108802101,RECHAZADO,46,0.3,MODERADO,R005,1,0,
1108903102,RECHAZADO,10,0.3,MODERADO,R004,1,0,
1109003101,APROBADO,100,0.3,MODERADO,R001|R005|R012,3,1,
1109112101,RECHAZADO,42,0.3,MODERADO,,0,0,
1109205102,RECHAZADO,41,0.3,MODERADO,,0,0,
1109305101,RECHAZADO,58,0.3,MODERADO,R005|R012,2,1,
1109405101,RECHAZADO,31,0.3,MODERADO,,0,0,
1109503101,RECHAZADO,13,0.3,MODERADO,R004,1,0,
1109608102,RECHAZADO,13,0.3,MODERADO,R004,1,0,
1109703102,RECHAZADO,38,0.3,MODERADO,R010|R012,2,1,
1109803101,RECHAZADO,43,0.3,MODERADO,R005,1,0,
1109803201,RECHAZADO,30,0.3,MODERADO,,0,0,
1109916101,RECHAZADO,45,0.3,MODERADO,R005,1,0,
1110001102,RECHAZADO,25,0.3,MODERADO,R004|R012,2,1,
1110102102,RECHAZADO,42,0.3,MODERADO,R012,1,1,
1110207103,REVISION_MANUAL,67,0.3,MODERADO,R001|R010|R012,3,1,
1110301102,RECHAZADO,39,0.3,MODERADO,,0,0,
1110418102,RECHAZADO,32,0.3,MODERADO,R005|R010,2,0,
1110509103,RECHAZADO,38,0.3,MODERADO,,0,0,
1110602102,RECHAZADO,17,0.3,MODERADO,R009,1,0,
1110713101,RECHAZADO,28,0.3,MODERADO,,0,0,
1110805101,RECHAZADO,50,0.3,MODERADO,R012,1,1,
1110903103,RECHAZADO,40,0.3,MODERADO,R012,1,1,
1111017101,RECHAZADO,28,0.3,MODERADO,R004|R005,2,0,
1111119104,RECHAZADO,22,0.3,MODERADO,R004|R012,2,1,
1111204103,RECHAZADO,41,0.3,MODERADO,,0,0,
1111308103,RECHAZADO,38,0.3,MODERADO,,0,0,
1111407102,RECHAZADO,12,0.3,MODERADO,R004,1,0,
1111517102,RECHAZADO,17,0.3,MODERADO,R010,1,0,
1111605102,RECHAZADO,0,0.3,MODERADO,R004|R010,2,0,
1111703101,RECHAZADO,26,0.3,MODERADO,R004|R005,2,0,
1111801102,APROBADO,100,0.3,MODERADO,R001|R005|R012,3,1,
1111902101,RECHAZADO,55,0.3,MODERADO,R012,1,1,
1112003102,RECHAZADO,13,0.3,MODERADO,R004,1,0,
1112102101,APROBADO,93,0.3,MODERADO,R001|R005|R012,3,1,
1112202101,RECHAZADO,13,0.3,MODERADO,R004,1,0,
1112301102,REVISION_MANUAL,66,0.3,MODERADO,R001|R004|R005|R012,4,1,
1112401101,APROBADO,85,0.3,MODERADO,R001|R012,2,1,
1112501101,RECHAZADO,38,0.3,MODERADO,R004|R005|R012,3,1,
1112605101,RECHAZADO,42,0.3,MODERADO,R001|R004|R005|R010,4,0,
1112704103,RECHAZADO,26,0.3,MODERADO,R004|R005,2,0,
1112808101,RECHAZADO,46,0.3,MODERADO,R005,1,0,
1112920102,APROBADO,83,0.3,MODERADO,R001|R012,2,1,
1113001101,RECHAZADO,13,0.3,MODERADO,R004,1,0,
1113105101,RECHAZADO,41,0.3,MODERADO,R005,1,0,
1113203101,APROBADO,86,0.3,MODERADO,R001|R005|R010|R012,4,1,
1113304101,RECHAZADO,0,0.3,MODERADO,R002|R004|R005,3,0,
1113403101,RECHAZADO,27,0.3,MODERADO,R002,1,0,
1113506103,RECHAZADO,8,0.3,MODERADO,R004|R009|R012,3,1,
1113603103,RECHAZADO,55,0.3,MODERADO,R012,1,1,
1113712102,RECHAZADO,10,0.3,MODERADO,R004,1,0,
1113802102,REVISION_MANUAL,74,0.3,MODERADO,R001|R004|R005|R012,4,1,
1113905102,RECHAZADO,25,0.3,MODERADO,R004|R005,2,0,
1114002101,REVISION_MANUAL,64,0.3,MODERADO,R012,1,1,
1114117102,RECHAZADO,0,0.3,MODERADO,R004|R010,2,0,
1114217101,RECHAZADO,47,0.3,MODERADO,R005,1,0,
1114305101,RECHAZADO,52,0.3,MODERADO,R012,1,1,
1114402102,RECHAZADO,29,0.3,MODERADO,R009,1,0,
1114501101,RECHAZADO,43,0.3,MODERADO,,0,0,
1114602102,RECHAZADO,33,0.3,MODERADO,,0,0,
1114702101,RECHAZADO,48,0.3,MODERADO,R005,1,0,
1114702201,REVISION_MANUAL,60,0.3,MODERADO,R001,1,0,
1114803101,RECHAZADO,56,0.3,MODERADO,R001|R004|R012,3,1,
1114907101,REVISION_MANUAL,70,0.3,MODERADO,R001,1,0,
1115005101,RECHAZADO,4,0.3,MODERADO,R002,1,0,
1115115101,RECHAZADO,25,0.3,MODERADO,R004|R005,2,0,
1115203102,RECHAZADO,52,0.3,MODERADO,R001|R004|R012,3,1,
1115301101,APROBADO,100,0.3,MODERADO,R001|R005|R012|R015,4,2,
1115408101,RECHAZADO,0,0.3,MODERADO,R002,1,0,
1115503102,RECHAZADO,36,0.3,MODERADO,,0,0,
1115611101,RECHAZADO,58,0.3,MODERADO,R001,1,0,
1115705102,APROBADO,85,0.3,MODERADO,R001|R005,2,0,
1115811103,RECHAZADO,45,0.3,MODERADO,R001|R010,2,0,
1115906103,RECHAZADO,13,0.3,MODERADO,R009,1,0,
1116011101,RECHAZADO,31,0.3,MODERADO,,0,0,
1116102101,RECHAZADO,58,0.3,MODERADO,R001|R004|R012,3,1,
1116203103,APROBADO,89,0.3,MODERADO,R001|R012,2,1,
1116308101,RECHAZADO,45,0.3,MODERADO,R005,1,0,
1116401101,RECHAZADO,45,0.3,MODERADO,R005,1,0,
1116512102,RECHAZADO,28,0.3,MODERADO,R004|R005,2,0,
1116604101,RECHAZADO,53,0.3,MODERADO,R005,1,0,
1116702102,RECHAZADO,44,0.3,MODERADO,R005,1,0,
1116802103,RECHAZADO,10,0.3,MODERADO,R004|R009|R012,3,1,
1116920108,RECHAZADO,0,0.3,MODERADO,R002|R010,2,0,
1117016101,REVISION_MANUAL,60,0.3,MODERADO,R001|R004|R005,3,0,
1117120106,RECHAZADO,38,0.3,MODERADO,R001|R004,2,0,
1117202101,RECHAZADO,12,0.3,MODERADO,R004,1,0,
1117302104,RECHAZADO,52,0.3,MODERADO,R012,1,1,
1117401101,RECHAZADO,28,0.3,MODERADO,R004|R005,2,0,
1117502102,RECHAZADO,26,0.3,MODERADO,R009,1,0,
1117602101,REVISION_MANUAL,76,0.3,MODERADO,R003|R012,2,1,
1117707102,RECHAZADO,13,0.3,MODERADO,R004,1,0,
1117801101,APROBADO,98,0.3,MODERADO,R001|R005|R012,3,1,
1117902101,RECHAZADO,38,0.3,MODERADO,R004|R005|R012,3,1,
1118003102,RECHAZADO,11,0.3,MODERADO,R004,1,0,
1118107101,RECHAZADO,14,0.3,MODERADO,R004|R005|R010,3,0,
1118215101,RECHAZADO,45,0.3,MODERADO,R005,1,0,
1118319101,REVISION_MANUAL,77,0.3,MODERADO,R001|R005,2,0,
1118403102,REVISION_MANUAL,69,0.3,MODERADO,R005|R012,2,1,
1118509102,RECHAZADO,41,0.3,MODERADO,,0,0,
1118604102,REVISION_MANUAL,68,0.3,MODERADO,R001|R004|R005|R006,4,0,
1118703101,APROBADO,98,0.3,MODERADO,R001|R005|R012,3,1,
1118802101,APROBADO,88,0.3,MODERADO,R001|R005|R012,3,1,
1118914101,APROBADO,91,0.3,MODERADO,R001|R005|R012,3,1,
1119004101,APROBADO,80,0.3,MODERADO,R001|R012,2,1,
1119104102,RECHAZADO,9,0.3,MODERADO,R002,1,0,
1119204101,RECHAZADO,13,0.3,MODERADO,R004,1,0,
1119302102,APROBADO,100,0.3,MODERADO,R001|R012,2,1,
1119407101,APROBADO,100,0.3,MODERADO,R001|R005|R012|R015,4,2,
1119520101,APROBADO,100,0.3,MODERADO,R003|R005|R012,3,1,
1119601101,RECHAZADO,13,0.3,MODERADO,R004,1,0,
1119702102,RECHAZADO,10,0.3,MODERADO,R004,1,0,
1119806101,RECHAZADO,32,0.3,MODERADO,,0,0,
1119905101,RECHAZADO,28,0.3,MODERADO,R004|R005,2,0,
1120003102,RECHAZADO,28,0.3,MODERADO,R004|R005,2,0,
1120113102,RECHAZADO,0,0.3,MODERADO,R004|R009,2,0,
1120218102,RECHAZADO,25,0.3,MODERADO,R004|R005,2,0,
1120318101,RECHAZADO,32,0.3,MODERADO,R005|R010,2,0,
1120401101,RECHAZADO,30,0.3,MODERADO,,0,0,
1120503102,RECHAZADO,23,0.3,MODERADO,R009,1,0,
1120605101,RECHAZADO,43,0.3,MODERADO,R012,1,1,
1120705102,RECHAZADO,23,0.3,MODERADO,R004|R005,2,0,
1120802101,RECHAZADO,43,0.3,MODERADO,R005,1,0,
1120905102,RECHAZADO,45,0.3,MODERADO,R001|R004,2,0,
1121015101,RECHAZADO,58,0.3,MODERADO,R005|R012,2,1,
1121117101,RECHAZADO,47,0.3,MODERADO,R005,1,0,
1121204101,APROBADO,88,0.3,MODERADO,R001|R005|R012,3,1,
1121318102,RECHAZADO,13,0.3,MODERADO,R004,1,0,
1121403101,RECHAZADO,57,0.3,MODERADO,R005,1,0,
1121504101,APROBADO,100,0.3,MODERADO,R001|R005|R012,3,1,
1121504201,RECHAZADO,40,0.3,MODERADO,,0,0,
1121620102,RECHAZADO,13,0.3,MODERADO,R004,1,0,
1121703103,RECHAZADO,51,0.3,MODERADO,R005|R009|R012,3,1,
1121801104,APROBADO,90,0.3,MODERADO,R001|R012,2,1,
1121904102,RECHAZADO,0,0.3,MODERADO,R004|R010,2,0,
1122012101,RECHAZADO,58,0.3,MODERADO,R012,1,1,
1122105102,RECHAZADO,27,0.3,MODERADO,R010,1,0,
1122218102,RECHAZADO,13,0.3,MODERADO,R004,1,0,
1122306102,RECHAZADO,0,0.3,MODERADO,R004|R010,2,0,
1122411101,RECHAZADO,41,0.3,MODERADO,R005,1,0,
1122505102,RECHAZADO,12,0.3,MODERADO,R004,1,0,
1122602101,APROBADO,80,0.3,MODERADO,R005|R012,2,1,
1122705101,RECHAZADO,28,0.3,MODERADO,,0,0,
1122804102,APROBADO,95,0.3,MODERADO,R001|R006|R012,3,1,
1122903101,RECHAZADO,52,0.3,MODERADO,R012,1,1,
1123005102,RECHAZADO,25,0.3,MODERADO,R004|R005,2,0,
1123114101,RECHAZADO,28,0.3,MODERADO,R004|R005,2,0,
1123203103,RECHAZADO,51,0.3,MODERADO,R012,1,1,
1123302101,RECHAZADO,25,0.3,MODERADO,R004|R005,2,0,
1123405101,APROBADO,82,0.3,MODERADO,R001|R012,2,1,
1123509101,RECHAZADO,55,0.3,MODERADO,R005|R012,2,1,
1123616101,REVISION_MANUAL,73,0.3,MODERADO,R001|R012,2,1,
1123707102,RECHAZADO,43,0.3,MODERADO,,0,0,
1123802101,RECHAZADO,45,0.3,MODERADO,R005,1,0,
1123904102,RECHAZADO,17,0.3,MODERADO,R009,1,0,
1124004101,APROBADO,100,0.3,MODERADO,R001|R005|R012,3,1,
1124101102,REVISION_MANUAL,72,0.3,MODERADO,R001|R005|R010,3,0,
1124205102,RECHAZADO,11,0.3,MODERADO,R004,1,0,
1124303103,RECHAZADO,55,0.3,MODERADO,R001|R004|R012,3,1,
1124401102,RECHAZADO,13,0.3,MODERADO,R004,1,0,
1124518101,APROBADO,100,0.3,MODERADO,R001|R005|R006|R012,4,1,
1124602102,APROBADO,100,0.3,MODERADO,R001|R003|R005|R012,4,1,
1124714101,REVISION_MANUAL,65,0.3,MODERADO,R005|R012,2,1,
1124801104,RECHAZADO,58,0.3,MODERADO,R012,1,1,
1124902103,RECHAZADO,49,0.3,MODERADO,R012,1,1,
1125004101,APROBADO,100,0.3,MODERADO,R001|R005|R012,3,1,
1125111101,RECHAZADO,28,0.3,MODERADO,R004|R005,2,0,
1125201101,APROBADO,85,0.3,MODERADO,R005|R012|R015,3,2,
1125304104,RECHAZADO,56,0.3,MODERADO,R001,1,0,
1125405101,RECHAZADO,58,0.3,MODERADO,R001|R004|R005,3,0,
1125505101,RECHAZADO,0,0.3,MODERADO,R002|R004|R005,3,0,
1125605101,APROBADO,82,0.3,MODERADO,R005|R012|R015,3,2,
1125704102,RECHAZADO,43,0.3,MODERADO,R012,1,1,
1125805101,RECHAZADO,49,0.3,MODERADO,R012,1,1,
1125917101,RECHAZADO,38,0.3,MODERADO,R004|R005|R012,3,1,
1126010102,RECHAZADO,22,0.3,MODERADO,R004|R012,2,1,
1126102101,RECHAZADO,54,0.3,MODERADO,R001|R004|R012,3,1,
1126201101,RECHAZADO,22,0.3,MODERADO,R004|R012,2,1,
1126305102,RECHAZADO,55,0.3,MODERADO,R005,1,0,
1126405101,RECHAZADO,57,0.3,MODERADO,R001|R010,2,0,
1126502101,RECHAZADO,52,0.3,MODERADO,R002|R003|R005,3,0,
1126610102,RECHAZADO,46,0.3,MODERADO,R005,1,0,
1126703101,RECHAZADO,32,0.3,MODERADO,R005|R010,2,0,
1126803103,RECHAZADO,8,0.3,MODERADO,R004|R009|R012,3,1,
1126903101,RECHAZADO,26,0.3,MODERADO,R004|R005,2,0,
1127010102,RECHAZADO,29,0.3,MODERADO,,0,0,
1127103103,RECHAZADO,0,0.3,MODERADO,R004|R009|R010|R012,4,1,
1127202103,RECHAZADO,40,0.3,MODERADO,,0,0,
1127303101,APROBADO,100,0.3,MODERADO,R001|R005|R012|R015,4,2,
1127401101,RECHAZADO,0,0.3,MODERADO,R002|R009,2,0,
1127504101,RECHAZADO,43,0.3,MODERADO,,0,0,
1127616102,APROBADO,84,0.3,MODERADO,R003|R005|R012,3,1,
1127709101,RECHAZADO,33,0.3,MODERADO,,0,0,
1127802102,RECHAZADO,28,0.3,MODERADO,R004|R005,2,0,
1127904101,APROBADO,100,0.3,MODERADO,R001|R005|R012|R015,4,2,
1128004101,REVISION_MANUAL,64,0.3,MODERADO,R005|R012,2,1,
1128101101,RECHAZADO,47,0.3,MODERADO,R002|R005|R015,3,1,
1128207102,RECHAZADO,59,0.3,MODERADO,R012,1,1,
1128311101,RECHAZADO,42,0.3,MODERADO,R005|R010|R012,3,1,
1128401101,RECHAZADO,22,0.3,MODERADO,R004|R012,2,1,
1128502103,RECHAZADO,9,0.3,MODERADO,R004,1,0,
1128602101,RECHAZADO,26,0.3,MODERADO,R004|R005,2,0,
1128705102,APROBADO,98,0.3,MODERADO,R001|R005|R012,3,1,
1128804101,RECHAZADO,41,0.3,MODERADO,,0,0,
1128910103,RECHAZADO,36,0.3,MODERADO,,0,0,
1129003102,RECHAZADO,37,0.3,MODERADO,R009|R012,2,1,
1129119103,RECHAZADO,13,0.3,MODERADO,R004,1,0,
1129209103,RECHAZADO,44,0.3,MODERADO,R005,1,0,
1129319102,RECHAZADO,28,0.3,MODERADO,R004|R005,2,0,
1129405101,RECHAZADO,39,0.3,MODERADO,,0,0,
1129501102,APROBADO,92,0.3,MODERADO,R001|R012,2,1,
1129603102,APROBADO,80,0.3,MODERADO,R001|R012,2,1,
1129705103,RECHAZADO,54,0.3,MODERADO,R012,1,1,
1129819101,RECHAZADO,59,0.3,MODERADO,R005|R012,2,1,
1129903101,RECHAZADO,43,0.3,MODERADO,,0,0,
1130005102,RECHAZADO,13,0.3,MODERADO,R004,1,0,
1130105101,RECHAZADO,58,0.3,MODERADO,R001,1,0,
1130203102,APROBADO,80,0.3,MODERADO,R001|R012,2,1,
1130318101,RECHAZADO,27,0.3,MODERADO,R004|R005,2,0,
1130414101,RECHAZADO,15,0.3,MODERADO,R004,1,0,
1130517101,RECHAZADO,18,0.3,MODERADO,R002|R005,2,0,
1130601102,APROBADO,81,0.3,MODERADO,R001|R006,2,0,
1130702101,RECHAZADO,45,0.3,MODERADO,R005,1,0,
1130803101,RECHAZADO,56,0.3,MODERADO,R005|R012,2,1,
1130902101,REVISION_MANUAL,68,0.3,MODERADO,R005|R012,2,1,
1131001102,RECHAZADO,13,0.3,MODERADO,R004,1,0,
1131102102,RECHAZADO,52,0.3,MODERADO,R001|R004|R012,3,1,
1131219102,RECHAZADO,29,0.3,MODERADO,R001|R004|R010,3,0,
1131314101,REVISION_MANUAL,60,0.3,MODERADO,R001,1,0,
1131402102,REVISION_MANUAL,71,0.3,MODERADO,R001,1,0,
1131518102,RECHAZADO,21,0.3,MODERADO,R002|R005,2,0,
1131605101,RECHAZADO,57,0.3,MODERADO,R001|R004|R012,3,1,
1131704102,RECHAZADO,38,0.3,MODERADO,,0,0,
1131805102,APROBADO,86,0.3,MODERADO,R001|R012,2,1,
1131905102,APROBADO,80,0.3,MODERADO,R001|R012,2,1,
1132020102,APROBADO,100,0.3,MODERADO,R001|R003|R012,3,1,
1132103101,RECHAZADO,12,0.3,MODERADO,R004,1,0,
1132203108,RECHAZADO,37,0.3,MODERADO,R010|R012,2,1,
1132319101,REVISION_MANUAL,74,0.3,MODERADO,R001|R005,2,0,
1132417101,RECHAZADO,12,0.3,MODERADO,R004,1,0,
1132502102,RECHAZADO,10,0.3,MODERADO,R004,1,0,
1132607101,RECHAZADO,43,0.3,MODERADO,,0,0,
1132702104,RECHAZADO,55,0.3,MODERADO,R001|R010,2,0,
1132801101,RECHAZADO,43,0.3,MODERADO,R005,1,0,
1132905101,RECHAZADO,32,0.3,MODERADO,R002|R005|R015,3,1,
1133011102,RECHAZADO,43,0.3,MODERADO,,0,0,
1133101101,RECHAZADO,54,0.3,MODERADO,R005|R012,2,1,
1133210101,REVISION_MANUAL,65,0.3,MODERADO,R005|R012,2,1,
1133301101,RECHAZADO,28,0.3,MODERADO,R004|R005,2,0,
1133404102,RECHAZADO,39,0.3,MODERADO,R004|R005|R012,3,1,
1133511103,RECHAZADO,29,0.3,MODERADO,,0,0,
1133604103,RECHAZADO,35,0.3,MODERADO,R009|R012,2,1,
1133718101,REVISION_MANUAL,64,0.3,MODERADO,R005|R015,2,1,
1133805101,RECHAZADO,27,0.3,MODERADO,R004|R005,2,0,
1133918101,RECHAZADO,10,0.3,MODERADO,R004,1,0,
1134019101,REVISION_MANUAL,67,0.3,MODERADO,R001|R004|R005|R012,4,1,
1134106101,RECHAZADO,32,0.3,MODERADO,R005|R010,2,0,
1134202101,RECHAZADO,44,0.3,MODERADO,R012,1,1,
1134302102,RECHAZADO,28,0.3,MODERADO,R004|R005,2,0,
1134411101,RECHAZADO,27,0.3,MODERADO,,0,0,
1134501101,RECHAZADO,26,0.3,MODERADO,R004|R005,2,0,
1134607101,REVISION_MANUAL,75,0.3,MODERADO,R005|R012|R015,3,2,
1134702102,RECHAZADO,39,0.3,MODERADO,,0,0,
1134801102,RECHAZADO,13,0.3,MODERADO,R004,1,0,
1134905102,RECHAZADO,41,0.3,MODERADO,R012,1,1,
1135002101,REVISION_MANUAL,70,0.3,MODERADO,R005|R012,2,1,
1135105102,REVISION_MANUAL,68,0.3,MODERADO,R005|R012,2,1,
1135201101,REVISION_MANUAL,72,0.3,MODERADO,R001|R004|R005|R006,4,0,
1135317102,RECHAZADO,13,0.3,MODERADO,R004,1,0,
1135404101,RECHAZADO,46,0.3,MODERADO,R005,1,0,
1135501102,RECHAZADO,27,0.3,MODERADO,R004|R005,2,0,
1135603101,RECHAZADO,24,0.3,MODERADO,R002|R005|R006,3,0,
1135704102,RECHAZADO,21,0.3,MODERADO,R004|R012,2,1,
1135806102,RECHAZADO,38,0.3,MODERADO,,0,0,
1135902102,RECHAZADO,55,0.3,MODERADO,R001|R004|R012,3,1,
1136004101,RECHAZADO,56,0.3,MODERADO,R001|R004|R005,3,0,
1136101104,RECHAZADO,38,0.3,MODERADO,,0,0,
1136215101,RECHAZADO,26,0.3,MODERADO,,0,0,
1136301101,RECHAZADO,29,0.3,MODERADO,R002|R005,2,0,
1136405102,RECHAZADO,11,0.3,MODERADO,R004,1,0,
1136502101,APROBADO,100,0.3,MODERADO,R001|R005|R012,3,1,
1136601101,RECHAZADO,47,0.3,MODERADO,R012,1,1,
1136715103,REVISION_MANUAL,77,0.3,MODERADO,R001|R012,2,1,
1136805103,RECHAZADO,0,0.3,MODERADO,R002|R004,2,0,
1136902101,APROBADO,100,0.3,MODERADO,R001|R005|R012,3,1,
1137005103,APROBADO,87,0.3,MODERADO,R001|R012,2,1,
1137104102,RECHAZADO,41,0.3,MODERADO,,0,0,
1137203101,RECHAZADO,25,0.3,MODERADO,R010,1,0,
1137302101,RECHAZADO,49,0.3,MODERADO,R012,1,1,
1137302201,APROBADO,97,0.3,MODERADO,R001|R005|R012,3,1,
1137401103,RECHAZADO,29,0.3,MODERADO,,0,0,
1137504101,RECHAZADO,46,0.3,MODERADO,R005,1,0,
1137504201,RECHAZADO,40,0.3,MODERADO,,0,0,
1137601101,RECHAZADO,18,0.3,MODERADO,R002|R005,2,0,
1137705101,RECHAZADO,43,0.3,MODERADO,,0,0,
1137803101,REVISION_MANUAL,66,0.3,MODERADO,R005|R012,2,1,
1137904102,RECHAZADO,26,0.3,MODERADO,R002|R005,2,0,
1138002103,RECHAZADO,24,0.3,MODERADO,R009,1,0,
1138102103,APROBADO,83,0.3,MODERADO,R001|R012,2,1,
1138203101,APROBADO,85,0.3,MODERADO,R001|R012,2,1,
1138301101,RECHAZADO,55,0.3,MODERADO,R005,1,0,
1138411101,RECHAZADO,27,0.3,MODERADO,R004|R005,2,0,
1138511101,APROBADO,100,0.3,MODERADO,R001|R005|R012|R015,4,2,
1138609101,RECHAZADO,40,0.3,MODERADO,,0,0,
1138703103,RECHAZADO,12,0.3,MODERADO,R004,1,0,
1138804103,RECHAZADO,26,0.3,MODERADO,R009,1,0,
1138902102,RECHAZADO,56,0.3,MODERADO,R001|R004|R005|R006|R010,5,0,
1139020102,RECHAZADO,52,0.3,MODERADO,R001|R004|R012,3,1,
1139104101,RECHAZADO,0,0.3,MODERADO,R004|R010,2,0,
1139202102,RECHAZADO,41,0.3,MODERADO,,0,0,
1139305102,APROBADO,96,0.3,MODERADO,R001|R005|R015,3,1,
1139410101,RECHAZADO,10,0.3,MODERADO,R002|R005,2,0,
1139502102,REVISION_MANUAL,71,0.3,MODERADO,R001,1,0,
1139606101,RECHAZADO,42,0.3,MODERADO,R005,1,0,
1139712101,RECHAZADO,14,0.3,MODERADO,R004|R005|R010,3,0,
1139804101,RECHAZADO,0,0.3,MODERADO,R004|R010,2,0,
1139907102,REVISION_MANUAL,70,0.3,MODERADO,R001|R012,2,1,
1140002102,RECHAZADO,22,0.3,MODERADO,R004|R012,2,1,
1140105101,APROBADO,85,0.3,MODERADO,R001|R012,2,1,
1140202104,RECHAZADO,55,0.3,MODERADO,R001|R010|R012,3,1,
1140314101,RECHAZADO,12,0.3,MODERADO,R004,1,0,
1140405102,RECHAZADO,46,0.3,MODERADO,R005,1,0,
1140504103,RECHAZADO,15,0.3,MODERADO,R004,1,0,
1140605101,REVISION_MANUAL,77,0.3,MODERADO,R005|R012|R015,3,2,
1140704101,RECHAZADO,35,0.3,MODERADO,R004|R005|R012,3,1,
1140810102,RECHAZADO,40,0.3,MODERADO,,0,0,
1140906103,RECHAZADO,15,0.3,MODERADO,R004,1,0,
1141004102,RECHAZADO,56,0.3,MODERADO,R005,1,0,
1141004201,RECHAZADO,38,0.3,MODERADO,,0,0,
1141113105,RECHAZADO,27,0.3,MODERADO,R010,1,0,
1141203101,APROBADO,82,0.3,MODERADO,R005|R012|R015,3,2,
1141303101,RECHAZADO,50,0.3,MODERADO,R002|R005|R015,3,1,
1141401102,REVISION_MANUAL,69,0.3,MODERADO,R001,1,0,
1141503101,RECHAZADO,6,0.3,MODERADO,R002,1,0,
1141604103,RECHAZADO,36,0.3,MODERADO,,0,0,
1141705102,REVISION_MANUAL,69,0.3,MODERADO,R001,1,0,
1141805102,RECHAZADO,30,0.3,MODERADO,,0,0,
1141906102,RECHAZADO,19,0.3,MODERADO,R002|R005,2,0,
1142005101,RECHAZADO,13,0.3,MODERADO,R004,1,0,
1142101101,APROBADO,100,0.3,MODERADO,R001|R005|R012,3,1,
1142206101,RECHAZADO,17,0.3,MODERADO,R010,1,0,
1142303103,REVISION_MANUAL,68,0.3,MODERADO,R001,1,0,
1142405103,REVISION_MANUAL,79,0.3,MODERADO,R001|R012,2,1,
1142502102,RECHAZADO,12,0.3,MODERADO,R004,1,0,
1142603101,REVISION_MANUAL,74,0.3,MODERADO,R001|R005,2,0,
1142704102,RECHAZADO,40,0.3,MODERADO,R012,1,1,
1142807104,RECHAZADO,24,0.3,MODERADO,R004|R012,2,1,
1142902103,RECHAZADO,8,0.3,MODERADO,R004|R009|R012,3,1,
1143002101,RECHAZADO,17,0.3,MODERADO,R002,1,0,
1143102101,RECHAZADO,32,0.3,MODERADO,,0,0,
1143205102,RECHAZADO,43,0.3,MODERADO,,0,0,
1143315101,RECHAZADO,40,0.3,MODERADO,,0,0,
1143404101,RECHAZADO,28,0.3,MODERADO,R004|R005,2,0,
1143504101,REVISION_MANUAL,62,0.3,MODERADO,R012,1,1,
1143604103,APROBADO,89,0.3,MODERADO,R001|R012,2,1,
1143715101,RECHAZADO,5,0.3,MODERADO,R002,1,0,
1143820101,APROBADO,96,0.3,MODERADO,R001|R005|R012,3,1,
1143907108,RECHAZADO,13,0.3,MODERADO,R009|R010,2,0,
1144018101,RECHAZADO,8,0.3,MODERADO,R002,1,0,
1144104101,APROBADO,100,0.3,MODERADO,R001|R005|R012|R015,4,2,
1144104201,RECHAZADO,28,0.3,MODERADO,R004|R005,2,0,
1144201102,RECHAZADO,0,0.3,MODERADO,R002,1,0,
1144301103,RECHAZADO,22,0.3,MODERADO,R004|R012,2,1,
1144402101,RECHAZADO,56,0.3,MODERADO,R012,1,1,
1144503103,RECHAZADO,10,0.3,MODERADO,R004|R009|R012,3,1,
1144602101,REVISION_MANUAL,69,0.3,MODERADO,R001|R006,2,0,
1144701101,RECHAZADO,55,0.3,MODERADO,R001|R004|R012,3,1,
1144819102,RECHAZADO,17,0.3,MODERADO,R002,1,0,
1144901103,RECHAZADO,7,0.3,MODERADO,R004|R010|R012,3,1,
1145001103,APROBADO,81,0.3,MODERADO,R001|R012,2,1,
1145102102,APROBADO,82,0.3,MODERADO,R001|R012,2,1,
1145203101,RECHAZADO,40,0.3,MODERADO,R004|R005|R012,3,1,
1145302102,RECHAZADO,59,0.3,MODERADO,R005|R012,2,1,
1145405103,RECHAZADO,16,0.3,MODERADO,R009,1,0,
1145504101,RECHAZADO,13,0.3,MODERADO,R004,1,0,
1145616103,RECHAZADO,24,0.3,MODERADO,R004|R012,2,1,
1145705102,APROBADO,85,0.3,MODERADO,R001|R005|R012,3,1,
1145810101,APROBADO,100,0.3,MODERADO,R001|R003|R012,3,1,
1145904101,REVISION_MANUAL,70,0.3,MODERADO,R001|R012,2,1,
1146006102,REVISION_MANUAL,69,0.3,MODERADO,R001|R004|R005|R006,4,0,
1146115101,APROBADO,82,0.3,MODERADO,R005|R012|R015,3,2,
1146217102,RECHAZADO,10,0.3,MODERADO,R004,1,0,
1146319103,RECHAZADO,39,0.3,MODERADO,R012,1,1,
1146402102,RECHAZADO,6,0.3,MODERADO,R002,1,0,
1146505103,RECHAZADO,47,0.3,MODERADO,R012,1,1,
1146604101,APROBADO,100,0.3,MODERADO,R001|R005|R012,3,1,
1146702104,RECHAZADO,12,0.3,MODERADO,R004,1,0,
1146804101,REVISION_MANUAL,71,0.3,MODERADO,R001,1,0,
1146901101,RECHAZADO,28,0.3,MODERADO,R004|R005,2,0,
1147004102,RECHAZADO,43,0.3,MODERADO,R012,1,1,
1147101101,APROBADO,96,0.3,MODERADO,R001|R005|R012,3,1,
1147203102,RECHAZADO,11,0.3,MODERADO,R002|R005,2,0,
1147303101,APROBADO,100,0.3,MODERADO,R001|R003|R005|R012|R015,5,2,
1147405102,RECHAZADO,27,0.3,MODERADO,R004|R005,2,0,
1147503101,RECHAZADO,51,0.3,MODERADO,R012,1,1,
1147603101,RECHAZADO,13,0.3,MODERADO,R004,1,0,
1147704102,RECHAZADO,37,0.3,MODERADO,R010|R012,2,1,
1147809102,RECHAZADO,22,0.3,MODERADO,R004|R012,2,1,
1147903101,RECHAZADO,44,0.3,MODERADO,R005,1,0,
1148004101,APROBADO,83,0.3,MODERADO,R001|R012,2,1,
1148101103,APROBADO,88,0.3,MODERADO,R001|R012,2,1,
1148209102,RECHAZADO,12,0.3,MODERADO,R004,1,0,
1148305101,APROBADO,81,0.3,MODERADO,R001|R012,2,1,
1148405101,RECHAZADO,56,0.3,MODERADO,R012,1,1,
1148504101,RECHAZADO,45,0.3,MODERADO,R005,1,0,
1148603102,RECHAZADO,13,0.3,MODERADO,R004,1,0,
1148705102,RECHAZADO,23,0.3,MODERADO,R004|R012,2,1,
1148801101,REVISION_MANUAL,73,0.3,MODERADO,R001|R004|R005|R012,4,1,
1148905102,APROBADO,100,0.3,MODERADO,R001|R005|R012|R015,4,2,
1149003102,RECHAZADO,52,0.3,MODERADO,R012,1,1,
1149101101,RECHAZADO,54,0.3,MODERADO,R005|R012,2,1,
1149204101,RECHAZADO,52,0.3,MODERADO,R001|R004|R012,3,1,
1149302103,RECHAZADO,24,0.3,MODERADO,R004|R012,2,1,
1149409101,RECHAZADO,55,0.3,MODERADO,R005,1,0,
1149511102,RECHAZADO,13,0.3,MODERADO,R004,1,0,
1149604101,APROBADO,86,0.3,MODERADO,R003|R012,2,1,
1149703101,RECHAZADO,25,0.3,MODERADO,R004|R005,2,0,
1149811101,RECHAZADO,46,0.3,MODERADO,R005,1,0,
1149915101,RECHAZADO,43,0.3,MODERADO,R005,1,0,
1150002101,RECHAZADO,28,0.3,MODERADO,R004|R005,2,0,
1150120102,RECHAZADO,55,0.3,MODERADO,R005,1,0,
1150205101,REVISION_MANUAL,75,0.3,MODERADO,R001|R005,2,0,
1150304102,RECHAZADO,10,0.3,MODERADO,R004,1,0,
1150405102,RECHAZADO,40,0.3,MODERADO,,0,0,
1150504102,REVISION_MANUAL,70,0.3,MODERADO,R001,1,0,
1150612102,RECHAZADO,38,0.3,MODERADO,,0,0,
1150701102,RECHAZADO,43,0.3,MODERADO,,0,0,
1150801102,RECHAZADO,16,0.3,MODERADO,R002,1,0,
1150905104,RECHAZADO,27,0.3,MODERADO,R010,1,0,
1151001101,RECHAZADO,12,0.3,MODERADO,R004,1,0,
1151104101,RECHAZADO,22,0.3,MODERADO,R004|R005|R010|R012,4,1,
1151220101,RECHAZADO,28,0.3,MODERADO,R004|R005,2,0,
1151304101,RECHAZADO,8,0.3,MODERADO,R002,1,0,
1151409101,RECHAZADO,59,0.3,MODERADO,R005|R012,2,1,
1151505104,RECHAZADO,51,0.3,MODERADO,R012,1,1,
1151609107,RECHAZADO,3,0.3,MODERADO,R009|R010,2,0,
1151703104,RECHAZADO,43,0.3,MODERADO,R001|R009|R010,3,0,
1151804102,RECHAZADO,13,0.3,MODERADO,R004,1,0,
1151906101,RECHAZADO,40,0.3,MODERADO,,0,0,
1152007104,RECHAZADO,1,0.3,MODERADO,R002,1,0,
1152102102,RECHAZADO,28,0.3,MODERADO,R009|R012,2,1,
1152210102,RECHAZADO,54,0.3,MODERADO,R005,1,0,
1152307101,RECHAZADO,28,0.3,MODERADO,R004|R005,2,0,
1152401101,RECHAZADO,38,0.3,MODERADO,,0,0,
1152502101,RECHAZADO,23,0.3,MODERADO,R004|R005,2,0,
1152603104,REVISION_MANUAL,68,0.3,MODERADO,R005|R012,2,1,
1152703102,RECHAZADO,10,0.3,MODERADO,R004|R009|R012,3,1,
1152804101,RECHAZADO,56,0.3,MODERADO,R001|R004|R005,3,0,
1152902102,RECHAZADO,22,0.3,MODERADO,R004|R012,2,1,
1153015101,RECHAZADO,57,0.3,MODERADO,R005,1,0,
1153102101,RECHAZADO,32,0.3,MODERADO,,0,0,
1153215101,APROBADO,88,0.3,MODERADO,R001|R005|R006,3,0,
1153307101,RECHAZADO,55,0.3,MODERADO,R001|R004|R005,3,0,
1153413101,RECHAZADO,48,0.3,MODERADO,R005,1,0,
1153502103,REVISION_MANUAL,79,0.3,MODERADO,R001|R012,2,1,
1153604102,RECHAZADO,42,0.3,MODERADO,,0,0,
1153707101,RECHAZADO,32,0.3,MODERADO,R005|R010,2,0,
1153819101,REVISION_MANUAL,68,0.3,MODERADO,R005|R012,2,1,
1153902101,APROBADO,99,0.3,MODERADO,R001|R005|R012,3,1,
1154005101,RECHAZADO,28,0.3,MODERADO,R004|R005,2,0,
1154101101,RECHAZADO,51,0.3,MODERADO,R012,1,1,
1154209101,RECHAZADO,52,0.3,MODERADO,R005|R010|R012,3,1,
1154303101,REVISION_MANUAL,76,0.3,MODERADO,R001|R005,2,0,
1154401103,APROBADO,86,0.3,MODERADO,R001|R012,2,1,
1154505101,RECHAZADO,26,0.3,MODERADO,R004|R005,2,0,
1154611101,APROBADO,87,0.3,MODERADO,R001|R005|R012,3,1,
1154720101,RECHAZADO,44,0.3,MODERADO,R012,1,1,
1154820102,RECHAZADO,25,0.3,MODERADO,,0,0,
1154903102,RECHAZADO,11,0.3,MODERADO,R004,1,0,
1155002101,RECHAZADO,28,0.3,MODERADO,R004|R005,2,0,
1155103101,REVISION_MANUAL,78,0.3,MODERADO,R003|R012,2,1,
1155203101,APROBADO,85,0.3,MODERADO,R001|R012,2,1,
1155305102,APROBADO,97,0.3,MODERADO,R001|R005|R006,3,0,
1155405104,RECHAZADO,0,0.3,MODERADO,R002|R004|R005,3,0,
1155505102,RECHAZADO,58,0.3,MODERADO,R001|R004|R012,3,1,
1155617104,RECHAZADO,26,0.3,MODERADO,,0,0,
1155702101,APROBADO,100,0.3,MODERADO,R001|R005|R012,3,1,
1155806101,RECHAZADO,27,0.3,MODERADO,R004|R005,2,0,
1155904101,RECHAZADO,44,0.3,MODERADO,R012,1,1,
1156015101,RECHAZADO,28,0.3,MODERADO,R004|R005,2,0,
1156113101,RECHAZADO,56,0.3,MODERADO,R005,1,0,
1156205101,APROBADO,89,0.3,MODERADO,R001|R012,2,1,
1156302102,RECHAZADO,25,0.3,MODERADO,R004|R005,2,0,
1156401102,RECHAZADO,55,0.3,MODERADO,R001|R004|R012,3,1,
1156520102,RECHAZADO,13,0.3,MODERADO,R004,1,0,
1156603102,APROBADO,95,0.3,MODERADO,R001|R012,2,1,
1156705102,REVISION_MANUAL,72,0.3,MODERADO,R001|R012,2,1,
1156801102,RECHAZADO,22,0.3,MODERADO,R004|R012,2,1,
1156903101,APROBADO,98,0.3,MODERADO,R001|R005|R012,3,1,
1157002101,REVISION_MANUAL,65,0.3,MODERADO,R005|R012,2,1,
1157105103,RECHAZADO,54,0.3,MODERADO,R012,1,1,
1157213101,REVISION_MANUAL,63,0.3,MODERADO,R005|R012,2,1,
1157312101,RECHAZADO,38,0.3,MODERADO,R004|R005|R012,3,1,
1157403102,RECHAZADO,55,0.3,MODERADO,R012,1,1,
1157504101,RECHAZADO,13,0.3,MODERADO,R004,1,0,
1157604101,RECHAZADO,41,0.3,MODERADO,,0,0,
1157705101,RECHAZADO,30,0.3,MODERADO,R005|R010,2,0,
1157817101,RECHAZADO,27,0.3,MODERADO,R004|R005,2,0,
1157903103,RECHAZADO,40,0.3,MODERADO,,0,0,
1158019101,RECHAZADO,47,0.3,MODERADO,R005,1,0,
1158105102,RECHAZADO,35,0.3,MODERADO,R004|R005|R012,3,1,
1158202101,RECHAZADO,25,0.3,MODERADO,R004|R005,2,0,
1158307102,REVISION_MANUAL,69,0.3,MODERADO,R001,1,0,
1158401101,RECHAZADO,38,0.3,MODERADO,R004|R005|R012,3,1,
1158508101,RECHAZADO,47,0.3,MODERADO,R005,1,0,
1158601104,APROBADO,100,0.3,MODERADO,R001|R005|R012,3,1,
1158703101,RECHAZADO,26,0.3,MODERADO,R004|R005,2,0,
1158819102,RECHAZADO,43,0.3,MODERADO,R001|R004,2,0,
1158915102,RECHAZADO,0,0.3,MODERADO,R002,1,0,
1159013102,RECHAZADO,10,0.3,MODERADO,R004,1,0,
1159105103,APROBADO,100,0.3,MODERADO,R001|R005|R012,3,1,
1159204101,RECHAZADO,5,0.3,MODERADO,R002,1,0,
1159306102,RECHAZADO,11,0.3,MODERADO,R004,1,0,
1159404101,RECHAZADO,55,0.3,MODERADO,R012,1,1,
1159504102,APROBADO,100,0.3,MODERADO,R001|R005|R012|R015,4,2,
1159604102,REVISION_MANUAL,77,0.3,MODERADO,R001|R005,2,0,
1159704102,APROBADO,100,0.3,MODERADO,R001|R005|R012|R015,4,2,
1159815103,RECHAZADO,10,0.3,MODERADO,R004,1,0,
1159903101,RECHAZADO,44,0.3,MODERADO,R005,1,0,
1160015101,RECHAZADO,45,0.3,MODERADO,R005,1,0,
1160112101,RECHAZADO,38,0.3,MODERADO,R004|R005|R012,3,1,
1160204101,RECHAZADO,28,0.3,MODERADO,,0,0,
1160305103,RECHAZADO,39,0.3,MODERADO,,0,0,
1160401101,RECHAZADO,10,0.3,MODERADO,R004,1,0,
1160503102,RECHAZADO,31,0.3,MODERADO,,0,0,
1160613101,RECHAZADO,17,0.3,MODERADO,R010,1,0,
1160701102,RECHAZADO,10,0.3,MODERADO,R004,1,0,
1160804102,RECHAZADO,25,0.3,MODERADO,R009,1,0,
1160905101,APROBADO,91,0.3,MODERADO,R001|R003|R010|R012,4,1,
1161015101,RECHAZADO,28,0.3,MODERADO,R004|R005,2,0,
1161104101,APROBADO,96,0.3,MODERADO,R001|R005|R015,3,1,
1161201101,APROBADO,86,0.3,MODERADO,R001|R012,2,1,
1161304104,RECHAZADO,11,0.3,MODERADO,R004|R009|R012,3,1,
1161402103,RECHAZADO,13,0.3,MODERADO,R004,1,0,
1161503101,APROBADO,89,0.3,MODERADO,R001|R005|R006,3,0,
1161604101,RECHAZADO,28,0.3,MODERADO,R004|R005,2,0,
1161701101,APROBADO,98,0.3,MODERADO,R001|R005|R012,3,1,
1161804101,RECHAZADO,26,0.3,MODERADO,R004|R012,2,1,
1161920102,RECHAZADO,57,0.3,MODERADO,R001|R004|R005,3,0,
1162002102,RECHAZADO,54,0.3,MODERADO,R012,1,1,
1162105101,RECHAZADO,58,0.3,MODERADO,R001|R004|R005,3,0,
1162211101,RECHAZADO,27,0.3,MODERADO,R004|R005,2,0,
1162304102,RECHAZADO,55,0.3,MODERADO,R005,1,0,
1162403101,REVISION_MANUAL,76,0.3,MODERADO,R001|R005,2,0,
1162512102,RECHAZADO,30,0.3,MODERADO,,0,0,
1162620102,RECHAZADO,53,0.3,MODERADO,R001|R004|R012,3,1,
1162702102,RECHAZADO,0,0.3,MODERADO,R002|R004,2,0,
1162803101,RECHAZADO,57,0.3,MODERADO,R005|R012,2,1,
1162901103,RECHAZADO,23,0.3,MODERADO,R004|R012,2,1,
1163003101,RECHAZADO,18,0.3,MODERADO,R002,1,0,
1163104102,RECHAZADO,43,0.3,MODERADO,,0,0,
1163217102,RECHAZADO,22,0.3,MODERADO,R004|R012,2,1,
1163301102,RECHAZADO,42,0.3,MODERADO,R001|R004,2,0,
1163402102,RECHAZADO,0,0.3,MODERADO,R002|R004,2,0,
1163501102,RECHAZADO,41,0.3,MODERADO,,0,0,
1163603101,RECHAZADO,59,0.3,MODERADO,R005|R012,2,1,
1163711102,RECHAZADO,12,0.3,MODERADO,R004,1,0,
1163801106,RECHAZADO,8,0.3,MODERADO,R004,1,0,
1163904101,RECHAZADO,13,0.3,MODERADO,R004,1,0,
1164009103,APROBADO,82,0.3,MODERADO,R001|R012,2,1,
1164104102,RECHAZADO,10,0.3,MODERADO,R004,1,0,
1164202101,RECHAZADO,28,0.3,MODERADO,R004|R005,2,0,
1164304105,RECHAZADO,26,0.3,MODERADO,R009,1,0,
1164405101,REVISION_MANUAL,70,0.3,MODERADO,R001,1,0,
1164505103,APROBADO,82,0.3,MODERADO,R001|R012,2,1,
1164608101,RECHAZADO,13,0.3,MODERADO,R004,1,0,
1164705101,RECHAZADO,15,0.3,MODERADO,R004,1,0,
1164814101,RECHAZADO,4,0.3,MODERADO,R002,1,0,
1164904101,REVISION_MANUAL,71,0.3,MODERADO,R001|R004|R005|R012,4,1,
1165002101,RECHAZADO,43,0.3,MODERADO,R012,1,1,
1165120101,APROBADO,96,0.3,MODERADO,R001|R005|R015,3,1,
1165218101,RECHAZADO,55,0.3,MODERADO,R005|R012,2,1,
1165306101,RECHAZADO,30,0.3,MODERADO,R005|R010,2,0,
1165418101,REVISION_MANUAL,68,0.3,MODERADO,R001,1,0,
1165514101,RECHAZADO,13,0.3,MODERADO,R004,1,0,
1165603101,APROBADO,96,0.3,MODERADO,R001|R005|R015,3,1,
1165719101,RECHAZADO,12,0.3,MODERADO,R004|R005|R010,3,0,
1165817102,RECHAZADO,58,0.3,MODERADO,R005,1,0,
1165904102,RECHAZADO,8,0.3,MODERADO,R002,1,0,
1166016101,APROBADO,100,0.3,MODERADO,R001|R005|R012|R015,4,2,
1166102101,REVISION_MANUAL,70,0.3,MODERADO,R001|R004|R005|R012,4,1,
1166203101,RECHAZADO,56,0.3,MODERADO,R012,1,1,
1166304103,RECHAZADO,59,0.3,MODERADO,R001|R004|R012,3,1,
1166401102,RECHAZADO,37,0.3,MODERADO,R004|R005|R012,3,1,
1166505101,RECHAZADO,46,0.3,MODERADO,R005,1,0,
1166615101,RECHAZADO,30,0.3,MODERADO,,0,0,
1166705102,RECHAZADO,39,0.3,MODERADO,,0,0,
1166819102,RECHAZADO,10,0.3,MODERADO,R002,1,0,
1166903102,RECHAZADO,13,0.3,MODERADO,R004,1,0,
1167004101,REVISION_MANUAL,69,0.3,MODERADO,R005|R012,2,1,
1167103102,APROBADO,98,0.3,MODERADO,R001|R005|R012,3,1,
1167204101,RECHAZADO,14,0.3,MODERADO,R002,1,0,
1167302101,APROBADO,84,0.3,MODERADO,R003|R005|R015,3,1,
1167405102,REVISION_MANUAL,62,0.3,MODERADO,R001,1,0,
1167512102,RECHAZADO,10,0.3,MODERADO,R004,1,0,
1167610101,REVISION_MANUAL,69,0.3,MODERADO,R001|R004|R005|R012,4,1,
1167709104,RECHAZADO,16,0.3,MODERADO,R009,1,0,
1167802101,APROBADO,87,0.3,MODERADO,R001|R005|R012,3,1,
1167911101,RECHAZADO,28,0.3,MODERADO,R004|R005,2,0,
1168005101,APROBADO,100,0.3,MODERADO,R001|R005|R012|R015,4,2,
1168102102,RECHAZADO,27,0.3,MODERADO,R004|R012,2,1,
1168213101,RECHAZADO,13,0.3,MODERADO,R004,1,0,
1168315101,RECHAZADO,31,0.3,MODERADO,,0,0,
1168403101,APROBADO,85,0.3,MODERADO,R001|R012,2,1,
1168504101,APROBADO,100,0.3,MODERADO,R001|R005|R012,3,1,
1168601101,REVISION_MANUAL,74,0.3,MODERADO,R001|R005,2,0,
1168714101,RECHAZADO,45,0.3,MODERADO,R005,1,0,
1168803103,RECHAZADO,10,0.3,MODERADO,R004|R009|R012,3,1,
1168913101,RECHAZADO,0,0.3,MODERADO,R002,1,0,
1169001102,RECHAZADO,30,0.3,MODERADO,,0,0,
1169113101,REVISION_MANUAL,70,0.3,MODERADO,R005|R012,2,1,
1169203101,APROBADO,96,0.3,MODERADO,R001|R005|R015,3,1,
1169303103,REVISION_MANUAL,69,0.3,MODERADO,R001,1,0,
1169401103,RECHAZADO,5,0.3,MODERADO,R002,1,0,
1169503101,APROBADO,85,0.3,MODERADO,R001|R012,2,1,
1169603102,RECHAZADO,13,0.3,MODERADO,R004,1,0,
1169702101,RECHAZADO,25,0.3,MODERADO,R002|R005,2,0,
1169818102,RECHAZADO,43,0.3,MODERADO,R005,1,0,
1169902103,RECHAZADO,25,0.3,MODERADO,R001|R004|R009|R010|R012,5,1,
1170004102,RECHAZADO,26,0.3,MODERADO,R004|R005,2,0,
1170108101,RECHAZADO,25,0.3,MODERADO,R004|R005,2,0,
1170203101,REVISION_MANUAL,66,0.3,MODERADO,R001|R004|R005|R012,4,1,
1170302102,RECHAZADO,50,0.3,MODERADO,R012,1,1,
1170401102,RECHAZADO,54,0.3,MODERADO,R001|R009,2,0,
1170505104,RECHAZADO,56,0.3,MODERADO,R001|R009,2,0,
1170620102,APROBADO,87,0.3,MODERADO,R001|R012,2,1,
1170704101,RECHAZADO,12,0.3,MODERADO,R004|R005|R010,3,0,
1170802102,APROBADO,80,0.3,MODERADO,R001|R012,2,1,
1170903102,RECHAZADO,59,0.3,MODERADO,R001,1,0,
1171001102,RECHAZADO,50,0.3,MODERADO,R012,1,1,
1171101101,REVISION_MANUAL,62,0.3,MODERADO,R012,1,1,
1171204102,RECHAZADO,28,0.3,MODERADO,R004|R012,2,1,
1171302101,REVISION_MANUAL,71,0.3,MODERADO,R001|R004|R005|R012,4,1,
1171403102,RECHAZADO,13,0.3,MODERADO,R004,1,0,
1171503101,REVISION_MANUAL,66,0.3,MODERADO,R005|R012,2,1,
1171608102,APROBADO,84,0.3,MODERADO,R001|R005,2,0,
1171704102,RECHAZADO,0,0.3,MODERADO,R002|R010,2,0,
1171803101,RECHAZADO,39,0.3,MODERADO,,0,0,
1171910101,RECHAZADO,24,0.3,MODERADO,R004|R005,2,0,
1172005103,RECHAZADO,24,0.3,MODERADO,R004|R012,2,1,
1172104101,RECHAZADO,46,0.3,MODERADO,R005,1,0,
1172202103,RECHAZADO,28,0.3,MODERADO,,0,0,
1172305101,RECHAZADO,43,0.3,MODERADO,R012,1,1,
1172403102,REVISION_MANUAL,75,0.3,MODERADO,R001|R005,2,0,
1172501102,RECHAZADO,10,0.3,MODERADO,R004,1,0,
1172602102,RECHAZADO,38,0.3,MODERADO,,0,0,
1172704105,RECHAZADO,51,0.3,MODERADO,R012,1,1,
1172801102,RECHAZADO,30,0.3,MODERADO,,0,0,
1172911102,REVISION_MANUAL,69,0.3,MODERADO,R001,1,0,
1173002102,RECHAZADO,29,0.3,MODERADO,R001|R004|R010,3,0,
1173113101,RECHAZADO,32,0.3,MODERADO,,0,0,
1173202101,RECHAZADO,27,0.3,MODERADO,,0,0,
1173301102,RECHAZADO,12,0.3,MODERADO,R004,1,0,
1173420101,RECHAZADO,43,0.3,MODERADO,R005,1,0,
1173514102,RECHAZADO,28,0.3,MODERADO,R004|R012,2,1,
1173604101,RECHAZADO,26,0.3,MODERADO,R004|R012,2,1,
1173719101,RECHAZADO,58,0.3,MODERADO,R005,1,0,
1173805101,RECHAZADO,28,0.3,MODERADO,R004|R005,2,0,
1173903101,REVISION_MANUAL,60,0.3,MODERADO,R005|R012,2,1,
1174002101,RECHAZADO,57,0.3,MODERADO,R005,1,0,
1174103101,APROBADO,97,0.3,MODERADO,R001|R012,2,1,
1174205101,RECHAZADO,0,0.3,MODERADO,R002|R004|R005,3,0,
1174301106,REVISION_MANUAL,69,0.3,MODERADO,R001|R010|R012,3,1,
1174402101,RECHAZADO,30,0.3,MODERADO,R004|R005,2,0,
1174502101,RECHAZADO,0,0.3,MODERADO,R002|R004|R005,3,0,
1174615101,RECHAZADO,52,0.3,MODERADO,R001|R004|R012,3,1,
1174704102,REVISION_MANUAL,68,0.3,MODERADO,R001|R004|R005|R012,4,1,
1174810101,APROBADO,96,0.3,MODERADO,R001|R005|R012,3,1,
1174904101,RECHAZADO,29,0.3,MODERADO,R002|R005,2,0,
1175003104,RECHAZADO,45,0.3,MODERADO,R012,1,1,
1175101101,RECHAZADO,20,0.3,MODERADO,R002|R005,2,0,
1175203101,APROBADO,100,0.3,MODERADO,R001|R005|R012,3,1,
1175304101,RECHAZADO,22,0.3,MODERADO,R004|R012,2,1,
1175403102,REVISION_MANUAL,61,0.3,MODERADO,R001,1,0,
1175504102,RECHAZADO,46,0.3,MODERADO,R001|R009,2,0,
1175607101,APROBADO,89,0.3,MODERADO,R001|R005|R012,3,1,
1175715104,RECHAZADO,28,0.3,MODERADO,,0,0,
1175801102,RECHAZADO,0,0.3,MODERADO,R004|R009,2,0,
1175920102,RECHAZADO,43,0.3,MODERADO,R001|R004,2,0,
1176019101,APROBADO,94,0.3,MODERADO,R001|R005|R015,3,1,
1176102101,RECHAZADO,54,0.3,MODERADO,R012,1,1,
1176202101,RECHAZADO,56,0.3,MODERADO,R012,1,1,
1176301103,REVISION_MANUAL,79,0.3,MODERADO,R001|R012,2,1,
1176402102,APROBADO,100,0.3,MODERADO,R001|R005|R012|R015,4,2,
1176504102,RECHAZADO,12,0.3,MODERADO,R004,1,0,
1176609102,RECHAZADO,40,0.3,MODERADO,,0,0,
1176714102,RECHAZADO,0,0.3,MODERADO,R004|R010,2,0,
1176802104,RECHAZADO,0,0.3,MODERADO,R002|R004|R009|R010,4,0,
1176905101,APROBADO,96,0.3,MODERADO,R001|R005|R015,3,1,
1177001104,RECHAZADO,12,0.3,MODERADO,R004,1,0,
1177102105,RECHAZADO,8,0.3,MODERADO,R004,1,0,
1177205101,RECHAZADO,41,0.3,MODERADO,,0,0,
1177319101,RECHAZADO,44,0.3,MODERADO,R012,1,1,
1177404101,APROBADO,86,0.3,MODERADO,R001|R012,2,1,
1177503101,RECHAZADO,38,0.3,MODERADO,R004|R005|R012,3,1,
1177605101,RECHAZADO,51,0.3,MODERADO,R012,1,1,
1177703101,RECHAZADO,15,0.3,MODERADO,R002|R005,2,0,
1177816102,RECHAZADO,25,0.3,MODERADO,R004|R012,2,1,
1177901101,REVISION_MANUAL,76,0.3,MODERADO,R001|R005,2,0,
1178016102,REVISION_MANUAL,70,0.3,MODERADO,R001,1,0,
1178112103,RECHAZADO,28,0.3,MODERADO,,0,0,
1178205101,RECHAZADO,44,0.3,MODERADO,R005,1,0,
1178306101,RECHAZADO,36,0.3,MODERADO,R004|R005|R012,3,1,
1178403101,REVISION_MANUAL,71,0.3,MODERADO,R001|R012,2,1,
1178512102,RECHAZADO,11,0.3,MODERADO,R004,1,0,
1178619101,APROBADO,89,0.3,MODERADO,R001|R005|R006,3,0,
1178704101,RECHAZADO,28,0.3,MODERADO,R004|R005,2,0,
1178804101,RECHAZADO,37,0.3,MODERADO,R010|R012,2,1,
1178902101,APROBADO,84,0.3,MODERADO,R001|R005,2,0,
1179005101,RECHAZADO,14,0.3,MODERADO,R004|R005|R010,3,0,
1179109102,RECHAZADO,42,0.3,MODERADO,R012,1,1,
1179202102,RECHAZADO,43,0.3,MODERADO,,0,0,
1179303102,RECHAZADO,11,0.3,MODERADO,R004,1,0,
1179419102,RECHAZADO,10,0.3,MODERADO,R004,1,0,
1179502101,RECHAZADO,53,0.3,MODERADO,R012,1,1,
1179603104,RECHAZADO,55,0.3,MODERADO,R001|R004|R012,3,1,
1179701101,RECHAZADO,52,0.3,MODERADO,R012,1,1,
1179801101,RECHAZADO,23,0.3,MODERADO,R004|R012,2,1,
1179901101,APROBADO,94,0.3,MODERADO,R001|R006|R012,3,1,
1180004101,APROBADO,99,0.3,MODERADO,R001|R005|R012,3,1,
1180118102,RECHAZADO,3,0.3,MODERADO,R002,1,0,
1180203104,RECHAZADO,11,0.3,MODERADO,R004,1,0,
1180306101,RECHAZADO,44,0.3,MODERADO,R005,1,0,
1180401101,RECHAZADO,42,0.3,MODERADO,R012,1,1,
1180501101,RECHAZADO,23,0.3,MODERADO,R004|R012,2,1,
1180601101,APROBADO,100,0.3,MODERADO,R001|R005|R012,3,1,
1180701101,RECHAZADO,58,0.3,MODERADO,R005|R012,2,1,
1180818102,APROBADO,82,0.3,MODERADO,R001|R006,2,0,
1180913101,REVISION_MANUAL,74,0.3,MODERADO,R005|R012,2,1,
1181001104,RECHAZADO,0,0.3,MODERADO,R002|R004,2,0,
1181105101,RECHAZADO,0,0.3,MODERADO,R002,1,0,
1181202102,RECHAZADO,52,0.3,MODERADO,R001|R004|R012,3,1,
1181315101,RECHAZADO,28,0.3,MODERADO,R004|R005,2,0,
1181411103,RECHAZADO,27,0.3,MODERADO,,0,0,
1181502101,RECHAZADO,0,0.3,MODERADO,R002|R004,2,0,
1181603103,APROBADO,100,0.3,MODERADO,R001|R012,2,1,
1181704102,RECHAZADO,36,0.3,MODERADO,,0,0,
1181801105,RECHAZADO,42,0.3,MODERADO,R001|R004|R010|R012,4,1,
1181904103,RECHAZADO,39,0.3,MODERADO,,0,0,
1182017102,REVISION_MANUAL,71,0.3,MODERADO,R001,1,0,
1182102101,APROBADO,100,0.3,MODERADO,R001|R005|R012,3,1,
1182205102,APROBADO,99,0.3,MODERADO,R001|R005|R012,3,1,
1182303101,RECHAZADO,10,0.3,MODERADO,R002|R005,2,0,
1182403102,RECHAZADO,23,0.3,MODERADO,R004|R012,2,1,
1182505102,APROBADO,100,0.3,MODERADO,R001|R005|R012,3,1,
1182602101,REVISION_MANUAL,77,0.3,MODERADO,R001|R012,2,1,
1182703102,RECHAZADO,40,0.3,MODERADO,R012,1,1,
1182803101,RECHAZADO,38,0.3,MODERADO,,0,0,
1182903101,REVISION_MANUAL,67,0.3,MODERADO,R005|R012,2,1,
1183004102,RECHAZADO,0,0.3,MODERADO,R002,1,0,
1183103102,RECHAZADO,27,0.3,MODERADO,R009,1,0,
1183201101,RECHAZADO,41,0.3,MODERADO,,0,0,
1183304104,RECHAZADO,4,0.3,MODERADO,R002,1,0,
1183401102,RECHAZADO,42,0.3,MODERADO,,0,0,
1183505102,RECHAZADO,11,0.3,MODERADO,R004,1,0,
1183604102,REVISION_MANUAL,72,0.3,MODERADO,R001|R004|R005|R006,4,0,
1183701102,RECHAZADO,52,0.3,MODERADO,R001|R004|R012,3,1,
1183801104,RECHAZADO,50,0.3,MODERADO,R012,1,1,
1183905102,APROBADO,95,0.3,MODERADO,R001|R005|R012,3,1,
1184002102,REVISION_MANUAL,73,0.3,MODERADO,R001|R006,2,0,
1184115101,RECHAZADO,6,0.3,MODERADO,R002,1,0,
1184202101,APROBADO,83,0.3,MODERADO,R001|R005,2,0,
1184304102,REVISION_MANUAL,77,0.3,MODERADO,R005|R012|R015,3,2,
1184402102,RECHAZADO,37,0.3,MODERADO,,0,0,
1184501102,RECHAZADO,46,0.3,MODERADO,R005,1,0,
1184601101,REVISION_MANUAL,61,0.3,MODERADO,R001,1,0,
1184708103,RECHAZADO,32,0.3,MODERADO,R005|R010,2,0,
1184803101,REVISION_MANUAL,61,0.3,MODERADO,R001,1,0,
1184901101,REVISION_MANUAL,70,0.3,MODERADO,R005|R012,2,1,
1185002102,RECHAZADO,40,0.3,MODERADO,R001|R004,2,0,
1185113101,RECHAZADO,55,0.3,MODERADO,R012,1,1,
1185201102,RECHAZADO,13,0.3,MODERADO,R004,1,0,
1185303101,RECHAZADO,23,0.3,MODERADO,R004|R012,2,1,
1185418101,REVISION_MANUAL,69,0.3,MODERADO,R001|R004|R005|R006,4,0,
1185517102,RECHAZADO,13,0.3,MODERADO,R004,1,0,
1185616202,RECHAZADO,4,0.3,MODERADO,R002,1,0,
1185616301,RECHAZADO,38,0.3,MODERADO,,0,0,
1185704102,RECHAZADO,13,0.3,MODERADO,R004,1,0,
1185804101,REVISION_MANUAL,71,0.3,MODERADO,R001,1,0,
1185911102,RECHAZADO,25,0.3,MODERADO,R004|R005,2,0,
1186002101,RECHAZADO,59,0.3,MODERADO,R005|R012,2,1,
1186105101,REVISION_MANUAL,73,0.3,MODERADO,R001|R004|R005|R012,4,1,
1186205101,REVISION_MANUAL,76,0.3,MODERADO,R001|R004|R005|R012,4,1,
1186303102,RECHAZADO,28,0.3,MODERADO,R004|R005,2,0,
1186414101,RECHAZADO,39,0.3,MODERADO,,0,0,
1186504101,RECHAZADO,38,0.3,MODERADO,R004|R005|R012,3,1,
1186607102,REVISION_MANUAL,72,0.3,MODERADO,R001|R006,2,0,
1186702101,RECHAZADO,28,0.3,MODERADO,R004|R005,2,0,
1186801103,RECHAZADO,0,0.3,MODERADO,R004|R009,2,0,
1186904103,APROBADO,92,0.3,MODERADO,R001|R012,2,1,
1187001101,APROBADO,100,0.3,MODERADO,R001|R005|R012|R015,4,2,
1187117101,RECHAZADO,40,0.3,MODERADO,,0,0,
1187204101,RECHAZADO,39,0.3,MODERADO,,0,0,
1187312102,RECHAZADO,13,0.3,MODERADO,R004,1,0,
1187419107,RECHAZADO,27,0.3,MODERADO,R010,1,0,
1187505101,RECHAZADO,25,0.3,MODERADO,R004|R005|R010|R012,4,1,
1187602102,RECHAZADO,11,0.3,MODERADO,R004,1,0,
1187709102,RECHAZADO,59,0.3,MODERADO,R001,1,0,
1187805101,APROBADO,83,0.3,MODERADO,R001|R005,2,0,
1187909102,RECHAZADO,25,0.3,MODERADO,R004|R005,2,0,
1188001101,RECHAZADO,58,0.3,MODERADO,R001|R004|R005,3,0,
1188103103,RECHAZADO,16,0.3,MODERADO,R009,1,0,
1188211101,RECHAZADO,40,0.3,MODERADO,,0,0,
1188309101,RECHAZADO,14,0.3,MODERADO,R004|R005|R010,3,0,
1188414102,RECHAZADO,0,0.3,MODERADO,R002,1,0,
1188501101,APROBADO,92,0.3,MODERADO,R001|R012,2,1,
1188606101,RECHAZADO,33,0.3,MODERADO,,0,0,
1188705101,APROBADO,87,0.3,MODERADO,R005|R012|R015,3,2,
1188802102,APROBADO,100,0.3,MODERADO,R001|R005|R012,3,1,
1188901102,RECHAZADO,27,0.3,MODERADO,R010,1,0,
1189005102,REVISION_MANUAL,68,0.3,MODERADO,R001,1,0,
1189101102,RECHAZADO,52,0.3,MODERADO,R001|R004|R006,3,0,
1189204102,APROBADO,100,0.3,MODERADO,R001|R005|R012,3,1,
1189305103,REVISION_MANUAL,64,0.3,MODERADO,R005|R012,2,1,
1189403102,RECHAZADO,23,0.3,MODERADO,R004|R012,2,1,
1189510101,RECHAZADO,26,0.3,MODERADO,R004|R005,2,0,
1189604101,RECHAZADO,40,0.3,MODERADO,R012,1,1,
1189702101,RECHAZADO,29,0.3,MODERADO,R002|R005,2,0,
1189814103,RECHAZADO,40,0.3,MODERADO,,0,0,
1189901102,REVISION_MANUAL,67,0.3,MODERADO,R005|R012,2,1,
1190002101,REVISION_MANUAL,61,0.3,MODERADO,R012,1,1,
1190102103,REVISION_MANUAL,71,0.3,MODERADO,R001|R004|R005|R012,4,1,
1190203102,RECHAZADO,17,0.3,MODERADO,R002|R006,2,0,
1190305102,RECHAZADO,10,0.3,MODERADO,R004|R009|R012,3,1,
1190402101,APROBADO,90,0.3,MODERADO,R001|R005|R012,3,1,
1190515102,RECHAZADO,13,0.3,MODERADO,R004,1,0,
1190605101,RECHAZADO,41,0.3,MODERADO,R004|R005|R012,3,1,
1190702101,APROBADO,97,0.3,MODERADO,R001|R005|R012,3,1,
1190806103,REVISION_MANUAL,68,0.3,MODERADO,R001,1,0,
1190905102,RECHAZADO,25,0.3,MODERADO,R004|R012,2,1,
1191009102,APROBADO,84,0.3,MODERADO,R001|R012,2,1,
1191114101,RECHAZADO,28,0.3,MODERADO,R004|R005,2,0,
1191210102,RECHAZADO,55,0.3,MODERADO,R005,1,0,
1191301103,RECHAZADO,22,0.3,MODERADO,R004|R012,2,1,
1191402102,RECHAZADO,22,0.3,MODERADO,R004|R012,2,1,
1191504101,RECHAZADO,28,0.3,MODERADO,R004|R005,2,0,
1191602102,REVISION_MANUAL,74,0.3,MODERADO,R001|R012,2,1,
1191711101,RECHAZADO,42,0.3,MODERADO,R005,1,0,
1191801104,RECHAZADO,0,0.3,MODERADO,R002|R009,2,0,
1191905102,REVISION_MANUAL,70,0.3,MODERADO,R001,1,0,
1192012103,RECHAZADO,59,0.3,MODERADO,R001|R006|R010,3,0,
1192114102,RECHAZADO,29,0.3,MODERADO,,0,0,
1192203103,APROBADO,82,0.3,MODERADO,R001|R012,2,1,
1192301103,RECHAZADO,1,0.3,MODERADO,R004|R009,2,0,
1192405103,RECHAZADO,8,0.3,MODERADO,R004|R009|R012,3,1,
1192504101,RECHAZADO,30,0.3,MODERADO,,0,0,
1192617103,RECHAZADO,17,0.3,MODERADO,R010,1,0,
1192702101,REVISION_MANUAL,71,0.3,MODERADO,R001|R004|R005|R012,4,1,
1192810101,RECHAZADO,8,0.3,MODERADO,R004,1,0,
1192910102,REVISION_MANUAL,67,0.3,MODERADO,R001|R010|R012,3,1,
1193012101,APROBADO,100,0.3,MODERADO,R001|R005|R012,3,1,
1193103102,RECHAZADO,25,0.3,MODERADO,R010,1,0,
1193202102,RECHAZADO,55,0.3,MODERADO,R005,1,0,
1193302101,RECHAZADO,26,0.3,MODERADO,R004|R005,2,0,
1193403101,APROBADO,100,0.3,MODERADO,R001|R005|R012,3,1,
1193505101,RECHAZADO,31,0.3,MODERADO,,0,0,
1193604101,RECHAZADO,58,0.3,MODERADO,R005|R012,2,1,
1193704103,RECHAZADO,0,0.3,MODERADO,R002|R010,2,0,
1193804102,REVISION_MANUAL,68,0.3,MODERADO,R001|R004|R005|R012,4,1,
1193905101,RECHAZADO,41,0.3,MODERADO,,0,0,
1194017102,RECHAZADO,41,0.3,MODERADO,R004|R005|R012,3,1,
1194102101,REVISION_MANUAL,68,0.3,MODERADO,R001,1,0,
1194204103,RECHAZADO,25,0.3,MODERADO,R010,1,0,
1194304101,APROBADO,90,0.3,MODERADO,R001|R005|R012,3,1,
1194405101,RECHAZADO,53,0.3,MODERADO,R001|R004|R005,3,0,
1194503102,REVISION_MANUAL,70,0.3,MODERADO,R001|R005|R010,3,0,
1194602101,APROBADO,90,0.3,MODERADO,R001|R012,2,1,
1194704101,RECHAZADO,17,0.3,MODERADO,R010,1,0,
1194805102,APROBADO,83,0.3,MODERADO,R001|R012,2,1,
1194905101,RECHAZADO,57,0.3,MODERADO,R012,1,1,
1195009101,RECHAZADO,0,0.3,MODERADO,R004|R009,2,0,
1195116104,RECHAZADO,27,0.3,MODERADO,R010,1,0,
1195203101,RECHAZADO,0,0.3,MODERADO,R002|R004|R005,3,0,
1195305106,RECHAZADO,9,0.3,MODERADO,R004|R010|R012,3,1,
1195401102,APROBADO,82,0.3,MODERADO,R001|R012,2,1,
1195504102,RECHAZADO,52,0.3,MODERADO,R001|R004|R012,3,1,
1195601103,RECHAZADO,20,0.3,MODERADO,R004|R012,2,1,
1195704101,APROBADO,100,0.3,MODERADO,R001|R005|R012|R015,4,2,
1195803102,RECHAZADO,41,0.3,MODERADO,R004|R005|R012,3,1,
1195909101,RECHAZADO,45,0.3,MODERADO,R005,1,0,
1196002104,RECHAZADO,25,0.3,MODERADO,,0,0,
1196102101,RECHAZADO,11,0.3,MODERADO,R004|R009|R012,3,1,
1196220102,RECHAZADO,50,0.3,MODERADO,R012,1,1,
1196304104,RECHAZADO,43,0.3,MODERADO,,0,0,
1196416101,RECHAZADO,27,0.3,MODERADO,R004|R005,2,0,
1196501101,APROBADO,95,0.3,MODERADO,R001|R005|R012,3,1,
1196602101,RECHAZADO,40,0.3,MODERADO,,0,0,
1196712102,RECHAZADO,0,0.3,MODERADO,R004|R010,2,0,
1196805101,RECHAZADO,27,0.3,MODERADO,R004|R005,2,0,
1196903101,REVISION_MANUAL,68,0.3,MODERADO,R001|R004|R005|R012,4,1,
1197002101,REVISION_MANUAL,71,0.3,MODERADO,R001|R004|R005|R012,4,1,
1197103102,APROBADO,96,0.3,MODERADO,R001|R005|R012,3,1,
1197203101,RECHAZADO,11,0.3,MODERADO,R004,1,0,
1197305102,RECHAZADO,39,0.3,MODERADO,R004|R005|R012,3,1,
1197409102,RECHAZADO,57,0.3,MODERADO,R001|R004|R006,3,0,
1197520101,RECHAZADO,42,0.3,MODERADO,R005|R010,2,0,
1197618103,APROBADO,84,0.3,MODERADO,R001|R005|R006|R010,4,0,
1197705102,RECHAZADO,40,0.3,MODERADO,,0,0,
1197805101,RECHAZADO,10,0.3,MODERADO,R004,1,0,
1197902101,RECHAZADO,17,0.3,MODERADO,R002|R006,2,0,
1198003101,REVISION_MANUAL,76,0.3,MODERADO,R005|R012|R015,3,2,
1198105101,RECHAZADO,41,0.3,MODERADO,R012,1,1,
1198201104,RECHAZADO,8,0.3,MODERADO,R004|R009|R012,3,1,
1198303101,RECHAZADO,25,0.3,MODERADO,R004|R005,2,0,
1198405102,REVISION_MANUAL,71,0.3,MODERADO,R001|R004|R005|R012,4,1,
1198518101,RECHAZADO,28,0.3,MODERADO,R004|R005,2,0,
1198601102,RECHAZADO,59,0.3,MODERADO,R001,1,0,
1198703101,RECHAZADO,59,0.3,MODERADO,R012,1,1,
1198810101,RECHAZADO,29,0.3,MODERADO,,0,0,
1198905103,RECHAZADO,52,0.3,MODERADO,R012,1,1,
1199002101,APROBADO,83,0.3,MODERADO,R001|R005,2,0,
1199105101,REVISION_MANUAL,71,0.3,MODERADO,R001|R004|R005|R012,4,1,
1199206104,RECHAZADO,17,0.3,MODERADO,R010,1,0,
1199315101,RECHAZADO,30,0.3,MODERADO,,0,0,
1199403102,RECHAZADO,11,0.3,MODERADO,R004,1,0,
1199505101,RECHAZADO,43,0.3,MODERADO,,0,0,
1199603106,RECHAZADO,37,0.3,MODERADO,R010|R012,2,1,
1199716101,RECHAZADO,29,0.3,MODERADO,,0,0,
1199803101,RECHAZADO,52,0.3,MODERADO,R012,1,1,
1199902101,REVISION_MANUAL,77,0.3,MODERADO,R005|R012|R015,3,2,
1200008102,RECHAZADO,15,0.3,MODERADO,R004,1,0,
1200105105,RECHAZADO,48,0.3,MODERADO,R012,1,1,
1200205101,RECHAZADO,29,0.3,MODERADO,,0,0,
1200305103,RECHAZADO,40,0.3,MODERADO,,0,0,
1200402102,RECHAZADO,28,0.3,MODERADO,R004|R005,2,0,
1200504101,RECHAZADO,11,0.3,MODERADO,R002|R005,2,0,
1200605104,APROBADO,100,0.3,MODERADO,R001|R005|R012,3,1,
1200701102,RECHAZADO,30,0.3,MODERADO,,0,0,
1200818101,RECHAZADO,57,0.3,MODERADO,R005|R012,2,1,
1200901101,RECHAZADO,28,0.3,MODERADO,R004|R005,2,0,
1201002101,APROBADO,85,0.3,MODERADO,R001|R012,2,1,
1201104102,REVISION_MANUAL,62,0.3,MODERADO,R001,1,0,
1201205101,REVISION_MANUAL,72,0.3,MODERADO,R001|R012,2,1,
1201320103,REVISION_MANUAL,60,0.3,MODERADO,R001,1,0,
1201404101,RECHAZADO,45,0.3,MODERADO,R005,1,0,
1201520101,RECHAZADO,28,0.3,MODERADO,R004|R005,2,0,
1201603102,RECHAZADO,30,0.3,MODERADO,R004|R005,2,0,
1201702101,APROBADO,91,0.3,MODERADO,R005|R012|R015,3,2,
1201804101,REVISION_MANUAL,67,0.3,MODERADO,R005|R012,2,1,
1201901102,RECHAZADO,30,0.3,MODERADO,R004|R005,2,0,
1202004102,REVISION_MANUAL,70,0.3,MODERADO,R005|R012,2,1,
1202103101,RECHAZADO,51,0.3,MODERADO,R012,1,1,
1202206101,REVISION_MANUAL,68,0.3,MODERADO,R005|R012,2,1,
1202301102,RECHAZADO,12,0.3,MODERADO,R004|R005|R010,3,0,
1202402101,APROBADO,100,0.3,MODERADO,R001|R005|R012|R015,4,2,
1202503101,RECHAZADO,58,0.3,MODERADO,R005|R012,2,1,
1202603101,APROBADO,89,0.3,MODERADO,R001|R005|R012,3,1,
1202701102,RECHAZADO,4,0.3,MODERADO,R002,1,0,
1202804101,REVISION_MANUAL,74,0.3,MODERADO,R003|R012,2,1,
1202905101,REVISION_MANUAL,78,0.3,MODERADO,R005|R012|R015,3,2,
1203002103,RECHAZADO,8,0.3,MODERADO,R004,1,0,
1203108101,RECHAZADO,43,0.3,MODERADO,,0,0,
1203204101,RECHAZADO,52,0.3,MODERADO,R012,1,1,
1203304104,RECHAZADO,0,0.3,MODERADO,R004|R009,2,0,
1203401101,APROBADO,86,0.3,MODERADO,R001|R005,2,0,
1203502101,APROBADO,100,0.3,MODERADO,R001|R005|R012|R015,4,2,
1203602101,APROBADO,85,0.3,MODERADO,R001|R012,2,1,
1203705101,RECHAZADO,41,0.3,MODERADO,,0,0,
1203811102,RECHAZADO,56,0.3,MODERADO,R001|R009,2,0,
1203903103,APROBADO,98,0.3,MODERADO,R001|R005|R012,3,1,
1204001101,RECHAZADO,50,0.3,MODERADO,R002|R005|R015,3,1,
1204110101,RECHAZADO,55,0.3,MODERADO,R005,1,0,
1204216101,RECHAZADO,26,0.3,MODERADO,R004|R005,2,0,
1204304101,RECHAZADO,44,0.3,MODERADO,R004|R005|R012,3,1,
1204401102,RECHAZADO,50,0.3,MODERADO,R012,1,1,
1204503101,RECHAZADO,30,0.3,MODERADO,R005|R010,2,0,
1204601101,RECHAZADO,45,0.3,MODERADO,R005,1,0,
1204702101,RECHAZADO,46,0.3,MODERADO,R010|R012,2,1,
1204801105,RECHAZADO,10,0.3,MODERADO,R004,1,0,
1204904101,RECHAZADO,46,0.3,MODERADO,R005,1,0,
1205013104,RECHAZADO,26,0.3,MODERADO,,0,0,
1205102103,APROBADO,85,0.3,MODERADO,R001|R012,2,1,
1205216103,RECHAZADO,13,0.3,MODERADO,R004,1,0,
1205302102,RECHAZADO,49,0.3,MODERADO,R012,1,1,
1205402101,RECHAZADO,42,0.3,MODERADO,R012,1,1,
1205501102,RECHAZADO,30,0.3,MODERADO,,0,0,
1205605101,APROBADO,100,0.3,MODERADO,R001|R005|R012|R015,4,2,
1205715103,RECHAZADO,40,0.3,MODERADO,,0,0,
1205801101,REVISION_MANUAL,75,0.3,MODERADO,R001|R005,2,0,
1205918101,RECHAZADO,12,0.3,MODERADO,R004,1,0,
1206003101,APROBADO,88,0.3,MODERADO,R001|R012,2,1,
1206101101,RECHAZADO,0,0.3,MODERADO,R002|R010,2,0,
1206209102,RECHAZADO,30,0.3,MODERADO,R004|R012,2,1,
1206303101,RECHAZADO,53,0.3,MODERADO,R005,1,0,
1206405101,APROBADO,100,0.3,MODERADO,R001|R005|R012,3,1,
1206518101,RECHAZADO,12,0.3,MODERADO,R004|R005|R010,3,0,
1206602102,RECHAZADO,56,0.3,MODERADO,R001,1,0,
1206709105,REVISION_MANUAL,66,0.3,MODERADO,R001|R009|R012,3,1,
1206806101,RECHAZADO,47,0.3,MODERADO,R005,1,0,
1206901102,APROBADO,100,0.3,MODERADO,R001|R005|R012|R015,4,2,
1207016102,RECHAZADO,50,0.3,MODERADO,R012,1,1,
1207105101,RECHAZADO,2,0.3,MODERADO,R002|R009,2,0,
1207203101,RECHAZADO,38,0.3,MODERADO,R004|R005|R012,3,1,
1207304102,APROBADO,82,0.3,MODERADO,R001|R012,2,1,
1207403101,RECHAZADO,55,0.3,MODERADO,R005|R012,2,1,
1207504102,RECHAZADO,27,0.3,MODERADO,R002|R005|R006|R010,4,0,
1207608102,REVISION_MANUAL,74,0.3,MODERADO,R001|R005,2,0,
1207701101,APROBADO,91,0.3,MODERADO,R001|R005|R012,3,1,
1207801101,RECHAZADO,22,0.3,MODERADO,R002|R005,2,0,
1207902104,RECHAZADO,17,0.3,MODERADO,R010,1,0,
1208001102,RECHAZADO,55,0.3,MODERADO,R002|R005|R006|R015,4,1,
1208102101,RECHAZADO,26,0.3,MODERADO,R004|R005,2,0,
1208210101,RECHAZADO,41,0.3,MODERADO,,0,0,
1208314101,RECHAZADO,43,0.3,MODERADO,,0,0,
1208401103,REVISION_MANUAL,69,0.3,MODERADO,R001|R012,2,1,
1208517102,RECHAZADO,12,0.3,MODERADO,R004,1,0,
1208602101,APROBADO,93,0.3,MODERADO,R001|R003,2,0,
1208704101,RECHAZADO,0,0.3,MODERADO,R002,1,0,
1208801101,RECHAZADO,53,0.3,MODERADO,R002|R003|R005,3,0,
1208901102,RECHAZADO,43,0.3,MODERADO,,0,0,
1209005102,RECHAZADO,25,0.3,MODERADO,R009|R012,2,1,
1209103102,REVISION_MANUAL,69,0.3,MODERADO,R001,1,0,
1209203101,APROBADO,95,0.3,MODERADO,R001|R005|R012,3,1,
1209303101,RECHAZADO,38,0.3,MODERADO,,0,0,
1209403102,RECHAZADO,37,0.3,MODERADO,R004|R005|R012,3,1,
1209506101,REVISION_MANUAL,73,0.3,MODERADO,R003|R005,2,0,
1209601101,APROBADO,81,0.3,MODERADO,R001|R012,2,1,
1209705101,RECHAZADO,9,0.3,MODERADO,R002|R005,2,0,
1209804103,APROBADO,84,0.3,MODERADO,R001|R012,2,1,
1209902102,RECHAZADO,39,0.3,MODERADO,R012,1,1,
1210017102,RECHAZADO,13,0.3,MODERADO,R004,1,0,
1210104102,APROBADO,100,0.3,MODERADO,R001|R005|R012,3,1,
1210201101,RECHAZADO,27,0.3,MODERADO,R004|R005,2,0,
1210302101,RECHAZADO,13,0.3,MODERADO,R004,1,0,
1210402104,RECHAZADO,7,0.3,MODERADO,R004|R009|R012,3,1,
1210505101,APROBADO,95,0.3,MODERADO,R001|R012,2,1,
1210603102,APROBADO,100,0.3,MODERADO,R001|R003|R005|R012|R015,5,2,
1210704102,APROBADO,84,0.3,MODERADO,R001|R005|R012,3,1,
1210804103,REVISION_MANUAL,68,0.3,MODERADO,R001,1,0,
1210905102,RECHAZADO,25,0.3,MODERADO,R004|R012,2,1,
1211003102,RECHAZADO,0,0.3,MODERADO,R004|R010,2,0,
1211117102,RECHAZADO,13,0.3,MODERADO,R009|R010,2,0,
1211201101,REVISION_MANUAL,73,0.3,MODERADO,R001,1,0,
1211305102,RECHAZADO,28,0.3,MODERADO,R004|R005,2,0,
1211412102,RECHAZADO,28,0.3,MODERADO,R004|R005,2,0,
1211501101,REVISION_MANUAL,60,0.3,MODERADO,R001|R005|R010,3,0,
1211604102,RECHAZADO,51,0.3,MODERADO,R012,1,1,
1211719101,RECHAZADO,38,0.3,MODERADO,R004|R005|R012,3,1,
1211805102,RECHAZADO,25,0.3,MODERADO,R004|R005,2,0,
1211901101,REVISION_MANUAL,68,0.3,MODERADO,R005|R012,2,1,
1212004101,APROBADO,100,0.3,MODERADO,R001|R005|R012,3,1,
1212110102,RECHAZADO,44,0.3,MODERADO,R005,1,0,
1212204101,RECHAZADO,45,0.3,MODERADO,R005,1,0,
1212303103,RECHAZADO,7,0.3,MODERADO,R004|R009|R012,3,1,
1212401101,RECHAZADO,56,0.3,MODERADO,R012,1,1,
1212502104,RECHAZADO,27,0.3,MODERADO,R010|R012,2,1,
1212603101,REVISION_MANUAL,68,0.3,MODERADO,R005|R012,2,1,
1212703101,RECHAZADO,39,0.3,MODERADO,,0,0,
1212802103,RECHAZADO,52,0.3,MODERADO,R012,1,1,
1212919102,RECHAZADO,13,0.3,MODERADO,R004,1,0,
1213002101,RECHAZADO,22,0.3,MODERADO,R004|R012,2,1,
1213105101,RECHAZADO,43,0.3,MODERADO,,0,0,
1213213101,RECHAZADO,32,0.3,MODERADO,R005|R010,2,0,
1213303102,RECHAZADO,39,0.3,MODERADO,,0,0,
1213403101,APROBADO,100,0.3,MODERADO,R001|R005|R012,3,1,
1213514104,RECHAZADO,7,0.3,MODERADO,R004|R009|R012,3,1,
1213603101,RECHAZADO,57,0.3,MODERADO,R012,1,1,
1213705101,RECHAZADO,45,0.3,MODERADO,R005,1,0,
1213803101,REVISION_MANUAL,79,0.3,MODERADO,R001|R012,2,1,
1213917101,RECHAZADO,44,0.3,MODERADO,R012,1,1,
1214003101,RECHAZADO,41,0.3,MODERADO,,0,0,
1214115101,RECHAZADO,40,0.3,MODERADO,,0,0,
1214203101,RECHAZADO,56,0.3,MODERADO,R012,1,1,
1214311103,RECHAZADO,49,0.3,MODERADO,R012,1,1,
1214405101,RECHAZADO,41,0.3,MODERADO,R004|R005|R012,3,1,
1214516102,APROBADO,85,0.3,MODERADO,R001|R012,2,1,
1214604101,REVISION_MANUAL,64,0.3,MODERADO,R005|R015,2,1,
1214703102,RECHAZADO,30,0.3,MODERADO,,0,0,
1214820101,RECHAZADO,55,0.3,MODERADO,R012,1,1,
1214910102,RECHAZADO,14,0.3,MODERADO,R004|R005|R010,3,0,
1215002101,RECHAZADO,48,0.3,MODERADO,R012,1,1,
1215101104,RECHAZADO,37,0.3,MODERADO,R004|R005|R012,3,1,
1215204103,RECHAZADO,43,0.3,MODERADO,R001|R004,2,0,
1215304101,APROBADO,96,0.3,MODERADO,R001|R005|R015,3,1,
1215401101,APROBADO,100,0.3,MODERADO,R001|R005|R012|R015,4,2,
1215515101,RECHAZADO,40,0.3,MODERADO,,0,0,
1215615101,RECHAZADO,38,0.3,MODERADO,,0,0,
1215703101,APROBADO,100,0.3,MODERADO,R001|R005|R012|R015,4,2,
1215812101,REVISION_MANUAL,77,0.3,MODERADO,R005|R012|R015,3,2,
1215904101,REVISION_MANUAL,68,0.3,MODERADO,R005|R012,2,1,
1216004102,APROBADO,94,0.3,MODERADO,R001|R012,2,1,
1216101102,RECHAZADO,13,0.3,MODERADO,R004,1,0,
1216218101,RECHAZADO,28,0.3,MODERADO,R004|R005,2,0,
1216304101,REVISION_MANUAL,73,0.3,MODERADO,R003|R012,2,1,
1216417101,APROBADO,100,0.3,MODERADO,R001|R005|R006|R012|R015,5,2,
1216504101,APROBADO,100,0.3,MODERADO,R001|R012,2,1,
1216504202,REVISION_MANUAL,66,0.3,MODERADO,R001|R004|R005|R012,4,1,
1216613101,RECHAZADO,32,0.3,MODERADO,R005|R010,2,0,
1216703102,RECHAZADO,23,0.3,MODERADO,R004|R012,2,1,
1216804101,APROBADO,87,0.3,MODERADO,R001|R005|R012,3,1,
1216905101,RECHAZADO,43,0.3,MODERADO,R005,1,0,
1217003101,APROBADO,100,0.3,MODERADO,R001|R005|R012|R015,4,2,
1217109101,RECHAZADO,51,0.3,MODERADO,R012,1,1,
1217212101,RECHAZADO,57,0.3,MODERADO,R001,1,0,
1217304102,RECHAZADO,51,0.3,MODERADO,R012,1,1,
1217408101,RECHAZADO,55,0.3,MODERADO,R005|R012,2,1,
1217515101,RECHAZADO,47,0.3,MODERADO,R005,1,0,
1217613101,RECHAZADO,29,0.3,MODERADO,R002|R005,2,0,
1217705101,APROBADO,95,0.3,MODERADO,R001|R005|R012,3,1,
1217802101,APROBADO,96,0.3,MODERADO,R001|R005|R015,3,1,
1217904101,RECHAZADO,56,0.3,MODERADO,R001|R004|R012,3,1,
1218005104,RECHAZADO,57,0.3,MODERADO,R001|R010,2,0,
1218106101,RECHAZADO,14,0.3,MODERADO,R004|R005|R010,3,0,
1218205101,RECHAZADO,23,0.3,MODERADO,R004|R005,2,0,
1218301102,RECHAZADO,30,0.3,MODERADO,R004|R005,2,0,
1218401102,APROBADO,96,0.3,MODERADO,R001|R005|R012,3,1,
1218501103,RECHAZADO,27,0.3,MODERADO,R004|R012,2,1,
1218604102,REVISION_MANUAL,72,0.3,MODERADO,R005|R012,2,1,
1218701101,RECHAZADO,28,0.3,MODERADO,R004|R005,2,0,
1218801102,RECHAZADO,45,0.3,MODERADO,R010|R012,2,1,
1218901101,REVISION_MANUAL,79,0.3,MODERADO,R005|R012|R015,3,2,
1219002101,APROBADO,80,0.3,MODERADO,R005|R012|R015,3,2,
1219117101,APROBADO,94,0.3,MODERADO,R001|R005|R012,3,1,
1219201101,RECHAZADO,40,0.3,MODERADO,,0,0,
1219319101,APROBADO,98,0.3,MODERADO,R001|R005|R006,3,0,
1219402101,RECHAZADO,9,0.3,MODERADO,R002,1,0,
1219513101,RECHAZADO,45,0.3,MODERADO,R005,1,0,
1219604103,RECHAZADO,26,0.3,MODERADO,R009,1,0,
1219715102,RECHAZADO,10,0.3,MODERADO,R004,1,0,
1219802102,RECHAZADO,13,0.3,MODERADO,R004,1,0,
1219901101,RECHAZADO,52,0.3,MODERADO,R012,1,1,
1220003102,RECHAZADO,8,0.3,MODERADO,R004,1,0,
1220102101,RECHAZADO,52,0.3,MODERADO,R012,1,1,
1220220101,RECHAZADO,55,0.3,MODERADO,R012,1,1,
1220302101,RECHAZADO,27,0.3,MODERADO,R004|R005,2,0,
1220410101,RECHAZADO,8,0.3,MODERADO,R002|R005,2,0,
1220503101,RECHAZADO,52,0.3,MODERADO,R012,1,1,
1220602102,RECHAZADO,8,0.3,MODERADO,R004,1,0,
1220719103,RECHAZADO,27,0.3,MODERADO,R009,1,0,
1220805104,RECHAZADO,26,0.3,MODERADO,R009,1,0,
1220905101,RECHAZADO,0,0.3,MODERADO,R002|R004,2,0,
1221001102,RECHAZADO,43,0.3,MODERADO,R005,1,0,
1221102101,APROBADO,85,0.3,MODERADO,R001|R012,2,1,
1221214102,RECHAZADO,25,0.3,MODERADO,R004|R005,2,0,
1221303102,RECHAZADO,13,0.3,MODERADO,R004,1,0,
1221404101,RECHAZADO,45,0.3,MODERADO,R005,1,0,
1221519101,REVISION_MANUAL,69,0.3,MODERADO,R001,1,0,
1221604102,RECHAZADO,40,0.3,MODERADO,,0,0,
1221702102,RECHAZADO,38,0.3,MODERADO,,0,0,
1221818105,RECHAZADO,9,0.3,MODERADO,R004,1,0,
1221903101,APROBADO,100,0.3,MODERADO,R001|R005|R012,3,1,
1222002101,RECHAZADO,44,0.3,MODERADO,R012,1,1,
1222120102,RECHAZADO,26,0.3,MODERADO,R004|R005,2,0,
1222120201,REVISION_MANUAL,71,0.3,MODERADO,R001,1,0,
1222202101,RECHAZADO,11,0.3,MODERADO,R002,1,0,
1222317101,RECHAZADO,13,0.3,MODERADO,R004,1,0,
1222405101,RECHAZADO,28,0.3,MODERADO,R004|R005,2,0,
1222504103,REVISION_MANUAL,61,0.3,MODERADO,R001,1,0,
1222606101,RECHAZADO,12,0.3,MODERADO,R004|R005|R010,3,0,
1222606202,RECHAZADO,28,0.3,MODERADO,,0,0,
1222704101,RECHAZADO,59,0.3,MODERADO,R005|R012,2,1,
1222803101,RECHAZADO,30,0.3,MODERADO,,0,0,
1222920101,REVISION_MANUAL,65,0.3,MODERADO,R005|R012,2,1,
1223002102,RECHAZADO,39,0.3,MODERADO,,0,0,
1223105102,REVISION_MANUAL,70,0.3,MODERADO,R001,1,0,
1223105202,RECHAZADO,55,0.3,MODERADO,R005,1,0,
1223203101,RECHAZADO,15,0.3,MODERADO,R004,1,0,
1223302101,REVISION_MANUAL,75,0.3,MODERADO,R005|R012,2,1,
1223401101,RECHAZADO,28,0.3,MODERADO,R004|R005,2,0,
1223505102,RECHAZADO,15,0.3,MODERADO,R004,1,0,
1223601101,RECHAZADO,32,0.3,MODERADO,R002|R005|R015,3,1,
1223702102,APROBADO,100,0.3,MODERADO,R001|R012,2,1,
1223811101,RECHAZADO,59,0.3,MODERADO,R005|R012,2,1,
1223902103,RECHAZADO,8,0.3,MODERADO,R004|R009|R012,3,1,
1224002106,RECHAZADO,0,0.3,MODERADO,R004|R009|R010|R012,4,1,
1224103102,APROBADO,87,0.3,MODERADO,R001|R012,2,1,
1224218102,RECHAZADO,52,0.3,MODERADO,R012,1,1,
1224302102,REVISION_MANUAL,63,0.3,MODERADO,R003|R010|R012,3,1,
1224402102,RECHAZADO,30,0.3,MODERADO,R004|R005,2,0,
1224504101,APROBADO,86,0.3,MODERADO,R001|R005,2,0,
1224605103,RECHAZADO,0,0.3,MODERADO,R002,1,0,
1224703101,APROBADO,94,0.3,MODERADO,R001|R005|R012,3,1,
1224802101,RECHAZADO,28,0.3,MODERADO,R004|R005,2,0,
1224904101,APROBADO,84,0.3,MODERADO,R001|R005|R012,3,1,
1225018103,RECHAZADO,37,0.3,MODERADO,R010|R012,2,1,
1225102102,APROBADO,100,0.3,MODERADO,R001|R005|R012,3,1,
1225203102,RECHAZADO,3,0.3,MODERADO,R002,1,0,
1225317102,RECHAZADO,56,0.3,MODERADO,R012,1,1,
1225401101,REVISION_MANUAL,65,0.3,MODERADO,R005|R012,2,1,
1225505101,REVISION_MANUAL,68,0.3,MODERADO,R005|R012,2,1,
1225602103,RECHAZADO,0,0.3,MODERADO,R004|R010,2,0,
1225602201,RECHAZADO,54,0.3,MODERADO,R012,1,1,
1225717101,RECHAZADO,45,0.3,MODERADO,R005,1,0,
1225805103,RECHAZADO,51,0.3,MODERADO,R012,1,1,
1225902101,APROBADO,100,0.3,MODERADO,R001|R003|R005|R012,4,1,
1226002101,RECHAZADO,40,0.3,MODERADO,,0,0,
1226101102,APROBADO,100,0.3,MODERADO,R001|R005|R012|R015,4,2,
1226205102,RECHAZADO,12,0.3,MODERADO,R004,1,0,
1226303101,RECHAZADO,41,0.3,MODERADO,,0,0,
1226405102,RECHAZADO,0,0.3,MODERADO,R002|R004|R005,3,0,
1226509101,REVISION_MANUAL,61,0.3,MODERADO,R001,1,0,
1226604101,RECHAZADO,23,0.3,MODERADO,R002|R005,2,0,
1226720101,RECHAZADO,39,0.3,MODERADO,R004|R005|R012,3,1,
1226820102,REVISION_MANUAL,70,0.3,MODERADO,R005|R012,2,1,
1226901102,RECHAZADO,38,0.3,MODERADO,,0,0,
1227004101,RECHAZADO,38,0.3,MODERADO,R004|R005|R012,3,1,
1227119103,RECHAZADO,0,0.3,MODERADO,R004|R009,2,0,
1227206103,REVISION_MANUAL,71,0.3,MODERADO,R001,1,0,
1227304101,RECHAZADO,54,0.3,MODERADO,R005,1,0,
1227404101,RECHAZADO,52,0.3,MODERADO,R012,1,1,
1227503102,RECHAZADO,12,0.3,MODERADO,R004,1,0,
1227616103,RECHAZADO,0,0.3,MODERADO,R004|R009,2,0,
1227702103,RECHAZADO,43,0.3,MODERADO,R001|R009|R010,3,0,
1227815102,RECHAZADO,27,0.3,MODERADO,R004|R012,2,1,
1227901102,RECHAZADO,37,0.3,MODERADO,R004|R005|R012,3,1,
1228002102,RECHAZADO,25,0.3,MODERADO,R004|R012,2,1,
1228101101,APROBADO,97,0.3,MODERADO,R001|R005|R012,3,1,
1228202101,APROBADO,100,0.3,MODERADO,R001|R005|R012|R015,4,2,
1228316102,RECHAZADO,0,0.3,MODERADO,R002|R004|R005,3,0,
1228403103,REVISION_MANUAL,67,0.3,MODERADO,R001|R009|R012,3,1,
1228513102,RECHAZADO,13,0.3,MODERADO,R004,1,0,
1228604104,RECHAZADO,27,0.3,MODERADO,R010,1,0,
1228706101,REVISION_MANUAL,68,0.3,MODERADO,R001|R004|R005|R012,4,1,
1228801101,RECHAZADO,54,0.3,MODERADO,R012,1,1,
1228908102,RECHAZADO,27,0.3,MODERADO,,0,0,
1229020101,RECHAZADO,41,0.3,MODERADO,,0,0,
1229103101,RECHAZADO,58,0.3,MODERADO,R001|R004|R005,3,0,
1229201102,APROBADO,86,0.3,MODERADO,R001|R005|R012,3,1,
1229305102,REVISION_MANUAL,60,0.3,MODERADO,R001|R004|R005,3,0,
1229410101,APROBADO,88,0.3,MODERADO,R001|R012,2,1,
1229506101,RECHAZADO,45,0.3,MODERADO,R005,1,0,
1229604101,RECHAZADO,46,0.3,MODERADO,R002|R005|R015,3,1,
1229709101,RECHAZADO,25,0.3,MODERADO,R004|R005,2,0,
1229812103,RECHAZADO,24,0.3,MODERADO,R004|R012,2,1,
1229907102,RECHAZADO,13,0.3,MODERADO,R004,1,0,
1230018104,RECHAZADO,37,0.3,MODERADO,R012,1,1,
1230105101,APROBADO,86,0.3,MODERADO,R001|R005|R012,3,1,
1230203101,RECHAZADO,43,0.3,MODERADO,,0,0,
1230308102,APROBADO,98,0.3,MODERADO,R001|R005|R012,3,1,
1230404104,APROBADO,100,0.3,MODERADO,R001|R003|R012,3,1,
1230515104,RECHAZADO,42,0.3,MODERADO,R001|R004,2,0,
1230610102,RECHAZADO,13,0.3,MODERADO,R004,1,0,
1230704101,APROBADO,100,0.3,MODERADO,R001|R005|R012|R015,4,2,
1230802101,RECHAZADO,27,0.3,MODERADO,,0,0,
1230902101,REVISION_MANUAL,70,0.3,MODERADO,R001,1,0,
1231003102,APROBADO,100,0.3,MODERADO,R001|R005|R012,3,1,
1231103102,RECHAZADO,27,0.3,MODERADO,R004|R012,2,1,
1231203101,RECHAZADO,26,0.3,MODERADO,R004|R005,2,0,
1231301101,RECHAZADO,26,0.3,MODERADO,R004|R005,2,0,
1231402102,APROBADO,82,0.3,MODERADO,R001|R005,2,0,
1231502103,RECHAZADO,38,0.3,MODERADO,,0,0,
1231608103,RECHAZADO,15,0.3,MODERADO,R010,1,0,
1231703103,RECHAZADO,57,0.3,MODERADO,R005,1,0,
1231805101,RECHAZADO,56,0.3,MODERADO,R012,1,1,
1231904101,RECHAZADO,13,0.3,MODERADO,R004,1,0,
1232005103,APROBADO,80,0.3,MODERADO,R001|R012,2,1,
1232101101,APROBADO,100,0.3,MODERADO,R001|R005|R012,3,1,
1232205101,RECHAZADO,12,0.3,MODERADO,R002|R005,2,0,
1232309101,RECHAZADO,38,0.3,MODERADO,,0,0,
1232404102,RECHAZADO,9,0.3,MODERADO,R002,1,0,
1232501102,APROBADO,100,0.3,MODERADO,R001|R005|R012|R015,4,2,
1232602101,RECHAZADO,33,0.3,MODERADO,,0,0,
1232703102,APROBADO,100,0.3,MODERADO,R001|R005|R012,3,1,
1232804101,RECHAZADO,28,0.3,MODERADO,R004|R005,2,0,
1232911101,RECHAZADO,28,0.3,MODERADO,R004|R005,2,0,
1233001103,RECHAZADO,7,0.3,MODERADO,R004|R009|R012,3,1,
1233104102,RECHAZADO,54,0.3,MODERADO,R012,1,1,
1233201103,RECHAZADO,8,0.3,MODERADO,R004,1,0,
1233301101,RECHAZADO,18,0.3,MODERADO,R002|R005,2,0,
1233405101,RECHAZADO,43,0.3,MODERADO,,0,0,
1233504101,RECHAZADO,20,0.3,MODERADO,R002|R005,2,0,
1233605102,RECHAZADO,22,0.3,MODERADO,R004|R012,2,1,
1233708106,RECHAZADO,0,0.3,MODERADO,R004|R010,2,0,
1233802102,RECHAZADO,13,0.3,MODERADO,R004,1,0,
1233904101,RECHAZADO,10,0.3,MODERADO,R004,1,0,
1234002102,REVISION_MANUAL,68,0.3,MODERADO,R001,1,0,
1234102103,RECHAZADO,0,0.3,MODERADO,R004|R010,2,0,
1234217103,RECHAZADO,57,0.3,MODERADO,R001|R010,2,0,
1234301101,RECHAZADO,54,0.3,MODERADO,R012,1,1,
1234414101,RECHAZADO,52,0.3,MODERADO,R012,1,1,
1234505102,RECHAZADO,0,0.3,MODERADO,R004|R009|R010|R012,4,1,
1234610102,RECHAZADO,4,0.3,MODERADO,R002,1,0,
1234712102,RECHAZADO,49,0.3,MODERADO,R012,1,1,
1234805103,RECHAZADO,36,0.3,MODERADO,,0,0,
1234904101,REVISION_MANUAL,74,0.3,MODERADO,R001|R005,2,0,
1235001101,RECHAZADO,52,0.3,MODERADO,R012,1,1,
1235104101,RECHAZADO,46,0.3,MODERADO,R005,1,0,
1235202101,RECHAZADO,28,0.3,MODERADO,R004|R005,2,0,
1235304102,RECHAZADO,57,0.3,MODERADO,R012,1,1,
1235402102,APROBADO,96,0.3,MODERADO,R001|R005|R012,3,1,
1235503102,RECHAZADO,12,0.3,MODERADO,R004,1,0,
1235602101,APROBADO,88,0.3,MODERADO,R001|R012,2,1,
1235707102,RECHAZADO,12,0.3,MODERADO,R004,1,0,
1235805103,RECHAZADO,53,0.3,MODERADO,R012,1,1,
1235907101,RECHAZADO,0,0.3,MODERADO,R002|R004|R006,3,0,
1236005102,RECHAZADO,10,0.3,MODERADO,R004,1,0,
1236101101,APROBADO,100,0.3,MODERADO,R001|R005|R012|R015,4,2,
1236217101,RECHAZADO,56,0.3,MODERADO,R005,1,0,
1236301101,RECHAZADO,52,0.3,MODERADO,R012,1,1,
1236405101,RECHAZADO,46,0.3,MODERADO,R004|R005|R012,3,1,
1236501101,RECHAZADO,28,0.3,MODERADO,R004|R005,2,0,
1236603101,RECHAZADO,40,0.3,MODERADO,,0,0,
1236715102,RECHAZADO,22,0.3,MODERADO,R004|R012,2,1,
1236801103,RECHAZADO,53,0.3,MODERADO,R005,1,0,
1236916101,REVISION_MANUAL,67,0.3,MODERADO,R001|R004|R005|R012,4,1,
1237001102,RECHAZADO,42,0.3,MODERADO,,0,0,
1237102101,RECHAZADO,30,0.3,MODERADO,,0,0,
1237201101,APROBADO,83,0.3,MODERADO,R001|R012,2,1,
1237303102,APROBADO,100,0.3,MODERADO,R001|R005|R012,3,1,
1237401101,RECHAZADO,39,0.3,MODERADO,,0,0,
1237518101,RECHAZADO,53,0.3,MODERADO,R005,1,0,
1237604104,REVISION_MANUAL,70,0.3,MODERADO,R001|R010|R012,3,1,
1237701101,REVISION_MANUAL,70,0.3,MODERADO,R001|R004|R005|R012,4,1,
1237818103,RECHAZADO,43,0.3,MODERADO,R005,1,0,
1237904101,RECHAZADO,7,0.3,MODERADO,R002,1,0,
1238004101,APROBADO,100,0.3,MODERADO,R001|R005|R012,3,1,
1238120101,RECHAZADO,12,0.3,MODERADO,R004,1,0,
1238220101,RECHAZADO,43,0.3,MODERADO,R005,1,0,
1238303101,RECHAZADO,0,0.3,MODERADO,R002,1,0,
1238404101,APROBADO,85,0.3,MODERADO,R001|R005,2,0,
1238510103,RECHAZADO,52,0.3,MODERADO,R012,1,1,
1238613102,APROBADO,84,0.3,MODERADO,R001|R005,2,0,
1238701102,RECHAZADO,27,0.3,MODERADO,,0,0,
1238801102,REVISION_MANUAL,71,0.3,MODERADO,R001|R004|R005|R012,4,1,
1238903101,RECHAZADO,38,0.3,MODERADO,R004|R005|R012,3,1,
1239003101,RECHAZADO,36,0.3,MODERADO,R002|R005|R015,3,1,
1239104101,RECHAZADO,55,0.3,MODERADO,R001|R004|R012,3,1,
1239204101,RECHAZADO,42,0.3,MODERADO,,0,0,
1239301101,APROBADO,86,0.3,MODERADO,R001|R005|R012,3,1,
1239415101,RECHAZADO,43,0.3,MODERADO,,0,0,
1239503102,RECHAZADO,39,0.3,MODERADO,,0,0,
1239605102,RECHAZADO,42,0.3,MODERADO,R001|R004,2,0,
1239605202,RECHAZADO,25,0.3,MODERADO,R004|R012,2,1,
1239702101,RECHAZADO,53,0.3,MODERADO,R012,1,1,
1239820102,RECHAZADO,0,0.3,MODERADO,R002|R004,2,0,
1239905101,APROBADO,97,0.3,MODERADO,R001|R005|R012,3,1,
1240002102,RECHAZADO,11,0.3,MODERADO,R004,1,0,
1240102101,APROBADO,93,0.3,MODERADO,R001|R005|R012,3,1,
1240204101,APROBADO,83,0.3,MODERADO,R001|R012,2,1,
1240304101,RECHAZADO,42,0.3,MODERADO,R012,1,1,
1240407101,RECHAZADO,13,0.3,MODERADO,R004,1,0,
1240505101,APROBADO,86,0.3,MODERADO,R001|R012,2,1,
1240601101,RECHAZADO,45,0.3,MODERADO,R005,1,0,
1240702101,APROBADO,98,0.3,MODERADO,R001|R005|R012,3,1,
1240811101,APROBADO,83,0.3,MODERADO,R001|R012,2,1,
1240903101,RECHAZADO,53,0.3,MODERADO,R012,1,1,
1241005102,APROBADO,82,0.3,MODERADO,R001|R012,2,1,
1241101101,RECHAZADO,28,0.3,MODERADO,R004|R005,2,0,
1241203102,RECHAZADO,53,0.3,MODERADO,R012,1,1,
1241305102,RECHAZADO,36,0.3,MODERADO,R004|R005|R012,3,1,
1241402101,RECHAZADO,15,0.3,MODERADO,R004,1,0,
1241507101,RECHAZADO,56,0.3,MODERADO,R005,1,0,
1241603102,REVISION_MANUAL,66,0.3,MODERADO,R001|R004|R005|R012,4,1,
1241702101,RECHAZADO,30,0.3,MODERADO,,0,0,
1241803101,RECHAZADO,44,0.3,MODERADO,R012,1,1,
1241908102,RECHAZADO,8,0.3,MODERADO,R004,1,0,
1242006102,RECHAZADO,24,0.3,MODERADO,R004|R012,2,1,
1242105102,RECHAZADO,0,0.3,MODERADO,R002|R004,2,0,
1242205101,REVISION_MANUAL,75,0.3,MODERADO,R001|R005,2,0,
1242305102,APROBADO,88,0.3,MODERADO,R001|R005,2,0,
1242401101,RECHAZADO,40,0.3,MODERADO,R012,1,1,
1242505102,RECHAZADO,41,0.3,MODERADO,R009|R012,2,1,
1242505203,RECHAZADO,8,0.3,MODERADO,R004|R009|R012,3,1,
1242505304,RECHAZADO,8,0.3,MODERADO,R004|R009|R012,3,1,
1242605101,REVISION_MANUAL,75,0.3,MODERADO,R001|R005,2,0,
1242701105,REVISION_MANUAL,70,0.3,MODERADO,R001|R010|R012,3,1,
1242805101,APROBADO,100,0.3,MODERADO,R001|R005|R012|R015,4,2,
1242916101,RECHAZADO,27,0.3,MODERADO,R004|R005,2,0,
1243018101,RECHAZADO,44,0.3,MODERADO,R001|R004|R005|R010,4,0,
1243102101,RECHAZADO,22,0.3,MODERADO,R002|R005,2,0,
1243201101,RECHAZADO,13,0.3,MODERADO,R004,1,0,
1243310103,RECHAZADO,26,0.3,MODERADO,R004|R005,2,0,
1243402102,RECHAZADO,23,0.3,MODERADO,R004|R012,2,1,
1243502101,REVISION_MANUAL,77,0.3,MODERADO,R005|R012|R015,3,2,
1243601102,RECHAZADO,12,0.3,MODERADO,R004,1,0,
1243703103,RECHAZADO,53,0.3,MODERADO,R012,1,1,
1243804101,RECHAZADO,42,0.3,MODERADO,,0,0,
1243905101,RECHAZADO,23,0.3,MODERADO,R002|R005,2,0,
1244012101,RECHAZADO,27,0.3,MODERADO,R010|R012,2,1,
1244104102,RECHAZADO,41,0.3,MODERADO,R004|R005|R012,3,1,
1244202102,RECHAZADO,38,0.3,MODERADO,R004|R005|R012,3,1,
1244303101,RECHAZADO,34,0.3,MODERADO,R004|R005|R012,3,1,
1244403104,REVISION_MANUAL,70,0.3,MODERADO,R001|R010|R012,3,1,
1244502102,APROBADO,84,0.3,MODERADO,R001|R005,2,0,
1244611101,RECHAZADO,27,0.3,MODERADO,R004|R005,2,0,
1244704101,RECHAZADO,39,0.3,MODERADO,R004|R005|R012,3,1,
1244805102,RECHAZADO,40,0.3,MODERADO,R001|R004,2,0,
1244915102,RECHAZADO,42,0.3,MODERADO,R005,1,0,
1245001102,RECHAZADO,51,0.3,MODERADO,R012,1,1,
1245103103,APROBADO,100,0.3,MODERADO,R001|R005|R012,3,1,
1245203101,APROBADO,100,0.3,MODERADO,R001|R005|R012,3,1,
1245302101,APROBADO,100,0.3,MODERADO,R001|R005|R012|R015,4,2,
1245401103,RECHAZADO,8,0.3,MODERADO,R004,1,0,
1245501101,APROBADO,100,0.3,MODERADO,R001|R005|R006|R012,4,1,
1245601102,RECHAZADO,25,0.3,MODERADO,R004|R012,2,1,
1245715101,APROBADO,100,0.3,MODERADO,R001|R003|R005|R012,4,1,
1245803104,RECHAZADO,0,0.3,MODERADO,R002|R009,2,0,
1245902102,APROBADO,91,0.3,MODERADO,R001|R005|R012,3,1,
1246005101,RECHAZADO,5,0.3,MODERADO,R002,1,0,
1246115101,RECHAZADO,46,0.3,MODERADO,R005,1,0,
1246202101,REVISION_MANUAL,71,0.3,MODERADO,R001|R004|R005|R012,4,1,
1246302102,RECHAZADO,54,0.3,MODERADO,R012,1,1,
1246404101,RECHAZADO,41,0.3,MODERADO,,0,0,
1246502101,APROBADO,100,0.3,MODERADO,R001|R005|R012,3,1,
1246603101,RECHAZADO,0,0.3,MODERADO,R002|R004|R005,3,0,
1246704103,RECHAZADO,0,0.3,MODERADO,R002|R004|R005|R010,4,0,
1246804101,RECHAZADO,53,0.3,MODERADO,R005,1,0,
1246905101,RECHAZADO,46,0.3,MODERADO,R005,1,0,
1247009101,RECHAZADO,25,0.3,MODERADO,R004|R012,2,1,
1247103102,RECHAZADO,12,0.3,MODERADO,R004,1,0,
1247202102,RECHAZADO,55,0.3,MODERADO,R001|R004|R012,3,1,
1247305101,RECHAZADO,43,0.3,MODERADO,R002|R005|R015,3,1,
1247404101,RECHAZADO,8,0.3,MODERADO,R002,1,0,
1247502103,RECHAZADO,13,0.3,MODERADO,R004,1,0,
1247602101,APROBADO,98,0.3,MODERADO,R001|R005|R012,3,1,
1247703103,RECHAZADO,10,0.3,MODERADO,R004|R009|R012,3,1,
1247703202,RECHAZADO,28,0.3,MODERADO,,0,0,
1247804101,REVISION_MANUAL,70,0.3,MODERADO,R001|R005|R010,3,0,
1247904105,RECHAZADO,40,0.3,MODERADO,R001|R004|R009|R012,4,1,
1248002103,RECHAZADO,41,0.3,MODERADO,,0,0,
1248105101,RECHAZADO,41,0.3,MODERADO,R012,1,1,
1248209101,RECHAZADO,45,0.3,MODERADO,R005,1,0,
1248301101,RECHAZADO,40,0.3,MODERADO,R002|R005,2,0,
1248402101,RECHAZADO,11,0.3,MODERADO,R004,1,0,
1248503101,RECHAZADO,11,0.3,MODERADO,R002,1,0,
1248602101,RECHAZADO,58,0.3,MODERADO,R001|R004|R005,3,0,
1248704101,RECHAZADO,39,0.3,MODERADO,R004|R005|R012,3,1,
1248803102,RECHAZADO,23,0.3,MODERADO,R004|R012,2,1,
1248911102,RECHAZADO,31,0.3,MODERADO,,0,0,
1249020101,APROBADO,92,0.3,MODERADO,R003|R005|R012,3,1,
1249104103,RECHAZADO,55,0.3,MODERADO,R001|R010,2,0,
1249215101,RECHAZADO,9,0.3,MODERADO,R002|R005,2,0,
1249313102,RECHAZADO,9,0.3,MODERADO,R002|R005|R006|R010,4,0,
1249404101,RECHAZADO,55,0.3,MODERADO,R005,1,0,
1249504102,REVISION_MANUAL,78,0.3,MODERADO,R001|R012,2,1,
1249602102,APROBADO,100,0.3,MODERADO,R001|R005|R012,3,1,
1249703101,APROBADO,100,0.3,MODERADO,R001|R005|R012|R015,4,2,
1249808101,REVISION_MANUAL,64,0.3,MODERADO,R005|R015,2,1,
1249904102,RECHAZADO,0,0.3,MODERADO,R002,1,0,
1250020101,RECHAZADO,30,0.3,MODERADO,R005|R010,2,0,
1250103101,APROBADO,100,0.3,MODERADO,R001|R005|R012,3,1,
1250217102,APROBADO,100,0.3,MODERADO,R001|R005|R012|R015,4,2,
1250313102,RECHAZADO,44,0.3,MODERADO,R005,1,0,
1250405101,APROBADO,100,0.3,MODERADO,R001|R005|R012,3,1,
1250505102,RECHAZADO,30,0.3,MODERADO,R004|R005,2,0,
1250616102,REVISION_MANUAL,66,0.3,MODERADO,R005|R012,2,1,
1250714102,RECHAZADO,1,0.3,MODERADO,R002,1,0,
1250805102,REVISION_MANUAL,66,0.3,MODERADO,R005|R012,2,1,
1250902101,REVISION_MANUAL,76,0.3,MODERADO,R001|R005,2,0,
1251018103,RECHAZADO,37,0.3,MODERADO,,0,0,
1251104103,RECHAZADO,54,0.3,MODERADO,R001|R009,2,0,
1251201102,RECHAZADO,0,0.3,MODERADO,R002,1,0,
1251305101,RECHAZADO,41,0.3,MODERADO,R004|R005|R012,3,1,
1251404101,RECHAZADO,55,0.3,MODERADO,R012,1,1,
1251520102,APROBADO,100,0.3,MODERADO,R001|R012,2,1,
1251605101,RECHAZADO,28,0.3,MODERADO,,0,0,
1251704101,APROBADO,100,0.3,MODERADO,R001|R005|R012|R015,4,2,
1251802101,RECHAZADO,41,0.3,MODERADO,,0,0,
1251904101,RECHAZADO,56,0.3,MODERADO,R012,1,1,
1252001101,RECHAZADO,44,0.3,MODERADO,R012,1,1,
1252102101,RECHAZADO,0,0.3,MODERADO,R004|R010,2,0,
1252218102,RECHAZADO,40,0.3,MODERADO,R001|R004|R009|R012,4,1,
1252302101,RECHAZADO,43,0.3,MODERADO,R001|R004,2,0,
1252404101,RECHAZADO,56,0.3,MODERADO,R005,1,0,
1252501102,RECHAZADO,10,0.3,MODERADO,R004,1,0,
1252616101,APROBADO,100,0.3,MODERADO,R001|R003|R005|R012,4,1,
1252718101,RECHAZADO,58,0.3,MODERADO,R001,1,0,
1252806101,RECHAZADO,31,0.3,MODERADO,,0,0,
1252902101,REVISION_MANUAL,66,0.3,MODERADO,R005|R012,2,1,
1253012101,RECHAZADO,28,0.3,MODERADO,R004|R005,2,0,
1253101101,APROBADO,100,0.3,MODERADO,R001|R005|R012,3,1,
1253205104,RECHAZADO,14,0.3,MODERADO,R009,1,0,
1253303102,APROBADO,100,0.3,MODERADO,R001|R005|R012,3,1,
1253405102,REVISION_MANUAL,68,0.3,MODERADO,R001|R004|R005|R012,4,1,
1253504102,RECHAZADO,39,0.3,MODERADO,,0,0,
1253604102,RECHAZADO,12,0.3,MODERADO,R004,1,0,
1253702103,RECHAZADO,10,0.3,MODERADO,R004,1,0,
1253804101,RECHAZADO,42,0.3,MODERADO,R005|R010,2,0,
1253902103,RECHAZADO,48,0.3,MODERADO,R012,1,1,
1254003101,REVISION_MANUAL,68,0.3,MODERADO,R005|R012,2,1,
1254117101,RECHAZADO,37,0.3,MODERADO,R004|R005|R012,3,1,
1254205101,RECHAZADO,40,0.3,MODERADO,,0,0,
1254301101,REVISION_MANUAL,71,0.3,MODERADO,R001,1,0,
1254411101,RECHAZADO,49,0.3,MODERADO,R012,1,1,
1254505102,RECHAZADO,13,0.3,MODERADO,R004,1,0,
1254603102,APROBADO,89,0.3,MODERADO,R001|R012,2,1,
1254719102,RECHAZADO,27,0.3,MODERADO,R004|R005,2,0,
1254817101,REVISION_MANUAL,71,0.3,MODERADO,R001,1,0,
1254905102,RECHAZADO,38,0.3,MODERADO,,0,0,
1255002101,RECHAZADO,28,0.3,MODERADO,R004|R005,2,0,
1255116102,RECHAZADO,30,0.3,MODERADO,,0,0,
1255205102,RECHAZADO,22,0.3,MODERADO,R004|R012,2,1,
1255303102,RECHAZADO,26,0.3,MODERADO,R004|R012,2,1,
1255402102,RECHAZADO,12,0.3,MODERADO,R004|R005|R010,3,0,
1255504101,REVISION_MANUAL,73,0.3,MODERADO,R001|R006,2,0,
1255601101,RECHAZADO,43,0.3,MODERADO,R012,1,1,
1255702101,RECHAZADO,27,0.3,MODERADO,R010,1,0,
1255815101,RECHAZADO,56,0.3,MODERADO,R005|R012,2,1,
1255916104,RECHAZADO,0,0.3,MODERADO,R004|R009,2,0,
1256013102,RECHAZADO,11,0.3,MODERADO,R004,1,0,
1256103101,RECHAZADO,58,0.3,MODERADO,R001|R004|R005,3,0,
1256206102,RECHAZADO,30,0.3,MODERADO,,0,0,
1256302102,REVISION_MANUAL,70,0.3,MODERADO,R001,1,0,
1256409101,RECHAZADO,55,0.3,MODERADO,R012,1,1,
1256503105,RECHAZADO,23,0.3,MODERADO,R004|R012,2,1,
1256601104,RECHAZADO,13,0.3,MODERADO,R009,1,0,
1256702102,RECHAZADO,41,0.3,MODERADO,,0,0,
1256805101,RECHAZADO,30,0.3,MODERADO,,0,0,
1256904101,REVISION_MANUAL,75,0.3,MODERADO,R005|R012,2,1,
1257007101,RECHAZADO,28,0.3,MODERADO,R004|R005,2,0,
1257111101,REVISION_MANUAL,71,0.3,MODERADO,R001,1,0,
1257201101,RECHAZADO,40,0.3,MODERADO,R010|R012,2,1,
1257305101,REVISION_MANUAL,63,0.3,MODERADO,R005|R015,2,1,
1257402104,REVISION_MANUAL,65,0.3,MODERADO,R001|R009|R012,3,1,
1257501101,RECHAZADO,11,0.3,MODERADO,R004,1,0,
1257601101,RECHAZADO,44,0.3,MODERADO,R005,1,0,
1257703103,REVISION_MANUAL,78,0.3,MODERADO,R005|R012,2,1,
1257805104,RECHAZADO,26,0.3,MODERADO,R004|R005,2,0,
1257906101,RECHAZADO,42,0.3,MODERADO,R005,1,0,
1258002101,APROBADO,95,0.3,MODERADO,R005|R012|R015,3,2,
1258102101,APROBADO,85,0.3,MODERADO,R001|R012,2,1,
1258201102,RECHAZADO,28,0.3,MODERADO,R004|R005,2,0,
1258303102,RECHAZADO,29,0.3,MODERADO,,0,0,
1258404102,RECHAZADO,21,0.3,MODERADO,R002|R005,2,0,
1258502101,RECHAZADO,58,0.3,MODERADO,R001|R004|R005,3,0,
1258502201,APROBADO,86,0.3,MODERADO,R001|R012,2,1,
1258502302,APROBADO,80,0.3,MODERADO,R001|R012,2,1,
1258605102,APROBADO,85,0.3,MODERADO,R001|R012,2,1,
1258719101,RECHAZADO,53,0.3,MODERADO,R005,1,0,
1258804102,RECHAZADO,35,0.3,MODERADO,R009|R012,2,1,
1258915101,RECHAZADO,55,0.3,MODERADO,R005,1,0,
1259020101,APROBADO,100,0.3,MODERADO,R001|R005|R012|R015,4,2,
1259110102,RECHAZADO,30,0.3,MODERADO,,0,0,
1259203101,RECHAZADO,40,0.3,MODERADO,,0,0,
1259302105,RECHAZADO,26,0.3,MODERADO,R004|R012,2,1,
1259402101,APROBADO,100,0.3,MODERADO,R001|R005|R012|R015,4,2,
1259503101,RECHAZADO,23,0.3,MODERADO,R004|R012,2,1,
1259604102,APROBADO,89,0.3,MODERADO,R001|R005|R012,3,1,
1259710101,APROBADO,98,0.3,MODERADO,R001|R005|R012,3,1,
1259810101,RECHAZADO,0,0.3,MODERADO,R002,1,0,
1259901102,RECHAZADO,53,0.3,MODERADO,R012,1,1,
1260001101,RECHAZADO,42,0.3,MODERADO,R001|R004,2,0,
1260114101,RECHAZADO,25,0.3,MODERADO,R004|R005,2,0,
1260204101,RECHAZADO,43,0.3,MODERADO,R001|R004,2,0,
1260314101,RECHAZADO,0,0.3,MODERADO,R002|R004,2,0,
1260401101,REVISION_MANUAL,69,0.3,MODERADO,R005|R012,2,1,
1260501101,RECHAZADO,32,0.3,MODERADO,,0,0,
1260611101,RECHAZADO,20,0.3,MODERADO,R002|R005,2,0,
1260720106,RECHAZADO,27,0.3,MODERADO,R010,1,0,
1260812102,RECHAZADO,38,0.3,MODERADO,,0,0,
1260902101,RECHAZADO,58,0.3,MODERADO,R001|R004|R005,3,0,
1261003102,RECHAZADO,10,0.3,MODERADO,R004,1,0,
1261105101,RECHAZADO,40,0.3,MODERADO,,0,0,
1261201101,RECHAZADO,43,0.3,MODERADO,,0,0,
1261309104,RECHAZADO,32,0.3,MODERADO,,0,0,
1261402102,RECHAZADO,22,0.3,MODERADO,R004|R012,2,1,
1261515101,RECHAZADO,9,0.3,MODERADO,R002,1,0,
1261609102,RECHAZADO,0,0.3,MODERADO,R004|R010,2,0,
1261718101,REVISION_MANUAL,73,0.3,MODERADO,R003|R012,2,1,
1261804102,APROBADO,84,0.3,MODERADO,R001|R005,2,0,
1261917102,RECHAZADO,10,0.3,MODERADO,R004,1,0,
1262002105,RECHAZADO,17,0.3,MODERADO,R010,1,0,
1262104101,REVISION_MANUAL,60,0.3,MODERADO,R012,1,1,
1262201101,RECHAZADO,14,0.3,MODERADO,R002|R005,2,0,
1262314101,RECHAZADO,20,0.3,MODERADO,R004|R012,2,1,
1262406102,REVISION_MANUAL,74,0.3,MODERADO,R003|R005,2,0,
1262502102,RECHAZADO,40,0.3,MODERADO,R009|R012,2,1,
1262608101,RECHAZADO,46,0.3,MODERADO,R005,1,0,
1262705101,RECHAZADO,41,0.3,MODERADO,R004|R005|R012,3,1,
1262803102,RECHAZADO,58,0.3,MODERADO,R001|R004|R005,3,0,
1262902101,RECHAZADO,13,0.3,MODERADO,R004,1,0,
1263002106,RECHAZADO,13,0.3,MODERADO,R009|R010,2,0,
1263104101,RECHAZADO,0,0.3,MODERADO,R002|R004,2,0,
1263205102,RECHAZADO,45,0.3,MODERADO,R001|R004,2,0,
1263303101,REVISION_MANUAL,77,0.3,MODERADO,R005|R012|R015,3,2,
1263401101,REVISION_MANUAL,67,0.3,MODERADO,R001|R004|R005|R012,4,1,
1263509101,RECHAZADO,44,0.3,MODERADO,R005,1,0,
1263601101,RECHAZADO,23,0.3,MODERADO,R004|R012,2,1,
1263703101,APROBADO,100,0.3,MODERADO,R001|R005|R012|R015,4,2,
1263819101,REVISION_MANUAL,77,0.3,MODERADO,R001|R005,2,0,
1263903102,RECHAZADO,11,0.3,MODERADO,R004,1,0,
1264012101,RECHAZADO,14,0.3,MODERADO,R004|R005|R010,3,0,
1264103102,APROBADO,99,0.3,MODERADO,R003|R005|R012,3,1,
1264218101,RECHAZADO,45,0.3,MODERADO,R005,1,0,
1264310101,RECHAZADO,41,0.3,MODERADO,R004|R005|R012,3,1,
1264401102,RECHAZADO,25,0.3,MODERADO,R004|R012,2,1,
1264504103,REVISION_MANUAL,72,0.3,MODERADO,R001|R010|R012,3,1,
1264603101,RECHAZADO,54,0.3,MODERADO,R012,1,1,
1264701102,RECHAZADO,53,0.3,MODERADO,R001|R004|R012,3,1,
1264801102,RECHAZADO,30,0.3,MODERADO,,0,0,
1264909104,RECHAZADO,19,0.3,MODERADO,R004|R012,2,1,
1265018101,RECHAZADO,27,0.3,MODERADO,R004|R005,2,0,
1265108101,RECHAZADO,28,0.3,MODERADO,,0,0,
1265204102,RECHAZADO,39,0.3,MODERADO,,0,0,
1265302101,RECHAZADO,29,0.3,MODERADO,,0,0,
1265416101,RECHAZADO,37,0.3,MODERADO,R010|R012,2,1,
1265509102,RECHAZADO,41,0.3,MODERADO,R005,1,0,
1265605101,APROBADO,100,0.3,MODERADO,R001|R005|R012,3,1,
1265705101,APROBADO,91,0.3,MODERADO,R001|R012,2,1,
1265803101,APROBADO,88,0.3,MODERADO,R001|R012,2,1,
1265911102,RECHAZADO,23,0.3,MODERADO,R004|R012,2,1,
1266002102,RECHAZADO,28,0.3,MODERADO,,0,0,
1266105101,RECHAZADO,54,0.3,MODERADO,R005|R010|R012,3,1,
1266202101,APROBADO,100,0.3,MODERADO,R001|R005|R012,3,1,
1266315101,REVISION_MANUAL,77,0.3,MODERADO,R005|R012|R015,3,2,
1266403104,RECHAZADO,11,0.3,MODERADO,R004|R009|R012,3,1,
1266508101,RECHAZADO,48,0.3,MODERADO,R005,1,0,
1266604101,RECHAZADO,52,0.3,MODERADO,R012,1,1,
1266711102,RECHAZADO,12,0.3,MODERADO,R004,1,0,
1266801102,APROBADO,98,0.3,MODERADO,R001|R005|R012,3,1,
1266908101,RECHAZADO,42,0.3,MODERADO,R001|R004,2,0,
1267015101,REVISION_MANUAL,73,0.3,MODERADO,R001,1,0,
1267105102,RECHAZADO,39,0.3,MODERADO,R010|R012,2,1,
1267201104,RECHAZADO,39,0.3,MODERADO,R012,1,1,
1267307103,APROBADO,100,0.3,MODERADO,R001|R005|R012,3,1,
1267405101,APROBADO,100,0.3,MODERADO,R001|R005|R012|R015,4,2,
1267504102,RECHAZADO,4,0.3,MODERADO,R002,1,0,
1267604102,RECHAZADO,8,0.3,MODERADO,R004,1,0,
1267713103,RECHAZADO,26,0.3,MODERADO,R004|R005,2,0,
1267802102,RECHAZADO,38,0.3,MODERADO,R004|R005|R012,3,1,
1267903102,APROBADO,100,0.3,MODERADO,R001|R005|R012|R015,4,2,
1268001102,APROBADO,95,0.3,MODERADO,R001|R005|R012,3,1,
1268104101,APROBADO,100,0.3,MODERADO,R001|R003|R012,3,1,
1268211104,APROBADO,83,0.3,MODERADO,R001|R012,2,1,
1268311102,RECHAZADO,10,0.3,MODERADO,R004,1,0,
1268402101,RECHAZADO,19,0.3,MODERADO,R002|R005,2,0,
1268501101,APROBADO,97,0.3,MODERADO,R001|R005|R012,3,1,
1268608101,APROBADO,95,0.3,MODERADO,R001|R005|R012,3,1,
1268704102,REVISION_MANUAL,77,0.3,MODERADO,R001|R005,2,0,
1268813101,RECHAZADO,25,0.3,MODERADO,R004|R005,2,0,
1268909102,RECHAZADO,32,0.3,MODERADO,R005|R010,2,0,
1269001101,RECHAZADO,40,0.3,MODERADO,,0,0,
1269101102,RECHAZADO,58,0.3,MODERADO,R001|R004|R012,3,1,
1269203102,RECHAZADO,13,0.3,MODERADO,R004,1,0,
1269302102,RECHAZADO,51,0.3,MODERADO,R012,1,1,
1269405102,RECHAZADO,52,0.3,MODERADO,R005,1,0,
1269503102,RECHAZADO,0,0.3,MODERADO,R002,1,0,
1269620101,RECHAZADO,38,0.3,MODERADO,R004|R005|R012,3,1,
1269709104,RECHAZADO,13,0.3,MODERADO,R009|R010,2,0,
1269805104,RECHAZADO,22,0.3,MODERADO,R004|R012,2,1,
1269904102,RECHAZADO,25,0.3,MODERADO,R004|R005,2,0,
1270005102,REVISION_MANUAL,68,0.3,MODERADO,R001,1,0,
1270102102,RECHAZADO,47,0.3,MODERADO,R001|R010,2,0,
1270202101,APROBADO,100,0.3,MODERADO,R001|R005|R012|R015,4,2,
1270302101,RECHAZADO,28,0.3,MODERADO,R004|R005,2,0,
1270401101,APROBADO,83,0.3,MODERADO,R001|R012,2,1,
1270502101,APROBADO,100,0.3,MODERADO,R001|R005|R012,3,1,
1270601106,RECHAZADO,27,0.3,MODERADO,R010,1,0,
1270704101,RECHAZADO,25,0.3,MODERADO,R002|R005,2,0,
1270810102,RECHAZADO,58,0.3,MODERADO,R012,1,1,
1270903101,RECHAZADO,28,0.3,MODERADO,R004|R005,2,0,
1271019101,APROBADO,83,0.3,MODERADO,R001|R005,2,0,
1271106101,RECHAZADO,11,0.3,MODERADO,R004,1,0,
1271203101,APROBADO,98,0.3,MODERADO,R001|R005|R012,3,1,
1271303105,RECHAZADO,37,0.3,MODERADO,R001|R004|R009|R012,4,1,
1271405101,APROBADO,88,0.3,MODERADO,R003|R005|R012,3,1,
1271503101,RECHAZADO,44,0.3,MODERADO,R005,1,0,
1271603101,APROBADO,100,0.3,MODERADO,R001|R005|R012|R015,4,2,
1271701101,REVISION_MANUAL,71,0.3,MODERADO,R001|R005|R010|R012,4,1,
1271816102,APROBADO,99,0.3,MODERADO,R001|R005|R012,3,1,
1271918101,APROBADO,84,0.3,MODERADO,R001|R012,2,1,
1272004102,RECHAZADO,10,0.3,MODERADO,R004,1,0,
1272104102,REVISION_MANUAL,69,0.3,MODERADO,R001|R004|R005|R012,4,1,
1272202103,APROBADO,99,0.3,MODERADO,R001|R012,2,1,
1272304105,RECHAZADO,10,0.3,MODERADO,R004,1,0,
1272411101,RECHAZADO,33,0.3,MODERADO,,0,0,
1272502102,RECHAZADO,51,0.3,MODERADO,R012,1,1,
1272604102,APROBADO,84,0.3,MODERADO,R001|R012,2,1,
1272701101,RECHAZADO,41,0.3,MODERADO,,0,0,
1272804102,RECHAZADO,53,0.3,MODERADO,R012,1,1,
1272903101,RECHAZADO,11,0.3,MODERADO,R002|R005,2,0,
1273001101,RECHAZADO,27,0.3,MODERADO,R010,1,0,
1273101101,APROBADO,87,0.3,MODERADO,R001|R012,2,1,
1273206103,RECHAZADO,22,0.3,MODERADO,R004|R012,2,1,
1273318102,RECHAZADO,36,0.3,MODERADO,R004|R005|R012,3,1,
1273404101,RECHAZADO,58,0.3,MODERADO,R012,1,1,
1273504102,RECHAZADO,10,0.3,MODERADO,R004,1,0,
1273612102,RECHAZADO,13,0.3,MODERADO,R004,1,0,
1273702101,RECHAZADO,28,0.3,MODERADO,R004|R005,2,0,
1273803101,RECHAZADO,34,0.3,MODERADO,R002|R005|R015,3,1,
1273910102,RECHAZADO,29,0.3,MODERADO,,0,0,
1274004102,RECHAZADO,0,0.3,MODERADO,R002|R004|R005,3,0,
1274102102,RECHAZADO,12,0.3,MODERADO,R004,1,0,
1274203102,APROBADO,80,0.3,MODERADO,R001|R012,2,1,
1274304101,RECHAZADO,56,0.3,MODERADO,R012,1,1,
1274416101,RECHAZADO,28,0.3,MODERADO,R004|R005,2,0,
1274505102,RECHAZADO,55,0.3,MODERADO,R012,1,1,
1274602101,RECHAZADO,10,0.3,MODERADO,R004,1,0,
1274707102,RECHAZADO,13,0.3,MODERADO,R002|R005,2,0,
1274802101,RECHAZADO,45,0.3,MODERADO,R012,1,1,
1274917101,APROBADO,90,0.3,MODERADO,R001|R005|R012,3,1,
1275001102,APROBADO,85,0.3,MODERADO,R001|R005,2,0,
1275110102,RECHAZADO,13,0.3,MODERADO,R004,1,0,
1275202102,RECHAZADO,39,0.3,MODERADO,R002|R005,2,0,
1275305103,RECHAZADO,41,0.3,MODERADO,,0,0,
1275405102,RECHAZADO,13,0.3,MODERADO,R004,1,0,
1275509101,RECHAZADO,29,0.3,MODERADO,R001|R004|R010,3,0,
1275604106,RECHAZADO,0,0.3,MODERADO,R004|R010,2,0,
1275704101,RECHAZADO,27,0.3,MODERADO,R004|R005,2,0,
1275804101,RECHAZADO,45,0.3,MODERADO,R012,1,1,
1275913103,REVISION_MANUAL,72,0.3,MODERADO,R001|R005,2,0,
1276004102,RECHAZADO,13,0.3,MODERADO,R004,1,0,
1276102102,RECHAZADO,39,0.3,MODERADO,R004|R005|R012,3,1,
1276213101,APROBADO,100,0.3,MODERADO,R001|R005|R012|R015,4,2,
1276305103,RECHAZADO,26,0.3,MODERADO,R009,1,0,
1276404101,APROBADO,85,0.3,MODERADO,R001|R012,2,1,
1276504101,APROBADO,100,0.3,MODERADO,R001|R005|R012,3,1,
1276614102,RECHAZADO,25,0.3,MODERADO,R004|R012,2,1,
1276704101,RECHAZADO,24,0.3,MODERADO,R004|R012,2,1,
1276803102,RECHAZADO,43,0.3,MODERADO,R001|R004,2,0,
1276905102,REVISION_MANUAL,72,0.3,MODERADO,R001|R005,2,0,
1277019101,RECHAZADO,10,0.3,MODERADO,R004,1,0,
1277102101,RECHAZADO,55,0.3,MODERADO,R012,1,1,
1277202101,APROBADO,94,0.3,MODERADO,R001|R005|R015,3,1,
1277314104,RECHAZADO,7,0.3,MODERADO,R004|R009|R012,3,1,
1277401102,RECHAZADO,17,0.3,MODERADO,R010,1,0,
1277501101,RECHAZADO,13,0.3,MODERADO,R004,1,0,
1277611103,RECHAZADO,50,0.3,MODERADO,R012,1,1,
1277611202,RECHAZADO,13,0.3,MODERADO,R004,1,0,
1277719102,RECHAZADO,27,0.3,MODERADO,R010|R012,2,1,
1277805102,RECHAZADO,28,0.3,MODERADO,R004|R012,2,1,
1277905101,APROBADO,100,0.3,MODERADO,R001|R003|R012,3,1,
1278004101,RECHAZADO,38,0.3,MODERADO,R004|R005|R012,3,1,
1278104101,REVISION_MANUAL,72,0.3,MODERADO,R005|R012,2,1,
1278203102,REVISION_MANUAL,62,0.3,MODERADO,R012,1,1,
1278302101,APROBADO,100,0.3,MODERADO,R001|R005|R012,3,1,
1278404102,RECHAZADO,59,0.3,MODERADO,R005|R012,2,1,
1278505103,RECHAZADO,24,0.3,MODERADO,R004|R012,2,1,
1278605101,APROBADO,88,0.3,MODERADO,R001|R012,2,1,
1278703103,REVISION_MANUAL,71,0.3,MODERADO,R001,1,0,
1278805102,RECHAZADO,13,0.3,MODERADO,R004,1,0,
1278905101,RECHAZADO,13,0.3,MODERADO,R002|R005,2,0,
1279003101,RECHAZADO,13,0.3,MODERADO,R004,1,0,
1279107101,RECHAZADO,53,0.3,MODERADO,R012,1,1,
1279203101,REVISION_MANUAL,70,0.3,MODERADO,R005|R012,2,1,
1279303101,RECHAZADO,41,0.3,MODERADO,,0,0,
1279404102,RECHAZADO,10,0.3,MODERADO,R004,1,0,
1279503101,RECHAZADO,8,0.3,MODERADO,R004,1,0,
1279604101,APROBADO,100,0.3,MODERADO,R001|R005|R010|R012,4,1,
1279703102,RECHAZADO,58,0.3,MODERADO,R012,1,1,
1279806103,RECHAZADO,0,0.3,MODERADO,R002|R009,2,0,
1279902101,REVISION_MANUAL,64,0.3,MODERADO,R005|R015,2,1,
1280009102,RECHAZADO,26,0.3,MODERADO,R009,1,0,
1280105101,RECHAZADO,52,0.3,MODERADO,R012,1,1,
1280211101,RECHAZADO,31,0.3,MODERADO,,0,0,
1280314101,RECHAZADO,55,0.3,MODERADO,R005,1,0,
1280403102,RECHAZADO,53,0.3,MODERADO,R005,1,0,
1280506101,RECHAZADO,45,0.3,MODERADO,R005,1,0,
1280615101,REVISION_MANUAL,64,0.3,MODERADO,R005|R015,2,1,
1280703101,RECHAZADO,38,0.3,MODERADO,,0,0,
1280812102,RECHAZADO,11,0.3,MODERADO,R004,1,0,
1280904101,RECHAZADO,23,0.3,MODERADO,R002|R005,2,0,
1281003102,RECHAZADO,22,0.3,MODERADO,R004|R012,2,1,
1281105101,RECHAZADO,14,0.3,MODERADO,R002|R005,2,0,
1281203102,RECHAZADO,38,0.3,MODERADO,R004|R005|R012,3,1,
1281301101,RECHAZADO,11,0.3,MODERADO,R002|R005,2,0,
1281409101,APROBADO,100,0.3,MODERADO,R001|R005|R012,3,1,
1281501102,RECHAZADO,7,0.3,MODERADO,R002|R005|R010,3,0,
1281605102,RECHAZADO,41,0.3,MODERADO,,0,0,
1281708102,RECHAZADO,37,0.3,MODERADO,R009|R012,2,1,
1281803102,RECHAZADO,30,0.3,MODERADO,,0,0,
1281901101,RECHAZADO,36,0.3,MODERADO,,0,0,
1282010101,RECHAZADO,10,0.3,MODERADO,R004,1,0,
1282102101,RECHAZADO,29,0.3,MODERADO,,0,0,
1282208101,RECHAZADO,8,0.3,MODERADO,R002,1,0,
1282318104,RECHAZADO,56,0.3,MODERADO,R001,1,0,
1282402104,RECHAZADO,15,0.3,MODERADO,R010,1,0,
1282504103,RECHAZADO,8,0.3,MODERADO,R004|R009|R012,3,1,
1282603101,REVISION_MANUAL,69,0.3,MODERADO,R001|R004|R005|R012,4,1,
1282711101,RECHAZADO,57,0.3,MODERADO,R001,1,0,
1282805104,RECHAZADO,12,0.3,MODERADO,R004,1,0,
1282908101,REVISION_MANUAL,79,0.3,MODERADO,R005|R012|R015,3,2,
1283020101,RECHAZADO,42,0.3,MODERADO,R005,1,0,
1283101103,RECHAZADO,36,0.3,MODERADO,,0,0,
1283203101,RECHAZADO,44,0.3,MODERADO,R012,1,1,
1283303101,RECHAZADO,29,0.3,MODERADO,,0,0,
1283420105,RECHAZADO,57,0.3,MODERADO,R001|R010,2,0,
1283505102,RECHAZADO,16,0.3,MODERADO,R009,1,0,
1283604102,APROBADO,100,0.3,MODERADO,R001|R005|R012,3,1,
1283701103,RECHAZADO,0,0.3,MODERADO,R004|R010,2,0,
1283805101,RECHAZADO,42,0.3,MODERADO,R012,1,1,
1283903101,RECHAZADO,25,0.3,MODERADO,R002|R005,2,0,
1284004101,APROBADO,86,0.3,MODERADO,R001|R005|R012,3,1,
1284103101,APROBADO,85,0.3,MODERADO,R001|R005|R012,3,1,
1284210101,RECHAZADO,42,0.3,MODERADO,R005,1,0,
1284302101,RECHAZADO,54,0.3,MODERADO,R012,1,1,
1284404101,RECHAZADO,59,0.3,MODERADO,R005|R010|R012,3,1,
1284504101,APROBADO,100,0.3,MODERADO,R001|R005|R012|R015,4,2,
1284603102,RECHAZADO,10,0.3,MODERADO,R004,1,0,
1284706102,RECHAZADO,25,0.3,MODERADO,R004|R005,2,0,
1284803101,RECHAZADO,28,0.3,MODERADO,R004|R005,2,0,
1284903101,RECHAZADO,27,0.3,MODERADO,R004|R005,2,0,
1285016101,RECHAZADO,56,0.3,MODERADO,R005,1,0,
1285016202,RECHAZADO,29,0.3,MODERADO,,0,0,
1285016302,RECHAZADO,57,0.3,MODERADO,R012,1,1,
1285102102,RECHAZADO,52,0.3,MODERADO,R012,1,1,
1285203102,APROBADO,80,0.3,MODERADO,R001|R012,2,1,
1285301101,RECHAZADO,23,0.3,MODERADO,R004|R005,2,0,
1285401103,RECHAZADO,57,0.3,MODERADO,R001|R009,2,0,
1285502102,APROBADO,100,0.3,MODERADO,R001|R005|R012|R015,4,2,
1285601102,RECHAZADO,13,0.3,MODERADO,R004,1,0,
1285701103,APROBADO,82,0.3,MODERADO,R001|R012,2,1,
1285804101,REVISION_MANUAL,61,0.3,MODERADO,R005|R012,2,1,
1285905104,RECHAZADO,23,0.3,MODERADO,R004|R012,2,1,
1286002101,RECHAZADO,24,0.3,MODERADO,R004|R005,2,0,
1286101101,APROBADO,96,0.3,MODERADO,R003|R005|R012|R015,4,2,
1286204101,RECHAZADO,43,0.3,MODERADO,R001|R004,2,0,
1286322101,REVISION_MANUAL,61,0.3,MODERADO,R005|R012,2,1,
1286401103,RECHAZADO,28,0.3,MODERADO,R004|R005,2,0,
1286501101,REVISION_MANUAL,74,0.3,MODERADO,R001|R012,2,1,
1286620103,RECHAZADO,47,0.3,MODERADO,R001|R010,2,0,
1286702102,REVISION_MANUAL,73,0.3,MODERADO,R001|R012,2,1,
1286805101,RECHAZADO,0,0.3,MODERADO,R002|R010,2,0,
1286909101,APROBADO,99,0.3,MODERADO,R001|R005|R012,3,1,
1287015102,REVISION_MANUAL,68,0.3,MODERADO,R001,1,0,
1287116101,APROBADO,100,0.3,MODERADO,R001|R005|R012,3,1,
1287205101,RECHAZADO,59,0.3,MODERADO,R005|R012,2,1,
1287310101,RECHAZADO,38,0.3,MODERADO,,0,0,
1287401102,RECHAZADO,27,0.3,MODERADO,R010,1,0,
1287512101,RECHAZADO,55,0.3,MODERADO,R005,1,0,
1287609102,RECHAZADO,53,0.3,MODERADO,R005,1,0,
1287702101,RECHAZADO,38,0.3,MODERADO,R004|R005|R012,3,1,
1287804104,RECHAZADO,25,0.3,MODERADO,R010,1,0,
1287903101,APROBADO,85,0.3,MODERADO,R001|R005,2,0,
1288007107,RECHAZADO,12,0.3,MODERADO,R004|R005|R010,3,0,
1288113101,RECHAZADO,28,0.3,MODERADO,R004|R005,2,0,
1288219102,RECHAZADO,41,0.3,MODERADO,R012,1,1,
1288302102,RECHAZADO,0,0.3,MODERADO,R002,1,0,
1288402102,RECHAZADO,24,0.3,MODERADO,R004|R012,2,1,
1288501104,RECHAZADO,11,0.3,MODERADO,R004|R009|R012,3,1,
1288618102,RECHAZADO,12,0.3,MODERADO,R004,1,0,
1288702103,RECHAZADO,10,0.3,MODERADO,R004,1,0,
1288818102,RECHAZADO,13,0.3,MODERADO,R004,1,0,
1288902101,RECHAZADO,6,0.3,MODERADO,R002,1,0,
1289002102,RECHAZADO,52,0.3,MODERADO,R012,1,1,
1289102102,RECHAZADO,13,0.3,MODERADO,R004,1,0,
1289203101,APROBADO,95,0.3,MODERADO,R001|R005|R012,3,1,
1289305101,REVISION_MANUAL,75,0.3,MODERADO,R001|R005,2,0,
1289414101,RECHAZADO,39,0.3,MODERADO,,0,0,
1289509102,RECHAZADO,28,0.3,MODERADO,R004|R005,2,0,
1289605103,APROBADO,81,0.3,MODERADO,R001|R012,2,1,
1289702102,APROBADO,86,0.3,MODERADO,R001|R012,2,1,
1289805102,RECHAZADO,13,0.3,MODERADO,R004,1,0,
1289920101,APROBADO,83,0.3,MODERADO,R001|R012,2,1,
1290018101,APROBADO,82,0.3,MODERADO,R001|R006,2,0,
1290102102,RECHAZADO,29,0.3,MODERADO,,0,0,
1290202103,RECHAZADO,0,0.3,MODERADO,R002|R010,2,0,
1290320103,RECHAZADO,37,0.3,MODERADO,,0,0,
1290320202,RECHAZADO,39,0.3,MODERADO,,0,0,
1290401101,APROBADO,90,0.3,MODERADO,R001|R005|R012,3,1,
1290501101,APROBADO,87,0.3,MODERADO,R001|R012,2,1,
1290605101,RECHAZADO,55,0.3,MODERADO,R012,1,1,
1290717103,RECHAZADO,26,0.3,MODERADO,R009,1,0,
1290810103,RECHAZADO,12,0.3,MODERADO,R004,1,0,
1290905102,APROBADO,100,0.3,MODERADO,R001|R005|R012|R015,4,2,
1291004101,REVISION_MANUAL,60,0.3,MODERADO,R012,1,1,
1291102101,RECHAZADO,37,0.3,MODERADO,R001|R004|R010|R012,4,1,
1291203103,REVISION_MANUAL,65,0.3,MODERADO,R005|R012,2,1,
1291313101,RECHAZADO,23,0.3,MODERADO,R004|R005,2,0,
1291401101,APROBADO,87,0.3,MODERADO,R001|R012,2,1,
1291513102,RECHAZADO,29,0.3,MODERADO,,0,0,
1291601101,RECHAZADO,41,0.3,MODERADO,R004|R005|R012,3,1,
1291703101,RECHAZADO,38,0.3,MODERADO,R004|R005|R012,3,1,
1291803101,RECHAZADO,23,0.3,MODERADO,R002|R005,2,0,
1291910104,RECHAZADO,16,0.3,MODERADO,R009,1,0,
1292001101,RECHAZADO,38,0.3,MODERADO,R004|R005|R012,3,1,
1292101103,RECHAZADO,0,0.3,MODERADO,R002|R004|R010,3,0,
1292201105,RECHAZADO,40,0.3,MODERADO,R001|R004,2,0,
1292304102,REVISION_MANUAL,69,0.3,MODERADO,R001,1,0,
1292403101,RECHAZADO,57,0.3,MODERADO,R001|R004|R005,3,0,
1292502103,APROBADO,89,0.3,MODERADO,R001|R012,2,1,
1292606101,RECHAZADO,46,0.3,MODERADO,R005,1,0,
1292705101,RECHAZADO,53,0.3,MODERADO,R012,1,1,
1292803101,APROBADO,100,0.3,MODERADO,R001|R005|R012,3,1,
1292901101,REVISION_MANUAL,72,0.3,MODERADO,R001|R005,2,0,
1293005103,RECHAZADO,0,0.3,MODERADO,R004|R010,2,0,
1293101102,RECHAZADO,29,0.3,MODERADO,,0,0,
1293204101,APROBADO,100,0.3,MODERADO,R001|R005|R006|R012,4,1,
1293302101,RECHAZADO,0,0.3,MODERADO,R004|R010,2,0,
1293403101,REVISION_MANUAL,77,0.3,MODERADO,R005|R012|R015,3,2,
1293501101,RECHAZADO,57,0.3,MODERADO,R012,1,1,
1293601102,REVISION_MANUAL,68,0.3,MODERADO,R005|R012,2,1,
1293702102,RECHAZADO,27,0.3,MODERADO,,0,0,
1293802102,RECHAZADO,45,0.3,MODERADO,R005,1,0,
1293802203,RECHAZADO,58,0.3,MODERADO,R012,1,1,
1293901101,APROBADO,83,0.3,MODERADO,R001|R012,2,1,
1294005102,RECHAZADO,38,0.3,MODERADO,R009|R012,2,1,
1294105101,APROBADO,100,0.3,MODERADO,R001|R005|R012,3,1,
1294202103,REVISION_MANUAL,69,0.3,MODERADO,R001|R009|R012,3,1,
1294307101,RECHAZADO,0,0.3,MODERADO,R004|R010,2,0,
1294402101,APROBADO,85,0.3,MODERADO,R001|R012,2,1,
1294504102,RECHAZADO,13,0.3,MODERADO,R004,1,0,
1294605101,RECHAZADO,40,0.3,MODERADO,R012,1,1,
1294703102,APROBADO,98,0.3,MODERADO,R001|R005|R012,3,1,
1294804102,REVISION_MANUAL,60,0.3,MODERADO,R001|R004|R005,3,0,
1294902103,RECHAZADO,55,0.3,MODERADO,R001|R004|R005,3,0,
1295004101,APROBADO,100,0.3,MODERADO,R001|R005|R012|R015,4,2,
1295103102,APROBADO,100,0.3,MODERADO,R001|R005|R012|R015,4,2,
1295210101,RECHAZADO,55,0.3,MODERADO,R001|R004|R005,3,0,
1295301101,RECHAZADO,0,0.3,MODERADO,R004|R010,2,0,
1295405101,APROBADO,97,0.3,MODERADO,R001|R005|R012,3,1,
1295503101,RECHAZADO,13,0.3,MODERADO,R004,1,0,
1295604102,RECHAZADO,26,0.3,MODERADO,R004|R012,2,1,
1295710101,RECHAZADO,13,0.3,MODERADO,R004,1,0,
1295804102,RECHAZADO,27,0.3,MODERADO,,0,0,
1295907101,RECHAZADO,12,0.3,MODERADO,R004,1,0,
1296011102,RECHAZADO,29,0.3,MODERADO,,0,0,
1296113101,REVISION_MANUAL,73,0.3,MODERADO,R001,1,0,
1296213101,RECHAZADO,44,0.3,MODERADO,R005,1,0,
1296301102,RECHAZADO,27,0.3,MODERADO,R009,1,0,
1296404101,RECHAZADO,13,0.3,MODERADO,R004,1,0,
1296505101,RECHAZADO,57,0.3,MODERADO,R001|R010,2,0,
1296602101,RECHAZADO,12,0.3,MODERADO,R004,1,0,
1296712101,RECHAZADO,43,0.3,MODERADO,R005,1,0,
1296813101,RECHAZADO,44,0.3,MODERADO,R005,1,0,
1296901101,RECHAZADO,52,0.3,MODERADO,R012,1,1,
1297020101,RECHAZADO,23,0.3,MODERADO,R002|R005,2,0,
1297119102,RECHAZADO,0,0.3,MODERADO,R002|R009,2,0,
1297216101,APROBADO,91,0.3,MODERADO,R001|R005|R012,3,1,
1297304101,RECHAZADO,29,0.3,MODERADO,R002|R003,2,0,
1297401101,RECHAZADO,46,0.3,MODERADO,R004|R005|R012,3,1,
1297502102,REVISION_MANUAL,63,0.3,MODERADO,R001,1,0,
1297611102,RECHAZADO,23,0.3,MODERADO,R004|R012,2,1,
1297705101,APROBADO,100,0.3,MODERADO,R001|R005|R012,3,1,
1297801101,REVISION_MANUAL,73,0.3,MODERADO,R001,1,0,
1297920102,RECHAZADO,28,0.3,MODERADO,R004|R005,2,0,
1298004101,RECHAZADO,49,0.3,MODERADO,R012,1,1,
1298102101,APROBADO,100,0.3,MODERADO,R001|R005|R012|R015,4,2,
1298219101,RECHAZADO,58,0.3,MODERADO,R001|R004|R005,3,0,
1298304101,APROBADO,96,0.3,MODERADO,R001|R005|R015,3,1,
1298405102,APROBADO,94,0.3,MODERADO,R001|R012,2,1,
1298516102,RECHAZADO,50,0.3,MODERADO,R001|R004|R012,3,1,
1298606102,RECHAZADO,27,0.3,MODERADO,R010,1,0,
1298716101,RECHAZADO,41,0.3,MODERADO,,0,0,
1298805102,APROBADO,84,0.3,MODERADO,R001|R005,2,0,
1298905104,RECHAZADO,19,0.3,MODERADO,R004|R012,2,1,
1299017101,APROBADO,100,0.3,MODERADO,R001|R005|R012,3,1,
1299120101,RECHAZADO,42,0.3,MODERADO,R005,1,0,
1299210102,APROBADO,82,0.3,MODERADO,R001|R006,2,0,
1299301101,RECHAZADO,40,0.3,MODERADO,,0,0,
1299403105,RECHAZADO,28,0.3,MODERADO,,0,0,
1299504102,RECHAZADO,40,0.3,MODERADO,,0,0,
1299614101,RECHAZADO,25,0.3,MODERADO,R004|R012,2,1,
1299713101,RECHAZADO,24,0.3,MODERADO,R002|R005|R006,3,0,
1299802101,RECHAZADO,58,0.3,MODERADO,R001|R004|R005,3,0,
1299910103,RECHAZADO,29,0.3,MODERADO,,0,0,
1300006102,RECHAZADO,11,0.3,MODERADO,R004,1,0,
1300102101,APROBADO,84,0.3,MODERADO,R001|R012,2,1,
1300203101,RECHAZADO,44,0.3,MODERADO,R005,1,0,
1300317101,RECHAZADO,32,0.3,MODERADO,,0,0,
1300406102,RECHAZADO,0,0.3,MODERADO,R004|R010,2,0,
1300505101,RECHAZADO,20,0.3,MODERADO,R002|R005,2,0,
1300604101,RECHAZADO,39,0.3,MODERADO,R004|R005|R012,3,1,
1300704101,RECHAZADO,27,0.3,MODERADO,R010,1,0,
1300809101,RECHAZADO,33,0.3,MODERADO,,0,0,
1300919102,RECHAZADO,31,0.3,MODERADO,,0,0,
1301018102,RECHAZADO,13,0.3,MODERADO,R004,1,0,
1301119101,RECHAZADO,12,0.3,MODERADO,R004,1,0,
1301205102,RECHAZADO,10,0.3,MODERADO,R004,1,0,
1301301102,REVISION_MANUAL,61,0.3,MODERADO,R001|R006|R009,3,0,
1301418101,RECHAZADO,40,0.3,MODERADO,,0,0,
1301504102,APROBADO,83,0.3,MODERADO,R001|R012,2,1,
1301603103,RECHAZADO,8,0.3,MODERADO,R002|R005|R010,3,0,
1301704101,REVISION_MANUAL,60,0.3,MODERADO,R001,1,0,
1301805101,RECHAZADO,54,0.3,MODERADO,R012,1,1,
1301903103,RECHAZADO,0,0.3,MODERADO,R002|R004,2,0,
1302001103,RECHAZADO,0,0.3,MODERADO,R002|R010,2,0,
1302105101,APROBADO,100,0.3,MODERADO,R001|R005|R012|R015,4,2,
1302205101,APROBADO,100,0.3,MODERADO,R001|R003|R005|R012,4,1,
1302309101,RECHAZADO,41,0.3,MODERADO,,0,0,
1302405101,RECHAZADO,38,0.3,MODERADO,,0,0,
1302507101,REVISION_MANUAL,70,0.3,MODERADO,R005|R012,2,1,
1302605102,RECHAZADO,10,0.3,MODERADO,R004,1,0,
1302704102,RECHAZADO,11,0.3,MODERADO,R004,1,0,
1302802103,REVISION_MANUAL,67,0.3,MODERADO,R001|R010|R012,3,1,
1302910105,RECHAZADO,55,0.3,MODERADO,R001|R009|R012,3,1,
1303018101,RECHAZADO,31,0.3,MODERADO,,0,0,
1303103102,RECHAZADO,55,0.3,MODERADO,R012,1,1,
1303205101,APROBADO,94,0.3,MODERADO,R001|R006|R012,3,1,
1303302102,APROBADO,80,0.3,MODERADO,R001|R012,2,1,
1303402102,RECHAZADO,23,0.3,MODERADO,R004|R012,2,1,
1303506103,REVISION_MANUAL,67,0.3,MODERADO,R001|R010|R012,3,1,
1303604101,RECHAZADO,27,0.3,MODERADO,R004|R005,2,0,
1303705101,RECHAZADO,24,0.3,MODERADO,R002|R005,2,0,
1303805103,RECHAZADO,54,0.3,MODERADO,R012,1,1,
1303903102,RECHAZADO,20,0.3,MODERADO,R002|R005,2,0,
1304007102,RECHAZADO,25,0.3,MODERADO,,0,0,
1304103101,RECHAZADO,23,0.3,MODERADO,R002|R005,2,0,
1304103201,RECHAZADO,10,0.3,MODERADO,R002,1,0,
1304103301,APROBADO,85,0.3,MODERADO,R001|R005,2,0,
1304103402,RECHAZADO,8,0.3,MODERADO,R002,1,0,
1304203105,RECHAZADO,27,0.3,MODERADO,R010,1,0,
1304301102,RECHAZADO,44,0.3,MODERADO,R001|R004|R005|R009,4,0,
1304421102,RECHAZADO,13,0.3,MODERADO,R004,1,0,
1304509103,APROBADO,80,0.3,MODERADO,R001|R003|R009,3,0,
1304603101,RECHAZADO,0,0.3,MODERADO,R002|R004|R005,3,0,
1304702101,APROBADO,100,0.3,MODERADO,R001|R003|R005|R012,4,1,
1304803101,RECHAZADO,48,0.3,MODERADO,R012,1,1,
1304803202,RECHAZADO,40,0.3,MODERADO,R001|R004,2,0,
1304904105,RECHAZADO,0,0.3,MODERADO,R004|R010,2,0,
1305003101,APROBADO,86,0.3,MODERADO,R003|R005|R012,3,1,
1305104102,RECHAZADO,24,0.3,MODERADO,R004|R012,2,1,
1305204103,RECHAZADO,7,0.3,MODERADO,R004|R009|R012,3,1,
1305302102,RECHAZADO,22,0.3,MODERADO,R004|R012,2,1,
1305401104,REVISION_MANUAL,69,0.3,MODERADO,R001|R010|R012,3,1,
1305502102,RECHAZADO,12,0.3,MODERADO,R004|R010|R012,3,1,
1305605101,RECHAZADO,23,0.3,MODERADO,R004|R012,2,1,
1305702101,APROBADO,100,0.3,MODERADO,R001|R005|R012|R015,4,2,
1305805101,REVISION_MANUAL,76,0.3,MODERADO,R001|R005,2,0,
1305901101,APROBADO,100,0.3,MODERADO,R001|R005|R012|R015,4,2,
1306004102,RECHAZADO,21,0.3,MODERADO,R004|R012,2,1,
1306103101,RECHAZADO,44,0.3,MODERADO,R005,1,0,
1306203105,REVISION_MANUAL,65,0.3,MODERADO,R001,1,0,
1306303101,RECHAZADO,50,0.3,MODERADO,R012,1,1,
1306403101,RECHAZADO,26,0.3,MODERADO,R004|R005,2,0,
1306504101,RECHAZADO,12,0.3,MODERADO,R004,1,0,
1306603102,RECHAZADO,50,0.3,MODERADO,R012,1,1,
1306702103,RECHAZADO,27,0.3,MODERADO,R010|R012,2,1,
1306805101,RECHAZADO,23,0.3,MODERADO,R002|R005,2,0,
1306913101,RECHAZADO,11,0.3,MODERADO,R004,1,0,
1307005104,RECHAZADO,25,0.3,MODERADO,R010,1,0,
1307103101,RECHAZADO,21,0.3,MODERADO,R002|R005,2,0,
1307205101,RECHAZADO,38,0.3,MODERADO,,0,0,
1307303101,RECHAZADO,38,0.3,MODERADO,,0,0,
1307403101,RECHAZADO,39,0.3,MODERADO,R004|R005|R012,3,1,
1307517102,RECHAZADO,12,0.3,MODERADO,R004,1,0,
1307602102,RECHAZADO,42,0.3,MODERADO,R012,1,1,
1307706104,RECHAZADO,39,0.3,MODERADO,R009|R012,2,1,
1307804102,RECHAZADO,29,0.3,MODERADO,,0,0,
1307920101,RECHAZADO,26,0.3,MODERADO,R004|R005,2,0,
1308001101,RECHAZADO,10,0.3,MODERADO,R004,1,0,
1308105106,RECHAZADO,8,0.3,MODERADO,R004|R009|R012,3,1,
1308201101,APROBADO,96,0.3,MODERADO,R001|R005|R012,3,1,
1308320101,RECHAZADO,52,0.3,MODERADO,R012,1,1,
1308401101,APROBADO,88,0.3,MODERADO,R001|R005|R012,3,1,
1308503102,RECHAZADO,30,0.3,MODERADO,,0,0,
1308616101,RECHAZADO,0,0.3,MODERADO,R002|R004,2,0,
1308718101,APROBADO,86,0.3,MODERADO,R001|R005,2,0,
1308805102,RECHAZADO,13,0.3,MODERADO,R004,1,0,
1308910102,RECHAZADO,22,0.3,MODERADO,R004|R012,2,1,
1309014102,RECHAZADO,13,0.3,MODERADO,R004,1,0,
1309107101,RECHAZADO,55,0.3,MODERADO,R001|R004|R006,3,0,
1309203102,RECHAZADO,9,0.3,MODERADO,R004|R010|R012,3,1,
1309304102,RECHAZADO,58,0.3,MODERADO,R001|R004|R005,3,0,
1309414101,RECHAZADO,45,0.3,MODERADO,R005,1,0,
1309505101,RECHAZADO,14,0.3,MODERADO,R002|R005,2,0,
1309602101,RECHAZADO,33,0.3,MODERADO,,0,0,
1309706102,RECHAZADO,43,0.3,MODERADO,R001|R004,2,0,
1309805101,APROBADO,95,0.3,MODERADO,R001|R005|R012,3,1,
1309901101,RECHAZADO,39,0.3,MODERADO,R004|R005|R012,3,1,
1310008101,REVISION_MANUAL,66,0.3,MODERADO,R005|R015,2,1,
1310103102,RECHAZADO,52,0.3,MODERADO,R012,1,1,
1310208101,REVISION_MANUAL,61,0.3,MODERADO,R001,1,0,
1310305101,RECHAZADO,13,0.3,MODERADO,R004,1,0,
1310401101,APROBADO,89,0.3,MODERADO,R001|R005|R012,3,1,
1310401201,RECHAZADO,45,0.3,MODERADO,R005,1,0,
1310502103,RECHAZADO,14,0.3,MODERADO,R002,1,0,
1310611101,RECHAZADO,47,0.3,MODERADO,R005,1,0,
1310709101,RECHAZADO,11,0.3,MODERADO,R004,1,0,
1310804102,APROBADO,98,0.3,MODERADO,R001|R005|R012,3,1,
1310906102,APROBADO,81,0.3,MODERADO,R001|R012,2,1,
1311004101,RECHAZADO,41,0.3,MODERADO,R012,1,1,
1311102101,APROBADO,87,0.3,MODERADO,R003|R005|R012,3,1,
1311204102,RECHAZADO,57,0.3,MODERADO,R001|R010,2,0,
1311305101,REVISION_MANUAL,64,0.3,MODERADO,R005|R015,2,1,
1311409101,RECHAZADO,30,0.3,MODERADO,R004|R005,2,0,
1311510104,RECHAZADO,13,0.3,MODERADO,R004|R009|R012,3,1,
1311604101,APROBADO,84,0.3,MODERADO,R001|R012,2,1,
1311704101,APROBADO,85,0.3,MODERADO,R001|R005,2,0,
1311811102,RECHAZADO,8,0.3,MODERADO,R004,1,0,
1311919102,RECHAZADO,44,0.3,MODERADO,R005,1,0,
1312005103,RECHAZADO,24,0.3,MODERADO,R004|R012,2,1,
1312102101,RECHAZADO,58,0.3,MODERADO,R005|R012,2,1,
1312206102,RECHAZADO,29,0.3,MODERADO,,0,0,
1312316103,RECHAZADO,31,0.3,MODERADO,,0,0,
1312409101,RECHAZADO,43,0.3,MODERADO,R012,1,1,
1312514102,RECHAZADO,0,0.3,MODERADO,R004|R010,2,0,
1312604102,REVISION_MANUAL,70,0.3,MODERADO,R001|R012,2,1,
1312704101,RECHAZADO,30,0.3,MODERADO,,0,0,
1312801103,RECHAZADO,38,0.3,MODERADO,,0,0,
1312904101,RECHAZADO,54,0.3,MODERADO,R012,1,1,
1313014102,RECHAZADO,10,0.3,MODERADO,R004,1,0,
1313105101,APROBADO,98,0.3,MODERADO,R001|R012,2,1,
1313105201,REVISION_MANUAL,66,0.3,MODERADO,R012,1,1,
1313105301,APROBADO,83,0.3,MODERADO,R001|R012,2,1,
1313204102,REVISION_MANUAL,70,0.3,MODERADO,R001,1,0,
1313319104,RECHAZADO,9,0.3,MODERADO,R004|R010|R012,3,1,
1313401101,APROBADO,87,0.3,MODERADO,R001|R012,2,1,
1313505102,RECHAZADO,46,0.3,MODERADO,R005,1,0,
1313619101,REVISION_MANUAL,71,0.3,MODERADO,R001|R004|R005|R012,4,1,
1313706101,REVISION_MANUAL,63,0.3,MODERADO,R005|R015,2,1,
1313802102,RECHAZADO,39,0.3,MODERADO,,0,0,
1313901102,RECHAZADO,15,0.3,MODERADO,R004,1,0,
1314002103,RECHAZADO,0,0.3,MODERADO,R004|R010,2,0,
1314103102,RECHAZADO,29,0.3,MODERADO,,0,0,
1314201103,RECHAZADO,0,0.3,MODERADO,R002|R010,2,0,
1314301101,RECHAZADO,59,0.3,MODERADO,R005|R012,2,1,
1314405102,RECHAZADO,8,0.3,MODERADO,R004|R009|R012,3,1,
1314508101,RECHAZADO,54,0.3,MODERADO,R005|R012,2,1,
1314603102,RECHAZADO,27,0.3,MODERADO,R004|R005,2,0,
1314701101,APROBADO,99,0.3,MODERADO,R001|R012,2,1,
1314803102,RECHAZADO,56,0.3,MODERADO,R012,1,1,
1314903102,RECHAZADO,21,0.3,MODERADO,R004|R012,2,1,
1315003101,RECHAZADO,35,0.3,MODERADO,R004|R005|R012,3,1,
1315111101,RECHAZADO,56,0.3,MODERADO,R005,1,0,
1315210102,RECHAZADO,0,0.3,MODERADO,R004|R010,2,0,
1315302102,APROBADO,83,0.3,MODERADO,R001|R012,2,1,
1315410104,APROBADO,83,0.3,MODERADO,R001|R006,2,0,
1315503102,RECHAZADO,53,0.3,MODERADO,R005,1,0,
1315503201,REVISION_MANUAL,79,0.3,MODERADO,R001|R012,2,1,
1315605103,RECHAZADO,25,0.3,MODERADO,R004|R012,2,1,
1315705102,RECHAZADO,23,0.3,MODERADO,R004|R012,2,1,
1315802101,APROBADO,97,0.3,MODERADO,R001|R005|R012,3,1,
1315903103,RECHAZADO,7,0.3,MODERADO,R004|R009|R012,3,1,
1316015101,RECHAZADO,17,0.3,MODERADO,R010,1,0,
1316115101,RECHAZADO,57,0.3,MODERADO,R001|R004|R005,3,0,
1316216103,RECHAZADO,24,0.3,MODERADO,R004|R012,2,1,
1316317101,RECHAZADO,28,0.3,MODERADO,R004|R005,2,0,
1316401102,RECHAZADO,15,0.3,MODERADO,R004,1,0,
1316510101,RECHAZADO,28,0.3,MODERADO,R004|R005,2,0,
1316605103,RECHAZADO,23,0.3,MODERADO,R004|R012,2,1,
1316703101,RECHAZADO,27,0.3,MODERADO,R004|R005,2,0,
1316804101,RECHAZADO,40,0.3,MODERADO,R005,1,0,
1316904103,RECHAZADO,3,0.3,MODERADO,R002,1,0,
1316904201,RECHAZADO,52,0.3,MODERADO,R012,1,1,
1317003102,RECHAZADO,11,0.3,MODERADO,R004,1,0,
1317101101,RECHAZADO,40,0.3,MODERADO,R012,1,1,
1317202102,APROBADO,97,0.3,MODERADO,R001|R005|R012,3,1,
1317303102,RECHAZADO,47,0.3,MODERADO,R012,1,1,
1317405102,RECHAZADO,58,0.3,MODERADO,R001|R004|R005,3,0,
1317504104,RECHAZADO,39,0.3,MODERADO,R010|R012,2,1,
1317604101,REVISION_MANUAL,72,0.3,MODERADO,R001|R005|R010,3,0,
1317705102,RECHAZADO,40,0.3,MODERADO,R004|R005|R012,3,1,
1317802102,RECHAZADO,25,0.3,MODERADO,R004|R012,2,1,
1317912102,RECHAZADO,22,0.3,MODERADO,R004|R012,2,1,
1318012101,REVISION_MANUAL,69,0.3,MODERADO,R001,1,0,
1318103102,RECHAZADO,50,0.3,MODERADO,R005,1,0,
1318103201,APROBADO,100,0.3,MODERADO,R001|R005|R012,3,1,
1318208103,RECHAZADO,13,0.3,MODERADO,R009|R010,2,0,
1318320101,RECHAZADO,58,0.3,MODERADO,R005|R012,2,1,
1318416102,APROBADO,83,0.3,MODERADO,R001|R005,2,0,
1318502101,APROBADO,89,0.3,MODERADO,R005|R012|R015,3,2,
1318605101,RECHAZADO,28,0.3,MODERADO,R004|R005,2,0,
1318719101,RECHAZADO,33,0.3,MODERADO,,0,0,
1318803101,RECHAZADO,32,0.3,MODERADO,R002|R005|R006,3,0,
1318901101,RECHAZADO,5,0.3,MODERADO,R002,1,0,
1319002101,APROBADO,86,0.3,MODERADO,R001|R005|R006,3,0,
1319103102,APROBADO,82,0.3,MODERADO,R001|R012,2,1,
1319201101,RECHAZADO,41,0.3,MODERADO,R004|R005|R012,3,1,
1319309102,RECHAZADO,25,0.3,MODERADO,R004|R005,2,0,
1319401101,RECHAZADO,41,0.3,MODERADO,R005,1,0,
1319508101,RECHAZADO,54,0.3,MODERADO,R005|R012,2,1,
1319602102,REVISION_MANUAL,65,0.3,MODERADO,R005|R012,2,1,
1319705106,REVISION_MANUAL,68,0.3,MODERADO,R001,1,0,
1319805102,RECHAZADO,25,0.3,MODERADO,R004|R012,2,1,
1319903101,RECHAZADO,45,0.3,MODERADO,R005,1,0,
1320001101,REVISION_MANUAL,70,0.3,MODERADO,R001|R010|R012,3,1,
1320104102,RECHAZADO,8,0.3,MODERADO,R004,1,0,
1320202101,APROBADO,97,0.3,MODERADO,R001|R005|R012,3,1,
1320304101,RECHAZADO,11,0.3,MODERADO,R002|R005,2,0,
1320412101,RECHAZADO,11,0.3,MODERADO,R002|R005,2,0,
1320502101,RECHAZADO,39,0.3,MODERADO,,0,0,
1320606101,RECHAZADO,56,0.3,MODERADO,R001,1,0,
1320705102,RECHAZADO,15,0.3,MODERADO,R004,1,0,
1320804102,RECHAZADO,12,0.3,MODERADO,R004,1,0,
1320901102,RECHAZADO,37,0.3,MODERADO,R010|R012,2,1,
1321004103,RECHAZADO,13,0.3,MODERADO,R009,1,0,
1321110101,RECHAZADO,44,0.3,MODERADO,R005,1,0,
1321220101,APROBADO,99,0.3,MODERADO,R001|R005|R012,3,1,
1321303101,RECHAZADO,23,0.3,MODERADO,R004|R012,2,1,
1321419101,RECHAZADO,8,0.3,MODERADO,R004,1,0,
1321503101,APROBADO,80,0.3,MODERADO,R001|R012,2,1,
1321601101,RECHAZADO,59,0.3,MODERADO,R001,1,0,
1321704101,APROBADO,82,0.3,MODERADO,R001|R012,2,1,
1321817101,RECHAZADO,0,0.3,MODERADO,R002,1,0,
1321903101,RECHAZADO,7,0.3,MODERADO,R002,1,0,
1322016103,RECHAZADO,10,0.3,MODERADO,R004,1,0,
1322105102,RECHAZADO,13,0.3,MODERADO,R004,1,0,
1322211101,RECHAZADO,55,0.3,MODERADO,R001|R004|R012,3,1,
1322313102,RECHAZADO,22,0.3,MODERADO,R004|R012,2,1,
1322404102,RECHAZADO,13,0.3,MODERADO,R004,1,0,
1322501101,APROBADO,100,0.3,MODERADO,R001|R003|R012,3,1,
1322603104,RECHAZADO,13,0.3,MODERADO,R009|R010,2,0,
1322718101,REVISION_MANUAL,74,0.3,MODERADO,R001|R005,2,0,
1322805101,APROBADO,100,0.3,MODERADO,R001|R003|R005|R012,4,1,
1322902101,REVISION_MANUAL,70,0.3,MODERADO,R001|R004|R005|R006,4,0,
1323013101,RECHAZADO,42,0.3,MODERADO,,0,0,
1323104101,RECHAZADO,45,0.3,MODERADO,R005,1,0,
1323205101,APROBADO,80,0.3,MODERADO,R001|R006|R010|R012,4,1,
1323309106,RECHAZADO,13,0.3,MODERADO,R009|R010,2,0,
1323417101,REVISION_MANUAL,69,0.3,MODERADO,R005|R012,2,1,
1323520101,RECHAZADO,40,0.3,MODERADO,,0,0,
1323604102,APROBADO,80,0.3,MODERADO,R001|R006,2,0,
1323701101,APROBADO,83,0.3,MODERADO,R001|R012,2,1,
1323801101,RECHAZADO,57,0.3,MODERADO,R012,1,1,
1323905104,RECHAZADO,37,0.3,MODERADO,R012,1,1,
1324003101,APROBADO,100,0.3,MODERADO,R001|R005|R012|R015,4,2,
1324105101,RECHAZADO,24,0.3,MODERADO,R002|R005,2,0,
1324202102,RECHAZADO,12,0.3,MODERADO,R004,1,0,
1324301102,RECHAZADO,35,0.3,MODERADO,R004|R005|R012,3,1,
1324405101,RECHAZADO,38,0.3,MODERADO,R004|R005|R012,3,1,
1324502101,RECHAZADO,41,0.3,MODERADO,R012,1,1,
1324608101,RECHAZADO,55,0.3,MODERADO,R005,1,0,
1324711101,RECHAZADO,0,0.3,MODERADO,R002|R004|R005,3,0,
1324802102,REVISION_MANUAL,67,0.3,MODERADO,R001|R004|R005|R012,4,1,
1324802201,RECHAZADO,11,0.3,MODERADO,R004,1,0,
1324904105,RECHAZADO,13,0.3,MODERADO,R009|R010,2,0,
1325005101,RECHAZADO,47,0.3,MODERADO,R012,1,1,
1325105104,REVISION_MANUAL,61,0.3,MODERADO,R003,1,0,
1325203101,RECHAZADO,41,0.3,MODERADO,,0,0,
1325303104,RECHAZADO,51,0.3,MODERADO,R012,1,1,
1325401104,RECHAZADO,15,0.3,MODERADO,R001|R004|R009|R010,4,0,
1325505104,RECHAZADO,53,0.3,MODERADO,R005,1,0,
1325605101,RECHAZADO,9,0.3,MODERADO,R002,1,0,
1325703101,RECHAZADO,49,0.3,MODERADO,R012,1,1,
1325801102,REVISION_MANUAL,71,0.3,MODERADO,R001,1,0,
1325903101,RECHAZADO,24,0.3,MODERADO,R004|R012,2,1,
1326011102,RECHAZADO,54,0.3,MODERADO,R012,1,1,
1326102101,APROBADO,99,0.3,MODERADO,R001|R012,2,1,
1326205101,RECHAZADO,28,0.3,MODERADO,,0,0,
1326301101,APROBADO,92,0.3,MODERADO,R001|R012,2,1,
1326402102,RECHAZADO,11,0.3,MODERADO,R004,1,0,
1326501101,RECHAZADO,32,0.3,MODERADO,R002|R005|R015,3,1,
1326603102,RECHAZADO,51,0.3,MODERADO,R001|R004|R012,3,1,
1326701104,APROBADO,96,0.3,MODERADO,R001|R005|R012,3,1,
1326801101,RECHAZADO,22,0.3,MODERADO,R004|R012,2,1,
1326902102,RECHAZADO,53,0.3,MODERADO,R001|R004|R012,3,1,
1327011101,RECHAZADO,30,0.3,MODERADO,R004|R005,2,0,
1327102102,RECHAZADO,52,0.3,MODERADO,R012,1,1,
1327203104,RECHAZADO,40,0.3,MODERADO,,0,0,
1327302102,RECHAZADO,28,0.3,MODERADO,R004|R005,2,0,
1327402102,RECHAZADO,39,0.3,MODERADO,,0,0,
1327501101,RECHAZADO,55,0.3,MODERADO,R005,1,0,
1327603103,RECHAZADO,27,0.3,MODERADO,R009,1,0,
1327709101,RECHAZADO,31,0.3,MODERADO,,0,0,
1327817101,RECHAZADO,54,0.3,MODERADO,R005|R012,2,1,
1327912102,REVISION_MANUAL,61,0.3,MODERADO,R001,1,0,
1328004102,RECHAZADO,23,0.3,MODERADO,R009,1,0,
1328105102,RECHAZADO,52,0.3,MODERADO,R012,1,1,
1328217101,RECHAZADO,26,0.3,MODERADO,R004|R005,2,0,
1328310101,RECHAZADO,54,0.3,MODERADO,R005,1,0,
1328402101,RECHAZADO,51,0.3,MODERADO,R012,1,1,
1328513102,RECHAZADO,12,0.3,MODERADO,R004,1,0,
1328614102,RECHAZADO,13,0.3,MODERADO,R004,1,0,
1328714101,RECHAZADO,28,0.3,MODERADO,R004|R005,2,0,
1328801102,REVISION_MANUAL,67,0.3,MODERADO,R001|R004|R005|R012,4,1,
1328918101,RECHAZADO,26,0.3,MODERADO,R004|R005,2,0,
1329011102,RECHAZADO,22,0.3,MODERADO,R004|R012,2,1,
1329104102,RECHAZADO,7,0.3,MODERADO,R002,1,0,
1329220102,RECHAZADO,26,0.3,MODERADO,R004|R005,2,0,
1329304102,RECHAZADO,15,0.3,MODERADO,R004,1,0,
1329404102,RECHAZADO,0,0.3,MODERADO,R002|R004,2,0,
1329503101,RECHAZADO,58,0.3,MODERADO,R001|R004|R012,3,1,
1329606101,RECHAZADO,33,0.3,MODERADO,,0,0,
1329707102,RECHAZADO,0,0.3,MODERADO,R002|R004,2,0,
1329801104,RECHAZADO,48,0.3,MODERADO,R012,1,1,
1329910101,RECHAZADO,33,0.3,MODERADO,,0,0,
1330005102,RECHAZADO,54,0.3,MODERADO,R012,1,1,
1330105101,RECHAZADO,14,0.3,MODERADO,R002|R005,2,0,
1330217103,RECHAZADO,16,0.3,MODERADO,R009,1,0,
1330319102,RECHAZADO,42,0.3,MODERADO,,0,0,
