llaveviv,p0_1,p0_2,p0_3,p0_4_1,p0_4_1a,p0_4_2,p0_4_2a,p1_1,p1_2,p1_3,folio,viv_sel,ent,tloc,region,est_dis,upm_dis,fac_viv
101,2,4,1,1,2,1,1,3,1,,1,1,3,1,1,17,196,613
210,1,3,1,1,1,1,1,1,1,,2,10,31,3,6,179,2088,1811
303,2,4,1,1,1,1,1,2,1,,3,3,9,1,4,50,763,485
401,1,4,1,1,1,1,1,1,1,,4,1,3,1,1,17,182,715
503,3,6,2,2,,1,1,4,1,,5,3,9,1,4,49,631,3756
603,2,4,1,2,,1,2,4,1,,6,3,7,1,6,40,459,4492
704,1,3,0,1,1,2,,6,1,,7,4,20,4,6,111,1380,3726
803,1,3,1,2,,2,,3,1,,8,3,24,2,2,135,1585,1797
904,3,4,1,2,,1,1,4,1,,9,4,19,1,2,107,1297,3504
1004,3,4,1,1,1,1,1,4,1,,10,4,2,1,1,11,136,2692
1102,3,5,2,1,1,1,1,4,1,,11,2,22,1,3,127,1481,2049
1201,3,5,2,1,1,1,1,5,1,,12,1,11,4,3,57,834,19030
1303,2,4,1,2,,1,1,5,1,,13,3,27,1,6,156,1831,1596
1408,3,3,0,2,,1,2,2,1,,14,8,7,4,6,39,454,3356
1504,1,4,1,2,,1,1,2,1,,15,4,17,1,5,97,1171,1518
1609,3,4,1,2,,1,1,6,1,,16,9,14,4,3,77,970,8757
1704,3,5,1,1,1,1,1,4,1,,17,4,5,1,2,30,358,1424
1816,2,3,1,2,,2,,2,1,,18,16,13,4,5,70,933,2426
1904,5,8,2,1,3,1,1,5,1,,19,4,8,1,1,44,508,2710
2008,1,2,1,2,,2,,1,1,,20,8,28,4,2,160,1848,1343
2105,3,5,2,1,1,1,1,4,1,,21,5,15,1,5,87,1095,11960
2205,3,3,1,1,1,1,1,3,1,,22,5,11,1,3,59,861,5503
2318,1,3,1,2,,2,,1,1,,23,18,16,3,3,88,1108,4784
2413,2,4,1,1,1,1,1,2,1,,24,13,2,4,1,8,63,1922
2502,1,5,2,1,1,1,1,2,1,,25,2,9,1,4,50,735,2939
2601,2,5,2,1,1,1,1,4,2,2,26,1,32,3,3,186,2143,1518
2701,2,5,1,1,1,1,1,1,1,,27,1,28,1,2,164,1953,2054
2805,2,3,0,2,,2,,4,1,,28,5,11,2,3,56,829,19751
2920,2,2,1,1,1,1,1,6,1,,29,20,27,2,6,153,1812,2385
3001,3,5,2,2,,2,,5,1,,30,1,9,1,4,50,736,2891
3102,3,4,0,2,,1,1,7,1,,31,2,21,1,5,120,1419,6156
3209,2,3,1,2,,2,,2,1,,32,9,16,4,3,89,1113,3018
3316,2,3,1,2,,2,,4,1,,33,16,27,3,6,153,1811,2396
3403,3,4,1,1,2,1,1,4,1,,34,3,5,1,2,30,356,1435
3504,2,2,1,1,2,1,1,6,1,,35,4,26,1,1,151,1773,2173
3603,3,7,3,1,2,1,1,1,1,,36,3,22,1,3,127,1494,1700
3704,2,3,1,1,2,1,1,5,1,,37,4,2,1,1,11,137,2455
3804,2,3,1,1,1,1,1,3,1,,38,4,28,1,2,164,1958,1911
3903,2,6,1,2,,1,1,3,1,,39,3,9,1,4,49,612,4271
4014,2,4,1,2,,2,,2,1,,40,14,12,4,6,63,888,2579
4102,2,4,1,1,1,1,1,3,1,,41,2,13,4,5,71,934,2679
4215,3,4,1,2,,1,2,5,1,,42,15,21,2,5,116,1407,6595
4315,3,5,2,1,2,1,1,3,1,,43,15,8,4,1,43,482,3070
4405,1,2,0,2,,2,,1,1,,44,5,15,3,5,85,1027,15661
4511,2,4,0,2,,2,,2,1,,45,11,27,4,6,155,1821,1493
4604,1,4,2,2,,1,1,2,1,,46,4,12,1,6,65,900,2894
4705,1,3,1,2,,1,1,3,1,,47,5,29,3,5,169,1986,1167
4815,1,2,0,2,,2,,1,1,,48,15,12,4,6,63,887,2678
4901,1,5,0,2,,1,1,7,1,,49,1,9,1,4,49,670,2177
5004,1,4,1,2,,1,1,2,1,,50,4,23,1,6,132,1555,1256
5101,1,2,1,2,,2,,2,1,,51,1,13,4,5,70,931,3702
5205,1,5,1,1,1,1,1,4,1,,52,5,5,1,2,29,290,1726
5305,3,5,3,1,1,1,1,3,1,,53,5,17,1,5,98,1199,1137
5410,1,3,1,2,,1,1,4,1,,54,10,32,2,3,186,2142,1673
5519,1,4,1,2,,2,,2,1,,55,19,19,3,2,105,1255,1919
5606,3,5,1,1,1,2,,2,1,,56,6,29,4,5,167,1976,500
5704,3,6,1,1,3,1,1,3,1,,57,4,9,1,4,50,750,2094
5805,2,4,1,1,1,1,1,1,1,,58,5,2,1,1,11,134,2795
5909,3,4,0,1,2,1,2,5,1,,59,9,30,4,5,173,2043,4521
6004,2,4,1,1,1,1,1,4,1,,60,4,26,1,1,152,1801,2119
6103,2,3,1,1,1,1,1,2,1,,61,3,11,1,3,59,863,5357
6214,1,1,0,2,,1,1,1,1,,62,14,12,2,6,62,879,3249
6316,3,5,1,1,2,1,1,5,1,,63,16,24,4,2,137,1597,1065
6403,3,7,2,1,3,1,1,3,1,,64,3,10,1,1,54,811,1294
6519,3,5,1,1,1,1,1,3,1,,65,19,10,3,1,51,765,1494
6614,3,4,1,2,,1,2,5,1,,66,14,32,4,3,187,2146,1688
6705,1,2,1,2,,2,,1,1,,67,5,4,1,6,23,250,380
6804,3,6,3,2,,1,1,3,1,,68,4,9,1,4,49,607,4573
6903,4,5,2,2,,1,1,4,1,,69,3,18,3,3,100,1214,1363
7003,3,4,1,2,,1,1,4,1,,70,3,1,1,3,5,39,1139
7103,2,3,1,2,,2,,5,1,,71,3,25,4,1,143,1683,811
7215,3,7,1,1,1,1,1,3,1,,72,15,32,2,3,186,2142,1673
7302,3,4,1,1,1,1,1,1,1,,73,2,2,1,1,11,139,2151
7402,2,5,1,1,1,1,1,4,1,,74,2,15,1,5,85,1044,11976
7501,2,5,1,2,,1,1,3,1,,75,1,21,1,5,120,1427,4872
7615,1,2,1,1,1,2,,2,1,,76,15,8,4,1,43,484,2372
7718,3,5,1,2,,1,2,8,1,,77,18,7,3,6,37,443,3934
7803,2,3,1,1,1,1,1,4,1,,78,3,32,1,3,190,2171,1808
7912,2,3,1,2,,1,1,3,1,,79,12,20,3,6,109,1374,2508
8009,1,2,0,2,,2,,5,1,,80,9,30,4,5,173,2040,4785
8111,2,3,0,2,,2,,3,1,,81,11,7,4,6,39,454,3356
8203,2,3,1,1,1,1,1,3,1,,82,3,2,1,1,10,96,3718
8301,2,3,1,2,,1,1,2,1,,83,1,9,1,4,49,649,3262
8402,2,3,1,1,1,1,1,3,1,,84,2,9,1,4,50,682,3886
8520,3,3,1,1,1,1,1,7,1,,85,20,25,4,1,143,1678,2442
8604,2,4,1,2,,1,1,2,1,,86,4,5,2,2,27,276,1431
8717,2,3,2,1,1,1,1,2,1,,87,17,19,3,2,105,1255,1919
8802,2,5,1,2,,1,1,5,1,,88,2,9,1,4,49,622,4001
8904,2,4,2,1,1,1,1,4,1,,89,4,24,4,2,137,1599,1009
9001,4,6,1,1,1,1,1,1,1,,90,1,16,2,3,88,1109,4626
9111,2,3,1,1,2,2,,5,1,,91,11,8,4,1,43,484,2372
9216,2,5,1,1,1,1,1,4,1,,92,16,21,3,5,115,1405,6115
9302,1,3,1,1,1,2,,1,1,,93,2,32,2,3,185,2139,1468
9403,2,5,2,1,2,2,,3,1,,94,3,14,1,3,79,991,8242
9505,2,3,1,1,1,1,1,3,1,,95,5,25,1,1,144,1687,3018
9619,2,3,0,2,,2,,3,1,,96,19,24,4,2,136,1588,1337
9703,3,6,1,2,,2,,7,1,,97,3,24,1,2,138,1604,1399
9816,2,3,1,2,,1,1,2,1,,98,16,20,2,6,110,1375,5038
9904,1,2,1,1,1,1,1,1,1,,99,4,27,4,6,155,1818,1651
10001,2,3,1,2,,1,1,2,1,,100,1,15,2,5,81,1014,20259
10103,2,4,1,2,,1,1,3,1,,101,3,24,1,2,139,1641,1237
10203,4,5,2,1,1,1,1,3,1,,102,3,15,1,5,86,1089,2758
10305,3,6,2,1,1,1,1,4,1,,103,5,4,1,6,23,245,744
10405,1,1,0,2,,1,1,1,1,,104,5,9,1,4,49,658,3100
10502,1,3,1,2,,2,,1,1,,105,2,5,1,2,30,357,1426
10602,2,3,1,1,2,1,1,3,1,,106,2,5,1,2,30,356,1435
10709,1,1,1,1,1,1,1,4,1,,107,9,26,2,1,147,1736,2632
10804,2,4,2,1,1,1,1,3,1,,108,4,9,1,4,50,754,1844
10911,1,5,2,2,,2,,1,1,,109,11,11,3,3,56,830,5624
11005,2,5,1,1,1,1,1,5,1,,110,5,8,1,1,45,521,3216
11102,1,2,0,2,,1,1,5,1,,111,2,18,1,3,103,1239,952
11201,1,4,1,1,1,1,1,3,1,,112,1,14,4,3,77,969,10589
11305,3,5,1,1,2,1,1,3,2,3,113,5,14,1,3,78,981,8739
11401,4,5,2,1,1,1,2,6,1,,114,1,24,3,2,138,1607,1334
11501,3,5,1,2,,1,1,6,1,,115,1,15,1,5,85,1029,15501
11601,3,4,1,1,1,2,,3,1,,116,1,13,4,5,71,938,2501
11710,2,3,1,1,1,1,1,5,1,,117,10,16,3,3,88,1108,4784
11806,1,4,1,1,1,1,1,2,1,,118,6,27,2,6,153,1812,2385
11904,2,4,1,1,1,1,1,5,1,,119,4,5,1,2,29,282,1842
12001,4,7,2,1,3,1,1,6,1,,120,1,28,1,2,163,1942,1687
12113,3,4,1,2,,1,1,5,1,,121,13,13,2,5,67,923,1581
12215,1,3,1,1,1,2,,2,1,,122,15,8,2,1,42,480,3631
12304,3,4,1,1,1,1,1,5,1,,123,4,15,2,5,85,1041,12342
12404,3,4,1,1,1,1,1,2,1,,124,4,25,1,1,145,1720,1138
12505,1,2,1,1,1,1,1,1,1,,125,5,26,1,1,152,1797,2217
12602,2,4,1,1,1,1,1,1,1,,126,2,8,1,1,44,504,2767
12714,3,4,1,2,,2,,6,1,,127,14,15,4,5,83,1024,5447
12805,1,2,1,2,,1,1,1,1,,128,5,6,1,3,35,420,813
12904,2,3,1,1,1,1,1,4,1,,129,4,25,1,1,146,1728,3474
13002,2,3,1,2,,2,,3,1,,130,2,4,1,6,23,246,730
13105,1,4,2,1,2,1,1,3,1,,131,5,8,1,1,46,538,3159
13208,2,3,0,2,,2,,6,1,,132,8,20,4,6,111,1385,3030
13319,2,5,1,1,1,1,1,2,1,,133,19,20,2,6,110,1375,5038
13402,2,2,1,2,,1,1,6,1,,134,2,15,1,5,85,1047,11613
13513,1,1,0,2,,2,,2,1,,135,13,24,3,2,135,1586,1785
13601,3,3,1,1,1,1,1,8,2,2,136,1,5,1,2,29,319,1512
13708,1,4,1,2,,2,,1,1,,137,8,22,4,3,125,1467,2137
13808,1,1,0,2,,2,,4,1,,138,8,24,4,2,136,1589,1281
13904,1,5,1,1,1,1,1,3,1,,139,4,9,1,4,50,715,3333
14004,3,5,1,1,1,1,1,8,1,,140,4,28,1,2,163,1927,1767
14110,2,3,0,2,,1,1,5,1,,141,10,30,4,5,173,2041,4774
14204,2,3,1,2,,1,1,2,1,,142,4,29,4,5,169,2008,972
14304,3,4,1,1,2,1,1,9,1,,143,4,28,1,2,163,1945,1648
14409,4,8,2,1,1,1,1,6,1,,144,9,1,2,3,2,6,392
14514,2,3,1,1,2,1,1,3,1,,145,14,3,4,1,14,148,833
14617,3,5,1,1,1,1,1,3,1,,146,17,27,3,6,153,1808,2893
14703,2,3,1,2,,2,,5,1,,147,3,23,1,6,133,1564,1797
14801,2,3,1,2,,1,1,1,1,,148,1,15,1,5,86,1087,7105
14904,2,3,0,2,,2,,3,1,,149,4,15,3,5,85,1027,15661
15002,1,2,1,2,,1,2,6,1,,150,2,25,2,1,141,1674,2705
15108,2,5,1,1,2,1,1,5,1,,151,8,5,2,2,26,274,1433
15203,4,5,1,1,1,1,1,5,1,,152,3,14,1,3,79,996,7162
15301,3,6,1,1,3,1,1,4,1,,153,1,3,2,1,13,147,488
15404,1,2,0,2,,2,,5,1,,154,4,15,3,5,81,1015,19018
15504,2,5,2,1,1,1,1,4,1,,155,4,28,1,2,164,1956,2005
15602,2,5,1,2,,1,1,2,1,,156,2,31,1,6,183,2122,1914
15704,2,7,3,2,,2,,1,1,,157,4,6,1,3,35,414,927
15816,3,4,0,1,1,1,1,5,1,,158,16,24,4,2,137,1600,973
15903,2,5,1,1,1,1,1,4,1,,159,3,30,1,5,176,2072,5849
16001,2,4,1,1,2,1,1,4,1,,160,1,26,1,1,152,1799,2201
16104,3,6,3,1,3,1,1,3,1,,161,4,27,3,6,158,1839,3897
16202,2,3,1,2,,1,1,2,1,,162,2,17,1,5,98,1197,1206
16308,3,4,1,2,,2,,5,2,2,163,8,16,4,3,89,1112,3033
16406,2,4,0,2,,2,,3,1,,164,6,20,4,6,111,1379,3848
16501,2,5,2,1,1,1,1,2,1,,165,1,13,2,5,68,924,5515
16601,2,6,2,1,1,1,1,2,1,,166,1,31,1,6,183,2111,2375
16703,1,3,3,1,1,1,1,2,1,,167,3,12,1,6,65,899,2951
16805,1,2,2,1,2,1,1,3,1,,168,5,6,1,3,34,411,728
16902,5,8,2,2,,1,1,4,1,,169,2,9,1,4,49,636,3624
17005,2,3,1,2,,1,1,3,1,,170,5,16,1,3,91,1127,3613
17118,2,4,0,2,,1,1,6,1,,171,18,30,4,5,173,2043,4521
17205,1,3,1,2,,1,1,1,1,,172,5,22,3,3,126,1475,1858
17316,2,4,1,1,1,1,1,3,1,,173,16,23,2,6,129,1514,2031
17420,2,3,0,2,,2,,2,1,,174,20,24,4,2,137,1600,973
17517,3,5,1,2,,2,,1,1,,175,17,29,2,5,166,1969,729
17612,2,4,1,1,1,1,1,4,1,,176,12,20,3,6,110,1376,4727
17720,2,3,1,2,,1,1,6,1,,177,20,27,4,6,155,1818,1651
17803,2,4,1,2,,1,1,2,1,,178,3,14,2,3,75,961,16402
17905,1,3,1,2,,1,1,1,1,,179,5,1,1,3,5,34,1336
18004,4,4,3,2,,2,,4,1,,180,4,3,1,1,15,154,698
18104,3,6,1,1,2,1,1,1,1,,181,4,13,3,5,67,919,1831
18204,2,3,1,2,,1,1,5,1,,182,4,28,1,2,162,1887,1655
18310,2,3,1,2,,1,1,3,1,,183,10,11,3,3,56,832,4770
18402,2,4,1,1,1,2,,2,1,,184,2,29,3,5,170,2015,1223
18505,2,3,1,2,,1,1,5,1,,185,5,2,4,1,8,63,1922
18607,3,6,1,2,,1,1,4,1,,186,7,15,4,5,83,1023,11415
18702,2,4,1,2,,1,1,2,1,,187,2,22,1,3,127,1488,1944
18802,1,2,1,2,,2,,2,1,,188,2,3,1,1,17,190,665
18904,3,4,1,1,2,1,1,3,1,,189,4,3,1,1,17,187,686
19002,3,5,1,1,1,1,1,6,1,,190,2,29,2,5,169,2006,987
19104,2,3,1,2,,1,1,2,1,,191,4,19,1,2,107,1324,3029
19211,1,1,1,2,,2,,1,1,,192,11,3,3,1,12,144,592
19312,2,2,1,2,,1,1,4,1,,193,12,26,2,1,147,1737,2630
19402,2,3,1,2,,1,1,5,1,,194,2,19,1,2,107,1302,3301
19504,2,3,1,2,,1,1,3,1,,195,4,19,1,2,106,1283,3163
19619,2,4,1,2,,1,1,4,1,,196,19,27,3,6,153,1809,2602
19705,3,4,2,2,,2,,3,1,,197,5,16,1,3,92,1128,5229
19805,3,6,1,1,2,1,1,5,1,,198,5,19,1,2,106,1286,3116
19904,2,4,1,1,1,1,1,2,1,,199,4,32,1,3,189,2161,1175
20003,1,6,1,2,,1,1,3,1,,200,3,26,1,1,151,1788,1815
20118,1,2,1,2,,2,,2,1,,201,18,11,3,3,56,830,5624
20201,2,6,1,2,,1,2,3,1,,202,1,6,1,3,34,402,809
20301,3,6,3,1,1,1,1,3,1,,203,1,22,2,3,128,1501,2174
20409,2,2,1,1,1,1,1,6,1,,204,9,26,4,1,149,1740,2152
20504,2,4,0,1,1,1,1,5,1,,205,4,7,4,6,39,451,3817
20602,4,5,1,2,,1,1,4,1,,206,2,19,1,2,108,1336,3461
20703,1,3,1,2,,1,1,2,1,,207,3,9,1,4,49,624,3913
20805,3,8,3,1,1,1,1,1,1,,208,5,24,1,2,140,1658,1419
20910,1,2,1,2,,1,1,4,1,,209,10,4,3,6,20,223,797
21004,4,5,2,1,1,1,1,2,1,,210,4,12,1,6,66,908,3730
21104,2,4,1,1,1,1,1,4,1,,211,4,9,1,4,49,640,3566
21205,1,3,1,2,,1,1,1,1,,212,5,25,1,1,144,1697,2258
21302,3,5,1,1,2,1,2,10,1,,213,2,10,4,1,52,768,1450
21407,3,5,1,1,1,1,1,3,1,,214,7,13,3,5,67,919,1831
21517,1,2,0,2,,2,,3,1,,215,17,20,4,6,111,1381,3504
21604,2,3,1,1,1,1,1,4,1,,216,4,19,1,2,106,1271,3317
21704,1,2,1,2,,1,1,2,1,,217,4,32,1,3,189,2157,1267
21809,2,4,1,2,,2,,7,1,,218,9,11,2,3,56,831,4889
21904,2,4,3,1,2,1,1,2,1,,219,4,14,1,3,79,986,9208
22002,2,2,1,2,,1,1,6,1,,220,2,23,1,6,132,1535,1754
22102,2,6,2,1,2,1,1,4,1,,221,2,5,1,2,30,346,1489
22204,1,3,2,1,1,1,1,1,1,,222,4,17,1,5,98,1199,1137
22305,1,5,1,1,5,1,1,1,1,,223,5,5,1,2,29,319,1512
22420,3,4,1,1,1,1,1,4,1,,224,20,11,3,3,56,832,4770
22501,2,4,1,1,1,1,1,2,1,,225,1,19,1,2,107,1322,3056
22612,2,5,1,2,,1,1,4,1,,226,12,4,3,6,20,223,797
22705,1,3,1,2,,1,1,2,1,,227,5,23,1,6,131,1521,1873
22801,3,5,1,1,1,1,1,4,1,,228,1,28,4,2,160,1848,1343
22904,1,2,1,2,,1,1,4,1,,229,4,14,1,3,78,973,11411
23004,2,4,1,2,,2,,2,1,,230,4,10,4,1,52,771,1323
23105,2,3,1,1,1,2,,3,1,,231,5,29,4,5,167,1973,2789
23202,1,2,1,1,1,1,1,1,1,,232,2,28,1,2,162,1907,1463
23304,2,4,2,2,,1,1,2,1,,233,4,31,1,6,183,2119,2058
23404,2,4,1,2,,1,1,5,1,,234,4,27,4,6,154,1814,2660
23503,2,4,1,2,,2,,5,1,,235,3,24,4,2,137,1600,973
23604,5,11,1,2,,1,1,8,2,3,236,4,21,1,5,121,1446,3141
23703,4,7,3,1,3,1,1,4,1,,237,3,14,1,3,79,993,7413
23818,4,5,1,2,,1,1,7,1,,238,18,12,2,6,61,876,2994
23904,2,3,1,1,1,1,1,2,1,,239,4,5,1,2,29,309,1593
24002,1,2,1,1,1,1,1,1,1,,240,2,14,1,3,79,992,7674
24101,2,5,2,2,,2,,2,1,,241,1,18,1,3,103,1237,1027
24204,2,3,1,1,1,1,1,3,1,,242,4,29,3,5,169,2005,989
24318,1,2,1,2,,1,1,1,1,,243,18,26,3,1,147,1735,2939
24404,1,3,0,2,,1,1,1,1,,244,4,9,1,4,49,668,2665
24502,2,2,1,1,1,1,1,2,1,,245,2,24,1,2,139,1643,1214
24604,1,2,1,1,1,1,1,3,1,,246,4,25,1,1,145,1699,2772
24701,4,6,2,1,1,1,1,10,1,,247,1,29,3,5,166,1966,2755
24805,4,4,3,2,,1,1,3,1,,248,5,2,1,1,9,92,2345
24902,2,3,0,2,,1,1,4,1,,249,2,4,1,6,24,252,853
25002,2,3,1,1,1,1,1,5,1,,250,2,19,3,2,105,1255,1919
25102,1,1,1,2,,2,,1,1,,251,2,17,1,5,97,1160,1876
25205,1,2,2,1,1,1,1,1,1,,252,5,14,3,3,75,962,15240
25302,1,3,1,1,2,1,1,2,1,,253,2,2,1,1,9,78,3090
25413,1,2,1,2,,2,,4,1,,254,13,25,4,1,143,1680,2209
25502,1,4,1,2,,1,1,4,1,,255,2,31,1,6,183,2118,2076
25607,2,4,1,1,1,1,1,5,1,,256,7,9,4,4,47,556,1507
25705,2,3,2,1,1,1,1,1,1,,257,5,26,1,1,152,1801,2119
25807,2,6,1,1,1,2,,5,1,,258,7,17,4,5,96,1157,995
25903,2,3,1,1,1,2,,3,1,,259,3,14,4,3,77,969,10589
26001,2,4,1,2,,2,,6,1,,260,1,28,1,2,162,1909,1376
26114,3,5,1,2,,2,,7,1,,261,14,29,4,5,167,1976,500
26201,2,3,1,2,,2,,2,1,,262,1,2,1,1,9,66,3514
26304,3,4,1,1,1,1,1,4,1,,263,4,8,2,1,42,479,11188
26410,2,4,1,2,,2,,4,1,,264,10,18,4,3,101,1218,1072
26503,3,5,1,2,,1,1,5,1,,265,3,22,1,3,126,1478,1530
26613,2,5,1,2,,1,2,4,1,,266,13,20,3,6,110,1376,4727
26704,2,3,1,1,1,1,1,7,1,,267,4,18,1,3,102,1222,1297
26801,2,3,1,1,1,1,1,3,1,,268,1,11,1,3,58,842,5752
26905,3,4,2,1,1,1,1,4,1,,269,5,23,1,6,132,1552,1391
27013,3,6,1,1,1,1,1,7,1,,270,13,17,3,5,94,1149,880
27102,2,4,1,1,1,1,1,3,1,,271,2,17,3,5,99,1202,1757
27203,3,3,1,2,,1,1,5,1,,272,3,17,1,5,97,1170,1534
27312,2,2,0,2,,2,,3,1,,273,12,21,4,5,117,1411,4824
27404,3,7,3,1,2,1,1,3,1,,274,4,2,1,1,10,106,2989
27509,1,2,1,2,,1,1,3,1,,275,9,2,2,1,7,60,4118
27605,1,1,1,2,,1,1,1,1,,276,5,23,4,6,130,1515,1790
27712,1,2,0,2,,2,,1,1,,277,12,27,4,6,155,1819,1628
27804,2,3,1,1,1,1,1,3,1,,278,4,6,1,3,35,431,727
27901,3,5,1,1,3,1,1,4,1,,279,1,24,1,2,140,1653,1495
28006,1,2,1,2,,1,1,1,1,,280,6,13,4,5,71,937,2578
28105,2,4,1,1,1,1,1,2,1,,281,5,28,1,2,162,1908,1446
28205,2,4,1,2,,1,1,1,1,,282,5,28,1,2,163,1916,1926
28301,1,4,1,1,2,1,1,2,1,,283,1,5,1,2,31,379,1799
28405,2,3,1,2,,1,1,4,1,,284,5,10,1,1,54,815,1250
28501,2,4,2,1,1,2,,1,1,,285,1,22,1,3,128,1505,2103
28605,3,6,3,1,2,1,1,6,1,,286,5,7,1,6,41,471,4775
28702,1,2,1,1,1,1,1,3,1,,287,2,28,1,2,162,1899,1566
28804,2,2,1,2,,2,,5,1,,288,4,10,1,1,54,797,1406
28918,3,6,1,1,1,1,1,2,1,,289,18,5,2,2,27,276,1431
29005,1,2,0,2,,1,2,4,1,,290,5,7,3,6,37,443,3934
29109,4,5,2,2,,1,1,6,1,,291,9,11,3,3,56,830,5624
29202,2,3,1,1,1,2,,4,1,,292,2,29,3,5,169,1993,1100
29305,2,2,1,2,,2,,4,1,,293,5,7,1,6,40,461,4273
29411,2,4,1,2,,2,,1,1,,294,11,18,4,3,101,1217,1108
29517,3,7,2,1,4,1,1,2,1,,295,17,8,4,1,43,482,3070
29604,3,5,2,2,,2,,5,1,,296,4,15,1,5,85,1030,15076
29701,3,4,1,1,1,1,1,2,1,,297,1,9,1,4,48,602,1454
29813,4,5,1,1,1,1,1,3,2,2,298,13,13,4,5,71,937,2578
29904,2,3,1,1,1,1,1,2,1,,299,4,5,2,2,30,348,1476
30002,3,6,2,1,2,1,1,5,1,,300,2,19,1,2,108,1349,3298
30103,2,3,0,2,,2,,6,1,,301,3,7,4,6,39,452,3699
30203,1,1,1,2,,2,,3,1,,302,3,8,1,1,44,495,2970
30302,3,7,2,1,1,1,1,5,1,,303,2,9,1,4,49,623,3934
30402,3,5,2,1,1,1,1,4,1,,304,2,5,1,2,31,379,1799
30503,3,4,3,1,3,1,1,5,1,,305,3,26,1,1,152,1805,1980
30603,1,5,1,2,,1,2,2,1,,306,3,7,3,6,37,443,3934
30705,2,3,1,1,1,1,1,4,1,,307,5,11,1,3,58,840,5935
30802,2,4,1,1,2,1,1,2,1,,308,2,2,1,1,9,90,2545
30901,2,5,1,1,1,1,1,3,1,,309,1,28,1,2,164,1960,1830
31001,2,5,4,1,2,1,1,2,1,,310,1,31,1,6,184,2135,2421
31102,1,2,1,2,,2,,2,1,,311,2,25,1,1,145,1703,2703
31202,2,3,1,2,,1,1,8,1,,312,2,7,4,6,39,450,4023
31301,3,6,2,1,4,1,1,6,1,,313,1,28,1,2,164,1959,1904
31401,1,2,1,2,,1,1,2,1,,314,1,23,1,6,132,1532,1887
31501,2,3,1,2,,1,1,3,1,,315,1,18,1,3,102,1222,1297
31604,2,5,2,1,1,1,1,3,1,,316,4,13,1,5,72,945,1958
31702,2,4,1,1,1,1,1,2,1,,317,2,15,1,5,86,1078,10950
31815,1,3,1,2,,1,2,4,1,,318,15,25,2,1,142,1677,2524
31905,2,5,1,1,1,1,1,2,1,,319,5,10,1,1,54,803,1326
32002,1,3,1,2,,2,,1,1,,320,2,9,1,4,49,614,4170
32101,2,4,1,1,1,2,,1,1,,321,1,28,1,2,162,1854,1989
32203,1,1,1,2,,1,1,2,1,,322,3,4,1,6,24,254,833
32302,2,3,1,2,,1,1,2,1,,323,2,18,1,3,103,1231,1105
32416,1,3,0,2,,2,,2,1,,324,16,17,4,5,96,1156,1044
32507,2,6,2,1,1,1,1,4,1,,325,7,17,4,5,96,1156,1044
32613,2,3,1,2,,1,1,6,1,,326,13,1,4,3,3,8,1437
32713,1,1,0,2,,2,,3,1,,327,13,30,3,5,172,2037,7808
32805,1,4,1,2,,2,,2,1,,328,5,29,3,5,170,2015,1223
32916,1,6,1,2,,2,,1,1,,329,16,30,3,5,172,2038,7808
33003,1,2,1,2,,2,,1,1,,330,3,28,1,2,162,1876,1713
33113,1,3,1,1,1,1,1,3,1,,331,13,18,2,3,100,1212,1495
33203,3,4,1,1,1,1,1,4,1,,332,3,20,2,6,113,1397,2146
33301,1,3,1,2,,1,1,4,1,,333,1,9,1,4,49,659,3093
33403,4,6,2,1,1,1,1,1,1,,334,3,30,2,5,172,2035,8713
33503,3,7,2,1,2,1,1,4,1,,335,3,13,1,5,73,950,2414
33615,2,4,1,2,,1,1,4,1,,336,15,27,4,6,155,1818,1651
33709,1,2,0,2,,2,,2,1,,337,9,21,2,5,116,1407,6595
33801,1,4,1,2,,2,,2,1,,338,1,5,1,2,30,335,1555
33906,2,4,2,2,,1,1,7,1,,339,6,27,4,6,154,1814,2660
34003,3,4,1,1,2,1,1,5,1,,340,3,3,1,1,18,200,1020
34117,2,4,1,1,2,1,1,3,1,,341,17,10,4,1,52,770,1405
34201,2,4,1,1,1,1,1,4,1,,342,1,19,1,2,106,1262,3621
34301,2,4,2,1,1,1,1,3,1,,343,1,1,1,3,5,33,1371
34403,2,3,1,1,1,1,1,3,1,,344,3,8,1,1,45,524,3117
34519,2,3,1,2,,2,,1,1,,345,19,17,3,5,94,1147,952
34601,2,4,1,2,,1,1,1,1,,346,1,22,1,3,127,1482,2035
34718,1,5,0,2,,2,,5,1,,347,18,30,4,5,173,2040,4785
34815,3,6,1,2,,2,,7,1,,348,15,13,3,5,67,920,1739
34905,2,4,1,1,1,1,1,3,1,,349,5,1,2,3,2,6,392
35002,2,6,1,2,,1,1,3,1,,350,2,21,1,5,120,1422,5722
35112,2,3,1,2,,2,,6,1,,351,12,17,4,5,96,1157,995
35217,2,3,1,2,,2,,8,1,,352,17,27,3,6,153,1813,2357
35303,3,5,1,1,1,1,1,4,1,,353,3,1,1,3,5,44,882
35402,2,3,1,1,2,2,,2,1,,354,2,28,1,2,164,1959,1904
35512,1,2,1,2,,2,,3,1,,355,12,29,4,5,167,1976,500
35616,5,7,2,2,,2,,6,1,,356,16,29,2,5,166,1969,729
35704,1,2,0,2,,2,,1,1,,357,4,9,1,4,48,602,1454
35803,2,3,1,2,,1,1,2,1,,358,3,11,1,3,58,840,5935
35901,2,4,2,1,1,1,1,2,1,,359,1,29,3,5,170,2018,1060
36001,1,1,1,2,,1,1,2,1,,360,1,3,1,1,15,158,561
36104,1,2,1,2,,1,1,1,1,,361,4,15,1,5,85,1057,9893
36201,2,3,1,2,,1,1,2,1,,362,1,23,1,6,134,1577,1657
36304,1,2,1,1,2,2,,4,1,,363,4,13,3,5,68,928,1288
36401,4,6,2,1,1,1,1,5,1,,364,1,24,1,2,140,1657,1429
36516,1,1,0,2,,1,2,4,1,,365,16,12,3,6,61,878,2843
36616,3,4,1,1,1,1,1,3,1,,366,16,28,4,2,160,1848,1343
36705,1,4,1,1,1,1,1,2,1,,367,5,32,1,3,190,2170,1959
36812,2,5,1,1,1,1,1,2,1,,368,12,15,3,5,81,1018,5909
36912,2,3,0,2,,2,,3,1,,369,12,7,4,6,39,455,3338
37002,2,3,1,2,,2,,4,1,,370,2,10,4,1,52,774,1138
37103,2,3,1,1,1,1,1,4,1,,371,3,14,2,3,75,966,3387
37202,3,5,1,2,,2,,3,1,,372,2,9,1,4,49,619,4117
37302,4,5,1,1,1,1,1,7,1,,373,2,14,1,3,78,980,9014
37401,2,4,1,1,1,1,1,5,1,,374,1,28,2,2,162,1893,1611
37502,2,5,1,1,1,1,1,3,1,,375,2,18,1,3,103,1237,1027
37601,3,5,2,1,1,1,1,4,1,,376,1,15,1,5,85,1032,13530
37705,1,2,1,2,,2,,2,1,,377,5,19,1,2,107,1301,3306
37820,2,3,0,2,,1,1,8,1,,378,20,7,4,6,39,456,3330
37904,2,4,1,2,,1,1,5,1,,379,4,4,1,6,22,230,474
38002,1,3,1,1,1,1,1,2,1,,380,2,15,1,5,85,1054,10409
38118,2,3,0,2,,2,,2,1,,381,18,20,4,6,111,1382,3286
38204,1,1,1,1,1,1,1,1,1,,382,4,29,3,5,170,2027,908
38320,2,3,1,1,2,1,1,2,1,,383,20,28,2,2,159,1843,2250
38405,3,4,2,1,2,1,1,6,1,,384,5,2,1,1,10,111,2857
38505,3,4,1,2,,1,1,5,1,,385,5,5,1,2,29,282,1842
38602,2,3,1,2,,1,1,3,1,,386,2,10,1,1,54,813,1277
38704,3,6,2,2,,1,1,1,1,,387,4,15,1,5,87,1095,11960
38808,3,6,2,1,2,1,1,5,1,,388,8,19,3,2,105,1255,1919
38903,1,2,1,2,,1,1,5,1,,389,3,27,4,6,154,1814,2660
39009,2,4,1,2,,2,,5,1,,390,9,13,4,5,71,939,2376
39105,3,5,1,1,1,1,1,4,1,,391,5,1,1,3,4,27,1069
39205,3,4,2,1,1,1,1,4,1,,392,5,3,1,1,16,175,618
39305,2,4,1,2,,2,,2,1,,393,5,8,1,1,45,529,3028
39405,3,7,1,1,1,1,1,3,1,,394,5,9,1,4,50,704,3500
39517,1,4,1,1,1,1,1,2,1,,395,17,25,4,1,143,1680,2209
39605,4,6,3,1,1,1,1,4,1,,396,5,10,1,1,53,782,1294
39701,1,1,1,2,,2,,1,1,,397,1,21,1,5,119,1416,4593
39802,2,4,0,2,,1,2,3,1,,398,2,11,1,3,58,856,4097
39903,2,4,2,1,2,1,1,3,1,,399,3,21,2,5,121,1447,1361
40002,1,2,1,2,,2,,4,1,,400,2,7,4,6,39,456,3330
40103,2,3,1,2,,2,,5,1,,401,3,11,1,3,58,845,5124
40215,2,4,1,2,,1,2,3,1,,402,15,20,4,6,112,1386,3430
40315,3,6,1,1,2,1,1,6,1,,403,15,25,2,1,141,1674,2705
40417,2,4,1,2,,1,1,2,1,,404,17,19,2,2,105,1254,2584
40501,2,3,1,2,,2,,2,1,,405,1,32,1,3,188,2152,1515
40605,3,3,1,2,,1,1,5,1,,406,5,4,1,6,25,265,978
40719,4,5,2,1,1,1,1,3,1,,407,19,24,4,2,137,1595,1121
40801,2,3,1,1,1,1,1,1,1,,408,1,6,1,3,35,418,826
40903,1,2,1,2,,1,2,4,1,,409,3,5,1,2,29,298,1661
41002,2,5,1,1,1,1,1,5,1,,410,2,5,1,2,30,352,1452
41104,1,2,1,2,,1,2,2,1,,411,4,9,1,4,49,673,1454
41203,1,2,2,1,2,1,1,1,1,,412,3,26,1,1,152,1804,2023
41305,2,3,1,2,,2,,3,1,,413,5,6,4,3,33,395,576
41404,4,4,1,1,1,1,1,4,1,,414,4,8,1,1,45,535,2768
41514,3,5,0,2,,1,1,5,1,,415,14,21,2,5,116,1409,5069
41602,2,3,1,2,,1,1,4,1,,416,2,2,1,1,9,70,3330
41715,4,6,1,1,1,1,1,4,1,,417,15,13,4,5,70,932,2540
41805,2,4,1,2,,1,1,3,1,,418,5,31,1,6,183,2117,2111
41903,2,7,1,2,,1,1,1,1,,419,3,7,1,6,40,464,4020
42003,2,4,1,2,,1,1,3,1,,420,3,25,1,1,145,1719,2356
42115,1,2,0,2,,1,2,2,1,,421,15,4,4,6,21,225,1029
42220,2,3,1,1,1,1,1,4,1,,422,20,3,3,1,13,146,496
42304,3,5,3,1,1,1,1,4,1,,423,4,9,1,4,50,680,4276
42401,1,2,1,2,,1,1,2,1,,424,1,2,1,1,9,73,3206
42503,1,3,1,2,,1,2,1,1,,425,3,19,2,2,107,1332,1023
42614,1,2,0,2,,1,1,5,1,,426,14,21,4,5,117,1413,3844
42704,2,4,1,2,,1,1,7,1,,427,4,24,1,2,139,1646,1169
42801,4,5,0,2,,1,2,6,1,,428,1,24,4,2,136,1588,1337
42919,2,4,2,2,,2,,3,1,,429,19,7,4,6,39,450,4023
43005,4,8,3,2,,2,,3,1,,430,5,12,1,6,65,902,2813
43104,2,3,2,2,,1,1,5,2,2,431,4,4,1,6,23,246,730
43201,4,7,2,1,3,1,1,5,1,,432,1,26,1,1,151,1786,1977
43305,3,5,1,2,,1,1,3,1,,433,5,10,1,1,53,780,1306
43402,2,3,2,1,2,1,1,3,1,,434,2,4,1,6,25,266,878
43503,1,3,1,2,,2,,1,1,,435,3,31,1,6,183,2123,1910
43604,2,3,0,2,,1,1,5,1,,436,4,7,4,6,40,470,2286
43704,3,5,1,2,,1,1,1,1,,437,4,2,1,1,9,76,3158
43805,2,4,2,1,2,1,1,3,1,,438,5,1,1,3,6,49,1395
43901,1,3,1,1,1,1,1,1,1,,439,1,23,1,6,134,1573,2057
44003,1,4,1,1,1,1,1,2,1,,440,3,12,1,6,64,890,4317
44101,3,5,1,1,1,1,1,4,1,,441,1,9,1,4,50,705,3499
44201,2,3,1,1,1,1,1,3,1,,442,1,23,1,6,132,1544,1573
44303,2,4,0,2,,2,,2,1,,443,3,30,2,5,172,2034,31759
44404,2,4,1,1,1,1,1,5,1,,444,4,24,1,2,139,1651,1027
44504,2,2,2,1,1,2,,3,1,,445,4,20,3,6,113,1394,3011
44601,2,5,1,1,1,2,,4,1,,446,1,28,1,2,162,1901,1547
44705,2,7,1,1,1,1,1,4,1,,447,5,16,1,3,91,1118,4504
44802,3,5,1,2,,1,1,5,1,,448,2,29,4,5,169,1984,1177
44902,2,3,1,1,1,1,1,4,1,,449,2,28,1,2,162,1871,1732
45001,3,6,1,2,,1,1,2,1,,450,1,9,1,4,50,714,3398
45111,2,4,1,2,,2,,8,1,,451,11,12,4,6,63,884,3037
45203,2,4,1,2,,2,,3,1,,452,3,4,3,6,19,220,797
45301,1,3,1,2,,1,1,3,1,,453,1,12,1,6,66,910,3312
45403,3,5,1,1,2,1,1,4,1,,454,3,8,1,1,44,498,2876
45502,2,3,2,2,,2,,4,1,,455,2,27,4,6,154,1816,2554
45606,2,9,1,1,3,1,1,3,1,,456,6,26,2,1,148,1738,2836
45709,2,4,1,2,,1,1,4,2,2,457,9,31,2,6,179,2087,1839
45809,2,4,2,1,1,1,1,2,1,,458,9,27,3,6,153,1811,2396
45918,2,4,1,1,1,1,1,3,1,,459,18,6,4,3,33,395,576
46004,2,3,2,2,,1,1,2,1,,460,4,17,2,5,97,1174,1500
46108,1,3,1,2,,2,,1,1,,461,8,27,3,6,153,1811,2396
46208,2,4,0,1,1,1,1,3,1,,462,8,11,3,3,56,832,4770
46302,3,4,1,1,1,1,1,5,1,,463,2,18,1,3,102,1222,1297
46401,1,4,1,1,1,2,,2,1,,464,1,20,4,6,111,1380,3726
46501,3,4,1,1,1,1,1,4,1,,465,1,9,1,4,49,678,1000
46610,2,3,1,2,,2,,4,1,,466,10,17,4,5,96,1157,995
46702,2,4,3,1,1,1,1,5,2,2,467,2,23,1,6,132,1554,1316
46803,1,3,1,1,1,1,1,1,1,,468,3,2,1,1,10,108,2939
46905,1,2,1,1,1,1,1,1,1,,469,5,4,1,6,22,233,354
47004,2,4,2,1,1,1,1,5,1,,470,4,10,1,1,54,812,1291
47102,1,3,1,1,2,1,1,3,1,,471,2,23,1,6,134,1580,1129
47203,2,5,2,1,1,1,1,2,1,,472,3,26,1,1,151,1786,1977
47304,1,1,0,1,1,2,,1,1,,473,4,18,1,3,103,1227,1201
47405,3,4,1,1,1,1,1,4,1,,474,5,29,2,5,169,1991,1103
47501,2,3,0,2,,1,1,2,1,,475,1,9,1,4,49,624,3913
47604,2,4,2,1,1,1,1,2,1,,476,4,9,1,4,50,745,2439
47703,2,4,1,2,,1,1,3,1,,477,3,25,3,1,141,1675,2587
47805,2,3,1,2,,1,1,1,1,,478,5,2,1,1,9,80,3018
47904,3,5,2,2,,1,1,2,1,,479,4,25,1,1,144,1684,4596
48004,1,6,1,1,1,2,,1,1,,480,4,12,1,6,64,890,4317
48110,2,3,1,2,,2,,9,1,,481,10,26,4,1,149,1742,1939
48203,2,4,1,1,1,1,1,5,1,,482,3,2,1,1,9,86,2729
48301,2,3,0,2,,2,,5,1,,483,1,9,4,4,47,557,672
48401,3,4,1,1,1,1,1,4,1,,484,1,19,1,2,108,1358,3198
48514,2,4,0,1,2,2,,3,1,,485,14,18,4,3,101,1216,1115
48603,4,5,1,2,,1,1,5,1,,486,3,9,1,4,48,588,3638
48703,2,3,1,2,,2,,6,1,,487,3,15,4,5,83,1023,11415
48805,1,2,1,1,2,1,1,4,1,,488,5,3,1,1,16,179,555
48919,3,5,1,1,1,2,,5,1,,489,19,13,4,5,71,937,2578
49015,3,4,1,1,1,1,1,7,1,,490,15,1,2,3,1,3,848
49105,3,4,2,2,,1,1,5,1,,491,5,3,1,1,16,170,659
49205,2,4,1,1,1,1,1,2,1,,492,5,8,1,1,45,523,3117
49305,1,3,1,2,,1,2,1,1,,493,5,9,1,4,48,593,3459
49418,3,5,2,1,1,1,1,4,1,,494,18,24,4,2,137,1595,1121
49508,2,3,1,2,,2,,3,1,,495,8,19,4,2,105,1250,2996
49602,2,3,2,1,2,1,1,5,1,,496,2,19,1,2,106,1290,2978
49709,1,2,1,2,,2,,4,1,,497,9,31,4,6,180,2092,2522
49809,1,4,1,2,,1,1,1,1,,498,9,27,4,6,155,1820,1502
49902,2,3,1,1,2,1,1,4,1,,499,2,25,1,1,146,1733,2850
50009,1,2,1,1,1,2,,4,1,,500,9,13,4,5,71,935,2985
50104,1,2,2,2,,1,1,2,1,,501,4,4,1,6,24,254,833
50205,3,5,1,1,1,1,1,4,1,,502,5,1,1,3,4,23,1189
50317,1,2,1,1,1,1,2,2,1,,503,17,19,4,2,105,1250,2996
50405,3,6,2,1,1,1,1,4,1,,504,5,9,1,4,48,583,3806
50515,3,5,1,1,2,1,1,3,1,,505,15,28,2,2,159,1843,2250
50605,1,3,1,2,,2,,1,1,,506,5,19,1,2,107,1308,3224
50719,2,3,2,1,2,1,1,2,1,,507,19,18,2,3,100,1209,1651
50807,1,2,1,2,,2,,4,1,,508,7,7,4,6,39,456,3330
50904,2,4,1,2,,1,1,8,2,2,509,4,16,4,3,89,1113,3018
51004,3,5,1,2,,2,,4,1,,510,4,28,4,2,160,1846,1388
51104,2,4,1,2,,1,1,5,1,,511,4,27,1,6,156,1830,1676
51205,1,3,1,2,,1,1,4,1,,512,5,7,1,6,40,463,4031
51301,2,3,1,1,1,1,1,4,1,,513,1,1,1,3,5,40,1118
51402,1,2,0,2,,1,1,8,1,,514,2,2,1,1,9,68,3501
51505,3,3,2,1,1,1,1,4,1,,515,5,14,2,3,79,997,6613
51603,3,5,2,1,1,1,1,3,1,,516,3,19,1,2,108,1348,3302
51701,2,3,1,2,,1,1,5,1,,517,1,23,1,6,132,1551,1406
51805,2,4,1,2,,1,1,4,1,,518,5,19,1,2,107,1299,3334
51905,3,6,2,1,2,1,1,4,1,,519,5,5,2,2,26,273,1479
52002,2,4,1,2,,1,1,4,1,,520,2,1,1,3,5,35,1296
52103,2,4,1,1,2,1,1,4,1,,521,3,8,1,1,45,536,2447
52202,2,3,1,1,2,1,1,4,1,,522,2,25,1,1,145,1711,2513
52303,1,2,0,2,,1,1,7,1,,523,3,28,1,2,163,1930,1754
52405,2,4,1,2,,1,1,7,1,,524,5,27,4,6,155,1821,1493
52502,4,5,1,1,3,1,2,6,1,,525,2,24,1,2,140,1672,957
52602,2,2,2,1,1,1,1,2,1,,526,2,12,1,6,65,906,1434
52704,1,4,1,1,2,1,1,1,1,,527,4,8,1,1,45,521,3216
52803,2,3,1,2,,1,1,4,1,,528,3,20,2,6,113,1389,3090
52912,2,2,1,1,1,2,,4,1,,529,12,19,2,2,105,1254,2584
53002,2,4,1,1,1,2,,5,1,,530,2,20,4,6,113,1393,3021
53105,2,4,1,2,,1,1,3,1,,531,5,9,1,4,48,592,3525
53217,2,5,1,2,,1,1,2,1,,532,17,14,2,3,76,968,7378
53302,2,3,1,2,,1,1,1,1,,533,2,3,1,1,18,203,800
53404,1,3,1,1,1,1,1,2,1,,534,4,22,2,3,128,1504,2131
53506,3,4,1,2,,1,1,4,1,,535,6,24,2,2,135,1585,1797
53606,1,1,1,2,,1,1,4,1,,536,6,27,3,6,153,1808,2893
53705,2,2,0,2,,2,,5,1,,537,5,26,4,1,149,1740,2152
53803,2,3,1,1,1,1,1,3,1,,538,3,9,3,4,48,562,4673
53914,1,2,1,2,,2,,3,1,,539,14,30,4,5,174,2045,5770
54001,1,3,1,2,,2,,3,1,,540,1,15,1,5,85,1039,12518
54105,2,3,0,2,,2,,4,1,,541,5,8,4,1,43,485,1975
54213,3,5,1,1,2,1,1,4,1,,542,13,5,3,2,26,272,1902
54318,1,2,1,2,,1,1,3,1,,543,18,27,4,6,155,1821,1493
54410,1,2,1,1,1,2,,5,1,,544,10,4,4,6,21,225,1029
54503,1,1,0,2,,2,,6,1,,545,3,17,4,5,95,1153,2025
54614,3,4,0,2,,2,,5,1,,546,14,11,2,3,56,831,4889
54702,2,4,1,1,1,1,1,3,1,,547,2,23,1,6,132,1541,1625
54810,2,3,2,2,,2,,2,1,,548,10,24,3,2,135,1586,1785
54901,2,5,2,1,2,1,1,3,1,,549,1,31,1,6,182,2098,2146
55011,1,2,1,2,,2,,4,1,,550,11,27,4,6,154,1814,2660
55117,2,4,1,1,1,2,,5,1,,551,17,32,4,3,187,2146,1688
55203,3,4,1,1,1,1,1,4,1,,552,3,11,1,3,60,871,7159
55311,1,2,0,2,,2,,4,1,,553,11,31,3,6,178,2084,2239
55411,2,3,1,2,,1,1,3,1,,554,11,27,3,6,153,1811,2396
55502,2,4,0,2,,2,,2,1,,555,2,18,4,3,101,1217,1108
55614,1,2,0,1,1,1,1,2,1,,556,14,2,4,1,8,62,1927
55705,1,3,1,2,,1,1,4,1,,557,5,22,1,3,126,1470,2278
55805,3,6,2,1,2,1,1,3,1,,558,5,30,1,5,177,2080,10259
55902,1,2,1,2,,2,,2,1,,559,2,29,2,5,169,2001,1021
56003,1,4,2,1,1,1,1,2,1,,560,3,19,1,2,107,1316,3120
56110,1,3,0,1,1,1,1,1,1,,561,10,20,4,6,111,1384,3206
56214,2,3,1,2,,1,1,1,1,,562,14,28,3,2,159,1842,2431
56303,3,4,3,1,1,1,1,4,1,,563,3,19,2,2,108,1369,2811
56418,1,1,0,2,,2,,4,1,,564,18,11,4,3,57,836,4721
56514,2,4,0,2,,2,,2,1,,565,14,16,4,3,90,1116,3460
56603,2,4,1,2,,1,1,3,1,,566,3,22,1,3,127,1483,2002
56703,1,1,1,2,,1,1,3,1,,567,3,17,4,5,96,1156,1044
56801,2,4,1,1,1,1,1,5,1,,568,1,23,1,6,133,1564,1797
56902,2,3,1,1,6,1,1,7,1,,569,2,3,1,1,16,169,669
57001,3,6,2,1,1,1,1,1,1,,570,1,8,1,1,46,549,3082
57101,2,4,1,2,,1,1,2,1,,571,1,19,1,2,106,1274,3242
57205,2,4,1,1,1,1,1,2,1,,572,5,13,3,5,67,922,1613
57304,4,5,2,1,1,1,2,4,1,,573,4,3,1,1,18,206,749
57405,2,4,1,1,1,1,1,1,1,,574,5,9,1,4,50,699,3527
57506,7,8,2,2,,1,1,7,1,,575,6,16,2,3,88,1109,4626
57604,2,4,1,2,,1,1,3,1,,576,4,17,1,5,98,1195,1209
57705,3,4,1,2,,1,1,4,1,,577,5,18,4,3,101,1217,1108
57802,2,3,1,2,,1,1,2,1,,578,2,19,1,2,107,1303,3279
57901,1,1,1,2,,1,1,3,1,,579,1,22,4,3,125,1465,3729
58005,3,4,0,2,,2,,6,1,,580,5,7,4,6,39,449,4091
58103,1,2,1,1,1,1,1,2,1,,581,3,28,1,2,163,1925,1801
58204,2,5,1,2,,1,1,2,1,,582,4,7,3,6,38,446,6693
58302,1,2,1,2,,2,,2,1,,583,2,10,1,1,53,795,1181
58404,2,3,1,1,1,1,1,4,1,,584,4,17,1,5,98,1190,1362
58504,2,2,1,2,,1,1,1,1,,585,4,9,1,4,50,709,3450
58617,3,5,1,1,2,2,,5,1,,586,17,12,4,6,63,885,2839
58705,1,5,1,1,1,1,1,1,1,,587,5,24,1,2,140,1655,1451
58803,3,6,2,1,1,1,1,3,1,,588,3,30,1,5,175,2052,6484
58902,1,3,1,1,1,1,1,2,1,,589,2,16,4,3,90,1116,3460
59008,1,3,1,1,2,2,,2,1,,590,8,14,4,3,77,970,8757
59104,2,3,2,1,1,1,1,5,1,,591,4,4,1,6,25,264,995
59205,3,5,1,1,1,1,1,3,1,,592,5,28,4,2,160,1848,1343
59301,2,6,2,1,2,1,1,6,1,,593,1,8,1,1,46,546,3168
59413,2,3,1,2,,1,1,4,1,,594,13,26,2,1,147,1737,2630
59502,2,4,1,2,,1,1,2,1,,595,2,2,1,1,11,132,2860
59607,4,5,0,2,,2,,3,1,,596,7,20,4,6,111,1383,3212
59704,1,2,0,2,,1,2,1,1,,597,4,9,1,4,49,608,4537
59802,2,3,1,2,,1,1,5,1,,598,2,4,1,6,24,260,684
59903,2,3,1,2,,1,1,4,1,,599,3,22,1,3,128,1497,2392
60012,3,5,1,2,,1,1,5,1,,600,12,24,3,2,135,1586,1785
60105,3,4,2,1,2,1,1,7,1,,601,5,18,1,3,104,1246,891
60205,1,1,1,2,,1,1,4,1,,602,5,3,1,1,15,155,690
60305,2,5,1,1,1,1,1,2,1,,603,5,5,2,2,29,302,1638
60409,1,2,0,2,,2,,2,1,,604,9,4,4,6,21,226,887
60502,2,4,1,1,1,1,1,5,1,,605,2,8,1,1,44,514,2406
60601,1,2,1,1,1,1,1,1,1,,606,1,19,1,2,108,1348,3302
60712,2,4,1,2,,2,,3,1,,607,12,13,4,5,70,933,2426
60819,2,3,1,1,1,2,,1,1,,608,19,5,4,2,28,279,1313
60901,1,1,0,2,,1,1,5,1,,609,1,9,1,4,48,594,3319
61004,1,2,1,2,,1,1,5,1,,610,4,15,1,5,85,1050,11321
61103,3,4,0,1,1,1,1,4,1,,611,3,11,4,3,57,838,3502
61201,1,3,1,2,,2,,1,1,,612,1,4,1,6,24,255,827
61307,5,8,2,1,2,1,1,5,1,,613,7,29,3,5,166,1971,658
61402,3,6,1,1,1,1,1,5,1,,614,2,8,1,1,44,501,2795
61510,2,4,1,1,1,1,1,4,1,,615,10,20,4,6,112,1386,3430
61610,1,2,1,2,,2,,2,1,,616,10,27,4,6,155,1818,1651
61705,2,6,1,1,1,1,1,4,1,,617,5,28,1,2,163,1927,1767
61801,2,5,1,2,,1,1,3,1,,618,1,5,1,2,29,300,1653
61919,1,2,0,2,,1,2,4,1,,619,19,21,4,5,117,1411,4824
62004,2,5,1,2,,2,,1,1,,620,4,16,4,3,90,1117,3299
62113,2,4,1,2,,2,,2,1,,621,13,25,4,1,143,1682,2124
62202,3,4,1,2,,1,1,3,1,,622,2,22,3,3,126,1475,1858
62306,3,6,1,2,,1,2,7,1,,623,6,30,2,5,172,2035,8713
62402,3,5,1,1,2,1,1,4,1,,624,2,5,1,2,31,370,1942
62507,2,2,1,1,1,2,,4,1,,625,7,17,3,5,94,1148,943
62604,1,3,1,2,,1,1,2,1,,626,4,27,2,6,153,1810,2576
62712,3,4,0,2,,1,2,5,1,,627,12,7,4,6,39,448,4578
62801,3,4,1,1,1,1,1,4,1,,628,1,1,1,3,6,57,1148
62905,1,4,2,1,1,1,1,2,1,,629,5,26,1,1,151,1769,2313
63003,2,2,1,2,,1,1,5,1,,630,3,6,3,3,32,391,636
63103,2,4,1,1,1,1,1,2,1,,631,3,29,3,5,170,2026,917
63209,3,4,1,1,1,1,1,4,1,,632,9,14,3,3,75,964,4181
63303,2,4,0,2,,2,,3,1,,633,3,17,4,5,95,1152,3409
63404,3,5,2,1,1,1,1,5,1,,634,4,31,1,6,183,2118,2076
63512,2,4,1,1,2,1,1,3,1,,635,12,30,2,5,172,2035,8713
63605,2,3,1,2,,2,,6,1,,636,5,9,1,4,49,676,1034
63701,2,4,1,1,1,1,1,4,1,,637,1,21,1,5,122,1459,760
63801,2,4,1,2,,1,1,4,1,,638,1,1,1,3,5,44,882
63905,2,3,1,2,,2,,5,1,,639,5,1,1,3,4,10,1404
64002,4,6,2,2,,2,,1,1,,640,2,14,1,3,78,979,9207
64102,2,3,1,1,1,1,1,2,1,,641,2,19,2,2,108,1342,3361
64202,3,8,3,1,1,1,1,3,1,,642,2,9,1,4,50,680,4276
64309,1,4,0,2,,1,1,4,1,,643,9,7,4,6,39,448,4578
64418,2,2,1,2,,1,1,6,1,,644,18,10,4,1,52,769,1449
64519,2,5,1,1,1,1,1,3,1,,645,19,25,2,1,142,1676,2626
64602,3,3,1,2,,1,1,2,1,,646,2,10,1,1,54,816,1239
64702,1,2,0,2,,2,,4,1,,647,2,21,1,5,119,1416,4593
64802,2,4,2,2,,1,1,2,1,,648,2,17,2,5,94,1151,717
64902,1,2,1,1,1,1,2,4,1,,649,2,3,4,1,14,148,833
65003,1,4,1,1,1,1,1,2,1,,650,3,5,1,2,30,343,1509
65105,1,2,1,1,1,1,1,1,1,,651,5,17,1,5,98,1195,1209
65203,2,2,0,2,,1,1,4,1,,652,3,17,2,5,97,1166,1711
65303,3,5,1,2,,1,1,8,2,2,653,3,29,2,5,170,2021,1028
65403,2,3,1,1,1,1,1,1,1,,654,3,3,1,1,16,162,816
65517,4,5,1,2,,1,1,2,1,,655,17,7,2,6,37,444,3822
65602,1,3,1,2,,2,,3,1,,656,2,13,1,5,72,945,1958
65703,3,5,2,2,,1,1,5,1,,657,3,21,2,5,120,1424,5239
65805,3,7,2,2,,2,,1,1,,658,5,1,1,3,5,42,1088
65903,3,3,1,2,,1,1,7,1,,659,3,19,1,2,106,1270,3319
66008,2,4,1,2,,2,,6,1,,660,8,31,4,6,180,2092,2522
66119,2,3,0,2,,2,,3,1,,661,19,11,4,3,57,838,3502
66205,2,4,1,1,1,1,1,3,1,,662,5,8,1,1,44,512,2443
66305,1,4,1,1,1,1,1,4,1,,663,5,5,1,2,29,301,1649
66401,3,4,2,1,1,1,1,4,1,,664,1,17,2,5,97,1164,1770
66504,2,7,4,1,2,1,1,4,1,,665,4,7,1,6,41,471,4775
66606,4,5,1,2,,2,,4,1,,666,6,11,2,3,56,833,4741
66718,1,2,0,2,,2,,2,1,,667,18,20,4,6,111,1378,4169
66815,1,2,1,2,,2,,1,1,,668,15,16,3,3,88,1111,4301
66902,2,2,1,2,,1,1,4,1,,669,2,16,1,3,92,1131,4532
67019,6,7,2,2,,2,,1,1,,670,19,16,4,3,89,1112,3033
67104,1,5,2,1,2,1,1,3,1,,671,4,1,1,3,6,46,1634
67202,2,4,1,1,1,1,1,3,1,,672,2,20,2,6,114,1402,3050
67301,2,3,1,2,,1,1,4,1,,673,1,16,2,3,91,1122,4192
67401,3,4,0,2,,2,,7,1,,674,1,10,1,1,53,778,1314
67508,1,2,1,2,,2,,2,1,,675,8,15,4,5,83,1023,11415
67610,1,5,1,1,1,2,,2,1,,676,10,26,2,1,148,1739,2513
67703,1,3,1,2,,1,1,4,1,,677,3,9,1,4,49,625,3906
67805,3,6,4,1,2,1,1,6,1,,678,5,25,1,1,144,1692,2663
67901,4,7,2,1,2,1,1,5,1,,679,1,8,1,1,46,542,3385
68004,2,3,0,1,1,1,1,3,1,,680,4,28,1,2,162,1885,1657
68101,2,3,1,2,,1,1,2,1,,681,1,25,1,1,145,1718,2406
68201,2,4,1,1,1,1,1,2,1,,682,1,17,1,5,97,1171,1518
68303,1,3,1,2,,2,,1,1,,683,3,15,1,5,86,1071,12674
68403,2,3,1,1,1,1,2,2,1,,684,3,28,1,2,162,1862,1866
68502,3,6,2,2,,1,1,6,1,,685,2,17,1,5,98,1192,1313
68608,2,3,1,1,2,1,1,5,1,,686,8,17,2,5,94,1151,717
68705,1,2,1,2,,1,2,1,1,,687,5,27,4,6,155,1823,414
68803,4,6,1,2,,2,,7,1,,688,3,14,2,3,75,963,13690
68917,1,3,1,1,1,2,,2,1,,689,17,10,4,1,52,772,1285
69005,1,2,1,1,1,1,1,3,1,,690,5,2,1,1,10,116,2816
69102,2,3,1,2,,1,1,3,1,,691,2,15,2,5,87,1100,11129
69217,1,3,1,1,1,1,1,3,1,,692,17,8,3,1,42,481,3354
69317,2,4,2,1,1,1,1,3,1,,693,17,3,3,1,12,144,592
69419,1,2,0,2,,2,,4,1,,694,19,30,4,5,173,2040,4785
69503,1,4,1,1,1,1,1,3,1,,695,3,21,1,5,120,1431,1119
69601,2,3,0,1,1,2,,3,1,,696,1,3,4,1,14,149,796
69703,3,4,2,1,1,1,1,5,1,,697,3,14,3,3,75,962,15240
69801,2,3,1,1,1,1,1,2,1,,698,1,17,4,5,95,1153,2025
69905,2,3,1,1,1,1,2,2,1,,699,5,24,1,2,139,1645,1196
70005,6,6,1,1,4,1,1,6,1,,700,5,26,1,1,151,1768,2339
70102,3,4,1,1,2,1,1,3,1,,701,2,32,1,3,189,2165,991
70211,2,3,0,2,,2,,8,2,2,702,11,24,4,2,136,1589,1281
70302,3,4,1,1,2,1,1,4,1,,703,2,1,3,3,1,2,3475
70405,1,5,1,2,,1,2,2,1,,704,5,21,1,5,122,1459,760
70502,1,3,1,1,1,1,1,2,1,,705,2,3,1,1,17,196,613
70605,1,3,2,1,1,1,1,2,1,,706,5,29,2,5,170,2022,1015
70701,3,5,2,2,,1,1,3,1,,707,1,31,1,6,183,2112,2306
70817,4,7,2,2,,1,1,8,1,,708,17,17,2,5,94,1151,717
70915,3,4,1,1,1,1,1,6,1,,709,15,32,4,3,187,2148,1543
71004,1,2,1,2,,2,,2,1,,710,4,4,2,6,20,224,779
71106,5,7,0,2,,2,,9,1,,711,6,16,4,3,89,1113,3018
71204,4,6,2,1,2,1,1,2,1,,712,4,9,1,4,50,689,3719
71302,1,2,1,2,,1,1,1,1,,713,2,19,1,2,107,1300,3331
71407,2,3,1,2,,2,,4,1,,714,7,27,4,6,155,1821,1493
71501,1,4,1,2,,1,2,4,1,,715,1,5,1,2,29,293,1686
71605,2,3,1,2,,1,1,4,1,,716,5,15,1,5,85,1032,13530
71702,2,4,1,1,1,1,1,2,1,,717,2,7,1,6,41,477,3873
71808,2,5,1,1,1,2,,4,1,,718,8,3,3,1,12,144,592
71920,1,2,0,2,,2,,2,1,,719,20,32,4,3,187,2144,1720
72001,2,4,1,1,1,1,1,3,1,,720,1,19,1,2,108,1351,3255
72101,2,3,1,1,3,1,1,4,1,,721,1,6,1,3,35,426,769
72205,3,7,2,1,2,2,,3,1,,722,5,1,1,3,6,45,1681
72304,1,1,1,2,,2,,3,1,,723,4,28,1,2,162,1904,1534
72405,3,4,1,1,1,1,1,2,1,,724,5,11,1,3,58,852,4705
72501,2,3,1,2,,1,1,5,1,,725,1,24,1,2,139,1621,1407
72601,2,3,1,2,,1,1,2,1,,726,1,23,1,6,131,1518,2249
72710,1,3,1,2,,2,,2,1,,727,10,13,4,5,70,933,2426
72817,3,4,2,2,,2,,4,1,,728,17,28,3,2,159,1844,2105
72902,2,4,1,1,1,1,2,4,1,,729,2,30,2,5,175,2059,5427
73005,4,5,2,2,,1,1,5,1,,730,5,6,1,3,34,413,135
73115,2,4,1,2,,2,,4,1,,731,15,14,3,3,75,964,4181
73220,2,4,1,2,,1,1,2,1,,732,20,32,3,3,186,2143,1518
73317,2,4,0,2,,2,,5,1,,733,17,21,4,5,117,1413,3844
73401,1,2,1,1,1,1,1,2,1,,734,1,23,1,6,132,1542,1617
73503,2,5,1,2,,2,,5,1,,735,3,10,1,1,53,786,1242
73604,2,4,1,1,1,1,1,3,1,,736,4,9,2,4,49,669,2198
73705,1,2,1,1,1,1,1,3,1,,737,5,17,1,5,98,1194,1220
73810,3,4,1,1,2,2,,6,1,,738,10,8,4,1,43,484,2372
73902,1,3,1,2,,1,1,3,1,,739,2,17,1,5,97,1158,1598
74012,2,4,1,1,1,1,1,3,1,,740,12,7,4,6,39,450,4023
74103,1,4,1,2,,2,,1,1,,741,3,5,1,2,30,361,1361
74201,1,1,0,2,,2,,1,1,,742,1,8,1,1,44,512,2443
74301,1,1,1,1,1,1,2,1,1,,743,1,3,1,1,16,169,669
74403,2,3,1,1,1,1,1,3,1,,744,3,3,1,1,17,199,589
74502,3,5,2,1,1,1,1,3,1,,745,2,1,1,3,5,41,1110
74601,2,3,1,1,1,1,1,5,1,,746,1,28,1,2,162,1903,1537
74703,1,2,1,2,,1,1,6,1,,747,3,31,1,6,183,2122,1914
74801,2,4,1,2,,1,1,3,1,,748,1,12,1,6,64,892,3147
74904,1,4,1,2,,2,,2,1,,749,4,27,4,6,154,1815,2566
75005,2,3,1,2,,1,2,5,1,,750,5,19,2,2,106,1295,995
75105,3,5,2,1,2,1,1,5,1,,751,5,3,1,1,18,214,662
75208,2,4,1,1,1,1,1,4,1,,752,8,2,4,1,8,63,1922
75304,2,5,1,2,,1,1,2,1,,753,4,15,1,5,85,1052,10908
75415,3,5,0,2,,2,,6,1,,754,15,12,4,6,63,886,2839
75502,1,1,1,1,1,1,1,3,1,,755,2,2,1,1,9,91,2460
75603,1,3,1,2,,1,1,1,1,,756,3,19,2,2,105,1253,2656
75704,2,4,1,2,,1,1,5,1,,757,4,13,2,5,67,918,1831
75804,1,1,0,2,,1,1,1,1,,758,4,9,1,4,49,664,2986
75904,2,4,1,1,1,1,1,5,1,,759,4,4,1,6,24,259,711
76001,1,3,1,2,,1,1,3,1,,760,1,9,1,4,48,571,4158
76105,1,1,1,2,,1,1,1,1,,761,5,10,1,1,54,808,1307
76205,1,4,1,1,1,1,1,3,1,,762,5,9,1,4,50,761,1061
76301,3,5,2,1,1,1,1,7,1,,763,1,5,1,2,29,315,1566
76401,4,5,1,1,1,1,1,4,1,,764,1,24,4,2,137,1597,1065
76503,3,5,1,2,,1,1,5,1,,765,3,8,1,1,45,532,2963
76601,3,4,1,1,3,1,1,5,1,,766,1,1,1,3,5,32,1371
76712,2,5,1,2,,1,1,1,1,,767,12,21,3,5,116,1406,6756
76803,1,2,1,1,1,1,1,3,1,,768,3,9,1,4,48,584,3791
76918,1,2,1,1,1,2,,4,1,,769,18,31,4,6,180,2091,2598
77007,2,3,1,1,1,1,1,5,1,,770,7,8,2,1,42,480,3631
77102,2,4,0,2,,2,,2,1,,771,2,30,4,5,173,2041,4774
77210,1,2,1,2,,1,1,2,1,,772,10,27,4,6,155,1822,916
77303,2,4,2,1,1,1,1,4,1,,773,3,28,4,2,160,1845,1479
77403,2,3,1,2,,1,1,3,1,,774,3,21,1,5,122,1459,760
77519,3,4,0,2,,1,2,4,1,,775,19,21,4,5,117,1410,5193
77615,2,3,0,2,,2,,2,1,,776,15,7,4,6,39,453,3363
77702,2,3,1,2,,2,,5,1,,777,2,5,1,2,29,296,1677
77803,2,3,1,1,1,1,1,4,1,,778,3,23,1,6,133,1566,1721
77918,2,4,1,2,,2,,3,1,,779,18,7,3,6,38,446,6693
78005,2,2,1,1,1,1,1,2,1,,780,5,17,4,5,96,1156,1044
78103,2,3,0,2,,2,,3,1,,781,3,17,4,5,95,1154,485
78216,2,3,0,2,,2,,8,1,,782,16,20,3,6,109,1373,2841
78303,2,3,1,1,1,1,1,4,1,,783,3,5,1,2,31,370,1942
78402,1,3,1,2,,1,1,1,1,,784,2,25,1,1,145,1710,2564
78511,2,4,1,1,1,1,1,3,1,,785,11,30,3,5,172,2038,7808
78620,2,2,1,2,,1,2,2,1,,786,20,21,3,5,115,1405,6115
78702,3,6,2,1,2,1,1,5,1,,787,2,1,1,3,6,56,1243
78802,3,6,2,2,,1,1,4,1,,788,2,25,1,1,145,1707,2602
78902,4,7,3,1,2,1,1,6,1,,789,2,14,2,3,75,966,3387
79002,3,7,2,2,,1,1,5,1,,790,2,19,1,2,106,1286,3116
79102,2,3,1,2,,2,,2,1,,791,2,23,1,6,132,1550,1443
79204,1,3,1,1,1,1,1,2,1,,792,4,17,1,5,99,1208,1238
79305,1,2,1,1,1,1,1,1,1,,793,5,9,1,4,49,667,2893
79403,1,1,1,2,,1,1,5,1,,794,3,7,4,6,39,454,3356
79511,1,3,1,2,,1,1,1,1,,795,11,21,2,5,116,1409,5069
79610,1,3,0,1,1,1,1,2,1,,796,10,17,4,5,96,1156,1044
79704,1,3,1,2,,2,,3,1,,797,4,15,1,5,87,1102,9482
79805,1,2,1,2,,1,1,3,1,,798,5,14,1,3,78,980,9014
79916,2,4,1,2,,2,,3,1,,799,16,31,4,6,180,2091,2598
80001,2,4,1,1,1,1,1,5,1,,800,1,18,1,3,102,1220,1416
80103,2,4,1,1,1,1,1,2,1,,801,3,26,1,1,152,1794,2380
80202,2,4,1,1,1,1,1,3,1,,802,2,8,1,1,44,503,2774
80305,2,4,1,2,,1,1,1,1,,803,5,9,1,4,49,656,3132
80402,4,10,3,1,2,1,1,4,1,,804,2,10,1,1,55,820,1487
80501,3,4,2,2,,1,1,4,1,,805,1,11,2,3,59,865,5338
80601,2,4,1,2,,1,1,6,2,2,806,1,27,3,6,156,1824,2754
80704,2,3,1,2,,2,,1,1,,807,4,26,1,1,151,1777,2117
80807,2,5,1,1,1,1,1,3,1,,808,7,16,2,3,88,1106,5935
80919,2,2,1,1,1,1,2,1,1,,809,19,22,3,3,123,1461,2454
81012,2,2,1,1,1,1,1,4,1,,810,12,6,4,3,33,394,835
81104,3,4,2,1,1,1,1,2,1,,811,4,21,1,5,122,1449,5146
81205,2,3,1,2,,1,1,5,1,,812,5,13,4,5,71,934,2679
81303,1,2,1,2,,1,1,2,1,,813,3,7,3,6,38,446,6693
81405,1,3,2,1,1,1,1,1,1,,814,5,6,1,3,36,441,597
81502,1,1,1,2,,2,,1,1,,815,2,23,1,6,131,1528,848
81620,3,4,1,2,,1,1,3,1,,816,20,4,3,6,19,220,797
81704,2,4,1,2,,2,,1,1,,817,4,29,3,5,169,2007,986
81806,3,4,1,1,1,1,1,2,1,,818,6,25,3,1,141,1673,2778
81916,4,5,1,2,,2,,4,1,,819,16,13,3,5,67,919,1831
82008,4,6,1,1,1,1,1,5,1,,820,8,24,4,2,137,1597,1065
82101,1,2,1,2,,1,1,2,1,,821,1,11,3,3,56,832,4770
82219,2,4,1,1,1,2,,5,1,,822,19,4,3,6,19,221,707
82320,2,5,1,1,1,1,1,1,1,,823,20,31,2,6,179,2090,1761
82402,1,1,0,2,,2,,3,1,,824,2,4,3,6,19,220,797
82501,2,2,1,2,,2,,1,1,,825,1,28,1,2,163,1924,1816
82601,2,3,1,2,,1,1,3,1,,826,1,5,1,2,29,303,1629
82715,1,1,1,1,1,2,,3,1,,827,15,3,4,1,14,148,833
82801,2,4,1,1,1,1,1,3,1,,828,1,26,1,1,151,1774,2152
82914,4,6,2,1,2,1,1,5,1,,829,14,6,3,3,32,391,636
83001,2,3,1,2,,1,1,3,1,,830,1,3,1,1,18,211,714
83102,3,6,2,1,1,1,1,2,1,,831,2,29,3,5,169,1983,1189
83204,1,2,1,2,,1,1,3,1,,832,4,4,1,6,23,247,721
83309,1,2,0,2,,2,,4,1,,833,9,16,3,3,88,1111,4301
83405,3,4,1,1,1,2,,3,1,,834,5,10,1,1,55,823,1352
83512,1,1,1,2,,1,1,4,1,,835,12,4,4,6,21,228,784
83612,1,2,0,2,,2,,9,1,,836,12,12,4,6,63,883,3042
83703,1,3,0,2,,2,,1,1,,837,3,24,4,2,136,1590,1225
83802,1,3,1,2,,1,1,5,1,,838,2,23,1,6,133,1564,1797
83916,2,3,1,2,,2,,6,1,,839,16,4,4,6,21,229,690
84001,2,3,2,1,1,1,1,2,1,,840,1,14,1,3,79,996,7162
84104,2,3,1,2,,1,1,5,1,,841,4,24,4,2,137,1600,973
84203,2,3,1,1,1,1,1,1,1,,842,3,19,1,2,108,1345,3319
84303,2,6,1,1,2,1,1,4,1,,843,3,5,2,2,29,302,1638
84405,2,4,1,1,2,1,1,5,1,,844,5,1,2,3,1,3,848
84502,1,4,1,2,,1,1,1,1,,845,2,19,3,2,107,1315,3121
84609,2,5,1,1,1,1,1,3,1,,846,9,29,3,5,166,1971,658
84701,1,3,2,1,1,1,1,2,1,,847,1,6,1,3,34,401,824
84805,2,5,1,1,1,1,1,2,1,,848,5,5,1,2,31,369,1966
84902,2,3,0,2,,2,,3,1,,849,2,17,1,5,97,1181,303
85003,2,4,1,2,,1,1,4,1,,850,3,31,1,6,182,2102,1987
85102,2,2,1,1,1,2,,4,1,,851,2,28,1,2,162,1890,1631
85205,3,5,1,2,,2,,1,1,,852,5,16,4,3,89,1112,3033
85305,2,3,1,2,,2,,3,1,,853,5,15,1,5,85,1039,12518
85404,2,3,1,1,1,1,1,3,1,,854,4,23,1,6,134,1576,1773
85503,1,2,1,1,1,1,1,2,1,,855,3,25,1,1,144,1692,2663
85603,1,2,1,2,,2,,3,1,,856,3,9,1,4,49,630,3778
85711,3,5,2,1,4,1,1,2,1,,857,11,8,4,1,43,482,3070
85806,2,4,1,1,1,1,1,1,1,,858,6,24,4,2,137,1596,1073
85910,6,10,2,1,3,2,,10,2,2,859,10,15,4,5,83,1023,11415
86007,3,5,1,2,,1,1,6,1,,860,7,10,4,1,52,774,1138
86104,2,5,1,1,1,1,1,2,1,,861,4,13,3,5,68,925,5432
86203,3,7,2,1,1,1,1,5,1,,862,3,5,1,2,31,381,1786
86304,2,5,2,2,,1,1,2,1,,863,4,28,1,2,163,1930,1754
86401,2,4,1,1,1,1,1,4,1,,864,1,21,1,5,120,1431,1119
86519,1,3,0,1,1,1,1,2,1,,865,19,16,4,3,90,1115,3760
86602,1,2,1,2,,1,1,3,1,,866,2,20,2,6,110,1377,3890
86705,1,3,1,1,1,1,1,6,1,,867,5,15,1,5,86,1075,11783
86807,3,4,0,2,,1,2,5,1,,868,7,21,4,5,117,1411,4824
86901,1,2,2,1,1,1,1,2,1,,869,1,12,1,6,66,913,3039
87002,2,3,1,2,,1,1,5,1,,870,2,20,2,6,109,1372,3454
87101,1,3,1,2,,2,,4,1,,871,1,15,1,5,85,1048,11534
87205,1,4,1,2,,2,,2,1,,872,5,31,3,6,179,2089,1807
87302,1,4,1,2,,1,1,1,1,,873,2,9,1,4,50,685,3836
87412,2,3,1,2,,2,,7,1,,874,12,13,4,5,71,935,2985
87505,1,5,3,1,1,1,1,1,1,,875,5,15,1,5,87,1098,11415
87602,4,5,2,1,1,1,1,5,1,,876,2,2,1,1,10,114,2830
87702,3,3,0,1,1,1,1,3,1,,877,2,9,1,4,48,584,3791
87803,1,4,1,1,1,1,1,2,1,,878,3,10,1,1,53,777,1333
87901,2,3,1,2,,2,,2,1,,879,1,15,1,5,87,1101,9942
88003,2,3,2,1,1,1,1,2,1,,880,3,22,1,3,127,1480,2089
88111,5,6,2,1,2,1,1,6,1,,881,11,16,2,3,88,1106,5935
88203,1,3,1,2,,2,,1,1,,882,3,4,1,6,23,234,961
88302,2,4,1,1,1,2,,5,1,,883,2,24,1,2,139,1628,1338
88404,1,2,0,1,1,1,1,5,1,,884,4,26,1,1,151,1781,2099
88504,1,2,0,2,,2,,1,1,,885,4,3,1,1,15,157,626
88601,1,2,1,2,,1,1,2,1,,886,1,28,1,2,163,1911,2124
88718,5,6,1,1,1,1,1,13,2,3,887,18,22,4,3,125,1468,1809
88802,1,2,1,2,,1,1,3,1,,888,2,21,2,5,121,1433,5100
88907,3,7,1,1,3,1,1,2,1,,889,7,8,4,1,43,483,2387
89004,1,2,1,2,,1,2,1,1,,890,4,22,1,3,126,1470,2278
89104,3,5,1,2,,1,1,6,1,,891,4,29,2,5,168,1978,1324
89211,3,6,2,1,1,1,1,3,1,,892,11,32,2,3,185,2141,1249
89304,2,3,1,1,1,1,1,5,1,,893,4,6,1,3,36,439,646
89416,2,3,1,1,1,2,,5,1,,894,16,29,4,5,167,1974,661
89509,1,2,0,2,,2,,2,1,,895,9,30,4,5,173,2039,5218
89605,2,3,1,1,1,1,1,4,1,,896,5,8,1,1,44,499,2863
89702,2,4,1,2,,1,1,3,1,,897,2,17,1,5,97,1163,1783
89803,3,7,2,2,,1,1,3,1,,898,3,19,1,2,107,1324,3029
89905,2,3,2,2,,1,1,5,1,,899,5,14,1,3,78,982,8224
90003,3,5,2,1,1,1,1,6,1,,900,3,16,2,3,91,1122,4192
90103,3,4,1,1,1,1,1,3,1,,901,3,9,1,4,49,638,3604
90202,2,3,1,1,2,1,1,4,1,,902,2,31,1,6,183,2113,2189
90310,2,2,1,2,,1,1,5,1,,903,10,32,4,3,187,2144,1720
90404,3,4,2,1,2,1,1,4,1,,904,4,13,3,5,69,930,1984
90505,3,4,3,1,3,1,1,4,1,,905,5,25,1,1,145,1704,2651
90605,2,3,1,2,,1,1,3,1,,906,5,1,1,3,5,40,1118
90702,1,2,1,1,1,2,,1,1,,907,2,6,1,3,34,404,786
90805,3,4,1,1,1,1,1,4,1,,908,5,23,1,6,132,1548,1458
90903,2,5,1,2,,1,1,2,1,,909,3,5,1,2,29,309,1593
91019,2,3,1,2,,2,,3,1,,910,19,29,3,5,166,1971,658
91113,1,1,1,2,,2,,3,1,,911,13,30,2,5,172,2036,7817
91203,2,3,1,2,,1,1,2,1,,912,3,5,1,2,31,388,1595
91303,1,4,1,2,,2,,1,1,,913,3,26,1,1,150,1762,2283
91411,2,3,1,2,,1,1,2,1,,914,11,30,3,5,172,2037,7808
91505,2,4,1,1,1,1,1,4,1,,915,5,9,1,4,49,642,3521
91601,1,3,0,2,,2,,2,1,,916,1,7,3,6,37,442,5052
91704,1,2,1,2,,1,1,6,1,,917,4,15,1,5,85,1062,3180
91804,2,3,1,1,1,1,1,5,1,,918,4,9,1,4,48,582,3890
91904,3,6,1,1,1,1,1,5,1,,919,4,5,1,2,31,386,1676
92002,3,5,2,1,2,1,1,2,1,,920,2,2,1,1,10,111,2857
92103,1,3,1,1,1,1,1,1,1,,921,3,19,1,2,108,1352,3249
92213,3,4,3,1,1,1,1,6,1,,922,13,27,3,6,153,1811,2396
92302,3,5,1,1,1,1,1,3,1,,923,2,28,4,2,160,1847,1348
92402,1,5,2,1,1,1,1,1,1,,924,2,3,1,1,18,216,641
92504,1,5,1,2,,1,1,3,1,,925,4,27,1,6,156,1831,1596
92619,2,3,1,1,1,1,1,3,1,,926,19,3,2,1,12,143,609
92716,2,4,1,1,1,2,,3,1,,927,16,5,2,2,26,273,1479
92802,1,4,2,2,,1,1,1,1,,928,2,6,3,3,32,391,636
92904,2,7,2,1,1,1,1,3,1,,929,4,24,1,2,138,1610,1269
93002,3,4,1,1,1,1,1,4,1,,930,2,19,1,2,108,1347,3311
93114,3,3,2,2,,1,1,5,1,,931,14,27,4,6,155,1820,1502
93204,3,4,2,1,2,2,,4,1,,932,4,7,1,6,41,473,4296
93317,1,3,1,2,,2,,3,1,,933,17,4,3,6,20,222,977
93402,2,5,1,2,,1,1,3,1,,934,2,9,1,4,49,609,4460
93505,1,3,1,2,,1,1,2,1,,935,5,16,2,3,91,1122,4192
93605,2,3,1,2,,2,,2,1,,936,5,28,1,2,162,1866,1814
93702,1,2,1,2,,2,,1,1,,937,2,10,4,1,52,769,1449
93804,2,3,1,2,,2,,5,1,,938,4,28,4,2,160,1848,1343
93913,1,3,0,2,,2,,6,1,,939,13,31,4,6,180,2092,2522
94018,2,3,1,2,,1,1,4,1,,940,18,16,4,3,90,1114,10379
94102,2,4,1,1,1,2,,3,1,,941,2,32,4,3,187,2147,1565
94202,2,4,1,2,,2,,2,1,,942,2,9,1,4,49,621,4008
94302,3,4,1,1,1,1,2,5,1,,943,2,5,1,2,30,344,1491
94411,3,4,2,1,2,1,1,4,1,,944,11,6,2,3,32,393,610
94516,2,4,2,1,1,1,1,1,1,,945,16,26,4,1,149,1742,1939
94605,1,3,0,2,,1,1,6,1,,946,5,4,4,6,21,226,887
94704,2,2,1,1,1,1,1,4,1,,947,4,26,1,1,151,1770,2206
94802,3,4,1,1,1,1,1,7,1,,948,2,5,1,2,29,284,1811
94917,2,3,1,2,,2,,5,1,,949,17,32,4,3,187,2149,1504
95012,1,2,1,2,,2,,5,1,,950,12,23,2,6,129,1513,2829
95108,2,3,1,2,,1,1,5,1,,951,8,23,2,6,129,1513,2829
95203,2,4,1,1,1,1,1,4,1,,952,3,1,1,3,5,33,1371
95303,1,2,0,2,,2,,1,1,,953,3,12,1,6,64,894,2202
95414,1,2,1,2,,2,,3,1,,954,14,24,4,2,136,1591,1218
95505,2,5,1,2,,1,1,4,1,,955,5,31,1,6,181,2093,2816
95609,3,5,1,1,1,1,2,2,1,,956,9,25,4,1,143,1679,2282
95709,2,5,1,1,1,1,1,2,1,,957,9,13,3,5,67,919,1831
95819,3,5,2,1,1,1,1,3,1,,958,19,30,2,5,172,2036,7817
95905,2,3,1,2,,1,1,4,1,,959,5,24,2,2,135,1585,1797
96013,3,4,1,1,1,1,2,2,1,,960,13,32,4,3,187,2145,1691
96105,2,4,1,1,1,1,1,4,1,,961,5,24,1,2,139,1639,1253
96207,2,7,1,1,2,1,1,3,1,,962,7,31,2,6,179,2087,1839
96301,1,3,1,1,1,1,1,6,1,,963,1,29,3,5,169,2000,1024
96404,2,2,1,1,1,1,1,4,1,,964,4,17,1,5,98,1185,1596
96508,3,7,2,1,1,1,1,4,1,,965,8,24,2,2,135,1583,1844
96601,2,4,1,1,3,1,1,2,1,,966,1,5,1,2,29,283,1826
96705,1,3,0,2,,2,,2,1,,967,5,12,4,6,63,886,2839
96805,2,3,1,1,1,1,1,5,1,,968,5,19,1,2,107,1328,2819
96901,2,4,1,1,1,1,1,4,1,,969,1,14,1,3,79,989,8822
97004,1,3,1,2,,2,,1,1,,970,4,17,4,5,97,1162,1831
97103,1,2,0,1,1,1,1,3,1,,971,3,5,4,2,28,278,1371
97214,1,1,1,2,,2,,1,1,,972,14,20,4,6,111,1379,3848
97302,1,5,1,1,1,1,1,1,1,,973,2,31,1,6,184,2125,3586
97404,2,4,1,2,,1,1,2,1,,974,4,30,1,5,176,2067,6747
97501,1,2,1,2,,1,1,4,1,,975,1,2,1,1,9,89,2560
97610,1,1,1,2,,2,,1,1,,976,10,12,2,6,62,879,3249
97701,3,5,1,1,1,1,1,2,1,,977,1,32,1,3,189,2161,1175
97804,2,4,1,2,,2,,3,1,,978,4,15,3,5,85,1033,13434
97902,2,3,1,1,2,1,1,2,1,,979,2,6,1,3,36,435,677
98005,3,8,5,1,3,1,1,15,1,,980,5,29,3,5,169,1988,1121
98101,2,5,1,1,1,1,1,1,1,,981,1,31,1,6,183,2123,1910
98218,1,1,0,2,,2,,2,1,,982,18,2,3,1,7,61,3848
98303,1,2,1,1,1,1,1,1,1,,983,3,23,1,6,131,1524,1703
98414,3,5,2,1,1,2,,2,1,,984,14,28,4,2,160,1847,1348
98501,2,4,1,2,,1,1,4,1,,985,1,4,1,6,24,261,646
98604,3,4,1,1,1,1,1,3,1,,986,4,21,1,5,122,1456,3365
98713,3,4,1,1,1,1,1,4,1,,987,13,32,2,3,185,2139,1468
98801,3,4,1,1,1,1,1,4,1,,988,1,13,1,5,74,957,2792
98914,2,3,1,2,,1,1,4,1,,989,14,24,4,2,137,1596,1073
99018,3,5,2,1,1,1,1,3,1,,990,18,10,4,1,52,774,1138
99105,2,4,1,2,,1,1,3,1,,991,5,21,3,5,115,1405,6115
99216,1,2,0,2,,2,,2,1,,992,16,12,3,6,62,880,3244
99301,2,5,1,1,1,1,1,3,1,,993,1,9,1,4,48,576,3999
99401,3,4,1,2,,1,2,5,1,,994,1,22,1,3,126,1472,2162
99502,2,5,1,2,,1,1,2,1,,995,2,2,1,1,10,109,2930
99604,4,8,1,1,1,1,1,4,2,2,996,4,21,1,5,121,1444,3619
99702,2,5,1,1,1,1,1,5,1,,997,2,7,1,6,40,459,4492
99812,1,3,1,1,1,2,,1,1,,998,12,11,4,3,57,835,5223
99916,2,3,1,2,,2,,3,1,,999,16,19,2,2,105,1254,2584
100018,1,3,1,1,1,1,1,4,1,,1000,18,13,4,5,71,936,2779
100117,1,5,1,1,1,1,1,3,1,,1001,17,14,4,3,77,970,8757
100204,3,4,2,2,,2,,1,1,,1002,4,12,1,6,64,893,2857
100313,2,3,2,2,,1,1,3,1,,1003,13,7,2,6,38,445,7240
100404,2,3,1,1,2,1,1,2,2,2,1004,4,5,1,2,31,375,1829
100501,3,4,2,1,1,2,,3,1,,1005,1,5,1,2,30,358,1424
100604,2,3,1,1,1,1,1,2,1,,1006,4,28,1,2,163,1914,2027
100702,2,2,1,1,1,1,1,1,1,,1007,2,17,4,5,96,1156,1044
100808,2,4,2,2,,2,,2,1,,1008,8,5,4,2,28,278,1371
100905,3,7,3,1,1,1,1,2,1,,1009,5,27,1,6,158,1841,3131
101005,3,7,2,1,2,1,1,5,1,,1010,5,5,1,2,29,305,1609
101113,1,4,0,2,,2,,2,1,,1011,13,20,4,6,111,1383,3212
101207,1,3,1,2,,2,,3,1,,1012,7,6,4,3,33,395,576
101304,2,3,2,1,2,1,1,3,1,,1013,4,9,1,4,50,752,2069
101402,3,5,2,2,,2,,4,1,,1014,2,14,1,3,79,988,9068
101501,3,6,1,1,1,1,1,6,1,,1015,1,29,4,5,167,1973,2789
101616,2,3,2,1,1,1,1,4,1,,1016,16,27,4,6,154,1817,2285
101704,2,3,1,2,,2,,1,1,,1017,4,1,1,3,4,10,1404
101803,4,9,2,1,1,1,1,5,1,,1018,3,8,1,1,45,520,3304
101913,1,5,0,2,,2,,6,1,,1019,13,4,4,6,21,229,690
102005,2,3,1,1,1,1,1,3,1,,1020,5,19,2,2,106,1259,3653
102101,1,3,1,2,,1,1,2,1,,1021,1,5,1,2,29,321,1456
102203,1,2,1,2,,2,,1,1,,1022,3,13,1,5,72,941,2736
102305,2,5,1,2,,1,1,3,1,,1023,5,10,2,1,53,788,1232
102405,1,3,1,1,1,1,1,4,1,,1024,5,16,1,3,91,1125,3945
102505,2,4,1,1,1,1,1,4,1,,1025,5,28,1,2,163,1915,1986
102614,2,3,0,2,,1,1,4,1,,1026,14,24,4,2,137,1598,1015
102706,3,4,1,2,,2,,6,1,,1027,6,4,4,6,21,225,1029
102809,2,4,2,1,2,1,1,3,1,,1028,9,2,4,1,8,63,1922
102901,3,4,1,2,,1,1,6,1,,1029,1,20,4,6,113,1388,3090
103003,1,1,1,1,1,2,,2,1,,1030,3,28,3,2,159,1844,2105
103101,2,3,1,1,1,1,1,1,1,,1031,1,25,1,1,146,1734,1558
103204,2,3,1,1,1,1,1,5,1,,1032,4,23,1,6,132,1544,1573
103303,3,5,1,1,1,1,1,8,1,,1033,3,10,4,1,52,774,1138
103405,1,1,1,2,,1,1,6,1,,1034,5,15,1,5,85,1051,11199
103503,2,2,1,2,,2,,3,1,,1035,3,29,2,5,169,2010,886
103601,2,4,1,2,,1,1,4,1,,1036,1,9,1,4,49,612,4271
103705,3,4,3,1,2,2,,3,1,,1037,5,25,1,1,145,1714,2478
103808,2,4,1,1,1,1,1,5,1,,1038,8,32,4,3,187,2149,1504
103915,3,7,1,2,,1,1,5,1,,1039,15,24,4,2,136,1590,1225
104002,2,3,1,2,,1,2,1,1,,1040,2,23,1,6,133,1565,1745
104105,3,5,2,1,2,1,1,4,1,,1041,5,25,1,1,145,1700,2768
104210,1,3,1,1,1,1,2,4,1,,1042,10,20,2,6,109,1372,3454
104319,2,3,1,2,,2,,6,1,,1043,19,3,3,1,12,144,592
104409,2,3,1,1,2,1,1,3,1,,1044,9,24,4,2,137,1595,1121
104502,1,2,1,2,,1,1,5,1,,1045,2,23,1,6,132,1536,1748
104604,4,6,2,1,2,1,1,7,1,,1046,4,8,1,1,45,528,3033
104701,1,2,1,2,,1,1,5,1,,1047,1,17,2,5,94,1143,3861
104804,4,7,4,1,3,1,1,6,1,,1048,4,27,4,6,156,1833,1587
104905,3,5,1,1,1,1,1,4,1,,1049,5,20,2,6,114,1402,3050
105005,1,2,1,2,,1,1,2,1,,1050,5,15,1,5,86,1078,10950
105113,2,5,1,1,1,1,1,4,1,,1051,13,27,4,6,155,1818,1651
105216,3,4,1,1,1,1,1,2,1,,1052,16,32,3,3,186,2143,1518
105306,1,2,1,2,,1,1,2,1,,1053,6,7,4,6,39,454,3356
105403,1,1,1,2,,1,1,2,1,,1054,3,7,1,6,40,467,3833
105502,3,3,1,1,1,1,1,4,1,,1055,2,9,2,4,48,580,3906
105619,2,4,1,2,,1,1,4,1,,1056,19,15,3,5,81,1018,5909
105702,3,7,1,1,1,1,1,5,1,,1057,2,8,1,1,44,502,2777
105802,1,5,1,2,,1,1,1,1,,1058,2,30,1,5,177,2083,8108
105902,1,2,1,1,1,1,1,6,1,,1059,2,23,1,6,132,1545,1545
106016,2,4,1,1,2,1,1,4,1,,1060,16,21,3,5,116,1406,6756
106101,2,5,2,1,2,1,1,4,1,,1061,1,2,1,1,11,128,3011
106207,1,2,1,2,,2,,1,1,,1062,7,27,4,6,155,1823,414
106303,2,4,1,2,,1,1,6,1,,1063,3,28,2,2,163,1912,2112
106420,2,3,0,2,,2,,4,1,,1064,20,22,4,3,125,1468,1809
106519,2,3,0,2,,2,,4,1,,1065,19,20,2,6,109,1372,3454
106601,1,1,1,2,,1,1,3,1,,1066,1,15,1,5,86,1089,2758
106702,1,2,1,1,1,1,1,3,1,,1067,2,2,1,1,9,77,3152
106805,2,3,1,2,,1,1,3,1,,1068,5,17,3,5,97,1165,1754
106914,1,3,1,1,1,2,,1,1,,1069,14,14,4,3,77,969,10589
107001,2,3,1,1,1,1,1,4,1,,1070,1,31,3,6,179,2088,1811
107104,3,5,1,2,,1,1,5,1,,1071,4,15,1,5,86,1075,11783
107204,1,2,1,2,,1,1,1,1,,1072,4,23,1,6,134,1578,1565
107302,3,5,3,1,2,1,1,4,1,,1073,2,22,2,3,128,1501,2174
107405,3,6,1,1,1,1,1,5,1,,1074,5,9,1,4,50,728,3027
107503,2,3,2,1,2,1,1,2,1,,1075,3,23,1,6,134,1580,1129
107603,2,2,1,2,,1,1,3,1,,1076,3,5,1,2,29,282,1842
107701,1,6,2,2,,2,,1,1,,1077,1,26,1,1,151,1766,2503
107804,2,4,1,1,1,1,1,2,1,,1078,4,6,1,3,35,432,683
107915,3,5,1,1,1,2,,6,1,,1079,15,18,4,3,101,1216,1115
108001,3,9,4,1,2,1,1,1,1,,1080,1,9,1,4,50,746,2395
108120,2,2,1,1,1,1,1,2,1,,1081,20,14,3,3,75,965,3506
108220,2,3,1,1,1,1,1,6,1,,1082,20,19,2,2,105,1254,2584
108313,1,3,0,2,,2,,1,1,,1083,13,28,4,2,160,1847,1348
108402,1,4,1,2,,1,1,1,1,,1084,2,31,1,6,183,2123,1910
108505,1,6,2,1,2,1,1,2,1,,1085,5,3,1,1,18,203,800
108605,3,4,1,1,1,1,1,5,1,,1086,5,23,1,6,132,1533,1859
108709,2,2,1,2,,1,1,5,1,,1087,9,4,3,6,19,221,707
108815,2,4,1,2,,1,1,4,1,,1088,15,22,3,3,123,1461,2454
108901,2,3,1,2,,2,,4,1,,1089,1,10,4,1,52,769,1449
109002,1,2,1,1,1,1,1,7,1,,1090,2,23,1,6,132,1552,1391
109110,3,4,1,1,1,1,1,4,1,,1091,10,24,3,2,135,1587,1397
109208,3,6,2,1,3,1,1,3,1,,1092,8,31,3,6,179,2089,1807
109320,1,3,1,2,,2,,2,1,,1093,20,13,4,5,70,931,3702
109410,2,3,1,2,,2,,4,1,,1094,10,7,4,6,39,455,3338
109504,2,4,1,2,,2,,5,1,,1095,4,29,3,5,169,1987,1155
109614,2,2,1,2,,2,,8,1,,1096,14,26,4,1,149,1740,2152
109720,2,3,1,1,1,2,,4,1,,1097,20,11,4,3,57,835,5223
109804,2,4,1,1,1,1,1,3,1,,1098,4,6,1,3,34,412,707
109903,1,2,1,2,,2,,1,1,,1099,3,10,1,1,53,783,1277
110005,2,4,1,2,,1,1,5,1,,1100,5,17,1,5,98,1200,820
110117,2,4,1,1,1,2,,3,1,,1101,17,11,3,3,56,830,5624
110202,1,2,1,2,,2,,4,1,,1102,2,23,1,6,131,1519,2214
110301,3,6,1,2,,1,1,5,1,,1103,1,15,1,5,86,1068,12827
110401,1,2,0,1,1,2,,4,1,,1104,1,20,3,6,109,1373,2841
110501,2,2,1,2,,1,1,4,1,,1105,1,9,1,4,49,672,1906
110610,3,5,1,1,1,1,1,5,1,,1106,10,29,3,5,166,1971,658
110714,1,3,1,2,,1,1,3,1,,1107,14,31,2,6,178,2085,2014
110819,2,4,2,1,3,1,1,4,1,,1108,19,26,2,1,148,1739,2513
110908,3,5,1,1,1,1,1,5,1,,1109,8,6,4,3,33,395,576
111006,2,4,1,1,1,2,,4,1,,1110,6,21,2,5,116,1407,6595
111119,3,5,1,2,,2,,5,1,,1111,19,20,4,6,112,1387,3229
111212,1,1,1,2,,2,,2,1,,1112,12,27,3,6,153,1813,2357
111304,1,3,1,1,1,1,1,2,1,,1113,4,21,1,5,122,1455,4160
111408,3,5,1,2,,2,,6,1,,1114,8,32,3,3,185,2140,1353
111516,4,6,1,1,2,1,1,5,1,,1115,16,4,4,6,21,228,784
111601,2,4,1,2,,1,1,6,1,,1116,1,19,1,2,106,1293,2525
111702,2,4,1,1,1,1,1,3,1,,1117,2,11,1,3,60,871,7159
111813,2,5,2,1,2,1,1,5,1,,1118,13,25,2,1,141,1674,2705
111919,2,3,0,2,,2,,2,1,,1119,19,16,4,3,90,1116,3460
112004,3,5,1,1,1,1,1,5,1,,1120,4,13,3,5,67,917,1831
112118,1,2,0,2,,2,,5,1,,1121,18,7,4,6,39,448,4578
112202,1,3,1,1,1,1,1,3,1,,1122,2,29,3,5,169,1999,1031
112304,3,4,0,2,,1,1,6,1,,1123,4,9,1,4,48,600,2328
112410,3,5,2,1,1,1,1,3,1,,1124,10,16,2,3,88,1109,4626
112501,2,3,2,1,1,1,1,3,1,,1125,1,4,1,6,25,269,771
112603,3,4,1,1,1,1,1,4,1,,1126,3,9,1,4,49,672,1906
112716,1,2,0,2,,2,,4,1,,1127,16,30,4,5,173,2044,4268
112804,1,3,1,2,,2,,1,1,,1128,4,9,1,4,49,637,3623
112907,1,3,0,2,,1,1,2,1,,1129,7,7,4,6,39,454,3356
113001,3,5,1,1,1,1,1,5,1,,1130,1,19,1,2,106,1276,3217
113108,3,4,1,1,1,1,2,5,1,,1131,8,16,4,3,90,1117,3299
113201,2,4,1,2,,1,1,3,1,,1132,1,21,1,5,121,1438,4413
113301,3,4,1,1,2,2,,2,1,,1133,1,10,3,1,51,765,1494
113402,2,3,1,2,,2,,6,1,,1134,2,27,4,6,154,1814,2660
113518,2,3,0,2,,2,,8,1,,1135,18,7,4,6,39,447,4920
113605,2,3,1,1,1,1,1,4,1,,1136,5,19,1,2,107,1327,2924
113701,3,4,1,2,,1,1,4,1,,1137,1,18,1,3,102,1223,1242
113812,3,4,1,1,1,1,2,4,1,,1138,12,32,2,3,185,2139,1468
113907,3,5,1,2,,1,1,6,1,,1139,7,5,4,2,28,279,1313
114005,1,1,1,2,,1,1,1,1,,1140,5,23,1,6,131,1526,1205
114114,2,7,1,2,,1,1,2,1,,1141,14,16,3,3,88,1108,4784
114204,3,5,1,1,1,1,1,5,1,,1142,4,28,1,2,163,1944,1660
114301,3,4,1,2,,2,,7,1,,1143,1,20,2,6,109,1371,10690
114403,1,1,1,2,,2,,3,1,,1144,3,3,1,1,15,155,690
114505,1,2,1,2,,1,1,2,1,,1145,5,23,1,6,132,1529,2051
114601,1,1,1,2,,2,,4,1,,1146,1,31,3,6,178,2084,2239
114702,1,2,1,1,1,1,1,2,1,,1147,2,2,1,1,10,102,3128
114803,2,3,1,1,1,1,1,3,1,,1148,3,32,1,3,189,2158,1225
114904,1,3,0,2,,2,,1,1,,1149,4,15,3,5,81,1017,6441
115004,2,4,1,2,,1,1,1,1,,1150,4,28,1,2,162,1881,1684
115116,3,4,0,1,1,1,1,6,1,,1151,16,28,4,2,160,1847,1348
115204,2,4,1,1,1,1,1,3,1,,1152,4,18,4,3,101,1217,1108
115304,2,4,1,1,1,2,,5,1,,1153,4,25,4,1,143,1679,2282
115408,2,4,1,1,1,1,1,4,1,,1154,8,13,2,5,68,927,1392
115501,2,5,1,1,1,1,1,4,1,,1155,1,14,3,3,76,967,28513
115603,4,9,2,1,1,1,1,5,1,,1156,3,1,1,3,6,56,1243
115702,4,8,3,1,1,1,1,1,1,,1157,2,26,1,1,151,1782,2050
115802,2,4,1,2,,1,1,6,1,,1158,2,8,1,1,44,507,2734
115904,1,2,1,2,,1,1,1,1,,1159,4,22,1,3,128,1497,2392
116020,1,4,1,2,,1,1,2,1,,1160,20,27,4,6,154,1817,2285
116120,3,5,0,1,2,1,1,6,1,,1161,20,18,4,3,101,1219,985
116207,3,5,1,1,1,1,1,3,1,,1162,7,13,4,5,71,936,2779
116305,2,5,1,1,1,1,1,3,1,,1163,5,8,3,1,42,481,3354
116402,1,7,2,1,2,1,1,3,1,,1164,2,9,1,4,50,687,3768
116508,1,2,0,2,,2,,2,1,,1165,8,7,4,6,39,452,3699
116603,1,2,1,2,,1,1,4,1,,1166,3,23,1,6,132,1535,1754
116718,3,5,1,1,1,2,,5,1,,1167,18,12,4,6,63,886,2839
116803,2,2,1,2,,1,1,2,1,,1168,3,23,1,6,134,1572,2084
116915,2,3,1,1,1,2,,2,1,,1169,15,5,3,2,26,272,1902
117001,1,2,1,2,,1,1,2,1,,1170,1,9,1,4,49,627,3808
117107,3,4,1,2,,2,,5,1,,1171,7,4,3,6,19,220,797
117203,1,3,1,2,,2,,2,1,,1172,3,14,1,3,78,972,11513
117304,2,4,0,2,,2,,4,1,,1173,4,20,4,6,111,1383,3212
117401,2,3,1,2,,1,1,4,1,,1174,1,21,1,5,120,1429,4036
117502,2,3,1,2,,1,1,5,1,,1175,2,9,1,4,48,585,3733
117601,3,8,1,1,1,1,1,4,1,,1176,1,24,1,2,139,1643,1214
117720,2,4,1,1,1,1,1,4,1,,1177,20,28,4,2,160,1847,1348
117815,1,3,1,2,,1,2,2,1,,1178,15,5,2,2,26,273,1479
117904,3,5,1,2,,1,1,3,1,,1179,4,19,1,2,107,1328,2819
118005,3,4,1,1,1,1,1,5,1,,1180,5,21,2,5,116,1407,6595
118104,3,4,2,2,,1,1,3,1,,1181,4,16,1,3,91,1124,3957
118210,1,2,0,2,,2,,2,1,,1182,10,24,4,2,136,1590,1225
118302,2,3,2,2,,1,1,2,1,,1183,2,9,1,4,50,724,3172
118401,4,7,1,1,1,1,1,5,1,,1184,1,1,1,3,4,26,1132
118503,3,5,1,1,1,1,1,4,1,,1185,3,31,1,6,184,2134,2491
118604,1,3,1,2,,1,1,4,1,,1186,4,15,1,5,86,1080,10183
118703,1,1,1,2,,1,1,3,1,,1187,3,20,2,6,113,1392,3160
118802,2,5,1,1,2,1,1,4,1,,1188,2,15,3,5,81,1018,5909
118904,3,5,4,1,1,1,1,2,1,,1189,4,20,1,6,114,1398,4060
119001,3,4,1,1,1,1,1,5,1,,1190,1,9,1,4,49,657,3118
119104,3,4,1,2,,2,,6,1,,1191,4,5,4,2,29,285,1791
119204,3,4,2,1,1,1,1,4,1,,1192,4,11,1,3,58,842,5752
119305,2,3,1,1,1,1,1,4,1,,1193,5,10,3,1,51,765,1494
119414,3,5,1,2,,1,1,3,1,,1194,14,13,3,5,67,921,1645
119504,1,3,1,1,1,1,1,5,1,,1195,4,22,1,3,127,1488,1944
119605,1,4,1,1,1,1,1,2,1,,1196,5,9,1,4,48,598,2860
119704,2,3,1,1,2,2,,5,1,,1197,4,20,4,6,111,1384,3206
119808,3,5,1,2,,2,,6,1,,1198,8,15,3,5,81,1018,5909
119903,2,6,2,1,1,1,1,1,1,,1199,3,22,1,3,128,1495,2148
120005,2,5,1,1,2,2,,2,1,,1200,5,3,4,1,14,148,833
120101,2,5,1,2,,2,,1,1,,1201,1,24,1,2,139,1634,1295
120205,2,4,1,1,2,1,1,2,1,,1202,5,2,1,1,11,131,2945
120304,3,4,2,1,2,1,1,3,1,,1203,4,3,1,1,18,202,934
120414,2,3,1,2,,2,,3,1,,1204,14,6,2,3,32,393,610
120504,2,3,1,1,1,2,,4,1,,1205,4,28,1,2,162,1875,1725
120608,2,4,2,1,3,1,1,4,1,,1206,8,3,3,1,13,146,496
120703,2,4,1,1,1,2,,2,1,,1207,3,28,1,2,163,1920,1850
120811,3,5,1,2,,1,1,4,1,,1208,11,16,4,3,90,1116,3460
120901,2,4,1,1,1,1,1,3,1,,1209,1,19,1,2,107,1311,3189
121003,2,6,2,1,2,2,,2,1,,1210,3,8,1,1,46,555,1050
121120,1,3,1,1,1,1,2,3,1,,1211,20,32,4,3,187,2148,1543
121204,2,3,1,2,,1,1,2,1,,1212,4,30,1,5,175,2064,4903
121320,2,4,0,1,1,1,2,5,1,,1213,20,20,4,6,111,1378,4169
121419,3,5,1,1,1,1,1,6,1,,1214,19,32,3,3,185,2140,1353
121502,5,7,2,1,1,2,,8,1,,1215,2,16,4,3,89,1113,3018
121602,3,4,2,1,1,1,1,6,1,,1216,2,17,2,5,94,1150,835
121715,2,2,0,2,,1,1,5,1,,1217,15,23,2,6,129,1513,2829
121803,1,5,3,1,2,1,1,1,1,,1218,3,30,1,5,176,2078,5059
121915,4,8,1,1,1,2,,9,1,,1219,15,13,4,5,70,931,3702
122004,2,3,1,2,,2,,2,1,,1220,4,1,1,3,4,24,1184
122104,2,3,1,2,,2,,6,1,,1221,4,1,1,3,5,40,1118
122207,2,3,2,1,2,1,1,4,1,,1222,7,6,2,3,32,390,691
122319,2,4,1,2,,1,1,2,1,,1223,19,18,3,3,100,1214,1363
122406,2,2,0,2,,1,1,6,1,,1224,6,12,4,6,63,889,2449
122505,2,4,2,1,1,1,1,2,1,,1225,5,25,1,1,145,1698,2801
122617,2,3,1,2,,1,1,4,1,,1226,17,11,4,3,57,835,5223
122720,2,3,0,2,,2,,6,1,,1227,20,30,4,5,174,2046,5443
122804,2,3,2,1,1,1,1,1,1,,1228,4,19,1,2,108,1368,2882
122906,1,1,0,1,1,1,1,5,1,,1229,6,23,2,6,129,1513,2829
123001,2,4,1,2,,2,,1,1,,1230,1,24,3,2,135,1586,1785
123101,3,6,1,2,,1,1,2,1,,1231,1,8,1,1,44,499,2863
123205,2,4,1,2,,1,1,3,1,,1232,5,15,3,5,85,1028,15557
123305,2,3,1,2,,2,,3,1,,1233,5,28,1,2,162,1899,1566
123401,3,4,1,2,,1,2,4,1,,1234,1,27,4,6,155,1821,1493
123501,2,3,1,2,,1,1,1,1,,1235,1,6,1,3,35,431,727
123605,4,5,1,1,3,1,1,10,2,2,1236,5,15,3,5,85,1053,10752
123705,1,4,2,1,2,1,1,2,1,,1237,5,23,1,6,132,1559,486
123802,1,1,0,2,,1,1,3,1,,1238,2,30,1,5,175,2060,5357
123909,1,2,0,2,,2,,1,1,,1239,9,24,4,2,136,1592,1094
124010,2,3,1,1,1,1,1,3,1,,1240,10,10,2,1,51,767,1281
124111,2,3,1,2,,2,,1,1,,1241,11,2,4,1,8,63,1922
124202,2,5,1,1,2,1,1,3,1,,1242,2,16,1,3,92,1134,4164
124307,2,3,1,2,,1,1,5,1,,1243,7,19,2,2,105,1254,2584
124404,3,5,1,1,2,1,1,4,1,,1244,4,8,4,1,43,484,2372
124503,1,2,0,1,1,2,,5,1,,1245,3,28,4,2,160,1846,1388
124604,2,4,1,2,,1,1,3,1,,1246,4,9,1,4,49,661,3053
124720,3,5,2,1,1,1,1,2,1,,1247,20,31,2,6,179,2087,1839
124805,1,1,1,2,,2,,2,1,,1248,5,7,2,6,37,444,3822
124904,3,4,1,2,,1,1,1,1,,1249,4,2,1,1,11,133,2813
125016,1,1,0,2,,1,1,5,2,2,1250,16,7,4,6,39,454,3356
125112,3,5,1,1,5,1,1,2,1,,1251,12,8,4,1,43,482,3070
125205,3,4,1,1,1,1,1,3,1,,1252,5,13,1,5,73,950,2414
125302,2,3,1,2,,1,1,5,1,,1253,2,16,3,3,88,1105,4784
125413,2,3,1,1,1,1,1,5,1,,1254,13,1,4,3,3,7,1634
125507,3,4,0,2,,2,,4,1,,1255,7,24,4,2,136,1588,1337
125601,3,4,1,2,,1,1,6,1,,1256,1,17,4,5,97,1162,1831
125704,2,3,1,2,,1,1,2,1,,1257,4,9,1,4,49,633,3737
125810,4,5,1,1,1,2,,12,1,,1258,10,32,2,3,185,2139,1468
125903,3,4,2,1,2,1,1,5,1,,1259,3,19,1,2,108,1362,3140
126002,2,3,0,2,,2,,4,1,,1260,2,24,4,2,137,1600,973
126119,2,4,1,1,1,2,,3,1,,1261,19,14,4,3,77,970,8757
126203,2,4,1,2,,1,1,5,1,,1262,3,21,1,5,122,1452,4517
126303,1,3,0,2,,2,,1,1,,1263,3,30,4,5,173,2044,4268
126403,1,2,1,2,,2,,2,1,,1264,3,19,1,2,106,1281,3171
126505,1,5,2,1,1,1,1,1,1,,1265,5,17,4,5,97,1162,1831
126604,2,6,1,1,1,1,1,5,1,,1266,4,5,1,2,29,281,1846
126701,2,8,4,1,1,1,1,2,1,,1267,1,19,1,2,108,1356,3220
126804,1,2,2,1,1,1,1,3,1,,1268,4,4,4,6,21,228,784
126902,2,5,1,1,1,1,1,2,1,,1269,2,24,1,2,139,1624,1383
127007,4,5,1,1,1,2,,3,1,,1270,7,18,4,3,101,1216,1115
127105,2,3,1,2,,2,,5,1,,1271,5,3,1,1,16,171,658
127201,2,8,2,1,1,1,1,2,1,,1272,1,5,1,2,31,369,1966
127303,1,4,3,1,1,1,1,2,1,,1273,3,31,1,6,183,2115,2129
127418,3,7,2,1,3,1,1,3,1,,1274,18,14,2,3,75,966,3387
127508,2,2,1,2,,2,,4,1,,1275,8,4,4,6,21,227,882
127613,1,4,1,2,,2,,1,1,,1276,13,19,4,2,105,1250,2996
127714,1,1,0,2,,2,,1,1,,1277,14,20,2,6,110,1377,3890
127804,2,4,1,1,1,1,1,4,1,,1278,4,8,1,1,44,509,2701
127914,1,1,0,2,,2,,2,1,,1279,14,25,4,1,143,1682,2124
128008,2,5,2,1,1,1,1,4,1,,1280,8,16,3,3,88,1107,4964
128104,2,3,1,2,,1,1,5,1,,1281,4,11,1,3,58,839,4928
128204,1,1,1,2,,1,1,3,1,,1282,4,8,1,1,44,489,3232
128301,2,4,2,1,1,1,1,3,1,,1283,1,3,1,1,16,179,555
128418,3,6,2,1,1,1,1,1,1,,1284,18,30,3,5,172,2038,7808
128507,2,4,1,1,2,1,1,3,1,,1285,7,25,3,1,141,1673,2778
128603,1,4,2,2,,1,1,2,1,,1286,3,17,2,5,94,1150,835
128712,2,2,1,2,,1,1,4,1,,1287,12,16,4,3,90,1117,3299
128812,1,2,1,2,,2,,4,1,,1288,12,25,4,1,143,1679,2282
128902,1,1,1,2,,2,,4,1,,1289,2,8,2,1,42,480,3631
129004,1,2,1,1,3,1,1,2,1,,1290,4,19,1,2,107,1321,3056
129101,2,4,1,1,1,1,1,1,1,,1291,1,31,1,6,184,2125,3586
129205,3,4,1,1,2,1,1,4,1,,1292,5,6,1,3,34,402,809
129303,1,2,1,1,1,1,1,3,1,,1293,3,9,1,4,49,671,1908
129404,1,2,1,2,,2,,3,1,,1294,4,8,1,1,44,486,3883
129502,2,3,0,2,,1,1,4,1,,1295,2,3,1,1,15,155,690
129618,2,7,2,1,1,1,1,2,1,,1296,18,32,2,3,186,2142,1673
129704,1,4,1,1,1,1,1,2,1,,1297,4,19,2,2,107,1326,3018
129818,4,5,1,1,1,1,1,5,1,,1298,18,3,3,1,12,144,592
129912,2,3,1,2,,1,1,4,1,,1299,12,1,2,3,1,3,848
130005,3,4,2,2,,2,,4,2,2,1300,5,17,1,5,97,1181,303
130104,3,4,0,2,,2,,3,1,,1301,4,4,4,6,21,226,887
130203,1,2,1,2,,2,,2,1,,1302,3,8,1,1,44,494,3005
130305,3,4,2,1,1,1,1,5,1,,1303,5,19,1,2,107,1331,2406
130404,1,1,1,2,,1,1,3,1,,1304,4,27,3,6,156,1824,2754
130505,2,2,2,1,1,1,1,2,1,,1305,5,2,1,1,9,66,3514
130603,1,3,1,2,,1,2,2,1,,1306,3,9,1,4,48,598,2860
130719,2,4,1,2,,2,,5,1,,1307,19,20,3,6,109,1374,2508
130803,1,3,1,1,1,1,1,1,1,,1308,3,17,1,5,99,1203,1638
130902,3,7,2,1,4,1,1,4,1,,1309,2,13,2,5,68,927,1392
131012,2,3,1,2,,1,1,3,1,,1310,12,21,3,5,116,1408,6402
131105,1,6,2,1,2,1,1,2,1,,1311,5,19,1,2,108,1333,3252
131202,3,5,1,1,1,1,2,1,1,,1312,2,6,1,3,34,401,824
131303,2,3,1,1,1,1,1,4,1,,1313,3,19,1,2,108,1338,3413
131405,2,2,1,1,2,1,1,4,1,,1314,5,2,1,1,9,85,2808
131502,1,2,1,1,1,1,1,1,1,,1315,2,9,1,4,48,577,3999
131602,1,3,1,2,,2,,1,1,,1316,2,21,2,5,121,1447,1361
131704,2,3,1,1,1,1,1,5,1,,1317,4,21,2,5,122,1458,1444
131815,3,5,1,1,1,1,1,5,1,,1318,15,20,2,6,109,1372,3454
131903,2,5,1,1,1,1,1,2,1,,1319,3,28,1,2,162,1902,1538
132005,2,4,1,1,1,1,1,2,1,,1320,5,20,2,6,113,1389,3090
132116,3,5,1,2,,2,,5,1,,1321,16,17,4,5,95,1154,485
132208,2,4,1,2,,1,1,3,1,,1322,8,27,4,6,154,1814,2660
132304,3,6,1,2,,1,1,4,1,,1323,4,15,1,5,85,1048,11534
132403,3,6,1,1,1,1,1,3,1,,1324,3,1,1,3,5,32,1371
132501,2,4,1,2,,1,1,4,1,,1325,1,9,1,4,50,757,1249
132602,2,3,1,1,1,1,1,4,1,,1326,2,6,1,3,34,408,739
132708,1,1,1,2,,1,1,1,1,,1327,8,18,2,3,100,1209,1651
132801,3,5,1,2,,1,1,4,1,,1328,1,29,3,5,166,1967,2601
132904,2,3,1,1,2,1,1,3,1,,1329,4,6,1,3,36,436,671
133010,3,4,1,2,,1,1,4,1,,1330,10,31,4,6,180,2091,2598
133113,3,4,1,2,,2,,3,1,,1331,13,24,4,2,137,1599,1009
133218,1,3,0,2,,2,,1,1,,1332,18,29,3,5,166,1970,682
133302,1,3,1,1,1,1,1,1,1,,1333,2,28,1,2,163,1942,1687
133403,2,3,1,2,,1,1,3,1,,1334,3,3,1,1,17,196,613
133501,3,4,1,1,1,1,1,2,1,,1335,1,13,1,5,73,951,2393
133621,2,4,1,2,,2,,4,1,,1336,21,24,4,2,137,1598,1015
133716,2,5,0,2,,1,1,10,1,,1337,16,7,4,6,39,449,4091
133817,3,6,2,1,1,1,1,2,1,,1338,17,12,2,6,62,881,1964
133901,2,4,1,2,,1,1,5,1,,1339,1,30,2,5,175,2058,5680
134006,3,4,1,1,1,1,1,4,1,,1340,6,26,2,1,147,1737,2630
134110,1,1,1,2,,2,,3,1,,1341,10,24,2,2,135,1585,1797
134202,1,2,1,2,,1,1,2,1,,1342,2,2,1,1,9,71,3257
134302,1,2,1,1,2,1,1,2,1,,1343,2,14,1,3,79,987,9142
134403,2,4,1,2,,1,1,2,1,,1344,3,3,1,1,18,206,749
134502,3,7,2,1,2,1,1,3,1,,1345,2,32,1,3,190,2172,1802
134602,2,2,1,2,,2,,1,1,,1346,2,29,2,5,169,1989,1117
134702,2,2,1,2,,1,1,4,1,,1347,2,15,1,5,86,1073,12480
134804,2,3,0,2,,2,,5,1,,1348,4,20,4,6,111,1382,3286
134902,1,3,2,1,1,1,1,4,1,,1349,2,11,2,3,58,854,4653
135004,1,3,1,1,2,2,,1,1,,1350,4,1,1,3,4,16,1324
135105,2,3,0,2,,2,,6,1,,1351,5,11,3,3,56,830,5624
135203,2,5,1,1,1,2,,3,1,,1352,3,10,4,1,52,773,1281
135301,2,3,1,1,1,2,,2,1,,1353,1,8,4,1,43,482,3070
135407,1,2,1,2,,1,1,3,1,,1354,7,29,4,5,167,1975,636
135503,2,4,1,2,,2,,4,1,,1355,3,17,1,5,98,1193,1296
135619,2,4,1,1,2,2,,5,1,,1356,19,28,4,2,160,1846,1388
135701,1,2,1,1,1,2,,5,1,,1357,1,9,1,4,48,570,4237
135803,1,3,1,2,,2,,1,1,,1358,3,10,2,1,55,825,1318
135903,2,4,1,2,,1,1,3,1,,1359,3,11,3,3,56,832,4770
136014,3,5,0,2,,1,2,3,1,,1360,14,30,4,5,174,2047,5218
136108,3,6,0,1,1,1,1,7,1,,1361,8,12,2,6,62,881,1964
136204,3,9,4,1,2,1,1,1,1,,1362,4,19,1,2,108,1365,3022
136305,2,5,1,2,,1,1,3,1,,1363,5,21,1,5,121,1435,4504
136403,3,3,1,1,1,1,1,4,1,,1364,3,22,3,3,123,1462,2245
136504,2,3,1,2,,1,1,3,1,,1365,4,13,4,5,71,934,2679
136603,2,4,1,1,1,1,1,4,1,,1366,3,15,1,5,85,1035,13117
136705,2,4,1,1,1,1,1,5,1,,1367,5,19,1,2,106,1266,3387
136805,3,5,1,1,1,1,1,4,1,,1368,5,10,4,1,52,772,1285
136902,2,5,2,1,1,1,1,3,1,,1369,2,11,1,3,58,841,5786
137011,1,2,0,2,,2,,4,1,,1370,11,20,4,6,112,1386,3430
137105,1,3,1,2,,2,,1,1,,1371,5,11,1,3,59,859,6264
137209,2,4,0,2,,1,1,5,1,,1372,9,9,4,4,47,556,1507
137301,2,4,1,2,,1,1,3,1,,1373,1,14,1,3,80,1002,7693
137401,4,6,2,1,2,1,1,1,1,,1374,1,2,1,1,11,125,3058
137509,2,4,1,1,1,1,1,5,1,,1375,9,27,4,6,154,1814,2660
137602,1,3,0,2,,2,,2,1,,1376,2,21,3,5,120,1420,5804
137702,1,2,1,1,1,1,1,2,1,,1377,2,26,1,1,152,1801,2119
137804,2,4,1,1,2,1,1,4,1,,1378,4,19,2,2,105,1253,2656
137902,2,2,1,2,,1,1,4,1,,1379,2,9,1,4,48,602,1454
138003,2,5,2,1,1,1,1,4,1,,1380,3,18,1,3,104,1245,896
138117,2,4,1,1,1,1,1,3,1,,1381,17,31,3,6,179,2089,1807
138203,1,3,1,2,,1,1,3,1,,1382,3,18,4,3,101,1216,1115
138303,2,5,2,1,1,1,1,3,1,,1383,3,26,1,1,152,1793,2445
138403,2,5,1,1,1,1,1,2,1,,1384,3,9,1,4,50,715,3333
138501,2,4,1,1,1,1,1,4,1,,1385,1,3,1,1,17,198,590
138606,2,3,1,2,,2,,3,1,,1386,6,29,4,5,167,1974,661
138707,3,4,2,2,,1,1,4,1,,1387,7,18,4,3,101,1218,1072
138804,2,4,2,1,1,1,1,3,1,,1388,4,11,1,3,59,860,5611
138911,2,4,0,2,,1,2,3,1,,1389,11,30,4,5,173,2044,4268
139003,2,5,1,1,1,1,1,2,1,,1390,3,8,1,1,46,540,3689
139102,2,4,1,1,1,1,1,6,1,,1391,2,19,1,2,107,1312,3177
139205,1,3,1,2,,1,1,1,1,,1392,5,6,1,3,34,401,824
139301,1,5,3,1,2,1,1,2,1,,1393,1,14,1,3,80,1009,6673
139417,2,6,1,1,1,1,1,2,1,,1394,17,16,4,3,90,1116,3460
139501,2,2,1,2,,1,1,6,2,2,1395,1,17,1,5,97,1176,1281
139613,1,3,1,2,,1,1,4,1,,1396,13,1,2,3,1,3,848
139702,3,4,1,1,1,1,1,3,1,,1397,2,24,1,2,139,1646,1169
139809,2,3,0,1,1,1,1,4,1,,1398,9,21,3,5,115,1404,6225
139903,2,4,1,1,1,1,1,2,1,,1399,3,2,1,1,10,114,2830
140020,1,1,1,2,,2,,3,1,,1400,20,31,3,6,178,2084,2239
140102,2,2,0,1,1,1,2,5,1,,1401,2,21,3,5,115,1404,6225
140217,2,3,0,2,,1,1,5,1,,1402,17,24,4,2,137,1598,1015
140316,2,4,1,2,,1,1,4,1,,1403,16,4,3,6,20,222,977
140404,1,4,1,1,1,1,1,2,1,,1404,4,9,1,4,49,610,4363
140501,1,2,1,2,,1,1,1,1,,1405,1,22,1,3,127,1494,1700
140616,1,3,1,1,1,1,1,5,1,,1406,16,13,4,5,71,939,2376
140703,2,3,1,1,1,1,1,2,1,,1407,3,13,1,5,74,956,2824
140803,1,3,4,1,2,1,1,1,1,,1408,3,31,1,6,184,2137,2052
140920,2,3,2,1,1,1,1,4,1,,1409,20,20,3,6,110,1376,4727
141005,3,7,2,2,,1,1,3,1,,1410,5,19,1,2,106,1269,3334
141104,1,5,2,2,,1,1,2,1,,1411,4,31,1,6,182,2095,2255
141208,3,4,2,1,1,1,1,2,1,,1412,8,26,2,1,147,1736,2632
141315,2,2,0,2,,2,,3,1,,1413,15,20,4,6,111,1380,3726
141409,3,5,1,2,,2,,5,1,,1414,9,15,3,5,81,1017,6441
141520,1,2,1,2,,2,,3,1,,1415,20,24,4,2,137,1598,1015
141602,4,6,2,1,1,1,1,7,1,,1416,2,24,1,2,139,1619,1656
141703,1,3,1,2,,1,1,4,1,,1417,3,23,1,6,131,1521,1873
141814,2,4,1,1,1,1,1,4,1,,1418,14,6,4,3,33,394,835
141916,2,3,0,2,,2,,4,1,,1419,16,20,4,6,111,1382,3286
142001,3,5,1,2,,1,1,3,1,,1420,1,27,3,6,157,1836,3583
142105,3,5,1,2,,1,1,2,1,,1421,5,18,1,3,103,1232,1097
142205,2,5,2,1,1,1,1,2,1,,1422,5,9,1,4,50,712,3409
142302,3,9,7,1,4,1,1,3,1,,1423,2,10,3,1,51,764,4628
142402,1,4,1,1,1,2,,2,1,,1424,2,28,1,2,162,1909,1376
142504,1,2,0,2,,2,,3,1,,1425,4,24,4,2,136,1591,1218
142614,1,1,1,2,,2,,1,1,,1426,14,2,3,1,7,61,3848
142704,2,4,2,1,1,1,2,3,1,,1427,4,3,1,1,16,162,816
142815,3,6,2,2,,2,,4,1,,1428,15,7,4,6,39,449,4091
142911,3,4,2,2,,2,,1,1,,1429,11,20,4,6,111,1380,3726
143003,2,4,1,1,1,1,1,2,1,,1430,3,9,1,4,49,659,3093
143106,2,3,2,1,2,1,1,3,1,,1431,6,22,4,3,125,1467,2137
143201,2,2,1,2,,1,1,1,1,,1432,1,2,1,1,11,130,2969
143316,3,4,1,1,1,2,,3,1,,1433,16,8,4,1,43,484,2372
143414,1,2,0,2,,2,,3,1,,1434,14,32,2,3,185,2139,1468
143512,1,2,0,2,,1,1,2,1,,1435,12,30,4,5,174,2045,5770
143605,2,5,1,1,1,1,1,3,1,,1436,5,2,4,1,8,62,1927
143704,2,4,1,2,,1,1,5,1,,1437,4,9,1,4,48,558,6076
143818,3,5,1,2,,2,,3,1,,1438,18,12,4,6,63,888,2579
143912,1,1,1,2,,2,,2,1,,1439,12,2,3,1,7,61,3848
144003,3,7,2,1,1,1,1,3,1,,1440,3,30,1,5,176,2069,6493
144105,4,6,1,2,,1,1,7,1,,1441,5,15,2,5,85,1060,7080
144205,1,3,1,2,,2,,1,1,,1442,5,26,1,1,150,1744,2766
144303,4,7,2,2,,1,1,5,1,,1443,3,9,1,4,50,747,2236
144402,2,3,1,2,,1,1,4,1,,1444,2,5,1,2,29,303,1629
144514,2,3,1,1,1,2,,4,1,,1445,14,6,2,3,32,390,691
144605,4,7,3,1,1,1,1,2,1,,1446,5,16,1,3,93,1140,3966
144705,3,4,1,1,1,1,1,3,1,,1447,5,18,1,3,104,1240,1188
144813,3,5,1,1,2,1,1,2,1,,1448,13,3,2,1,13,147,488
144901,2,4,2,1,1,2,,2,1,,1449,1,9,1,4,49,614,4170
145012,2,4,1,1,1,2,,2,1,,1450,12,8,4,1,43,483,2387
145101,1,3,1,2,,2,,1,1,,1451,1,9,1,4,49,621,4008
145209,3,4,3,2,,1,1,3,1,,1452,9,23,2,6,129,1514,2031
145319,2,2,1,2,,1,1,3,1,,1453,19,16,3,3,88,1111,4301
145402,2,3,1,1,1,2,,4,1,,1454,2,13,3,5,67,920,1739
145512,2,3,1,1,2,1,1,5,1,,1455,12,28,3,2,159,1842,2431
145613,1,2,1,1,1,1,1,2,1,,1456,13,26,2,1,147,1736,2632
145705,2,3,1,2,,1,1,6,1,,1457,5,5,1,2,29,293,1686
145803,2,6,1,1,1,1,1,5,1,,1458,3,24,3,2,135,1587,1397
145904,2,3,1,1,1,1,1,4,1,,1459,4,17,1,5,98,1191,1349
146002,1,3,1,2,,1,1,3,1,,1460,2,12,1,6,65,897,3224
146102,2,5,1,1,2,1,1,3,1,,1461,2,21,1,5,121,1435,4504
146212,1,2,0,1,1,2,,3,1,,1462,12,24,4,2,136,1591,1218
146305,2,5,1,1,1,1,1,4,1,,1463,5,28,1,2,163,1946,1610
146404,2,3,1,1,1,1,1,2,1,,1464,4,15,1,5,85,1032,13530
146504,2,4,1,2,,1,1,3,1,,1465,4,13,4,5,71,939,2376
146603,2,2,1,2,,1,1,3,1,,1466,3,10,1,1,54,799,1396
146715,1,2,0,2,,2,,6,1,,1467,15,24,4,2,136,1591,1218
146804,2,3,1,1,1,1,1,3,1,,1468,4,6,1,3,34,404,786
146901,2,3,1,1,1,1,1,5,1,,1469,1,26,1,1,150,1759,2444
147020,3,4,1,2,,2,,2,1,,1470,20,27,4,6,154,1816,2554
147102,2,3,1,2,,1,1,6,1,,1471,2,23,1,6,133,1569,1256
147205,1,3,1,1,1,1,1,2,1,,1472,5,28,1,2,162,1881,1684
147304,3,5,2,2,,1,1,2,2,2,1473,4,24,1,2,140,1663,1291
147402,1,3,1,2,,1,1,4,1,,1474,2,28,1,2,163,1938,1707
147516,2,5,1,2,,1,1,5,1,,1475,16,13,4,5,70,931,3702
147603,2,3,1,1,1,1,1,4,1,,1476,3,31,2,6,178,2085,2014
147701,2,4,1,1,1,1,1,2,1,,1477,1,27,1,6,156,1834,771
147802,4,5,2,1,1,1,1,6,1,,1478,2,6,2,3,32,393,610
147905,2,2,1,2,,1,1,3,1,,1479,5,9,1,4,49,645,3421
148008,3,5,0,1,1,1,2,3,1,,1480,8,30,4,5,173,2043,4521
148101,2,4,1,2,,2,,3,1,,1481,1,1,1,3,4,14,1342
148201,2,4,2,1,5,1,1,6,1,,1482,1,19,1,2,107,1312,3177
148313,1,1,1,1,1,2,,2,1,,1483,13,2,3,1,7,61,3848
148408,1,2,1,2,,2,,1,1,,1484,8,20,3,6,110,1376,4727
148503,1,3,1,2,,2,,5,1,,1485,3,23,1,6,131,1526,1205
148604,1,5,2,1,1,1,1,3,1,,1486,4,2,1,1,11,128,3011
148718,1,1,0,2,,2,,3,1,,1487,18,12,3,6,61,877,2869
148811,2,3,2,1,1,1,1,5,1,,1488,11,18,3,3,100,1210,1538
148903,3,5,1,1,2,1,1,3,2,3,1489,3,3,1,1,18,214,662
149005,6,6,1,2,,1,1,5,1,,1490,5,29,3,5,170,2029,865
149105,1,6,2,2,,2,,1,1,,1491,5,10,1,1,55,828,1133
149202,1,2,1,2,,1,2,1,1,,1492,2,26,1,1,152,1792,2468
149314,1,2,1,2,,2,,11,1,,1493,14,5,4,2,28,279,1313
149404,1,6,2,1,1,1,1,4,1,,1494,4,10,1,1,55,819,1575
149502,1,2,1,1,1,1,1,7,1,,1495,2,28,2,2,159,1843,2250
149605,2,3,1,1,1,1,1,2,1,,1496,5,9,1,4,50,749,2142
149701,2,3,1,1,1,1,2,3,1,,1497,1,12,4,6,63,886,2839
149810,2,3,1,1,1,1,1,5,1,,1498,10,1,2,3,2,6,392
149903,2,3,1,1,1,1,1,4,1,,1499,3,15,2,5,81,1016,19011
150002,3,6,1,1,1,1,1,5,1,,1500,2,14,1,3,79,990,8771
150108,1,4,1,1,1,1,1,2,1,,1501,8,7,3,6,38,446,6693
150203,2,3,1,1,2,1,1,4,1,,1502,3,13,4,5,71,937,2578
150305,2,4,2,1,1,1,1,4,1,,1503,5,28,4,2,160,1847,1348
150408,1,2,1,1,1,2,,3,1,,1504,8,8,3,1,42,481,3354
150505,2,4,1,2,,1,1,2,1,,1505,5,9,1,4,49,653,3183
150614,3,3,1,1,1,2,,5,1,,1506,14,18,4,3,101,1217,1108
150707,2,2,1,2,,1,1,2,1,,1507,7,18,2,3,100,1212,1495
150804,1,3,1,2,,1,1,2,1,,1508,4,16,2,3,91,1122,4192
150908,1,6,2,1,1,1,1,2,1,,1509,8,1,4,3,3,7,1634
151005,1,3,2,1,1,2,,1,1,,1510,5,10,1,1,55,819,1575
151116,1,1,0,2,,2,,3,1,,1511,16,12,4,6,63,885,2839
151202,4,6,2,1,1,1,1,5,1,,1512,2,17,1,5,99,1206,1411
151302,2,2,1,1,2,1,1,4,1,,1513,2,31,1,6,184,2132,2516
151401,3,5,2,1,1,1,1,4,1,,1514,1,24,1,2,140,1656,1430
151520,2,3,1,1,1,1,2,4,1,,1515,20,29,4,5,167,1975,636
151601,2,4,1,2,,1,1,3,1,,1516,1,10,3,1,51,766,1365
151705,1,2,0,1,1,1,1,2,1,,1517,5,9,1,4,49,609,4460
151804,2,4,1,2,,1,1,4,1,,1518,4,31,1,6,182,2100,2028
151912,1,3,0,2,,2,,1,1,,1519,12,12,4,6,63,885,2839
152007,2,4,1,1,1,1,1,4,1,,1520,7,4,4,6,21,228,784
152115,3,6,1,1,1,2,,1,1,,1521,15,10,2,1,51,767,1281
152202,1,2,1,1,1,1,1,2,1,,1522,2,24,1,2,140,1669,1189
152319,2,3,1,1,1,2,,5,1,,1523,19,11,4,3,57,837,4691
152417,2,5,2,1,1,1,1,5,1,,1524,17,31,2,6,179,2087,1839
152501,3,5,2,1,1,1,1,6,1,,1525,1,19,1,2,107,1313,3148
152604,1,2,0,2,,2,,4,1,,1526,4,15,1,5,85,1045,11921
152703,2,3,1,1,2,1,1,3,1,,1527,3,3,1,1,16,174,619
152811,2,4,2,1,1,1,1,3,1,,1528,11,24,2,2,135,1583,1844
152905,2,5,1,2,,2,,1,1,,1529,5,2,1,1,10,114,2830
153018,1,2,0,2,,2,,11,1,,1530,18,8,4,1,43,485,1975
153102,2,6,1,2,,2,,2,1,,1531,2,30,3,5,172,2037,7808
153202,3,5,1,1,1,1,1,6,1,,1532,2,5,1,2,30,327,1676
153307,2,2,0,2,,2,,3,1,,1533,7,12,4,6,63,886,2839
153411,3,5,1,2,,1,1,4,1,,1534,11,27,4,6,155,1819,1628
153504,3,6,1,1,1,1,1,6,1,,1535,4,31,3,6,182,2103,1967
153615,1,3,1,1,1,1,1,3,1,,1536,15,32,4,3,187,2146,1688
153701,2,3,1,2,,2,,2,1,,1537,1,21,3,5,116,1408,6402
153804,2,3,1,2,,1,2,5,1,,1538,4,5,1,2,29,320,1475
153901,2,5,1,1,1,1,1,3,1,,1539,1,19,1,2,107,1298,3361
154018,2,3,0,2,,2,,5,1,,1540,18,18,4,3,101,1218,1072
154101,3,4,1,1,1,1,1,5,1,,1541,1,28,2,2,159,1843,2250
154201,2,4,1,1,1,1,1,2,1,,1542,1,8,1,1,45,523,3117
154301,2,6,2,1,1,1,1,6,2,2,1543,1,19,1,2,106,1280,3179
154407,1,3,0,2,,2,,2,1,,1544,7,20,4,6,111,1379,3848
154505,1,2,1,2,,2,,1,1,,1545,5,3,1,1,16,173,619
154601,2,9,2,2,,1,1,2,1,,1546,1,5,1,2,29,287,1766
154701,3,6,2,2,,1,1,2,1,,1547,1,15,1,5,85,1055,9998
154803,4,6,2,1,1,1,1,6,1,,1548,3,3,1,1,17,194,622
154905,2,2,1,1,1,1,1,2,1,,1549,5,3,1,1,16,169,669
155005,2,4,1,1,1,1,1,3,1,,1550,5,22,1,3,128,1508,2001
155106,2,4,0,2,,2,,4,1,,1551,6,21,4,5,117,1410,5193
155202,1,2,2,2,,2,,3,1,,1552,2,30,1,5,176,2072,5849
155310,1,4,0,2,,2,,2,1,,1553,10,21,4,5,117,1411,4824
155407,2,5,0,2,,2,,2,1,,1554,7,24,4,2,137,1595,1121
155505,2,3,1,2,,1,1,4,1,,1555,5,29,3,5,166,1967,2601
155601,1,4,1,2,,1,1,1,1,,1556,1,9,1,4,49,637,3623
155705,2,4,1,1,1,1,1,4,1,,1557,5,6,2,3,32,392,627
155819,1,3,1,2,,2,,2,1,,1558,19,21,2,5,116,1409,5069
155906,1,1,1,2,,2,,1,1,,1559,6,18,3,3,100,1210,1538
156007,3,4,2,1,2,1,2,5,1,,1560,7,32,4,3,187,2145,1691
156104,3,5,1,2,,1,1,5,1,,1561,4,11,2,3,56,833,4741
156203,2,3,1,2,,2,,2,1,,1562,3,5,1,2,29,305,1609
156303,2,4,1,2,,1,1,4,1,,1563,3,15,1,5,85,1032,13530
156420,1,4,1,1,1,1,1,4,1,,1564,20,22,3,3,123,1462,2245
156505,3,4,0,2,,2,,4,1,,1565,5,20,4,6,111,1382,3286
156601,3,5,2,1,1,1,1,4,1,,1566,1,29,2,5,171,2033,371
156702,4,7,2,1,1,1,1,6,1,,1567,2,24,1,2,139,1648,1096
156807,2,3,0,2,,2,,2,1,,1568,7,13,4,5,70,933,2426
156904,2,3,2,1,1,1,1,2,1,,1569,4,6,1,3,36,435,677
157004,3,5,1,1,1,1,1,2,1,,1570,4,17,2,5,98,1186,1470
157101,3,5,1,1,1,1,1,3,1,,1571,1,20,2,6,114,1402,3050
157204,2,2,1,2,,2,,4,1,,1572,4,30,4,5,173,2044,4268
157302,3,5,2,2,,1,1,4,1,,1573,2,9,1,4,49,618,4123
157405,3,5,1,1,1,1,1,5,1,,1574,5,30,4,5,174,2048,4995
157503,4,4,2,1,2,1,1,5,1,,1575,3,4,1,6,25,270,631
157617,3,4,1,2,,2,,4,1,,1576,17,17,4,5,96,1157,995
157701,2,5,1,1,1,1,1,3,1,,1577,1,13,4,5,74,955,2938
157810,2,4,0,2,,1,1,4,1,,1578,10,11,4,3,57,838,3502
157901,3,5,1,1,1,1,1,1,1,,1579,1,9,1,4,49,660,3083
158003,5,8,1,1,1,1,1,10,1,,1580,3,1,2,3,2,6,392
158102,1,5,2,2,,1,1,1,1,,1581,2,13,3,5,67,922,1613
158201,2,5,1,2,,1,1,6,1,,1582,1,21,4,5,118,1414,5277
158305,3,4,1,1,1,1,1,5,1,,1583,5,5,1,2,30,354,1444
158403,3,5,2,1,1,1,1,4,1,,1584,3,24,1,2,140,1667,1236
158504,3,6,2,1,1,1,1,3,1,,1585,4,5,1,2,31,384,1756
158602,3,5,2,1,1,2,,5,1,,1586,2,16,3,3,88,1107,4964
158705,3,6,2,1,1,1,1,3,1,,1587,5,24,1,2,140,1672,957
158801,2,2,1,2,,1,1,2,1,,1588,1,9,1,4,50,763,485
158902,3,5,1,2,,1,1,3,1,,1589,2,2,1,1,10,101,3178
159009,1,1,1,2,,2,,2,1,,1590,9,7,4,6,39,450,4023
159103,1,3,1,1,1,1,1,2,1,,1591,3,32,1,3,189,2159,1210
159203,2,2,1,2,,1,1,3,1,,1592,3,4,1,6,24,262,621
159304,3,4,1,1,1,1,1,7,1,,1593,4,1,1,3,4,20,1269
159403,2,4,0,2,,1,1,4,1,,1594,3,21,4,5,117,1411,4824
159502,4,6,3,1,1,1,1,4,1,,1595,2,20,3,6,113,1390,3214
159604,1,2,1,1,1,1,1,3,1,,1596,4,28,1,2,162,1895,1601
159714,2,3,2,2,,2,,1,1,,1597,14,30,3,5,172,2038,7808
159803,1,3,1,2,,2,,3,1,,1598,3,26,1,1,151,1771,2198
159906,2,5,2,1,1,1,1,4,1,,1599,6,29,2,5,166,1969,729
160007,1,2,1,2,,1,1,3,1,,1600,7,2,2,1,7,60,4118
160119,2,3,0,2,,2,,1,1,,1601,19,20,4,6,111,1385,3030
160214,1,2,1,2,,1,1,5,1,,1602,14,4,3,6,19,221,707
160301,4,5,0,1,1,2,,10,1,,1603,1,24,4,2,136,1590,1225
160403,1,4,3,1,2,1,1,2,1,,1604,3,22,1,3,128,1502,2168
160503,3,5,2,1,1,1,1,4,1,,1605,3,8,1,1,45,530,2985
160607,2,6,1,1,1,1,1,5,1,,1606,7,31,2,6,178,2085,2014
160707,2,4,0,1,1,1,1,4,1,,1607,7,24,4,2,137,1596,1073
160803,3,6,1,1,1,1,1,4,1,,1608,3,15,1,5,85,1048,11534
160904,1,2,1,2,,1,1,1,1,,1609,4,28,1,2,162,1890,1631
161010,2,3,1,1,1,1,1,5,1,,1610,10,11,4,3,57,836,4721
161120,2,4,1,2,,1,1,3,1,,1611,20,27,4,6,155,1823,414
161202,1,3,0,2,,2,,2,1,,1612,2,9,1,4,49,664,2986
161311,3,4,1,1,1,1,1,3,1,,1613,11,32,3,3,185,2138,1543
161410,3,4,1,2,,1,2,4,1,,1614,10,32,2,3,185,2141,1249
161503,2,2,1,1,1,1,1,2,1,,1615,3,8,1,1,44,499,2863
161604,2,3,1,1,1,2,,6,1,,1616,4,8,1,1,44,498,2876
161710,2,3,1,2,,1,1,3,1,,1617,10,28,3,2,159,1842,2431
161801,1,1,1,2,,2,,2,2,2,1618,1,3,1,1,15,160,424
161901,2,2,1,2,,2,,2,1,,1619,1,23,4,6,130,1516,1778
162005,2,3,1,2,,2,,3,1,,1620,5,8,1,1,46,553,2825
162104,3,6,4,1,1,1,1,3,1,,1621,4,13,2,5,67,923,1581
162203,2,4,1,2,,2,,6,1,,1622,3,1,1,3,4,27,1069
162311,1,3,1,2,,2,,2,1,,1623,11,27,4,6,155,1823,414
162413,4,5,1,1,3,1,1,5,1,,1624,13,32,4,3,187,2148,1543
162503,3,6,3,1,2,1,1,3,1,,1625,3,22,2,3,128,1501,2174
162604,2,3,0,2,,2,,4,1,,1626,4,9,4,4,47,557,672
162703,1,4,2,1,2,1,1,1,1,,1627,3,1,1,3,6,52,1338
162803,3,6,1,2,,1,1,1,1,,1628,3,25,2,1,141,1674,2705
162909,2,5,1,2,,2,,3,1,,1629,9,21,4,5,118,1414,5277
163003,3,5,3,1,2,1,1,2,1,,1630,3,31,1,6,183,2110,2712
163119,2,4,1,2,,1,1,3,1,,1631,19,25,3,1,141,1675,2587
163205,1,2,1,2,,1,1,2,1,,1632,5,15,1,5,86,1073,12480
163313,1,3,1,2,,1,1,2,1,,1633,13,32,3,3,185,2140,1353
163404,2,3,2,2,,1,2,2,2,2,1634,4,23,1,6,133,1566,1721
163508,2,4,2,1,1,1,1,4,1,,1635,8,16,2,3,88,1110,4468
163602,2,3,1,2,,1,1,4,1,,1636,2,23,1,6,132,1555,1256
163705,3,3,1,2,,1,1,5,1,,1637,5,8,1,1,44,496,2933
163804,2,2,1,2,,1,2,4,1,,1638,4,20,2,6,113,1392,3160
163903,2,2,1,2,,2,,6,1,,1639,3,28,1,2,162,1878,1713
164004,2,6,1,2,,1,1,2,1,,1640,4,1,1,3,6,56,1243
164101,1,3,1,2,,1,1,3,1,,1641,1,29,4,5,167,1975,636
164204,3,5,1,1,1,1,1,4,1,,1642,4,5,1,2,30,335,1555
164315,2,5,1,2,,1,1,3,1,,1643,15,31,3,6,179,2089,1807
164411,3,6,2,1,1,1,1,4,1,,1644,11,10,2,1,51,767,1281
164512,1,1,1,2,,2,,2,1,,1645,12,6,2,3,32,393,610
164603,2,3,1,1,1,1,1,2,1,,1646,3,15,1,5,85,1042,12302
164717,2,6,2,1,1,1,1,3,1,,1647,17,16,2,3,88,1106,5935
164802,1,3,1,2,,2,,5,1,,1648,2,7,1,6,40,457,4832
164902,1,3,1,1,1,1,1,3,1,,1649,2,26,1,1,151,1779,2117
165001,2,4,2,2,,1,1,1,1,,1650,1,22,1,3,128,1497,2392
165103,1,3,1,2,,1,1,1,1,,1651,3,9,1,4,48,560,5197
165202,2,4,2,1,1,1,1,3,1,,1652,2,11,1,3,58,857,4065
165305,3,5,2,1,1,1,1,1,1,,1653,5,28,1,2,162,1872,1730
165411,2,2,1,1,2,1,1,3,1,,1654,11,24,2,2,135,1582,2162
165504,1,2,1,2,,2,,2,1,,1655,4,5,1,2,30,346,1489
165607,2,2,1,2,,1,1,3,1,,1656,7,2,4,1,8,62,1927
165704,1,3,1,2,,1,1,2,1,,1657,4,26,1,1,150,1762,2283
165809,4,7,2,2,,2,,2,1,,1658,9,24,4,2,137,1599,1009
165904,1,2,0,2,,2,,2,1,,1659,4,17,2,5,94,1151,717
166005,2,4,1,1,1,1,1,3,1,,1660,5,19,2,2,106,1285,3116
166102,2,4,1,1,1,1,1,3,1,,1661,2,32,2,3,186,2142,1673
166204,2,2,1,2,,1,1,3,1,,1662,4,11,4,3,57,838,3502
166314,1,3,0,2,,2,,1,1,,1663,14,12,4,6,63,885,2839
166404,5,8,2,1,1,1,1,2,1,,1664,4,8,1,1,45,533,2933
166503,3,5,1,1,1,1,1,4,1,,1665,3,3,1,1,16,165,712
166604,2,4,1,2,,1,1,5,1,,1666,4,9,1,4,50,762,789
166704,2,4,2,1,1,1,1,2,1,,1667,4,20,1,6,114,1401,3180
166801,2,2,0,2,,2,,2,1,,1668,1,30,4,5,173,2043,4521
166915,2,4,2,2,,2,,2,1,,1669,15,18,4,3,101,1217,1108
167004,4,8,0,2,,2,,5,1,,1670,4,15,1,5,84,1025,15426
167101,2,4,1,1,1,1,1,3,1,,1671,1,3,1,1,18,205,752
167205,3,4,2,2,,1,1,5,1,,1672,5,17,3,5,97,1168,1667
167305,2,6,3,1,1,1,1,3,1,,1673,5,6,1,3,36,433,666
167413,1,3,2,1,1,1,1,2,1,,1674,13,18,4,3,101,1218,1072
167502,1,3,1,1,1,1,1,1,1,,1675,2,6,1,3,35,418,826
167604,2,4,2,1,1,2,,2,1,,1676,4,2,3,1,7,61,3848
167702,1,3,1,2,,1,1,1,1,,1677,2,19,1,2,108,1358,3198
167811,2,3,0,2,,1,2,7,1,,1678,11,21,4,5,117,1413,3844
167911,2,3,1,1,1,2,,3,1,,1679,11,22,4,3,125,1466,2305
168004,1,3,1,1,1,1,1,2,1,,1680,4,28,1,2,162,1862,1866
168104,2,4,1,2,,1,1,3,1,,1681,4,22,1,3,128,1503,2164
168202,1,3,1,2,,1,1,4,1,,1682,2,31,1,6,183,2111,2375
168303,1,3,1,2,,2,,2,1,,1683,3,18,1,3,103,1237,1027
168405,2,2,2,1,1,1,1,5,1,,1684,5,18,2,3,100,1209,1651
168516,2,3,1,1,1,1,1,4,1,,1685,16,31,2,6,178,2085,2014
168615,2,3,1,1,2,1,2,4,1,,1686,15,24,4,2,137,1598,1015
168704,2,4,0,2,,1,1,3,1,,1687,4,21,2,5,116,1407,6595
168804,1,2,1,2,,1,1,1,1,,1688,4,2,1,1,9,69,3373
168905,2,4,1,1,1,1,1,3,1,,1689,5,6,1,3,36,434,714
169003,3,8,2,1,2,1,1,6,1,,1690,3,31,1,6,182,2105,1935
169112,2,3,1,1,1,1,1,2,1,,1691,12,16,2,3,88,1110,4468
169204,2,3,1,1,1,1,1,3,1,,1692,4,25,1,1,145,1714,2478
169301,1,2,1,2,,1,1,1,1,,1693,1,9,1,4,49,632,3741
169402,2,4,1,2,,1,1,2,1,,1694,2,9,1,4,48,581,3904
169511,3,4,1,1,1,1,1,5,1,,1695,11,26,4,1,149,1740,2152
169604,2,4,1,1,1,1,1,3,1,,1696,4,24,1,2,139,1625,1380
169717,1,2,0,2,,1,2,4,1,,1697,17,21,4,5,117,1410,5193
169802,3,4,1,1,1,1,1,1,1,,1698,2,24,1,2,140,1664,1280
169919,2,5,1,1,1,2,,2,1,,1699,19,26,4,1,149,1741,2121
170005,2,5,1,1,1,1,1,5,1,,1700,5,27,3,6,157,1836,3583
170102,3,5,1,1,1,1,1,4,1,,1701,2,10,1,1,54,799,1396
170204,3,5,2,1,2,1,1,5,1,,1702,4,19,1,2,108,1343,3343
170305,1,3,1,1,2,1,1,2,1,,1703,5,5,2,2,27,275,1555
170401,2,3,1,2,,1,1,1,1,,1704,1,2,1,1,10,110,2905
170504,2,4,1,2,,1,1,1,1,,1705,4,22,2,3,127,1489,1887
170603,3,4,1,1,1,1,1,4,1,,1706,3,24,1,2,140,1669,1189
170704,2,3,1,2,,1,1,4,1,,1707,4,23,1,6,132,1557,1153
170816,3,5,2,1,2,1,1,3,1,,1708,16,20,2,6,110,1377,3890
170918,1,2,1,2,,2,,2,1,,1709,18,27,4,6,155,1823,414
171010,2,3,1,2,,1,1,6,1,,1710,10,16,4,3,90,1114,10379
171104,1,2,1,2,,1,1,2,1,,1711,4,23,1,6,132,1546,1543
171213,1,1,0,2,,2,,5,1,,1712,13,17,4,5,95,1154,485
171305,2,3,1,2,,1,1,2,1,,1713,5,9,1,4,48,558,6076
171405,3,7,1,1,2,1,1,3,1,,1714,5,26,4,1,149,1742,1939
171511,3,4,1,2,,2,,5,1,,1715,11,25,4,1,143,1679,2282
171605,3,4,1,1,1,1,1,3,1,,1716,5,8,1,1,44,501,2795
171703,1,2,0,2,,2,,1,1,,1717,3,29,4,5,169,1984,1177
171804,3,4,1,1,1,1,1,7,1,,1718,4,11,1,3,58,849,4917
171910,2,3,1,1,1,1,1,3,1,,1719,10,17,2,5,94,1151,717
172002,3,4,2,1,2,1,1,3,1,,1720,2,11,1,3,60,870,7327
172114,2,4,1,2,,1,1,2,1,,1721,14,7,2,6,37,444,3822
172207,1,2,1,2,,1,1,3,1,,1722,7,7,4,6,39,450,4023
172302,2,5,2,1,2,1,1,3,1,,1723,2,9,1,4,50,729,3014
172411,3,5,2,1,1,1,1,5,1,,1724,11,1,2,3,1,3,848
172513,2,4,0,2,,1,2,5,1,,1725,13,24,4,2,136,1588,1337
172616,2,3,1,2,,2,,4,1,,1726,16,10,4,1,52,773,1281
172701,2,3,1,2,,2,,2,1,,1727,1,28,1,2,161,1851,1956
172804,2,3,1,1,1,1,1,2,1,,1728,4,8,1,1,44,510,2594
172908,2,3,1,1,1,1,2,4,1,,1729,8,21,3,5,115,1404,6225
173001,2,4,2,2,,2,,1,1,,1730,1,27,1,6,157,1838,827
173101,3,5,2,1,2,1,1,5,1,,1731,1,10,1,1,53,779,1309
173220,1,2,1,1,1,2,,3,1,,1732,20,23,4,6,130,1515,1790
173304,4,9,2,2,,1,1,5,1,,1733,4,17,3,5,94,1146,3584
173417,2,3,1,1,1,1,1,5,1,,1734,17,24,4,2,137,1596,1073
173502,3,5,2,1,1,1,1,4,1,,1735,2,14,1,3,80,1000,8284
173601,2,3,1,1,1,1,1,2,1,,1736,1,21,1,5,122,1452,4517
173718,3,4,1,1,1,1,1,4,1,,1737,18,24,3,2,135,1584,1829
173804,2,3,1,2,,1,1,5,1,,1738,4,17,1,5,98,1197,1206
173901,1,3,1,2,,2,,2,1,,1739,1,23,1,6,132,1538,1693
174020,1,2,0,2,,2,,4,1,,1740,20,4,4,6,21,225,1029
174105,2,2,0,2,,2,,5,1,,1741,5,20,4,6,112,1386,3430
174205,2,4,1,1,1,1,1,3,1,,1742,5,19,1,2,108,1345,3319
174305,3,4,0,2,,2,,3,1,,1743,5,24,4,2,137,1595,1121
174405,2,3,1,1,1,1,1,4,1,,1744,5,19,1,2,107,1316,3120
174505,3,5,1,2,,1,1,2,1,,1745,5,9,1,4,50,683,3883
174604,4,5,2,1,2,1,1,6,1,,1746,4,9,1,4,48,571,4158
174704,1,6,1,2,,1,1,1,1,,1747,4,19,1,2,108,1358,3198
174802,1,3,1,1,1,2,,2,1,,1748,2,3,1,1,17,192,642
174913,3,4,1,1,2,2,,5,1,,1749,13,16,3,3,88,1111,4301
175002,3,4,1,2,,1,1,5,1,,1750,2,11,3,3,56,830,5624
175102,3,4,1,2,,1,1,2,1,,1751,2,1,1,3,6,47,1535
175213,1,2,0,2,,2,,2,1,,1752,13,7,3,6,38,446,6693
175307,2,4,0,2,,2,,4,1,,1753,7,24,4,2,136,1592,1094
175405,1,2,1,2,,2,,2,1,,1754,5,27,1,6,156,1826,2011
175507,2,10,3,1,5,1,1,3,1,,1755,7,30,3,5,172,2038,7808
175614,1,4,0,2,,1,2,2,1,,1756,14,25,4,1,143,1683,811
175704,3,3,1,2,,1,1,3,1,,1757,4,29,3,5,169,1993,1100
175803,3,5,2,2,,1,2,1,1,,1758,3,26,1,1,152,1797,2217
175902,1,4,1,2,,1,1,2,1,,1759,2,9,1,4,50,743,2710
176004,3,6,2,2,,1,1,2,1,,1760,4,24,1,2,138,1604,1399
176101,3,5,2,1,2,1,1,3,1,,1761,1,26,1,1,151,1783,2043
176205,3,6,1,2,,1,1,5,1,,1762,5,21,1,5,120,1423,5696
176310,3,5,1,2,,2,,4,1,,1763,10,2,4,1,8,62,1927
176417,1,1,0,2,,2,,2,1,,1764,17,30,4,5,173,2039,5218
176510,3,6,1,2,,2,,4,1,,1765,10,29,4,5,167,1976,500
176604,1,2,1,2,,2,,1,1,,1766,4,2,1,1,9,66,3514
176703,1,1,1,2,,2,,1,1,,1767,3,3,1,1,15,159,480
176801,4,7,2,1,2,1,1,5,1,,1768,1,5,1,2,30,343,1509
176904,2,3,1,1,1,1,1,4,1,,1769,4,26,1,1,150,1754,2570
177002,3,8,4,1,2,1,1,4,1,,1770,2,32,1,3,190,2169,2030
177115,1,4,2,1,1,1,2,2,1,,1771,15,6,2,3,32,392,627
177205,2,4,0,2,,1,1,2,1,,1772,5,27,4,6,154,1817,2285
177303,2,3,1,2,,1,2,1,1,,1773,3,25,1,1,146,1728,3474
177405,2,3,1,1,1,1,1,4,1,,1774,5,11,1,3,59,867,4931
177501,3,4,1,2,,2,,1,1,,1775,1,9,1,4,49,638,3604
177605,3,5,2,2,,1,1,4,1,,1776,5,22,1,3,127,1481,2049
177703,2,5,1,2,,1,1,3,1,,1777,3,16,4,3,89,1112,3033
177803,1,2,1,1,1,2,,2,1,,1778,3,10,1,1,53,779,1309
177902,1,3,1,1,1,1,1,2,1,,1779,2,3,1,1,15,160,424
178002,5,6,1,2,,1,1,6,1,,1780,2,11,2,3,59,865,5338
178105,1,4,1,2,,2,,1,1,,1781,5,9,1,4,49,655,3136
178203,1,4,1,1,1,1,1,2,1,,1782,3,21,1,5,121,1438,4413
178312,2,3,0,2,,2,,4,1,,1783,12,20,2,6,109,1372,3454
178404,3,7,1,1,1,1,1,4,1,,1784,4,1,4,3,3,8,1437
178510,2,5,2,1,1,1,1,5,1,,1785,10,19,3,2,105,1255,1919
178601,2,4,1,1,2,1,1,4,1,,1786,1,5,1,2,31,371,1862
178702,1,2,1,2,,2,,4,1,,1787,2,15,2,5,81,1016,19011
178805,2,4,2,1,1,1,1,5,1,,1788,5,27,3,6,156,1827,1986
178909,2,4,1,1,2,1,1,4,1,,1789,9,22,3,3,123,1461,2454
179001,2,3,1,2,,1,1,4,1,,1790,1,26,1,1,150,1744,2766
179105,3,6,2,2,,1,1,2,1,,1791,5,22,2,3,128,1501,2174
179204,4,5,2,1,1,1,1,6,1,,1792,4,15,1,5,86,1089,2758
179303,2,3,1,1,1,1,1,4,1,,1793,3,14,1,3,78,974,11253
179401,2,3,1,2,,1,1,4,1,,1794,1,32,3,3,185,2138,1543
179517,1,2,1,2,,2,,4,1,,1795,17,22,4,3,125,1468,1809
179616,2,3,0,2,,2,,3,1,,1796,16,12,4,6,63,883,3042
179719,1,2,0,1,1,2,,4,1,,1797,19,13,4,5,70,932,2540
179818,1,1,1,2,,2,,4,1,,1798,18,23,2,6,129,1514,2031
179905,3,4,1,1,1,1,2,4,1,,1799,5,5,1,2,29,309,1593
180001,1,4,1,2,,1,1,2,1,,1800,1,4,1,6,22,230,474
180105,2,3,1,1,1,1,1,1,1,,1801,5,10,1,1,54,811,1294
180202,2,4,1,2,,1,1,2,1,,1802,2,9,1,4,50,745,2439
180304,3,5,1,1,1,1,1,7,1,,1803,4,1,1,3,4,26,1132
180402,1,2,0,1,1,1,1,4,1,,1804,2,9,1,4,48,582,3890
180505,3,5,2,2,,1,1,4,1,,1805,5,7,1,6,40,467,3833
180605,2,4,1,1,1,1,1,5,1,,1806,5,19,1,2,106,1274,3242
180705,3,5,1,1,1,1,1,4,1,,1807,5,32,1,3,189,2159,1210
180801,3,5,1,1,2,1,1,3,1,,1808,1,24,1,2,139,1637,1272
180902,3,6,1,2,,2,,1,1,,1809,2,20,4,6,111,1384,3206
181006,1,4,0,2,,1,1,4,1,,1810,6,21,4,5,117,1413,3844
181101,1,1,1,1,1,1,1,4,1,,1811,1,28,1,2,162,1892,1614
181214,3,4,1,1,1,1,1,3,1,,1812,14,13,3,5,67,920,1739
181303,4,7,3,1,3,1,1,6,1,,1813,3,9,1,4,50,729,3014
181402,1,3,1,2,,2,,5,1,,1814,2,17,2,5,94,1143,3861
181519,3,6,1,1,1,2,,4,1,,1815,19,18,3,3,100,1211,1520
181602,5,9,2,1,2,1,1,5,1,,1816,2,9,1,4,49,626,3854
181710,2,3,1,1,2,1,1,2,1,,1817,10,21,2,5,116,1407,6595
181801,2,4,1,1,2,1,1,3,1,,1818,1,26,2,1,148,1738,2836
181902,1,1,0,2,,2,,1,1,,1819,2,12,4,6,63,885,2839
182017,3,4,2,1,1,1,1,5,1,,1820,17,30,2,5,172,2036,7817
182101,2,3,1,1,1,1,1,4,1,,1821,1,28,1,2,163,1943,1685
182203,2,4,1,2,,1,1,1,1,,1822,3,2,1,1,9,82,2951
182305,3,6,2,1,2,1,1,6,1,,1823,5,31,1,6,184,2133,2511
182402,2,2,1,1,1,1,1,4,1,,1824,2,28,1,2,162,1896,1593
182512,4,6,1,1,1,1,1,7,1,,1825,12,29,4,5,167,1974,661
182604,2,4,1,1,1,1,1,4,1,,1826,4,17,3,5,94,1142,4197
182711,1,2,1,1,1,1,1,1,1,,1827,11,20,2,6,110,1375,5038
182803,3,7,2,1,1,1,1,2,1,,1828,3,16,1,3,93,1140,3966
182903,2,6,2,1,2,1,1,3,1,,1829,3,30,1,5,176,2071,5855
183005,2,4,1,2,,1,1,4,1,,1830,5,4,3,6,20,222,977
183105,1,2,0,2,,2,,2,1,,1831,5,31,4,6,180,2091,2598
183205,2,3,1,1,1,1,1,4,1,,1832,5,16,3,3,88,1105,4784
183305,3,7,2,1,1,1,1,8,1,,1833,5,8,1,1,45,527,3042
183405,2,4,1,2,,2,,2,1,,1834,5,29,3,5,166,1970,682
183501,2,4,1,2,,1,1,2,1,,1835,1,5,1,2,29,289,1728
183604,2,3,1,1,1,1,1,7,1,,1836,4,10,3,1,51,764,4628
183702,2,3,1,1,1,1,1,2,1,,1837,2,5,1,2,30,329,1661
183816,2,3,1,1,1,2,,2,1,,1838,16,6,3,3,32,391,636
183905,2,4,1,1,1,2,,2,1,,1839,5,8,4,1,43,483,2387
184010,3,5,1,1,2,1,1,2,1,,1840,10,8,2,1,42,480,3631
184108,3,5,1,2,,1,1,3,1,,1841,8,13,4,5,71,936,2779
184202,1,3,2,1,2,1,1,3,1,,1842,2,9,1,4,50,754,1844
184301,3,5,1,2,,2,,7,1,,1843,1,29,2,5,166,1972,586
184405,4,7,1,1,2,1,1,5,1,,1844,5,13,4,5,74,955,2938
184505,3,4,1,2,,1,1,5,1,,1845,5,2,1,1,9,64,3722
184603,2,3,1,2,,1,1,2,1,,1846,3,5,1,2,29,318,1523
184706,1,3,1,2,,2,,1,1,,1847,6,20,3,6,109,1374,2508
184803,3,7,5,1,3,1,1,4,1,,1848,3,19,1,2,107,1329,2780
184904,2,5,1,1,1,1,1,1,1,,1849,4,21,1,5,120,1425,5082
185002,1,2,1,1,1,1,1,1,1,,1850,2,9,1,4,48,589,3580
185107,2,4,2,1,1,1,1,2,1,,1851,7,28,2,2,159,1843,2250
185202,1,6,1,2,,1,1,1,1,,1852,2,16,2,3,91,1122,4192
185310,1,2,1,2,,1,2,3,1,,1853,10,6,2,3,32,390,691
185409,2,3,0,2,,2,,4,1,,1854,9,12,4,6,63,884,3037
185505,2,5,1,1,1,1,1,5,1,,1855,5,25,4,1,143,1678,2442
185603,5,9,2,1,1,1,1,3,1,,1856,3,14,1,3,78,984,6236
185704,2,2,1,2,,1,1,8,1,,1857,4,3,1,1,15,153,736
185803,3,4,0,2,,1,1,5,1,,1858,3,11,1,3,58,857,4065
185917,1,3,0,2,,2,,1,1,,1859,17,20,4,6,111,1378,4169
186018,2,5,1,1,2,1,1,4,1,,1860,18,32,4,3,187,2146,1688
186106,2,5,1,1,1,1,1,6,1,,1861,6,24,4,2,137,1600,973
186215,1,3,1,2,,2,,2,1,,1862,15,17,2,5,94,1150,835
186302,3,4,3,1,1,1,1,1,1,,1863,2,24,1,2,140,1668,1196
186415,2,4,1,2,,2,,2,1,,1864,15,28,4,2,160,1848,1343
186502,2,4,1,1,1,1,1,2,1,,1865,2,30,1,5,176,2078,5059
186617,2,3,1,2,,2,,3,1,,1866,17,18,2,3,100,1213,1488
186704,3,5,1,1,1,1,1,6,1,,1867,4,5,1,2,30,343,1509
186802,1,2,1,1,1,1,1,1,1,,1868,2,2,4,1,8,63,1922
186913,1,1,1,2,,2,,1,1,,1869,13,28,4,2,160,1848,1343
187002,1,2,1,2,,1,1,6,1,,1870,2,27,3,6,156,1827,1986
187105,1,2,1,1,1,1,1,2,1,,1871,5,23,1,6,132,1540,1661
187204,1,1,1,1,1,2,,1,1,,1872,4,3,1,1,16,163,791
187305,1,2,1,1,1,1,1,1,1,,1873,5,15,1,5,86,1079,10531
187408,1,1,0,2,,2,,1,1,,1874,8,12,4,6,63,888,2579
187502,1,1,1,2,,1,1,3,1,,1875,2,7,1,6,41,478,3417
187601,2,6,2,1,1,1,1,3,1,,1876,1,24,1,2,139,1641,1237
187701,2,8,4,1,2,1,1,3,1,,1877,1,12,1,6,66,911,3224
187804,2,3,0,2,,2,,8,1,,1878,4,30,4,5,173,2039,5218
187903,2,3,1,2,,1,1,3,1,,1879,3,6,1,3,35,416,888
188003,3,5,2,1,1,1,1,3,1,,1880,3,2,1,1,10,104,3024
188101,2,3,1,2,,1,1,4,1,,1881,1,1,1,3,6,58,1116
188204,3,4,1,1,1,1,1,7,1,,1882,4,16,4,3,90,1116,3460
188304,2,4,1,1,1,1,1,3,1,,1883,4,21,1,5,121,1439,4377
188404,4,7,2,1,1,1,1,5,1,,1884,4,24,1,2,138,1608,1310
188508,3,5,1,1,1,1,1,3,1,,1885,8,5,2,2,27,276,1431
188602,2,3,1,1,1,1,1,4,1,,1886,2,28,1,2,162,1859,1917
188714,2,4,1,2,,1,1,3,1,,1887,14,27,3,6,153,1813,2357
188804,3,5,1,1,1,2,,1,1,,1888,4,26,1,1,151,1780,2117
188904,1,2,0,2,,2,,4,1,,1889,4,7,4,6,39,456,3330
189014,2,3,0,2,,2,,5,1,,1890,14,20,2,6,109,1372,3454
189115,4,5,1,2,,1,1,4,1,,1891,15,25,4,1,143,1680,2209
189218,2,3,1,2,,2,,5,1,,1892,18,7,4,6,39,456,3330
189302,2,4,1,1,1,1,1,4,1,,1893,2,9,1,4,48,598,2860
189410,2,4,1,2,,1,2,5,1,,1894,10,6,4,3,33,395,576
189501,2,4,2,2,,1,1,3,1,,1895,1,17,1,5,98,1198,1204
189610,2,3,0,2,,2,,4,1,,1896,10,24,4,2,136,1592,1094
189715,2,3,1,2,,1,1,4,1,,1897,15,16,4,3,90,1114,10379
189805,2,3,1,2,,1,1,3,1,,1898,5,17,1,5,99,1204,1561
189904,3,5,2,2,,1,1,4,1,,1899,4,13,4,5,71,935,2985
190016,2,3,0,2,,1,1,3,1,,1900,16,21,2,5,116,1409,5069
190105,1,1,3,1,1,1,1,1,1,,1901,5,14,1,3,79,987,9142
190205,2,3,1,1,1,1,1,3,1,,1902,5,19,1,2,107,1300,3331
190303,1,3,1,2,,2,,1,1,,1903,3,21,3,5,116,1408,6402
190404,1,1,1,2,,1,1,5,1,,1904,4,15,1,5,85,1049,11347
190505,2,3,0,2,,2,,5,1,,1905,5,24,1,2,138,1617,1097
190605,1,3,1,1,1,1,1,1,1,,1906,5,31,1,6,183,2111,2375
190718,2,3,0,2,,2,,4,1,,1907,18,15,3,5,81,1017,6441
190803,1,5,1,1,1,1,1,1,1,,1908,3,10,1,1,55,820,1487
190903,2,4,1,2,,1,1,3,1,,1909,3,16,1,3,91,1124,3957
191001,1,2,0,2,,1,1,1,1,,1910,1,13,4,5,70,933,2426
191103,1,1,1,2,,1,1,1,1,,1911,3,3,1,1,15,156,646
191205,2,3,1,1,1,1,2,2,1,,1912,5,16,1,3,92,1133,4201
191303,1,3,1,2,,1,1,3,1,,1913,3,28,1,2,162,1904,1534
191402,3,4,2,1,2,1,1,2,1,,1914,2,25,1,1,146,1727,3564
191501,2,4,1,1,2,1,1,4,1,,1915,1,32,1,3,188,2151,1526
191608,1,2,0,2,,2,,2,1,,1916,8,24,4,2,137,1595,1121
191705,3,5,1,1,1,2,,1,1,,1917,5,15,3,5,81,1018,5909
191805,1,3,1,1,1,1,1,3,1,,1918,5,26,1,1,151,1772,2183
191903,2,2,1,2,,1,1,2,1,,1919,3,23,1,6,134,1577,1657
192004,2,5,1,2,,1,1,4,1,,1920,4,13,1,5,74,958,2331
192104,3,4,1,2,,1,1,4,1,,1921,4,8,1,1,44,488,3274
192202,4,7,1,2,,1,1,4,1,,1922,2,4,3,6,20,223,797
192304,2,3,2,2,,1,1,2,1,,1923,4,9,1,4,48,584,3791
192401,4,7,0,2,,1,1,8,1,,1924,1,12,2,6,62,881,1964
192520,1,2,1,2,,2,,1,1,,1925,20,10,2,1,51,767,1281
192601,2,4,1,1,1,1,1,4,1,,1926,1,17,3,5,94,1141,4249
192701,2,4,1,2,,1,1,3,1,,1927,1,24,1,2,138,1601,1592
192805,4,7,2,1,1,1,1,5,1,,1928,5,12,3,6,62,880,3244
192906,1,1,0,2,,2,,3,1,,1929,6,27,4,6,154,1815,2566
193001,3,5,2,1,1,1,1,5,1,,1930,1,31,1,6,183,2119,2058
193103,1,1,1,2,,2,,1,1,,1931,3,17,1,5,97,1176,1281
193204,2,3,1,2,,1,2,2,1,,1932,4,5,1,2,30,351,1464
193302,2,3,1,1,1,1,1,4,1,,1933,2,32,1,3,188,2151,1526
193404,2,3,0,2,,2,,5,1,,1934,4,11,4,3,57,836,4721
193510,1,3,1,2,,2,,2,1,,1935,10,25,2,1,141,1674,2705
193602,2,3,1,1,2,1,1,6,1,,1936,2,3,1,1,17,182,715
193709,1,2,0,1,1,2,,2,1,,1937,9,16,4,3,90,1115,3760
193818,2,3,0,1,1,2,,4,1,,1938,18,13,4,5,70,933,2426
193901,2,4,2,1,1,1,1,2,1,,1939,1,11,1,3,59,866,5308
194002,1,1,0,1,1,2,,4,1,,1940,2,12,4,6,63,888,2579
194119,3,5,1,1,3,1,1,4,1,,1941,19,10,4,1,52,772,1285
194203,3,5,2,1,1,1,1,4,1,,1942,3,30,1,5,176,2070,6162
194310,2,3,1,2,,1,1,7,2,3,1943,10,16,4,3,90,1116,3460
194404,1,3,1,2,,2,,1,1,,1944,4,22,3,3,123,1461,2454
194507,2,3,1,1,1,1,1,2,1,,1945,7,25,2,1,142,1677,2524
194606,3,4,0,2,,2,,3,1,,1946,6,7,4,6,39,455,3338
194705,2,3,1,2,,1,1,5,1,,1947,5,15,1,5,86,1086,8324
194807,1,3,1,2,,2,,2,1,,1948,7,7,4,6,39,455,3338
194905,3,5,1,1,1,1,1,5,1,,1949,5,29,2,5,171,2033,371
195003,1,3,1,2,,1,1,1,1,,1950,3,17,3,5,98,1183,1674
195104,1,2,1,2,,2,,1,1,,1951,4,30,1,5,175,2049,7597
195204,2,3,1,1,1,1,1,4,1,,1952,4,22,1,3,127,1481,2049
195304,2,4,1,1,1,1,1,5,1,,1953,4,5,2,2,29,302,1638
195411,1,2,1,2,,2,,4,1,,1954,11,29,4,5,167,1974,661
195507,3,4,1,1,2,1,1,4,1,,1955,7,2,3,1,7,61,3848
195608,1,2,1,2,,2,,2,1,,1956,8,12,4,6,63,887,2678
195720,1,1,1,2,,2,,2,1,,1957,20,31,4,6,180,2091,2598
195810,1,2,1,2,,2,,2,1,,1958,10,28,4,2,160,1848,1343
195905,1,2,1,2,,2,,1,1,,1959,5,15,3,5,81,1012,22127
196003,2,4,1,1,1,1,1,4,1,,1960,3,5,1,2,29,299,1655
196101,3,4,1,2,,1,1,3,1,,1961,1,30,4,5,173,2042,4624
196214,2,3,1,1,1,2,,3,1,,1962,14,32,3,3,185,2138,1543
196303,2,3,1,2,,2,,4,1,,1963,3,19,2,2,105,1247,2799
196417,1,4,0,2,,2,,3,1,,1964,17,20,4,6,111,1382,3286
196502,3,6,2,1,1,1,1,4,1,,1965,2,22,3,3,123,1460,9149
196607,2,4,1,2,,2,,2,1,,1966,7,5,3,2,26,272,1902
196701,1,1,1,2,,2,,1,1,,1967,1,9,1,4,48,560,5197
196813,2,3,2,2,,2,,6,1,,1968,13,17,3,5,94,1148,943
196917,2,3,1,2,,1,1,2,1,,1969,17,19,2,2,105,1251,2799
197002,4,6,1,1,1,1,1,8,1,,1970,2,19,1,2,108,1367,3017
197103,1,3,1,1,1,1,1,2,1,,1971,3,11,1,3,58,841,5786
197206,3,5,0,2,,1,1,5,1,,1972,6,30,4,5,173,2041,4774
197305,3,5,1,2,,1,1,3,1,,1973,5,9,1,4,50,721,3243
197418,1,3,1,2,,1,1,5,1,,1974,18,27,3,6,153,1813,2357
197511,2,4,0,2,,2,,5,1,,1975,11,7,4,6,39,455,3338
197614,1,3,1,1,1,1,1,2,1,,1976,14,5,2,2,26,274,1433
197703,1,1,1,2,,1,1,3,1,,1977,3,26,1,1,151,1765,2599
197803,4,7,3,1,1,1,1,3,1,,1978,3,16,1,3,92,1129,5118
197913,3,5,1,1,1,1,1,4,1,,1979,13,27,4,6,154,1816,2554
198002,4,8,1,1,1,1,1,2,1,,1980,2,2,1,1,10,117,2757
198104,1,3,1,1,1,1,1,3,1,,1981,4,19,1,2,107,1308,3224
198203,1,1,0,2,,1,1,3,1,,1982,3,27,3,6,153,1806,2589
198304,2,3,1,1,1,2,,4,1,,1983,4,10,4,1,52,768,1450
198405,2,2,2,2,,1,1,2,1,,1984,5,2,1,1,10,97,3525
198506,2,3,1,2,,1,1,1,1,,1985,6,19,2,2,105,1254,2584
198602,3,4,1,2,,1,1,4,1,,1986,2,9,1,4,50,719,3305
198705,2,5,1,2,,1,1,3,1,,1987,5,9,1,4,49,616,4160
198802,1,3,1,1,1,2,,3,1,,1988,2,1,4,3,3,8,1437
198905,3,6,2,1,1,1,1,1,1,,1989,5,30,1,5,177,2082,8379
199002,2,3,1,2,,1,2,3,1,,1990,2,26,1,1,150,1763,2272
199105,3,4,1,2,,1,1,4,1,,1991,5,13,3,5,67,920,1739
199203,3,6,2,1,1,1,1,4,1,,1992,3,32,1,3,190,2167,2292
199301,3,4,2,1,2,1,1,5,1,,1993,1,24,1,2,140,1671,1019
199417,1,1,1,2,,2,,1,1,,1994,17,27,2,6,153,1812,2385
199501,2,4,5,1,1,1,1,3,1,,1995,1,22,1,3,127,1479,1952
199609,1,5,1,1,1,1,2,1,1,,1996,9,5,4,2,28,278,1371
199701,2,4,1,1,1,1,1,1,1,,1997,1,13,1,5,74,954,3012
199803,1,2,1,2,,1,1,3,1,,1998,3,12,1,6,64,891,3190
199913,1,2,0,2,,2,,2,1,,1999,13,12,3,6,61,877,2869
200005,2,3,1,1,1,1,1,3,1,,2000,5,6,1,3,34,404,786
200112,2,5,0,1,1,1,1,7,1,,2001,12,24,2,2,135,1583,1844
200205,4,6,2,1,1,1,1,7,2,3,2002,5,27,4,6,154,1814,2660
200307,1,2,0,2,,1,1,2,1,,2003,7,21,4,5,117,1412,4714
200403,1,2,1,2,,1,1,4,1,,2004,3,22,2,3,126,1476,1687
200503,2,5,2,1,4,1,1,5,2,2,2005,3,19,1,2,106,1276,3217
200613,1,5,1,1,1,1,1,2,1,,2006,13,16,4,3,90,1115,3760
200705,2,4,1,2,,1,1,3,1,,2007,5,29,3,5,169,1979,1077
200803,3,4,1,1,1,1,1,3,1,,2008,3,11,1,3,59,864,5348
200901,2,8,1,2,,1,1,4,2,2,2009,1,16,1,3,92,1136,3408
201002,1,3,1,2,,1,1,1,1,,2010,2,9,1,4,50,704,3500
201105,2,3,1,2,,2,,3,1,,2011,5,7,4,6,39,455,3338
201205,2,3,1,2,,2,,1,1,,2012,5,21,1,5,120,1431,1119
201304,1,1,1,2,,1,1,3,1,,2013,4,6,1,3,34,397,960
201402,3,5,1,1,1,1,1,5,1,,2014,2,1,1,3,5,30,1382
201504,2,3,1,1,1,2,,5,1,,2015,4,28,1,2,162,1865,1818
201613,1,4,1,2,,2,,1,1,,2016,13,32,2,3,185,2141,1249
201703,1,2,1,2,,1,1,1,1,,2017,3,25,1,1,145,1704,2651
201803,4,6,1,1,1,1,1,7,1,,2018,3,9,1,4,49,650,3248
201905,2,4,3,1,2,1,1,2,1,,2019,5,17,1,5,99,1207,1405
202001,2,3,1,2,,1,1,1,1,,2020,1,30,4,5,174,2045,5770
202104,2,4,1,2,,1,1,2,1,,2021,4,26,1,1,151,1782,2050
202203,1,2,1,2,,2,,2,1,,2022,3,9,1,4,48,565,4449
202305,3,5,1,1,1,1,1,5,1,,2023,5,14,1,3,79,994,7315
202403,1,3,0,2,,1,1,2,1,,2024,3,12,4,6,63,882,3147
202519,1,1,1,2,,2,,1,1,,2025,19,12,2,6,62,879,3249
202606,1,2,1,2,,2,,1,1,,2026,6,21,4,5,117,1411,4824
202702,3,5,4,1,1,1,1,3,1,,2027,2,27,3,6,156,1828,1791
202803,1,5,1,1,1,1,1,1,1,,2028,3,19,1,2,108,1356,3220
202907,4,5,0,2,,1,1,7,1,,2029,7,30,4,5,173,2044,4268
203009,2,3,1,2,,2,,2,1,,2030,9,24,3,2,135,1584,1829
203105,2,4,1,1,1,1,1,4,1,,2031,5,11,2,3,58,855,4477
203204,3,5,1,2,,2,,4,1,,2032,4,27,4,6,154,1816,2554
203302,3,6,2,1,2,1,1,4,1,,2033,2,15,1,5,87,1091,13147
203402,3,4,2,1,2,1,1,4,1,,2034,2,16,1,3,92,1128,5229
203505,2,4,1,1,1,1,1,3,1,,2035,5,19,2,2,107,1326,3018
203605,2,3,1,2,,2,,4,1,,2036,5,12,4,6,63,888,2579
203706,1,3,1,1,1,2,,1,1,,2037,6,11,2,3,56,831,4889
203803,1,2,1,2,,1,1,1,1,,2038,3,15,4,5,83,1021,33387
203916,2,4,1,1,1,1,1,3,1,,2039,16,32,4,3,187,2147,1565
204012,2,2,0,2,,2,,3,1,,2040,12,30,4,5,173,2044,4268
204105,2,4,1,2,,1,1,3,1,,2041,5,28,1,2,162,1860,1895
204219,2,4,1,2,,2,,3,1,,2042,19,24,2,2,135,1583,1844
204302,1,3,1,1,1,2,,1,1,,2043,2,4,1,6,24,255,827
204402,2,4,1,2,,1,1,3,1,,2044,2,9,1,4,50,720,3279
204501,2,3,1,1,2,1,1,2,1,,2045,1,23,1,6,134,1580,1129
204602,2,3,1,1,1,2,,4,1,,2046,2,23,1,6,134,1572,2084
204710,2,3,1,1,1,1,1,3,1,,2047,10,26,4,1,149,1741,2121
204804,1,4,0,2,,2,,4,2,2,2048,4,15,2,5,85,1034,13299
204903,1,3,1,2,,1,1,2,1,,2049,3,20,2,6,110,1377,3890
205012,2,4,1,2,,1,2,4,1,,2050,12,25,3,1,141,1675,2587
205104,1,3,1,2,,1,2,1,1,,2051,4,9,1,4,50,743,2710
205203,2,2,1,2,,2,,3,1,,2052,3,28,1,2,162,1887,1655
205303,1,2,1,2,,2,,1,1,,2053,3,11,1,3,59,868,4829
205401,2,3,1,2,,2,,1,1,,2054,1,11,4,3,57,838,3502
205502,2,4,1,2,,1,1,2,1,,2055,2,9,1,4,49,674,1437
205601,1,3,1,2,,1,1,2,1,,2056,1,9,1,4,49,603,5130
205701,1,3,1,2,,1,1,2,1,,2057,1,7,1,6,40,468,3525
205811,1,6,1,1,1,2,,2,1,,2058,11,11,4,3,57,837,4691
205904,3,5,2,1,2,1,1,4,1,,2059,4,14,1,3,80,1000,8284
206001,1,4,2,1,1,1,1,1,1,,2060,1,19,1,2,108,1334,3752
206101,3,3,2,2,,1,2,5,2,2,2061,1,12,1,6,64,893,2857
206203,3,5,1,2,,2,,2,1,,2062,3,13,1,5,72,945,1958
206305,2,3,1,1,1,1,1,4,1,,2063,5,14,1,3,78,973,11411
206410,1,2,1,1,1,2,,2,1,,2064,10,7,3,6,37,442,5052
206503,2,3,1,1,1,1,1,4,1,,2065,3,15,1,5,85,1054,10409
206604,4,5,1,1,1,1,1,4,1,,2066,4,30,2,5,172,2034,31759
206711,2,3,1,2,,2,,4,1,,2067,11,29,2,5,166,1972,586
206801,2,3,1,2,,2,,4,1,,2068,1,31,1,6,183,2114,2129
206905,2,4,3,2,,1,1,2,1,,2069,5,26,1,1,151,1790,1603
207004,2,3,1,1,2,1,1,4,1,,2070,4,24,1,2,139,1644,1209
207102,2,3,1,1,1,2,,4,1,,2071,2,19,4,2,105,1250,2996
207203,2,3,1,1,1,1,1,3,1,,2072,3,17,3,5,94,1141,4249
207305,1,3,0,2,,2,,1,1,,2073,5,21,4,5,117,1412,4714
207405,1,2,1,2,,1,2,1,1,,2074,5,27,3,6,156,1832,1591
207501,2,4,1,1,1,1,2,6,1,,2075,1,26,1,1,150,1747,2700
207604,1,5,1,1,1,2,,4,1,,2076,4,10,4,1,52,772,1285
207701,3,5,2,1,1,2,,5,1,,2077,1,20,4,6,112,1386,3430
207817,1,2,2,2,,2,,5,1,,2078,17,31,3,6,178,2084,2239
207901,2,4,1,2,,1,1,5,1,,2079,1,30,1,5,176,2072,5849
208002,3,5,1,2,,1,1,4,1,,2080,2,2,1,1,10,107,2960
208101,3,6,7,2,,1,1,4,1,,2081,1,24,1,2,138,1616,1116
208205,2,4,1,2,,2,,5,1,,2082,5,15,1,5,85,1061,6128
208303,3,5,2,1,2,1,1,5,1,,2083,3,8,1,1,45,522,3170
208401,2,4,1,2,,1,1,4,1,,2084,1,21,3,5,116,1406,6756
208501,2,3,1,1,1,1,1,4,1,,2085,1,1,2,3,4,13,1363
208604,3,6,1,1,1,1,1,4,1,,2086,4,8,1,1,45,517,3447
208704,2,3,1,1,1,2,,2,1,,2087,4,17,4,5,95,1153,2025
208803,3,6,1,1,1,1,1,6,1,,2088,3,9,1,4,48,589,3580
208905,2,5,1,2,,1,1,3,1,,2089,5,30,2,5,176,2075,5611
209009,2,3,1,1,2,1,1,3,1,,2090,9,25,2,1,142,1676,2626
209112,1,3,2,1,1,1,1,4,1,,2091,12,27,2,6,153,1812,2385
209216,3,4,1,2,,2,,5,1,,2092,16,7,4,6,39,450,4023
209301,2,3,1,1,1,1,1,2,1,,2093,1,9,1,4,48,598,2860
209402,1,1,0,2,,2,,1,1,,2094,2,7,1,6,40,467,3833
209504,1,4,1,1,1,1,1,5,1,,2095,4,24,1,2,139,1643,1214
209602,2,5,1,1,1,1,1,4,1,,2096,2,1,1,3,4,16,1324
209707,3,7,3,1,2,1,1,8,1,,2097,7,30,3,5,172,2037,7808
209818,3,7,3,1,1,1,1,4,1,,2098,18,20,2,6,110,1375,5038
209902,1,1,0,2,,2,,2,1,,2099,2,20,4,6,112,1386,3430
210002,2,3,1,2,,1,1,1,1,,2100,2,2,1,1,10,115,2825
210102,1,2,0,2,,2,,1,1,,2101,2,9,1,4,50,761,1061
210215,4,5,1,2,,2,,6,1,,2102,15,13,2,5,68,927,1392
210303,1,3,1,2,,2,,1,1,,2103,3,24,1,2,140,1664,1280
210401,2,2,1,1,1,1,1,2,1,,2104,1,2,1,1,11,134,2795
210504,2,3,1,2,,1,1,1,1,,2105,4,10,2,1,54,814,1273
210619,3,4,0,2,,2,,4,1,,2106,19,24,4,2,137,1599,1009
210704,2,5,1,1,1,1,1,3,1,,2107,4,9,1,4,50,679,4295
210801,2,4,1,2,,1,1,4,1,,2108,1,27,4,6,155,1820,1502
210902,2,4,1,2,,2,,1,1,,2109,2,28,1,2,163,1929,1755
211002,1,2,1,2,,1,1,2,1,,2110,2,12,1,6,66,910,3312
211115,2,4,1,2,,2,,3,1,,2111,15,18,2,3,100,1213,1488
211204,1,3,1,2,,2,,1,1,,2112,4,9,1,4,49,651,3240
211302,1,2,0,2,,1,2,1,1,,2113,2,9,1,4,49,611,4288
211403,1,2,0,2,,1,1,8,1,,2114,3,12,2,6,61,876,2994
211504,2,4,3,1,2,1,1,3,1,,2115,4,21,2,5,121,1447,1361
211606,3,4,0,1,1,1,2,4,1,,2116,6,24,4,2,137,1598,1015
211713,2,3,1,2,,2,,4,1,,2117,13,3,3,1,12,144,592
211820,2,3,0,2,,1,1,8,1,,2118,20,12,2,6,62,879,3249
211916,2,6,2,1,2,1,1,5,1,,2119,16,25,3,1,141,1673,2778
212004,3,6,2,2,,1,1,5,1,,2120,4,19,1,2,106,1265,3434
212118,1,2,1,2,,2,,3,1,,2121,18,17,4,5,96,1157,995
212218,3,4,1,1,1,1,1,6,1,,2122,18,11,2,3,56,831,4889
212304,2,3,1,1,1,1,1,4,1,,2123,4,1,1,3,6,57,1148
212405,3,6,3,1,1,1,1,3,1,,2124,5,4,1,6,24,254,833
212515,2,3,1,1,1,1,1,6,1,,2125,15,15,3,5,81,1018,5909
212601,1,1,1,2,,2,,4,1,,2126,1,4,2,6,20,224,779
212705,2,3,0,1,1,2,,3,1,,2127,5,29,4,5,169,1984,1177
212801,2,4,2,1,1,1,2,2,1,,2128,1,9,1,4,50,753,1937
212913,3,4,1,2,,1,1,7,1,,2129,13,24,4,2,137,1596,1073
213004,2,2,1,1,1,1,1,3,1,,2130,4,22,1,3,128,1506,2031
213101,4,6,1,2,,1,1,6,1,,2131,1,24,1,2,139,1629,1328
213205,2,5,1,1,1,1,1,4,1,,2132,5,28,1,2,163,1930,1754
213302,2,3,2,2,,2,,1,1,,2133,2,30,2,5,172,2036,7817
213404,2,5,1,1,1,1,1,5,1,,2134,4,9,1,4,49,622,4001
213505,3,4,1,1,1,1,1,5,1,,2135,5,29,2,5,169,2003,1004
213601,2,4,1,2,,1,1,3,1,,2136,1,9,1,4,48,561,4978
213702,1,4,1,1,1,2,,4,1,,2137,2,21,3,5,115,1405,6115
213805,3,7,4,1,2,1,1,5,1,,2138,5,26,1,1,152,1793,2445
213901,3,6,2,1,2,1,1,4,1,,2139,1,14,1,3,80,1000,8284
214002,3,4,1,1,1,1,1,3,1,,2140,2,29,3,5,169,2007,986
214103,1,2,0,2,,2,,3,1,,2141,3,7,4,6,39,451,3817
214203,5,8,2,1,1,1,1,8,1,,2142,3,15,1,5,85,1057,9893
214304,3,5,1,1,2,1,1,3,1,,2143,4,26,1,1,152,1791,2508
214401,2,3,1,1,1,2,,3,1,,2144,1,16,1,3,91,1120,4396
214504,1,1,0,2,,2,,2,1,,2145,4,29,3,5,169,1983,1189
214602,1,3,1,2,,1,1,2,1,,2146,2,5,1,2,30,358,1424
214705,3,5,1,1,1,1,1,4,2,2,2147,5,3,1,1,15,156,646
214817,2,4,2,1,1,1,1,5,1,,2148,17,4,3,6,19,220,797
214901,2,4,1,1,1,1,1,1,1,,2149,1,17,4,5,96,1155,3604
215003,1,5,2,1,1,1,1,1,1,,2150,3,19,2,2,107,1296,3884
215104,3,5,1,1,1,1,1,2,1,,2151,4,1,1,3,5,36,1258
215219,2,3,1,1,1,1,1,3,1,,2152,19,30,3,5,172,2038,7808
215301,2,4,1,1,1,1,1,4,1,,2153,1,1,1,3,6,47,1535
215401,2,3,1,1,1,1,1,5,1,,2154,1,1,4,3,3,7,1634
215506,2,4,1,2,,1,1,3,1,,2155,6,25,4,1,143,1678,2442
215612,2,3,1,2,,1,1,5,1,,2156,12,28,3,2,159,1844,2105
215701,2,2,1,2,,1,1,1,1,,2157,1,31,1,6,182,2109,1788
215821,3,4,1,1,1,2,,2,1,,2158,21,13,4,5,70,932,2540
215904,1,4,1,1,1,1,1,1,1,,2159,4,9,1,4,48,561,4978
216003,3,4,1,2,,1,1,2,1,,2160,3,11,4,3,57,837,4691
216104,3,6,2,2,,1,1,4,1,,2161,4,5,1,2,30,361,1361
216205,2,4,1,1,1,1,2,4,1,,2162,5,5,1,2,30,355,1437
216301,1,1,0,2,,2,,1,1,,2163,1,22,1,3,126,1478,1530
216412,3,4,2,1,1,1,1,4,1,,2164,12,16,2,3,88,1106,5935
216520,3,4,2,1,1,2,,5,1,,2165,20,16,4,3,90,1114,10379
216610,1,3,1,1,1,1,1,6,1,,2166,10,11,3,3,56,830,5624
216701,2,2,1,1,1,1,1,4,1,,2167,1,15,1,5,85,1057,9893
216815,2,4,1,2,,1,1,7,1,,2168,15,19,2,2,105,1252,2794
216902,1,4,3,1,1,1,1,1,1,,2169,2,1,1,3,5,38,1166
217015,1,3,1,1,1,1,1,1,1,,2170,15,14,4,3,77,969,10589
217118,2,4,1,2,,2,,5,1,,2171,18,13,4,5,71,937,2578
217203,1,4,2,1,1,1,1,1,1,,2172,3,29,3,5,170,2016,1163
217301,2,3,2,1,3,1,1,1,1,,2173,1,3,3,1,12,144,592
217405,3,5,1,1,1,1,1,3,1,,2174,5,9,1,4,49,660,3083
217504,1,1,1,2,,2,,2,1,,2175,4,7,1,6,40,468,3525
217604,4,5,2,2,,1,1,4,1,,2176,4,30,2,5,175,2058,5680
217701,2,4,1,2,,1,1,4,1,,2177,1,24,1,2,138,1612,1244
217804,1,5,1,2,,1,1,2,1,,2178,4,12,1,6,65,906,1434
217903,3,4,2,1,1,1,1,4,1,,2179,3,5,1,2,31,369,1966
218003,1,2,1,2,,1,1,5,1,,2180,3,30,1,5,175,2056,5762
218103,2,3,2,2,,1,1,3,1,,2181,3,4,1,6,23,242,779
218208,2,4,1,1,1,1,1,5,1,,2182,8,1,4,3,3,8,1437
218315,2,5,1,2,,1,1,3,1,,2183,15,7,2,6,38,445,7240
218401,1,3,1,2,,1,1,2,1,,2184,1,13,3,5,67,921,1645
218502,2,4,1,2,,1,1,2,1,,2185,2,9,1,4,49,670,2177
218606,2,2,1,1,1,1,1,4,1,,2186,6,28,3,2,159,1842,2431
218701,1,3,1,2,,2,,1,1,,2187,1,22,4,3,125,1468,1809
218806,2,3,1,1,1,1,1,4,1,,2188,6,22,3,3,123,1461,2454
218907,2,5,1,2,,2,,2,1,,2189,7,13,4,5,70,931,3702
219003,2,3,1,2,,1,1,7,1,,2190,3,4,1,6,22,232,413
219105,2,4,1,1,2,1,1,5,1,,2191,5,26,1,1,151,1785,2005
219211,1,2,0,2,,2,,5,1,,2192,11,30,4,5,173,2040,4785
219303,2,4,1,2,,1,1,4,1,,2193,3,10,1,1,54,807,1316
219416,2,3,1,2,,1,1,5,1,,2194,16,19,2,2,105,1252,2794
219501,3,5,2,2,,1,1,3,1,,2195,1,2,1,1,10,121,2435
219603,1,2,1,2,,1,1,2,1,,2196,3,17,1,5,97,1181,303
219703,1,4,1,1,1,1,1,3,1,,2197,3,24,1,2,139,1643,1214
219813,2,4,1,2,,1,1,2,1,,2198,13,27,3,6,153,1809,2602
219912,1,6,1,2,,1,1,1,1,,2199,12,5,2,2,26,273,1479
220002,1,4,2,1,2,1,1,4,1,,2200,2,19,1,2,108,1334,3752
220101,2,5,1,1,2,1,1,4,1,,2201,1,28,2,2,163,1912,2112
220212,2,4,2,1,1,1,1,5,1,,2202,12,21,4,5,117,1413,3844
220311,1,2,1,2,,1,1,4,1,,2203,11,6,2,3,32,392,627
220413,4,7,2,1,1,1,1,4,1,,2204,13,32,3,3,186,2143,1518
220501,3,7,2,1,3,1,1,3,1,,2205,1,5,1,2,31,370,1942
220620,3,5,2,1,3,1,1,3,1,,2206,20,3,2,1,13,147,488
220705,2,5,0,1,1,2,,3,1,,2207,5,18,4,3,101,1219,985
220801,2,3,1,2,,1,1,4,1,,2208,1,31,1,6,183,2117,2111
220903,3,6,1,1,1,1,1,4,1,,2209,3,17,3,5,94,1145,3653
221004,4,5,4,1,1,1,1,5,1,,2210,4,19,2,2,105,1252,2794
221103,2,3,1,1,1,2,,3,1,,2211,3,5,1,2,29,289,1728
221204,2,4,1,1,1,2,,2,1,,2212,4,5,1,2,29,306,1608
221304,1,2,2,2,,2,,3,1,,2213,4,22,4,3,125,1468,1809
221411,5,6,2,1,2,1,1,7,1,,2214,11,17,4,5,96,1156,1044
221514,1,3,1,2,,2,,2,1,,2215,14,13,3,5,67,922,1613
221608,1,2,0,2,,2,,5,1,,2216,8,20,4,6,111,1380,3726
221704,1,2,1,1,2,1,1,2,1,,2217,4,3,1,1,17,190,665
221803,2,3,1,2,,2,,2,1,,2218,3,8,1,1,44,513,2427
221905,2,3,1,1,1,2,,1,1,,2219,5,6,2,3,32,393,610
222001,2,3,1,1,2,1,1,3,1,,2220,1,3,1,1,18,204,757
222112,3,4,1,2,,1,2,4,1,,2221,12,6,4,3,33,395,576
222203,2,3,0,2,,1,1,4,1,,2222,3,9,1,4,48,566,4433
222301,1,3,1,2,,2,,1,1,,2223,1,27,3,6,153,1809,2602
222401,3,6,2,1,1,1,1,3,1,,2224,1,30,1,5,176,2076,5579
222503,1,1,2,2,,2,,1,1,,2225,3,12,1,6,65,902,2813
222605,1,2,1,2,,1,2,4,1,,2226,5,29,2,5,169,1998,1037
222701,4,8,2,1,3,1,1,10,1,,2227,1,26,1,1,151,1778,2117
222802,2,4,2,1,2,1,1,4,1,,2228,2,4,1,6,23,240,801
222907,1,1,0,1,1,2,,2,1,,2229,7,32,3,3,185,2140,1353
223001,1,4,1,1,2,1,1,3,1,,2230,1,10,1,1,54,805,1316
223117,3,5,1,1,1,1,1,4,1,,2231,17,32,4,3,187,2144,1720
223201,2,3,0,2,,2,,4,1,,2232,1,11,1,3,58,850,4776
223305,1,4,3,2,,1,1,1,1,,2233,5,18,1,3,103,1237,1027
223416,3,4,1,1,1,1,1,6,1,,2234,16,15,3,5,81,1018,5909
223501,3,5,1,2,,2,,6,1,,2235,1,4,3,6,19,220,797
223618,2,3,1,2,,2,,2,1,,2236,18,20,4,6,111,1379,3848
223705,1,1,1,1,1,1,1,4,1,,2237,5,17,2,5,94,1150,835
223811,2,4,2,2,,2,,3,1,,2238,11,27,4,6,155,1822,916
223905,4,5,0,2,,2,,3,1,,2239,5,7,1,6,40,457,4832
224005,2,3,1,2,,1,1,4,1,,2240,5,1,1,3,4,19,1284
224105,2,3,2,2,,1,1,2,1,,2241,5,28,1,2,163,1920,1850
224204,2,4,1,1,1,1,1,6,1,,2242,4,14,1,3,80,1007,6826
224305,1,3,2,2,,1,1,1,1,,2243,5,16,4,3,90,1116,3460
224405,2,4,2,2,,1,1,3,1,,2244,5,1,1,3,4,12,1381
224516,1,2,0,2,,2,,3,1,,2245,16,20,3,6,109,1374,2508
224602,1,1,0,2,,1,1,3,1,,2246,2,9,1,4,48,592,3525
224716,3,4,1,1,2,1,1,5,1,,2247,16,16,4,3,90,1117,3299
224808,5,7,2,1,2,2,,10,1,,2248,8,2,3,1,7,61,3848
224920,1,3,1,2,,2,,1,1,,2249,20,11,4,3,57,837,4691
225005,3,5,2,1,1,1,1,4,1,,2250,5,3,1,1,17,195,620
225104,1,4,2,1,1,1,1,2,1,,2251,4,9,1,4,49,631,3756
225205,2,3,1,1,1,1,1,2,1,,2252,5,2,1,1,9,72,3214
225302,1,2,1,2,,1,1,2,1,,2253,2,15,1,5,87,1094,12086
225408,1,3,1,2,,1,2,5,1,,2254,8,13,4,5,71,939,2376
225506,4,5,2,2,,1,1,5,1,,2255,6,9,4,4,47,557,672
225601,1,3,1,2,,1,1,1,1,,2256,1,14,2,3,75,961,16402
225705,2,3,2,1,2,1,1,3,1,,2257,5,1,3,3,2,5,1680
225802,2,3,1,2,,1,1,3,1,,2258,2,9,1,4,49,646,3384
225901,1,2,1,1,1,1,1,2,1,,2259,1,14,3,3,75,964,4181
226004,4,5,1,2,,2,,3,1,,2260,4,22,2,3,126,1476,1687
226101,1,1,1,2,,2,,3,1,,2261,1,21,1,5,119,1418,3737
226208,3,5,1,1,1,1,1,3,1,,2262,8,26,3,1,147,1735,2939
226317,1,2,0,2,,1,1,4,1,,2263,17,7,4,6,39,454,3356
226418,2,2,0,1,2,1,1,4,1,,2264,18,2,4,1,8,62,1927
226503,2,4,1,2,,1,1,2,1,,2265,3,9,1,4,49,674,1437
226604,2,5,2,1,1,1,1,5,1,,2266,4,19,1,2,106,1261,3630
226713,1,4,1,1,1,1,1,4,1,,2267,13,31,2,6,179,2087,1839
226820,1,2,1,1,1,1,1,2,1,,2268,20,16,3,3,88,1107,4964
226901,1,4,0,2,,2,,1,1,,2269,1,17,4,5,96,1157,995
227001,2,4,2,1,1,1,1,2,1,,2270,1,27,3,6,153,1806,2589
227103,1,1,1,2,,1,2,4,1,,2271,3,20,1,6,113,1395,2979
227212,2,3,1,1,1,2,,3,1,,2272,12,18,4,3,101,1216,1115
227304,3,4,2,1,2,1,2,5,1,,2273,4,6,1,3,34,407,744
227403,1,2,1,1,1,1,1,4,1,,2274,3,4,1,6,25,267,868
227504,2,4,1,2,,2,,4,1,,2275,4,15,1,5,86,1088,4697
227604,2,3,1,1,1,1,1,2,1,,2276,4,2,1,1,9,71,3257
227706,1,3,0,2,,2,,1,1,,2277,6,16,4,3,90,1115,3760
227805,1,2,1,2,,1,1,2,1,,2278,5,31,1,6,182,2096,2228
227905,3,5,2,1,2,1,1,3,1,,2279,5,3,1,1,17,181,724
228018,4,6,1,2,,1,1,9,2,3,2280,18,16,2,3,88,1109,4626
228101,2,5,2,1,3,1,1,2,1,,2281,1,28,1,2,163,1946,1610
228202,2,2,1,2,,1,1,3,1,,2282,2,7,1,6,41,474,4176
228304,3,5,2,1,1,1,1,5,1,,2283,4,1,1,3,6,59,1038
228410,2,2,0,1,1,2,,3,1,,2284,10,12,4,6,63,885,2839
228505,2,2,3,2,,2,,3,1,,2285,5,23,1,6,134,1576,1773
228605,3,8,2,2,,1,1,3,1,,2286,5,17,1,5,97,1178,1181
228704,2,4,1,1,2,1,1,3,1,,2287,4,29,2,5,168,1977,1561
228813,4,5,0,2,,1,2,2,1,,2288,13,24,4,2,136,1591,1218
228908,2,3,1,2,,2,,4,1,,2289,8,10,2,1,51,767,1281
229020,1,2,0,2,,2,,3,1,,2290,20,7,4,6,39,452,3699
229105,3,5,2,1,1,1,1,8,1,,2291,5,14,1,3,78,979,9207
229202,4,5,4,1,1,1,1,3,1,,2292,2,30,1,5,175,2063,5171
229303,2,4,1,2,,1,1,1,1,,2293,3,13,3,5,69,930,1984
229420,2,3,1,1,1,1,1,3,1,,2294,20,21,2,5,116,1407,6595
229504,2,3,1,1,1,2,,5,1,,2295,4,5,2,2,29,286,1769
229609,2,4,0,1,1,1,1,5,1,,2296,9,24,4,2,136,1589,1281
229703,3,5,2,1,1,1,1,1,1,,2297,3,13,1,5,74,954,3012
229804,2,3,1,1,1,1,1,4,1,,2298,4,24,1,2,138,1618,1029
229901,2,3,1,2,,1,1,4,1,,2299,1,17,2,5,98,1186,1470
230012,2,4,1,2,,1,1,4,1,,2300,12,19,3,2,105,1255,1919
230102,1,2,1,2,,2,,2,1,,2301,2,9,1,4,49,665,2914
230212,1,4,1,1,1,1,1,3,1,,2302,12,10,3,1,51,766,1365
230301,1,1,0,2,,1,1,2,1,,2303,1,29,2,5,169,1990,1105
230403,2,4,1,1,1,1,1,3,1,,2304,3,6,1,3,36,436,671
230512,2,3,1,2,,2,,2,1,,2305,12,18,4,3,101,1219,985
230605,2,2,1,2,,1,1,2,1,,2306,5,8,1,1,44,488,3274
230703,5,9,1,2,,1,1,8,1,,2307,3,13,3,5,67,920,1739
230812,1,2,0,2,,1,1,2,1,,2308,12,23,4,6,130,1516,1778
230903,2,3,1,1,1,1,1,2,1,,2309,3,23,1,6,132,1558,858
231005,1,4,1,1,1,2,,2,1,,2310,5,9,1,4,49,607,4573
231103,4,7,3,1,2,1,1,3,1,,2311,3,12,2,6,62,881,1964
231203,2,4,1,2,,1,1,7,1,,2312,3,14,3,3,75,964,4181
231302,2,4,1,2,,1,1,2,1,,2313,2,24,1,2,138,1604,1399
231404,3,5,1,1,1,1,1,4,1,,2314,4,9,1,4,49,677,1008
231519,1,3,1,2,,1,1,3,1,,2315,19,32,2,3,185,2141,1249
231603,1,6,1,1,1,1,1,1,1,,2316,3,5,2,2,30,365,1327
231707,3,5,2,1,1,1,1,4,1,,2317,7,18,2,3,100,1209,1651
231805,2,4,1,1,2,1,1,4,1,,2318,5,19,1,2,106,1256,3877
231901,2,7,1,1,1,2,,2,1,,2319,1,1,1,3,5,36,1258
232004,1,2,1,2,,1,1,2,1,,2320,4,28,1,2,162,1864,1822
232102,2,3,1,2,,2,,2,1,,2321,2,26,1,1,151,1781,2099
232216,1,4,0,2,,2,,1,1,,2322,16,24,4,2,136,1591,1218
232301,4,6,2,2,,1,1,2,1,,2323,1,9,1,4,49,668,2665
232404,2,3,1,2,,1,1,5,1,,2324,4,1,1,3,4,25,1165
232505,2,4,1,2,,1,1,2,1,,2325,5,4,1,6,23,247,721
232602,1,5,2,1,2,1,1,2,1,,2326,2,2,1,1,11,129,2991
232720,1,3,1,2,,2,,1,1,,2327,20,5,2,2,27,275,1555
232803,1,3,1,2,,2,,1,1,,2328,3,13,4,5,70,931,3702
232904,2,3,2,2,,2,,4,1,,2329,4,16,1,3,92,1134,4164
233005,2,8,2,2,,1,1,2,1,,2330,5,7,1,6,41,476,4074
233104,1,2,1,1,1,1,1,3,1,,2331,4,28,1,2,162,1894,1604
233203,2,3,1,1,1,1,1,1,1,,2332,3,26,1,1,151,1783,2043
233302,3,4,1,1,1,1,1,2,1,,2333,2,11,2,3,56,831,4889
233403,3,4,1,2,,2,,3,1,,2334,3,10,1,1,54,812,1291
233505,3,6,2,1,2,1,1,7,1,,2335,5,26,1,1,152,1792,2468
233604,7,8,1,1,1,1,1,8,1,,2336,4,24,1,2,138,1616,1116
233715,1,4,1,1,1,1,1,2,1,,2337,15,25,3,1,141,1675,2587
233802,2,4,1,1,1,1,1,5,1,,2338,2,28,1,2,162,1858,1927
233904,2,3,1,2,,1,1,3,1,,2339,4,27,3,6,153,1809,2602
234006,2,2,1,2,,2,,2,1,,2340,6,21,4,5,118,1415,5024
234104,4,5,2,1,2,1,1,8,1,,2341,4,2,1,1,9,93,2149
234211,2,2,1,1,2,1,1,5,1,,2342,11,26,3,1,147,1735,2939
234305,1,2,1,2,,2,,2,1,,2343,5,2,1,1,9,73,3206
234419,2,3,0,2,,1,1,1,1,,2344,19,10,4,1,52,769,1449
234505,3,4,1,1,1,1,1,6,1,,2345,5,6,1,3,35,423,794
234605,3,5,3,1,1,1,1,4,1,,2346,5,9,1,4,50,756,1305
234704,2,5,2,1,2,1,1,2,1,,2347,4,16,1,3,92,1130,4767
234801,1,6,2,1,2,2,,2,1,,2348,1,28,1,2,162,1905,1472
234915,1,3,1,2,,2,,2,1,,2349,15,28,3,2,159,1842,2431
235002,3,5,1,1,1,1,1,3,1,,2350,2,3,1,1,17,198,590
235105,1,2,0,2,,2,,3,1,,2351,5,21,4,5,117,1413,3844
235204,2,4,1,1,1,2,,4,1,,2352,4,24,1,2,139,1619,1656
235303,2,4,1,2,,2,,2,1,,2353,3,5,4,2,29,285,1791
235405,2,3,1,2,,1,1,1,1,,2354,5,2,1,1,10,96,3718
235503,2,4,1,1,1,1,1,3,1,,2355,3,26,1,1,151,1766,2503
235606,1,2,1,2,,2,,1,1,,2356,6,15,3,5,81,1017,6441
235719,3,6,2,1,1,1,2,2,1,,2357,19,21,4,5,118,1415,5024
235802,2,3,1,1,1,1,1,4,1,,2358,2,24,1,2,139,1631,1302
235902,5,7,2,1,1,1,1,7,2,2,2359,2,6,2,3,32,392,627
236002,3,5,2,1,1,1,1,3,1,,2360,2,28,2,2,162,1893,1611
236101,2,4,2,1,1,1,1,4,1,,2361,1,19,2,2,108,1339,3400
236214,2,5,1,1,2,1,1,2,1,,2362,14,31,2,6,179,2087,1839
236303,3,6,1,1,1,1,1,1,1,,2363,3,10,1,1,53,792,1205
236405,3,5,1,1,3,1,1,3,1,,2364,5,8,1,1,45,526,3056
236505,2,4,1,1,1,2,,2,1,,2365,5,5,1,2,30,334,1560
236617,2,4,1,1,1,1,1,3,1,,2366,17,31,2,6,179,2090,1761
236703,1,2,1,1,1,1,1,5,1,,2367,3,1,4,3,3,7,1634
236802,2,3,1,2,,1,1,1,1,,2368,2,31,1,6,183,2124,1891
236903,2,4,1,1,1,1,1,3,1,,2369,3,26,1,1,151,1774,2152
237002,1,2,0,2,,1,1,6,1,,2370,2,9,1,4,48,587,3640
237105,2,4,1,1,1,1,1,3,1,,2371,5,8,1,1,44,513,2427
237202,4,8,2,1,1,1,1,4,1,,2372,2,5,2,2,27,276,1431
237317,4,5,1,2,,1,1,5,1,,2373,17,13,2,5,68,927,1392
237403,2,4,1,2,,1,1,5,1,,2374,3,9,1,4,49,620,4040
237504,2,4,1,2,,1,1,2,1,,2375,4,2,1,1,11,124,3086
237607,3,7,2,1,2,1,1,4,1,,2376,7,5,2,2,27,275,1555
237708,2,3,0,2,,2,,5,1,,2377,8,7,4,6,39,451,3817
237804,1,2,0,2,,1,1,4,1,,2378,4,5,1,2,30,333,1615
237903,1,2,1,2,,1,1,1,1,,2379,3,6,1,3,34,409,731
238005,1,3,1,2,,1,2,1,1,,2380,5,19,1,2,107,1325,3020
238104,3,6,1,1,1,1,1,4,1,,2381,4,5,1,2,31,374,1832
238204,4,6,2,1,1,1,1,5,1,,2382,4,24,1,2,138,1613,1193
238304,3,5,1,1,2,1,1,3,1,,2383,4,2,1,1,10,108,2939
238405,1,1,0,2,,1,1,3,1,,2384,5,30,2,5,172,2034,31759
238503,5,11,2,1,2,1,1,2,1,,2385,3,1,1,3,5,29,1442
238603,2,3,1,2,,2,,3,1,,2386,3,21,1,5,120,1426,4969
238703,3,5,2,2,,1,1,4,1,,2387,3,17,3,5,94,1142,4197
238802,2,7,1,1,1,1,1,2,1,,2388,2,15,1,5,86,1068,12827
238905,1,1,1,2,,2,,1,1,,2389,5,26,1,1,150,1762,2283
239003,4,7,3,1,2,1,1,5,1,,2390,3,12,1,6,66,908,3730
239105,2,5,1,1,1,2,,2,1,,2391,5,22,3,3,123,1461,2454
239203,1,1,1,1,2,1,1,5,1,,2392,3,28,1,2,163,1911,2124
239318,2,6,1,1,1,1,1,2,1,,2393,18,31,2,6,179,2087,1839
239404,3,6,2,1,1,1,1,2,1,,2394,4,24,1,2,139,1623,1392
239506,1,3,1,2,,1,1,2,1,,2395,6,7,4,6,39,448,4578
239601,2,3,1,1,2,1,1,4,1,,2396,1,3,1,1,17,191,653
239703,2,3,1,2,,1,1,2,1,,2397,3,30,1,5,175,2060,5357
239804,2,4,2,2,,2,,3,1,,2398,4,26,1,1,150,1750,2617
239913,1,3,1,2,,2,,2,1,,2399,13,32,3,3,185,2138,1543
240004,3,5,2,1,2,1,1,5,1,,2400,4,28,1,2,163,1919,1877
240105,2,3,1,1,4,1,1,3,1,,2401,5,2,1,1,10,121,2435
240220,2,3,0,2,,1,1,4,1,,2402,20,7,4,6,39,450,4023
240316,3,4,0,1,1,1,2,4,1,,2403,16,21,4,5,118,1414,5277
240402,1,6,1,2,,2,,1,1,,2404,2,24,1,2,140,1657,1429
240502,1,2,1,2,,2,,2,1,,2405,2,9,1,4,49,642,3521
240602,1,3,1,1,1,2,,2,1,,2406,2,24,1,2,138,1605,1367
240703,2,2,1,2,,1,1,2,1,,2407,3,21,1,5,121,1437,4489
240804,1,3,1,1,1,1,1,2,1,,2408,4,32,4,3,187,2144,1720
240903,1,3,1,2,,2,,2,1,,2409,3,27,4,6,154,1816,2554
241015,2,3,1,2,,2,,1,1,,2410,15,26,4,1,149,1740,2152
241109,2,4,1,1,1,2,,1,1,,2411,9,14,4,3,77,969,10589
241203,1,4,2,1,1,1,1,2,1,,2412,3,9,1,4,50,760,1073
241301,2,6,1,2,,1,1,2,1,,2413,1,25,1,1,144,1692,2663
241405,1,2,1,1,1,2,,4,1,,2414,5,10,1,1,53,776,1350
241504,1,3,1,2,,2,,1,1,,2415,4,6,1,3,34,406,759
241604,1,3,1,2,,2,,1,1,,2416,4,18,1,3,103,1234,1068
241705,2,4,1,1,1,1,1,6,1,,2417,5,26,4,1,149,1741,2121
241801,1,4,1,1,1,1,1,2,1,,2418,1,15,1,5,87,1096,11554
241905,1,3,1,2,,1,1,1,1,,2419,5,15,1,5,86,1085,9385
242014,1,1,0,2,,2,,2,1,,2420,14,4,4,6,21,227,882
242101,2,3,2,1,1,1,1,3,1,,2421,1,11,1,3,59,861,5503
242201,1,4,1,2,,1,1,2,1,,2422,1,22,1,3,128,1503,2164
242303,1,2,1,2,,1,1,3,1,,2423,3,5,2,2,26,274,1433
242402,2,4,2,1,1,2,,2,1,,2424,2,10,3,1,51,765,1494
242502,1,1,1,2,,1,1,2,1,,2425,2,14,1,3,78,981,8739
242605,1,2,1,1,1,1,1,5,1,,2426,5,23,1,6,132,1554,1316
242715,1,6,3,1,2,1,1,3,1,,2427,15,32,3,3,186,2143,1518
242802,2,3,1,2,,1,1,1,1,,2428,2,23,1,6,132,1538,1693
242911,3,4,1,2,,1,1,4,1,,2429,11,12,4,6,63,888,2579
243007,3,5,1,1,1,1,2,6,2,2,2430,7,13,3,5,67,920,1739
243101,3,5,1,2,,1,1,5,1,,2431,1,27,3,6,153,1808,2893
243205,2,4,1,2,,2,,1,1,,2432,5,12,1,6,64,891,3190
243301,2,4,1,1,1,1,1,2,1,,2433,1,17,1,5,99,1203,1638
243402,2,4,2,1,1,1,1,2,1,,2434,2,5,1,2,31,381,1786
243512,4,5,1,2,,1,1,2,1,,2435,12,15,3,5,81,1017,6441
243605,3,5,1,2,,1,1,5,1,,2436,5,5,1,2,30,328,1671
243703,3,4,2,1,1,1,1,5,2,2,2437,3,6,1,3,35,421,807
243805,1,3,2,2,,1,1,3,1,,2438,5,7,1,6,41,478,3417
243901,3,5,1,2,,1,1,3,1,,2439,1,4,1,6,24,257,781
244004,3,6,2,1,1,1,1,3,1,,2440,4,1,1,3,5,29,1442
244115,2,3,0,2,,2,,3,1,,2441,15,12,3,6,61,877,2869
244206,2,4,0,2,,2,,4,2,2,2442,6,20,2,6,110,1377,3890
244313,1,4,1,2,,1,1,1,1,,2443,13,26,2,1,148,1739,2513
244404,1,3,1,2,,1,1,2,1,,2444,4,17,1,5,97,1169,1663
244502,1,3,1,1,2,1,1,3,1,,2445,2,19,1,2,106,1271,3317
244618,2,3,2,2,,2,,2,1,,2446,18,31,3,6,178,2086,1819
244704,2,3,2,2,,1,1,1,1,,2447,4,20,2,6,113,1389,3090
244801,1,4,1,2,,1,1,1,1,,2448,1,17,2,5,97,1174,1500
244910,3,3,3,1,1,2,,6,1,,2449,10,7,3,6,38,446,6693
245001,3,5,1,2,,1,1,4,1,,2450,1,9,1,4,48,590,3550
245115,1,2,0,2,,2,,2,1,,2451,15,18,3,3,100,1210,1538
245205,1,4,1,1,2,1,1,4,1,,2452,5,5,1,2,31,380,1789
245302,2,4,1,1,1,1,1,2,1,,2453,2,31,1,6,182,2100,2028
245405,1,3,1,2,,1,2,1,1,,2454,5,9,1,4,49,617,4132
245516,1,1,0,2,,2,,1,1,,2455,16,17,3,5,94,1148,943
245602,3,4,1,1,1,1,1,4,1,,2456,2,11,2,3,58,855,4477
245717,2,3,1,2,,1,1,3,1,,2457,17,10,3,1,51,766,1365
245810,1,2,1,2,,1,1,2,1,,2458,10,26,3,1,147,1735,2939
245902,2,3,2,2,,1,1,4,1,,2459,2,6,1,3,34,405,769
246004,6,9,0,1,1,1,1,12,1,,2460,4,11,1,3,58,853,4672
246102,2,3,1,2,,1,1,4,1,,2461,2,26,1,1,150,1746,2719
246204,2,4,1,1,1,1,1,4,1,,2462,4,9,1,4,49,672,1906
246313,1,4,1,1,1,1,1,4,1,,2463,13,16,4,3,90,1114,10379
246405,1,7,1,2,,2,,1,1,,2464,5,19,1,2,106,1279,3185
246504,3,5,2,1,1,1,1,4,1,,2465,4,15,1,5,85,1059,9177
246602,2,3,1,2,,2,,2,1,,2466,2,1,2,3,4,17,1290
246703,1,3,1,2,,1,1,2,1,,2467,3,9,1,4,50,726,3103
246802,1,2,0,2,,2,,4,1,,2468,2,17,4,5,96,1157,995
246905,3,4,1,2,,1,1,3,1,,2469,5,9,1,4,49,604,4983
247003,2,4,1,1,1,1,1,3,1,,2470,3,9,1,4,48,558,6076
247109,1,3,1,1,1,1,1,7,1,,2471,9,25,4,1,143,1682,2124
247219,2,3,1,2,,2,,2,1,,2472,19,10,4,1,52,770,1405
247302,3,5,2,1,2,1,1,5,1,,2473,2,22,1,3,127,1492,1817
247403,3,4,1,2,,1,1,5,1,,2474,3,24,1,2,139,1640,1251
247504,2,4,2,1,1,1,1,1,1,,2475,4,3,1,1,18,205,752
247602,1,4,1,2,,1,1,1,1,,2476,2,5,1,2,29,290,1726
247705,2,4,1,1,1,1,1,5,1,,2477,5,19,2,2,106,1277,3200
247805,2,3,1,1,1,1,1,2,1,,2478,5,23,1,6,133,1562,1817
247904,1,2,1,2,,1,1,5,1,,2479,4,8,1,1,45,520,3304
248006,1,3,2,1,1,1,1,2,1,,2480,6,4,3,6,20,223,797
248105,2,3,0,2,,2,,4,1,,2481,5,24,4,2,136,1589,1281
248210,2,3,1,1,1,1,1,5,1,,2482,10,10,4,1,52,773,1281
248304,1,2,1,1,1,1,1,5,1,,2483,4,28,1,2,162,1892,1614
248406,2,3,0,2,,2,,2,1,,2484,6,24,4,2,136,1589,1281
248505,1,3,1,1,1,1,1,3,1,,2485,5,28,1,2,163,1941,1704
248610,2,2,1,2,,2,,1,1,,2486,10,28,4,2,160,1847,1348
248705,3,4,2,1,1,1,1,4,1,,2487,5,6,1,3,35,414,927
248816,1,3,1,2,,2,,1,1,,2488,16,11,2,3,56,833,4741
248910,2,5,1,1,2,1,1,2,1,,2489,10,30,4,5,174,2048,4995
249004,2,3,1,2,,1,1,3,1,,2490,4,23,1,6,132,1543,1579
249105,3,4,2,1,1,1,1,4,1,,2491,5,24,1,2,140,1660,1407
249201,2,4,2,1,2,1,1,3,1,,2492,1,28,1,2,163,1925,1801
249303,3,6,1,2,,2,,1,1,,2493,3,8,1,1,45,526,3056
249410,5,6,2,1,4,1,1,6,1,,2494,10,14,4,3,77,970,8757
249506,3,4,2,2,,1,2,2,1,,2495,6,12,3,6,61,878,2843
249614,1,3,0,2,,2,,3,1,,2496,14,8,4,1,43,485,1975
249715,1,3,1,1,1,2,,1,1,,2497,15,19,2,2,105,1253,2656
249804,2,5,2,2,,1,1,2,1,,2498,4,28,1,2,162,1879,1697
249903,1,2,1,2,,1,2,2,1,,2499,3,9,1,4,50,697,3527
250002,2,3,1,2,,1,1,3,1,,2500,2,6,2,3,32,390,691
250104,3,4,1,2,,1,1,8,1,,2501,4,14,1,3,78,984,6236
250202,2,3,1,2,,1,1,4,1,,2502,2,19,1,2,107,1313,3148
250302,2,3,1,2,,1,1,2,1,,2503,2,17,4,5,95,1153,2025
250405,3,5,1,2,,1,1,3,1,,2504,5,13,1,5,73,953,2147
250502,2,3,1,1,1,1,1,4,1,,2505,2,10,2,1,55,825,1318
250603,1,3,2,1,1,1,1,4,1,,2506,3,22,3,3,126,1475,1858
250703,1,6,1,2,,1,2,2,1,,2507,3,5,2,2,26,271,5495
250805,3,4,1,2,,1,1,5,1,,2508,5,31,1,6,183,2113,2189
250901,3,6,2,2,,1,1,8,1,,2509,1,2,1,1,9,76,3158
251003,2,3,1,2,,1,1,3,1,,2510,3,4,1,6,24,255,827
251101,2,3,1,1,1,1,1,3,1,,2511,1,6,1,3,36,437,666
251214,2,5,1,1,1,1,1,4,1,,2512,14,16,4,3,90,1115,3760
251304,1,2,1,1,1,1,1,1,1,,2513,4,2,1,1,9,84,2880
251403,1,3,1,2,,2,,1,1,,2514,3,2,1,1,10,115,2825
251517,3,6,2,1,4,1,1,4,1,,2515,17,28,3,2,159,1842,2431
251604,2,3,1,1,2,1,1,4,1,,2516,4,5,1,2,30,330,1652
251705,2,3,1,2,,1,1,3,1,,2517,5,5,4,2,29,285,1791
251803,2,4,1,1,1,1,1,2,1,,2518,3,15,1,5,86,1084,9385
251904,3,4,1,2,,1,1,6,1,,2519,4,24,1,2,138,1611,1261
252003,2,3,1,2,,2,,5,1,,2520,3,27,4,6,156,1833,1587
252116,3,5,1,1,1,1,1,3,1,,2521,16,12,2,6,61,876,2994
252205,2,3,1,2,,1,1,10,1,,2522,5,19,1,2,106,1283,3163
252311,2,2,1,2,,2,,2,1,,2523,11,23,2,6,129,1514,2031
252403,1,1,0,2,,1,1,4,1,,2524,3,30,3,5,172,2037,7808
252501,2,4,1,1,1,1,1,3,1,,2525,1,5,1,2,29,296,1677
252602,3,4,1,1,1,1,1,6,1,,2526,2,1,1,3,4,15,1335
252702,3,5,1,1,2,1,1,4,1,,2527,2,16,1,3,93,1139,4168
252804,2,3,2,2,,1,1,3,1,,2528,4,25,1,1,145,1716,2453
252909,3,4,1,2,,2,,2,1,,2529,9,17,4,5,95,1154,485
253001,3,4,1,1,1,1,1,5,1,,2530,1,29,2,5,169,1982,1228
253101,1,2,1,2,,1,1,4,1,,2531,1,17,4,5,95,1154,485
253203,2,4,1,1,1,1,1,2,1,,2532,3,29,3,5,169,2005,989
253305,2,3,1,1,1,1,1,4,1,,2533,5,1,1,3,5,30,1382
253410,3,3,1,2,,1,1,3,1,,2534,10,21,4,5,117,1412,4714
253516,1,4,1,2,,2,,1,1,,2535,16,27,3,6,153,1813,2357
253616,2,4,1,1,2,1,1,3,1,,2536,16,3,3,1,13,146,496
253702,2,2,3,1,1,1,1,2,1,,2537,2,15,2,5,85,1038,12598
253804,2,3,1,1,1,1,1,3,1,,2538,4,19,1,2,108,1336,3461
253904,3,4,1,1,1,1,1,4,1,,2539,4,15,2,5,82,1019,22834
254018,2,3,1,2,,2,,4,1,,2540,18,22,3,3,123,1462,2245
254103,1,3,0,2,,2,,2,1,,2541,3,12,4,6,63,885,2839
254202,4,6,2,1,1,1,1,4,1,,2542,2,24,1,2,138,1606,1354
254303,3,4,1,1,1,1,1,4,1,,2543,3,16,1,3,91,1120,4396
254403,2,4,2,2,,1,1,3,1,,2544,3,26,1,1,152,1795,2279
254507,2,3,0,2,,2,,3,1,,2545,7,26,4,1,149,1741,2121
254605,1,2,0,1,1,2,,3,1,,2546,5,13,4,5,71,937,2578
254705,2,2,0,2,,1,1,7,1,,2547,5,12,3,6,61,878,2843
254805,3,6,1,1,1,1,1,3,1,,2548,5,1,1,3,5,44,882
254905,3,5,1,2,,1,1,5,1,,2549,5,9,1,4,49,649,3262
255002,1,2,2,1,1,1,1,2,1,,2550,2,23,1,6,133,1563,1816
255105,3,4,2,2,,2,,4,1,,2551,5,14,1,3,79,989,8822
255201,1,3,1,1,1,1,1,2,1,,2552,1,8,1,1,45,531,2980
255317,2,4,1,2,,1,1,2,1,,2553,17,31,3,6,178,2086,1819
255420,2,2,1,2,,2,,2,1,,2554,20,16,2,3,88,1110,4468
255504,1,1,1,2,,1,1,1,1,,2555,4,18,1,3,102,1220,1416
255603,1,2,1,1,1,1,1,5,1,,2556,3,2,1,1,9,78,3090
255707,3,4,1,2,,1,1,6,1,,2557,7,17,2,5,94,1151,717
255804,2,4,1,1,1,1,1,4,1,,2558,4,2,1,1,9,73,3206
255903,2,4,1,1,1,1,1,5,1,,2559,3,19,1,2,107,1320,3082
256002,2,5,1,1,1,1,1,2,1,,2560,2,1,1,3,5,37,1190
256117,2,3,1,2,,1,2,6,1,,2561,17,32,2,3,185,2141,1249
256202,1,3,0,2,,2,,1,1,,2562,2,3,1,1,17,184,703
256303,1,5,1,2,,1,1,1,1,,2563,3,15,3,5,86,1064,15368
256402,3,5,2,1,1,1,1,2,1,,2564,2,9,1,4,50,689,3719
256516,2,5,0,2,,1,1,4,1,,2565,16,14,4,3,77,970,8757
256613,1,2,0,2,,2,,1,1,,2566,13,7,4,6,39,448,4578
256701,4,6,2,1,1,1,1,3,1,,2567,1,1,1,3,5,42,1088
256805,2,4,1,2,,1,1,3,1,,2568,5,5,2,2,30,348,1476
256912,2,3,0,1,1,1,2,4,1,,2569,12,24,4,2,137,1598,1015
257016,3,3,1,2,,1,1,4,1,,2570,16,31,3,6,179,2088,1811
257104,1,4,2,1,1,1,1,1,1,,2571,4,17,3,5,98,1183,1674
257203,3,4,1,1,1,1,1,7,1,,2572,3,25,1,1,144,1694,2503
257316,1,3,1,2,,2,,2,1,,2573,16,7,2,6,38,445,7240
257404,2,3,1,1,1,1,1,1,1,,2574,4,2,1,1,9,65,3558
257514,1,2,0,2,,2,,1,1,,2575,14,4,4,6,21,225,1029
257605,2,3,1,1,1,1,1,2,1,,2576,5,5,1,2,29,297,1665
257706,1,2,1,2,,2,,4,1,,2577,6,21,3,5,116,1406,6756
257804,3,6,2,1,2,1,1,3,1,,2578,4,10,1,1,54,818,1125
257904,2,5,1,1,1,1,1,2,1,,2579,4,10,1,1,53,791,1209
258001,2,3,1,2,,1,1,2,1,,2580,1,28,1,2,163,1932,1735
258103,1,3,1,1,2,1,1,2,1,,2581,3,19,1,2,108,1344,3343
258208,1,1,1,2,,2,,2,1,,2582,8,31,3,6,178,2084,2239
258304,2,4,2,1,1,1,1,2,1,,2583,4,6,1,3,35,420,813
258403,2,5,1,1,1,1,1,2,1,,2584,3,8,1,1,46,550,3054
258509,1,7,2,1,1,2,,2,1,,2585,9,28,2,2,159,1843,2250
258604,1,1,1,1,1,1,1,4,1,,2586,4,3,1,1,16,168,675
258702,2,4,1,2,,1,1,4,1,,2587,2,29,2,5,169,1998,1037
258802,1,2,1,2,,1,1,4,1,,2588,2,28,4,2,160,1845,1479
258919,1,2,1,2,,1,1,3,1,,2589,19,4,4,6,21,225,1029
259004,1,5,2,2,,1,2,1,1,,2590,4,15,2,5,86,1077,10968
259106,1,2,0,2,,2,,2,1,,2591,6,17,3,5,94,1147,952
259201,2,4,2,2,,2,,2,1,,2592,1,1,1,3,4,19,1284
259301,2,4,1,2,,2,,8,1,,2593,1,24,1,2,139,1639,1253
259405,2,2,1,2,,1,2,1,1,,2594,5,22,1,3,126,1474,1913
259503,3,5,1,1,1,1,1,3,1,,2595,3,5,1,2,29,311,1581
259602,2,3,1,2,,1,1,2,1,,2596,2,1,1,3,4,11,1396
259705,2,4,0,2,,2,,2,1,,2597,5,10,4,1,52,771,1323
259804,2,2,0,2,,1,1,3,1,,2598,4,4,1,6,23,242,779
259903,1,3,1,2,,1,1,4,1,,2599,3,29,3,5,166,1965,2972
260005,2,3,1,2,,2,,2,1,,2600,5,24,1,2,138,1604,1399
260102,1,4,1,1,1,1,1,2,1,,2601,2,9,1,4,50,763,485
260205,1,1,1,2,,2,,1,1,,2602,5,28,1,2,164,1955,2022
260301,4,6,1,1,1,1,1,6,1,,2603,1,10,2,1,53,788,1232
260417,1,7,2,1,2,1,1,1,1,,2604,17,20,2,6,110,1375,5038
260501,2,4,1,1,1,1,1,6,1,,2605,1,8,1,1,45,525,3117
260605,2,3,1,1,1,1,1,3,1,,2606,5,28,1,2,162,1906,1468
260705,2,3,2,1,1,1,1,3,1,,2607,5,22,1,3,128,1507,2017
260801,1,3,1,2,,1,1,2,1,,2608,1,7,3,6,37,443,3934
260903,1,3,0,2,,1,2,2,1,,2609,3,21,3,5,119,1417,4124
261015,1,1,0,2,,2,,2,1,,2610,15,27,4,6,154,1815,2566
261101,2,3,1,1,1,2,,4,1,,2611,1,23,1,6,132,1555,1256
261203,2,3,1,2,,2,,2,1,,2612,3,14,1,3,79,989,8822
261302,1,1,1,1,3,1,1,2,1,,2613,2,2,1,1,9,72,3214
261401,2,4,1,2,,1,2,1,1,,2614,1,22,2,3,127,1489,1887
261503,2,3,1,2,,1,1,5,1,,2615,3,21,1,5,120,1430,3649
261604,2,4,1,1,1,1,1,2,1,,2616,4,22,1,3,128,1499,2283
261704,3,6,2,1,1,1,1,1,1,,2617,4,24,1,2,140,1661,1368
261816,2,3,1,1,1,2,,2,1,,2618,16,13,4,5,71,935,2985
261901,1,3,1,2,,1,1,4,1,,2619,1,11,1,3,58,847,5015
262001,2,6,2,1,3,1,1,5,1,,2620,1,28,1,2,163,1913,2036
262103,2,5,1,2,,1,1,2,1,,2621,3,9,1,4,50,756,1305
262201,3,7,3,1,2,1,1,4,1,,2622,1,5,1,2,31,375,1829
262304,2,3,2,1,1,1,1,3,1,,2623,4,21,1,5,121,1445,3331
262411,3,5,1,1,2,1,1,4,1,,2624,11,8,4,1,43,483,2387
262513,1,2,0,2,,1,1,5,1,,2625,13,23,4,6,130,1516,1778
262602,1,1,1,2,,1,1,2,1,,2626,2,22,1,3,126,1471,2195
262704,3,5,1,1,1,1,1,4,1,,2627,4,5,1,2,29,283,1826
262819,2,4,1,2,,2,,3,2,2,2628,19,10,4,1,52,774,1138
262910,1,3,2,2,,2,,2,1,,2629,10,14,3,3,75,964,4181
263002,2,3,0,2,,2,,5,1,,2630,2,22,4,3,125,1468,1809
263108,2,4,1,1,2,1,1,3,1,,2631,8,13,4,5,71,937,2578
263202,1,3,1,2,,2,,1,1,,2632,2,32,3,3,185,2140,1353
263306,3,5,1,1,1,1,1,7,1,,2633,6,10,4,1,52,772,1285
263402,2,3,1,2,,1,1,4,1,,2634,2,28,1,2,162,1870,1743
263502,2,4,1,2,,1,1,3,1,,2635,2,10,2,1,53,785,1262
263602,2,3,1,1,1,1,1,3,1,,2636,2,32,1,3,188,2154,1413
263704,2,3,1,1,1,2,,3,1,,2637,4,4,1,6,24,260,684
263802,1,4,1,2,,2,,1,1,,2638,2,12,1,6,66,911,3224
263903,2,2,2,1,1,1,1,1,1,,2639,3,19,1,2,108,1366,3020
264004,2,3,1,1,1,1,1,4,1,,2640,4,6,1,3,35,415,890
264111,2,4,0,2,,2,,4,1,,2641,11,7,4,6,39,449,4091
264202,2,3,1,1,1,1,1,4,1,,2642,2,23,1,6,134,1581,1073
264315,3,5,1,2,,2,,7,1,,2643,15,31,3,6,178,2084,2239
264413,3,4,2,2,,1,1,4,1,,2644,13,16,3,3,88,1108,4784
264504,2,4,1,2,,1,1,2,1,,2645,4,9,1,4,50,691,3701
264602,2,3,1,2,,2,,4,1,,2646,2,23,1,6,132,1539,1677
264702,2,3,1,1,1,2,,1,1,,2647,2,28,1,2,162,1886,1656
264804,1,4,1,1,2,1,1,2,1,,2648,4,26,1,1,151,1767,2414
264915,3,4,0,1,1,2,,4,1,,2649,15,12,4,6,63,885,2839
265003,1,2,1,2,,1,1,1,1,,2650,3,26,1,1,150,1759,2444
265105,1,4,1,1,1,1,1,3,1,,2651,5,2,1,1,11,137,2455
265209,3,4,0,2,,2,,4,1,,2652,9,24,4,2,136,1588,1337
265304,2,3,1,1,1,1,1,5,1,,2653,4,9,1,4,49,642,3521
265405,4,5,1,1,1,2,,11,1,,2654,5,11,4,3,57,836,4721
265516,2,3,1,1,2,2,,4,1,,2655,16,21,2,5,116,1407,6595
265609,1,3,2,1,1,1,1,3,1,,2656,9,3,4,1,14,149,796
265713,3,5,1,2,,1,2,4,1,,2657,13,29,4,5,167,1975,636
265805,3,6,2,1,1,1,1,9,1,,2658,5,9,1,4,49,671,1908
265906,3,4,0,2,,2,,6,1,,2659,6,24,4,2,136,1588,1337
266003,2,5,1,1,2,1,1,2,1,,2660,3,26,1,1,152,1798,2202
266103,3,5,2,1,2,1,1,1,1,,2661,3,23,1,6,132,1556,1226
266218,2,3,3,1,1,1,1,2,1,,2662,18,18,2,3,100,1209,1651
266305,2,3,0,2,,1,2,4,1,,2663,5,20,4,6,111,1379,3848
266402,1,1,1,1,1,2,,1,1,,2664,2,17,2,5,97,1174,1500
266515,3,4,1,1,1,1,1,3,1,,2665,15,11,3,3,56,830,5624
266605,2,3,1,1,1,1,1,3,1,,2666,5,28,1,2,163,1913,2036
266706,2,4,1,2,,2,,2,2,2,2667,6,27,4,6,155,1821,1493
266804,3,6,2,1,2,1,1,3,1,,2668,4,5,1,2,30,354,1444
266901,2,5,1,1,1,1,1,3,1,,2669,1,26,1,1,150,1748,2637
267008,3,4,1,2,,1,1,4,1,,2670,8,13,4,5,70,932,2540
267116,1,1,1,1,1,2,,5,1,,2671,16,24,3,2,135,1586,1785
267220,1,1,1,2,,1,1,1,1,,2672,20,18,3,3,100,1210,1538
267301,3,4,3,2,,2,,2,1,,2673,1,10,1,1,53,790,1212
267411,3,5,0,2,,2,,9,2,2,2674,11,24,4,2,137,1599,1009
267504,1,3,1,2,,1,1,4,1,,2675,4,27,3,6,153,1811,2396
267602,2,4,1,2,,1,1,3,1,,2676,2,26,1,1,150,1759,2444
267701,3,6,1,1,1,1,1,2,1,,2677,1,19,1,2,108,1368,2882
267811,2,3,1,2,,1,1,3,1,,2678,11,32,2,3,186,2142,1673
267908,2,4,2,2,,1,1,4,1,,2679,8,13,3,5,67,920,1739
268010,1,1,0,2,,1,2,1,1,,2680,10,31,3,6,178,2086,1819
268101,2,4,1,2,,2,,5,1,,2681,1,29,4,5,169,1992,1101
268214,2,5,1,1,2,1,1,4,1,,2682,14,30,4,5,174,2046,5443
268306,3,6,3,1,1,1,1,4,1,,2683,6,11,3,3,56,832,4770
268401,2,3,3,1,3,1,1,2,1,,2684,1,19,1,2,108,1365,3022
268502,2,4,2,1,1,1,1,4,1,,2685,2,30,1,5,175,2051,6551
268603,2,4,1,2,,1,1,3,1,,2686,3,10,1,1,54,806,1316
268716,2,2,0,2,,2,,2,1,,2687,16,14,3,3,75,964,4181
268814,1,2,0,1,1,2,,4,1,,2688,14,28,4,2,160,1846,1388
268905,3,5,2,1,1,1,1,5,1,,2689,5,4,1,6,25,264,995
269002,1,3,1,2,,2,,2,1,,2690,2,5,1,2,30,343,1509
269118,1,1,1,2,,2,,2,1,,2691,18,30,2,5,172,2036,7817
269204,2,4,0,2,,2,,7,1,,2692,4,7,4,6,39,455,3338
269305,2,2,1,2,,1,1,4,1,,2693,5,12,2,6,62,879,3249
269402,2,6,1,2,,1,1,3,1,,2694,2,5,1,2,30,326,1688
269503,1,2,1,2,,1,1,2,1,,2695,3,30,2,5,175,2053,6475
269601,1,2,1,2,,1,1,3,1,,2696,1,9,1,4,49,626,3854
269703,2,4,1,1,1,1,1,3,1,,2697,3,17,1,5,98,1197,1206
269810,1,3,0,2,,1,1,2,1,,2698,10,9,4,4,47,556,1507
269909,1,1,0,2,,2,,3,1,,2699,9,14,2,3,75,966,3387
270001,2,4,2,2,,1,1,5,1,,2700,1,23,1,6,132,1558,858
270104,1,2,1,1,1,1,1,3,1,,2701,4,3,1,1,17,188,683
270205,3,4,2,1,1,1,1,6,1,,2702,5,25,4,1,143,1680,2209
270302,1,3,1,2,,1,1,4,1,,2703,2,13,2,5,67,923,1581
270405,2,3,1,2,,2,,3,1,,2704,5,21,3,5,120,1420,5804
270502,1,2,1,2,,1,1,3,1,,2705,2,2,1,1,9,69,3373
270605,1,5,2,1,1,1,1,2,1,,2706,5,19,1,2,108,1352,3249
270712,1,1,2,2,,2,,2,1,,2707,12,7,2,6,38,445,7240
270804,2,3,4,2,,1,2,3,1,,2708,4,24,1,2,138,1612,1244
270901,3,5,2,1,1,1,1,3,1,,2709,1,18,1,3,103,1227,1201
271004,2,4,1,1,1,1,1,2,1,,2710,4,15,1,5,85,1029,15501
271102,1,4,1,1,1,1,1,1,1,,2711,2,29,2,5,170,2031,273
271205,2,4,1,1,1,1,1,4,1,,2712,5,15,1,5,86,1076,11196
271310,2,3,0,1,1,1,2,3,1,,2713,10,7,3,6,37,443,3934
271401,2,4,2,1,1,1,1,3,1,,2714,1,19,1,2,107,1303,3279
271502,2,3,1,2,,1,1,4,1,,2715,2,4,3,6,19,221,707
271601,3,4,1,1,1,1,1,6,1,,2716,1,6,1,3,35,420,813
271702,1,3,1,1,1,1,1,1,1,,2717,2,25,1,1,145,1709,2581
271804,2,3,1,2,,1,1,2,1,,2718,4,9,1,4,49,658,3100
271909,3,6,3,1,4,1,2,4,1,,2719,9,3,4,1,14,148,833
272002,3,5,1,1,1,1,1,6,1,,2720,2,17,3,5,94,1146,3584
272102,1,2,1,1,1,1,1,2,1,,2721,2,9,1,4,48,583,3806
272205,2,5,1,2,,1,1,3,1,,2722,5,9,1,4,49,625,3906
272301,1,3,1,2,,1,1,2,1,,2723,1,29,2,5,170,2020,1036
272404,3,6,2,1,1,1,1,3,1,,2724,4,14,2,3,75,966,3387
272508,2,3,2,1,1,1,1,1,1,,2725,8,18,2,3,100,1212,1495
272604,3,4,0,2,,1,1,5,1,,2726,4,30,3,5,172,2037,7808
272705,1,2,1,2,,1,2,2,1,,2727,5,15,1,5,85,1047,11613
272805,2,4,1,1,1,1,1,3,1,,2728,5,25,1,1,145,1708,2585
272914,2,3,0,2,,1,1,3,1,,2729,14,12,4,6,63,889,2449
273004,1,4,3,2,,1,1,4,1,,2730,4,31,1,6,184,2127,2788
273102,3,4,1,1,2,1,1,7,1,,2731,2,26,1,1,150,1755,2570
273203,3,5,1,1,1,1,2,5,1,,2732,3,16,2,3,88,1106,5935
273303,3,4,1,1,1,1,1,4,1,,2733,3,5,1,2,31,374,1832
273404,1,4,1,1,1,1,1,2,1,,2734,4,14,1,3,80,1011,4558
273504,2,4,2,1,1,1,1,3,1,,2735,4,14,1,3,79,988,9068
273602,1,1,1,2,,1,1,2,1,,2736,2,2,1,1,9,73,3206
273702,2,6,2,1,2,1,1,3,1,,2737,2,5,1,2,31,375,1829
273803,2,3,1,2,,1,1,4,1,,2738,3,9,1,4,49,658,3100
273902,1,2,1,2,,1,1,4,1,,2739,2,17,3,5,94,1141,4249
274004,2,4,1,2,,2,,2,1,,2740,4,28,1,2,163,1921,1843
274119,1,1,0,2,,2,,2,1,,2741,19,30,4,5,173,2039,5218
274206,3,3,2,1,1,1,1,3,1,,2742,6,13,3,5,67,919,1831
274303,1,1,1,2,,2,,1,1,,2743,3,2,1,1,9,83,2919
274405,2,4,1,1,1,1,1,5,1,,2744,5,14,1,3,79,986,9208
274520,1,3,0,2,,2,,3,1,,2745,20,20,4,6,112,1386,3430
274614,1,4,1,2,,1,1,2,1,,2746,14,13,4,5,70,931,3702
274703,2,3,1,1,2,1,1,4,1,,2747,3,26,1,1,152,1791,2508
274803,4,4,3,1,2,1,1,3,1,,2748,3,8,1,1,46,542,3385
274902,2,5,1,1,1,1,1,2,1,,2749,2,9,1,4,49,677,1008
275005,2,3,1,1,1,1,1,4,1,,2750,5,2,1,1,9,95,1551
275104,4,8,3,1,2,1,1,6,1,,2751,4,15,4,5,83,1023,11415
275203,1,2,1,2,,2,,2,1,,2752,3,10,1,1,53,776,1350
275309,3,4,1,1,1,2,,4,1,,2753,9,11,2,3,56,833,4741
275403,2,4,1,2,,2,,4,1,,2754,3,7,1,6,40,466,3836
275501,4,6,3,1,1,1,1,7,1,,2755,1,7,2,6,38,445,7240
275604,1,2,1,1,1,2,,4,1,,2756,4,10,3,1,51,765,1494
275715,2,3,1,1,1,1,1,5,1,,2757,15,24,3,2,135,1586,1785
275802,2,3,1,1,1,1,1,4,1,,2758,2,27,4,6,154,1817,2285
275903,3,5,5,1,2,1,1,4,1,,2759,3,9,1,4,50,752,2069
276020,1,2,1,2,,2,,1,1,,2760,20,25,2,1,141,1674,2705
276103,3,4,1,2,,1,2,3,1,,2761,3,7,1,6,40,465,3957
276205,1,8,2,1,1,1,1,1,1,,2762,5,9,1,4,50,714,3398
276304,2,4,1,1,1,1,1,3,1,,2763,4,21,1,5,120,1423,5696
276405,3,4,2,1,1,1,1,2,1,,2764,5,3,1,1,18,206,749
276503,2,4,2,2,,1,1,3,1,,2765,3,20,1,6,114,1401,3180
276614,2,4,1,1,3,1,1,4,1,,2766,14,8,2,1,42,480,3631
276702,3,5,0,2,,1,1,5,1,,2767,2,9,1,4,48,596,3213
276812,5,6,0,2,,2,,6,1,,2768,12,7,4,6,39,449,4091
276912,2,4,1,2,,1,2,4,1,,2769,12,21,4,5,118,1414,5277
277005,1,2,0,2,,1,1,3,1,,2770,5,23,1,6,131,1519,2214
277108,2,2,0,2,,1,1,4,1,,2771,8,11,4,3,57,836,4721
277206,2,4,1,1,2,1,1,5,1,,2772,6,8,2,1,42,480,3631
277305,1,4,2,1,2,2,,2,1,,2773,5,13,2,5,68,927,1392
277401,1,3,1,2,,2,,1,1,,2774,1,5,1,2,29,281,1846
277501,1,2,1,1,1,1,1,3,1,,2775,1,6,1,3,34,404,786
277607,1,2,1,1,1,1,1,2,1,,2776,7,24,4,2,137,1597,1065
277705,3,6,1,2,,1,1,5,1,,2777,5,2,1,1,10,107,2960
277802,1,1,1,2,,1,1,2,1,,2778,2,7,1,6,40,464,4020
277902,1,1,1,2,,1,1,1,1,,2779,2,15,1,5,85,1056,9925
278002,2,3,2,1,1,1,1,3,1,,2780,2,24,1,2,140,1654,1462
278109,2,3,1,1,1,2,,5,1,,2781,9,24,2,2,135,1582,2162
278205,3,5,2,2,,1,1,2,1,,2782,5,19,1,2,107,1307,3227
278304,1,5,1,1,1,1,1,1,1,,2783,4,5,1,2,30,340,1528
278405,2,4,1,2,,1,1,4,1,,2784,5,27,3,6,153,1809,2602
278501,2,3,1,2,,1,1,4,1,,2785,1,19,1,2,106,1269,3334
278615,4,7,3,1,1,1,1,5,1,,2786,15,15,4,5,83,1023,11415
278704,2,3,1,2,,2,,1,1,,2787,4,9,1,4,49,619,4117
278814,2,2,0,2,,2,,5,1,,2788,14,30,3,5,172,2037,7808
278905,2,3,1,1,1,2,,1,1,,2789,5,3,1,1,17,185,701
279003,1,2,1,1,1,1,1,2,1,,2790,3,8,1,1,44,490,3184
279104,2,3,1,2,,1,1,4,1,,2791,4,10,2,1,53,785,1262
279202,1,2,1,2,,1,1,6,1,,2792,2,4,1,6,24,256,788
279305,2,3,1,2,,1,1,5,1,,2793,5,10,1,1,53,794,1193
279402,4,7,2,1,3,1,1,6,1,,2794,2,5,1,2,30,324,1771
279516,4,6,2,1,2,1,1,4,1,,2795,16,24,2,2,135,1583,1844
279601,2,3,1,1,2,1,1,3,1,,2796,1,26,1,1,152,1804,2023
279703,3,5,2,1,1,1,1,4,1,,2797,3,5,1,2,29,281,1846
279809,2,3,1,1,1,2,,3,1,,2798,9,4,3,6,20,223,797
279902,5,6,2,1,2,1,1,6,2,2,2799,2,20,3,6,109,1373,2841
280002,2,3,1,2,,1,1,3,1,,2800,2,13,2,5,68,924,5515
280102,1,4,1,2,,1,1,2,1,,2801,2,9,1,4,49,653,3183
280202,2,3,1,2,,2,,1,1,,2802,2,10,4,1,52,771,1323
280305,2,2,1,1,1,1,1,3,1,,2803,5,26,1,1,150,1749,2621
280404,2,4,1,2,,1,1,4,1,,2804,4,9,1,4,48,585,3733
280508,3,4,1,1,1,1,1,4,1,,2805,8,13,3,5,67,922,1613
280604,3,6,2,1,2,1,1,5,1,,2806,4,24,3,2,135,1587,1397
280702,2,3,2,2,,1,1,1,1,,2807,2,11,1,3,58,849,4917
280803,4,5,1,1,2,1,1,7,1,,2808,3,3,4,1,14,148,833
280905,2,4,1,1,1,2,,5,1,,2809,5,24,1,2,138,1603,1445
281001,1,3,1,2,,1,1,3,1,,2810,1,15,1,5,86,1073,12480
281105,2,5,2,2,,1,1,1,1,,2811,5,9,1,4,49,627,3808
281204,1,2,1,2,,1,1,1,1,,2812,4,19,1,2,106,1278,3197
281303,1,3,1,2,,1,2,2,1,,2813,3,28,1,2,163,1916,1926
281405,1,2,0,2,,2,,2,1,,2814,5,21,3,5,115,1404,6225
281504,2,5,1,1,1,1,1,2,1,,2815,4,4,1,6,23,248,707
281605,2,3,1,2,,2,,3,1,,2816,5,29,3,5,169,1994,1078
281704,1,1,1,1,1,1,1,3,1,,2817,4,4,1,6,25,265,978
281801,2,3,1,1,1,1,1,3,1,,2818,1,28,1,2,162,1867,1798
281920,2,3,1,2,,2,,5,1,,2819,20,20,4,6,112,1387,3229
282010,1,1,0,2,,2,,5,1,,2820,10,26,4,1,149,1740,2152
282119,1,1,1,1,1,2,,2,1,,2821,19,26,3,1,147,1735,2939
282204,1,4,1,1,2,1,1,2,1,,2822,4,25,1,1,146,1731,3077
282306,2,4,1,1,1,1,1,3,1,,2823,6,13,4,5,71,939,2376
282404,3,5,1,1,1,1,1,7,1,,2824,4,5,4,2,28,277,1380
282501,3,5,2,1,1,1,1,4,1,,2825,1,18,1,3,103,1228,1175
282618,1,3,1,2,,2,,2,1,,2826,18,22,4,3,125,1465,3729
282702,1,3,3,1,1,1,1,5,1,,2827,2,7,2,6,38,445,7240
282803,2,3,1,1,1,1,1,1,1,,2828,3,3,1,1,16,170,659
282901,2,3,2,1,1,1,1,3,1,,2829,1,11,1,3,60,869,7626
283008,1,1,0,2,,2,,2,1,,2830,8,12,4,6,63,889,2449
283102,2,3,1,1,1,1,1,5,1,,2831,2,11,4,3,57,834,19030
283203,2,3,1,2,,1,1,3,1,,2832,3,21,1,5,121,1440,4259
283301,2,5,1,2,,1,1,4,1,,2833,1,9,1,4,48,558,6076
283419,2,3,1,1,1,1,1,4,1,,2834,19,18,2,3,100,1212,1495
283503,1,1,0,2,,2,,3,1,,2835,3,13,4,5,70,933,2426
283606,2,3,1,2,,2,,4,1,,2836,6,14,4,3,77,969,10589
283702,1,6,2,1,1,1,1,1,1,,2837,2,22,1,3,128,1506,2031
283803,2,4,1,2,,1,1,5,1,,2838,3,5,1,2,29,293,1686
283901,1,4,1,1,1,1,1,2,1,,2839,1,21,2,5,121,1433,5100
284012,2,3,0,2,,2,,4,1,,2840,12,15,4,5,83,1024,5447
284102,1,4,1,2,,1,1,1,1,,2841,2,24,1,2,139,1640,1251
284201,2,3,1,1,1,2,,2,1,,2842,1,19,1,2,106,1265,3434
284304,4,6,2,1,5,1,1,2,1,,2843,4,8,1,1,45,525,3117
284404,2,3,0,2,,2,,5,1,,2844,4,7,4,6,39,449,4091
284513,3,5,1,1,1,1,1,7,1,,2845,13,13,3,5,68,928,1288
284605,3,4,1,2,,1,1,5,1,,2846,5,32,4,3,187,2144,1720
284701,1,1,1,2,,2,,1,1,,2847,1,13,3,5,67,922,1613
284802,2,3,1,1,1,1,1,2,1,,2848,2,1,1,3,4,25,1165
284911,1,2,2,2,,1,1,2,1,,2849,11,7,2,6,38,445,7240
285005,2,3,1,1,1,1,1,3,1,,2850,5,2,2,1,7,60,4118
285104,1,2,1,2,,2,,1,1,,2851,4,24,1,2,138,1617,1097
285214,3,6,3,1,1,1,1,2,1,,2852,14,29,4,5,167,1975,636
285307,3,4,1,1,1,1,1,5,1,,2853,7,5,2,2,26,274,1433
285407,1,1,1,2,,2,,1,1,,2854,7,24,2,2,135,1585,1797
285504,1,2,1,1,2,1,1,3,1,,2855,4,26,1,1,150,1743,3025
285617,3,4,0,1,1,1,1,2,1,,2856,17,32,4,3,187,2148,1543
285704,2,4,1,2,,1,1,3,1,,2857,4,23,1,6,132,1545,1545
285803,3,6,1,1,2,1,1,4,1,,2858,3,21,1,5,122,1456,3365
285902,1,5,1,1,1,1,1,2,1,,2859,2,28,1,2,163,1918,1883
286005,1,4,0,1,2,1,1,3,1,,2860,5,28,1,2,163,1919,1877
286105,3,5,1,2,,1,1,4,1,,2861,5,5,1,2,29,304,1618
286203,1,5,2,1,1,1,1,2,1,,2862,3,28,1,2,163,1928,1756
286302,1,2,1,1,2,1,1,5,1,,2863,2,28,1,2,162,1855,1979
286402,1,4,1,1,1,1,1,3,1,,2864,2,16,1,3,91,1125,3945
286517,2,5,1,1,1,1,1,3,1,,2865,17,30,4,5,174,2046,5443
286604,2,5,1,1,1,2,,4,1,,2866,4,29,2,5,166,1969,729
286703,3,6,2,1,2,1,1,5,1,,2867,3,6,1,3,35,427,768
286804,2,2,1,1,1,1,1,2,1,,2868,4,22,1,3,128,1500,2224
286901,3,4,1,1,1,1,1,4,1,,2869,1,2,1,1,9,74,3176
287004,2,4,1,1,2,1,1,3,1,,2870,4,15,1,5,87,1090,13365
287104,1,4,3,1,2,1,1,2,1,,2871,4,31,1,6,184,2126,3246
287220,1,3,1,1,1,2,,1,1,,2872,20,24,2,2,135,1582,2162
287303,3,7,2,1,1,1,1,5,1,,2873,3,5,1,2,29,316,1566
287405,3,5,1,2,,1,1,3,1,,2874,5,29,2,5,170,2031,273
287509,2,4,1,1,1,1,1,1,1,,2875,9,5,2,2,26,274,1433
287605,2,3,1,2,,1,1,3,1,,2876,5,1,1,3,4,15,1335
287701,2,5,2,1,2,1,1,2,1,,2877,1,23,2,6,129,1514,2031
287803,1,6,2,1,2,1,1,2,1,,2878,3,32,4,3,187,2147,1565
287903,1,2,1,2,,2,,3,1,,2879,3,27,4,6,154,1815,2566
288005,3,4,1,1,1,1,1,5,1,,2880,5,18,2,3,100,1212,1495
288115,1,2,1,1,1,2,,4,1,,2881,15,26,2,1,147,1737,2630
288212,2,3,0,2,,2,,5,1,,2882,12,12,4,6,63,888,2579
288305,2,3,0,2,,2,,3,1,,2883,5,29,4,5,169,1992,1101
288401,3,9,2,1,1,1,1,5,1,,2884,1,17,3,5,94,1144,3844
288513,2,4,1,2,,2,,5,1,,2885,13,27,3,6,153,1808,2893
288605,1,3,1,2,,2,,1,1,,2886,5,28,1,2,162,1884,1659
288702,2,5,1,2,,2,,2,1,,2887,2,30,1,5,175,2052,6484
288812,1,4,1,2,,1,1,3,1,,2888,12,17,2,5,94,1150,835
288904,3,4,1,2,,2,,4,1,,2889,4,3,1,1,15,160,424
289005,2,3,0,2,,2,,2,1,,2890,5,3,1,1,16,165,712
289105,1,2,1,1,1,2,,5,1,,2891,5,31,3,6,182,2103,1967
289203,3,4,1,2,,2,,5,1,,2892,3,11,2,3,56,831,4889
289305,2,4,1,1,1,1,1,1,1,,2893,5,26,1,1,151,1783,2043
289404,3,4,1,1,1,1,1,5,1,,2894,4,29,3,5,169,2000,1024
289505,2,3,0,2,,2,,7,1,,2895,5,16,4,3,89,1113,3018
289603,1,3,1,1,1,1,1,1,1,,2896,3,26,1,1,150,1754,2570
289702,2,4,2,1,1,1,1,5,1,,2897,2,28,1,2,163,1922,1833
289803,2,4,1,2,,1,1,5,1,,2898,3,2,1,1,11,139,2151
289914,1,4,0,2,,1,1,3,1,,2899,14,11,3,3,56,830,5624
290020,1,3,2,1,1,1,1,1,1,,2900,20,20,2,6,110,1377,3890
290101,2,3,2,1,2,1,1,4,1,,2901,1,23,1,6,134,1572,2084
290211,3,4,2,1,2,1,1,4,1,,2902,11,3,3,1,13,146,496
290301,3,5,1,2,,1,1,5,1,,2903,1,28,1,2,162,1878,1713
290405,5,9,2,1,4,1,1,3,1,,2904,5,20,2,6,113,1397,2146
290505,4,5,1,2,,1,2,9,2,3,2905,5,24,1,2,139,1630,1306
290603,3,6,2,1,3,1,1,2,1,,2906,3,15,1,5,87,1096,11554
290709,3,6,2,1,1,1,1,1,1,,2907,9,25,2,1,142,1677,2524
290803,1,1,0,2,,1,1,3,1,,2908,3,9,1,4,48,596,3213
290904,3,5,3,1,3,1,1,4,1,,2909,4,19,1,2,108,1355,3220
291004,3,5,1,1,1,1,1,4,1,,2910,4,10,1,1,55,821,1377
291105,2,4,1,2,,1,1,3,1,,2911,5,9,1,4,49,638,3604
291204,2,4,1,1,1,1,1,1,1,,2912,4,14,1,3,80,1003,7520
291302,1,2,1,2,,1,1,2,1,,2913,2,9,1,4,49,648,3306
291401,3,5,2,1,1,1,1,6,1,,2914,1,24,1,2,140,1663,1291
291501,1,3,1,2,,2,,1,1,,2915,1,28,1,2,162,1859,1917
291601,3,5,1,2,,2,,4,1,,2916,1,10,1,1,54,799,1396
291705,2,3,1,1,1,1,1,5,1,,2917,5,29,3,5,169,2005,989
291805,2,4,2,1,1,1,1,3,1,,2918,5,9,1,4,50,735,2939
291906,1,3,1,1,1,2,,3,1,,2919,6,7,4,6,39,453,3363
292005,2,4,1,2,,2,,1,1,,2920,5,28,2,2,162,1873,1728
292103,2,4,1,2,,2,,3,1,,2921,3,13,2,5,67,918,1831
292203,3,5,1,2,,2,,3,1,,2922,3,9,2,4,48,580,3906
292303,3,6,2,1,1,1,1,7,1,,2923,3,27,3,6,156,1832,1591
292417,3,4,0,2,,2,,2,1,,2924,17,24,4,2,136,1590,1225
292502,1,2,0,2,,2,,2,1,,2925,2,24,4,2,137,1596,1073
292604,2,3,1,1,1,2,,3,1,,2926,4,30,2,5,175,2059,5427
292701,1,2,3,1,2,2,,3,1,,2927,1,11,1,3,60,871,7159
292809,1,5,2,1,1,2,,2,1,,2928,9,19,2,2,105,1253,2656
292901,2,3,0,2,,2,,2,1,,2929,1,29,3,5,169,1988,1121
293015,3,5,1,2,,1,2,2,1,,2930,15,30,4,5,173,2041,4774
293120,1,1,0,2,,2,,2,1,,2931,20,12,2,6,61,876,2994
293202,4,8,1,1,1,1,1,5,1,,2932,2,1,3,3,1,1,3781
293303,1,2,1,1,1,1,1,4,1,,2933,3,2,4,1,8,63,1922
293404,2,4,2,1,1,1,1,3,1,,2934,4,6,1,3,35,430,741
293503,4,6,1,2,,1,1,4,1,,2935,3,31,1,6,182,2109,1788
293616,3,6,2,1,1,1,1,5,1,,2936,16,5,2,2,27,276,1431
293702,1,2,1,2,,2,,1,1,,2937,2,4,1,6,24,254,833
293818,2,5,1,1,2,2,,4,1,,2938,18,26,2,1,148,1738,2836
293903,2,5,1,1,1,1,1,2,1,,2939,3,2,1,1,11,137,2455
294011,1,3,1,1,2,2,,1,1,,2940,11,6,4,3,33,394,835
294105,2,3,1,2,,1,1,4,1,,2941,5,25,1,1,145,1705,2626
294203,2,3,1,2,,1,1,4,1,,2942,3,9,1,4,49,617,4132
294303,2,4,1,2,,1,1,4,1,,2943,3,19,1,2,107,1319,3086
294405,2,3,1,1,1,1,1,2,1,,2944,5,18,1,3,104,1245,896
294502,1,4,1,2,,1,1,2,1,,2945,2,15,1,5,85,1058,9709
294604,2,4,1,2,,2,,1,1,,2946,4,26,1,1,151,1769,2313
294701,3,5,1,2,,1,1,5,1,,2947,1,21,2,5,120,1421,5724
294802,2,4,1,2,,1,1,1,1,,2948,2,17,1,5,98,1184,1658
294901,2,4,1,2,,1,1,7,1,,2949,1,3,1,1,16,167,688
295004,2,5,2,2,,1,1,1,1,,2950,4,29,3,5,171,2032,830
295116,3,5,1,2,,2,,4,1,,2951,16,7,4,6,39,453,3363
295210,2,7,1,1,1,1,1,1,1,,2952,10,16,4,3,90,1115,3760
295303,3,4,1,1,1,1,1,5,1,,2953,3,11,1,3,59,859,6264
295405,2,4,1,1,1,1,1,2,1,,2954,5,15,1,5,87,1101,9942
295503,2,4,1,1,1,1,1,4,1,,2955,3,8,1,1,44,487,3392
295613,2,3,1,1,1,1,1,4,1,,2956,13,5,4,2,28,279,1313
295703,3,5,1,2,,1,1,3,1,,2957,3,9,1,4,49,615,4169
295806,2,4,1,1,1,1,1,3,1,,2958,6,8,4,1,43,482,3070
295902,1,5,2,1,1,1,1,1,1,,2959,2,22,1,3,128,1509,1993
296001,3,6,2,1,2,1,1,4,1,,2960,1,26,1,1,151,1780,2117
296101,2,2,1,2,,1,1,1,1,,2961,1,9,2,4,48,559,5687
296210,2,4,1,1,1,2,,3,1,,2962,10,5,2,2,27,276,1431
296304,2,4,3,1,2,1,1,5,1,,2963,4,24,1,2,140,1657,1429
296403,4,5,1,1,2,1,1,4,1,,2964,3,8,1,1,45,535,2768
296520,2,3,1,2,,2,,4,1,,2965,20,27,4,6,155,1821,1493
296602,1,1,1,2,,1,2,4,1,,2966,2,3,1,1,16,167,688
296707,1,2,1,2,,2,,2,1,,2967,7,27,3,6,153,1811,2396
296804,2,3,1,1,1,1,1,5,1,,2968,4,2,1,1,11,125,3058
296906,2,3,1,1,2,1,1,2,1,,2969,6,16,2,3,88,1106,5935
297001,1,1,1,2,,1,1,3,1,,2970,1,20,1,6,113,1395,2979
297102,3,4,2,1,1,1,1,5,1,,2971,2,13,1,5,74,957,2792
297204,2,3,1,2,,1,1,6,1,,2972,4,11,2,3,58,855,4477
297302,1,4,2,1,1,2,,1,1,,2973,2,16,1,3,92,1136,3408
297411,2,3,1,2,,2,,5,1,,2974,11,27,4,6,154,1817,2285
297502,1,3,1,2,,1,1,3,1,,2975,2,25,1,1,144,1692,2663
297605,1,1,1,2,,1,1,2,1,,2976,5,23,1,6,133,1565,1745
297702,2,4,1,1,1,1,1,3,1,,2977,2,19,1,2,106,1287,3093
297803,3,4,1,2,,1,1,4,1,,2978,3,24,4,2,137,1594,1069
297901,2,6,2,1,4,1,1,3,1,,2979,1,10,1,1,55,826,1300
298003,3,5,4,1,2,1,1,4,1,,2980,3,19,1,2,108,1355,3220
298104,4,8,3,1,3,1,1,5,1,,2981,4,9,1,4,49,663,2994
298203,1,2,1,2,,1,1,5,1,,2982,3,9,1,4,48,593,3459
298304,1,2,1,2,,2,,1,1,,2983,4,9,1,4,49,623,3934
298402,3,4,2,1,1,1,1,4,1,,2984,2,11,1,3,60,869,7626
298503,2,3,1,2,,1,2,3,1,,2985,3,32,4,3,187,2146,1688
298604,1,6,2,1,1,1,1,2,1,,2986,4,19,1,2,106,1256,3877
298703,2,4,1,2,,1,1,5,1,,2987,3,5,2,2,29,286,1769
298803,4,8,2,2,,1,1,10,1,,2988,3,31,1,6,182,2104,1952
298906,3,4,1,1,1,1,1,5,1,,2989,6,13,3,5,67,920,1739
299001,3,4,1,1,1,1,1,4,1,,2990,1,32,1,3,189,2162,1154
299102,2,3,1,1,1,1,1,4,1,,2991,2,5,1,2,29,318,1523
299202,2,5,1,1,1,1,1,5,1,,2992,2,17,1,5,98,1199,1137
299302,1,5,2,1,1,1,1,1,1,,2993,2,14,2,3,80,999,7057
299411,1,2,0,2,,2,,2,1,,2994,11,24,4,2,136,1591,1218
299504,2,3,1,1,1,1,1,2,1,,2995,4,25,1,1,145,1703,2703
299604,3,5,1,1,1,1,1,6,1,,2996,4,25,2,1,142,1677,2524
299702,3,5,1,2,,1,1,6,1,,2997,2,24,1,2,140,1656,1430
299805,1,2,1,2,,1,2,2,1,,2998,5,9,1,4,49,630,3778
299905,2,3,1,2,,1,1,4,1,,2999,5,2,1,1,9,84,2880
300003,3,5,1,1,2,1,1,1,1,,3000,3,28,1,2,163,1936,1716
300104,2,4,1,1,1,1,1,4,1,,3001,4,30,3,5,175,2054,6294
300202,4,5,1,2,,1,1,4,1,,3002,2,19,1,2,107,1328,2819
300317,4,7,1,2,,1,1,6,1,,3003,17,17,4,5,95,1154,485
300407,2,2,0,2,,2,,2,1,,3004,7,24,4,2,136,1590,1225
300505,2,3,1,1,1,1,1,4,1,,3005,5,6,1,3,36,439,646
300604,7,11,2,2,,1,1,9,2,2,3006,4,9,1,4,48,568,4282
300702,1,4,1,2,,1,2,1,1,,3007,2,16,1,3,91,1120,4396
300815,2,3,1,2,,2,,4,1,,3008,15,7,4,6,39,448,4578
300908,1,3,1,2,,1,1,2,1,,3009,8,30,4,5,174,2046,5443
301005,2,4,1,2,,1,2,4,1,,3010,5,5,1,2,29,291,1714
301102,1,1,1,2,,1,1,1,1,,3011,2,31,1,6,182,2109,1788
301220,1,1,1,2,,2,,2,1,,3012,20,25,3,1,141,1673,2778
301305,4,5,1,2,,1,1,7,1,,3013,5,32,1,3,189,2158,1225
301417,2,3,0,2,,1,2,4,1,,3014,17,21,4,5,118,1414,5277
301505,1,2,1,1,2,1,1,3,1,,3015,5,8,1,1,45,534,2917
301603,2,4,1,1,1,1,1,3,1,,3016,3,27,3,6,158,1839,3897
301702,2,4,1,2,,1,1,4,1,,3017,2,24,1,2,140,1660,1407
301803,2,3,1,1,1,1,1,2,1,,3018,3,2,1,1,11,126,3052
301905,3,6,1,1,2,1,1,5,1,,3019,5,1,1,3,5,41,1110
302006,1,3,1,2,,1,1,1,1,,3020,6,20,2,6,110,1375,5038
302104,2,4,1,1,1,1,1,3,1,,3021,4,9,1,4,50,692,3665
302201,3,4,1,2,,1,1,7,1,,3022,1,24,1,2,138,1606,1354
302307,2,5,1,1,1,2,,3,1,,3023,7,30,4,5,174,2048,4995
302401,3,6,2,1,1,1,1,1,1,,3024,1,22,1,3,128,1495,2148
302504,1,2,1,2,,1,1,2,1,,3025,4,28,1,2,162,1882,1669
302615,4,8,3,1,6,1,1,10,1,,3026,15,5,2,2,27,275,1555
302702,3,4,1,2,,1,1,3,1,,3027,2,9,1,4,50,709,3450
302804,2,3,1,2,,1,1,3,1,,3028,4,9,1,4,49,628,3794
302905,2,4,1,1,1,1,1,3,1,,3029,5,2,1,1,10,112,2852
303016,2,3,0,2,,2,,7,1,,3030,16,7,3,6,38,446,6693
303101,2,6,2,2,,1,1,3,1,,3031,1,9,1,4,50,716,3331
303205,2,4,1,1,1,1,1,2,1,,3032,5,15,4,5,83,1021,33387
303304,4,7,2,1,1,1,1,1,1,,3033,4,21,1,5,122,1450,4811
303405,1,2,1,2,,1,1,1,1,,3034,5,2,1,1,9,83,2919
303503,1,4,2,1,2,1,1,2,1,,3035,3,9,1,4,50,744,2537
303610,2,4,2,2,,2,,1,1,,3036,10,13,4,5,71,936,2779
303702,3,6,2,1,1,1,1,2,1,,3037,2,8,1,1,46,552,2970
303804,3,4,1,2,,2,,3,1,,3038,4,17,1,5,98,1184,1658
303904,1,3,1,1,2,1,1,2,1,,3039,4,2,1,1,9,70,3330
304014,1,5,1,1,1,1,1,2,1,,3040,14,15,3,5,81,1018,5909
304103,1,4,3,1,2,1,1,3,1,,3041,3,28,1,2,163,1927,1767
304201,2,3,1,2,,1,1,4,1,,3042,1,9,1,4,50,681,4096
304316,3,5,2,1,1,1,1,4,1,,3043,16,15,4,5,83,1023,11415
304401,3,4,4,1,1,1,1,4,1,,3044,1,6,1,3,36,433,666
304502,2,5,2,1,1,1,1,2,1,,3045,2,31,1,6,184,2133,2511
304617,2,2,1,2,,1,1,3,1,,3046,17,5,4,2,28,279,1313
304703,1,2,1,2,,1,2,2,1,,3047,3,9,1,4,48,590,3550
304801,2,3,1,2,,1,1,2,1,,3048,1,26,1,1,150,1762,2283
304915,3,4,0,2,,2,,6,1,,3049,15,18,4,3,101,1219,985
305004,2,3,1,2,,1,1,4,1,,3050,4,11,1,3,58,846,5078
305101,2,4,2,1,1,1,1,3,1,,3051,1,9,1,4,50,747,2236
305203,2,3,1,2,,1,1,3,1,,3052,3,19,1,2,106,1294,1910
305304,1,3,1,2,,2,,1,1,,3053,4,28,2,2,162,1893,1611
305414,2,3,1,2,,1,1,2,1,,3054,14,13,2,5,67,923,1581
305502,2,3,2,1,3,1,1,3,1,,3055,2,3,1,1,18,206,749
305604,1,4,1,2,,2,,1,1,,3056,4,9,1,4,49,678,1000
305701,2,2,1,1,1,1,1,5,1,,3057,1,9,1,4,49,604,4983
305803,2,4,1,2,,1,1,2,1,,3058,3,1,3,3,2,4,1716
305903,1,3,1,2,,2,,2,1,,3059,3,26,1,1,150,1743,3025
306004,2,3,1,1,2,1,1,4,1,,3060,4,5,1,2,31,370,1942
306103,1,2,1,2,,1,1,5,1,,3061,3,27,3,6,156,1828,1791
306205,1,3,1,2,,1,1,3,1,,3062,5,9,1,4,50,737,2858
306302,4,6,1,2,,1,1,4,1,,3063,2,22,2,3,126,1473,2107
306401,2,3,1,1,1,1,1,3,1,,3064,1,30,1,5,175,2049,7597
306518,3,3,0,2,,2,,6,1,,3065,18,12,4,6,63,883,3042
306613,2,5,1,2,,2,,4,1,,3066,13,22,4,3,125,1466,2305
306703,1,4,1,2,,2,,3,1,,3067,3,28,2,2,162,1873,1728
306805,3,6,4,2,,1,1,4,1,,3068,5,9,2,4,48,580,3906
306916,2,4,1,2,,1,1,5,1,,3069,16,26,2,1,147,1737,2630
307009,2,3,0,2,,1,1,5,1,,3070,9,25,4,1,143,1683,811
307116,2,5,1,1,1,1,1,4,1,,3071,16,13,4,5,71,936,2779
307205,3,5,1,1,1,1,1,3,1,,3072,5,28,1,2,164,1961,1825
307303,2,3,1,2,,2,,4,1,,3073,3,10,1,1,53,782,1294
307403,1,7,1,2,,1,1,2,1,,3074,3,2,1,1,10,102,3128
307515,2,3,1,2,,2,,3,1,,3075,15,20,4,6,111,1379,3848
307611,1,3,2,1,1,1,1,1,1,,3076,11,27,2,6,153,1812,2385
307705,1,2,1,2,,1,1,3,1,,3077,5,9,1,4,48,566,4433
307805,1,2,1,2,,2,,4,1,,3078,5,20,3,6,109,1374,2508
307907,2,6,1,1,2,1,1,3,1,,3079,7,8,3,1,42,481,3354
308005,1,3,1,1,1,1,1,2,1,,3080,5,1,1,3,6,57,1148
308116,1,3,1,1,1,1,1,3,1,,3081,16,8,3,1,42,481,3354
308201,2,5,1,1,1,1,1,3,1,,3082,1,11,1,3,58,848,4928
308302,2,3,1,2,,1,1,3,1,,3083,2,29,4,5,170,2028,888
308405,5,8,4,1,3,1,1,6,1,,3084,5,24,1,2,139,1628,1338
308519,3,5,1,2,,1,1,3,1,,3085,19,24,4,2,137,1596,1073
308601,2,5,1,1,1,1,1,3,1,,3086,1,21,1,5,121,1432,5447
308703,4,5,2,1,1,1,1,6,1,,3087,3,11,1,3,58,856,4097
308801,2,4,0,2,,1,1,7,2,2,3088,1,17,1,5,98,1196,1206
308908,2,3,0,2,,2,,4,1,,3089,8,24,4,2,136,1588,1337
309003,2,3,1,1,1,1,1,2,1,,3090,3,3,1,1,16,171,658
309101,1,3,1,2,,2,,1,1,,3091,1,30,2,5,172,2034,31759
309214,2,4,1,2,,1,1,4,1,,3092,14,31,2,6,179,2090,1761
309307,1,3,1,2,,2,,1,1,,3093,7,4,2,6,20,224,779
309409,2,3,0,1,1,1,1,2,1,,3094,9,16,3,3,88,1108,4784
309504,2,3,1,2,,1,1,3,1,,3095,4,2,1,1,9,80,3018
309604,3,6,2,2,,1,1,2,1,,3096,4,31,1,6,182,2108,1861
309702,4,5,2,1,1,1,1,2,1,,3097,2,9,1,4,50,718,3308
309803,1,4,1,1,1,1,1,1,1,,3098,3,8,1,1,46,548,3089
309903,3,5,2,1,1,1,1,3,1,,3099,3,9,1,4,50,725,3135
310005,2,7,1,1,1,1,1,2,1,,3100,5,5,1,2,30,364,1340
310103,1,4,1,1,2,1,1,2,1,,3101,3,2,1,1,10,103,3065
310201,3,4,1,1,2,1,1,4,1,,3102,1,8,1,1,46,543,3376
310304,1,6,2,1,1,1,1,3,1,,3103,4,26,1,1,151,1779,2117
310407,3,4,2,2,,1,1,4,1,,3104,7,21,3,5,116,1406,6756
310508,2,3,0,2,,2,,5,1,,3105,8,15,4,5,83,1024,5447
310601,2,3,1,2,,1,1,2,1,,3106,1,8,1,1,44,504,2767
310701,1,2,0,1,1,1,1,4,1,,3107,1,8,1,1,44,502,2777
310805,2,7,3,1,2,1,1,2,1,,3108,5,9,1,4,50,733,2944
310904,1,2,1,2,,2,,4,1,,3109,4,10,2,1,53,788,1232
311005,3,4,0,1,1,1,1,3,1,,3110,5,24,4,2,137,1594,1069
311113,1,3,1,2,,1,1,1,1,,3111,13,21,2,5,116,1409,5069
311211,1,4,2,1,1,1,1,2,1,,3112,11,6,3,3,32,391,636
311305,2,4,1,2,,1,1,2,1,,3113,5,21,1,5,121,1439,4377
311405,2,3,0,2,,1,1,4,1,,3114,5,9,1,4,48,594,3319
311520,4,8,0,2,,1,1,11,1,,3115,20,20,4,6,111,1385,3030
311602,2,4,1,1,1,1,1,4,1,,3116,2,22,1,3,128,1497,2392
311714,1,6,2,1,1,1,1,1,1,,3117,14,22,3,3,123,1462,2245
311801,3,5,2,2,,1,1,1,1,,3118,1,25,1,1,144,1693,2560
311919,1,1,0,2,,2,,1,1,,3119,19,2,3,1,7,61,3848
312001,3,4,2,2,,2,,5,1,,3120,1,29,2,5,169,2010,886
312102,2,4,1,1,1,1,1,4,1,,3121,2,13,3,5,68,926,4627
312201,3,4,1,2,,1,1,3,1,,3122,1,29,3,5,169,1997,1038
312302,2,3,1,1,1,2,,3,1,,3123,2,22,4,3,125,1466,2305
312401,1,3,1,2,,1,1,2,1,,3124,1,23,1,6,132,1537,1731
312502,1,2,1,1,1,1,1,6,1,,3125,2,6,1,3,34,403,791
312603,1,3,2,1,2,1,1,2,1,,3126,3,2,1,1,11,141,1377
312705,1,3,1,1,1,1,1,2,1,,3127,5,1,1,3,6,47,1535
312812,2,4,1,1,1,1,1,4,1,,3128,12,8,4,1,43,484,2372
312902,3,4,1,2,,1,1,3,1,,3129,2,29,3,5,169,1981,1279
313004,2,4,1,2,,1,1,3,1,,3130,4,32,1,3,190,2171,1808
313101,3,4,1,2,,1,1,5,1,,3131,1,18,1,3,103,1231,1105
313205,1,3,1,2,,2,,4,1,,3132,5,19,1,2,106,1258,3685
313320,2,3,1,1,1,1,1,4,1,,3133,20,13,4,5,71,937,2578
313405,2,3,1,2,,1,1,4,1,,3134,5,24,1,2,138,1614,1185
313520,2,6,1,1,1,2,,3,1,,3135,20,1,4,3,3,8,1437
313603,2,3,1,2,,2,,6,1,,3136,3,20,4,6,111,1379,3848
313703,2,5,2,1,1,1,1,7,1,,3137,3,17,1,5,97,1167,1679
313802,3,4,2,1,2,1,1,2,1,,3138,2,25,1,1,146,1728,3474
313917,1,2,0,2,,2,,2,1,,3139,17,24,3,2,135,1586,1785
314009,2,4,1,1,1,2,,3,1,,3140,9,18,4,3,101,1216,1115
314103,2,5,1,1,1,1,1,4,1,,3141,3,5,2,2,27,275,1555
314205,2,3,1,2,,1,1,2,1,,3142,5,28,1,2,162,1867,1798
314304,3,4,0,2,,1,2,7,1,,3143,4,24,4,2,137,1594,1069
314417,1,1,0,2,,2,,1,1,,3144,17,2,3,1,7,61,3848
314515,3,4,1,1,1,2,,9,1,,3145,15,17,4,5,96,1157,995
314605,2,6,2,1,1,1,1,3,1,,3146,5,31,2,6,182,2101,2002
314702,2,4,2,1,3,1,1,2,1,,3147,2,2,1,1,9,94,2118
314814,2,3,0,1,1,2,,3,1,,3148,14,32,4,3,187,2149,1504
314912,1,4,1,1,1,1,1,7,1,,3149,12,1,4,3,3,7,1634
315007,1,2,1,1,1,1,1,1,1,,3150,7,10,2,1,51,767,1281
315103,3,7,3,1,4,1,1,4,1,,3151,3,2,1,1,11,134,2795
315205,2,3,1,2,,1,1,3,1,,3152,5,14,2,3,75,961,16402
315302,4,5,2,1,1,1,1,7,1,,3153,2,5,1,2,29,320,1475
315402,2,4,1,2,,1,1,2,1,,3154,2,5,1,2,31,371,1862
315505,5,6,4,1,1,1,1,5,1,,3155,5,18,1,3,104,1242,1019
315605,3,4,2,1,1,1,1,4,1,,3156,5,22,1,3,128,1500,2224
315716,6,7,1,2,,2,,1,1,,3157,16,32,2,3,186,2142,1673
315804,4,5,1,1,1,1,1,6,1,,3158,4,2,1,1,10,103,3065
315920,2,3,1,2,,1,1,5,1,,3159,20,24,3,2,135,1586,1785
316005,2,5,1,1,1,1,1,5,1,,3160,5,5,1,2,29,287,1766
316110,1,6,0,2,,2,,3,1,,3161,10,7,4,6,39,452,3699
316208,2,4,1,2,,2,,6,1,,3162,8,19,2,2,105,1252,2794
316316,2,2,1,2,,1,1,3,1,,3163,16,31,3,6,179,2089,1807
316408,3,5,1,1,1,1,1,7,1,,3164,8,16,2,3,88,1109,4626
316501,2,3,1,1,2,2,,4,1,,3165,1,29,2,5,168,1978,1324
316608,2,3,0,2,,2,,3,1,,3166,8,12,4,6,63,883,3042
316707,2,3,1,2,,1,2,3,1,,3167,7,25,4,1,143,1679,2282
316809,2,4,1,2,,2,,1,1,,3168,9,13,2,5,67,918,1831
316910,3,5,4,2,,1,1,5,1,,3169,10,18,3,3,100,1210,1538
317005,2,4,1,1,1,1,1,4,1,,3170,5,21,2,5,121,1433,5100
317118,2,3,1,2,,2,,2,1,,3171,18,8,4,1,43,482,3070
317203,2,3,1,1,2,1,1,3,1,,3172,3,8,1,1,44,488,3274
317304,2,3,1,2,,1,1,4,1,,3173,4,28,1,2,163,1923,1830
317402,2,4,1,1,2,1,1,5,1,,3174,2,26,1,1,151,1777,2117
317503,2,2,1,2,,1,1,4,1,,3175,3,31,1,6,182,2096,2228
317604,2,4,2,1,3,1,1,2,1,,3176,4,4,1,6,25,270,631
317705,3,5,1,1,1,1,1,5,1,,3177,5,9,1,4,50,722,3217
317802,2,4,1,2,,1,1,1,1,,3178,2,9,1,4,50,721,3243
317913,2,4,1,1,1,1,1,4,1,,3179,13,18,2,3,100,1213,1488
318005,2,3,1,1,2,1,1,3,1,,3180,5,8,4,1,43,484,2372
318108,3,5,1,1,2,1,1,3,1,,3181,8,32,3,3,186,2143,1518
318204,1,2,1,2,,1,1,2,1,,3182,4,9,1,4,48,588,3638
318313,1,2,1,1,1,1,1,1,1,,3183,13,27,4,6,155,1819,1628
318401,1,2,1,1,1,1,1,2,1,,3184,1,8,1,1,46,550,3054
318502,2,5,2,2,,1,1,4,1,,3185,2,16,2,3,88,1110,4468
318604,2,4,3,2,,1,1,5,1,,3186,4,30,1,5,175,2050,6566
318702,1,4,1,1,2,1,1,4,1,,3187,2,8,1,1,44,486,3883
318813,2,2,0,2,,2,,5,1,,3188,13,12,4,6,63,883,3042
318905,2,5,2,1,2,1,1,2,1,,3189,5,2,1,1,10,105,3019
319004,1,2,1,1,1,2,,1,1,,3190,4,24,1,2,138,1605,1367
319112,2,3,0,2,,2,,2,1,,3191,12,24,3,2,135,1584,1829
319203,2,3,1,2,,1,1,9,1,,3192,3,28,1,2,162,1897,1571
319305,3,6,2,1,2,1,1,4,1,,3193,5,28,1,2,164,1958,1911
319401,4,6,2,1,2,1,1,2,1,,3194,1,13,4,5,71,936,2779
319505,2,3,1,1,1,1,1,4,1,,3195,5,15,1,5,86,1082,9451
319603,1,3,1,1,1,1,1,1,1,,3196,3,6,1,3,35,424,774
319704,2,3,1,2,,1,1,4,1,,3197,4,5,1,2,30,360,1402
319802,2,3,1,1,1,1,1,2,1,,3198,2,9,1,4,49,647,3351
319908,3,4,1,1,1,2,,5,1,,3199,8,13,4,5,71,935,2985
320002,2,3,1,2,,2,,5,1,,3200,2,28,1,2,162,1856,1976
320101,2,3,1,2,,1,1,3,1,,3201,1,19,2,2,105,1252,2794
320209,1,4,1,1,1,2,,3,1,,3202,9,30,4,5,174,2048,4995
320312,2,6,1,1,3,1,1,4,1,,3203,12,5,2,2,27,275,1555
320404,4,5,1,2,,1,2,7,1,,3204,4,25,3,1,141,1675,2587
320505,3,5,2,2,,1,1,4,1,,3205,5,11,2,3,56,831,4889
320605,2,5,2,1,1,1,1,3,1,,3206,5,29,4,5,169,1985,1170
320702,2,4,1,1,1,1,1,4,1,,3207,2,3,1,1,15,158,561
320802,3,4,2,1,1,1,1,5,1,,3208,2,23,1,6,134,1576,1773
320916,1,1,0,1,1,1,1,2,1,,3209,16,6,4,3,33,394,835
321003,2,3,1,1,1,1,1,1,1,,3210,3,31,1,6,183,2111,2375
321102,2,2,0,1,1,2,,1,1,,3211,2,8,1,1,46,540,3689
321201,2,7,2,1,2,1,1,1,1,,3212,1,18,1,3,104,1245,896
321302,2,3,1,2,,1,1,6,1,,3213,2,23,1,6,132,1557,1153
321401,2,3,1,2,,1,2,3,1,,3214,1,17,3,5,97,1168,1667
321501,2,3,1,1,1,1,1,3,1,,3215,1,3,1,1,16,171,658
321605,2,4,1,2,,1,1,2,1,,3216,5,29,3,5,170,2024,990
321703,1,2,1,2,,1,2,2,1,,3217,3,5,3,2,26,272,1902
321805,1,4,1,1,1,1,1,3,1,,3218,5,9,1,4,50,758,1172
321902,5,7,2,1,1,1,1,3,1,,3219,2,29,2,5,170,2021,1028
322003,3,4,2,2,,1,1,2,1,,3220,3,16,1,3,92,1130,4767
322103,3,5,1,1,1,1,1,5,1,,3221,3,3,1,1,16,176,611
322220,3,4,0,2,,1,1,7,1,,3222,20,7,4,6,39,449,4091
322302,3,5,2,2,,1,1,2,1,,3223,2,19,1,2,107,1301,3306
322410,2,5,0,2,,2,,2,1,,3224,10,24,4,2,136,1588,1337
322502,3,5,1,2,,1,2,1,1,,3225,2,9,1,4,48,588,3638
322605,2,4,2,2,,1,1,6,1,,3226,5,4,1,6,22,232,413
322718,2,4,1,1,3,2,,3,1,,3227,18,25,3,1,141,1673,2778
322805,1,4,1,1,1,2,,4,1,,3228,5,4,1,6,22,230,474
322917,2,3,1,1,1,2,,2,1,,3229,17,3,4,1,14,149,796
323013,1,2,1,2,,1,1,3,1,,3230,13,22,4,3,125,1468,1809
323111,1,1,0,1,1,1,2,3,1,,3231,11,20,4,6,111,1382,3286
323203,4,7,2,1,1,1,1,6,1,,3232,3,22,1,3,128,1496,2397
323304,2,5,2,1,2,1,1,3,1,,3233,4,22,1,3,128,1509,1993
323401,1,1,1,2,,2,,1,1,,3234,1,17,1,5,97,1170,1534
323503,3,4,1,1,1,2,,3,1,,3235,3,19,1,2,107,1328,2819
323611,2,4,1,2,,1,1,6,1,,3236,11,30,2,5,172,2036,7817
323703,1,3,1,1,1,1,1,1,1,,3237,3,16,1,3,91,1123,4162
323805,1,3,1,1,1,1,1,2,1,,3238,5,19,1,2,108,1338,3413
323901,2,4,1,1,1,1,1,4,1,,3239,1,9,1,4,48,600,2328
324001,3,4,1,1,3,1,1,4,1,,3240,1,3,1,1,18,201,1001
324109,2,3,1,1,2,1,1,3,1,,3241,9,14,3,3,75,965,3506
324207,3,6,1,1,2,1,1,3,1,,3242,7,8,4,1,43,482,3070
324304,1,2,0,2,,2,,2,1,,3243,4,12,1,6,64,894,2202
324404,3,6,1,1,1,1,1,5,1,,3244,4,18,1,3,103,1235,1052
324501,1,2,1,2,,1,1,3,1,,3245,1,9,1,4,49,675,1417
324611,1,3,1,2,,2,,1,1,,3246,11,20,4,6,111,1379,3848
324714,2,6,2,1,1,1,1,4,1,,3247,14,13,4,5,71,937,2578
324802,2,3,1,1,1,1,1,2,1,,3248,2,2,3,1,7,61,3848
324902,1,3,0,2,,2,,2,1,,3249,2,15,2,5,85,1034,13299
325013,1,2,0,2,,2,,4,1,,3250,13,7,4,6,39,456,3330
325112,2,5,1,2,,2,,2,1,,3251,12,19,2,2,105,1251,2799
325201,1,2,1,2,,2,,3,1,,3252,1,27,4,6,154,1817,2285
325302,2,3,1,2,,1,1,6,1,,3253,2,2,1,1,11,136,2692
325402,4,5,2,2,,2,,6,1,,3254,2,3,1,1,17,183,709
325504,3,4,2,1,1,1,1,5,1,,3255,4,2,1,1,9,78,3090
325602,2,6,1,1,2,1,1,7,1,,3256,2,5,1,2,30,339,1541
325719,2,3,0,2,,1,2,4,1,,3257,19,21,4,5,118,1414,5277
325801,1,4,1,2,,2,,2,1,,3258,1,5,2,2,29,302,1638
325905,1,3,1,1,1,1,1,2,1,,3259,5,6,1,3,35,424,774
326005,3,6,2,1,1,1,1,4,1,,3260,5,5,1,2,31,372,1842
326102,1,2,1,1,1,1,1,2,1,,3261,2,11,4,3,57,836,4721
326202,2,4,1,1,1,1,1,4,1,,3262,2,32,1,3,189,2162,1154
326303,3,4,1,1,1,2,,3,1,,3263,3,3,4,1,14,149,796
326404,3,5,1,1,5,1,1,5,1,,3264,4,26,1,1,151,1790,1603
326504,2,3,1,1,1,1,1,3,1,,3265,4,25,1,1,146,1734,1558
326602,1,3,1,2,,1,1,3,1,,3266,2,23,1,6,132,1540,1661
326701,1,3,0,2,,2,,1,1,,3267,1,30,1,5,175,2052,6484
326819,2,3,0,2,,2,,4,1,,3268,19,12,4,6,63,889,2449
326905,1,2,1,1,1,2,,4,1,,3269,5,3,2,1,12,143,609
327008,3,4,1,1,1,2,,6,1,,3270,8,10,4,1,52,771,1323
327105,3,4,1,2,,1,1,1,1,,3271,5,10,1,1,53,786,1242
327204,1,2,1,2,,2,,3,1,,3272,4,15,3,5,81,1018,5909
327315,3,4,1,1,1,1,1,5,1,,3273,15,11,4,3,57,837,4691
327403,3,7,2,1,1,1,1,4,1,,3274,3,5,1,2,31,383,1756
327507,4,7,3,1,4,1,1,5,1,,3275,7,3,2,1,13,147,488
327602,1,2,1,2,,1,1,2,1,,3276,2,31,1,6,181,2093,2816
327701,1,1,0,2,,1,1,1,1,,3277,1,12,4,6,63,882,3147
327804,1,1,1,2,,2,,2,1,,3278,4,28,1,2,162,1896,1593
327902,3,5,1,1,1,1,1,1,1,,3279,2,28,1,2,164,1961,1825
328014,3,5,1,2,,1,1,3,1,,3280,14,13,4,5,70,933,2426
328109,2,4,1,2,,2,,2,1,,3281,9,3,3,1,12,144,592
328202,2,3,1,2,,1,1,2,1,,3282,2,1,1,3,4,21,1259
328309,2,5,1,2,,1,1,4,1,,3283,9,24,2,2,135,1583,1844
328401,2,3,1,1,2,1,1,4,1,,3284,1,28,1,2,163,1947,1572
328503,2,4,0,1,1,2,,2,1,,3285,3,18,4,3,101,1219,985
328603,2,5,1,2,,1,1,3,1,,3286,3,21,1,5,121,1432,5447
328703,2,5,1,2,,1,1,2,1,,3287,3,5,1,2,30,329,1661
328805,2,3,1,2,,1,1,2,1,,3288,5,7,4,6,39,453,3363
328917,1,2,0,2,,2,,3,1,,3289,17,20,4,6,111,1385,3030
329009,3,4,2,1,2,1,1,4,1,,3290,9,3,3,1,13,146,496
329107,2,3,1,2,,1,1,3,1,,3291,7,11,2,3,56,833,4741
329202,5,18,8,1,4,1,1,3,1,,3292,2,9,1,4,50,732,2972
329301,1,3,1,1,1,1,1,3,1,,3293,1,28,1,2,163,1918,1883
329403,2,3,1,2,,1,1,2,1,,3294,3,25,1,1,145,1717,2424
329502,3,5,2,1,1,1,1,4,1,,3295,2,27,1,6,157,1835,4084
329602,2,6,1,2,,1,2,3,1,,3296,2,19,1,2,106,1278,3197
329701,2,4,1,2,,2,,3,1,,3297,1,28,1,2,162,1877,1713
329820,2,2,2,2,,1,1,2,1,,3298,20,31,3,6,179,2088,1811
329904,2,4,0,2,,2,,6,1,,3299,4,29,4,5,169,1992,1101
330002,3,5,1,2,,1,1,3,1,,3300,2,24,1,2,139,1627,1341
330108,2,4,1,2,,1,1,4,1,,3301,8,30,2,5,172,2036,7817
330203,2,4,1,2,,1,1,4,1,,3302,3,2,1,1,9,67,3508
330304,3,5,1,2,,1,1,5,1,,3303,4,10,1,1,54,802,1327
330405,2,2,0,2,,2,,4,1,,3304,5,4,3,6,20,223,797
330507,2,2,0,2,,2,,5,1,,3305,7,18,4,3,101,1217,1108
330601,3,5,1,2,,1,1,1,1,,3306,1,13,2,5,68,927,1392
330703,3,5,1,1,2,1,1,6,1,,3307,3,26,1,1,151,1779,2117
330805,1,4,1,1,1,1,1,1,1,,3308,5,15,1,5,85,1044,11976
330901,2,4,1,1,2,1,1,2,1,,3309,1,24,1,2,140,1670,1149
331003,3,5,1,1,1,1,1,5,1,,3310,3,28,1,2,162,1898,1567
331101,1,1,1,2,,1,2,3,1,,3311,1,3,1,1,17,181,724
331203,3,7,3,1,2,1,1,3,1,,3312,3,4,1,6,25,269,771
331306,1,3,0,2,,1,2,2,1,,3313,6,20,4,6,111,1383,3212
331406,3,5,1,1,1,1,1,4,1,,3314,6,25,4,1,143,1682,2124
331504,2,3,1,2,,1,1,4,1,,3315,4,5,1,2,29,322,1442
331614,2,4,1,1,1,2,,2,1,,3316,14,22,4,3,125,1468,1809
331701,1,3,1,1,1,1,1,2,1,,3317,1,6,2,3,32,390,691
331807,2,3,0,2,,2,,3,1,,3318,7,15,4,5,83,1024,5447
331904,2,4,1,1,1,1,1,2,1,,3319,4,22,1,3,127,1480,2089
332014,2,3,1,1,1,2,,5,1,,3320,14,17,2,5,94,1151,717
332103,2,3,1,1,1,1,1,2,1,,3321,3,27,2,6,153,1807,2589
332201,2,3,1,2,,1,1,9,1,,3322,1,23,1,6,132,1550,1443
332301,3,4,2,1,2,1,1,8,1,,3323,1,2,1,1,9,88,2583
332401,1,2,1,1,1,1,2,2,1,,3324,1,29,2,5,170,2013,1316
332502,3,4,2,1,1,1,1,4,1,,3325,2,19,1,2,106,1280,3179
332619,1,1,0,2,,2,,5,1,,3326,19,7,4,6,39,456,3330
332701,2,3,1,1,1,1,1,3,1,,3327,1,6,1,3,35,414,927
332801,2,5,2,2,,2,,1,1,,3328,1,28,1,2,162,1904,1534
332901,1,1,1,2,,1,1,3,1,,3329,1,4,3,6,19,221,707
333004,2,3,1,2,,2,,7,1,,3330,4,29,3,5,169,1994,1078
333105,1,1,0,2,,2,,1,1,,3331,5,24,4,2,136,1588,1337
333201,2,4,1,1,1,1,1,3,1,,3332,1,3,1,1,17,199,589
333307,1,3,1,2,,2,,2,1,,3333,7,27,4,6,155,1819,1628
333402,3,4,1,2,,1,1,4,1,,3334,2,16,1,3,91,1127,3613
333520,1,1,0,2,,1,1,7,1,,3335,20,4,4,6,21,226,887
333613,1,3,0,2,,2,,2,1,,3336,13,20,2,6,109,1372,3454
333702,1,3,1,2,,2,,1,1,,3337,2,27,2,6,153,1810,2576
333804,1,2,1,2,,2,,1,1,,3338,4,28,1,2,162,1889,1636
333902,2,4,1,1,1,1,1,3,1,,3339,2,9,1,4,50,762,789
334004,2,3,1,2,,1,1,5,1,,3340,4,28,1,2,162,1859,1917
334105,4,6,3,1,3,1,1,5,1,,3341,5,9,1,4,50,720,3279
334202,3,5,1,2,,1,1,5,1,,3342,2,29,3,5,170,2029,865
334304,2,3,1,2,,1,1,3,1,,3343,4,1,1,3,4,22,1253
334419,1,2,1,2,,1,2,2,1,,3344,19,22,4,3,125,1465,3729
334503,2,2,2,2,,1,1,2,1,,3345,3,12,1,6,66,909,3673
334615,2,5,2,1,1,1,1,3,1,,3346,15,24,4,2,137,1595,1121
334704,1,3,1,2,,2,,1,1,,3347,4,17,3,5,94,1141,4249
334805,2,3,1,1,1,1,1,4,1,,3348,5,29,3,5,169,1999,1031
334914,2,3,1,1,1,1,1,3,1,,3349,14,14,3,3,75,965,3506
335003,3,5,1,2,,2,,1,1,,3350,3,18,4,3,101,1218,1072
335103,2,4,1,1,1,1,1,4,1,,3351,3,9,1,4,50,762,789
335202,3,5,1,2,,1,1,5,1,,3352,2,5,4,2,28,277,1380
335305,1,4,1,1,2,1,1,2,1,,3353,5,28,1,2,162,1890,1631
335402,2,4,1,1,1,1,1,5,1,,3354,2,8,1,1,45,527,3042
335503,2,5,1,2,,2,,4,1,,3355,3,29,3,5,165,1964,1215
335603,1,6,2,2,,2,,1,1,,3356,3,31,1,6,183,2112,2306
335719,2,3,1,2,,1,1,5,1,,3357,19,4,2,6,20,224,779
335801,3,6,3,1,2,1,1,6,2,2,3358,1,29,3,5,170,2027,908
335914,2,3,1,1,1,1,1,5,1,,3359,14,14,2,3,76,968,7378
336005,4,7,1,1,1,1,1,1,1,,3360,5,17,1,5,97,1167,1679
336104,2,5,2,1,2,1,1,4,1,,3361,4,5,2,2,26,273,1479
336212,2,3,0,2,,2,,3,1,,3362,12,28,4,2,160,1846,1388
336301,2,4,1,2,,1,1,3,1,,3363,1,9,1,4,50,703,3504
336404,2,3,1,1,1,1,1,6,1,,3364,4,1,4,3,3,7,1634
336502,2,3,1,2,,1,2,5,1,,3365,2,5,1,2,29,301,1649
336601,2,3,1,2,,1,1,5,1,,3366,1,25,1,1,145,1705,2626
336717,2,6,1,2,,2,,3,1,,3367,17,32,3,3,185,2140,1353
336804,2,4,1,2,,1,1,4,1,,3368,4,9,1,4,48,576,3999
336902,2,3,1,1,1,1,1,3,1,,3369,2,25,1,1,146,1726,3600
337002,2,3,1,1,2,1,1,3,1,,3370,2,25,1,1,145,1714,2478
337104,2,4,1,1,2,1,1,4,1,,3371,4,25,3,1,141,1673,2778
337205,2,2,0,2,,2,,4,1,,3372,5,29,3,5,165,1964,1215
337306,1,2,0,2,,2,,2,1,,3373,6,28,4,2,160,1846,1388
337402,5,6,1,1,1,1,1,6,1,,3374,2,15,2,5,85,1041,12342
337505,1,2,1,1,1,1,1,2,1,,3375,5,12,1,6,65,899,2951
337603,1,2,1,2,,1,2,10,1,,3376,3,28,1,2,162,1906,1468
337701,2,5,1,1,1,1,1,3,1,,3377,1,32,1,3,189,2156,1324
337804,2,3,1,1,1,1,1,3,1,,3378,4,25,1,1,145,1711,2513
337901,2,3,0,2,,2,,3,1,,3379,1,7,4,6,39,456,3330
338009,2,2,1,2,,2,,8,1,,3380,9,12,3,6,61,877,2869
338105,3,4,2,1,1,1,1,4,1,,3381,5,1,1,3,5,43,1062
338219,5,7,1,1,1,1,1,7,1,,3382,19,7,2,6,37,444,3822
338303,2,4,1,2,,2,,4,1,,3383,3,31,2,6,179,2087,1839
338419,2,6,0,2,,2,,5,1,,3384,19,4,4,6,21,229,690
338503,1,2,1,1,1,1,1,1,1,,3385,3,10,1,1,54,817,1191
338620,3,4,1,1,1,1,1,2,1,,3386,20,24,3,2,135,1587,1397
338702,3,4,1,1,1,1,1,4,1,,3387,2,20,1,6,113,1395,2979
338803,2,3,1,2,,2,,3,1,,3388,3,20,3,6,113,1394,3011
338901,2,3,1,2,,1,1,3,1,,3389,1,19,1,2,107,1321,3056
339001,1,6,1,1,1,1,1,4,1,,3390,1,9,1,4,49,671,1908
339112,2,3,1,2,,1,1,5,1,,3391,12,17,4,5,96,1156,1044
339203,1,2,1,1,1,1,1,3,1,,3392,3,6,1,3,34,413,135
339302,2,5,2,1,2,1,1,3,1,,3393,2,25,1,1,145,1698,2801
339403,3,4,1,2,,1,1,3,1,,3394,3,17,1,5,97,1158,1598
339505,3,5,2,1,2,1,1,4,1,,3395,5,9,1,4,50,754,1844
339604,1,1,1,1,1,1,1,3,1,,3396,4,4,1,6,24,262,621
339703,1,4,1,1,1,2,,1,1,,3397,3,14,1,3,80,1002,7693
339803,3,5,1,2,,1,1,4,1,,3398,3,28,1,2,162,1884,1659
339905,2,4,1,1,1,1,1,4,1,,3399,5,28,1,2,162,1861,1888
340002,1,3,1,1,1,1,1,1,1,,3400,2,18,1,3,103,1232,1097
340103,2,3,1,1,1,1,1,3,1,,3401,3,9,1,4,49,660,3083
340220,1,3,1,2,,2,,2,1,,3402,20,6,2,3,32,390,691
340304,1,2,1,2,,2,,2,1,,3403,4,29,3,5,170,2015,1223
340405,3,4,1,2,,1,1,1,1,,3404,5,9,1,4,50,713,3405
340505,3,5,2,1,2,1,1,7,1,,3405,5,25,4,1,143,1679,2282
340605,3,4,2,1,2,1,1,3,1,,3406,5,14,1,3,80,1005,7057
340705,2,2,0,2,,1,1,4,1,,3407,5,29,3,5,169,2000,1024
340803,2,4,1,2,,2,,4,1,,3408,3,9,1,4,50,682,3886
340902,2,3,1,1,1,1,1,5,1,,3409,2,8,1,1,44,489,3232
341004,2,3,1,1,1,2,,4,1,,3410,4,29,4,5,170,2028,888
341105,3,3,2,1,3,1,1,3,1,,3411,5,26,1,1,152,1799,2201
341201,2,3,1,1,1,1,1,3,1,,3412,1,19,2,2,107,1296,3884
341301,2,5,1,1,1,1,1,2,1,,3413,1,9,1,4,49,622,4001
341401,1,1,0,2,,1,1,3,1,,3414,1,3,1,1,15,161,350
341502,3,4,1,2,,1,1,4,1,,3415,2,10,1,1,54,812,1291
341603,2,5,1,1,1,1,2,4,1,,3416,3,5,1,2,29,313,1581
341702,2,3,1,1,1,1,1,5,1,,3417,2,23,1,6,133,1560,1890
341814,1,1,1,2,,1,1,3,1,,3418,14,23,2,6,129,1514,2031
341905,2,3,1,2,,2,,3,1,,3419,5,20,4,6,111,1384,3206
342001,2,3,1,1,1,1,1,2,1,,3420,1,1,1,3,6,52,1338
342113,2,3,1,1,1,1,1,4,1,,3421,13,25,3,1,141,1673,2778
342203,1,2,1,2,,2,,2,1,,3422,3,3,1,1,15,151,748
342308,2,3,1,1,1,1,2,4,1,,3423,8,32,4,3,187,2147,1565
342418,2,3,0,2,,2,,6,1,,3424,18,7,4,6,39,455,3338
342514,1,2,1,2,,2,,3,1,,3425,14,31,4,6,180,2091,2598
342602,3,4,0,2,,1,2,4,1,,3426,2,24,4,2,136,1591,1218
342705,2,5,2,1,1,1,1,3,1,,3427,5,9,1,4,50,739,2800
342805,2,3,1,2,,2,,2,1,,3428,5,3,1,1,16,163,791
342901,2,3,1,2,,1,1,6,1,,3429,1,17,1,5,98,1182,1678
343004,3,4,1,2,,1,1,2,1,,3430,4,22,1,3,127,1493,1759
343102,1,4,1,2,,2,,2,1,,3431,2,27,4,6,155,1818,1651
343204,3,5,3,1,1,1,1,3,1,,3432,4,10,1,1,55,826,1300
343306,1,1,1,2,,1,1,2,1,,3433,6,4,4,6,21,227,882
343420,2,3,1,1,1,1,1,5,1,,3434,20,19,2,2,105,1252,2794
343503,1,2,1,2,,1,1,1,1,,3435,3,17,1,5,97,1179,1178
343609,3,5,1,1,1,1,2,4,1,,3436,9,19,3,2,105,1255,1919
343703,2,5,1,1,1,1,1,3,1,,3437,3,23,1,6,131,1517,1769
343802,2,4,1,2,,2,,1,1,,3438,2,31,3,6,182,2103,1967
343901,2,3,1,1,1,1,1,3,1,,3439,1,30,1,5,176,2071,5855
344017,2,4,0,2,,2,,7,1,,3440,17,4,3,6,20,223,797
344120,4,6,2,1,1,1,1,4,1,,3441,20,13,2,5,67,923,1581
344215,1,3,0,1,1,1,1,4,1,,3442,15,28,4,2,160,1847,1348
344304,3,5,1,2,,1,1,3,1,,3443,4,9,1,4,49,630,3778
344404,4,5,1,1,1,1,1,7,1,,3444,4,8,1,1,44,514,2406
344512,2,4,1,2,,2,,1,1,,3445,12,20,4,6,111,1384,3206
344602,1,2,0,2,,2,,1,1,,3446,2,12,3,6,61,878,2843
344703,1,2,1,2,,2,,5,1,,3447,3,4,4,6,21,229,690
344803,3,6,2,1,3,1,1,6,1,,3448,3,3,1,1,16,169,669
344902,2,4,1,1,1,1,1,5,1,,3449,2,24,1,2,138,1609,1304
345019,2,3,1,2,,2,,4,1,,3450,19,32,4,3,187,2146,1688
345102,3,6,1,1,1,1,1,4,1,,3451,2,9,1,4,50,742,2715
345201,1,4,1,2,,1,1,2,1,,3452,1,9,1,4,48,584,3791
345315,3,4,1,1,1,1,1,2,1,,3453,15,18,3,3,100,1211,1520
345414,3,5,1,1,1,1,1,4,1,,3454,14,10,3,1,51,766,1365
345504,1,5,2,1,2,1,1,1,1,,3455,4,5,1,2,29,319,1512
345607,1,2,1,1,1,2,,4,1,,3456,7,16,3,3,88,1111,4301
345702,1,1,1,2,,1,1,4,1,,3457,2,8,1,1,44,508,2710
345809,3,4,1,1,1,2,,6,1,,3458,9,32,3,3,185,2138,1543
345903,2,4,1,1,1,1,1,4,1,,3459,3,13,3,5,73,947,2917
346005,1,3,1,2,,2,,2,1,,3460,5,15,1,5,85,1056,9925
346117,1,2,0,1,2,2,,7,1,,3461,17,10,4,1,52,771,1323
346201,2,5,2,1,1,1,1,4,1,,3462,1,15,1,5,86,1078,10950
346313,1,7,3,2,,1,1,1,1,,3463,13,15,3,5,81,1018,5909
346415,1,2,1,1,1,1,1,2,1,,3464,15,26,2,1,147,1736,2632
346505,2,4,1,2,,1,1,2,1,,3465,5,9,1,4,50,691,3701
346604,1,4,1,1,1,1,1,2,1,,3466,4,9,1,4,50,694,3633
346704,6,9,2,1,2,1,1,6,1,,3467,4,22,1,3,127,1484,1991
346801,2,3,2,1,1,1,1,4,1,,3468,1,19,1,2,107,1328,2819
346903,1,4,1,1,2,1,1,2,1,,3469,3,8,1,1,44,506,2740
347002,3,4,1,1,4,2,,4,1,,3470,2,5,1,2,29,310,1581
347101,4,6,2,2,,1,1,7,1,,3471,1,15,1,5,85,1046,11818
347205,1,3,1,2,,2,,1,1,,3472,5,5,1,2,29,306,1608
347303,3,5,1,1,1,1,1,2,1,,3473,3,9,1,4,49,616,4160
347402,3,5,1,1,1,1,1,4,1,,3474,2,19,1,2,108,1368,2882
347502,3,4,2,2,,1,2,1,1,,3475,2,21,1,5,120,1423,5696
347612,1,2,0,1,1,2,,4,1,,3476,12,4,4,6,21,227,882
347707,1,3,0,2,,2,,2,1,,3477,7,12,4,6,63,885,2839
347803,1,2,1,2,,2,,3,1,,3478,3,12,1,6,66,910,3312
347907,2,3,1,2,,2,,3,1,,3479,7,16,4,3,89,1113,3018
348001,2,3,1,1,1,1,1,4,1,,3480,1,24,4,2,137,1598,1015
348101,2,4,2,2,,1,1,2,1,,3481,1,9,1,4,50,756,1305
348205,1,4,1,2,,1,1,2,1,,3482,5,13,1,5,74,958,2331
348319,4,5,1,1,2,2,,4,1,,3483,19,13,3,5,68,928,1288
348405,2,4,1,1,2,1,1,4,1,,3484,5,17,3,5,94,1144,3844
348508,2,4,1,2,,1,1,4,1,,3485,8,21,2,5,116,1409,5069
348603,3,7,2,1,2,1,1,4,1,,3486,3,15,3,5,81,1013,21426
348703,2,4,1,2,,2,,1,1,,3487,3,22,1,3,128,1505,2103
348801,3,6,2,1,1,1,1,4,1,,3488,1,22,1,3,128,1499,2283
348917,1,1,1,2,,1,1,5,1,,3489,17,27,4,6,155,1820,1502
349006,1,4,1,2,,2,,2,1,,3490,6,24,4,2,136,1592,1094
349104,1,3,2,1,1,1,1,2,1,,3491,4,30,1,5,176,2073,5707
349204,3,9,3,2,,1,1,3,1,,3492,4,19,1,2,107,1304,3237
349316,2,3,1,2,,1,1,5,1,,3493,16,5,2,2,26,274,1433
349409,3,6,2,1,1,1,1,3,1,,3494,9,18,4,3,101,1217,1108
349501,3,9,2,1,2,1,1,2,1,,3495,1,8,1,1,46,552,2970
349603,3,4,1,2,,1,1,6,1,,3496,3,9,1,4,49,655,3136
349701,3,5,1,1,1,1,1,4,1,,3497,1,5,1,2,29,307,1598
349809,1,2,0,2,,2,,5,1,,3498,9,17,4,5,96,1157,995
349918,1,3,1,2,,2,,1,1,,3499,18,13,4,5,71,938,2501
350003,2,5,2,1,2,1,1,2,1,,3500,3,5,1,2,31,376,1820
350101,1,3,1,2,,2,,2,1,,3501,1,6,1,3,34,399,908
350214,2,4,0,2,,1,1,6,1,,3502,14,20,4,6,111,1378,4169
350302,3,5,1,1,1,1,1,5,1,,3503,2,5,1,2,29,283,1826
350405,1,3,1,2,,1,1,3,1,,3504,5,9,1,4,49,644,3450
350504,2,4,1,2,,1,1,1,1,,3505,4,9,1,4,50,685,3836
350605,3,5,2,1,1,1,1,2,1,,3506,5,24,1,2,140,1654,1462
350701,1,3,1,2,,1,1,1,1,,3507,1,19,1,2,108,1347,3311
350804,3,4,2,1,1,1,1,2,1,,3508,4,6,1,3,36,433,666
350903,3,5,2,1,1,1,1,3,1,,3509,3,5,1,2,31,385,1728
351002,1,2,1,2,,1,2,3,1,,3510,2,25,1,1,145,1699,2772
351106,2,4,0,2,,2,,3,1,,3511,6,26,4,1,149,1740,2152
351203,2,6,1,2,,2,,4,1,,3512,3,9,4,4,47,556,1507
351301,1,2,1,2,,2,,1,1,,3513,1,22,1,3,126,1477,1644
351403,3,5,1,2,,1,1,7,1,,3514,3,21,1,5,121,1435,4504
351520,2,3,1,1,1,1,1,4,1,,3515,20,27,3,6,153,1811,2396
351617,3,4,1,1,1,1,1,6,1,,3516,17,27,3,6,153,1809,2602
351708,2,3,1,1,1,2,,3,1,,3517,8,17,4,5,96,1156,1044
351804,2,3,1,1,2,1,1,5,1,,3518,4,18,2,3,103,1229,1153
351902,1,6,1,2,,1,1,1,1,,3519,2,24,1,2,139,1637,1272
352001,2,3,2,1,1,1,1,2,1,,3520,1,27,3,6,158,1839,3897
352104,2,3,1,2,,2,,2,1,,3521,4,29,3,5,165,1963,1595
352205,1,3,1,1,1,1,1,3,1,,3522,5,5,2,2,26,274,1433
352305,4,6,1,2,,2,,4,1,,3523,5,1,1,3,4,20,1269
352410,2,3,1,1,1,1,1,5,1,,3524,10,14,2,3,76,968,7378
352510,2,4,0,2,,1,2,4,1,,3525,10,21,4,5,117,1413,3844
352602,1,2,1,2,,2,,1,1,,3526,2,10,1,1,53,781,1302
352704,1,2,1,2,,1,1,4,1,,3527,4,26,1,1,150,1748,2637
352803,3,4,1,1,1,1,1,4,1,,3528,3,19,1,2,107,1330,2550
352919,2,3,0,2,,2,,1,1,,3529,19,30,3,5,172,2037,7808
353006,3,5,1,1,2,1,1,2,1,,3530,6,21,2,5,116,1409,5069
353103,1,2,1,2,,2,,1,1,,3531,3,6,1,3,36,438,660
353203,1,4,2,1,1,1,1,2,1,,3532,3,9,1,4,50,723,3197
353307,1,2,1,2,,1,1,1,1,,3533,7,29,2,5,166,1969,729
353416,1,1,1,2,,2,,6,1,,3534,16,27,4,6,154,1816,2554
353502,3,4,2,1,2,1,1,4,1,,3535,2,28,1,2,163,1937,1709
353603,2,4,2,1,1,1,1,2,1,,3536,3,2,1,1,9,64,3722
353709,2,3,1,1,1,1,2,6,1,,3537,9,25,4,1,143,1681,2188
353819,2,2,1,2,,2,,1,1,,3538,19,8,4,1,43,485,1975
353903,3,4,2,1,1,1,1,4,1,,3539,3,19,1,2,106,1279,3185
354005,2,4,1,1,1,2,,4,1,,3540,5,31,1,6,182,2105,1935
354101,2,5,2,1,2,1,1,3,1,,3541,1,9,1,4,48,578,3996
354209,1,3,1,2,,2,,1,1,,3542,9,30,4,5,174,2047,5218
354312,1,2,1,1,1,1,1,6,1,,3543,12,18,3,3,100,1210,1538
354404,1,1,1,1,1,2,,5,1,,3544,4,28,1,2,162,1898,1567
354503,3,4,1,1,1,1,1,3,1,,3545,3,5,1,2,30,351,1464
354611,1,2,1,1,1,2,,2,2,2,3546,11,2,2,1,7,60,4118
354705,3,4,2,1,1,1,1,7,1,,3547,5,10,1,1,53,784,1272
354804,2,3,1,1,1,1,1,5,1,,3548,4,3,1,1,16,172,639
354912,1,2,1,1,1,2,,5,1,,3549,12,8,2,1,42,480,3631
355017,1,1,1,2,,1,1,1,1,,3550,17,23,4,6,130,1515,1790
355104,3,4,1,1,1,2,,3,1,,3551,4,11,3,3,56,832,4770
355204,2,3,1,1,2,1,1,4,1,,3552,4,3,1,1,16,167,688
355301,1,2,1,2,,2,,1,1,,3553,1,20,2,6,109,1372,3454
355403,2,4,1,1,2,1,1,4,1,,3554,3,5,1,2,30,344,1491
355502,3,3,2,2,,1,1,1,1,,3555,2,4,1,6,25,270,631
355603,3,4,1,2,,2,,4,1,,3556,3,29,3,5,166,1970,682
355715,1,2,1,2,,2,,1,1,,3557,15,5,4,2,28,279,1313
355804,1,1,1,1,1,1,1,1,1,,3558,4,3,1,1,15,159,480
355902,2,4,1,1,1,1,1,3,1,,3559,2,21,2,5,120,1428,4206
356003,3,5,1,1,1,1,1,2,1,,3560,3,9,1,4,49,646,3384
356103,1,2,1,2,,2,,1,1,,3561,3,9,1,4,49,651,3240
356206,2,3,1,2,,2,,2,1,,3562,6,13,4,5,71,938,2501
356306,1,1,0,2,,2,,2,1,,3563,6,12,4,6,63,883,3042
356412,2,4,1,2,,2,,4,1,,3564,12,10,4,1,52,774,1138
356501,1,1,1,1,1,1,1,5,1,,3565,1,14,2,3,75,963,13690
356614,1,3,0,2,,2,,2,1,,3566,14,11,2,3,56,833,4741
356702,2,3,1,1,1,1,1,5,1,,3567,2,19,1,2,106,1283,3163
356812,1,2,3,1,1,1,1,2,1,,3568,12,30,4,5,173,2043,4521
356903,2,3,1,1,2,1,1,3,1,,3569,3,3,1,1,17,183,709
357002,2,6,1,1,1,1,1,5,1,,3570,2,9,1,4,49,671,1908
357105,2,5,1,2,,1,1,3,1,,3571,5,9,1,4,48,571,4158
357209,2,3,1,1,1,1,1,4,1,,3572,9,20,3,6,109,1373,2841
357305,3,6,2,1,2,1,1,2,1,,3573,5,9,1,4,50,753,1937
357403,3,5,2,2,,1,1,4,1,,3574,3,23,1,6,131,1523,1751
357505,3,5,1,2,,2,,4,1,,3575,5,5,1,2,30,357,1426
357611,1,1,1,2,,2,,1,1,,3576,11,4,3,6,19,220,797
357702,1,3,1,2,,1,1,2,1,,3577,2,27,3,6,157,1836,3583
357818,1,3,0,2,,2,,6,1,,3578,18,7,4,6,39,452,3699
357901,1,3,1,2,,1,1,2,1,,3579,1,1,1,3,4,22,1253
358005,3,6,1,1,2,1,1,3,1,,3580,5,8,1,1,46,548,3089
358101,1,3,1,2,,1,1,1,1,,3581,1,9,1,4,49,651,3240
358202,3,4,2,1,2,1,1,2,1,,3582,2,24,1,2,140,1666,1258
358303,3,4,1,1,1,2,,6,1,,3583,3,16,4,3,90,1114,10379
358409,2,4,2,2,,2,,1,1,,3584,9,4,4,6,21,228,784
358508,3,4,1,1,1,2,,1,1,,3585,8,12,4,6,63,885,2839
358613,4,6,2,1,1,2,,2,1,,3586,13,24,4,2,136,1592,1094
358703,2,4,1,2,,1,1,2,1,,3587,3,6,1,3,36,435,677
358803,2,4,0,2,,2,,6,1,,3588,3,30,4,5,173,2040,4785
358901,2,4,1,1,1,1,1,3,1,,3589,1,1,1,3,6,48,1412
359018,2,5,1,2,,2,,3,1,,3590,18,5,4,2,28,277,1380
359118,2,4,1,1,1,1,1,2,1,,3591,18,22,4,3,125,1467,2137
359203,3,5,1,2,,1,1,2,1,,3592,3,2,1,1,11,131,2945
359303,1,4,1,2,,1,2,2,1,,3593,3,19,3,2,106,1282,3165
359404,2,3,1,1,3,1,1,2,1,,3594,4,5,1,2,30,366,378
359503,1,3,1,2,,1,2,1,1,,3595,3,6,1,3,35,419,817
359617,2,3,1,2,,2,,4,1,,3596,17,29,3,5,166,1970,682
359707,1,3,1,2,,2,,1,1,,3597,7,10,4,1,52,768,1450
359801,5,7,2,1,2,1,1,1,1,,3598,1,22,1,3,128,1507,2017
359905,2,3,1,2,,1,1,4,1,,3599,5,23,1,6,132,1553,1371
360012,2,4,1,2,,1,1,6,1,,3600,12,27,3,6,153,1809,2602
360101,1,2,0,2,,2,,1,1,,3601,1,16,2,3,88,1106,5935
360201,1,2,1,2,,2,,2,1,,3602,1,13,4,5,71,939,2376
360311,2,5,1,1,1,1,1,5,1,,3603,11,5,2,2,27,275,1555
360408,1,3,1,1,1,1,1,3,1,,3604,8,3,2,1,12,143,609
360506,1,2,1,2,,1,1,3,1,,3605,6,2,2,1,7,60,4118
360601,2,5,2,1,2,1,1,3,1,,3606,1,9,1,4,50,709,3450
360702,2,3,2,1,1,1,1,2,1,,3607,2,15,1,5,86,1076,11196
360805,2,3,2,1,1,1,1,1,1,,3608,5,3,1,1,18,201,1001
360902,2,3,1,1,1,1,1,3,1,,3609,2,6,1,3,36,437,666
361005,2,6,1,1,1,1,1,3,1,,3610,5,18,1,3,103,1225,1267
361102,2,3,1,1,1,1,1,4,1,,3611,2,10,1,1,55,823,1352
361205,2,4,1,2,,1,1,5,1,,3612,5,26,1,1,151,1777,2117
361306,1,2,1,2,,2,,1,1,,3613,6,31,3,6,179,2089,1807
361401,1,2,1,2,,2,,3,1,,3614,1,23,1,6,132,1536,1748
361519,1,2,1,1,1,2,,2,1,,3615,19,18,4,3,101,1219,985
361604,2,2,1,1,2,1,1,6,1,,3616,4,19,2,2,106,1285,3116
361704,1,1,1,2,,2,,1,1,,3617,4,12,1,6,66,914,3029
361801,3,6,1,1,1,2,,4,1,,3618,1,11,2,3,56,829,19751
361901,1,3,1,1,1,1,1,2,1,,3619,1,14,1,3,79,994,7315
362002,1,2,2,2,,2,,2,1,,3620,2,28,1,2,162,1901,1547
362104,2,3,1,1,1,1,1,2,1,,3621,4,19,3,2,107,1315,3121
362201,1,4,2,1,1,1,1,2,1,,3622,1,19,1,2,107,1316,3120
362304,2,5,1,1,1,1,1,2,1,,3623,4,18,1,3,103,1225,1267
362404,1,2,1,1,1,1,1,3,1,,3624,4,28,1,2,163,1938,1707
362512,1,1,1,2,,2,,1,1,,3625,12,7,2,6,37,444,3822
362602,2,6,1,1,1,1,1,5,1,,3626,2,8,1,1,44,494,3005
362706,4,6,2,2,,1,1,5,1,,3627,6,16,4,3,89,1112,3033
362804,2,3,1,2,,1,1,4,1,,3628,4,19,1,2,107,1309,3217
362905,1,2,1,1,1,1,1,3,1,,3629,5,14,2,3,75,960,17114
363006,2,3,0,2,,1,1,3,1,,3630,6,12,4,6,63,887,2678
363105,2,3,1,1,1,1,1,5,1,,3631,5,28,1,2,162,1887,1655
363205,2,2,1,2,,1,1,3,1,,3632,5,4,3,6,19,221,707
363302,1,2,1,1,1,1,1,3,1,,3633,2,10,1,1,53,786,1242
363405,2,4,2,2,,2,,2,1,,3634,5,29,3,5,170,2027,908
363502,2,5,1,1,1,1,1,5,1,,3635,2,9,1,4,50,715,3333
363604,2,3,2,1,2,1,1,3,1,,3636,4,2,1,1,11,123,3224
363703,2,4,1,1,1,1,1,3,1,,3637,3,5,1,2,30,341,1527
363804,2,3,1,2,,2,,2,1,,3638,4,15,1,5,86,1067,13050
363904,3,4,1,2,,1,1,4,1,,3639,4,16,1,3,92,1133,4201
364004,2,4,1,2,,2,,2,1,,3640,4,5,1,2,30,362,1346
364111,5,7,4,2,,1,1,1,1,,3641,11,24,3,2,135,1587,1397
364220,2,3,1,1,1,1,2,6,1,,3642,20,21,4,5,118,1414,5277
364307,2,5,2,2,,1,1,3,1,,3643,7,27,4,6,154,1816,2554
364404,1,3,0,2,,2,,4,1,,3644,4,10,1,1,53,778,1314
364502,1,2,1,2,,2,,2,1,,3645,2,8,4,1,43,484,2372
364603,1,5,2,1,1,1,1,2,1,,3646,3,27,4,6,155,1818,1651
364702,1,5,0,2,,2,,2,1,,3647,2,7,4,6,39,454,3356
364807,2,3,0,2,,2,,3,1,,3648,7,20,4,6,111,1385,3030
364901,2,3,0,1,1,2,,4,1,,3649,1,13,3,5,67,917,1831
365002,3,3,1,1,2,1,1,4,1,,3650,2,21,1,5,122,1449,5146
365105,2,5,1,1,1,1,1,2,1,,3651,5,19,1,2,108,1358,3198
365205,2,4,1,2,,1,1,2,1,,3652,5,22,1,3,128,1499,2283
365305,2,2,1,2,,1,2,2,1,,3653,5,32,1,3,188,2151,1526
365403,1,3,0,2,,2,,1,1,,3654,3,13,4,5,71,939,2376
365501,2,2,5,1,1,1,1,2,1,,3655,1,5,1,2,30,330,1652
365601,2,5,1,1,1,1,1,1,1,,3656,1,9,1,4,50,731,2977
365709,1,3,1,1,1,1,1,5,1,,3657,9,5,2,2,26,273,1479
365818,2,2,1,2,,1,1,5,1,,3658,18,29,4,5,167,1974,661
365902,2,3,1,2,,1,1,2,1,,3659,2,17,3,5,98,1183,1674
366017,3,5,1,1,1,1,1,5,1,,3660,17,26,2,1,148,1738,2836
366103,1,4,1,2,,1,1,1,1,,3661,3,5,1,2,30,334,1560
366205,3,7,2,2,,1,1,3,1,,3662,5,9,1,4,50,724,3172
366301,2,4,1,1,1,1,1,5,1,,3663,1,31,1,6,184,2134,2491
366404,3,3,1,1,4,1,1,4,1,,3664,4,28,1,2,162,1906,1468
366503,1,3,1,2,,1,1,4,1,,3665,3,28,1,2,162,1870,1743
366618,2,3,0,2,,2,,5,1,,3666,18,21,4,5,117,1413,3844
366702,3,6,2,1,1,1,1,4,1,,3667,2,9,1,4,50,739,2800
366812,2,4,0,2,,2,,4,1,,3668,12,24,4,2,136,1592,1094
366903,2,4,1,1,1,1,1,2,1,,3669,3,29,4,5,170,2028,888
367016,1,2,1,2,,2,,3,1,,3670,16,10,4,1,52,769,1449
367101,3,6,2,1,1,1,1,4,1,,3671,1,8,1,1,46,551,3012
367213,3,5,0,2,,2,,2,1,,3672,13,20,4,6,111,1378,4169
367314,1,2,1,2,,1,2,1,1,,3673,14,24,3,2,135,1587,1397
367401,1,1,1,1,1,1,1,2,1,,3674,1,2,1,1,11,141,1377
367505,2,3,1,2,,2,,5,1,,3675,5,3,1,1,16,164,742
367602,2,5,3,2,,1,1,2,1,,3676,2,15,1,5,85,1040,12481
367706,2,4,2,1,1,1,1,5,1,,3677,6,30,2,5,172,2036,7817
367805,1,4,1,2,,2,,4,1,,3678,5,12,3,6,61,877,2869
367920,2,4,0,2,,1,1,4,1,,3679,20,21,4,5,117,1412,4714
368004,1,4,1,2,,1,2,1,1,,3680,4,28,2,2,163,1912,2112
368114,3,5,1,2,,1,1,7,1,,3681,14,1,4,3,3,7,1634
368208,2,4,2,1,2,2,,2,1,,3682,8,25,4,1,143,1681,2188
368301,2,3,1,1,1,1,1,3,1,,3683,1,1,1,3,4,25,1165
368402,2,2,1,1,1,1,1,3,1,,3684,2,9,1,4,49,654,3163
368505,2,4,1,1,1,1,1,2,1,,3685,5,23,1,6,131,1517,1769
368605,2,3,1,2,,2,,6,1,,3686,5,29,4,5,169,2008,972
368704,2,4,1,1,1,1,1,3,1,,3687,4,14,1,3,78,974,11253
368808,3,5,1,1,1,2,,5,1,,3688,8,16,3,3,88,1111,4301
368909,1,3,1,1,1,1,1,2,1,,3689,9,5,4,2,28,279,1313
369001,2,4,1,2,,1,1,3,1,,3690,1,2,1,1,9,92,2345
369111,1,2,1,2,,2,,1,1,,3691,11,13,2,5,68,927,1392
369205,2,3,1,2,,2,,2,1,,3692,5,9,1,4,49,659,3093
369302,4,7,2,1,1,1,1,7,2,2,3693,2,8,1,1,45,519,3308
369416,2,5,1,2,,1,2,4,1,,3694,16,27,4,6,154,1815,2566
369506,2,3,2,1,1,1,1,2,1,,3695,6,16,3,3,88,1107,4964
369605,2,4,1,1,1,2,,3,1,,3696,5,26,1,1,152,1803,2091
369705,2,3,1,2,,1,1,3,1,,3697,5,24,1,2,138,1618,1029
369805,1,2,1,1,1,2,,2,1,,3698,5,7,2,6,38,445,7240
369902,1,4,1,2,,2,,1,1,,3699,2,28,1,2,162,1905,1472
370001,1,2,1,2,,1,1,3,1,,3700,1,23,1,6,132,1559,486
370110,2,2,0,2,,2,,1,1,,3701,10,12,4,6,63,883,3042
370205,2,5,2,2,,1,1,6,1,,3702,5,19,1,2,106,1263,3596
370304,3,5,1,2,,1,1,4,1,,3703,4,9,1,4,49,632,3741
370402,1,1,1,1,1,1,1,4,1,,3704,2,28,1,2,162,1892,1614
370516,1,3,1,1,1,1,1,4,1,,3705,16,25,4,1,143,1680,2209
370604,3,4,1,1,1,2,,4,1,,3706,4,16,1,3,91,1121,4338
370704,2,3,1,1,2,2,,2,1,,3707,4,14,1,3,79,995,7226
370818,2,4,1,1,2,1,1,4,2,2,3708,18,13,4,5,71,935,2985
370901,4,6,1,1,1,1,1,4,1,,3709,1,24,1,2,139,1619,1656
371003,1,3,1,2,,1,1,2,1,,3710,3,10,1,1,55,827,1261
371102,2,5,1,1,1,1,1,3,1,,3711,2,14,1,3,80,1005,7057
371218,2,3,0,2,,1,2,3,1,,3712,18,21,4,5,118,1415,5024
371301,2,3,1,1,1,1,1,5,1,,3713,1,10,1,1,53,794,1193
371403,2,4,1,2,,1,1,3,1,,3714,3,14,1,3,78,981,8739
371503,1,2,0,2,,1,1,2,1,,3715,3,9,1,4,48,579,3927
371601,2,5,1,1,2,1,1,1,1,,3716,1,26,1,1,152,1792,2468
371706,1,3,0,2,,2,,2,1,,3717,6,13,4,5,70,933,2426
371803,1,2,0,2,,2,,5,1,,3718,3,7,4,6,39,447,4920
371913,2,3,1,2,,1,1,4,1,,3719,13,19,2,2,105,1254,2584
372005,1,4,2,1,1,1,1,1,1,,3720,5,8,1,1,46,549,3082
372101,2,4,2,2,,2,,4,1,,3721,1,19,2,2,106,1277,3200
372202,1,2,1,2,,1,1,1,1,,3722,2,24,1,2,138,1613,1193
372312,2,2,0,2,,1,1,5,1,,3723,12,4,2,6,20,224,779
372414,2,4,1,1,1,2,,4,1,,3724,14,25,4,1,143,1680,2209
372501,1,3,2,1,2,1,1,2,1,,3725,1,22,1,3,128,1502,2168
372604,2,3,1,2,,2,,2,1,,3726,4,12,1,6,65,903,2357
372701,2,3,1,1,2,1,1,5,1,,3727,1,28,1,2,162,1887,1655
372804,2,4,2,1,2,1,1,3,1,,3728,4,21,1,5,122,1457,1696
372904,3,4,2,1,1,1,1,4,1,,3729,4,8,1,1,46,551,3012
373015,1,3,1,2,,2,,1,1,,3730,15,16,4,3,90,1115,3760
373103,1,5,1,1,1,1,1,2,1,,3731,3,32,1,3,188,2153,1417
373202,1,3,1,1,1,1,1,3,1,,3732,2,10,1,1,55,828,1133
373305,3,6,2,1,1,1,1,5,1,,3733,5,1,1,3,6,54,1277
373405,4,5,1,2,,1,1,4,1,,3734,5,16,3,3,88,1108,4784
373504,2,4,1,1,1,1,1,1,1,,3735,4,11,1,3,58,845,5124
373602,3,4,2,2,,1,1,6,1,,3736,2,4,1,6,22,231,426
373706,2,4,1,1,1,1,1,2,1,,3737,6,5,2,2,26,274,1433
373813,2,4,1,2,,2,,5,1,,3738,13,12,4,6,63,886,2839
373904,1,5,1,1,1,2,,2,1,,3739,4,3,1,1,16,166,691
374016,1,2,1,2,,2,,3,1,,3740,16,25,2,1,141,1674,2705
374103,1,1,1,2,,2,,2,1,,3741,3,27,3,6,153,1809,2602
374204,3,5,2,1,1,1,1,5,1,,3742,4,9,4,4,47,556,1507
374301,3,5,2,2,,1,1,2,1,,3743,1,9,1,4,50,713,3405
374402,1,3,1,2,,2,,2,2,2,3744,2,28,1,2,162,1895,1601
374503,3,4,1,2,,1,1,7,1,,3745,3,21,1,5,119,1416,4593
374604,2,3,1,2,,2,,5,1,,3746,4,15,4,5,83,1022,25014
374714,2,3,1,2,,2,,4,1,,3747,14,29,2,5,166,1969,729
374802,1,2,1,2,,1,1,5,1,,3748,2,24,4,2,136,1592,1094
374913,1,3,0,2,,2,,3,1,,3749,13,12,4,6,63,889,2449
375002,4,8,2,1,1,1,1,8,1,,3750,2,1,1,3,5,36,1258
375101,2,4,0,2,,2,,4,1,,3751,1,30,4,5,174,2048,4995
375211,3,8,1,1,2,1,1,3,1,,3752,11,10,3,1,51,765,1494
375312,4,5,1,2,,2,,5,1,,3753,12,16,4,3,89,1112,3033
375415,1,2,0,2,,2,,2,1,,3754,15,20,4,6,111,1378,4169
375502,3,6,3,1,1,1,1,2,1,,3755,2,3,1,1,18,205,752
375605,1,3,1,2,,1,1,2,1,,3756,5,28,1,2,163,1929,1755
375701,3,5,1,2,,1,1,2,1,,3757,1,19,1,2,106,1278,3197
375802,2,3,1,1,1,1,1,4,1,,3758,2,26,2,1,148,1738,2836
375912,3,5,3,1,1,1,1,4,1,,3759,12,32,2,3,186,2142,1673
376018,1,3,1,2,,2,,2,1,,3760,18,11,2,3,56,833,4741
376105,2,2,1,2,,1,1,4,1,,3761,5,17,1,5,98,1185,1596
376202,3,4,1,2,,1,1,4,1,,3762,2,25,1,1,145,1717,2424
376318,2,3,1,1,2,1,1,3,1,,3763,18,5,2,2,26,274,1433
376403,1,4,0,2,,2,,1,1,,3764,3,30,4,5,174,2047,5218
376503,2,3,1,1,1,1,1,3,1,,3765,3,19,1,2,106,1275,3225
376604,2,3,1,1,1,1,1,4,1,,3766,4,24,1,2,139,1647,1151
376703,3,4,3,1,1,1,2,5,1,,3767,3,6,1,3,34,405,769
376805,3,5,1,2,,1,1,3,1,,3768,5,9,1,4,50,726,3103
376913,2,3,0,2,,2,,3,1,,3769,13,24,4,2,137,1598,1015
377019,3,4,1,1,1,1,1,4,1,,3770,19,12,3,6,61,878,2843
377110,2,3,1,1,1,2,,2,1,,3771,10,25,4,1,143,1683,811
377201,3,5,3,1,5,1,1,5,2,2,3772,1,2,1,1,9,84,2880
377304,3,3,1,2,,1,1,4,1,,3773,4,10,1,1,54,813,1277
377401,2,3,1,2,,2,,1,1,,3774,1,2,1,1,9,80,3018
377503,1,3,1,2,,1,1,1,1,,3775,3,9,1,4,48,572,4144
377604,1,5,1,1,1,1,1,1,1,,3776,4,1,3,3,2,5,1680
377702,1,3,1,2,,2,,3,1,,3777,2,10,1,1,53,794,1193
377803,1,2,0,2,,2,,2,1,,3778,3,15,3,5,81,1012,22127
377902,3,6,2,1,2,1,1,4,1,,3779,2,19,1,2,108,1364,3060
378003,3,4,1,1,2,1,1,6,1,,3780,3,9,1,4,48,600,2328
378120,3,4,0,2,,2,,4,1,,3781,20,10,4,1,52,770,1405
378205,2,4,2,1,2,2,,4,1,,3782,5,11,2,3,58,854,4653
378305,2,4,1,1,1,1,1,2,1,,3783,5,19,1,2,106,1287,3093
378404,1,2,0,2,,2,,4,1,,3784,4,12,4,6,63,884,3037
378511,3,4,1,1,1,1,1,6,1,,3785,11,13,3,5,67,919,1831
378602,4,6,2,1,1,1,1,5,1,,3786,2,5,1,2,29,299,1655
378705,1,3,1,1,1,1,1,4,1,,3787,5,19,1,2,106,1262,3621
378802,3,6,1,1,2,1,1,3,1,,3788,2,24,1,2,140,1665,1261
378907,3,5,1,2,,1,1,1,1,,3789,7,16,3,3,88,1107,4964
379008,1,3,1,1,1,1,1,2,1,,3790,8,12,4,6,63,882,3147
379111,3,5,1,2,,2,,6,1,,3791,11,30,4,5,174,2047,5218
379204,2,4,1,2,,1,1,5,1,,3792,4,12,1,6,66,913,3039
379304,3,6,1,1,1,1,1,3,1,,3793,4,29,3,5,169,1988,1121
379401,1,3,1,2,,2,,1,1,,3794,1,31,1,6,183,2121,1915
379505,3,4,1,1,2,1,1,3,1,,3795,5,10,1,1,54,812,1291
379602,2,3,1,2,,2,,2,1,,3796,2,9,1,4,49,606,4668
379712,2,4,0,2,,2,,7,1,,3797,12,7,4,6,39,456,3330
379804,1,3,1,2,,2,,1,1,,3798,4,21,1,5,120,1427,4872
379919,2,3,1,2,,2,,3,1,,3799,19,12,4,6,63,885,2839
380002,3,4,2,1,1,1,1,2,1,,3800,2,18,1,3,104,1246,891
380101,2,5,1,1,1,1,1,3,1,,3801,1,9,1,4,50,727,3076
380201,2,2,0,2,,1,2,2,1,,3802,1,9,1,4,48,572,4144
380301,2,4,1,1,1,1,1,4,1,,3803,1,10,1,1,53,783,1277
380403,1,2,0,2,,2,,5,1,,3804,3,20,3,6,109,1374,2508
380501,1,7,2,1,2,1,1,2,1,,3805,1,1,2,3,1,3,848
380605,2,4,2,1,3,1,1,3,1,,3806,5,19,1,2,108,1349,3298
380708,1,1,0,2,,1,1,2,1,,3807,8,7,2,6,38,445,7240
380807,2,3,0,2,,2,,3,1,,3808,7,30,4,5,173,2040,4785
380905,2,5,4,1,2,1,1,3,1,,3809,5,25,1,1,146,1732,2859
381003,3,5,1,2,,2,,1,1,,3810,3,2,1,1,9,80,3018
381104,2,3,1,2,,2,,3,1,,3811,4,28,1,2,162,1874,1727
381201,1,3,1,1,1,1,1,1,1,,3812,1,23,1,6,133,1560,1890
381304,1,2,1,2,,2,,3,1,,3813,4,31,3,6,178,2084,2239
381405,4,5,1,2,,1,1,3,1,,3814,5,28,1,2,163,1936,1716
381517,1,4,2,1,1,1,1,2,1,,3815,17,16,2,3,88,1110,4468
381605,2,4,1,2,,1,1,4,1,,3816,5,16,2,3,88,1110,4468
381712,2,3,1,2,,2,,5,1,,3817,12,13,4,5,71,936,2779
381803,1,6,1,2,,1,1,1,1,,3818,3,1,1,3,5,37,1190
381908,1,2,1,2,,1,1,1,1,,3819,8,31,2,6,179,2087,1839
382002,2,4,3,1,1,1,1,2,1,,3820,2,14,1,3,80,1009,6673
382102,3,4,1,1,2,1,1,2,1,,3821,2,5,1,2,31,380,1789
382205,1,1,0,2,,2,,1,1,,3822,5,13,4,5,70,931,3702
382318,1,2,1,1,1,1,1,5,1,,3823,18,23,2,6,129,1513,2829
382405,3,4,2,1,1,1,1,5,1,,3824,5,25,1,1,146,1733,2850
382502,1,2,1,2,,1,1,1,1,,3825,2,23,1,6,131,1521,1873
382603,3,4,1,1,1,1,1,8,1,,3826,3,6,4,3,33,395,576
382704,3,5,1,2,,1,1,1,1,,3827,4,3,1,1,18,204,757
382804,2,5,2,2,,1,1,4,1,,3828,4,25,1,1,145,1718,2406
382905,3,5,1,1,2,1,1,4,1,,3829,5,3,1,1,17,198,590
383002,1,3,1,2,,2,,1,1,,3830,2,1,1,3,4,10,1404
383107,1,3,1,1,1,1,1,3,1,,3831,7,24,3,2,135,1586,1785
383202,1,1,1,2,,2,,1,1,,3832,2,2,1,1,9,66,3514
383311,1,4,1,2,,2,,4,1,,3833,11,4,4,6,21,229,690
383405,1,2,1,1,1,1,1,4,1,,3834,5,1,4,3,3,7,1634
383505,2,5,2,1,2,1,1,3,1,,3835,5,16,1,3,93,1137,4450
383605,1,3,1,2,,2,,3,1,,3836,5,24,1,2,139,1636,1275
383704,1,4,1,1,1,1,1,2,1,,3837,4,15,1,5,86,1070,12734
383805,2,4,1,1,1,1,2,2,1,,3838,5,26,1,1,151,1788,1815
383903,3,7,1,1,1,1,1,4,1,,3839,3,19,1,2,107,1310,3190
384001,1,4,1,2,,1,1,1,1,,3840,1,25,1,1,145,1708,2585
384103,2,4,1,2,,2,,1,1,,3841,3,28,1,2,162,1864,1822
384202,3,5,2,2,,1,1,2,1,,3842,2,8,1,1,44,490,3184
384304,4,7,3,1,1,1,1,4,1,,3843,4,29,3,5,169,1995,1077
384420,1,2,0,2,,2,,1,1,,3844,20,24,2,2,135,1583,1844
384502,1,1,1,2,,2,,1,1,,3845,2,23,1,6,131,1526,1205
384608,2,4,1,2,,1,1,3,1,,3846,8,30,4,5,174,2045,5770
384713,2,2,1,2,,1,1,2,1,,3847,13,13,3,5,67,919,1831
384809,2,4,0,1,1,1,2,2,1,,3848,9,21,4,5,117,1413,3844
384904,3,5,1,1,1,1,1,4,1,,3849,4,10,1,1,55,823,1352
385004,2,4,1,2,,1,1,5,1,,3850,4,25,1,1,144,1693,2560
385103,3,4,3,1,1,1,1,4,1,,3851,3,28,1,2,164,1961,1825
385201,2,3,1,2,,2,,3,1,,3852,1,18,1,3,104,1242,1019
385304,2,4,1,2,,2,,1,1,,3853,4,15,1,5,86,1084,9385
385405,1,5,2,2,,2,,1,1,,3854,5,3,1,1,18,205,752
385501,2,3,2,1,1,1,1,3,1,,3855,1,6,1,3,35,417,879
385603,2,3,1,2,,1,1,2,1,,3856,3,14,1,3,79,994,7315
385707,1,2,0,2,,2,,6,1,,3857,7,7,3,6,37,443,3934
385813,2,4,1,2,,2,,5,1,,3858,13,27,3,6,153,1813,2357
385902,2,5,1,1,1,1,1,1,1,,3859,2,9,1,4,50,698,3527
386011,2,3,1,1,1,2,,2,1,,3860,11,28,4,2,160,1845,1479
386101,4,5,2,1,1,1,1,6,1,,3861,1,24,1,2,138,1615,1177
386205,3,4,2,1,1,1,1,4,1,,3862,5,32,1,3,190,2169,2030
386301,3,4,1,2,,2,,2,1,,3863,1,29,2,5,170,2014,1293
386419,2,3,2,2,,1,1,5,1,,3864,19,11,2,3,56,833,4741
386501,2,3,1,2,,1,1,6,1,,3865,1,5,1,2,30,366,378
386603,2,5,1,1,1,2,,4,1,,3866,3,8,1,1,44,496,2933
386703,2,4,1,1,1,1,1,4,1,,3867,3,4,2,6,20,224,779
386815,2,3,1,2,,1,1,2,1,,3868,15,18,2,3,100,1212,1495
386904,2,4,2,2,,2,,3,1,,3869,4,19,1,2,106,1260,3641
387004,2,3,1,1,1,1,1,3,1,,3870,4,19,2,2,106,1273,3255
387104,1,3,2,2,,1,1,2,1,,3871,4,10,1,1,53,790,1212
387205,3,8,2,1,2,1,1,3,1,,3872,5,3,1,1,18,213,702
387303,1,2,1,1,1,1,1,3,1,,3873,3,23,2,6,129,1513,2829
387420,2,3,1,2,,1,1,3,1,,3874,20,15,4,5,83,1023,11415
387502,1,2,2,1,1,2,,2,1,,3875,2,8,1,1,46,554,2509
387604,1,2,1,2,,1,1,3,1,,3876,4,23,1,6,132,1548,1458
387704,2,4,1,1,2,1,1,5,1,,3877,4,26,1,1,150,1752,2611
387801,3,4,2,1,1,1,1,1,1,,3878,1,15,2,5,87,1100,11129
387907,2,3,1,1,1,1,1,2,1,,3879,7,25,4,1,143,1681,2188
388004,2,4,2,1,1,1,1,4,1,,3880,4,10,1,1,53,779,1309
388115,4,5,1,1,1,1,1,4,1,,3881,15,16,4,3,90,1116,3460
388201,3,3,1,2,,1,1,3,1,,3882,1,9,1,4,50,698,3527
388301,2,4,1,2,,1,1,4,1,,3883,1,23,1,6,133,1569,1256
388405,1,1,1,2,,1,1,3,1,,3884,5,23,1,6,132,1532,1887
388503,2,3,1,1,1,1,1,3,1,,3885,3,4,1,6,22,230,474
388615,2,5,0,2,,2,,5,1,,3886,15,21,4,5,117,1411,4824
388704,4,8,3,1,2,1,1,5,1,,3887,4,9,1,4,50,733,2944
388801,2,4,1,1,2,1,2,5,1,,3888,1,25,1,1,145,1711,2513
388905,3,5,3,1,2,1,1,4,1,,3889,5,27,2,6,153,1810,2576
389001,1,2,1,2,,2,,1,1,,3890,1,8,1,1,44,508,2710
389114,3,4,1,1,1,2,,6,1,,3891,14,10,4,1,52,773,1281
389205,3,5,1,2,,1,1,4,1,,3892,5,7,3,6,38,446,6693
389301,1,3,1,1,1,1,1,3,1,,3893,1,14,1,3,80,1011,4558
389420,2,2,1,1,3,1,1,4,1,,3894,20,2,4,1,8,63,1922
389502,2,2,0,2,,2,,2,1,,3895,2,15,1,5,85,1042,12302
389605,2,3,1,1,1,1,1,4,1,,3896,5,14,1,3,80,1009,6673
389718,3,4,0,2,,1,1,4,1,,3897,18,15,4,5,83,1024,5447
389803,2,3,2,1,2,1,1,3,1,,3898,3,14,1,3,79,986,9208
389905,2,4,1,1,1,1,1,3,1,,3899,5,2,1,1,11,136,2692
390004,2,4,2,1,1,1,1,3,1,,3900,4,11,1,3,58,857,4065
390119,2,3,1,2,,2,,2,1,,3901,19,25,2,1,142,1677,2524
390201,2,5,2,1,2,1,1,2,1,,3902,1,9,1,4,50,752,2069
390310,2,4,1,1,1,2,,4,1,,3903,10,29,3,5,166,1970,682
390403,3,4,1,2,,2,,4,1,,3904,3,20,1,6,113,1396,2633
390504,5,6,3,1,1,1,1,3,1,,3905,4,15,1,5,86,1068,12827
390604,3,4,3,1,1,1,1,3,1,,3906,4,9,1,4,50,741,2785
390704,2,3,1,1,1,1,1,5,1,,3907,4,16,2,3,88,1110,4468
390801,2,3,1,1,1,1,1,7,1,,3908,1,11,1,3,59,863,5357
390911,3,6,1,2,,2,,4,1,,3909,11,12,3,6,61,878,2843
391006,1,1,0,2,,2,,1,1,,3910,6,32,4,3,187,2149,1504
391105,3,5,2,1,2,1,1,4,1,,3911,5,22,1,3,127,1488,1944
391201,1,2,1,2,,1,2,2,1,,3912,1,9,1,4,48,582,3890
391301,3,3,1,2,,2,,9,2,3,3913,1,11,2,3,56,833,4741
391404,1,2,1,2,,2,,2,1,,3914,4,28,1,2,162,1857,1952
391518,3,5,1,1,2,1,1,6,1,,3915,18,16,4,3,90,1116,3460
391605,4,6,2,1,1,1,1,1,1,,3916,5,22,1,3,127,1480,2089
391703,3,6,1,1,2,1,1,3,1,,3917,3,5,1,2,30,342,1519
391819,2,4,1,2,,1,1,4,1,,3918,19,27,2,6,153,1812,2385
391901,3,6,1,1,1,1,1,6,1,,3919,1,19,1,2,107,1317,3114
392014,2,4,1,2,,1,1,3,1,,3920,14,26,2,1,147,1736,2632
392104,1,1,1,1,1,1,1,1,1,,3921,4,2,1,1,10,107,2960
392205,2,4,2,1,2,1,1,4,1,,3922,5,2,1,1,11,122,3361
392311,2,3,1,2,,1,2,5,1,,3923,11,21,4,5,117,1410,5193
392403,4,6,0,2,,2,,7,1,,3924,3,29,2,5,169,2003,1004
392518,1,2,1,2,,1,1,4,1,,3925,18,7,4,6,39,454,3356
392601,1,1,1,1,1,2,,4,1,,3926,1,4,1,6,23,249,685
392704,2,3,1,2,,1,1,5,1,,3927,4,19,1,2,106,1270,3319
392804,1,1,1,2,,1,2,1,1,,3928,4,26,1,1,150,1758,2454
392903,3,4,1,1,1,1,1,4,1,,3929,3,15,1,5,85,1043,12201
393011,3,4,1,1,1,1,1,4,1,,3930,11,11,3,3,56,832,4770
393101,2,5,1,2,,1,1,2,1,,3931,1,9,1,4,50,724,3172
393203,1,2,0,2,,2,,1,1,,3932,3,12,1,6,65,895,3894
393305,4,5,2,1,2,1,1,4,1,,3933,5,31,1,6,184,2135,2421
393403,1,5,2,1,1,1,1,1,1,,3934,3,9,1,4,49,652,3190
393514,3,5,2,1,2,1,1,3,1,,3935,14,5,2,2,27,275,1555
393604,3,5,1,2,,1,1,4,1,,3936,4,24,1,2,140,1653,1495
393701,3,3,1,1,1,1,1,5,1,,3937,1,28,1,2,163,1944,1660
393803,2,3,2,1,1,1,1,4,1,,3938,3,1,2,3,4,17,1290
393902,2,4,2,1,1,1,1,4,1,,3939,2,3,1,1,16,166,691
394019,2,3,1,1,1,1,1,4,1,,3940,19,13,3,5,67,920,1739
394109,3,4,1,1,1,1,1,7,1,,3941,9,11,3,3,56,832,4770
394203,2,2,1,2,,1,1,3,1,,3942,3,12,1,6,66,914,3029
394314,1,3,1,1,1,1,1,1,1,,3943,14,27,4,6,154,1814,2660
394417,3,4,1,1,1,1,1,3,1,,3944,17,18,2,3,100,1209,1651
394503,2,3,1,2,,2,,4,1,,3945,3,19,1,2,106,1291,2916
394601,2,2,1,2,,1,1,2,1,,3946,1,28,1,2,163,1939,1707
394704,1,5,2,1,2,1,1,2,1,,3947,4,9,1,4,50,687,3768
394803,2,2,1,2,,1,1,3,1,,3948,3,12,3,6,61,878,2843
394902,3,6,1,1,1,1,1,3,1,,3949,2,13,3,5,67,921,1645
395005,4,7,2,1,1,1,1,4,1,,3950,5,24,1,2,139,1626,1349
395109,3,4,1,2,,2,,10,1,,3951,9,13,4,5,70,932,2540
395212,2,4,0,2,,2,,2,1,,3952,12,12,4,6,63,882,3147
395303,4,5,1,1,2,1,1,5,1,,3953,3,32,1,3,189,2157,1267
395404,3,6,1,1,1,1,1,7,2,2,3954,4,29,2,5,169,2003,1004
395505,1,2,1,2,,1,1,3,1,,3955,5,28,1,2,161,1851,1956
395601,3,5,2,1,2,1,1,5,1,,3956,1,1,2,3,6,51,1346
395704,2,5,0,2,,2,,7,1,,3957,4,12,4,6,63,889,2449
395812,1,3,4,1,1,1,1,2,1,,3958,12,21,4,5,117,1412,4714
395918,1,2,1,2,,2,,5,1,,3959,18,28,4,2,160,1846,1388
396012,2,3,1,2,,2,,4,1,,3960,12,27,4,6,155,1823,414
396108,1,2,0,2,,2,,6,1,,3961,8,30,4,5,174,2047,5218
396202,2,8,3,2,,1,1,4,1,,3962,2,29,3,5,166,1966,2755
396314,1,1,0,2,,2,,9,1,,3963,14,12,3,6,61,877,2869
396412,1,4,1,2,,2,,1,1,,3964,12,16,3,3,88,1111,4301
396504,2,3,1,1,2,1,1,1,1,,3965,4,22,2,3,128,1512,1899
396609,2,3,1,2,,1,1,2,1,,3966,9,13,2,5,67,923,1581
396709,2,4,1,2,,1,1,2,1,,3967,9,27,4,6,154,1816,2554
396803,2,3,1,1,2,1,1,5,1,,3968,3,2,1,1,9,87,2716
396901,3,5,2,1,2,1,1,10,1,,3969,1,28,1,2,163,1919,1877
397014,2,3,1,1,1,1,2,5,1,,3970,14,3,4,1,14,149,796
397105,4,6,4,2,,1,1,5,1,,3971,5,27,4,6,155,1820,1502
397213,1,2,1,2,,2,,4,1,,3972,13,7,4,6,39,453,3363
397303,3,4,1,1,1,1,1,5,1,,3973,3,13,1,5,74,957,2792
397416,2,3,1,2,,2,,2,1,,3974,16,5,4,2,28,279,1313
397502,2,4,1,1,1,1,1,5,1,,3975,2,27,4,6,155,1822,916
397604,2,6,1,1,1,1,1,2,1,,3976,4,11,1,3,59,868,4829
397705,3,4,2,1,1,1,1,4,1,,3977,5,28,1,2,162,1858,1927
397817,1,2,1,2,,2,,1,1,,3978,17,25,4,1,143,1681,2188
397910,1,3,0,2,,2,,4,1,,3979,10,30,4,5,173,2040,4785
398002,2,2,1,2,,1,1,3,1,,3980,2,12,1,6,66,908,3730
398104,1,2,0,2,,2,,2,1,,3981,4,12,1,6,65,904,2169
398203,2,3,1,1,1,1,1,4,1,,3982,3,1,1,3,4,16,1324
398301,1,2,1,2,,1,2,4,1,,3983,1,22,4,3,125,1466,2305
398412,8,9,0,2,,2,,2,1,,3984,12,24,4,2,136,1589,1281
398505,3,5,2,1,1,1,1,6,1,,3985,5,12,1,6,66,908,3730
398601,2,4,1,2,,2,,2,1,,3986,1,19,1,2,106,1271,3317
398701,3,4,1,2,,1,1,6,1,,3987,1,27,3,6,156,1832,1591
398803,5,7,2,2,,1,1,1,1,,3988,3,5,1,2,31,382,1784
398919,3,5,1,1,1,2,,5,1,,3989,19,22,4,3,125,1466,2305
399004,1,4,1,1,1,1,1,1,1,,3990,4,3,1,1,18,200,1020
399105,3,5,2,1,2,1,1,5,1,,3991,5,19,1,2,108,1351,3255
399202,3,4,2,1,2,1,1,4,1,,3992,2,19,1,2,108,1346,3316
399302,4,5,1,1,1,1,1,7,1,,3993,2,1,1,3,4,18,1287
399403,2,3,1,1,1,1,1,4,1,,3994,3,9,1,4,48,561,4978
399503,2,3,1,2,,2,,4,1,,3995,3,9,1,4,48,576,3999
399602,3,4,1,2,,1,1,4,1,,3996,2,1,1,3,4,27,1069
399715,3,5,1,1,1,1,1,5,1,,3997,15,1,2,3,2,6,392
399805,2,3,1,1,1,2,,4,1,,3998,5,13,3,5,68,926,4627
399903,1,2,0,2,,2,,3,1,,3999,3,12,1,6,66,911,3224
400011,2,4,0,2,,1,1,4,1,,4000,11,24,4,2,136,1588,1337
400107,4,5,2,1,1,1,1,5,1,,4001,7,32,2,3,186,2142,1673
400204,2,3,1,1,1,2,,5,1,,4002,4,22,2,3,127,1487,1951
400304,2,6,2,1,1,1,1,4,1,,4003,4,9,1,4,50,712,3409
400403,1,3,1,1,1,1,1,4,1,,4004,3,32,2,3,185,2141,1249
400505,2,4,0,2,,2,,3,1,,4005,5,17,1,5,97,1171,1518
400601,2,3,1,2,,1,1,5,1,,4006,1,14,1,3,79,995,7226
400702,1,1,1,2,,2,,2,1,,4007,2,23,2,6,129,1513,2829
400805,2,2,1,1,1,1,1,4,1,,4008,5,8,1,1,44,492,3066
400905,1,1,1,2,,1,1,1,1,,4009,5,2,1,1,9,77,3152
401003,2,3,1,2,,2,,4,1,,4010,3,14,2,3,75,960,17114
401108,2,3,0,2,,2,,2,1,,4011,8,4,3,6,19,220,797
401202,1,1,1,2,,1,2,2,1,,4012,2,12,1,6,64,893,2857
401303,3,6,2,2,,1,1,3,1,,4013,3,22,1,3,128,1499,2283
401414,2,2,0,2,,2,,6,1,,4014,14,12,4,6,63,883,3042
401501,1,2,1,2,,1,1,3,1,,4015,1,23,1,6,131,1521,1873
401617,2,3,0,2,,2,,1,1,,4016,17,20,4,6,111,1384,3206
401704,2,3,2,2,,1,1,3,1,,4017,4,17,2,5,97,1164,1770
401804,2,5,1,1,2,1,1,4,1,,4018,4,29,2,5,169,1989,1117
401915,1,4,0,1,1,1,1,2,1,,4019,15,12,4,6,63,882,3147
402003,3,5,1,1,1,1,1,4,1,,4020,3,24,4,2,137,1599,1009
402105,2,6,1,1,1,1,1,2,1,,4021,5,19,1,2,107,1317,3114
402217,1,1,0,2,,1,1,3,1,,4022,17,18,4,3,101,1216,1115
402303,3,4,2,1,1,1,1,3,1,,4023,3,5,1,2,30,358,1424
402416,3,3,1,2,,2,,6,1,,4024,16,16,3,3,88,1111,4301
402502,3,4,1,1,1,2,,1,1,,4025,2,28,1,2,163,1936,1716
402603,3,5,1,2,,1,1,2,1,,4026,3,21,1,5,121,1436,4491
402704,2,4,1,1,1,1,1,4,1,,4027,4,6,1,3,35,429,746
402808,1,2,0,2,,2,,2,1,,4028,8,30,4,5,173,2039,5218
402901,1,3,1,2,,1,1,1,1,,4029,1,19,1,2,106,1258,3685
403001,2,3,1,2,,2,,1,1,,4030,1,30,3,5,175,2061,5349
403104,3,4,2,1,2,1,1,4,1,,4031,4,19,1,2,108,1333,3252
403204,2,3,1,2,,1,1,4,1,,4032,4,19,1,2,107,1313,3148
403318,2,3,1,1,1,1,1,3,1,,4033,18,23,4,6,130,1516,1778
403418,1,6,2,1,1,1,1,1,1,,4034,18,32,3,3,186,2143,1518
403511,1,2,1,1,1,1,1,2,1,,4035,11,21,3,5,115,1405,6115
403603,1,4,1,2,,1,1,2,1,,4036,3,31,2,6,182,2097,2212
403704,2,5,2,1,1,1,1,2,1,,4037,4,7,1,6,40,467,3833
403805,2,3,1,2,,2,,4,1,,4038,5,9,1,4,49,666,2907
403905,2,3,1,2,,1,1,4,1,,4039,5,2,1,1,9,67,3508
404003,1,4,2,1,2,1,1,2,1,,4040,3,2,1,1,11,129,2991
404105,3,5,1,2,,1,1,8,2,2,4041,5,15,2,5,82,1020,15428
404202,1,2,0,2,,2,,2,1,,4042,2,6,1,3,34,413,135
404302,1,1,0,2,,2,,2,1,,4043,2,7,2,6,37,444,3822
404402,3,4,2,1,1,1,1,4,1,,4044,2,3,1,1,15,152,746
404502,3,4,0,2,,2,,6,1,,4045,2,7,3,6,37,442,5052
404603,3,6,1,1,1,1,1,6,1,,4046,3,29,3,5,169,1983,1189
404702,1,2,0,2,,2,,2,1,,4047,2,21,2,5,120,1421,5724
404801,5,7,2,1,1,1,1,6,1,,4048,1,14,1,3,80,1004,7094
404905,2,4,1,1,1,1,1,4,1,,4049,5,5,1,2,30,338,1543
405003,3,4,1,1,2,1,1,4,1,,4050,3,25,1,1,145,1716,2453
405111,2,3,1,2,,2,,5,1,,4051,11,2,4,1,8,62,1927
405203,3,4,1,1,1,1,1,6,1,,4052,3,1,1,3,4,14,1342
405317,2,4,1,1,1,2,,7,1,,4053,17,7,4,6,39,450,4023
405410,2,3,1,2,,1,1,5,1,,4054,10,18,2,3,100,1212,1495
405503,1,2,1,1,1,1,1,2,1,,4055,3,8,1,1,45,531,2980
405612,2,4,1,1,1,1,1,3,1,,4056,12,19,2,2,105,1252,2794
405703,1,2,0,2,,2,,4,1,,4057,3,11,4,3,57,836,4721
405803,1,4,1,2,,1,1,2,1,,4058,3,9,1,4,49,667,2893
405902,3,6,2,1,2,1,1,4,1,,4059,2,24,1,2,139,1635,1284
406005,3,4,2,2,,1,1,4,1,,4060,5,30,1,5,176,2074,5687
406111,2,3,1,1,1,1,2,4,1,,4061,11,20,3,6,109,1374,2508
406203,2,3,1,2,,2,,3,1,,4062,3,2,1,1,10,117,2757
406303,3,4,1,2,,1,1,4,1,,4063,3,24,4,2,137,1598,1015
406405,1,1,1,2,,1,1,2,1,,4064,5,3,1,1,15,152,746
406505,1,4,1,1,2,1,1,3,1,,4065,5,10,1,1,53,790,1212
406610,1,3,2,1,2,1,1,3,1,,4066,10,32,4,3,187,2147,1565
406705,4,7,2,1,1,1,1,4,1,,4067,5,15,1,5,86,1081,10084
406817,2,3,0,2,,1,1,3,1,,4068,17,6,4,3,33,395,576
406904,3,5,1,2,,1,1,3,1,,4069,4,17,1,5,98,1194,1220
407001,2,3,1,2,,2,,3,1,,4070,1,19,2,2,106,1295,995
407113,4,5,1,2,,2,,7,1,,4071,13,11,3,3,56,830,5624
407203,2,5,1,2,,1,1,2,1,,4072,3,2,1,1,10,100,3332
407317,2,2,1,1,1,2,,6,1,,4073,17,13,4,5,70,931,3702
407412,2,3,1,1,2,2,,1,1,,4074,12,26,4,1,149,1742,1939
407504,2,5,2,1,1,1,1,3,1,,4075,4,11,2,3,56,831,4889
407605,2,3,1,2,,1,1,2,1,,4076,5,22,2,3,126,1473,2107
407701,3,7,3,1,2,1,1,4,1,,4077,1,14,2,3,79,997,6613
407803,1,2,1,2,,2,,1,1,,4078,3,9,1,4,49,668,2665
407918,2,3,1,2,,2,,4,1,,4079,18,17,3,5,94,1147,952
408003,6,9,2,2,,1,1,12,2,3,4080,3,9,1,4,48,578,3996
408103,2,4,1,2,,2,,2,1,,4081,3,1,1,3,5,42,1088
408203,1,5,1,2,,1,2,1,1,,4082,3,29,4,5,169,1985,1170
408303,2,5,3,1,3,1,1,3,1,,4083,3,2,3,1,7,61,3848
408405,2,4,1,2,,1,1,7,1,,4084,5,6,1,3,34,408,739
408505,2,4,1,2,,2,,1,1,,4085,5,12,4,6,63,887,2678
408605,2,3,1,2,,1,1,1,1,,4086,5,13,3,5,68,925,5432
408711,5,7,1,1,1,2,,7,1,,4087,11,16,4,3,90,1114,10379
408803,2,3,0,1,1,2,,3,1,,4088,3,29,3,5,169,1986,1167
408905,1,2,1,1,1,1,1,8,1,,4089,5,5,1,2,29,289,1728
409001,2,4,1,2,,1,1,3,1,,4090,1,9,1,4,50,692,3665
409108,2,3,1,1,1,2,,3,1,,4091,8,10,4,1,52,772,1285
409205,2,4,1,2,,1,1,2,1,,4092,5,4,1,6,24,260,684
409304,2,5,1,2,,1,1,1,1,,4093,4,8,1,1,44,492,3066
409401,3,5,2,2,,1,1,4,1,,4094,1,21,4,5,117,1410,5193
409508,3,5,1,2,,1,1,4,1,,4095,8,27,3,6,153,1813,2357
409605,2,4,1,1,2,1,1,4,1,,4096,5,32,3,3,185,2138,1543
409703,3,5,2,2,,1,2,2,1,,4097,3,21,1,5,120,1422,5722
409801,1,2,1,2,,1,2,3,1,,4098,1,6,1,3,34,397,960
409905,1,4,2,2,,2,,1,1,,4099,5,18,4,3,101,1216,1115
410005,3,4,2,1,2,1,1,6,1,,4100,5,28,1,2,164,1956,2005
410102,1,2,1,2,,2,,1,1,,4101,2,11,1,3,58,852,4705
410203,2,3,0,2,,1,1,1,1,,4102,3,20,4,6,111,1382,3286
410301,1,4,1,1,1,1,1,1,1,,4103,1,22,2,3,128,1504,2131
410419,1,2,1,1,1,2,,2,1,,4104,19,11,3,3,56,832,4770
410504,2,2,0,2,,2,,2,1,,4105,4,21,1,5,120,1419,6156
410604,1,2,1,1,1,1,1,1,1,,4106,4,18,1,3,102,1223,1242
410703,1,2,1,2,,1,1,4,1,,4107,3,19,1,2,106,1269,3334
410801,2,3,1,1,1,1,1,1,1,,4108,1,2,1,1,11,131,2945
410902,2,4,2,1,1,1,1,3,1,,4109,2,19,1,2,108,1338,3413
411019,2,4,1,1,2,1,2,4,1,,4110,19,3,4,1,14,149,796
411104,3,5,1,1,1,1,2,4,1,,4111,4,24,1,2,140,1664,1280
411203,2,4,1,1,1,1,1,4,1,,4112,3,28,1,2,162,1899,1566
411303,2,4,1,2,,1,1,6,2,2,4113,3,9,1,4,48,587,3640
411404,1,4,2,2,,1,1,2,1,,4114,4,19,1,2,108,1350,3273
411508,2,4,1,2,,1,1,3,1,,4115,8,20,4,6,111,1383,3212
411601,2,6,1,2,,2,,5,1,,4116,1,10,4,1,52,770,1405
411701,2,4,1,2,,1,1,3,1,,4117,1,9,1,4,50,717,3323
411805,2,3,2,1,1,1,1,4,1,,4118,5,19,1,2,107,1330,2550
411918,4,6,2,2,,1,1,5,1,,4119,18,18,4,3,101,1216,1115
412002,3,6,1,1,1,1,1,3,1,,4120,2,19,1,2,107,1330,2550
412109,1,3,1,2,,1,1,1,1,,4121,9,20,3,6,110,1376,4727
412202,1,3,1,1,1,1,1,2,1,,4122,2,27,1,6,156,1834,771
412301,2,3,1,1,3,1,1,5,1,,4123,1,2,1,1,11,122,3361
412404,3,5,1,2,,1,1,6,1,,4124,4,32,1,3,188,2154,1413
412504,2,3,1,1,1,1,1,4,1,,4125,4,5,1,2,29,303,1629
412605,1,6,1,1,1,1,1,2,1,,4126,5,32,1,3,189,2163,1150
412712,2,4,1,2,,1,1,5,1,,4127,12,2,2,1,7,60,4118
412803,3,5,1,1,2,1,1,6,1,,4128,3,3,1,1,18,212,706
412903,1,1,1,2,,2,,1,1,,4129,3,4,1,6,23,245,744
413004,1,3,1,2,,2,,2,1,,4130,4,28,1,2,162,1876,1713
413101,1,3,1,2,,2,,4,1,,4131,1,7,2,6,37,444,3822
413201,2,5,1,1,1,1,1,5,1,,4132,1,19,1,2,106,1264,3506
413303,2,3,1,1,1,1,1,5,1,,4133,3,23,1,6,132,1537,1731
413414,1,3,1,1,1,2,,8,1,,4134,14,10,4,1,52,771,1323
413513,3,4,2,2,,1,1,5,1,,4135,13,15,4,5,83,1023,11415
413602,2,3,1,1,1,1,1,5,1,,4136,2,25,1,1,144,1696,2404
413701,2,3,1,1,1,1,1,2,1,,4137,1,10,1,1,54,813,1277
413817,3,5,1,1,1,1,1,2,1,,4138,17,32,4,3,187,2145,1691
413916,2,3,1,2,,2,,4,1,,4139,16,16,4,3,90,1115,3760
414001,1,3,2,1,1,1,1,2,1,,4140,1,18,3,3,100,1210,1538
414114,4,11,2,1,2,1,1,2,1,,4141,14,5,2,2,27,276,1431
414201,1,2,0,2,,1,2,2,1,,4142,1,12,4,6,63,888,2579
414304,2,3,2,2,,1,1,3,1,,4143,4,27,2,6,153,1812,2385
414401,1,2,1,2,,2,,2,1,,4144,1,27,4,6,154,1814,2660
414504,1,2,1,2,,1,1,2,1,,4145,4,15,2,5,81,1014,20259
414601,2,4,2,1,1,1,2,3,1,,4146,1,31,1,6,184,2129,2725
414701,3,3,0,2,,2,,4,2,2,4147,1,4,1,6,23,244,752
414818,2,4,1,2,,2,,3,1,,4148,18,18,4,3,101,1217,1108
414902,5,8,2,1,2,1,1,2,1,,4149,2,16,1,3,93,1140,3966
415002,1,2,1,1,1,1,1,4,1,,4150,2,15,1,5,85,1046,11818
415101,2,5,1,1,1,1,1,4,1,,4151,1,19,1,2,106,1286,3116
415217,3,5,1,1,1,1,1,4,1,,4152,17,21,2,5,116,1409,5069
415301,2,6,1,1,1,1,1,3,1,,4153,1,9,1,4,50,738,2848
415403,3,6,2,1,2,1,1,3,1,,4154,3,8,1,1,46,552,2970
415506,2,3,1,2,,2,,3,1,,4155,6,30,4,5,174,2048,4995
415605,2,4,1,2,,1,1,2,1,,4156,5,28,1,2,162,1885,1657
415701,2,5,1,1,1,1,1,6,1,,4157,1,5,1,2,30,333,1615
415814,2,4,1,1,2,1,1,5,1,,4158,14,3,3,1,13,146,496
415910,2,4,1,1,1,2,,1,1,,4159,10,28,2,2,159,1843,2250
416004,2,6,1,2,,1,1,2,1,,4160,4,9,1,4,50,711,3409
416101,2,2,0,2,,2,,2,1,,4161,1,32,2,3,185,2139,1468
416203,2,4,1,2,,1,1,3,1,,4162,3,24,1,2,138,1618,1029
416304,2,5,1,2,,1,1,3,1,,4163,4,19,1,2,107,1310,3190
416404,1,4,1,2,,2,,2,1,,4164,4,13,4,5,72,943,2474
416502,3,4,4,1,1,1,1,4,1,,4165,2,24,1,2,138,1617,1097
416601,1,2,1,2,,2,,3,1,,4166,1,13,3,5,67,915,1831
416716,2,4,1,2,,1,1,5,1,,4167,16,11,4,3,57,835,5223
416805,1,2,1,2,,1,1,2,1,,4168,5,21,1,5,121,1443,3700
416912,2,3,0,1,1,2,,6,1,,4169,12,7,4,6,39,447,4920
417003,2,6,1,2,,1,1,2,1,,4170,3,9,1,4,49,675,1417
417102,2,4,1,1,1,1,1,3,1,,4171,2,9,1,4,50,693,3642
417201,1,1,0,2,,2,,5,1,,4172,1,20,4,6,111,1385,3030
417303,1,8,1,1,1,2,,1,1,,4173,3,18,3,3,100,1211,1520
417401,3,5,1,1,1,1,1,2,1,,4174,1,14,1,3,80,1003,7520
417516,2,4,1,2,,2,,3,1,,4175,16,27,4,6,155,1822,916
417603,1,2,1,2,,1,1,3,1,,4176,3,28,1,2,162,1877,1713
417705,1,4,1,2,,2,,1,1,,4177,5,18,2,3,100,1213,1488
417805,2,3,2,1,1,1,1,2,1,,4178,5,11,2,3,59,865,5338
417902,3,4,2,2,,1,1,4,1,,4179,2,19,2,2,106,1285,3116
418020,1,2,1,2,,2,,1,1,,4180,20,26,4,1,149,1742,1939
418118,2,3,1,1,1,1,1,4,1,,4181,18,11,4,3,57,835,5223
418205,1,4,1,1,1,1,1,2,1,,4182,5,9,1,4,50,763,485
418304,2,3,1,1,1,1,1,4,1,,4183,4,1,1,3,4,18,1287
418402,2,4,1,1,1,1,1,3,1,,4184,2,9,1,4,49,629,3784
418504,2,3,1,1,1,1,1,4,1,,4185,4,2,1,1,11,132,2860
418602,2,5,1,1,2,1,1,5,1,,4186,2,26,1,1,151,1786,1977
418707,1,2,0,2,,2,,5,1,,4187,7,17,3,5,94,1147,952
418816,2,3,1,2,,2,,5,1,,4188,16,20,4,6,111,1384,3206
418902,1,3,1,1,1,1,1,2,1,,4189,2,21,1,5,121,1432,5447
419009,2,4,1,2,,2,,2,1,,4190,9,28,4,2,160,1848,1343
419104,2,4,1,1,1,1,1,4,1,,4191,4,31,1,6,183,2116,2118
419204,4,6,3,2,,1,1,7,1,,4192,4,23,1,6,132,1534,1839
419304,2,3,1,2,,1,1,5,1,,4193,4,21,1,5,121,1440,4259
419417,1,2,0,1,1,2,,5,1,,4194,17,30,4,5,173,2044,4268
419502,2,4,2,2,,1,1,3,1,,4195,2,4,1,6,24,257,781
419601,1,4,2,1,1,1,1,2,1,,4196,1,25,1,1,145,1716,2453
419702,1,5,2,1,1,1,1,1,1,,4197,2,24,1,2,140,1661,1368
419820,3,5,2,2,,1,1,3,1,,4198,20,20,2,6,110,1375,5038
419905,3,10,3,1,2,1,1,4,1,,4199,5,24,1,2,140,1668,1196
420003,3,4,1,2,,1,1,5,1,,4200,3,9,1,4,49,621,4008
420105,2,4,2,1,1,1,1,4,2,2,4201,5,24,4,2,137,1596,1073
420203,2,4,1,2,,1,1,3,1,,4202,3,15,1,5,85,1051,11199
420315,3,6,0,2,,2,,4,1,,4203,15,30,4,5,173,2042,4624
420418,1,6,1,2,,2,,3,1,,4204,18,30,4,5,173,2041,4774
420502,2,4,1,1,1,1,1,2,1,,4205,2,19,1,2,107,1311,3189
420612,2,4,1,2,,1,1,4,1,,4206,12,5,4,2,28,278,1371
420705,1,3,2,1,1,1,1,2,1,,4207,5,2,1,1,10,115,2825
420816,1,3,0,2,,2,,3,1,,4208,16,30,4,5,174,2048,4995
420911,1,2,1,2,,2,,4,1,,4209,11,4,4,6,21,225,1029
421002,2,3,1,1,1,1,1,4,1,,4210,2,16,3,3,88,1111,4301
421105,2,2,0,2,,2,,3,1,,4211,5,12,4,6,63,883,3042
421201,3,5,1,1,1,1,1,1,1,,4212,1,26,4,1,149,1742,1939
421302,2,2,1,1,1,1,1,3,1,,4213,2,9,1,4,49,612,4271
421401,2,3,2,2,,1,1,1,1,,4214,1,14,1,3,79,986,9208
421505,3,4,1,2,,1,1,5,1,,4215,5,26,1,1,151,1771,2198
421602,1,2,0,2,,2,,1,1,,4216,2,16,4,3,89,1112,3033
421705,2,2,1,2,,1,1,6,1,,4217,5,17,3,5,94,1149,880
421801,2,5,1,1,1,1,1,4,1,,4218,1,2,1,1,10,112,2852
421909,1,2,0,2,,2,,2,1,,4219,9,7,4,6,39,452,3699
422004,3,5,1,2,,1,1,6,1,,4220,4,7,1,6,40,463,4031
422110,1,2,1,1,1,2,,3,1,,4221,10,25,4,1,143,1680,2209
422202,1,2,0,2,,2,,4,1,,4222,2,23,4,6,130,1516,1778
422314,1,3,1,1,2,1,1,3,1,,4223,14,3,2,1,12,143,609
422419,1,2,1,2,,1,2,7,1,,4224,19,25,4,1,143,1682,2124
422505,1,2,0,2,,1,1,5,1,,4225,5,15,3,5,86,1064,15368
422603,2,3,1,2,,2,,1,1,,4226,3,24,1,2,139,1649,1058
422703,4,6,2,1,2,1,1,5,1,,4227,3,26,1,1,150,1744,2766
422802,2,3,1,2,,2,,2,1,,4228,2,9,1,4,49,608,4537
422904,2,3,1,2,,2,,3,1,,4229,4,28,1,2,162,1870,1743
423008,2,3,1,1,1,1,1,4,1,,4230,8,17,3,5,94,1148,943
423105,1,2,1,2,,1,1,4,1,,4231,5,4,1,6,24,259,711
423203,2,2,0,2,,2,,4,1,,4232,3,9,1,4,49,645,3421
423303,2,3,1,2,,1,1,2,1,,4233,3,4,1,6,24,261,646
423415,2,4,0,2,,1,1,6,1,,4234,15,4,2,6,20,224,779
423504,2,4,1,2,,1,1,5,1,,4235,4,28,1,2,163,1943,1685
423604,1,2,1,2,,2,,1,1,,4236,4,11,4,3,57,834,19030
423705,2,5,1,1,1,1,1,4,1,,4237,5,1,1,3,5,37,1190
423803,1,2,1,2,,2,,1,1,,4238,3,5,1,2,29,320,1475
423911,1,4,2,1,1,1,1,2,1,,4239,11,18,3,3,100,1211,1520
424013,2,3,1,1,1,1,1,3,1,,4240,13,13,3,5,67,920,1739
424103,1,2,1,2,,2,,1,1,,4241,3,9,1,4,49,632,3741
424201,1,2,1,2,,1,1,5,1,,4242,1,28,1,2,162,1886,1656
424307,3,4,2,1,1,1,2,12,1,,4243,7,25,3,1,141,1675,2587
424409,1,2,1,2,,1,1,2,1,,4244,9,31,3,6,179,2088,1811
424505,1,3,1,1,1,1,1,2,1,,4245,5,32,1,3,190,2167,2292
424603,3,6,2,2,,1,1,1,1,,4246,3,24,2,2,135,1583,1844
424703,3,3,1,1,1,1,1,5,1,,4247,3,8,1,1,44,507,2734
424801,3,5,2,1,1,1,1,4,1,,4248,1,9,1,4,50,712,3409
424902,2,4,0,2,,2,,5,1,,4249,2,9,4,4,47,557,672
425004,2,5,2,1,2,1,1,4,1,,4250,4,9,1,4,50,701,3527
425103,3,6,4,1,2,1,1,4,1,,4251,3,22,1,3,127,1481,2049
425203,2,3,1,1,1,1,1,2,1,,4252,3,3,1,1,17,182,715
425303,1,2,1,2,,1,1,6,1,,4253,3,9,1,4,49,605,4730
425411,3,5,1,1,1,2,,3,1,,4254,11,13,3,5,68,928,1288
425504,3,5,1,2,,2,,1,1,,4255,4,16,4,3,90,1115,3760
425606,4,6,1,2,,2,,4,1,,4256,6,27,4,6,155,1818,1651
425704,2,3,1,2,,1,1,2,1,,4257,4,5,1,2,29,287,1766
425801,1,4,1,1,1,1,1,5,1,,4258,1,9,1,4,49,610,4363
425904,1,2,1,2,,2,,4,1,,4259,4,23,1,6,131,1519,2214
426012,2,4,1,1,2,1,1,4,1,,4260,12,26,2,1,147,1736,2632
426104,2,4,1,2,,1,1,4,1,,4261,4,14,1,3,79,993,7413
426201,1,2,1,2,,1,1,2,1,,4262,1,4,1,6,23,236,847
426302,2,3,1,1,1,1,1,5,1,,4263,2,4,1,6,23,234,961
426411,3,4,2,1,1,1,1,4,1,,4264,11,32,4,3,187,2145,1691
426502,1,3,1,2,,2,,1,1,,4265,2,18,4,3,101,1216,1115
426603,1,7,2,2,,1,1,1,1,,4266,3,1,1,3,6,54,1277
426702,3,4,1,1,2,2,,4,1,,4267,2,17,3,5,94,1147,952
426804,2,3,1,1,1,1,1,2,1,,4268,4,28,1,2,162,1899,1566
426904,2,4,1,1,1,1,1,4,1,,4269,4,3,1,1,17,198,590
427004,1,2,1,2,,1,1,2,1,,4270,4,30,1,5,175,2060,5357
427102,2,3,1,1,1,1,1,3,1,,4271,2,5,1,2,30,345,1490
427204,3,5,3,1,2,1,1,2,1,,4272,4,14,1,3,80,1006,6870
427316,2,3,1,2,,2,,3,1,,4273,16,14,3,3,75,965,3506
427404,2,2,1,1,1,1,1,3,1,,4274,4,29,3,5,169,1999,1031
427502,1,4,1,2,,2,,2,1,,4275,2,29,4,5,169,1992,1101
427602,2,3,2,1,2,1,1,4,1,,4276,2,19,3,2,108,1340,3378
427712,2,3,1,1,1,2,,2,1,,4277,12,32,4,3,187,2149,1504
427801,3,6,1,1,1,1,1,3,1,,4278,1,11,2,3,58,855,4477
427902,1,2,0,2,,2,,6,1,,4279,2,9,1,4,48,601,1568
428002,1,2,1,2,,2,,3,1,,4280,2,9,1,4,48,594,3319
428105,2,3,1,1,1,1,2,2,1,,4281,5,25,1,1,146,1726,3600
428202,1,3,1,1,1,1,1,2,1,,4282,2,17,1,5,99,1208,1238
428306,1,4,2,1,1,1,1,4,1,,4283,6,18,2,3,100,1213,1488
428410,1,4,1,2,,1,2,3,1,,4284,10,25,3,1,141,1673,2778
428505,2,5,3,1,2,1,1,2,1,,4285,5,9,1,4,50,708,3458
428604,2,5,1,2,,1,1,4,1,,4286,4,4,1,6,24,253,833
428704,2,3,1,1,1,1,1,3,1,,4287,4,1,1,3,4,11,1396
428802,2,4,1,2,,1,1,2,1,,4288,2,19,1,2,107,1331,2406
428903,1,4,1,2,,1,1,4,1,,4289,3,31,1,6,182,2099,2136
429001,1,3,1,2,,2,,1,1,,4290,1,8,1,1,44,491,3124
429113,1,4,2,1,1,2,,2,1,,4291,13,18,3,3,100,1211,1520
429203,2,3,1,2,,1,1,9,2,2,4292,3,8,1,1,45,537,383
429303,2,5,1,1,1,1,1,3,1,,4293,3,8,1,1,44,514,2406
429414,1,5,1,1,2,1,1,2,1,,4294,14,25,2,1,142,1676,2626
429503,2,4,1,1,1,2,,3,1,,4295,3,9,1,4,49,666,2907
429605,3,5,1,1,1,1,1,4,1,,4296,5,29,2,5,168,1977,1561
429702,3,6,2,1,1,1,1,4,1,,4297,2,5,2,2,30,348,1476
429805,4,5,1,2,,2,,1,1,,4298,5,8,1,1,45,520,3304
429905,3,5,1,2,,1,1,4,1,,4299,5,21,1,5,121,1441,3844
430003,3,6,1,2,,1,1,3,1,,4300,3,9,1,4,49,662,3003
430107,3,4,1,2,,1,2,3,1,,4301,7,32,4,3,187,2146,1688
430208,1,2,0,2,,2,,2,1,,4302,8,12,4,6,63,886,2839
430302,3,6,1,2,,1,1,4,1,,4303,2,9,1,4,50,707,3479
430416,3,6,1,1,2,2,,2,1,,4304,16,19,4,2,105,1250,2996
430513,3,4,0,1,1,2,,4,1,,4305,13,15,3,5,81,1017,6441
430606,2,3,1,1,2,1,1,4,1,,4306,6,3,3,1,13,146,496
430719,3,5,1,1,1,2,,4,1,,4307,19,12,2,6,62,881,1964
430803,3,5,1,1,1,1,1,4,1,,4308,3,31,1,6,184,2136,2363
430902,3,5,1,1,4,1,1,5,1,,4309,2,14,1,3,79,998,6511
431004,1,3,1,2,,1,1,2,1,,4310,4,17,1,5,98,1198,1204
431105,3,5,1,1,1,1,1,2,1,,4311,5,21,3,5,116,1406,6756
431204,2,3,1,2,,1,1,2,1,,4312,4,24,1,2,140,1672,957
431304,3,5,1,1,1,1,1,5,1,,4313,4,2,1,1,10,117,2757
431402,3,8,2,1,2,2,,4,1,,4314,2,32,1,3,189,2166,916
431505,4,5,3,1,2,1,1,4,1,,4315,5,7,1,6,41,474,4176
431605,1,2,1,2,,2,,1,1,,4316,5,13,4,5,71,938,2501
431704,1,1,0,2,,2,,6,1,,4317,4,17,3,5,97,1165,1754
431802,4,8,3,1,1,1,1,5,1,,4318,2,9,1,4,50,737,2858
431908,2,3,0,1,1,1,2,3,1,,4319,8,24,4,2,136,1590,1225
432002,2,5,2,1,1,1,1,2,1,,4320,2,15,1,5,87,1096,11554
432105,3,5,1,1,1,1,1,2,1,,4321,5,5,1,2,31,386,1676
432202,2,4,1,1,1,1,1,2,1,,4322,2,22,1,3,126,1469,2385
432307,1,3,1,1,1,1,1,3,1,,4323,7,11,4,3,57,837,4691
432404,2,4,1,2,,1,1,4,1,,4324,4,29,2,5,169,2006,987
432517,3,5,0,2,,2,,7,1,,4325,17,4,3,6,19,221,707
432605,1,2,1,2,,1,1,1,1,,4326,5,9,1,4,49,610,4363
432702,1,3,1,2,,1,1,2,1,,4327,2,7,1,6,40,463,4031
432801,2,3,3,2,,1,1,2,1,,4328,1,17,1,5,98,1200,820
432903,2,2,1,1,1,1,1,2,1,,4329,3,3,1,1,17,193,632
433003,1,1,0,2,,1,1,3,1,,4330,3,21,1,5,120,1425,5082
433101,2,3,1,2,,1,1,3,1,,4331,1,9,1,4,49,646,3384
433204,2,4,1,1,1,1,1,1,1,,4332,4,8,1,1,45,523,3117
433314,1,2,1,2,,2,,2,1,,4333,14,7,4,6,39,454,3356
433404,1,4,1,1,1,1,2,1,1,,4334,4,21,1,5,121,1443,3700
433503,1,2,1,1,1,2,,3,1,,4335,3,26,1,1,150,1757,2485
433614,2,3,1,2,,1,1,4,1,,4336,14,10,4,1,52,769,1449
433707,2,4,1,1,1,1,2,3,1,,4337,7,2,4,1,8,63,1922
433818,1,1,1,2,,2,,1,1,,4338,18,27,4,6,154,1816,2554
433901,2,4,1,1,1,1,1,4,1,,4339,1,5,1,2,29,304,1618
434004,4,6,3,1,2,1,1,11,1,,4340,4,22,1,3,127,1494,1700
434102,2,3,1,2,,1,1,3,1,,4341,2,2,1,1,9,85,2808
434214,2,3,0,2,,1,1,4,1,,4342,14,11,4,3,57,837,4691
434304,3,5,2,1,1,1,1,5,1,,4343,4,2,1,1,10,112,2852
434419,2,4,1,1,1,2,,5,1,,4344,19,4,3,6,20,222,977
434501,2,4,1,2,,1,1,4,1,,4345,1,7,4,6,39,455,3338
434607,2,4,2,2,,1,1,3,1,,4346,7,27,3,6,153,1808,2893
434702,2,3,1,1,1,1,1,2,1,,4347,2,8,1,1,45,528,3033
434804,1,3,2,2,,1,1,1,1,,4348,4,6,3,3,32,391,636
434905,2,4,1,1,1,1,1,2,1,,4349,5,24,1,2,139,1624,1383
435005,2,3,1,1,2,1,1,4,1,,4350,5,26,1,1,150,1756,2507
435109,2,4,1,1,1,1,1,2,1,,4351,9,13,4,5,70,931,3702
435215,2,3,1,2,,2,,2,1,,4352,15,13,3,5,67,919,1831
435308,2,3,1,1,1,1,1,2,1,,4353,8,14,3,3,75,964,4181
435416,3,4,1,1,1,2,,5,1,,4354,16,25,4,1,143,1678,2442
435511,1,2,1,1,2,1,1,2,1,,4355,11,28,2,2,159,1843,2250
435603,1,2,1,1,1,1,1,1,1,,4356,3,23,1,6,133,1569,1256
435703,3,5,1,1,1,1,1,5,1,,4357,3,9,1,4,49,640,3566
435801,3,3,0,2,,2,,2,1,,4358,1,29,4,5,169,1984,1177
435909,2,4,1,1,1,1,1,3,1,,4359,9,25,3,1,141,1673,2778
436004,3,6,1,1,1,1,1,5,1,,4360,4,32,1,3,189,2155,1378
436102,2,3,0,1,1,2,,3,1,,4361,2,9,1,4,49,650,3248
436201,2,5,1,1,1,1,1,7,1,,4362,1,27,1,6,156,1830,1676
436316,3,4,1,2,,1,1,4,1,,4363,16,27,3,6,153,1808,2893
436405,1,3,1,1,1,2,,1,1,,4364,5,11,1,3,59,866,5308
436505,1,5,1,1,1,1,1,2,1,,4365,5,31,1,6,184,2134,2491
436604,3,4,3,1,1,1,1,3,1,,4366,4,13,1,5,74,957,2792
436703,1,6,3,1,2,1,1,2,1,,4367,3,16,1,3,93,1138,4351
436802,2,4,1,2,,1,1,3,1,,4368,2,14,3,3,75,964,4181
436913,2,3,1,2,,1,1,4,1,,4369,13,19,2,2,105,1251,2799
437013,3,5,1,2,,2,,4,1,,4370,13,29,2,5,166,1972,586
437102,2,6,1,1,2,1,1,2,1,,4371,2,13,3,5,67,919,1831
437204,3,5,0,2,,2,,4,1,,4372,4,20,4,6,111,1381,3504
437311,1,2,0,2,,2,,2,1,,4373,11,8,2,1,42,480,3631
437401,1,3,1,2,,1,1,3,1,,4374,1,23,1,6,132,1547,1533
437501,1,1,1,2,,2,,2,1,,4375,1,14,1,3,78,980,9014
437612,3,5,1,1,2,1,1,2,1,,4376,12,3,4,1,14,149,796
437702,1,2,1,2,,2,,2,1,,4377,2,28,1,2,163,1925,1801
437803,2,4,1,2,,2,,3,1,,4378,3,28,1,2,162,1871,1732
437905,3,6,3,1,1,1,1,3,1,,4379,5,17,1,5,97,1175,1472
438002,2,5,2,1,1,1,1,3,2,2,4380,2,19,1,2,106,1279,3185
438104,1,4,2,2,,1,1,1,1,,4381,4,10,1,1,54,816,1239
438218,2,2,1,1,1,1,1,8,1,,4382,18,8,2,1,42,480,3631
438302,2,3,1,1,1,1,1,4,1,,4383,2,19,1,2,106,1270,3319
438403,1,5,1,1,2,1,1,1,1,,4384,3,1,3,3,2,5,1680
438517,2,5,1,1,1,1,1,4,1,,4385,17,29,4,5,167,1975,636
438605,1,3,1,2,,2,,1,1,,4386,5,18,1,3,103,1231,1105
438705,4,6,2,1,1,1,1,4,1,,4387,5,32,1,3,189,2162,1154
438804,3,7,4,1,2,1,1,4,1,,4388,4,9,1,4,50,760,1073
438911,3,4,1,2,,2,,7,1,,4389,11,10,4,1,52,771,1323
439019,3,5,1,1,1,1,1,5,1,,4390,19,19,2,2,105,1252,2794
439120,1,3,0,2,,2,,1,1,,4391,20,18,4,3,101,1218,1072
439203,2,5,2,1,1,1,1,3,1,,4392,3,28,2,2,159,1843,2250
439309,1,2,1,2,,1,1,3,1,,4393,9,23,4,6,130,1516,1778
439414,2,4,1,1,2,1,1,4,1,,4394,14,8,4,1,43,482,3070
439503,1,2,1,2,,2,,2,1,,4395,3,3,1,1,17,185,701
439601,3,5,2,1,1,1,1,4,1,,4396,1,24,1,2,139,1642,1223
439707,1,3,1,2,,2,,3,1,,4397,7,31,2,6,179,2090,1761
439801,4,6,2,2,,1,1,6,1,,4398,1,21,1,5,120,1422,5722
439904,2,3,1,2,,1,1,5,1,,4399,4,23,1,6,132,1556,1226
440001,1,2,1,2,,1,1,5,1,,4400,1,8,1,1,44,497,2889
440101,2,6,1,2,,2,,2,1,,4401,1,5,2,2,29,308,1594
440210,1,3,1,2,,1,1,1,1,,4402,10,20,3,6,110,1376,4727
440304,2,4,1,2,,1,1,3,1,,4403,4,19,1,2,106,1281,3171
440415,1,9,2,1,2,1,1,1,1,,4404,15,10,3,1,51,766,1365
440507,2,4,1,2,,1,1,3,1,,4405,7,30,2,5,172,2035,8713
440604,3,4,1,1,2,1,1,4,1,,4406,4,1,1,3,6,53,1292
440706,1,1,2,1,1,1,1,1,1,,4407,6,29,2,5,166,1972,586
440804,1,1,1,2,,1,1,1,1,,4408,4,22,1,3,128,1511,1952
440902,2,3,1,1,1,1,1,4,1,,4409,2,2,1,1,11,128,3011
441004,2,5,1,2,,1,1,4,1,,4410,4,28,1,2,163,1929,1755
441101,3,7,2,1,1,1,1,7,1,,4411,1,9,1,4,49,673,1454
441202,3,5,2,1,1,1,1,3,1,,4412,2,9,1,4,50,731,2977
441305,2,4,2,1,2,1,1,3,1,,4413,5,26,1,1,151,1765,2599
441404,3,4,2,2,,1,1,3,1,,4414,4,9,1,4,49,645,3421
441505,1,3,1,1,1,1,1,4,1,,4415,5,22,1,3,126,1471,2195
441604,1,2,1,2,,1,1,2,1,,4416,4,22,1,3,127,1482,2035
441718,7,8,3,1,2,2,,1,1,,4417,18,12,2,6,62,881,1964
441803,2,4,1,1,1,1,1,3,1,,4418,3,14,1,3,80,1011,4558
441903,1,1,1,2,,1,1,1,1,,4419,3,14,2,3,79,997,6613
442004,1,4,2,1,1,1,1,2,1,,4420,4,25,1,1,144,1692,2663
442113,2,3,1,1,1,1,1,5,1,,4421,13,32,4,3,187,2146,1688
442220,2,4,0,2,,2,,2,1,,4422,20,30,4,5,173,2040,4785
442312,2,4,0,2,,1,2,4,1,,4423,12,30,4,5,173,2041,4774
442405,2,6,2,1,1,1,1,2,1,,4424,5,19,1,2,107,1322,3056
442510,1,4,1,2,,1,1,2,1,,4425,10,7,2,6,37,444,3822
442605,1,5,3,1,2,1,1,2,1,,4426,5,9,1,4,50,701,3527
442702,1,3,1,2,,1,1,1,1,,4427,2,14,1,3,79,991,8242
442808,1,4,4,1,1,1,1,2,1,,4428,8,12,2,6,62,879,3249
442901,1,4,1,1,1,1,1,2,1,,4429,1,32,1,3,190,2169,2030
443017,1,2,1,1,1,1,2,2,1,,4430,17,25,2,1,141,1674,2705
443106,2,3,1,1,1,1,1,1,1,,4431,6,8,4,1,43,484,2372
443212,1,3,1,2,,1,2,1,1,,4432,12,20,2,6,110,1375,5038
443305,3,4,1,1,2,1,1,6,1,,4433,5,9,1,4,50,707,3479
443418,2,3,0,2,,1,1,4,1,,4434,18,12,3,6,61,878,2843
443501,3,9,2,1,2,1,1,5,1,,4435,1,19,1,2,106,1281,3171
443605,2,4,1,2,,2,,4,1,,4436,5,17,1,5,97,1161,1854
443702,1,4,2,1,2,1,1,2,1,,4437,2,1,1,3,6,55,1249
443801,1,1,0,2,,2,,8,1,,4438,1,9,1,4,48,586,3644
443901,1,4,1,1,1,1,1,2,1,,4439,1,9,1,4,48,574,4103
444003,3,5,1,2,,1,1,3,1,,4440,3,9,1,4,49,627,3808
444101,2,3,1,2,,1,1,5,1,,4441,1,21,1,5,121,1440,4259
444210,2,5,1,2,,1,1,1,1,,4442,10,27,2,6,153,1812,2385
444305,2,5,2,1,1,1,1,2,1,,4443,5,15,1,5,85,1035,13117
444401,4,5,1,1,1,2,,3,1,,4444,1,3,1,1,16,175,618
444501,3,5,1,1,1,1,1,5,1,,4445,1,8,1,1,44,494,3005
444603,2,3,1,2,,2,,5,1,,4446,3,26,1,1,151,1777,2117
444702,4,6,2,1,1,1,1,6,1,,4447,2,13,1,5,73,948,2562
444811,1,3,0,1,1,2,,2,1,,4448,11,4,4,6,21,226,887
444916,4,5,2,1,2,1,1,3,1,,4449,16,12,4,6,63,888,2579
445016,4,6,1,2,,1,2,7,1,,4450,16,5,4,2,28,277,1380
445119,1,2,0,2,,2,,1,1,,4451,19,24,4,2,136,1589,1281
445203,3,7,3,1,1,1,1,3,1,,4452,3,4,1,6,23,235,931
445303,3,4,3,1,1,1,1,1,1,,4453,3,11,1,3,60,873,6798
445404,1,4,1,2,,1,1,2,1,,4454,4,4,3,6,20,222,977
445511,2,3,1,1,1,1,1,3,1,,4455,11,11,4,3,57,838,3502
445601,1,2,1,1,1,2,,3,1,,4456,1,2,1,1,9,71,3257
445703,2,3,1,2,,1,1,5,1,,4457,3,23,1,6,132,1539,1677
445807,2,3,1,2,,2,,5,1,,4458,7,14,4,3,77,970,8757
445901,1,3,1,2,,1,1,2,1,,4459,1,2,1,1,9,69,3373
446008,4,5,1,1,2,1,1,4,1,,4460,8,32,4,3,187,2148,1543
446105,2,4,1,1,1,1,1,4,1,,4461,5,15,2,5,86,1066,13118
446201,2,3,1,1,1,1,1,3,1,,4462,1,32,1,3,188,2153,1417
446316,1,3,0,2,,2,,2,1,,4463,16,12,4,6,63,886,2839
446405,2,4,2,1,1,1,1,5,1,,4464,5,25,1,1,145,1713,2488
446503,2,4,2,2,,2,,2,1,,4465,3,15,1,5,86,1086,8324
446603,1,4,2,1,1,1,1,2,1,,4466,3,9,1,4,49,606,4668
446705,3,4,1,1,1,1,1,5,1,,4467,5,19,1,2,107,1314,3142
446803,3,4,2,2,,1,1,8,1,,4468,3,31,1,6,181,2093,2816
446915,4,6,2,1,3,1,1,5,1,,4469,15,14,3,3,75,965,3506
447004,3,5,1,1,2,1,1,4,1,,4470,4,24,4,2,137,1597,1065
447104,2,4,2,1,1,1,1,2,1,,4471,4,11,1,3,59,866,5308
447208,2,3,1,1,1,2,,4,1,,4472,8,24,3,2,135,1587,1397
447320,2,3,0,1,1,1,1,2,1,,4473,20,30,2,5,172,2036,7817
447411,3,7,0,1,1,1,1,3,1,,4474,11,21,3,5,116,1408,6402
447505,2,4,1,2,,1,1,4,1,,4475,5,9,1,4,48,561,4978
447616,2,4,1,1,1,1,1,3,1,,4476,16,22,4,3,125,1467,2137
447701,1,4,1,1,2,1,1,2,1,,4477,1,2,1,1,9,79,3074
447815,3,4,0,2,,2,,4,1,,4478,15,8,4,1,43,485,1975
447920,2,4,2,2,,2,,2,1,,4479,20,7,4,6,39,453,3363
448001,3,7,2,1,2,1,1,4,1,,4480,1,2,1,1,11,132,2860
448102,1,3,1,2,,2,,3,1,,4481,2,30,2,5,175,2053,6475
448202,2,4,1,2,,1,1,6,1,,4482,2,26,1,1,150,1757,2485
448310,2,4,1,1,1,2,,2,1,,4483,10,25,4,1,143,1681,2188
448403,2,3,1,1,1,1,1,5,1,,4484,3,32,1,3,189,2164,1145
448502,2,5,1,2,,2,,2,1,,4485,2,8,1,1,44,493,3043
448602,3,4,1,1,1,1,1,4,1,,4486,2,28,1,2,163,1919,1877
448701,2,4,1,2,,2,,2,1,,4487,1,25,1,1,144,1697,2258
448804,3,5,1,1,1,1,1,4,1,,4488,4,9,1,4,49,647,3351
448903,1,3,1,2,,1,2,2,1,,4489,3,31,1,6,182,2100,2028
449016,1,4,1,2,,1,1,3,1,,4490,16,29,4,5,167,1975,636
449104,1,2,1,1,1,1,1,2,1,,4491,4,23,1,6,132,1549,1457
449203,2,3,0,2,,2,,10,1,,4492,3,24,4,2,136,1589,1281
449304,2,4,1,2,,1,1,5,1,,4493,4,14,1,3,79,996,7162
449403,1,3,1,1,1,1,1,2,1,,4494,3,2,1,1,10,120,2739
449503,3,5,2,1,1,1,1,3,1,,4495,3,17,1,5,98,1198,1204
449603,1,1,0,2,,1,2,5,1,,4496,3,9,1,4,48,591,3541
449703,2,4,1,2,,1,1,7,1,,4497,3,28,1,2,161,1851,1956
449802,2,4,1,2,,1,1,1,1,,4498,2,10,1,1,53,791,1209
449902,1,5,2,2,,1,1,1,1,,4499,2,16,1,3,91,1119,4419
450004,2,3,1,2,,1,1,3,1,,4500,4,23,1,6,132,1553,1371
450103,2,3,1,1,1,1,1,5,1,,4501,3,15,1,5,86,1087,7105
450219,2,6,1,2,,2,,4,1,,4502,19,17,3,5,94,1148,943
450319,2,3,0,2,,2,,4,1,,4503,19,20,4,6,111,1379,3848
450410,2,3,1,2,,2,,1,1,,4504,10,30,3,5,172,2038,7808
450505,1,2,0,2,,2,,3,1,,4505,5,7,4,6,39,452,3699
450619,1,2,0,2,,2,,4,1,,4506,19,20,4,6,111,1380,3726
450703,1,3,3,1,1,1,1,1,1,,4507,3,31,1,6,184,2126,3246
450810,2,2,0,1,1,1,1,3,1,,4508,10,32,3,3,185,2140,1353
450906,2,3,1,2,,1,1,2,1,,4509,6,15,4,5,83,1023,11415
451002,2,4,1,2,,1,1,3,1,,4510,2,4,1,6,23,245,744
451103,3,4,1,1,1,1,1,6,1,,4511,3,28,1,2,164,1958,1911
451202,1,3,4,2,,1,1,2,1,,4512,2,23,1,6,133,1561,1831
451304,1,1,0,2,,2,,1,1,,4513,4,31,3,6,179,2088,1811
451405,2,3,1,2,,1,1,2,1,,4514,5,17,1,5,97,1160,1876
451504,6,10,2,2,,1,1,9,1,,4515,4,14,2,3,79,997,6613
451601,2,4,1,1,1,2,,4,1,,4516,1,3,1,1,17,187,686
451702,2,4,1,1,1,1,1,5,1,,4517,2,3,1,1,16,162,816
451801,3,5,2,1,1,1,1,4,1,,4518,1,5,1,2,29,291,1714
451903,1,1,0,2,,2,,5,1,,4519,3,7,1,6,40,457,4832
452004,3,6,1,1,1,1,1,3,1,,4520,4,8,1,1,46,553,2825
452111,2,3,0,2,,2,,7,1,,4521,11,17,3,5,94,1147,952
452203,2,2,1,1,1,1,1,5,1,,4522,3,4,1,6,22,233,354
452301,2,4,1,1,2,1,1,3,1,,4523,1,3,1,1,17,194,622
452402,2,6,1,2,,1,1,2,1,,4524,2,9,1,4,50,756,1305
452505,1,4,1,1,1,1,1,3,1,,4525,5,10,2,1,51,767,1281
452601,2,4,1,1,1,1,1,2,1,,4526,1,1,1,3,5,35,1296
452705,2,3,1,1,1,1,2,4,1,,4527,5,25,1,1,145,1703,2703
452815,3,5,1,2,,1,1,5,1,,4528,15,21,3,5,116,1408,6402
452915,1,4,1,2,,2,,2,1,,4529,15,27,4,6,155,1822,916
453003,3,5,1,2,,1,1,1,1,,4530,3,13,3,5,68,928,1288
453108,1,2,0,2,,2,,4,1,,4531,8,20,4,6,111,1382,3286
453202,2,2,1,1,1,1,1,5,1,,4532,2,23,1,6,131,1522,1788
453305,2,4,1,1,1,2,,4,1,,4533,5,11,3,3,56,832,4770
453401,1,1,1,2,,2,,2,1,,4534,1,7,4,6,39,450,4023
453505,1,4,1,1,1,1,1,1,1,,4535,5,28,1,2,164,1954,2022
453604,3,5,2,1,1,1,1,2,1,,4536,4,1,1,3,4,27,1069
453708,3,4,1,1,1,1,1,3,1,,4537,8,32,2,3,186,2142,1673
453804,2,5,1,1,1,1,1,3,1,,4538,4,9,1,4,50,703,3504
453902,2,5,1,1,1,2,,2,1,,4539,2,5,2,2,26,271,5495
454005,4,5,1,2,,1,1,6,1,,4540,5,9,1,4,48,573,4109
454105,3,4,2,2,,1,1,4,1,,4541,5,28,1,2,163,1943,1685
454209,1,2,1,1,1,2,,2,1,,4542,9,10,4,1,52,769,1449
454317,3,5,3,1,1,1,1,2,1,,4543,17,24,2,2,135,1583,1844
454403,2,3,1,1,2,1,1,3,1,,4544,3,22,1,3,128,1503,2164
454501,2,4,1,1,1,2,,4,1,,4545,1,29,3,5,166,1965,2972
454608,2,5,1,1,2,1,1,4,1,,4546,8,32,3,3,185,2138,1543
454702,3,4,1,2,,1,1,3,1,,4547,2,15,1,5,85,1051,11199
454803,3,5,1,1,2,1,1,3,1,,4548,3,5,1,2,31,368,2069
454903,1,3,1,2,,2,,1,1,,4549,3,7,4,6,39,448,4578
455004,2,2,1,1,1,2,,3,1,,4550,4,28,1,2,162,1852,1684
455120,4,5,2,1,1,2,,4,1,,4551,20,6,2,3,32,393,610
455203,3,6,2,1,2,1,1,4,1,,4552,3,13,3,5,68,926,4627
455310,3,4,2,1,1,1,1,4,1,,4553,10,17,3,5,94,1148,943
455402,2,2,1,2,,1,1,4,1,,4554,2,9,1,4,50,681,4096
455506,2,3,2,2,,2,,2,1,,4555,6,10,4,1,52,773,1281
455611,2,3,1,2,,1,2,4,1,,4556,11,25,4,1,143,1681,2188
455703,3,4,1,1,1,1,1,7,1,,4557,3,8,1,1,45,517,3447
455803,1,1,0,2,,2,,1,1,,4558,3,32,4,3,187,2144,1720
455902,3,5,1,1,1,1,1,4,1,,4559,2,14,1,3,80,1003,7520
456012,1,2,0,2,,2,,1,1,,4560,12,14,4,3,77,970,8757
456118,2,2,0,2,,1,1,4,1,,4561,18,5,4,2,28,278,1371
456201,2,3,1,2,,2,,5,1,,4562,1,7,1,6,40,457,4832
456304,2,4,2,1,2,1,1,5,1,,4563,4,5,1,2,29,295,1678
456405,2,3,1,1,1,1,1,2,1,,4564,5,2,1,1,9,78,3090
456520,2,3,1,2,,2,,2,1,,4565,20,29,3,5,166,1970,682
456601,4,8,2,1,3,1,1,6,1,,4566,1,5,1,2,30,329,1661
456702,3,5,1,1,1,1,1,6,1,,4567,2,9,1,4,50,725,3135
456802,1,2,1,2,,1,1,1,1,,4568,2,27,1,6,156,1831,1596
456913,2,4,0,2,,2,,2,1,,4569,13,7,4,6,39,455,3338
457002,2,2,1,1,1,1,1,3,1,,4570,2,9,1,4,49,645,3421
457101,2,4,1,2,,1,1,2,1,,4571,1,12,1,6,66,909,3673
457204,2,2,1,2,,1,1,5,1,,4572,4,27,3,6,156,1825,2210
457304,2,6,3,1,1,1,1,2,1,,4573,4,30,1,5,177,2080,10259
457404,1,5,1,2,,1,1,1,1,,4574,4,9,1,4,49,655,3136
457501,1,2,1,2,,2,,1,1,,4575,1,2,1,1,9,94,2118
457601,2,5,1,1,1,1,1,2,1,,4576,1,13,3,5,68,928,1288
457714,3,4,1,1,1,1,2,6,1,,4577,14,21,3,5,115,1405,6115
457808,1,2,1,2,,1,1,2,1,,4578,8,4,4,6,21,229,690
457901,2,4,0,2,,1,2,4,1,,4579,1,21,3,5,119,1417,4124
458001,3,5,1,1,1,2,,3,1,,4580,1,25,1,1,145,1713,2488
458101,2,3,2,1,1,2,,1,1,,4581,1,20,3,6,114,1400,3262
458204,2,3,1,2,,1,1,5,1,,4582,4,32,2,3,186,2142,1673
458316,2,3,1,1,1,2,,3,1,,4583,16,32,4,3,187,2146,1688
458403,2,2,1,2,,1,1,3,1,,4584,3,19,2,2,106,1295,995
458502,2,5,2,1,1,1,1,2,1,,4585,2,22,1,3,128,1495,2148
458615,1,3,1,2,,2,,4,1,,4586,15,25,4,1,143,1681,2188
458703,2,3,2,1,1,1,1,4,1,,4587,3,28,1,2,164,1951,2175
458810,3,5,1,1,2,1,1,3,1,,4588,10,8,3,1,42,481,3354
458901,2,2,1,1,1,1,1,3,1,,4589,1,15,1,5,86,1071,12674
459003,2,4,1,1,1,1,1,3,1,,4590,3,14,1,3,80,1003,7520
459102,2,4,1,1,2,1,1,4,1,,4591,2,5,1,2,29,288,1753
459204,2,2,1,1,1,1,1,5,1,,4592,4,8,1,1,44,501,2795
459301,1,2,1,2,,2,,1,1,,4593,1,15,3,5,85,1028,15557
459404,1,1,1,2,,1,1,1,1,,4594,4,17,3,5,97,1159,2131
459516,2,4,0,2,,2,,8,1,,4595,16,21,4,5,117,1413,3844
459613,2,3,0,2,,1,2,3,1,,4596,13,21,4,5,118,1414,5277
459704,1,3,0,2,,2,,2,1,,4597,4,7,4,6,39,452,3699
459803,6,7,2,1,1,1,1,6,1,,4598,3,18,1,3,102,1220,1416
459913,2,3,1,2,,2,,4,1,,4599,13,29,3,5,166,1970,682
460004,2,3,1,1,1,1,1,3,1,,4600,4,3,1,1,18,219,172
460102,2,4,2,1,1,1,1,1,1,,4601,2,9,1,4,50,688,3766
460219,1,1,0,2,,1,1,7,1,,4602,19,31,3,6,178,2084,2239
460305,2,3,1,2,,1,1,1,1,,4603,5,10,1,1,55,821,1377
460401,1,2,1,2,,1,1,1,1,,4604,1,26,1,1,150,1754,2570
460501,2,6,0,2,,2,,3,1,,4605,1,18,2,3,104,1241,1027
460601,1,4,1,1,1,1,1,2,1,,4606,1,25,4,1,143,1678,2442
460704,1,3,1,2,,2,,1,1,,4607,4,14,3,3,75,965,3506
460809,1,5,2,2,,1,1,1,1,,4608,9,26,2,1,148,1739,2513
460901,3,4,2,1,2,1,1,4,1,,4609,1,9,1,4,49,652,3190
461012,2,5,1,2,,1,1,5,1,,4610,12,31,3,6,179,2088,1811
461105,2,3,1,2,,2,,6,1,,4611,5,29,3,5,165,1963,1595
461202,2,3,1,2,,1,1,6,1,,4612,2,23,1,6,132,1543,1579
461303,4,5,1,1,2,1,1,6,1,,4613,3,25,1,1,145,1706,2623
461405,2,2,0,2,,2,,5,1,,4614,5,24,4,2,136,1590,1225
461505,3,4,1,2,,1,1,3,1,,4615,5,4,1,6,24,253,833
461614,2,3,1,1,2,2,,1,1,,4616,14,19,2,2,105,1251,2799
461704,1,4,2,1,2,1,1,2,1,,4617,4,1,1,3,5,44,882
461804,2,4,1,2,,1,1,5,1,,4618,4,19,1,2,107,1312,3177
461916,2,3,1,2,,2,,1,1,,4619,16,10,4,1,52,774,1138
462005,1,4,1,1,1,1,1,1,1,,4620,5,2,1,1,11,129,2991
462105,2,3,1,1,2,1,1,2,1,,4621,5,3,1,1,17,196,613
462220,4,5,1,1,1,2,,5,1,,4622,20,2,4,1,8,62,1927
462301,2,5,3,2,,1,1,2,1,,4623,1,26,1,1,151,1782,2050
462401,3,5,1,1,1,1,1,3,1,,4624,1,16,1,3,93,1139,4168
462503,4,6,1,2,,1,1,4,1,,4625,3,24,1,2,139,1629,1328
462602,1,2,1,2,,1,1,6,1,,4626,2,31,2,6,183,2120,1959
462703,2,6,1,1,1,1,1,3,1,,4627,3,26,2,1,148,1738,2836
462804,1,1,1,2,,1,1,4,1,,4628,4,4,1,6,23,249,685
462901,2,4,1,2,,1,1,4,1,,4629,1,10,1,1,54,806,1316
463005,2,3,1,1,2,1,1,2,1,,4630,5,22,1,3,127,1486,1953
463105,2,4,1,2,,1,1,2,1,,4631,5,24,1,2,138,1606,1354
463205,1,3,1,1,1,1,1,1,1,,4632,5,24,1,2,138,1613,1193
463305,2,4,1,1,1,1,1,3,1,,4633,5,14,2,3,75,966,3387
463405,1,2,2,1,2,2,,2,1,,4634,5,18,1,3,102,1224,1185
463503,4,5,1,1,1,1,1,2,1,,4635,3,25,1,1,145,1720,1138
463603,5,9,2,1,2,1,1,5,1,,4636,3,24,1,2,140,1659,1413
463705,3,4,1,2,,2,,5,1,,4637,5,13,4,5,72,943,2474
463804,2,4,1,2,,1,2,2,1,,4638,4,15,1,5,85,1055,9998
463903,4,6,2,1,1,1,1,4,1,,4639,3,13,1,5,73,948,2562
464005,2,4,2,2,,1,1,1,1,,4640,5,13,3,5,69,930,1984
464104,3,5,2,1,3,1,1,5,1,,4641,4,5,1,2,30,324,1771
464203,3,4,2,1,1,1,1,6,1,,4642,3,19,1,2,106,1289,3018
464305,2,4,1,1,1,1,1,6,1,,4643,5,22,1,3,127,1493,1759
464401,4,9,2,1,1,1,1,5,1,,4644,1,28,1,2,162,1895,1601
464514,2,3,1,1,1,1,1,4,1,,4645,14,2,4,1,8,63,1922
464604,3,4,2,1,2,1,1,4,1,,4646,4,28,1,2,163,1925,1801
464705,3,5,2,1,2,1,1,2,1,,4647,5,8,1,1,46,550,3054
464801,1,3,1,1,1,1,1,4,1,,4648,1,1,1,3,4,21,1259
464911,2,3,1,1,1,2,,3,1,,4649,11,29,2,5,166,1969,729
465018,4,5,1,1,1,1,1,1,1,,4650,18,21,4,5,117,1412,4714
465104,2,4,1,2,,2,,2,1,,4651,4,9,1,4,48,599,2791
465205,1,6,1,1,3,1,1,1,1,,4652,5,5,4,2,28,279,1313
465302,4,5,1,1,1,1,1,6,1,,4653,2,1,1,3,4,20,1269
465408,4,4,2,1,1,2,,6,1,,4654,8,18,4,3,101,1218,1072
465505,2,5,1,1,1,1,1,4,1,,4655,5,9,1,4,50,736,2891
465604,3,7,2,1,2,1,1,3,1,,4656,4,29,3,5,170,2018,1060
465703,1,6,1,2,,1,1,1,1,,4657,3,29,2,5,171,2033,371
465805,2,4,1,2,,2,,4,1,,4658,5,27,3,6,153,1811,2396
465903,2,3,1,1,1,1,1,5,1,,4659,3,5,1,2,29,284,1811
466005,1,3,1,2,,2,,2,1,,4660,5,4,4,6,21,225,1029
466101,1,2,1,2,,2,,1,1,,4661,1,9,1,4,49,629,3784
466203,1,1,1,1,1,1,1,3,1,,4662,3,3,1,1,16,179,555
466304,1,3,1,2,,2,,1,1,,4663,4,15,4,5,83,1021,33387
466414,2,4,1,1,3,1,1,5,1,,4664,14,16,4,3,90,1114,10379
466505,1,3,1,1,1,1,1,2,1,,4665,5,17,1,5,99,1203,1638
466603,4,6,2,1,2,1,1,6,1,,4666,3,27,1,6,156,1826,2011
466708,1,3,1,2,,1,1,4,1,,4667,8,27,3,6,153,1808,2893
466803,3,4,1,1,1,1,2,2,1,,4668,3,12,4,6,63,886,2839
466910,1,2,1,2,,2,,2,1,,4669,10,10,4,1,52,771,1323
467001,2,4,1,1,1,1,1,2,1,,4670,1,9,1,4,49,667,2893
467118,1,2,1,1,1,1,1,4,1,,4671,18,3,2,1,12,143,609
467204,5,8,2,1,1,1,1,1,1,,4672,4,22,1,3,128,1507,2017
467316,2,6,1,2,,1,1,4,1,,4673,16,16,3,3,88,1108,4784
467404,3,8,2,1,2,1,1,2,1,,4674,4,9,1,4,50,695,3569
467503,2,3,1,1,1,1,1,4,1,,4675,3,1,1,3,6,57,1148
467602,2,2,1,2,,1,1,2,1,,4676,2,12,1,6,65,896,3493
467703,2,4,1,1,2,1,1,4,1,,4677,3,1,2,3,6,51,1346
467818,2,2,1,2,,2,,3,1,,4678,18,29,3,5,166,1971,658
467904,2,3,1,1,2,1,1,5,1,,4679,4,6,1,3,34,410,730
468001,2,4,2,1,1,1,1,4,1,,4680,1,6,1,3,35,421,807
468105,2,4,1,1,1,1,1,4,1,,4681,5,19,1,2,107,1321,3056
468202,2,2,1,2,,1,1,4,1,,4682,2,28,1,2,162,1865,1818
468301,3,5,1,1,1,1,1,6,1,,4683,1,12,1,6,65,901,2886
468403,3,5,1,2,,1,1,6,1,,4684,3,1,1,3,5,30,1382
468504,2,3,1,1,1,1,1,4,1,,4685,4,14,1,3,80,1009,6673
468604,3,5,1,1,1,1,1,5,1,,4686,4,24,1,2,139,1624,1383
468703,3,4,1,2,,2,,1,1,,4687,3,5,1,2,29,294,1680
468802,2,3,1,1,1,1,1,3,1,,4688,2,28,1,2,163,1939,1707
468906,2,4,1,1,1,2,,3,1,,4689,6,20,4,6,112,1387,3229
469001,1,3,1,1,1,1,1,2,1,,4690,1,8,1,1,45,536,2447
469101,3,5,1,2,,1,1,4,1,,4691,1,17,1,5,98,1184,1658
469207,2,3,1,1,1,1,2,3,1,,4692,7,32,2,3,185,2139,1468
469305,3,5,3,2,,1,1,6,1,,4693,5,13,1,5,72,942,2549
469404,3,6,3,1,3,1,1,4,2,2,4694,4,19,1,2,108,1341,3367
469501,2,4,1,2,,1,1,4,1,,4695,1,4,1,6,25,266,878
469604,2,7,2,1,2,1,1,4,1,,4696,4,28,1,2,163,1947,1572
469714,1,2,0,2,,2,,8,1,,4697,14,7,4,6,39,456,3330
469814,2,3,0,2,,2,,6,1,,4698,14,7,4,6,39,449,4091
469902,3,4,1,1,1,1,1,7,1,,4699,2,11,4,3,57,838,3502
470002,3,5,2,1,1,1,1,3,1,,4700,2,17,2,5,97,1166,1711
470101,1,1,0,2,,2,,1,1,,4701,1,8,1,1,44,487,3392
470202,3,7,2,1,2,1,1,5,1,,4702,2,17,3,5,94,1149,880
470305,3,6,2,1,1,1,1,4,1,,4703,5,24,2,2,135,1582,2162
470405,1,2,2,2,,1,1,2,1,,4704,5,4,1,6,23,246,730
470508,3,5,1,1,1,1,1,3,1,,4705,8,22,3,3,123,1461,2454
470603,1,4,1,2,,1,1,1,1,,4706,3,5,1,2,30,352,1452
470705,2,3,1,1,2,1,2,4,1,,4707,5,3,1,1,15,153,736
470811,1,2,1,2,,1,1,3,1,,4708,11,4,3,6,19,221,707
470902,1,4,2,2,,1,1,2,1,,4709,2,30,4,5,174,2045,5770
471005,1,1,0,2,,2,,2,1,,4710,5,4,3,6,19,220,797
471104,2,4,2,1,1,1,1,4,1,,4711,4,12,1,6,65,905,2110
471202,2,3,1,2,,2,,4,1,,4712,2,22,4,3,125,1467,2137
471304,1,2,1,1,1,1,1,3,1,,4713,4,23,1,6,132,1537,1731
471404,2,6,3,1,2,1,1,3,1,,4714,4,18,1,3,104,1246,891
471503,3,5,1,2,,1,1,5,1,,4715,3,14,1,3,78,979,9207
471614,1,3,1,1,1,1,1,1,1,,4716,14,23,4,6,130,1515,1790
471702,1,5,1,1,1,1,1,2,1,,4717,2,10,1,1,53,778,1314
471801,4,7,2,1,1,1,1,6,1,,4718,1,20,1,6,114,1403,2379
471901,2,3,2,2,,2,,1,1,,4719,1,20,1,6,114,1398,4060
472004,1,5,2,1,1,1,1,1,1,,4720,4,31,1,6,184,2133,2511
472103,3,6,2,2,,1,1,2,1,,4721,3,20,2,6,110,1375,5038
472204,3,5,1,1,1,1,1,3,1,,4722,4,24,3,2,135,1586,1785
472304,3,6,1,1,1,1,1,5,1,,4723,4,18,1,3,102,1224,1185
472401,2,5,1,2,,1,1,3,1,,4724,1,25,1,1,144,1690,2756
472502,3,5,1,1,1,1,1,5,1,,4725,2,28,1,2,163,1945,1648
472603,2,4,2,1,1,1,1,2,1,,4726,3,13,1,5,73,946,2962
472712,2,4,1,1,1,1,1,4,1,,4727,12,22,4,3,125,1467,2137
472812,1,1,0,2,,2,,1,1,,4728,12,24,4,2,137,1600,973
472906,1,2,1,1,1,2,,1,1,,4729,6,10,4,1,52,771,1323
473001,1,3,1,2,,1,1,2,1,,4730,1,5,1,2,29,317,1538
473103,2,3,1,2,,1,1,1,1,,4731,3,9,1,4,49,665,2914
473203,2,4,1,2,,1,1,3,1,,4732,3,22,1,3,127,1482,2035
473302,3,4,1,1,1,1,1,4,1,,4733,2,2,1,1,10,96,3718
473401,2,3,1,2,,2,,3,1,,4734,1,17,2,5,94,1151,717
473503,1,3,1,2,,1,1,2,1,,4735,3,15,3,5,85,1028,15557
473605,1,3,1,2,,1,1,2,1,,4736,5,5,1,2,29,310,1581
473701,3,6,1,1,1,2,,4,1,,4737,1,8,1,1,44,501,2795
473801,2,4,2,2,,1,1,4,1,,4738,1,3,1,1,15,156,646
473903,1,4,1,2,,1,1,1,1,,4739,3,10,1,1,54,801,1327
474002,1,8,1,1,4,1,1,2,1,,4740,2,32,4,3,187,2148,1543
474102,2,3,1,1,1,1,1,4,1,,4741,2,28,1,2,164,1962,1817
474203,2,4,0,2,,2,,3,1,,4742,3,16,4,3,89,1113,3018
474305,4,7,1,2,,1,1,7,1,,4743,5,9,1,4,49,633,3737
474402,1,2,2,2,,2,,2,1,,4744,2,14,1,3,80,1004,7094
474512,3,5,1,1,1,1,1,5,1,,4745,12,25,4,1,143,1682,2124
474605,1,1,0,1,1,1,1,1,1,,4746,5,9,1,4,48,582,3890
474705,3,4,3,1,2,1,1,2,1,,4747,5,32,1,3,189,2165,991
474803,1,1,0,2,,2,,2,1,,4748,3,22,4,3,125,1468,1809
474905,1,1,0,2,,2,,2,1,,4749,5,15,1,5,85,1045,11921
475005,3,4,3,1,2,2,,2,1,,4750,5,11,1,3,59,862,5358
475112,4,6,1,1,1,2,,4,1,,4751,12,10,4,1,52,769,1449
475202,2,4,1,1,1,1,1,4,1,,4752,2,4,3,6,20,222,977
475304,4,6,2,1,2,1,1,6,1,,4753,4,1,1,3,5,38,1166
475418,1,1,0,1,1,2,,1,1,,4754,18,20,2,6,109,1372,3454
475504,2,3,2,1,1,1,2,3,1,,4755,4,23,1,6,133,1563,1816
475604,2,3,2,1,1,2,,6,1,,4756,4,28,1,2,164,1951,2175
475701,1,2,1,2,,1,1,5,1,,4757,1,6,2,3,32,392,627
475807,1,3,0,2,,1,1,2,1,,4758,7,9,4,4,47,557,672
475902,1,2,1,2,,1,1,5,1,,4759,2,13,4,5,71,935,2985
476001,2,4,1,1,1,1,1,4,1,,4760,1,8,1,1,44,492,3066
476102,1,2,1,2,,2,,3,1,,4761,2,5,1,2,29,287,1766
476203,1,2,1,2,,1,1,6,1,,4762,3,23,1,6,131,1520,2107
476304,1,3,1,2,,2,,1,1,,4763,4,24,4,2,137,1598,1015
476405,2,3,2,2,,1,1,2,1,,4764,5,23,1,6,132,1542,1617
476520,2,4,2,1,1,1,1,5,1,,4765,20,30,4,5,173,2042,4624
476619,1,3,0,2,,2,,4,1,,4766,19,28,4,2,160,1848,1343
476704,1,3,1,2,,1,1,1,1,,4767,4,14,1,3,79,990,8771
476815,2,3,1,2,,1,1,5,1,,4768,15,27,3,6,153,1813,2357
476903,4,5,2,1,1,1,1,4,1,,4769,3,17,1,5,98,1192,1313
477003,2,3,1,2,,2,,4,1,,4770,3,1,1,3,4,22,1253
477102,3,5,1,2,,1,1,7,1,,4771,2,9,1,4,48,578,3996
477204,1,2,1,2,,2,,1,1,,4772,4,6,1,3,34,413,135
477319,1,2,0,2,,1,2,4,1,,4773,19,24,4,2,137,1600,973
477417,2,2,0,2,,2,,2,1,,4774,17,13,3,5,67,922,1613
477505,3,4,2,1,1,1,1,4,1,,4775,5,30,3,5,175,2054,6294
477610,1,4,1,1,1,1,1,5,1,,4776,10,32,3,3,185,2138,1543
477703,2,3,1,1,1,1,1,4,1,,4777,3,8,1,1,44,492,3066
477803,3,5,1,1,1,1,2,3,1,,4778,3,22,1,3,127,1486,1953
477901,2,5,1,2,,1,1,3,1,,4779,1,17,1,5,98,1199,1137
478017,1,3,0,2,,2,,3,1,,4780,17,4,4,6,21,225,1029
478104,1,3,1,1,1,2,,1,1,,4781,4,8,1,1,45,527,3042
478204,2,3,1,1,1,1,1,1,1,,4782,4,20,3,6,114,1400,3262
478304,1,3,1,2,,1,1,3,1,,4783,4,30,2,5,176,2068,6666
478417,4,6,2,1,2,2,,4,1,,4784,17,13,4,5,71,937,2578
478513,2,2,0,1,1,2,,6,1,,4785,13,3,4,1,14,148,833
478603,1,3,1,1,1,1,1,2,1,,4786,3,14,1,3,79,985,9225
478712,2,3,0,2,,1,2,5,1,,4787,12,11,3,3,56,832,4770
478801,3,5,2,1,1,1,1,4,1,,4788,1,30,1,5,176,2066,7348
478903,2,3,1,1,1,1,1,3,1,,4789,3,5,1,2,30,359,1411
479001,2,3,1,2,,2,,2,1,,4790,1,20,4,6,112,1387,3229
479102,2,3,1,1,1,1,1,3,1,,4791,2,24,1,2,139,1633,1296
479201,1,1,0,2,,1,1,5,1,,4792,1,10,1,1,53,781,1302
479303,1,4,1,2,,2,,1,1,,4793,3,18,1,3,103,1233,1075
479405,1,3,3,1,2,1,1,1,1,,4794,5,21,2,5,122,1458,1444
479519,2,4,1,1,1,1,1,3,1,,4795,19,21,3,5,115,1405,6115
479603,1,2,1,1,1,1,1,5,1,,4796,3,2,1,1,10,105,3019
479704,3,4,1,2,,1,1,7,2,2,4797,4,9,1,4,49,654,3163
479802,4,5,2,1,2,1,1,7,1,,4798,2,11,1,3,60,872,6960
479901,5,6,2,2,,1,1,4,1,,4799,1,24,1,2,139,1623,1392
480001,1,2,0,2,,2,,3,1,,4800,1,15,4,5,83,1022,25014
480101,2,3,1,1,1,1,1,4,1,,4801,1,15,1,5,86,1076,11196
480205,3,5,1,1,1,1,1,5,1,,4802,5,14,1,3,78,976,10781
480301,2,3,1,2,,1,1,3,1,,4803,1,5,1,2,30,332,1626
480413,2,3,1,1,1,2,,5,1,,4804,13,13,4,5,71,935,2985
480503,3,5,1,1,1,1,1,5,1,,4805,3,24,1,2,139,1646,1169
480601,3,5,2,1,1,1,1,3,1,,4806,1,1,1,3,6,53,1292
480704,1,1,1,2,,2,,1,1,,4807,4,23,1,6,132,1531,1998
480805,3,5,1,1,1,1,1,5,1,,4808,5,24,1,2,139,1625,1380
480904,1,2,1,2,,1,1,2,1,,4809,4,10,1,1,53,784,1272
481002,3,5,1,1,1,1,1,6,1,,4810,2,28,1,2,162,1883,1669
481102,2,4,1,1,1,1,1,6,1,,4811,2,19,1,2,106,1275,3225
481204,1,2,1,2,,1,1,2,1,,4812,4,4,1,6,23,240,801
481302,3,5,1,1,1,1,1,2,1,,4813,2,15,1,5,85,1050,11321
481401,1,5,2,1,2,1,1,2,1,,4814,1,5,1,2,30,364,1340
481504,1,2,1,2,,1,1,1,1,,4815,4,3,1,1,16,170,659
481605,2,4,1,1,1,1,1,3,1,,4816,5,19,1,2,107,1310,3190
481710,3,5,1,1,2,1,1,4,1,,4817,10,5,4,2,28,277,1380
481816,3,5,1,1,2,1,2,6,1,,4818,16,32,4,3,187,2148,1543
481918,2,3,0,2,,1,1,4,1,,4819,18,20,2,6,110,1377,3890
482001,2,3,1,2,,1,1,1,1,,4820,1,23,1,6,132,1546,1543
482112,1,1,0,2,,2,,2,1,,4821,12,30,3,5,172,2037,7808
482207,1,2,1,1,1,2,,4,1,,4822,7,22,3,3,123,1461,2454
482303,1,5,2,1,1,1,1,1,1,,4823,3,9,1,4,49,644,3450
482403,1,1,1,2,,1,1,2,1,,4824,3,20,3,6,114,1400,3262
482504,2,3,1,1,1,1,1,4,1,,4825,4,29,3,5,166,1966,2755
482605,1,4,1,2,,2,,6,1,,4826,5,15,1,5,85,1040,12481
482704,3,4,2,2,,1,1,2,1,,4827,4,29,3,5,166,1971,658
482801,1,2,1,2,,2,,4,1,,4828,1,18,4,3,101,1215,1128
482912,3,4,1,2,,1,1,2,1,,4829,12,24,4,2,137,1596,1073
483001,1,3,1,1,1,1,1,3,1,,4830,1,2,1,1,10,118,2754
483102,2,4,1,1,1,1,1,2,1,,4831,2,28,1,2,163,1924,1816
483213,2,3,0,1,1,1,1,8,1,,4832,13,20,4,6,111,1380,3726
483303,2,3,1,1,1,1,1,5,1,,4833,3,14,1,3,79,995,7226
483415,2,3,1,1,2,2,,4,1,,4834,15,15,3,5,81,1017,6441
483518,1,4,1,2,,2,,1,1,,4835,18,29,2,5,166,1969,729
483604,1,2,0,2,,1,1,4,1,,4836,4,13,4,5,70,933,2426
483718,3,5,1,1,1,1,1,5,1,,4837,18,22,4,3,125,1466,2305
483801,3,3,1,2,,1,1,2,1,,4838,1,9,1,4,50,718,3308
483903,2,3,1,1,1,1,1,4,1,,4839,3,14,4,3,77,970,8757
484010,1,1,0,2,,2,,2,1,,4840,10,24,4,2,137,1599,1009
484102,1,4,1,2,,1,1,4,1,,4841,2,28,2,2,163,1912,2112
484203,2,4,1,1,2,1,1,2,1,,4842,3,26,2,1,147,1736,2632
484305,2,4,1,2,,2,,4,1,,4843,5,32,4,3,187,2145,1691
484403,1,4,1,1,1,1,1,1,1,,4844,3,9,1,4,50,684,3837
484504,4,8,2,1,3,1,1,4,1,,4845,4,10,1,1,54,805,1316
484604,1,4,1,2,,1,1,2,1,,4846,4,31,4,6,180,2091,2598
484717,2,3,1,1,1,2,,5,1,,4847,17,11,4,3,57,836,4721
484806,2,3,1,1,1,1,1,7,1,,4848,6,21,3,5,115,1405,6115
484920,1,3,0,2,,2,,2,1,,4849,20,20,4,6,111,1379,3848
485003,2,5,1,1,1,1,1,4,1,,4850,3,28,1,2,162,1901,1547
485114,3,6,1,1,4,1,1,4,1,,4851,14,26,3,1,147,1735,2939
485202,3,4,1,2,,2,,1,1,,4852,2,18,1,3,102,1221,1303
485310,2,5,1,1,1,1,1,4,1,,4853,10,30,4,5,174,2045,5770
485402,1,2,1,2,,2,,1,1,,4854,2,9,1,4,48,593,3459
485501,3,4,1,2,,1,1,2,1,,4855,1,26,1,1,151,1769,2313
485620,1,3,1,1,1,1,1,2,1,,4856,20,16,3,3,88,1108,4784
485702,2,3,1,1,1,1,1,2,1,,4857,2,19,2,2,107,1332,1023
485804,3,4,1,1,1,1,1,4,1,,4858,4,22,1,3,128,1498,2320
485901,2,3,1,2,,1,1,1,1,,4859,1,13,1,5,74,956,2824
486020,1,4,1,1,1,2,,2,1,,4860,20,30,4,5,174,2048,4995
486110,1,3,1,2,,2,,1,1,,4861,10,4,4,6,21,228,784
486214,3,4,1,1,2,1,1,4,1,,4862,14,8,4,1,43,484,2372
486304,1,2,1,1,1,1,2,4,1,,4863,4,32,4,3,187,2148,1543
486415,2,4,1,1,1,2,,5,1,,4864,15,8,4,1,43,483,2387
486503,2,3,1,2,,1,1,3,1,,4865,3,24,1,2,140,1656,1430
486604,1,2,1,2,,2,,2,1,,4866,4,2,1,1,10,105,3019
486704,2,3,1,1,1,1,1,3,1,,4867,4,24,1,2,138,1609,1304
486803,2,4,1,1,1,1,1,4,1,,4868,3,8,1,1,44,509,2701
486916,2,4,1,2,,1,1,2,1,,4869,16,30,4,5,173,2041,4774
487015,1,3,1,2,,1,1,6,1,,4870,15,27,4,6,154,1817,2285
487120,2,3,1,1,1,2,,3,1,,4871,20,10,4,1,52,772,1285
487204,3,4,2,1,1,1,1,3,1,,4872,4,14,2,3,75,960,17114
487303,4,5,3,1,1,1,1,6,2,2,4873,3,32,2,3,186,2142,1673
487401,2,4,1,2,,1,1,1,1,,4874,1,9,1,4,50,685,3836
487507,2,5,3,1,2,1,1,3,1,,4875,7,6,3,3,32,391,636
487601,2,4,1,2,,2,,1,1,,4876,1,2,1,1,10,98,3467
487718,3,4,1,1,1,1,2,2,1,,4877,18,24,3,2,135,1587,1397
487804,2,3,1,1,1,1,1,4,1,,4878,4,25,1,1,145,1709,2581
487903,2,3,1,2,,2,,3,1,,4879,3,27,3,6,153,1808,2893
488004,1,1,0,2,,2,,1,1,,4880,4,12,1,6,65,897,3224
488103,2,3,1,1,1,1,1,5,1,,4881,3,26,1,1,152,1800,2190
488203,4,10,3,1,3,1,1,2,1,,4882,3,5,1,2,29,314,1567
488305,3,5,0,2,,1,1,6,1,,4883,5,20,4,6,113,1388,3090
488402,1,3,1,2,,1,1,1,1,,4884,2,15,1,5,85,1032,13530
488502,1,2,1,1,1,1,1,1,1,,4885,2,6,1,3,35,415,890
488604,2,4,1,1,2,1,1,7,1,,4886,4,21,3,5,116,1408,6402
488704,1,3,1,1,1,1,1,1,1,,4887,4,25,1,1,145,1702,2704
488803,2,3,1,1,1,1,1,3,1,,4888,3,6,3,3,32,389,2846
488904,2,4,2,2,,2,,1,1,,4889,4,17,3,5,94,1145,3653
489005,2,2,1,1,1,1,1,6,1,,4890,5,2,1,1,9,93,2149
489103,2,4,1,2,,1,1,3,1,,4891,3,8,1,1,45,534,2917
489208,2,4,0,2,,2,,5,1,,4892,8,30,4,5,173,2040,4785
489311,2,3,1,2,,1,1,5,1,,4893,11,25,4,1,143,1678,2442
489404,1,2,0,2,,2,,3,1,,4894,4,9,1,4,48,583,3806
489502,3,5,1,2,,1,1,7,1,,4895,2,6,1,3,34,410,730
489601,2,4,1,1,1,1,1,4,1,,4896,1,28,1,2,163,1938,1707
489701,2,4,2,1,1,1,1,3,1,,4897,1,15,3,5,86,1065,13704
489804,2,4,1,2,,1,1,6,1,,4898,4,28,2,2,159,1843,2250
489906,2,3,1,1,1,2,,4,1,,4899,6,3,4,1,14,149,796
490006,2,2,1,2,,1,1,3,1,,4900,6,32,2,3,185,2141,1249
490108,1,1,0,2,,2,,1,1,,4901,8,22,4,3,125,1468,1809
490208,2,3,1,1,1,2,,3,1,,4902,8,28,4,2,160,1846,1388
490301,3,5,3,1,1,1,1,2,1,,4903,1,10,1,1,55,822,1371
490411,3,5,1,2,,2,,2,1,,4904,11,20,2,6,110,1377,3890
490505,2,4,0,2,,2,,2,1,,4905,5,7,4,6,39,448,4578
490601,2,4,1,1,2,1,1,3,1,,4906,1,24,1,2,140,1654,1462
490716,2,4,2,1,1,1,1,3,1,,4907,16,23,4,6,130,1516,1778
490804,2,5,1,1,2,1,1,4,1,,4908,4,27,3,6,156,1832,1591
490904,1,3,1,1,1,1,1,1,1,,4909,4,9,1,4,50,755,1673
491001,2,5,1,2,,2,,1,1,,4910,1,10,2,1,54,804,1326
491104,2,3,1,1,1,1,1,3,1,,4911,4,14,2,3,76,968,7378
491201,2,6,2,2,,1,1,6,1,,4912,1,19,1,2,107,1301,3306
491301,1,2,1,2,,1,1,4,1,,4913,1,9,1,4,48,564,4552
491401,3,4,1,2,,1,1,5,1,,4914,1,15,2,5,82,1019,22834
491516,1,2,1,1,1,1,1,2,1,,4915,16,20,2,6,109,1372,3454
491618,2,4,0,2,,2,,7,1,,4916,18,7,4,6,39,449,4091
491701,2,4,1,1,2,2,,2,1,,4917,1,13,4,5,71,937,2578
491804,2,3,1,2,,2,,3,1,,4918,4,11,1,3,59,863,5357
491913,3,4,1,1,1,1,1,5,1,,4919,13,19,2,2,105,1253,2656
492007,2,5,1,2,,1,1,2,1,,4920,7,27,4,6,155,1818,1651
492101,2,3,1,2,,2,,2,1,,4921,1,19,1,2,106,1272,3266
492201,1,1,1,2,,1,1,1,1,,4922,1,25,1,1,144,1694,2503
492303,2,4,1,1,1,1,1,4,1,,4923,3,26,1,1,151,1775,2137
492401,1,1,1,2,,2,,1,1,,4924,1,3,1,1,16,164,742
492502,3,4,1,2,,1,1,1,1,,4925,2,19,1,2,106,1276,3217
492607,2,3,1,1,1,1,1,1,1,,4926,7,18,4,3,101,1215,1128
492705,3,4,1,2,,1,1,8,1,,4927,5,14,1,3,79,990,8771
492805,3,6,1,1,2,1,1,3,1,,4928,5,13,1,5,72,945,1958
492902,1,2,1,2,,2,,1,1,,4929,2,5,1,2,29,311,1581
493004,1,3,1,2,,1,1,1,1,,4930,4,9,1,4,49,641,3561
493103,2,4,1,1,2,1,1,2,1,,4931,3,24,1,2,138,1606,1354
493201,1,4,1,1,1,1,1,5,1,,4932,1,28,1,2,163,1915,1986
493301,2,3,1,2,,1,1,2,1,,4933,1,22,3,3,124,1464,6559
493404,1,4,1,2,,1,1,1,1,,4934,4,16,2,3,88,1109,4626
493501,2,3,1,2,,2,,2,1,,4935,1,19,1,2,107,1314,3142
493603,3,6,2,1,1,1,1,2,1,,4936,3,18,1,3,104,1244,941
493714,1,2,0,2,,2,,4,1,,4937,14,20,3,6,109,1373,2841
493813,3,5,1,2,,1,1,7,1,,4938,13,26,2,1,148,1738,2836
493905,3,5,2,2,,2,,1,1,,4939,5,18,1,3,103,1227,1201
494005,1,2,1,2,,2,,1,1,,4940,5,6,1,3,35,431,727
494111,3,4,0,2,,2,,5,1,,4941,11,10,4,1,52,774,1138
494203,1,4,1,2,,2,,2,1,,4942,3,4,1,6,25,266,878
494304,3,6,2,1,1,1,1,4,1,,4943,4,1,1,3,5,42,1088
494402,1,5,1,1,1,1,1,1,1,,4944,2,3,1,1,17,197,604
494504,2,3,1,1,3,1,1,4,1,,4945,4,8,1,1,44,504,2767
494602,2,4,1,1,2,1,1,2,1,,4946,2,8,1,1,45,520,3304
494705,2,3,1,1,1,1,1,1,1,,4947,5,16,1,3,91,1123,4162
494802,2,3,1,2,,1,1,1,1,,4948,2,23,1,6,132,1556,1226
494905,3,5,1,1,1,1,1,4,1,,4949,5,1,1,3,5,36,1258
495010,2,3,1,1,1,1,1,6,1,,4950,10,1,2,3,1,3,848
495114,1,3,1,2,,2,,2,1,,4951,14,29,3,5,166,1970,682
495211,3,5,1,2,,2,,3,1,,4952,11,24,4,2,137,1600,973
495303,3,5,2,2,,1,1,4,1,,4953,3,32,3,3,186,2143,1518
495401,1,2,1,2,,1,1,1,1,,4954,1,3,1,1,16,178,573
495501,1,2,0,2,,2,,4,1,,4955,1,2,1,1,9,95,1551
495604,4,7,3,1,2,1,1,5,1,,4956,4,25,1,1,146,1727,3564
495705,2,4,1,2,,1,1,4,1,,4957,5,31,1,6,183,2118,2076
495817,1,2,1,2,,1,2,6,1,,4958,17,22,4,3,125,1465,3729
495911,2,4,0,2,,2,,4,1,,4959,11,4,3,6,20,223,797
496013,2,3,1,1,1,1,1,3,1,,4960,13,2,2,1,7,60,4118
496104,2,2,1,1,1,2,,7,1,,4961,4,28,1,2,162,1901,1547
496203,3,4,1,1,1,1,1,1,1,,4962,3,3,1,1,18,210,719
496316,4,6,0,2,,2,,4,1,,4963,16,27,4,6,155,1821,1493
496403,4,6,3,1,1,1,1,4,1,,4964,3,31,1,6,184,2131,2562
496504,2,5,2,1,3,1,1,3,1,,4965,4,3,1,1,17,189,669
496603,4,6,3,1,1,1,1,5,1,,4966,3,18,1,3,104,1243,963
496703,1,5,1,1,2,1,1,2,1,,4967,3,8,1,1,44,497,2889
496816,2,5,2,2,,1,1,2,1,,4968,16,32,2,3,185,2141,1249
496901,3,4,1,2,,1,1,5,1,,4969,1,19,3,2,107,1315,3121
497012,2,5,1,2,,2,,4,1,,4970,12,11,4,3,57,837,4691
497113,1,2,1,1,1,1,1,1,1,,4971,13,28,3,2,159,1842,2431
497201,2,4,2,1,2,1,1,4,1,,4972,1,2,1,1,9,64,3722
497303,2,3,1,2,,2,,4,1,,4973,3,23,1,6,132,1553,1371
497402,3,5,2,1,1,1,1,4,1,,4974,2,12,2,6,62,879,3249
497503,1,1,1,2,,2,,5,1,,4975,3,4,4,6,21,225,1029
497602,2,3,2,2,,1,1,4,1,,4976,2,31,1,6,182,2105,1935
497705,2,4,2,2,,1,1,3,1,,4977,5,28,1,2,162,1900,1565
497801,1,3,1,1,1,2,,1,1,,4978,1,17,1,5,97,1175,1472
497904,2,3,1,1,1,1,1,5,1,,4979,4,3,2,1,12,143,609
498002,1,3,2,2,,2,,2,1,,4980,2,4,1,6,24,259,711
498110,1,2,1,2,,2,,1,1,,4981,10,18,4,3,101,1215,1128
498209,2,5,1,1,1,2,,2,1,,4982,9,26,2,1,148,1738,2836
498307,2,4,2,1,1,1,1,3,1,,4983,7,12,4,6,63,882,3147
498403,3,4,2,1,2,1,1,2,1,,4984,3,23,1,6,134,1573,2057
498506,2,2,1,2,,1,1,3,1,,4985,6,11,4,3,57,837,4691
498603,3,6,2,1,2,1,1,4,1,,4986,3,1,1,3,6,46,1634
498703,3,6,2,1,1,1,1,4,1,,4987,3,9,1,4,50,755,1673
498817,2,4,1,1,1,1,1,3,1,,4988,17,5,2,2,26,274,1433
498905,3,4,2,1,1,1,1,3,1,,4989,5,30,1,5,177,2083,8108
499003,2,3,1,1,1,1,1,3,1,,4990,3,19,1,2,106,1266,3387
499109,1,2,0,2,,1,2,4,1,,4991,9,13,4,5,70,933,2426
499205,2,2,2,2,,1,1,4,1,,4992,5,27,3,6,156,1824,2754
499302,3,4,3,1,1,1,1,4,1,,4993,2,24,1,2,138,1616,1116
499416,3,6,1,1,1,1,1,4,1,,4994,16,22,4,3,125,1468,1809
499504,1,1,1,2,,2,,1,1,,4995,4,17,1,5,97,1177,1270
499601,1,1,0,2,,2,,1,1,,4996,1,4,1,6,24,252,853
499702,3,4,1,2,,1,1,3,1,,4997,2,15,1,5,87,1101,9942
499802,4,6,1,2,,1,1,6,1,,4998,2,29,3,5,169,1988,1121
499901,2,4,1,1,2,2,,5,1,,4999,1,32,4,3,187,2149,1504
500001,2,5,2,1,1,1,1,2,1,,5000,1,28,1,2,162,1865,1818
500114,3,5,1,2,,1,1,6,1,,5001,14,5,4,2,28,278,1371
500203,3,5,1,1,1,1,1,4,1,,5002,3,5,1,2,31,373,1836
500304,1,4,1,1,1,1,1,2,1,,5003,4,14,1,3,78,975,10894
500407,3,4,1,1,1,2,,3,1,,5004,7,13,4,5,71,935,2985
500504,2,2,1,1,1,1,2,3,1,,5005,4,12,1,6,65,901,2886
500605,2,3,1,2,,1,1,3,1,,5006,5,4,1,6,23,236,847
500705,1,2,1,2,,2,,1,1,,5007,5,30,2,5,175,2053,6475
500805,2,4,1,1,1,1,1,2,1,,5008,5,26,1,1,151,1778,2117
500904,2,3,2,1,2,1,1,4,1,,5009,4,6,1,3,36,441,597
501003,3,7,2,2,,1,1,6,2,2,5010,3,10,3,1,51,764,4628
501102,2,4,1,1,2,1,1,4,1,,5011,2,22,2,3,128,1504,2131
501206,1,3,1,1,2,1,1,5,1,,5012,6,29,4,5,167,1975,636
501318,2,3,1,2,,1,1,6,1,,5013,18,19,2,2,105,1252,2794
501402,2,3,1,2,,1,1,2,1,,5014,2,9,1,4,50,692,3665
501502,4,6,1,1,1,1,1,3,1,,5015,2,15,1,5,86,1080,10183
501601,2,4,1,2,,2,,2,1,,5016,1,17,3,5,97,1165,1754
501701,3,7,2,1,2,1,1,4,1,,5017,1,5,1,2,31,383,1756
501813,3,4,1,1,1,1,1,7,1,,5018,13,28,3,2,159,1844,2105
501905,3,5,1,1,1,1,1,6,1,,5019,5,22,1,3,127,1484,1991
502011,1,2,1,2,,2,,1,1,,5020,11,5,2,2,26,273,1479
502105,2,3,1,1,1,1,1,1,1,,5021,5,9,1,4,50,697,3527
502201,2,3,1,1,1,1,1,5,1,,5022,1,19,1,2,107,1307,3227
502302,2,4,1,1,2,1,1,2,1,,5023,2,15,1,5,87,1098,11415
502405,2,4,2,1,1,1,1,6,1,,5024,5,8,1,1,44,494,3005
502503,3,4,2,2,,1,1,3,1,,5025,3,3,1,1,18,201,1001
502602,3,5,3,1,2,1,1,4,1,,5026,2,10,1,1,55,822,1371
502721,1,2,0,2,,2,,7,1,,5027,21,7,4,6,39,455,3338
502803,1,3,1,2,,1,1,4,1,,5028,3,4,1,6,23,241,794
502905,2,4,1,1,1,1,1,4,1,,5029,5,9,1,4,50,685,3836
503005,2,3,1,2,,2,,1,1,,5030,5,3,1,1,18,209,732
503116,4,6,1,1,2,1,1,3,1,,5031,16,16,4,3,89,1112,3033
503212,3,6,1,2,,1,1,5,1,,5032,12,27,4,6,155,1821,1493
503302,2,4,1,1,1,1,1,4,1,,5033,2,17,1,5,98,1187,1422
503404,2,7,1,1,2,1,1,3,1,,5034,4,18,3,3,100,1211,1520
503511,1,2,1,2,,2,,2,1,,5035,11,27,3,6,153,1808,2893
503604,2,5,1,2,,1,1,4,1,,5036,4,32,1,3,188,2150,1541
503703,1,3,1,2,,2,,1,1,,5037,3,10,1,1,54,816,1239
503807,1,4,1,1,1,2,,3,1,,5038,7,18,3,3,100,1211,1520
503901,3,5,1,2,,1,1,3,1,,5039,1,9,1,4,48,592,3525
504001,2,4,1,2,,2,,5,1,,5040,1,24,1,2,139,1625,1380
504107,3,4,1,2,,2,,5,1,,5041,7,22,4,3,125,1468,1809
504219,2,5,1,2,,2,,6,1,,5042,19,29,2,5,166,1969,729
504310,2,4,2,2,,2,,4,1,,5043,10,27,4,6,154,1815,2566
504405,1,3,1,2,,2,,4,1,,5044,5,11,1,3,58,845,5124
504504,1,1,0,2,,1,2,1,1,,5045,4,13,3,5,73,947,2917
504601,4,9,2,1,3,1,1,3,1,,5046,1,8,1,1,45,522,3170
504701,2,3,1,2,,1,1,5,1,,5047,1,17,1,5,97,1172,1505
504802,2,3,1,1,1,1,1,4,1,,5048,2,25,1,1,144,1686,3272
504909,1,1,0,2,,2,,1,1,,5049,9,29,3,5,166,1970,682
505011,2,4,1,1,2,1,1,4,1,,5050,11,19,2,2,105,1251,2799
505103,2,2,0,2,,1,1,3,1,,5051,3,11,1,3,58,847,5015
505205,3,3,1,2,,1,1,1,1,,5052,5,8,1,1,45,532,2963
505308,1,2,1,1,1,1,1,4,1,,5053,8,18,3,3,100,1210,1538
505402,3,8,1,1,1,1,1,4,1,,5054,2,29,2,5,169,2002,1015
505503,2,3,1,1,1,1,1,3,1,,5055,3,17,3,5,94,1148,943
505604,1,1,0,2,,2,,1,1,,5056,4,9,1,4,48,601,1568
505707,3,4,1,1,1,1,1,3,1,,5057,7,7,2,6,38,445,7240
505804,1,3,1,1,1,1,1,3,1,,5058,4,23,1,6,132,1541,1625
505905,2,6,0,2,,1,1,2,1,,5059,5,30,1,5,175,2052,6484
506016,2,3,2,2,,1,1,4,1,,5060,16,21,3,5,115,1404,6225
506102,2,3,1,2,,1,1,4,1,,5061,2,23,1,6,132,1553,1371
506210,1,2,0,2,,2,,4,1,,5062,10,20,4,6,111,1385,3030
506301,2,2,0,2,,2,,2,1,,5063,1,31,1,6,182,2095,2255
506404,1,6,2,2,,2,,1,1,,5064,4,18,4,3,101,1216,1115
506501,2,4,2,1,2,1,1,2,1,,5065,1,19,1,2,108,1335,3667
506604,2,7,2,1,1,1,1,2,1,,5066,4,9,1,4,50,724,3172
506704,3,4,1,1,1,1,1,3,1,,5067,4,9,1,4,50,718,3308
506805,1,2,1,2,,1,1,1,1,,5068,5,14,2,3,78,977,9959
506902,2,5,1,2,,2,,2,1,,5069,2,14,3,3,75,965,3506
507001,3,4,0,2,,1,2,8,1,,5070,1,21,4,5,117,1411,4824
507106,1,2,1,2,,2,,2,1,,5071,6,19,4,2,105,1250,2996
507204,1,3,1,1,1,1,1,4,1,,5072,4,19,1,2,106,1258,3685
507304,2,3,1,2,,2,,4,1,,5073,4,20,4,6,112,1386,3430
507403,1,2,1,1,1,2,,2,1,,5074,3,26,1,1,151,1782,2050
507501,3,5,2,1,1,1,1,5,1,,5075,1,31,1,6,182,2105,1935
507611,4,5,1,1,2,1,1,5,1,,5076,11,10,4,1,52,769,1449
507701,2,3,1,2,,1,1,2,1,,5077,1,11,1,3,59,868,4829
507801,1,4,2,1,1,1,1,1,1,,5078,1,30,1,5,175,2051,6551
507911,4,5,0,2,,2,,4,1,,5079,11,12,2,6,62,881,1964
508005,1,3,1,1,1,1,1,1,1,,5080,5,17,1,5,98,1184,1658
508105,1,6,5,1,1,1,1,1,1,,5081,5,9,1,4,50,741,2785
508207,2,4,1,2,,1,1,6,1,,5082,7,31,3,6,178,2086,1819
508303,3,5,1,1,1,1,1,3,1,,5083,3,15,1,5,86,1085,9385
508404,3,5,1,2,,2,,5,1,,5084,4,4,1,6,24,256,788
508505,1,2,1,1,1,1,1,1,1,,5085,5,8,1,1,44,511,2512
508603,1,2,1,2,,1,1,3,1,,5086,3,5,1,2,29,317,1538
508705,3,6,3,2,,1,1,5,1,,5087,5,31,1,6,184,2129,2725
508801,3,6,2,1,2,1,1,2,1,,5088,1,24,1,2,139,1632,1299
508902,2,4,2,1,1,1,1,3,1,,5089,2,28,1,2,163,1931,1744
509007,2,4,1,2,,1,1,3,1,,5090,7,31,3,6,179,2088,1811
509110,2,4,1,2,,1,1,7,1,,5091,10,31,2,6,179,2090,1761
509205,3,5,1,1,1,2,,6,1,,5092,5,27,4,6,155,1819,1628
509310,3,4,1,1,2,1,1,2,1,,5093,10,25,4,1,143,1678,2442
509402,3,5,2,1,3,1,1,4,1,,5094,2,10,1,1,55,826,1300
509504,2,3,1,1,1,1,1,4,1,,5095,4,28,1,2,163,1941,1704
509605,3,6,1,1,1,1,1,2,1,,5096,5,17,1,5,98,1182,1678
509704,2,3,2,1,1,2,,2,1,,5097,4,26,1,1,152,1795,2279
509814,2,5,1,2,,1,2,1,1,,5098,14,24,2,2,135,1583,1844
509917,3,4,2,1,4,1,1,4,1,,5099,17,3,3,1,13,146,496
510002,3,4,1,2,,1,1,7,1,,5100,2,11,1,3,58,853,4672
510101,2,4,2,2,,1,1,3,1,,5101,1,9,1,4,49,648,3306
510205,4,5,1,1,1,1,1,8,2,3,5102,5,21,1,5,121,1444,3619
510304,1,2,0,2,,2,,5,1,,5103,4,12,3,6,62,880,3244
510402,2,3,1,1,1,1,1,3,1,,5104,2,32,4,3,187,2149,1504
510502,3,4,1,2,,1,1,8,1,,5105,2,5,4,2,28,278,1371
510604,2,4,1,2,,1,1,3,1,,5106,4,21,1,5,120,1430,3649
510702,3,5,1,2,,2,,2,1,,5107,2,9,1,4,48,576,3999
510803,1,2,1,2,,1,1,2,1,,5108,3,9,1,4,50,748,2232
510902,2,5,2,1,2,1,1,3,1,,5109,2,23,1,6,134,1571,2231
511002,2,3,1,2,,1,1,2,1,,5110,2,28,1,2,162,1861,1888
511105,1,1,1,2,,2,,2,1,,5111,5,31,1,6,183,2115,2129
511202,2,3,1,2,,1,1,1,1,,5112,2,3,1,1,17,180,746
511308,3,7,2,1,7,1,1,7,1,,5113,8,5,3,2,26,272,1902
511402,1,4,3,1,1,1,1,2,1,,5114,2,10,1,1,55,819,1575
511505,1,2,1,2,,1,1,2,1,,5115,5,28,1,2,162,1853,2088
511601,3,5,2,1,2,1,1,3,1,,5116,1,26,2,1,147,1736,2632
511716,2,3,0,2,,2,,3,1,,5117,16,30,4,5,173,2039,5218
511801,1,2,1,1,1,1,1,2,1,,5118,1,22,2,3,126,1476,1687
511911,1,3,1,2,,1,1,1,1,,5119,11,11,4,3,57,835,5223
512007,2,3,1,2,,1,1,3,1,,5120,7,11,2,3,56,831,4889
512106,3,4,1,2,,2,,4,1,,5121,6,28,4,2,160,1848,1343
512205,3,5,2,1,1,1,1,3,1,,5122,5,22,1,3,127,1482,2035
512310,1,2,1,1,1,2,,2,1,,5123,10,3,2,1,12,143,609
512417,1,5,0,2,,2,,2,1,,5124,17,27,4,6,154,1814,2660
512504,3,5,2,1,2,2,,6,1,,5125,4,3,4,1,14,149,796
512602,2,4,1,1,1,1,1,2,1,,5126,2,15,1,5,86,1067,13050
512704,3,5,1,1,2,1,1,3,1,,5127,4,30,4,5,174,2047,5218
512801,1,2,1,2,,1,1,2,1,,5128,1,30,1,5,175,2057,5683
512901,1,2,1,2,,2,,1,1,,5129,1,8,1,1,44,489,3232
513019,1,1,1,2,,1,1,1,1,,5130,19,31,3,6,179,2088,1811
513105,2,5,1,1,1,1,1,3,1,,5131,5,29,3,5,170,2019,1044
513203,2,3,1,2,,1,1,4,1,,5132,3,28,1,2,162,1861,1888
513311,2,3,1,2,,1,1,4,1,,5133,11,20,2,6,109,1372,3454
513405,2,4,1,2,,1,1,5,1,,5134,5,18,1,3,102,1221,1303
513503,2,2,1,1,1,1,1,5,1,,5135,3,28,1,2,162,1853,2088
513619,2,3,0,2,,2,,8,1,,5136,19,7,4,6,39,452,3699
513702,1,3,0,2,,2,,2,1,,5137,2,24,4,2,137,1595,1121
513803,1,5,3,1,1,1,1,1,1,,5138,3,3,1,1,18,213,702
513904,3,4,1,2,,1,1,3,1,,5139,4,18,1,3,103,1237,1027
514018,4,5,1,1,2,1,1,6,1,,5140,18,24,3,2,135,1586,1785
514105,3,5,3,1,1,1,1,4,1,,5141,5,1,1,3,6,48,1412
514201,2,4,1,1,1,1,1,3,1,,5142,1,8,1,1,45,524,3117
514305,3,5,3,1,2,1,1,4,1,,5143,5,6,1,3,36,438,660
514410,2,3,1,2,,1,1,3,1,,5144,10,23,4,6,130,1515,1790
514504,1,1,1,2,,2,,1,1,,5145,4,2,1,1,11,134,2795
514603,1,1,1,2,,1,1,1,1,,5146,3,23,1,6,132,1530,1998
514719,3,4,0,1,1,2,,4,1,,5147,19,12,4,6,63,888,2579
514805,2,3,1,1,2,1,1,5,1,,5148,5,2,1,1,9,90,2545
514905,1,3,1,2,,2,,1,1,,5149,5,29,3,5,169,1997,1038
515002,2,4,1,1,1,1,1,4,1,,5150,2,2,1,1,10,105,3019
515108,1,3,0,2,,1,1,3,1,,5151,8,20,4,6,111,1379,3848
515205,1,4,1,2,,1,1,1,1,,5152,5,9,1,4,48,563,4587
515301,2,5,2,2,,1,1,2,2,2,5153,1,1,1,3,6,45,1681
515403,2,2,1,1,1,1,1,4,1,,5154,3,28,1,2,162,1855,1979
515505,2,4,1,2,,2,,1,1,,5155,5,28,1,2,163,1911,2124
515603,1,1,1,2,,2,,2,1,,5156,3,19,1,2,106,1286,3116
515708,2,3,1,1,1,2,,5,1,,5157,8,24,3,2,135,1584,1829
515814,2,4,1,1,1,1,1,5,1,,5158,14,32,2,3,186,2142,1673
515905,2,4,1,2,,1,1,2,1,,5159,5,13,4,5,71,939,2376
516004,1,2,1,1,1,1,2,1,1,,5160,4,25,1,1,144,1685,3706
516103,2,3,1,1,1,1,1,2,1,,5161,3,3,2,1,13,147,488
516202,1,3,1,2,,2,,2,1,,5162,2,17,4,5,96,1155,3604
516302,1,2,0,2,,2,,2,1,,5163,2,24,4,2,136,1589,1281
516420,2,3,1,1,1,2,,4,1,,5164,20,31,2,6,178,2085,2014
516505,2,3,1,2,,2,,1,1,,5165,5,6,1,3,36,440,645
516605,1,3,2,1,1,1,1,2,1,,5166,5,9,1,4,50,746,2395
516703,2,3,1,1,1,2,,2,1,,5167,3,15,2,5,86,1077,10968
516815,2,4,1,2,,1,2,3,1,,5168,15,30,4,5,174,2045,5770
516903,1,3,1,2,,1,1,1,1,,5169,3,11,1,3,59,867,4931
517010,2,4,2,2,,2,,3,1,,5170,10,12,4,6,63,889,2449
517103,2,3,1,2,,1,1,6,1,,5171,3,15,1,5,86,1081,10084
517204,3,4,1,2,,1,1,3,1,,5172,4,9,1,4,49,635,3655
517320,1,2,0,1,1,1,1,1,1,,5173,20,32,4,3,187,2146,1688
517405,4,5,1,1,1,1,1,3,1,,5174,5,21,1,5,121,1432,5447
517504,2,4,1,2,,2,,1,1,,5175,4,1,1,3,5,31,1371
517605,1,3,1,1,1,2,,1,1,,5176,5,3,1,1,18,210,719
517701,4,5,2,1,1,1,1,3,1,,5177,1,20,2,6,113,1389,3090
517810,1,2,1,2,,2,,1,1,,5178,10,5,2,2,26,273,1479
517914,1,2,0,2,,2,,6,2,2,5179,14,7,3,6,37,442,5052
518011,1,3,1,2,,2,,3,1,,5180,11,7,4,6,39,453,3363
518101,1,4,1,2,,2,,1,1,,5181,1,31,2,6,182,2107,1902
518206,3,5,1,2,,1,1,4,1,,5182,6,31,2,6,178,2085,2014
518302,2,4,1,1,1,1,1,4,1,,5183,2,29,3,5,169,1980,1299
518401,2,2,1,2,,2,,3,1,,5184,1,26,4,1,149,1740,2152
518502,1,5,1,1,1,1,1,1,1,,5185,2,10,1,1,54,817,1191
518603,3,5,3,1,1,1,1,1,1,,5186,3,9,1,4,50,680,4276
518715,1,4,1,2,,1,1,1,1,,5187,15,26,2,1,148,1738,2836
518802,2,5,2,1,1,2,,1,1,,5188,2,12,1,6,65,903,2357
518905,2,2,4,2,,1,1,3,1,,5189,5,9,1,4,49,678,1000
519004,3,6,2,1,2,1,1,4,1,,5190,4,9,1,4,50,735,2939
519102,1,2,1,2,,1,1,1,1,,5191,2,1,2,3,1,3,848
519204,1,3,1,2,,1,1,3,1,,5192,4,7,1,6,40,464,4020
519305,2,4,1,2,,1,1,4,1,,5193,5,29,3,5,169,1983,1189
519404,4,6,2,2,,1,1,3,1,,5194,4,27,1,6,157,1837,2715
519503,4,7,3,1,2,1,1,4,1,,5195,3,28,1,2,163,1931,1744
519612,2,4,1,1,1,2,,5,1,,5196,12,18,2,3,100,1213,1488
519713,2,3,1,2,,1,1,2,1,,5197,13,18,2,3,100,1209,1651
519805,1,3,1,1,1,1,1,2,1,,5198,5,10,1,1,55,820,1487
519905,3,4,1,1,2,1,1,2,1,,5199,5,19,1,2,108,1337,3434
520018,1,2,1,1,1,1,1,3,1,,5200,18,25,4,1,143,1679,2282
520105,3,7,4,1,2,1,1,3,1,,5201,5,21,1,5,122,1449,5146
520201,1,3,1,2,,2,,4,1,,5202,1,19,4,2,105,1250,2996
520312,1,2,1,2,,2,,3,1,,5203,12,27,4,6,155,1822,916
520401,2,4,2,1,2,1,1,3,1,,5204,1,6,3,3,32,391,636
520510,2,4,2,2,,1,1,3,1,,5205,10,17,2,5,94,1150,835
520604,1,1,1,2,,1,1,3,1,,5206,4,24,2,2,135,1583,1844
520703,3,4,3,1,1,1,1,5,1,,5207,3,18,1,3,103,1234,1068
520803,2,4,1,1,1,1,1,2,1,,5208,3,29,2,5,169,1982,1228
520903,1,5,1,2,,1,1,1,1,,5209,3,9,1,4,50,714,3398
521020,2,3,1,2,,1,1,7,1,,5210,20,6,4,3,33,395,576
521107,4,6,3,1,2,1,1,8,1,,5211,7,21,2,5,116,1409,5069
521208,2,4,1,2,,1,1,3,1,,5212,8,24,3,2,135,1586,1785
521305,2,4,1,1,2,1,1,8,1,,5213,5,2,1,1,10,109,2930
521401,1,3,1,2,,1,1,3,1,,5214,1,4,1,6,22,233,354
521520,2,2,0,2,,2,,3,1,,5215,20,4,3,6,20,223,797
521618,3,3,2,1,1,1,1,4,1,,5216,18,12,2,6,62,879,3249
521703,3,5,2,1,2,1,1,4,1,,5217,3,1,1,3,6,59,1038
521804,1,3,1,1,1,1,1,3,1,,5218,4,7,1,6,40,461,4273
521902,2,3,1,2,,1,1,1,1,,5219,2,2,1,1,10,103,3065
522016,3,5,2,1,1,1,1,5,1,,5220,16,30,2,5,172,2036,7817
522101,2,3,1,2,,1,1,4,1,,5221,1,2,1,1,10,107,2960
522211,2,3,1,2,,1,2,5,1,,5222,11,24,4,2,136,1592,1094
522310,1,1,0,2,,1,1,7,1,,5223,10,31,3,6,178,2084,2239
522405,5,8,4,1,3,1,1,9,1,,5224,5,25,1,1,145,1716,2453
522502,2,3,1,2,,1,1,3,1,,5225,2,26,1,1,150,1751,2613
522606,1,3,1,2,,2,,4,1,,5226,6,2,4,1,8,62,1927
522710,2,5,1,1,1,1,1,1,1,,5227,10,21,4,5,118,1415,5024
522819,3,5,1,2,,1,1,5,1,,5228,19,14,3,3,75,964,4181
522910,3,4,0,2,,2,,6,1,,5229,10,17,4,5,95,1154,485
523004,1,5,1,2,,1,1,1,1,,5230,4,21,1,5,120,1431,1119
523113,1,3,1,1,1,1,1,1,1,,5231,13,17,2,5,94,1151,717
523204,3,6,3,2,,1,1,5,1,,5232,4,18,1,3,104,1244,941
523302,2,3,2,1,1,1,1,3,1,,5233,2,10,1,1,54,806,1316
523402,2,4,1,2,,1,1,3,1,,5234,2,15,1,5,86,1086,8324
523502,1,6,1,1,1,2,,1,1,,5235,2,5,1,2,30,347,1489
523604,2,3,1,2,,1,2,2,1,,5236,4,6,1,3,34,396,778
523702,2,3,1,2,,2,,1,1,,5237,2,32,1,3,189,2158,1225
523804,2,4,1,1,1,1,1,3,1,,5238,4,17,1,5,97,1173,1504
523904,2,3,1,1,1,1,1,6,1,,5239,4,6,1,3,35,416,888
524007,1,2,0,2,,2,,1,1,,5240,7,7,4,6,39,451,3817
524108,1,3,0,2,,2,,4,1,,5241,8,16,4,3,89,1113,3018
524202,2,3,2,1,1,1,1,2,1,,5242,2,28,1,2,163,1930,1754
524320,2,4,1,1,1,1,1,4,1,,5243,20,26,4,1,149,1740,2152
524404,3,6,1,1,1,1,1,4,1,,5244,4,31,1,6,183,2121,1915
524518,4,6,1,2,,1,1,4,1,,5245,18,10,3,1,51,766,1365
524602,4,8,2,2,,1,1,7,1,,5246,2,28,1,2,162,1908,1446
524704,2,4,2,2,,2,,1,1,,5247,4,5,1,2,31,388,1595
524802,2,3,2,2,,2,,1,1,,5248,2,17,3,5,97,1159,2131
524905,1,1,1,2,,1,1,1,1,,5249,5,26,1,1,151,1767,2414
525019,2,2,1,1,1,1,1,3,1,,5250,19,5,4,2,28,278,1371
525102,2,4,1,1,1,1,1,4,1,,5251,2,9,1,4,49,675,1417
525203,2,4,1,2,,2,,3,1,,5252,3,24,4,2,136,1591,1218
525305,1,2,1,2,,1,1,3,1,,5253,5,19,1,2,106,1294,1910
525404,3,5,2,1,1,1,1,2,1,,5254,4,22,2,3,128,1501,2174
525504,2,4,1,1,1,1,1,4,1,,5255,4,5,1,2,29,316,1566
525602,3,4,0,2,,2,,7,1,,5256,2,30,4,5,173,2039,5218
525711,2,3,1,2,,2,,2,1,,5257,11,21,4,5,117,1412,4714
525802,1,4,0,1,1,1,1,3,1,,5258,2,21,4,5,117,1411,4824
525903,2,4,1,1,1,1,2,5,1,,5259,3,12,3,6,62,880,3244
526005,4,7,2,1,3,1,1,5,1,,5260,5,22,1,3,128,1511,1952
526120,3,4,2,1,1,1,1,3,1,,5261,20,17,3,5,94,1148,943
526203,2,3,1,1,1,1,1,5,1,,5262,3,28,1,2,162,1909,1376
526303,1,4,3,1,2,1,1,3,1,,5263,3,1,1,3,6,48,1412
526403,2,4,1,1,1,1,1,5,1,,5264,3,7,1,6,41,473,4296
526520,6,10,2,1,1,1,1,7,1,,5265,20,17,3,5,94,1149,880
526601,3,4,1,1,3,1,1,3,1,,5266,1,24,1,2,138,1604,1399
526703,2,5,2,1,2,1,1,2,1,,5267,3,1,1,3,6,53,1292
526807,2,3,1,1,2,1,1,6,1,,5268,7,19,2,2,105,1251,2799
526902,4,6,1,2,,1,1,5,1,,5269,2,10,1,1,53,777,1333
527004,1,1,1,2,,2,,1,1,,5270,4,29,3,5,169,1981,1279
527102,3,5,1,1,1,1,1,7,1,,5271,2,25,2,1,142,1676,2626
527205,1,2,1,2,,2,,4,1,,5272,5,8,1,1,44,505,2750
527308,2,3,0,2,,2,,2,1,,5273,8,7,4,6,39,448,4578
527403,1,4,1,2,,1,1,2,1,,5274,3,4,1,6,24,253,833
527501,1,2,0,2,,2,,4,1,,5275,1,13,2,5,72,944,2387
527609,2,4,1,1,1,1,1,2,2,2,5276,9,13,3,5,67,920,1739
527705,1,2,0,2,,2,,2,1,,5277,5,31,3,6,178,2084,2239
527801,1,2,1,2,,2,,3,1,,5278,1,22,3,3,123,1460,9149
527902,2,3,2,1,1,1,1,3,1,,5279,2,16,1,3,93,1137,4450
528003,1,4,1,1,2,1,1,4,1,,5280,3,2,1,1,9,70,3330
528102,2,5,3,1,2,1,1,2,1,,5281,2,8,1,1,46,555,1050
528202,3,3,1,2,,1,1,3,1,,5282,2,17,1,5,97,1171,1518
528301,2,3,1,1,1,2,,3,1,,5283,1,15,3,5,84,1026,8028
528402,2,2,1,1,1,2,,6,1,,5284,2,6,1,3,34,398,928
528501,3,4,2,1,2,1,1,5,1,,5285,1,1,1,3,6,46,1634
528602,2,4,1,1,1,1,1,5,1,,5286,2,31,1,6,182,2108,1861
528707,2,6,1,1,2,1,1,4,1,,5287,7,1,4,3,3,7,1634
528803,1,2,1,1,1,1,1,4,1,,5288,3,28,1,2,162,1872,1730
528905,2,5,1,1,1,1,1,3,1,,5289,5,9,1,4,50,693,3642
529001,2,5,2,1,2,1,1,2,1,,5290,1,2,1,1,11,127,3038
529118,2,3,1,1,1,2,,2,1,,5291,18,16,4,3,90,1117,3299
529204,2,3,0,1,1,1,1,3,1,,5292,4,25,1,1,144,1695,2426
529301,3,5,1,1,4,1,1,5,1,,5293,1,3,1,1,18,208,736
529415,3,4,0,1,1,2,,6,1,,5294,15,21,4,5,118,1414,5277
529519,2,5,2,1,1,1,1,3,1,,5295,19,4,3,6,20,223,797
529607,2,4,1,1,1,1,1,3,1,,5296,7,5,2,2,27,276,1431
529703,2,3,1,2,,1,1,2,1,,5297,3,28,1,2,162,1888,1654
529804,3,5,1,1,1,1,1,5,1,,5298,4,13,1,5,73,946,2962
529903,1,1,0,2,,2,,4,1,,5299,3,7,1,6,40,462,4163
530007,3,5,1,1,1,1,1,3,1,,5300,7,10,3,1,51,766,1365
530102,3,5,1,1,1,1,1,6,1,,5301,2,5,1,2,30,361,1361
530201,2,4,1,2,,1,1,2,1,,5302,1,3,1,1,17,186,691
530301,2,5,2,2,,1,1,2,1,,5303,1,15,1,5,87,1095,11960
530404,2,3,1,2,,1,1,4,1,,5304,4,28,4,2,160,1847,1348
530512,2,2,1,2,,2,,2,1,,5305,12,17,2,5,94,1151,717
530603,2,4,1,1,2,1,1,3,1,,5306,3,9,1,4,50,683,3883
530717,1,5,1,1,1,2,,1,1,,5307,17,1,4,3,3,7,1634
530804,1,2,2,1,1,1,1,2,1,,5308,4,32,1,3,188,2152,1515
530919,2,4,1,2,,2,,1,1,,5309,19,29,4,5,167,1975,636
531004,1,3,1,2,,1,1,3,1,,5310,4,3,1,1,16,171,658
531106,2,2,1,2,,2,,1,1,,5311,6,12,3,6,62,880,3244
531202,3,5,1,2,,1,1,8,1,,5312,2,6,1,3,34,406,759
531302,1,3,1,1,2,1,1,1,1,,5313,2,24,1,2,139,1638,1263
531401,1,1,1,2,,1,1,1,1,,5314,1,4,1,6,24,263,531
531515,3,5,1,2,,1,1,6,1,,5315,15,12,2,6,61,876,2994
531611,2,8,8,1,1,1,1,3,1,,5316,11,12,4,6,63,882,3147
531701,2,3,1,2,,1,1,1,1,,5317,1,14,2,3,76,968,7378
531817,3,4,1,2,,1,1,4,1,,5318,17,29,2,5,166,1972,586
531914,3,4,0,2,,2,,5,1,,5319,14,16,3,3,88,1107,4964
532001,2,4,1,1,1,2,,2,1,,5320,1,5,2,2,30,348,1476
532120,2,3,1,2,,1,2,2,1,,5321,20,5,2,2,26,274,1433
532211,3,5,1,1,1,1,1,5,1,,5322,11,1,2,3,2,6,392
532310,5,6,2,2,,1,1,3,1,,5323,10,24,3,2,135,1584,1829
532403,1,2,1,2,,1,1,2,1,,5324,3,8,1,1,44,493,3043
532519,2,4,1,1,1,1,1,3,1,,5325,19,14,2,3,75,966,3387
532606,1,2,1,2,,2,,4,1,,5326,6,31,3,6,178,2086,1819
532712,2,4,2,1,1,1,1,2,1,,5327,12,27,4,6,154,1816,2554
532801,3,4,1,2,,1,1,3,1,,5328,1,19,1,2,107,1305,3233
532901,3,4,2,1,1,1,1,4,1,,5329,1,18,2,3,103,1226,1221
533004,1,4,2,1,1,1,1,1,1,,5330,4,19,1,2,107,1301,3306
533102,3,4,1,2,,2,,5,1,,5331,2,5,1,2,29,300,1653
533215,3,4,0,2,,1,1,5,1,,5332,15,16,4,3,89,1113,3018
533319,2,3,1,1,1,1,1,4,1,,5333,19,19,2,2,105,1254,2584
533402,2,4,1,1,1,1,1,3,1,,5334,2,13,4,5,71,939,2376
533505,2,6,0,2,,1,2,5,1,,5335,5,5,2,2,30,353,1448
533605,2,3,1,1,1,1,2,7,1,,5336,5,28,1,2,162,1862,1866
533703,2,5,2,1,2,1,1,3,1,,5337,3,26,1,1,152,1796,2266
533805,2,3,1,2,,1,1,2,1,,5338,5,15,4,5,83,1024,5447
533910,2,4,1,1,1,2,,2,1,,5339,10,31,2,6,179,2087,1839
534015,3,4,2,2,,1,1,5,1,,5340,15,6,4,3,33,395,576
534111,2,4,1,2,,2,,3,1,,5341,11,7,4,6,39,447,4920
534208,2,4,0,2,,2,,2,1,,5342,8,20,2,6,109,1372,3454
534302,2,5,1,2,,1,1,2,1,,5343,2,4,1,6,24,258,746
534403,1,2,1,1,1,1,1,3,1,,5344,3,26,1,1,152,1803,2091
534502,1,4,1,1,1,1,1,1,1,,5345,2,19,1,2,108,1352,3249
534602,3,5,1,1,1,1,1,2,1,,5346,2,24,1,2,140,1663,1291
534714,2,5,2,1,2,1,1,3,1,,5347,14,16,2,3,88,1109,4626
534818,1,2,0,2,,2,,2,1,,5348,18,21,4,5,117,1411,4824
534916,4,6,1,2,,2,,3,1,,5349,16,17,4,5,96,1157,995
535001,2,4,1,2,,1,1,1,1,,5350,1,24,2,2,135,1585,1797
535102,2,5,3,1,1,1,1,1,1,,5351,2,6,1,3,35,430,741
535208,2,3,0,2,,2,,6,1,,5352,8,30,4,5,173,2044,4268
535303,2,4,1,1,1,1,1,5,1,,5353,3,29,3,5,169,1996,1076
535402,2,5,1,1,1,1,1,2,1,,5354,2,9,1,4,49,643,3508
535502,3,5,2,2,,2,,4,1,,5355,2,9,1,4,50,713,3405
535619,1,2,0,2,,2,,5,1,,5356,19,18,4,3,101,1217,1108
535706,2,3,1,2,,2,,6,1,,5357,6,1,2,3,1,3,848
535805,2,4,1,2,,2,,5,1,,5358,5,19,1,2,107,1319,3086
535902,2,4,1,2,,1,1,1,1,,5359,2,26,1,1,151,1766,2503
536004,2,4,1,1,1,1,1,5,1,,5360,4,5,2,2,30,365,1327
536102,2,4,1,2,,1,2,5,1,,5361,2,22,1,3,126,1472,2162
536201,2,3,1,2,,1,1,5,1,,5362,1,5,2,2,29,312,1581
536319,2,3,1,2,,1,1,5,1,,5363,19,19,2,2,105,1251,2799
536404,3,5,1,2,,1,1,3,1,,5364,4,17,1,5,97,1167,1679
536501,3,8,2,1,1,1,1,5,1,,5365,1,9,2,4,49,669,2198
536603,1,4,1,1,1,1,1,2,1,,5366,3,27,1,6,156,1830,1676
536702,3,5,2,2,,1,1,4,1,,5367,2,12,1,6,65,904,2169
536801,2,4,1,2,,1,1,1,1,,5368,1,31,1,6,182,2106,1904
536901,1,2,1,2,,2,,1,1,,5369,1,2,1,1,10,109,2930
537004,2,3,1,2,,1,1,2,1,,5370,4,14,2,3,78,977,9959
537118,1,3,1,2,,1,1,1,1,,5371,18,14,2,3,76,968,7378
537202,2,4,1,1,2,1,1,3,1,,5372,2,8,1,1,44,496,2933
537303,1,4,1,1,1,1,1,2,1,,5373,3,26,1,1,152,1792,2468
537401,1,2,0,1,1,1,1,7,1,,5374,1,28,4,2,160,1847,1348
537501,1,1,1,2,,1,1,1,1,,5375,1,2,1,1,9,90,2545
537613,1,3,1,2,,2,,2,1,,5376,13,19,3,2,105,1255,1919
537707,1,4,1,2,,2,,1,1,,5377,7,27,4,6,154,1814,2660
537820,1,1,0,2,,2,,5,1,,5378,20,30,3,5,172,2037,7808
537920,1,4,1,1,1,2,,3,1,,5379,20,17,3,5,94,1147,952
538002,2,4,1,2,,2,,5,1,,5380,2,32,2,3,185,2141,1249
538102,2,3,2,1,2,1,1,5,1,,5381,2,3,1,1,16,176,611
538205,1,2,1,2,,1,1,3,1,,5382,5,29,2,5,169,2011,775
538302,2,6,2,2,,1,1,5,1,,5383,2,12,1,6,65,900,2894
538405,3,9,2,2,,1,1,4,1,,5384,5,13,3,5,67,921,1645
538505,2,4,1,1,1,1,1,3,1,,5385,5,5,1,2,30,351,1464
538602,2,3,1,1,2,1,1,3,1,,5386,2,11,3,3,56,832,4770
538720,1,2,2,2,,2,,4,1,,5387,20,7,2,6,37,444,3822
538813,3,3,1,2,,1,2,3,1,,5388,13,25,4,1,143,1679,2282
538905,1,4,1,2,,1,1,1,1,,5389,5,31,1,6,182,2098,2146
539018,3,5,1,1,1,1,1,4,1,,5390,18,2,4,1,8,63,1922
539101,1,3,1,2,,2,,1,1,,5391,1,21,2,5,120,1428,4206
539203,3,4,0,2,,2,,6,1,,5392,3,17,3,5,94,1149,880
539309,2,3,0,2,,1,1,3,1,,5393,9,7,4,6,39,451,3817
539404,2,4,0,2,,2,,3,1,,5394,4,7,4,6,39,454,3356
539507,4,4,1,1,1,1,1,2,1,,5395,7,19,2,2,105,1253,2656
539602,2,4,1,1,1,1,1,4,1,,5396,2,28,1,2,162,1853,2088
539707,1,2,1,2,,2,,2,1,,5397,7,13,4,5,71,938,2501
539804,2,5,2,1,2,1,1,3,1,,5398,4,30,1,5,177,2081,8452
539904,1,5,1,1,1,1,1,1,1,,5399,4,1,1,3,6,47,1535
540003,1,3,1,1,1,1,1,1,1,,5400,3,9,1,4,49,636,3624
540105,2,5,1,2,,1,1,3,1,,5401,5,9,1,4,49,662,3003
540219,1,2,1,1,1,1,1,2,1,,5402,19,28,3,2,159,1842,2431
540305,2,2,1,2,,2,,3,1,,5403,5,31,2,6,182,2097,2212
540418,3,4,0,1,1,2,,5,1,,5404,18,24,4,2,136,1589,1281
540504,1,2,2,1,1,1,1,1,1,,5405,4,19,1,2,107,1323,3056
540617,2,3,2,1,2,1,1,5,1,,5406,17,3,2,1,13,147,488
540701,1,3,2,2,,2,,1,1,,5407,1,29,2,5,169,2012,673
540809,1,2,1,2,,2,,1,1,,5408,9,6,2,3,32,392,627
540901,1,3,1,1,1,1,1,3,1,,5409,1,6,1,3,35,423,794
541003,1,3,0,2,,2,,2,1,,5410,3,15,1,5,85,1040,12481
541103,3,6,1,1,1,2,,3,1,,5411,3,5,1,2,29,280,1644
541210,3,4,0,2,,2,,7,1,,5412,10,22,4,3,125,1468,1809
541301,4,6,1,2,,1,1,16,2,5,5413,1,9,1,4,49,654,3163
541415,1,7,2,1,1,1,1,2,1,,5414,15,31,2,6,179,2087,1839
541501,2,4,1,1,1,2,,4,1,,5415,1,7,1,6,40,463,4031
541605,1,2,1,2,,1,1,1,1,,5416,5,17,1,5,98,1188,1412
541705,2,4,1,1,1,1,1,1,1,,5417,5,22,1,3,127,1494,1700
541813,4,6,1,1,1,1,1,4,1,,5418,13,24,2,2,135,1582,2162
541905,2,3,1,2,,1,1,5,1,,5419,5,16,1,3,92,1134,4164
542002,1,3,1,1,1,1,1,2,1,,5420,2,19,1,2,107,1308,3224
542118,3,4,1,2,,1,1,4,1,,5421,18,20,3,6,110,1376,4727
542217,2,4,2,1,1,1,1,5,1,,5422,17,26,2,1,148,1739,2513
542314,1,2,0,2,,2,,2,1,,5423,14,20,4,6,111,1385,3030
542408,2,5,2,1,2,1,1,4,1,,5424,8,10,3,1,51,765,1494
542502,1,2,0,2,,2,,2,1,,5425,2,20,4,6,111,1382,3286
542601,1,3,1,1,1,1,1,3,1,,5426,1,24,1,2,138,1613,1193
542705,3,6,2,1,1,1,1,2,1,,5427,5,9,1,4,50,748,2232
542805,2,2,0,2,,1,1,8,1,,5428,5,23,2,6,129,1513,2829
542903,1,1,1,2,,1,1,1,1,,5429,3,3,1,1,15,161,350
543001,1,1,0,2,,2,,2,1,,5430,1,17,3,5,94,1147,952
543105,1,4,1,1,1,1,1,1,1,,5431,5,9,1,4,50,703,3504
543208,2,2,0,2,,1,1,5,1,,5432,8,27,4,6,154,1817,2285
543301,2,3,1,1,1,1,1,2,1,,5433,1,21,1,5,121,1446,3141
543405,2,3,1,2,,1,1,3,1,,5434,5,15,1,5,86,1071,12674
543502,1,1,1,2,,2,,2,1,,5435,2,29,3,5,169,1979,1077
543601,3,5,2,1,3,1,1,5,1,,5436,1,19,1,2,108,1362,3140
543705,2,4,1,1,1,1,1,3,1,,5437,5,12,1,6,66,912,3136
543801,2,3,1,1,1,1,1,2,1,,5438,1,4,1,6,24,259,711
543902,1,2,1,2,,2,,3,1,,5439,2,11,1,3,58,846,5078
544011,1,2,1,2,,1,1,6,1,,5440,11,12,4,6,63,889,2449
544102,2,3,1,1,1,2,,2,1,,5441,2,8,1,1,44,511,2512
544204,2,7,2,1,2,1,1,3,1,,5442,4,4,1,6,24,255,827
544315,3,4,1,1,1,2,,3,1,,5443,15,10,4,1,52,768,1450
544401,2,4,1,1,2,1,1,4,1,,5444,1,26,1,1,152,1800,2190
544501,1,1,0,2,,2,,1,1,,5445,1,29,3,5,170,2025,979
544604,3,5,1,2,,1,1,3,1,,5446,4,5,1,2,30,342,1519
544707,1,3,1,2,,2,,1,1,,5447,7,1,2,3,2,6,392
544805,1,3,1,1,1,1,1,1,1,,5448,5,2,1,1,10,99,3348
544905,1,4,3,1,1,2,,2,1,,5449,5,16,3,3,88,1107,4964
545002,1,7,2,1,1,1,1,1,1,,5450,2,27,3,6,153,1811,2396
545105,3,5,0,2,,1,1,5,1,,5451,5,29,3,5,170,2025,979
545203,2,4,1,1,1,1,1,4,1,,5452,3,9,1,4,49,664,2986
545305,3,4,2,1,2,1,1,4,1,,5453,5,26,1,1,152,1796,2266
545404,1,4,1,2,,1,1,1,1,,5454,4,9,1,4,50,707,3479
545502,1,2,1,1,1,1,1,3,1,,5455,2,23,1,6,132,1531,1998
545603,3,4,2,1,1,1,1,5,1,,5456,3,6,1,3,34,406,759
545705,2,4,2,1,1,1,1,3,1,,5457,5,26,2,1,147,1736,2632
545803,1,3,1,2,,1,1,3,1,,5458,3,30,1,5,175,2049,7597
545907,1,4,1,1,1,1,1,1,1,,5459,7,26,2,1,147,1736,2632
546004,2,5,1,1,2,1,1,2,1,,5460,4,3,2,1,13,147,488
546117,2,3,1,2,,2,,1,1,,5461,17,25,4,1,143,1679,2282
546202,3,4,2,1,1,1,1,3,1,,5462,2,21,1,5,121,1448,1033
546304,1,3,1,2,,1,1,2,1,,5463,4,17,1,5,98,1182,1678
546412,1,1,1,2,,2,,1,1,,5464,12,11,2,3,56,831,4889
546504,3,4,1,2,,1,1,4,1,,5465,4,7,1,6,40,459,4492
546601,3,5,2,1,2,1,1,4,1,,5466,1,6,1,3,35,419,817
546718,3,4,1,1,1,1,1,4,1,,5467,18,6,3,3,32,391,636
546805,2,3,2,1,2,1,1,2,1,,5468,5,7,1,6,40,462,4163
546905,2,3,1,1,1,2,,5,1,,5469,5,29,3,5,169,1987,1155
547004,1,2,0,2,,1,2,1,1,,5470,4,25,1,1,144,1686,3272
547117,2,3,1,1,1,2,,6,1,,5471,17,10,4,1,52,773,1281
547201,3,4,1,1,1,1,1,4,1,,5472,1,32,4,3,187,2146,1688
547315,2,5,1,2,,1,1,2,1,,5473,15,21,2,5,116,1409,5069
547401,2,6,3,1,1,1,1,3,1,,5474,1,19,1,2,107,1318,3097
547513,3,5,2,1,2,1,1,5,1,,5475,13,28,2,2,159,1843,2250
547604,2,3,1,1,1,1,1,4,1,,5476,4,25,2,1,141,1674,2705
547705,2,2,1,1,1,1,2,3,1,,5477,5,18,1,3,104,1244,941
547802,2,5,1,2,,1,2,4,1,,5478,2,5,1,2,30,340,1528
547902,3,6,1,2,,1,1,3,1,,5479,2,15,3,5,81,1012,22127
548010,2,3,0,2,,2,,3,1,,5480,10,7,4,6,39,449,4091
548101,4,6,1,1,1,1,1,2,1,,5481,1,9,1,4,48,601,1568
548204,3,3,4,1,1,2,,4,1,,5482,4,24,2,2,135,1582,2162
548304,3,7,2,1,1,1,1,3,1,,5483,4,8,1,1,46,542,3385
548405,2,3,1,1,1,1,1,3,1,,5484,5,23,1,6,133,1563,1816
548502,2,4,1,2,,1,1,2,1,,5485,2,9,1,4,50,750,2094
548604,4,5,1,1,2,1,1,6,1,,5486,4,10,1,1,55,828,1133
548701,1,2,1,2,,1,1,4,1,,5487,1,9,1,4,48,569,4262
548820,1,6,3,1,1,1,1,2,1,,5488,20,27,3,6,153,1813,2357
548913,2,3,1,1,1,1,1,3,1,,5489,13,12,3,6,62,880,3244
549005,1,2,1,2,,1,1,2,1,,5490,5,23,2,6,129,1514,2031
549119,3,4,0,1,1,2,,6,1,,5491,19,12,4,6,63,883,3042
549209,3,5,2,1,2,1,1,3,1,,5492,9,5,2,2,27,275,1555
549315,3,5,2,1,1,1,1,2,1,,5493,15,20,3,6,110,1376,4727
549402,2,3,1,2,,1,2,2,1,,5494,2,26,1,1,150,1753,2595
549502,3,6,3,2,,1,1,2,1,,5495,2,9,1,4,50,746,2395
549604,1,1,1,2,,1,1,3,1,,5496,4,19,2,2,107,1296,3884
549704,2,4,1,2,,1,1,3,1,,5497,4,31,2,6,182,2107,1902
549816,1,4,1,1,2,2,,2,1,,5498,16,10,2,1,51,767,1281
549904,3,3,2,1,2,1,1,5,1,,5499,4,18,1,3,102,1221,1303
550003,1,3,1,1,1,1,1,3,1,,5500,3,2,1,1,11,132,2860
550105,2,2,1,2,,2,,2,1,,5501,5,9,1,4,50,681,4096
550203,2,4,1,1,1,1,1,5,1,,5502,3,15,1,5,85,1050,11321
550302,2,2,1,2,,2,,3,1,,5503,2,20,4,6,112,1387,3229
550412,1,2,1,1,1,1,1,4,1,,5504,12,6,3,3,32,391,636
550503,2,4,1,1,1,1,1,3,1,,5505,3,28,1,2,162,1860,1895
550619,5,6,2,1,1,1,1,7,1,,5506,19,13,4,5,71,936,2779
550702,1,3,1,2,,1,1,1,1,,5507,2,9,1,4,50,691,3701
550805,2,3,1,1,1,1,1,4,1,,5508,5,13,2,5,67,923,1581
550909,1,5,2,2,,1,1,2,1,,5509,9,20,3,6,109,1374,2508
551003,6,7,2,1,2,1,1,3,1,,5510,3,22,3,3,127,1491,1834
551102,1,1,1,2,,2,,1,1,,5511,2,17,1,5,98,1185,1596
551217,3,5,1,1,2,1,1,5,1,,5512,17,24,4,2,137,1597,1065
551311,2,4,1,2,,1,1,3,1,,5513,11,27,4,6,155,1818,1651
551402,1,3,1,2,,1,1,1,1,,5514,2,5,1,2,29,298,1661
551513,2,4,1,1,1,2,,2,1,,5515,13,10,4,1,52,769,1449
551604,2,3,1,1,1,1,1,2,1,,5516,4,19,1,2,106,1274,3242
551705,3,5,2,1,2,1,1,4,1,,5517,5,24,1,2,140,1656,1430
551809,2,2,1,2,,2,,4,1,,5518,9,28,3,2,159,1842,2431
551905,1,1,1,2,,2,,2,1,,5519,5,7,1,6,40,458,4557
552005,2,3,1,2,,1,1,3,1,,5520,5,20,1,6,114,1403,2379
552104,2,3,1,2,,1,2,3,1,,5521,4,9,1,4,49,666,2907
552205,1,2,1,1,1,2,,1,1,,5522,5,15,2,5,85,1034,13299
552304,3,4,2,1,1,1,1,7,1,,5523,4,17,1,5,97,1172,1505
552405,2,4,1,1,1,1,1,3,1,,5524,5,9,2,4,49,669,2198
552503,2,3,1,1,1,1,1,3,1,,5525,3,11,1,3,59,862,5358
552601,1,4,1,2,,1,1,2,1,,5526,1,28,1,2,162,1860,1895
552705,1,2,1,2,,2,,1,1,,5527,5,17,2,5,97,1166,1711
552802,2,3,1,1,1,1,1,2,1,,5528,2,2,1,1,9,89,2560
552908,2,2,1,2,,2,,6,1,,5529,8,17,4,5,95,1154,485
553005,1,5,2,1,1,1,1,2,1,,5530,5,19,1,2,108,1357,3220
553102,2,4,1,2,,2,,4,1,,5531,2,5,1,2,30,331,1626
553218,1,1,0,2,,2,,4,1,,5532,18,4,4,6,21,227,882
553305,1,1,0,2,,2,,1,1,,5533,5,4,1,6,22,231,426
553401,2,4,1,1,1,1,1,5,1,,5534,1,22,1,3,127,1485,1964
553520,1,1,0,2,,2,,4,1,,5535,20,30,3,5,172,2038,7808
553603,2,4,2,1,1,1,1,3,1,,5536,3,19,1,2,107,1299,3334
553704,2,3,2,1,2,1,1,3,1,,5537,4,8,1,1,45,519,3308
553819,3,4,1,1,1,1,1,5,1,,5538,19,28,3,2,159,1844,2105
553905,2,3,1,1,3,1,1,4,1,,5539,5,8,1,1,45,536,2447
554010,2,3,1,1,1,2,,3,1,,5540,10,10,3,1,51,766,1365
554101,1,3,1,2,,1,1,2,1,,5541,1,9,1,4,48,579,3927
554204,2,4,1,2,,1,1,4,1,,5542,4,30,1,5,177,2082,8379
554304,5,6,3,1,3,1,1,5,1,,5543,4,3,1,1,18,209,732
554402,2,2,2,1,1,1,1,2,1,,5544,2,19,1,2,106,1289,3018
554515,1,2,0,2,,2,,1,1,,5545,15,7,4,6,39,450,4023
554601,1,3,1,2,,1,1,2,1,,5546,1,20,1,6,114,1399,3340
554703,3,4,2,1,2,1,1,3,1,,5547,3,26,1,1,151,1778,2117
554802,5,6,1,2,,1,1,5,1,,5548,2,31,2,6,182,2107,1902
554905,1,3,1,2,,2,,2,1,,5549,5,28,1,2,162,1895,1601
555016,1,2,0,2,,2,,1,1,,5550,16,20,4,6,111,1378,4169
555103,2,4,1,2,,1,1,5,1,,5551,3,3,3,1,13,146,496
555202,2,6,2,2,,1,1,4,1,,5552,2,15,1,5,85,1055,9998
555305,3,6,1,2,,2,,3,1,,5553,5,32,2,3,185,2141,1249
555411,2,3,1,1,1,1,1,2,1,,5554,11,16,3,3,88,1107,4964
555517,3,5,2,1,2,1,1,5,1,,5555,17,6,2,3,32,392,627
555604,1,2,1,1,1,1,1,1,1,,5556,4,2,1,1,11,141,1377
555704,3,4,3,1,2,1,1,4,1,,5557,4,26,1,1,152,1793,2445
555801,2,4,1,2,,1,1,2,1,,5558,1,6,1,3,34,412,707
555907,2,3,1,1,1,1,1,3,1,,5559,7,24,4,2,137,1598,1015
556005,3,4,2,1,1,1,1,3,1,,5560,5,1,1,3,6,53,1292
556105,2,5,1,1,1,1,1,2,1,,5561,5,9,1,4,50,690,3715
556208,2,4,2,1,4,1,2,4,1,,5562,8,3,4,1,14,148,833
556302,2,4,1,2,,1,1,4,1,,5563,2,15,3,5,85,1028,15557
556401,4,6,1,2,,1,1,3,1,,5564,1,29,4,5,170,2028,888
556504,1,2,1,2,,1,1,3,1,,5565,4,2,1,1,9,72,3214
556601,3,5,1,2,,1,1,5,1,,5566,1,4,1,6,23,241,794
556704,3,4,1,2,,2,,6,1,,5567,4,11,1,3,59,864,5348
556818,3,5,0,2,,2,,1,1,,5568,18,26,4,1,149,1742,1939
556919,2,4,1,1,2,1,1,6,1,,5569,19,5,3,2,26,272,1902
557004,3,8,2,1,4,1,1,4,1,,5570,4,8,1,1,46,555,1050
557113,2,3,1,2,,2,,1,1,,5571,13,18,4,3,101,1217,1108
557202,3,5,1,1,1,1,1,2,1,,5572,2,28,1,2,163,1935,1727
557314,3,4,1,1,1,1,1,3,1,,5573,14,15,3,5,81,1017,6441
557404,3,5,3,2,,1,1,3,1,,5574,4,28,1,2,163,1926,1768
557512,2,3,1,2,,2,,6,1,,5575,12,7,4,6,39,451,3817
557601,2,4,2,1,2,1,1,2,1,,5576,1,23,1,6,134,1575,1775
557713,2,4,0,2,,2,,4,1,,5577,13,16,4,3,89,1112,3033
557801,1,3,2,2,,1,1,1,1,,5578,1,7,1,6,40,467,3833
557907,2,3,0,2,,2,,3,1,,5579,7,11,3,3,56,830,5624
558002,3,5,1,1,1,1,1,2,1,,5580,2,24,1,2,140,1653,1495
558101,2,6,2,1,1,2,,2,1,,5581,1,11,1,3,60,873,6798
558203,2,5,2,2,,1,1,3,1,,5582,3,23,1,6,133,1565,1745
558303,2,5,1,2,,1,1,4,1,,5583,3,24,1,2,139,1621,1407
558416,2,3,1,2,,1,1,2,1,,5584,16,1,2,3,1,3,848
558518,1,2,1,2,,2,,3,1,,5585,18,28,4,2,160,1845,1479
558604,4,6,3,1,2,1,1,5,1,,5586,4,28,1,2,163,1924,1816
558705,2,5,2,1,1,1,1,2,1,,5587,5,27,4,6,155,1818,1651
558802,3,6,1,2,,1,1,6,1,,5588,2,5,4,2,28,279,1313
558901,2,3,1,1,1,2,,3,1,,5589,1,5,2,2,29,286,1769
559020,2,3,1,2,,2,,2,1,,5590,20,19,4,2,105,1250,2996
559101,2,3,1,1,1,1,1,4,1,,5591,1,7,1,6,40,459,4492
559201,1,6,2,1,1,1,1,2,1,,5592,1,21,1,5,122,1451,4613
559317,2,3,1,1,1,1,1,5,1,,5593,17,23,2,6,129,1513,2829
559405,2,3,1,1,1,2,,2,1,,5594,5,6,1,3,34,399,908
559509,2,4,1,2,,2,,1,1,,5595,9,28,3,2,159,1844,2105
559604,1,4,1,2,,1,1,3,1,,5596,4,5,1,2,31,368,2069
559709,2,3,1,1,1,1,1,4,1,,5597,9,2,4,1,8,62,1927
559802,3,4,2,1,1,1,1,3,1,,5598,2,21,1,5,122,1453,4305
559902,4,7,1,2,,1,1,4,1,,5599,2,1,2,3,4,13,1363
560020,1,2,0,2,,1,1,1,1,,5600,20,21,4,5,117,1411,4824
560105,2,6,1,2,,1,1,2,1,,5601,5,21,1,5,121,1437,4489
560205,2,7,2,2,,1,1,5,1,,5602,5,19,1,2,106,1260,3641
560305,2,4,4,1,3,1,1,7,1,,5603,5,23,1,6,132,1544,1573
560419,2,5,2,1,2,1,1,2,1,,5604,19,10,3,1,51,766,1365
560509,2,3,1,2,,2,,4,1,,5605,9,12,4,6,63,885,2839
560611,2,3,1,2,,2,,3,1,,5606,11,25,2,1,141,1674,2705
560705,2,5,1,2,,1,1,3,1,,5607,5,9,1,4,49,677,1008
560804,3,6,1,1,1,1,1,4,1,,5608,4,3,1,1,18,211,714
560904,2,7,1,1,2,2,,3,1,,5609,4,5,1,2,30,357,1426
561005,3,4,1,2,,2,,6,1,,5610,5,29,3,5,166,1966,2755
561101,2,4,1,1,1,1,1,1,1,,5611,1,21,1,5,120,1426,4969
561205,1,6,2,1,1,1,1,2,1,,5612,5,13,2,5,69,929,3066
561303,3,4,1,1,1,1,1,1,1,,5613,3,8,1,1,44,504,2767
561418,2,5,0,1,1,2,,5,1,,5614,18,24,4,2,136,1590,1225
561518,3,4,1,1,1,1,1,5,1,,5615,18,28,3,2,159,1842,2431
561603,3,4,1,2,,2,,1,1,,5616,3,9,1,4,49,604,4983
561702,1,3,1,1,3,1,1,1,1,,5617,2,19,1,2,107,1324,3029
561819,2,2,1,2,,1,1,2,1,,5618,19,20,4,6,111,1384,3206
561905,3,5,2,1,2,1,1,2,1,,5619,5,1,1,3,6,58,1116
562004,2,4,2,1,1,2,,3,1,,5620,4,10,2,1,51,767,1281
562103,2,4,1,1,1,1,1,2,1,,5621,3,11,1,3,58,843,5483
562201,4,6,2,1,1,1,1,6,1,,5622,1,15,1,5,86,1074,12314
562312,3,6,2,1,1,1,1,3,1,,5623,12,14,4,3,77,969,10589
562414,1,2,1,2,,2,,3,1,,5624,14,31,3,6,178,2084,2239
562503,2,3,1,1,1,2,,2,1,,5625,3,8,3,1,42,481,3354
562604,3,4,1,1,1,1,1,6,1,,5626,4,9,1,4,49,624,3913
562705,4,7,1,2,,2,,11,1,,5627,5,9,2,4,48,567,4308
562812,2,3,1,1,1,2,,4,1,,5628,12,13,3,5,67,921,1645
562902,2,4,1,2,,1,1,3,1,,5629,2,9,1,4,48,575,4004
563008,1,3,0,2,,2,,2,1,,5630,8,4,4,6,21,228,784
563106,3,4,2,2,,1,1,4,1,,5631,6,32,4,3,187,2145,1691
563213,3,4,1,1,1,1,1,6,1,,5632,13,24,2,2,135,1585,1797
563303,2,3,1,1,2,1,1,2,1,,5633,3,9,1,4,50,696,3566
563411,2,4,1,1,1,1,1,4,1,,5634,11,25,4,1,143,1682,2124
563504,3,7,1,2,,1,1,5,1,,5635,4,19,1,2,107,1298,3361
563612,1,3,0,2,,2,,1,1,,5636,12,12,3,6,61,877,2869
563703,2,4,1,1,2,1,1,4,1,,5637,3,19,1,2,108,1341,3367
563801,2,5,1,1,1,1,1,2,1,,5638,1,9,1,4,49,642,3521
563918,1,3,1,2,,2,,3,1,,5639,18,4,3,6,20,223,797
564017,1,3,2,2,,1,1,2,1,,5640,17,18,2,3,100,1212,1495
564105,1,3,1,1,1,1,1,2,1,,5641,5,12,1,6,65,895,3894
564204,2,3,2,1,1,1,1,3,1,,5642,4,26,1,1,152,1796,2266
564308,2,3,1,1,1,1,1,4,1,,5643,8,28,2,2,159,1843,2250
564402,2,3,1,2,,1,1,3,1,,5644,2,28,1,2,163,1941,1704
564505,2,4,1,2,,1,1,5,1,,5645,5,13,3,5,67,917,1831
564601,3,5,1,2,,1,1,5,1,,5646,1,1,1,3,4,23,1189
564703,2,3,2,2,,2,,2,1,,5647,3,7,1,6,40,468,3525
564803,1,6,1,2,,1,1,1,1,,5648,3,18,1,3,103,1238,973
564901,3,7,2,1,1,1,1,3,1,,5649,1,21,1,5,121,1434,4829
565018,1,2,1,2,,2,,2,1,,5650,18,24,4,2,137,1597,1065
565106,2,3,1,1,1,2,,4,1,,5651,6,6,4,3,33,394,835
565202,2,4,1,2,,1,1,3,1,,5652,2,15,1,5,86,1079,10531
565301,3,5,2,2,,1,1,8,1,,5653,1,19,1,2,106,1256,3877
565413,2,4,1,2,,1,2,2,1,,5654,13,25,2,1,142,1677,2524
565513,1,3,1,2,,2,,1,1,,5655,13,7,4,6,39,450,4023
565613,1,1,0,2,,2,,2,1,,5656,13,30,2,5,172,2035,8713
565705,3,9,4,1,2,1,1,5,1,,5657,5,12,1,6,65,904,2169
565804,2,4,1,1,1,1,1,5,1,,5658,4,24,1,2,138,1603,1445
565910,2,2,1,2,,2,,3,1,,5659,10,4,2,6,20,224,779
566010,2,3,1,1,1,2,,7,1,,5660,10,13,4,5,71,937,2578
566102,4,5,2,1,3,1,1,4,1,,5661,2,25,1,1,144,1695,2426
566204,1,2,1,2,,2,,3,1,,5662,4,17,3,5,94,1148,943
566309,2,3,1,2,,2,,3,1,,5663,9,25,4,1,143,1678,2442
566403,3,5,2,1,1,1,1,5,1,,5664,3,1,1,3,6,50,1373
566505,2,3,1,2,,1,1,4,1,,5665,5,28,1,2,163,1935,1727
566605,2,4,1,1,1,1,1,4,1,,5666,5,9,1,4,48,588,3638
566703,3,6,1,2,,1,1,4,1,,5667,3,15,1,5,87,1094,12086
566803,4,5,1,2,,1,1,4,1,,5668,3,29,2,5,170,2022,1015
566905,1,5,2,1,1,1,1,1,1,,5669,5,1,2,3,6,51,1346
567004,2,3,3,2,,2,,3,1,,5670,4,9,1,4,50,737,2858
567116,2,3,0,2,,2,,5,1,,5671,16,27,4,6,154,1814,2660
567215,2,3,0,2,,2,,3,1,,5672,15,17,3,5,94,1147,952
567303,3,9,4,1,5,1,1,3,1,,5673,3,9,1,4,50,733,2944
567404,1,1,1,2,,2,,2,1,,5674,4,8,1,1,44,495,2970
567503,2,4,2,1,1,1,1,3,1,,5675,3,2,1,1,11,140,1439
567603,1,4,1,2,,2,,2,1,,5676,3,5,4,2,28,277,1380
567707,1,3,0,1,1,1,1,3,1,,5677,7,11,4,3,57,835,5223
567806,2,3,1,2,,2,,3,1,,5678,6,17,4,5,96,1156,1044
567903,3,4,2,1,2,1,1,3,1,,5679,3,9,1,4,50,688,3766
568002,1,2,1,2,,2,,1,1,,5680,2,31,1,6,183,2114,2129
568109,1,1,1,1,1,1,1,3,1,,5681,9,10,4,1,52,772,1285
568202,2,2,0,2,,2,,4,1,,5682,2,15,2,5,81,1014,20259
568304,3,6,3,1,1,1,1,3,1,,5683,4,17,1,5,99,1206,1411
568405,3,8,3,1,3,1,1,3,1,,5684,5,2,1,1,9,81,2980
568501,1,1,0,2,,1,2,3,1,,5685,1,17,1,5,98,1197,1206
568605,2,4,1,2,,2,,3,1,,5686,5,10,1,1,53,789,1214
568705,1,4,3,1,1,1,1,5,1,,5687,5,1,4,3,3,8,1437
568804,3,5,3,1,1,1,1,4,1,,5688,4,23,1,6,132,1533,1859
568901,1,4,2,2,,2,,2,1,,5689,1,13,3,5,73,947,2917
569001,1,2,1,2,,2,,2,1,,5690,1,29,4,5,167,1974,661
569101,2,4,2,1,1,2,,3,1,,5691,1,19,1,2,106,1268,3360
569220,3,5,1,1,3,1,2,6,1,,5692,20,10,4,1,52,768,1450
569302,2,3,1,1,1,2,,4,1,,5693,2,28,1,2,162,1880,1686
569401,1,3,1,1,2,1,1,1,1,,5694,1,19,1,2,108,1338,3413
569502,1,2,1,2,,2,,3,1,,5695,2,4,2,6,20,224,779
569617,2,2,1,2,,1,1,4,1,,5696,17,31,2,6,178,2085,2014
569703,1,1,1,2,,1,1,3,1,,5697,3,23,2,6,129,1514,2031
569819,1,3,1,2,,1,1,4,1,,5698,19,11,4,3,57,836,4721
569903,1,3,1,2,,1,1,3,1,,5699,3,7,4,6,39,453,3363
570001,2,3,1,2,,1,1,3,1,,5700,1,25,1,1,146,1731,3077
570104,2,3,1,2,,2,,3,1,,5701,4,11,2,3,59,865,5338
570204,2,3,1,2,,1,1,4,1,,5702,4,26,1,1,150,1747,2700
570312,1,1,0,2,,2,,3,1,,5703,12,7,3,6,37,442,5052
570405,3,4,2,1,1,1,1,4,1,,5704,5,29,2,5,170,2020,1036
570501,1,4,1,1,1,1,1,2,1,,5705,1,5,1,2,30,345,1490
570603,2,3,1,2,,2,,4,1,,5706,3,30,2,5,176,2079,4733
570703,3,3,1,1,3,1,1,4,1,,5707,3,6,1,3,35,420,813
570804,1,2,0,2,,2,,1,1,,5708,4,9,1,4,49,638,3604
570902,1,2,0,1,1,1,1,3,1,,5709,2,20,4,6,111,1380,3726
571005,3,8,1,1,1,1,1,5,1,,5710,5,32,1,3,189,2156,1324
571101,2,4,1,2,,1,1,1,1,,5711,1,5,1,2,30,355,1437
571204,1,2,1,2,,1,1,1,1,,5712,4,9,1,4,50,727,3076
571315,1,2,1,2,,1,1,3,1,,5713,15,14,2,3,75,966,3387
571405,2,3,1,1,1,1,1,3,1,,5714,5,22,1,3,127,1479,1952
571503,3,5,1,2,,1,1,3,1,,5715,3,26,4,1,149,1741,2121
571601,2,2,2,2,,2,,2,1,,5716,1,7,1,6,41,476,4074
571702,2,3,1,2,,2,,2,1,,5717,2,21,1,5,122,1459,760
571801,2,4,1,1,1,1,1,4,1,,5718,1,23,1,6,132,1553,1371
571905,1,1,0,2,,2,,4,1,,5719,5,21,4,5,117,1411,4824
572017,1,3,1,1,1,2,,2,1,,5720,17,14,4,3,77,969,10589
572103,2,4,1,1,1,1,1,2,1,,5721,3,24,1,2,138,1611,1261
572202,4,5,2,1,1,1,1,5,1,,5722,2,2,1,1,10,100,3332
572316,1,2,1,1,1,2,,2,1,,5723,16,18,4,3,101,1215,1128
572401,3,6,1,2,,1,1,4,1,,5724,1,15,2,5,85,1060,7080
572511,1,5,1,2,,2,,2,1,,5725,11,16,4,3,89,1112,3033
572602,2,3,2,1,2,1,1,3,1,,5726,2,1,1,3,6,45,1681
572701,2,2,1,2,,1,1,5,1,,5727,1,4,1,6,23,248,707
572808,1,2,1,1,1,1,1,4,1,,5728,8,4,3,6,19,221,707
572906,3,4,1,1,1,1,1,4,1,,5729,6,13,3,5,68,928,1288
573010,2,2,0,2,,2,,4,1,,5730,10,16,4,3,89,1113,3018
573107,2,2,1,1,1,2,,4,1,,5731,7,29,4,5,167,1976,500
573204,3,4,0,2,,2,,4,1,,5732,4,20,4,6,111,1378,4169
573302,1,3,1,1,1,1,1,2,1,,5733,2,19,1,2,106,1262,3621
573408,3,6,1,1,2,1,1,4,1,,5734,8,25,2,1,142,1676,2626
573519,4,5,0,2,,2,,11,1,,5735,19,7,4,6,39,447,4920
573604,1,2,1,2,,2,,3,1,,5736,4,15,1,5,85,1040,12481
573701,2,4,1,1,2,1,1,4,1,,5737,1,26,1,1,152,1796,2266
573819,1,4,1,2,,2,,3,1,,5738,19,29,4,5,167,1974,661
573904,1,5,2,1,2,1,1,2,1,,5739,4,2,1,1,9,88,2583
574005,3,5,3,1,1,1,1,1,1,,5740,5,24,1,2,140,1657,1429
574119,2,3,1,2,,1,2,3,1,,5741,19,21,3,5,116,1406,6756
574203,3,4,1,2,,1,1,4,1,,5742,3,9,1,4,50,694,3633
574301,1,2,2,1,1,1,1,2,1,,5743,1,6,1,3,36,441,597
574419,2,3,1,1,1,2,,5,1,,5744,19,27,4,6,155,1819,1628
574502,3,5,3,1,1,1,1,4,1,,5745,2,19,1,2,108,1360,3148
574603,1,3,1,1,1,1,1,3,1,,5746,3,18,2,3,100,1209,1651
574717,3,5,0,2,,1,2,5,1,,5747,17,21,3,5,115,1404,6225
574802,3,4,2,1,2,1,1,5,1,,5748,2,26,1,1,152,1795,2279
574903,2,4,1,1,1,1,1,1,1,,5749,3,28,1,2,163,1940,1705
575003,3,4,1,2,,1,1,2,1,,5750,3,29,2,5,170,2014,1293
575105,4,5,2,1,1,1,1,3,1,,5751,5,14,1,3,80,1006,6870
575201,1,3,1,2,,1,1,2,1,,5752,1,30,2,5,176,2068,6666
575320,2,4,1,2,,1,1,4,1,,5753,20,29,3,5,166,1971,658
575401,3,5,2,1,1,1,1,4,1,,5754,1,15,1,5,86,1075,11783
575517,2,4,1,2,,1,1,7,1,,5755,17,17,2,5,94,1150,835
575601,3,4,2,2,,1,1,4,1,,5756,1,29,2,5,169,1989,1117
575705,3,4,0,2,,2,,6,1,,5757,5,20,4,6,111,1380,3726
575806,4,5,0,2,,2,,10,1,,5758,6,7,4,6,39,449,4091
575904,2,3,1,2,,1,1,1,1,,5759,4,15,1,5,85,1046,11818
576004,1,3,1,2,,1,1,3,1,,5760,4,2,1,1,9,86,2729
576101,4,6,1,2,,1,1,7,1,,5761,1,9,1,4,49,658,3100
576211,2,3,1,1,1,1,1,3,1,,5762,11,28,3,2,159,1844,2105
576302,2,3,1,2,,1,1,4,1,,5763,2,15,1,5,86,1083,9428
576402,2,4,1,2,,2,,4,1,,5764,2,20,4,6,111,1379,3848
576504,2,3,1,2,,2,,2,1,,5765,4,29,3,5,170,2025,979
576605,2,2,2,1,1,2,,3,1,,5766,5,19,4,2,105,1250,2996
576705,2,4,1,2,,1,1,3,1,,5767,5,1,1,3,5,28,1464
576801,3,5,2,1,1,1,1,4,1,,5768,1,13,3,5,68,926,4627
576917,1,2,0,2,,1,2,2,1,,5769,17,21,4,5,117,1412,4714
577003,2,4,1,2,,1,1,2,1,,5770,3,21,1,5,121,1439,4377
577104,2,5,1,1,1,1,1,4,1,,5771,4,22,1,3,128,1505,2103
577203,1,2,1,1,1,1,2,2,1,,5772,3,9,1,4,49,637,3623
577316,3,4,0,2,,2,,9,1,,5773,16,24,4,2,137,1599,1009
577404,1,1,1,2,,1,1,2,1,,5774,4,20,2,6,114,1402,3050
577504,2,3,1,2,,1,1,1,1,,5775,4,6,1,3,35,423,794
577601,1,2,0,2,,2,,6,1,,5776,1,12,3,6,61,877,2869
577705,2,4,1,2,,1,1,2,1,,5777,5,11,1,3,59,864,5348
577801,2,5,1,2,,1,1,2,1,,5778,1,9,1,4,50,691,3701
577914,3,5,1,1,2,1,1,5,1,,5779,14,24,2,2,135,1582,2162
578004,3,6,2,1,2,1,1,3,2,3,5780,4,24,1,2,139,1637,1272
578113,1,3,0,2,,2,,1,1,,5781,13,28,4,2,160,1846,1388
578205,1,5,0,2,,2,,1,1,,5782,5,10,1,1,54,809,1306
578315,1,3,1,2,,1,1,4,1,,5783,15,32,2,3,185,2139,1468
578419,1,2,1,2,,2,,3,1,,5784,19,25,4,1,143,1681,2188
578502,1,3,1,1,1,1,1,3,1,,5785,2,3,4,1,14,149,796
578604,1,2,1,1,1,1,1,3,1,,5786,4,2,1,1,10,120,2739
578702,3,4,2,1,1,1,1,3,1,,5787,2,15,1,5,85,1035,13117
578819,2,3,1,2,,2,,1,1,,5788,19,30,2,5,172,2035,8713
578902,1,3,1,1,1,1,1,1,1,,5789,2,21,1,5,121,1442,3818
579001,4,6,1,1,1,2,,4,1,,5790,1,2,1,1,9,82,2951
579105,2,5,1,2,,1,1,2,1,,5791,5,9,1,4,49,622,4001
579204,2,3,1,2,,1,1,2,1,,5792,4,9,1,4,50,697,3527
579305,2,4,2,1,1,1,1,2,1,,5793,5,14,1,3,80,1002,7693
579403,1,1,1,1,1,2,,1,1,,5794,3,9,1,4,49,678,1000
579502,1,2,1,2,,1,1,3,1,,5795,2,20,2,6,113,1392,3160
579603,3,5,2,2,,1,1,3,1,,5796,3,9,1,4,50,712,3409
579712,2,3,0,2,,1,1,5,1,,5797,12,11,4,3,57,836,4721
579804,1,2,1,2,,1,1,2,1,,5798,4,1,1,3,4,19,1284
579904,1,2,1,2,,2,,2,1,,5799,4,27,3,6,153,1813,2357
580005,3,4,2,1,1,1,1,4,1,,5800,5,19,1,2,108,1334,3752
580112,1,2,1,2,,1,1,4,1,,5801,12,25,4,1,143,1678,2442
580203,1,4,1,2,,1,1,2,1,,5802,3,2,1,1,9,94,2118
580303,2,4,1,1,1,1,1,4,2,2,5803,3,23,1,6,134,1571,2231
580403,2,4,3,1,1,1,1,3,1,,5804,3,24,1,2,139,1628,1338
580504,4,9,4,1,3,1,1,7,1,,5805,4,26,1,1,151,1768,2339
580604,4,6,1,1,1,1,1,8,1,,5806,4,24,1,2,138,1614,1185
580704,2,5,2,1,2,1,1,1,1,,5807,4,15,1,5,87,1098,11415
580806,2,3,1,2,,2,,5,1,,5808,6,18,4,3,101,1219,985
580918,2,3,1,1,2,1,1,3,1,,5809,18,8,4,1,43,484,2372
581005,2,5,1,2,,1,1,5,1,,5810,5,5,1,2,29,292,1711
581102,3,5,1,1,1,1,1,5,1,,5811,2,29,3,5,171,2032,830
581218,2,3,2,1,2,1,1,2,1,,5812,18,25,2,1,142,1677,2524
581305,1,4,1,2,,2,,4,1,,5813,5,26,1,1,151,1779,2117
581403,2,4,1,1,1,2,,2,1,,5814,3,9,1,4,48,597,2967
581504,1,3,1,1,3,1,1,1,1,,5815,4,16,3,3,88,1105,4784
581614,1,4,1,1,1,1,1,1,1,,5816,14,18,4,3,101,1218,1072
581702,2,4,0,2,,2,,4,1,,5817,2,20,4,6,111,1381,3504
581805,1,2,1,2,,2,,3,1,,5818,5,15,3,5,85,1033,13434
581910,2,3,1,1,1,2,,1,1,,5819,10,3,2,1,13,147,488
582002,1,2,1,2,,2,,3,1,,5820,2,29,2,5,170,2022,1015
582103,3,4,2,1,2,1,1,3,1,,5821,3,15,1,5,87,1090,13365
582214,1,2,0,2,,2,,1,1,,5822,14,7,4,6,39,448,4578
582303,4,5,2,1,2,1,1,6,1,,5823,3,29,3,5,166,1967,2601
582403,2,6,0,2,,2,,5,1,,5824,3,24,4,2,137,1595,1121
582503,1,5,1,1,1,2,,2,1,,5825,3,1,1,3,4,26,1132
582617,6,8,1,2,,2,,6,1,,5826,17,7,4,6,39,453,3363
582705,4,6,2,1,1,1,1,6,1,,5827,5,6,1,3,35,418,826
582803,2,6,1,1,1,1,1,2,1,,5828,3,29,2,5,170,2020,1036
582901,3,4,1,2,,1,1,4,1,,5829,1,29,2,5,169,2003,1004
583001,2,4,1,2,,2,,1,1,,5830,1,24,1,2,139,1649,1058
583103,2,3,1,1,1,1,1,4,1,,5831,3,9,1,4,50,721,3243
583204,2,4,1,2,,2,,3,1,,5832,4,10,1,1,54,817,1191
583303,2,4,2,2,,2,,2,1,,5833,3,24,1,2,140,1660,1407
583401,3,4,1,1,2,1,1,3,1,,5834,1,8,1,1,44,511,2512
583503,2,4,1,2,,1,1,3,1,,5835,3,14,3,3,75,959,21971
583604,2,4,1,1,2,1,1,2,1,,5836,4,26,1,1,151,1784,2039
583701,2,4,1,1,1,1,1,2,1,,5837,1,25,1,1,145,1720,1138
583808,3,4,2,2,,2,,5,1,,5838,8,29,3,5,166,1971,658
583904,2,3,1,1,1,1,1,4,1,,5839,4,25,1,1,145,1708,2585
584005,2,6,1,1,1,1,1,3,1,,5840,5,24,1,2,140,1652,1651
584102,3,5,1,1,1,2,,3,1,,5841,2,21,1,5,122,1456,3365
584202,2,3,1,2,,1,1,3,1,,5842,2,6,1,3,34,396,778
584301,2,2,1,2,,1,1,3,1,,5843,1,17,1,5,98,1185,1596
584405,2,3,1,2,,1,1,5,1,,5844,5,19,1,2,106,1272,3266
584501,3,5,1,2,,1,1,1,1,,5845,1,21,2,5,116,1409,5069
584620,2,3,2,1,1,1,1,5,1,,5846,20,2,2,1,7,60,4118
584702,2,4,2,1,1,2,,2,1,,5847,2,5,3,2,26,272,1902
584813,2,4,0,2,,2,,4,1,,5848,13,30,4,5,173,2040,4785
584902,1,2,1,1,1,1,1,2,1,,5849,2,2,1,1,10,120,2739
585004,2,3,1,2,,2,,2,2,2,5850,4,19,1,2,106,1291,2916
585106,2,4,1,1,1,1,1,5,1,,5851,6,3,2,1,13,147,488
585220,3,5,2,1,1,2,,10,1,,5852,20,13,3,5,67,920,1739
585303,1,5,1,1,1,1,1,2,1,,5853,3,21,2,5,120,1421,5724
585403,1,2,1,2,,1,1,3,1,,5854,3,9,2,4,48,559,5687
585502,2,3,1,2,,1,1,2,1,,5855,2,13,2,5,67,918,1831
585601,1,2,1,1,1,1,1,2,1,,5856,1,31,2,6,182,2097,2212
585704,2,4,1,1,1,1,1,4,1,,5857,4,6,4,3,33,394,835
585801,2,4,1,1,1,1,1,5,1,,5858,1,23,1,6,133,1568,1491
585904,4,9,3,1,3,1,1,3,1,,5859,4,15,1,5,87,1096,11554
586005,3,5,1,1,1,1,1,8,1,,5860,5,5,1,2,30,335,1555
586110,2,3,1,2,,1,1,3,1,,5861,10,13,4,5,71,938,2501
586202,2,3,1,2,,1,1,2,1,,5862,2,19,1,2,106,1265,3434
586305,2,3,1,1,1,2,,3,1,,5863,5,28,1,2,162,1855,1979
586404,2,3,1,1,1,1,1,2,1,,5864,4,3,1,1,17,183,709
586506,2,4,1,1,1,1,1,4,1,,5865,6,13,2,5,67,918,1831
586601,1,4,1,1,2,1,1,2,1,,5866,1,26,3,1,147,1735,2939
586703,1,3,1,1,1,1,1,2,1,,5867,3,29,3,5,169,1987,1155
586804,2,3,1,2,,1,1,4,1,,5868,4,20,4,6,113,1393,3021
586902,1,2,1,1,1,2,,1,1,,5869,2,15,3,5,85,1053,10752
587001,3,7,2,1,1,1,1,2,1,,5870,1,9,1,4,50,708,3458
587103,3,6,1,1,1,1,1,5,1,,5871,3,30,1,5,175,2064,4903
587201,3,6,2,1,1,1,1,4,1,,5872,1,8,1,1,46,555,1050
587305,2,4,1,2,,1,1,3,1,,5873,5,27,1,6,157,1835,4084
587403,2,4,1,2,,2,,4,1,,5874,3,12,4,6,63,887,2678
587501,1,3,2,2,,1,1,1,1,,5875,1,1,1,3,5,39,1139
587604,3,5,2,1,2,1,1,3,1,,5876,4,14,1,3,80,1008,6695
587705,1,1,1,2,,1,1,2,1,,5877,5,3,1,1,15,161,350
587820,2,3,2,2,,1,1,3,1,,5878,20,27,3,6,153,1809,2602
587915,2,5,1,1,2,1,1,3,1,,5879,15,3,3,1,13,146,496
588012,2,2,1,2,,1,1,4,1,,5880,12,14,2,3,75,966,3387
588101,1,5,2,1,1,1,1,2,1,,5881,1,15,3,5,81,1017,6441
588202,5,8,2,2,,1,1,1,1,,5882,2,30,1,5,175,2057,5683
588304,1,3,1,1,1,1,1,3,1,,5883,4,28,1,2,163,1917,1896
588403,2,3,1,2,,1,1,7,1,,5884,3,4,3,6,19,221,707
588516,4,6,0,2,,2,,6,1,,5885,16,24,4,2,136,1590,1225
588605,1,2,0,2,,2,,5,1,,5886,5,9,1,4,49,672,1906
588704,2,5,2,1,1,1,1,1,1,,5887,4,21,1,5,121,1448,1033
588802,1,3,1,2,,1,1,1,1,,5888,2,6,1,3,35,416,888
588918,1,1,1,2,,2,,3,1,,5889,18,31,4,6,180,2092,2522
589001,1,3,1,1,1,1,1,4,1,,5890,1,23,1,6,132,1556,1226
589107,4,6,2,1,1,1,2,4,1,,5891,7,21,3,5,115,1404,6225
589217,3,5,1,1,1,1,2,5,1,,5892,17,22,4,3,125,1466,2305
589320,1,2,0,2,,1,1,3,1,,5893,20,11,3,3,56,830,5624
589403,1,2,1,1,1,2,,2,1,,5894,3,22,1,3,126,1470,2278
589501,1,2,0,2,,1,1,4,1,,5895,1,9,4,4,47,556,1507
589605,3,4,1,2,,1,1,5,1,,5896,5,26,1,1,151,1775,2137
589710,3,7,1,1,1,1,2,4,1,,5897,10,30,4,5,174,2047,5218
589818,2,4,0,2,,1,1,2,1,,5898,18,30,4,5,173,2042,4624
589905,3,6,1,2,,1,1,1,1,,5899,5,8,1,1,46,547,3150
590003,1,3,2,2,,1,1,1,1,,5900,3,19,1,2,108,1353,3246
590119,1,1,0,2,,2,,3,1,,5901,19,20,3,6,109,1373,2841
590216,1,2,1,2,,2,,5,1,,5902,16,30,3,5,172,2037,7808
590302,2,3,1,2,,2,,2,1,,5903,2,27,3,6,156,1825,2210
590411,2,3,1,2,,1,1,2,1,,5904,11,31,4,6,180,2091,2598
590503,2,3,1,2,,2,,5,1,,5905,3,16,3,3,88,1111,4301
590613,4,6,2,2,,1,1,1,1,,5906,13,24,4,2,137,1595,1121
590716,1,2,0,1,1,1,1,3,1,,5907,16,11,3,3,56,830,5624
590807,1,1,0,2,,2,,1,1,,5908,7,28,3,2,159,1844,2105
590905,2,6,1,1,1,1,1,2,1,,5909,5,22,1,3,128,1498,2320
591017,3,4,1,2,,1,1,3,1,,5910,17,15,3,5,81,1017,6441
591103,3,4,1,1,1,1,1,5,1,,5911,3,3,1,1,18,209,732
591209,2,3,0,2,,1,1,5,1,,5912,9,30,4,5,173,2041,4774
591304,3,4,1,2,,2,,6,1,,5913,4,18,1,3,103,1231,1105
591404,2,3,1,1,1,2,,3,1,,5914,4,17,4,5,96,1155,3604
591511,1,9,2,1,2,1,1,1,1,,5915,11,15,3,5,81,1018,5909
591601,1,5,2,1,1,1,1,3,1,,5916,1,5,1,2,31,374,1832
591705,3,4,1,2,,2,,3,1,,5917,5,29,2,5,169,2004,991
591803,2,2,2,1,1,1,1,2,1,,5918,3,28,1,2,162,1892,1614
591905,2,3,1,1,1,1,1,4,1,,5919,5,11,1,3,59,868,4829
592004,1,3,0,2,,2,,1,1,,5920,4,29,3,5,166,1967,2601
592101,4,5,3,1,2,1,1,6,1,,5921,1,32,1,3,190,2171,1808
592202,2,4,1,1,2,1,1,6,1,,5922,2,26,2,1,147,1737,2630
592303,2,3,1,2,,1,1,2,1,,5923,3,16,1,3,92,1133,4201
592415,2,3,1,1,1,1,1,6,1,,5924,15,19,2,2,105,1251,2799
592517,2,3,1,1,1,1,1,5,1,,5925,17,8,4,1,43,484,2372
592601,3,5,1,2,,1,1,5,1,,5926,1,12,1,6,66,907,4473
592701,3,4,1,1,1,1,1,3,1,,5927,1,26,1,1,151,1777,2117
592803,2,3,0,1,1,2,,4,1,,5928,3,15,3,5,85,1027,15661
592906,4,5,2,1,1,1,1,7,1,,5929,6,21,3,5,116,1408,6402
593002,3,7,2,1,1,1,1,6,1,,5930,2,29,3,5,166,1967,2601
593101,2,2,2,1,1,1,2,2,1,,5931,1,27,3,6,156,1825,2210
593204,1,4,0,2,,2,,1,1,,5932,4,24,4,2,136,1589,1281
593316,3,7,1,2,,2,,6,1,,5933,16,6,2,3,32,390,691
593401,1,4,2,1,1,1,1,3,1,,5934,1,28,1,2,163,1917,1896
593514,2,4,1,1,1,2,,2,1,,5935,14,26,4,1,149,1742,1939
593602,1,2,0,2,,2,,4,1,,5936,2,16,1,3,91,1121,4338
593711,1,2,0,2,,2,,1,1,,5937,11,20,4,6,111,1381,3504
593809,1,8,2,2,,1,1,4,1,,5938,9,18,4,3,101,1215,1128
593903,3,4,1,2,,1,1,4,1,,5939,3,15,3,5,85,1053,10752
594003,3,6,2,1,2,1,1,4,1,,5940,3,17,1,5,98,1189,1386
594103,2,4,1,2,,2,,1,1,,5941,3,21,2,5,121,1433,5100
594202,1,3,1,2,,1,1,3,1,,5942,2,21,1,5,120,1427,4872
594318,2,3,1,1,1,1,1,2,1,,5943,18,28,3,2,159,1844,2105
594414,2,5,2,1,2,1,1,3,1,,5944,14,14,2,3,75,966,3387
594510,2,3,1,1,1,1,1,2,1,,5945,10,5,2,2,26,274,1433
594605,2,3,1,1,1,1,1,7,1,,5946,5,19,2,2,105,1253,2656
594703,3,5,3,1,1,1,1,5,1,,5947,3,19,1,2,108,1334,3752
594811,2,3,1,2,,1,1,3,1,,5948,11,18,2,3,100,1209,1651
594903,3,5,1,1,1,1,1,4,1,,5949,3,5,1,2,30,362,1346
595001,3,6,2,1,1,1,1,3,1,,5950,1,21,4,5,118,1415,5024
595101,2,3,0,2,,2,,5,1,,5951,1,24,3,2,135,1584,1829
595208,1,2,1,2,,2,,1,1,,5952,8,18,2,3,100,1213,1488
595304,3,3,2,1,1,1,1,4,1,,5953,4,28,1,2,162,1855,1979
595403,1,2,0,2,,1,1,4,1,,5954,3,4,3,6,20,222,977
595504,1,2,1,2,,1,1,2,1,,5955,4,23,1,6,132,1542,1617
595613,1,5,1,2,,1,1,5,1,,5956,13,14,2,3,76,968,7378
595708,2,4,1,2,,2,,3,1,,5957,8,16,4,3,90,1116,3460
595801,4,5,1,1,1,1,1,5,1,,5958,1,32,1,3,189,2158,1225
595902,3,8,3,1,1,1,1,3,1,,5959,2,17,3,5,94,1144,3844
596002,2,3,1,2,,1,1,2,1,,5960,2,28,1,2,163,1944,1660
596103,3,4,1,2,,1,1,1,1,,5961,3,28,1,2,162,1895,1601
596202,2,2,1,1,1,1,1,4,1,,5962,2,4,1,6,23,236,847
596310,2,3,1,2,,2,,1,1,,5963,10,18,4,3,101,1217,1108
596402,1,2,1,2,,1,1,4,1,,5964,2,30,1,5,176,2074,5687
596509,2,3,1,1,1,1,1,4,1,,5965,9,24,4,2,137,1600,973
596605,3,4,0,1,1,1,1,9,1,,5966,5,14,1,3,78,975,10894
596707,2,4,2,2,,2,,2,1,,5967,7,32,4,3,187,2148,1543
596801,2,4,1,1,1,1,1,6,1,,5968,1,28,1,2,162,1894,1604
596904,1,2,1,2,,1,1,1,1,,5969,4,23,1,6,133,1562,1817
597001,3,5,1,1,1,1,1,3,1,,5970,1,26,1,1,151,1790,1603
597114,2,5,0,2,,1,2,3,1,,5971,14,21,4,5,118,1414,5277
597205,1,2,2,1,1,1,1,3,1,,5972,5,7,1,6,40,464,4020
597305,3,5,1,1,1,1,1,3,1,,5973,5,32,1,3,189,2166,916
597410,2,4,1,2,,1,1,2,1,,5974,10,16,3,3,88,1107,4964
597509,2,3,1,1,1,1,2,4,1,,5975,9,22,3,3,123,1462,2245
597604,3,5,0,1,1,1,1,3,1,,5976,4,15,4,5,83,1024,5447
597706,1,2,0,1,1,2,,7,1,,5977,6,12,4,6,63,886,2839
597816,2,3,0,2,,1,1,4,1,,5978,16,4,3,6,19,221,707
597904,3,6,1,1,1,1,1,4,1,,5979,4,16,1,3,92,1135,3838
598018,1,1,2,1,1,1,1,3,1,,5980,18,20,3,6,109,1374,2508
598113,1,4,2,1,1,1,1,2,1,,5981,13,5,2,2,27,276,1431
598203,2,4,1,2,,2,,5,1,,5982,3,13,3,5,67,915,1831
598303,2,8,3,1,1,1,1,3,1,,5983,3,28,1,2,162,1883,1669
598403,1,3,1,1,1,1,1,1,1,,5984,3,19,2,2,108,1339,3400
598502,2,4,1,2,,2,,3,1,,5985,2,28,4,2,160,1848,1343
598601,2,3,1,2,,1,1,3,1,,5986,1,19,2,2,105,1248,2799
598703,2,4,1,1,1,1,1,4,1,,5987,3,28,1,2,163,1934,1733
598802,2,3,1,1,2,2,,8,1,,5988,2,29,3,5,166,1970,682
598910,3,4,1,2,,1,2,5,1,,5989,10,12,4,6,63,888,2579
599003,2,3,1,2,,2,,1,1,,5990,3,29,4,5,167,1973,2789
599102,2,3,1,1,1,1,1,5,1,,5991,2,9,1,4,48,595,3299
599203,4,7,3,1,1,1,1,6,1,,5992,3,12,1,6,65,898,3065
599302,2,3,2,2,,1,1,5,1,,5993,2,3,1,1,15,156,646
599404,1,3,1,2,,1,1,1,1,,5994,4,29,3,5,169,1986,1167
599504,1,2,1,2,,1,1,1,1,,5995,4,3,1,1,17,195,620
599617,2,5,0,2,,1,2,2,1,,5996,17,30,4,5,173,2042,4624
599703,2,4,0,2,,2,,1,1,,5997,3,29,3,5,171,2032,830
599808,2,3,1,1,1,1,1,5,1,,5998,8,15,3,5,81,1017,6441
599904,1,2,0,1,1,1,1,6,1,,5999,4,8,1,1,44,507,2734
600004,2,3,1,2,,1,1,1,1,,6000,4,4,1,6,24,257,781
600105,1,4,1,1,1,1,1,1,1,,6001,5,3,3,1,13,146,496
600202,3,6,2,1,1,1,1,4,1,,6002,2,15,1,5,86,1070,12734
600313,2,4,1,1,1,1,1,3,1,,6003,13,10,3,1,51,765,1494
600404,1,3,1,1,1,1,1,2,1,,6004,4,1,1,3,4,15,1335
600502,1,3,1,2,,1,1,1,1,,6005,2,27,2,6,153,1807,2589
600603,2,3,1,2,,2,,3,1,,6006,3,7,4,6,40,470,2286
600705,2,5,2,1,2,1,1,5,1,,6007,5,22,1,3,128,1506,2031
600804,3,5,1,1,2,1,1,4,1,,6008,4,14,1,3,79,987,9142
600901,3,5,1,2,,2,,5,1,,6009,1,1,3,3,1,1,3781
601010,2,4,1,2,,1,1,4,1,,6010,10,13,4,5,71,939,2376
601105,2,4,1,2,,2,,2,1,,6011,5,14,1,3,78,972,11513
601202,1,3,2,2,,1,1,2,1,,6012,2,1,1,3,5,33,1371
601305,3,5,2,1,1,1,1,2,1,,6013,5,9,1,4,49,619,4117
601402,2,2,0,2,,2,,1,1,,6014,2,12,1,6,65,901,2886
601509,3,5,1,2,,1,2,7,1,,6015,9,21,4,5,118,1415,5024
601611,3,3,2,1,1,1,1,3,1,,6016,11,26,2,1,147,1736,2632
601716,1,2,1,2,,2,,1,1,,6017,16,18,3,3,100,1210,1538
601814,1,3,1,2,,1,1,2,1,,6018,14,24,4,2,137,1597,1065
601911,1,1,1,1,1,1,1,5,1,,6019,11,27,4,6,154,1816,2554
602002,1,1,1,2,,1,1,4,1,,6020,2,3,1,1,16,178,573
602115,2,4,0,2,,2,,3,1,,6021,15,20,4,6,111,1381,3504
602204,3,4,1,2,,2,,3,1,,6022,4,27,3,6,153,1808,2893
602301,2,3,1,2,,1,1,4,1,,6023,1,2,1,1,9,85,2808
602417,3,5,1,2,,1,1,4,1,,6024,17,1,2,3,2,6,392
602501,2,3,1,2,,1,1,4,1,,6025,1,28,1,2,162,1882,1669
602616,2,3,1,2,,1,1,5,1,,6026,16,13,2,5,67,918,1831
602701,1,2,1,1,1,1,1,2,1,,6027,1,26,1,1,150,1743,3025
602801,2,3,1,2,,1,1,6,2,2,6028,1,18,1,3,102,1221,1303
602901,2,3,1,2,,1,1,2,1,,6029,1,26,1,1,151,1770,2206
603011,2,4,2,1,1,2,,5,1,,6030,11,16,3,3,88,1111,4301
603102,2,3,1,1,1,1,1,5,1,,6031,2,17,3,5,94,1148,943
603213,2,5,1,2,,2,,1,1,,6032,13,5,2,2,27,275,1555
603317,1,2,1,2,,2,,1,1,,6033,17,13,3,5,67,921,1645
603410,3,7,1,1,1,1,1,6,1,,6034,10,5,3,2,26,272,1902
603518,1,2,1,2,,1,1,3,1,,6035,18,30,2,5,172,2035,8713
603604,2,3,1,1,2,1,1,5,1,,6036,4,26,1,1,150,1760,2425
603703,1,3,1,1,1,1,1,3,1,,6037,3,9,1,4,49,642,3521
603802,1,1,1,2,,1,1,1,1,,6038,2,23,1,6,132,1558,858
603905,1,2,1,1,2,1,1,2,1,,6039,5,2,1,1,11,125,3058
604002,2,3,1,1,1,1,1,3,1,,6040,2,6,4,3,33,394,835
604102,2,6,1,2,,2,,1,1,,6041,2,3,1,1,18,211,714
604202,4,9,2,1,1,1,1,2,1,,6042,2,8,1,1,45,526,3056
604305,1,2,0,2,,2,,1,1,,6043,5,11,1,3,58,856,4097
604420,3,7,1,1,1,1,1,2,1,,6044,20,10,4,1,52,774,1138
604502,3,5,2,1,2,1,1,3,1,,6045,2,30,1,5,176,2069,6493
604604,1,3,1,2,,1,1,1,1,,6046,4,19,1,2,106,1266,3387
604701,3,5,1,1,1,1,1,2,1,,6047,1,1,1,3,5,29,1442
604812,3,5,1,1,2,1,1,5,1,,6048,12,22,3,3,123,1462,2245
604908,1,4,2,1,1,1,1,2,1,,6049,8,25,4,1,143,1679,2282
605002,1,1,1,2,,1,2,2,1,,6050,2,6,1,3,34,409,731
605101,2,4,4,1,2,1,1,5,1,,6051,1,4,1,6,23,246,730
605203,2,4,1,1,1,1,1,4,1,,6052,3,10,1,1,54,798,1396
605305,2,4,2,1,1,1,1,3,1,,6053,5,9,1,4,49,632,3741
605417,1,2,1,2,,1,1,3,1,,6054,17,30,4,5,174,2045,5770
605503,3,7,1,1,1,1,1,3,1,,6055,3,30,2,5,176,2075,5611
605615,2,3,3,1,1,1,1,2,1,,6056,15,7,2,6,37,444,3822
605705,3,5,1,1,2,1,1,2,1,,6057,5,24,4,2,137,1599,1009
605804,2,3,1,2,,1,1,5,1,,6058,4,27,2,6,153,1807,2589
605904,2,4,1,2,,1,1,2,1,,6059,4,8,1,1,45,537,383
606001,2,3,1,1,1,2,,2,1,,6060,1,28,1,2,162,1853,2088
606108,3,4,1,2,,1,1,6,1,,6061,8,27,4,6,155,1820,1502
606201,2,3,1,1,1,1,1,3,1,,6062,1,9,1,4,49,635,3655
606304,4,7,2,1,3,1,1,2,1,,6063,4,8,1,1,44,494,3005
606401,1,4,1,2,,1,1,2,1,,6064,1,26,1,1,150,1763,2272
606502,2,2,1,2,,2,,4,1,,6065,2,19,2,2,106,1259,3653
606616,1,3,0,2,,2,,4,1,,6066,16,7,4,6,39,456,3330
606711,1,5,1,1,1,1,1,5,1,,6067,11,27,3,6,153,1809,2602
606803,2,4,1,2,,1,1,3,1,,6068,3,23,1,6,133,1561,1831
606919,1,1,1,2,,2,,5,1,,6069,19,13,4,5,70,931,3702
607005,4,4,0,2,,1,1,4,1,,6070,5,30,4,5,173,2042,4624
607105,2,5,1,1,1,1,1,3,1,,6071,5,2,1,1,11,139,2151
607201,2,5,2,1,1,1,1,3,1,,6072,1,9,1,4,49,656,3132
607306,2,3,1,2,,2,,2,1,,6073,6,4,4,6,21,228,784
607402,2,3,1,1,2,1,1,3,1,,6074,2,28,1,2,162,1867,1798
607508,3,5,1,1,1,1,1,6,1,,6075,8,28,3,2,159,1844,2105
607604,2,5,2,1,2,1,1,8,1,,6076,4,5,1,2,30,339,1541
607711,3,5,1,2,,1,2,3,1,,6077,11,21,4,5,118,1415,5024
607820,2,3,1,1,2,1,1,3,1,,6078,20,5,2,2,26,273,1479
607902,4,5,1,1,1,1,1,8,1,,6079,2,12,4,6,63,887,2678
608012,2,2,0,2,,2,,1,1,,6080,12,24,4,2,136,1588,1337
608104,2,3,1,2,,1,1,2,1,,6081,4,26,1,1,150,1746,2719
608209,1,2,1,2,,2,,2,1,,6082,9,20,4,6,111,1384,3206
608305,2,3,1,1,1,1,1,2,1,,6083,5,6,1,3,35,428,749
608401,2,2,1,1,1,1,1,6,1,,6084,1,28,1,2,162,1857,1952
608503,3,4,1,1,1,1,1,6,1,,6085,3,1,2,3,1,3,848
608601,4,5,1,1,2,2,,4,1,,6086,1,15,3,5,85,1053,10752
608712,3,4,0,2,,1,1,6,1,,6087,12,16,4,3,89,1113,3018
608802,2,5,1,2,,2,,2,1,,6088,2,22,1,3,127,1486,1953
608904,2,3,2,1,1,1,1,4,1,,6089,4,23,1,6,134,1573,2057
609003,3,6,2,1,1,1,1,5,1,,6090,3,28,1,2,164,1959,1904
609116,3,4,1,2,,1,2,4,1,,6091,16,22,3,3,123,1461,2454
609217,1,4,1,2,,2,,1,1,,6092,17,1,4,3,3,8,1437
609301,3,5,2,2,,2,,3,1,,6093,1,17,1,5,99,1206,1411
609413,2,2,1,1,1,1,1,2,1,,6094,13,27,4,6,154,1814,2660
609501,3,6,2,1,1,1,1,1,1,,6095,1,15,1,5,87,1098,11415
609613,1,2,1,2,,1,1,3,1,,6096,13,25,2,1,142,1676,2626
609705,3,6,1,1,1,1,2,4,1,,6097,5,29,2,5,166,1972,586
609819,4,5,1,2,,2,,7,1,,6098,19,10,4,1,52,773,1281
609902,1,3,1,2,,1,1,1,1,,6099,2,30,1,5,176,2077,5493
610004,1,1,0,2,,2,,3,1,,6100,4,20,4,6,111,1385,3030
610109,1,1,1,1,1,2,,1,1,,6101,9,20,2,6,110,1375,5038
610217,2,3,1,1,1,2,,4,1,,6102,17,3,2,1,12,143,609
610301,2,3,1,2,,2,,4,1,,6103,1,2,1,1,9,67,3508
610401,4,8,2,1,2,1,1,3,1,,6104,1,9,1,4,50,729,3014
610504,3,7,2,1,2,1,1,4,1,,6105,4,19,1,2,108,1348,3302
610605,1,3,1,2,,2,,1,1,,6106,5,3,1,1,17,184,703
610703,3,5,2,1,1,1,1,10,2,2,6107,3,15,1,5,85,1049,11347
610805,3,5,1,1,3,1,1,4,1,,6108,5,3,1,1,17,180,746
610917,2,3,0,2,,2,,4,1,,6109,17,24,4,2,136,1589,1281
611004,2,4,1,2,,1,1,4,1,,6110,4,24,1,2,139,1634,1295
611103,1,2,0,2,,2,,5,1,,6111,3,12,4,6,63,884,3037
611205,2,3,1,2,,1,1,6,1,,6112,5,23,1,6,133,1568,1491
611304,3,5,3,1,2,1,1,4,1,,6113,4,8,1,1,46,549,3082
611407,2,3,2,1,2,1,1,9,1,,6114,7,17,4,5,95,1154,485
611506,4,6,1,1,2,1,1,5,1,,6115,6,15,3,5,81,1018,5909
611602,3,4,1,2,,2,,4,1,,6116,2,7,1,6,40,466,3836
611718,3,5,1,1,1,1,2,3,1,,6117,18,14,4,3,77,969,10589
611803,1,1,1,1,1,2,,1,1,,6118,3,2,1,1,9,71,3257
611905,3,6,1,1,1,1,1,4,1,,6119,5,9,1,4,49,624,3913
612001,2,4,2,2,,1,1,2,1,,6120,1,8,1,1,45,521,3216
612102,1,2,1,1,1,2,,2,1,,6121,2,7,3,6,38,446,6693
612202,1,1,0,2,,2,,2,1,,6122,2,31,3,6,178,2084,2239
612306,2,4,1,2,,1,1,3,1,,6123,6,10,3,1,51,766,1365
612409,2,3,0,2,,2,,6,1,,6124,9,20,4,6,111,1378,4169
612502,1,4,2,1,1,1,1,2,1,,6125,2,18,4,3,101,1218,1072
612604,4,6,2,1,1,1,1,4,1,,6126,4,18,1,3,103,1228,1175
612711,1,1,1,2,,2,,2,1,,6127,11,27,3,6,153,1813,2357
612803,2,3,1,2,,1,1,5,1,,6128,3,23,1,6,132,1543,1579
612901,2,6,1,1,2,1,1,3,1,,6129,1,10,1,1,53,792,1205
613003,3,5,3,1,1,1,1,4,1,,6130,3,25,1,1,146,1732,2859
613114,2,6,2,1,2,1,2,4,1,,6131,14,16,2,3,88,1106,5935
613215,2,3,1,1,1,2,,6,1,,6132,15,27,3,6,153,1811,2396
613304,3,5,1,1,1,1,1,1,1,,6133,4,28,1,2,164,1957,1965
613411,4,7,1,1,2,1,1,5,1,,6134,11,1,4,3,3,8,1437
613501,2,3,1,2,,2,,2,1,,6135,1,17,4,5,96,1156,1044
613610,1,4,1,2,,2,,1,1,,6136,10,4,3,6,19,221,707
613703,2,3,1,2,,1,1,2,1,,6137,3,22,3,3,124,1464,6559
613802,2,3,1,1,1,2,,1,1,,6138,2,8,1,1,44,509,2701
613901,1,3,1,2,,1,1,1,1,,6139,1,2,1,1,11,126,3052
614002,1,4,2,2,,1,1,1,1,,6140,2,15,1,5,86,1082,9451
614103,4,6,3,1,2,1,1,4,1,,6141,3,21,1,5,122,1450,4811
614202,1,3,1,2,,1,1,1,1,,6142,2,21,1,5,122,1450,4811
614304,2,4,1,1,1,1,1,6,1,,6143,4,19,2,2,106,1259,3653
614405,3,7,4,1,2,1,1,4,1,,6144,5,19,1,2,108,1354,3243
614503,1,5,1,1,1,1,1,2,1,,6145,3,29,3,5,169,1993,1100
614602,2,3,1,2,,1,1,4,1,,6146,2,11,1,3,58,851,4712
614702,2,4,1,1,1,1,1,3,1,,6147,2,18,1,3,103,1227,1201
614802,2,4,2,1,2,1,1,4,1,,6148,2,8,1,1,44,491,3124
614915,2,5,1,1,2,1,1,4,1,,6149,15,31,4,6,180,2091,2598
615001,3,7,2,1,3,1,1,4,1,,6150,1,31,1,6,183,2110,2712
615104,1,1,1,2,,2,,4,1,,6151,4,29,3,5,169,1997,1038
615204,2,3,1,2,,1,1,4,1,,6152,4,9,1,4,48,598,2860
615301,2,4,1,2,,2,,1,1,,6153,1,9,1,4,48,593,3459
615404,1,3,3,1,1,1,1,1,1,,6154,4,4,1,6,25,269,771
615505,3,4,1,1,1,1,1,1,1,,6155,5,24,1,2,140,1671,1019
615604,2,7,1,2,,1,1,3,1,,6156,4,29,3,5,170,2029,865
615719,2,3,1,2,,1,1,4,1,,6157,19,27,3,6,153,1811,2396
615805,3,5,1,1,2,1,1,6,1,,6158,5,28,1,2,162,1891,1625
615904,3,5,2,1,2,1,1,3,1,,6159,4,3,1,1,18,203,800
616012,1,3,0,2,,2,,2,1,,6160,12,21,3,5,115,1404,6225
616113,2,4,0,1,1,2,,2,1,,6161,13,12,4,6,63,885,2839
616202,1,3,1,1,1,2,,2,1,,6162,2,5,2,2,29,308,1594
616304,3,7,2,1,1,1,1,2,1,,6163,4,18,1,3,103,1232,1097
616405,3,5,2,1,1,1,1,5,1,,6164,5,3,1,1,18,215,655
616510,3,5,1,2,,1,1,5,1,,6165,10,5,4,2,28,278,1371
616618,2,3,1,1,1,1,1,3,1,,6166,18,16,2,3,88,1110,4468
616720,3,4,1,2,,1,1,10,1,,6167,20,5,4,2,28,278,1371
616801,1,1,1,2,,2,,4,1,,6168,1,9,1,4,48,563,4587
616904,8,9,2,1,2,1,1,10,1,,6169,4,12,1,6,65,896,3493
617005,2,5,2,2,,1,1,2,1,,6170,5,19,1,2,106,1289,3018
617106,3,8,2,1,3,1,1,3,1,,6171,6,5,2,2,27,275,1555
617203,2,3,1,1,1,1,1,3,1,,6172,3,19,4,2,105,1250,2996
617302,2,5,1,2,,1,1,1,1,,6173,2,9,1,4,50,699,3527
617419,1,3,1,2,,1,1,2,1,,6174,19,27,4,6,155,1821,1493
617506,1,1,1,1,1,1,1,4,1,,6175,6,4,4,6,21,229,690
617605,2,4,2,1,2,1,1,2,1,,6176,5,20,1,6,114,1401,3180
617703,2,3,1,1,1,1,1,7,1,,6177,3,8,1,1,44,502,2777
617803,3,3,1,2,,1,1,6,1,,6178,3,12,1,6,65,900,2894
617904,2,4,2,1,1,2,,4,1,,6179,4,5,1,2,29,317,1538
618005,2,3,1,2,,1,1,4,1,,6180,5,28,1,2,161,1850,2147
618104,1,3,1,2,,1,1,4,1,,6181,4,9,1,4,49,636,3624
618203,2,3,1,2,,1,1,5,1,,6182,3,23,1,6,133,1568,1491
618302,5,7,2,1,2,1,1,10,1,,6183,2,29,3,5,165,1963,1595
618401,2,4,1,1,1,1,1,5,1,,6184,1,26,1,1,151,1764,2117
618507,1,2,0,2,,2,,6,1,,6185,7,12,4,6,63,884,3037
618602,2,3,1,2,,1,1,5,1,,6186,2,32,1,3,189,2160,1184
618713,2,4,1,1,2,1,1,4,1,,6187,13,8,2,1,42,480,3631
618810,2,4,1,1,1,2,,1,1,,6188,10,2,3,1,7,61,3848
618901,2,5,1,2,,1,1,3,1,,6189,1,9,1,4,50,690,3715
619019,2,4,1,1,1,2,,5,1,,6190,19,18,4,3,101,1215,1128
619103,2,4,1,1,1,1,1,4,1,,6191,3,9,1,4,49,643,3508
619205,1,3,2,2,,1,1,5,1,,6192,5,9,1,4,48,595,3299
619313,3,4,1,2,,1,1,4,1,,6193,13,27,4,6,155,1822,916
619402,2,4,1,2,,1,1,4,1,,6194,2,11,1,3,58,850,4776
619504,1,5,1,2,,2,,1,1,,6195,4,24,1,2,139,1628,1338
619602,1,6,2,2,,1,2,1,1,,6196,2,25,1,1,144,1690,2756
619701,3,6,2,1,1,1,1,5,1,,6197,1,22,3,3,124,1463,8536
619803,2,3,2,2,,1,1,4,2,2,6198,3,3,1,1,16,173,619
619903,2,4,1,1,2,1,1,4,1,,6199,3,8,1,1,45,518,3379
620001,2,4,1,2,,2,,1,1,,6200,1,10,1,1,53,780,1306
620105,2,4,1,1,1,1,1,2,1,,6201,5,21,1,5,122,1450,4811
620205,1,2,0,2,,1,1,4,1,,6202,5,9,1,4,49,675,1417
620307,1,2,0,2,,2,,5,1,,6203,7,20,4,6,111,1380,3726
620402,3,6,2,1,3,1,1,6,1,,6204,2,21,1,5,122,1455,4160
620501,1,3,1,2,,1,1,1,1,,6205,1,23,1,6,132,1543,1579
620612,2,2,0,1,1,2,,1,1,,6206,12,18,3,3,100,1211,1520
620704,2,4,1,1,2,1,1,4,1,,6207,4,28,1,2,163,1937,1709
620813,2,4,1,1,1,2,,5,1,,6208,13,10,4,1,52,768,1450
620903,2,5,1,1,1,1,1,1,1,,6209,3,15,1,5,86,1068,12827
621003,2,3,1,1,1,1,1,4,1,,6210,3,21,2,5,122,1458,1444
621117,1,7,1,1,2,1,1,4,1,,6211,17,30,2,5,172,2035,8713
621201,3,5,1,1,1,1,1,4,1,,6212,1,21,1,5,121,1442,3818
621304,3,5,1,1,1,1,1,4,1,,6213,4,29,3,5,169,1996,1076
621415,2,3,0,2,,2,,5,1,,6214,15,24,4,2,137,1599,1009
621518,1,2,1,2,,2,,2,1,,6215,18,31,3,6,178,2084,2239
621618,2,3,1,1,1,1,2,1,1,,6216,18,3,4,1,14,148,833
621706,2,4,1,2,,2,,2,1,,6217,6,20,4,6,111,1384,3206
621803,3,4,2,1,1,1,1,5,1,,6218,3,6,1,3,36,437,666
621904,3,4,1,1,1,1,1,3,1,,6219,4,10,1,1,54,798,1396
622001,2,3,2,1,1,1,1,3,1,,6220,1,11,1,3,58,851,4712
622110,3,4,2,2,,1,1,5,1,,6221,10,27,4,6,154,1816,2554
622204,2,3,1,2,,1,1,2,1,,6222,4,17,1,5,97,1175,1472
622312,2,3,2,2,,2,,5,2,2,6223,12,11,2,3,56,833,4741
622420,2,2,0,2,,2,,4,1,,6224,20,16,4,3,90,1116,3460
622503,3,6,1,2,,1,1,4,1,,6225,3,17,1,5,98,1190,1362
622619,1,5,1,2,,2,,1,1,,6226,19,5,2,2,27,276,1431
622713,1,5,1,2,,2,,2,1,,6227,13,6,2,3,32,393,610
622801,3,5,1,1,1,1,1,4,1,,6228,1,9,1,4,48,573,4109
622904,3,6,2,1,3,1,1,4,2,2,6229,4,28,1,2,162,1880,1686
623001,2,2,1,1,1,1,1,5,1,,6230,1,2,1,1,10,111,2857
623115,4,8,2,1,2,1,1,1,1,,6231,15,18,3,3,100,1214,1363
623201,3,5,1,1,1,1,1,5,1,,6232,1,32,4,3,187,2144,1720
623304,2,3,2,1,2,1,1,3,1,,6233,4,16,1,3,91,1119,4419
623405,2,5,1,1,2,1,1,3,1,,6234,5,9,1,4,50,715,3333
623504,3,6,1,1,1,1,1,7,1,,6235,4,8,1,1,44,499,2863
623602,3,8,2,2,,1,1,6,1,,6236,2,23,1,6,132,1537,1731
623714,3,4,2,1,1,1,1,4,1,,6237,14,24,2,2,135,1585,1797
623802,3,4,1,2,,1,1,3,1,,6238,2,2,1,1,10,116,2816
623904,1,6,2,1,2,1,1,2,1,,6239,4,26,1,1,151,1789,1662
624001,2,3,1,2,,2,,1,1,,6240,1,5,1,2,29,306,1608
624103,2,4,1,1,1,1,1,2,1,,6241,3,3,1,1,17,186,691
624202,2,4,2,2,,1,1,1,1,,6242,2,16,1,3,91,1126,3861
624313,1,3,0,1,1,1,2,5,1,,6243,13,6,3,3,32,391,636
624405,3,5,1,2,,1,2,2,1,,6244,5,10,1,1,53,796,1141
624520,1,2,1,2,,2,,5,1,,6245,20,3,3,1,12,144,592
624605,4,7,2,1,1,1,1,3,1,,6246,5,14,1,3,80,1010,5804
624702,3,5,1,1,3,1,1,5,1,,6247,2,8,1,1,45,517,3447
624805,1,3,1,2,,1,1,1,1,,6248,5,9,1,4,50,750,2094
624901,2,5,2,2,,1,1,2,1,,6249,1,24,1,2,140,1672,957
625003,1,2,1,2,,2,,4,1,,6250,3,8,4,1,43,484,2372
625114,3,5,1,2,,1,1,7,1,,6251,14,17,4,5,96,1156,1044
625203,1,2,1,2,,2,,2,1,,6252,3,2,1,1,9,88,2583
625315,1,2,1,2,,2,,2,1,,6253,15,27,4,6,154,1816,2554
625413,1,1,0,1,1,2,,3,1,,6254,13,13,4,5,70,931,3702
625504,2,3,1,2,,1,1,4,1,,6255,4,23,1,6,132,1550,1443
625603,4,6,2,1,1,1,1,4,1,,6256,3,2,1,1,10,121,2435
625704,1,2,0,2,,2,,3,1,,6257,4,12,4,6,63,883,3042
625820,2,4,1,2,,2,,2,1,,6258,20,31,3,6,179,2089,1807
625904,1,2,1,2,,1,1,2,1,,6259,4,21,3,5,116,1406,6756
626002,2,4,1,1,1,1,1,3,1,,6260,2,9,1,4,49,667,2893
626102,3,4,3,1,1,1,1,4,1,,6261,2,25,1,1,144,1684,4596
626203,3,5,3,1,1,1,1,6,1,,6262,3,9,1,4,50,732,2972
626301,1,3,1,2,,1,1,2,1,,6263,1,28,1,2,162,1906,1468
626402,4,6,1,2,,1,1,5,1,,6264,2,14,2,3,75,963,13690
626503,2,4,1,1,1,1,1,3,1,,6265,3,24,1,2,139,1642,1223
626605,2,3,1,2,,1,1,2,1,,6266,5,29,2,5,170,2030,818
626703,3,5,2,1,1,1,1,5,1,,6267,3,9,1,4,50,741,2785
626803,3,5,1,1,1,1,1,4,1,,6268,3,17,1,5,98,1182,1678
626905,3,4,1,1,1,1,1,6,1,,6269,5,5,2,2,27,276,1431
627002,1,3,1,1,1,1,1,4,1,,6270,2,5,1,2,30,362,1346
627115,2,4,1,2,,2,,5,1,,6271,15,13,4,5,71,936,2779
627219,3,4,3,1,1,1,1,4,1,,6272,19,17,2,5,94,1150,835
627304,2,4,0,2,,2,,3,1,,6273,4,26,4,1,149,1741,2121
627405,3,5,1,1,2,1,1,3,1,,6274,5,8,1,1,45,515,3056
627503,2,3,0,2,,2,,6,1,,6275,3,4,4,6,21,227,882
627603,3,6,1,2,,1,1,7,1,,6276,3,19,1,2,106,1290,2978
627704,2,4,1,1,2,1,1,2,1,,6277,4,19,1,2,108,1335,3667
627805,2,4,2,1,1,1,1,4,1,,6278,5,9,1,4,50,755,1673
627919,2,3,0,2,,2,,3,1,,6279,19,7,3,6,37,443,3934
628001,1,2,1,2,,2,,2,1,,6280,1,9,1,4,49,655,3136
628103,2,3,0,2,,2,,5,1,,6281,3,21,2,5,120,1428,4206
628203,3,10,3,1,3,1,2,4,2,2,6282,3,15,2,5,81,1014,20259
628306,1,1,0,2,,2,,1,1,,6283,6,20,3,6,109,1373,2841
628402,2,5,1,2,,1,1,4,1,,6284,2,21,1,5,121,1436,4491
628501,1,1,1,2,,1,2,1,1,,6285,1,29,2,5,169,2006,987
628605,2,4,1,1,2,1,1,2,1,,6286,5,9,1,4,50,742,2715
628705,1,5,2,1,1,1,1,2,1,,6287,5,9,1,4,50,729,3014
628805,5,11,4,1,7,1,1,5,1,,6288,5,5,1,2,31,384,1756
628901,3,4,1,1,1,2,,4,1,,6289,1,20,4,6,111,1384,3206
629004,1,3,1,2,,1,1,2,1,,6290,4,9,1,4,49,656,3132
629101,1,3,1,1,1,1,1,4,1,,6291,1,9,1,4,49,676,1034
629202,3,6,2,1,2,1,1,4,1,,6292,2,1,3,3,2,5,1680
629302,2,3,1,1,3,1,1,2,1,,6293,2,5,1,2,30,338,1543
629418,2,4,1,1,2,1,1,6,1,,6294,18,31,2,6,179,2090,1761
629504,2,2,1,2,,1,1,5,1,,6295,4,7,1,6,41,474,4176
629604,3,5,2,1,1,1,1,2,1,,6296,4,8,1,1,46,547,3150
629705,2,3,2,1,1,1,1,5,1,,6297,5,3,1,1,18,212,706
629801,2,4,1,2,,1,1,2,1,,6298,1,13,4,5,71,934,2679
629902,2,4,1,1,1,1,1,8,1,,6299,2,5,1,2,30,366,378
630002,3,4,1,1,1,1,1,10,1,,6300,2,32,1,3,188,2152,1515
630103,1,5,2,1,2,1,1,2,1,,6301,3,30,1,5,177,2080,10259
630202,3,4,2,1,2,1,1,5,1,,6302,2,15,1,5,85,1061,6128
630302,4,6,2,2,,1,1,8,1,,6303,2,9,2,4,49,669,2198
630405,1,2,1,1,1,2,,1,1,,6304,5,23,1,6,131,1524,1703
630502,4,8,2,1,1,1,1,3,1,,6305,2,29,3,5,170,2019,1044
630606,2,4,1,2,,1,1,4,1,,6306,6,27,4,6,155,1819,1628
630707,1,3,0,2,,2,,2,1,,6307,7,20,4,6,111,1381,3504
630812,1,1,0,2,,2,,1,1,,6308,12,27,4,6,154,1814,2660
630901,3,4,1,1,1,1,1,1,1,,6309,1,15,1,5,87,1097,11460
631013,1,4,0,2,,2,,1,1,,6310,13,21,4,5,117,1410,5193
631102,4,6,1,1,1,1,1,8,1,,6311,2,27,1,6,157,1838,827
631201,2,3,0,2,,1,1,6,1,,6312,1,11,1,3,58,849,4917
631302,2,2,1,2,,2,,5,1,,6313,2,10,1,1,53,780,1306
631403,3,4,1,1,1,1,1,4,1,,6314,3,8,1,1,44,501,2795
631503,1,4,1,2,,2,,2,1,,6315,3,15,1,5,85,1061,6128
631618,2,3,0,2,,1,2,3,1,,6316,18,17,3,5,94,1149,880
631704,2,4,0,2,,2,,3,1,,6317,4,25,4,1,143,1683,811
631808,1,1,0,2,,1,1,2,1,,6318,8,18,4,3,101,1216,1115
631901,2,4,1,1,1,1,1,1,1,,6319,1,5,1,2,30,360,1402
632003,2,3,1,1,1,1,1,4,1,,6320,3,25,1,1,144,1686,3272
632105,2,3,1,2,,2,,3,1,,6321,5,18,3,3,100,1210,1538
632201,2,4,1,1,2,1,1,4,1,,6322,1,8,1,1,44,510,2594
632312,1,1,0,1,1,2,,4,1,,6323,12,3,4,1,14,148,833
632414,2,3,1,2,,1,1,4,1,,6324,14,26,2,1,147,1737,2630
632501,4,6,1,2,,1,1,5,1,,6325,1,24,1,2,139,1628,1338
632603,1,2,1,2,,1,1,2,1,,6326,3,8,1,1,45,528,3033
632702,3,5,2,1,1,1,1,8,1,,6327,2,31,1,6,182,2095,2255
632801,1,3,1,2,,2,,2,1,,6328,1,29,3,5,170,2017,1113
632902,3,6,1,2,,1,1,4,1,,6329,2,15,1,5,85,1043,12201
633003,4,5,1,1,2,1,1,5,1,,6330,3,19,1,2,107,1312,3177
633102,3,5,1,1,1,1,1,3,1,,6331,2,24,4,2,137,1593,1069
633205,2,3,2,1,1,1,1,4,1,,6332,5,20,2,6,110,1375,5038
633301,3,5,2,1,1,1,1,7,1,,6333,1,15,2,5,86,1077,10968
633401,2,3,1,1,2,1,1,1,1,,6334,1,19,1,2,108,1336,3461
633512,1,1,0,2,,2,,3,1,,6335,12,30,4,5,173,2039,5218
633620,1,2,1,2,,1,1,4,1,,6336,20,31,3,6,178,2086,1819
633703,4,5,2,1,1,1,1,4,2,2,6337,3,19,1,2,108,1363,3124
633811,2,3,1,2,,2,,3,1,,6338,11,13,4,5,70,933,2426
633920,2,5,1,2,,1,1,3,1,,6339,20,12,2,6,62,881,1964
634004,1,4,1,2,,2,,1,1,,6340,4,14,1,3,78,982,8224
634104,3,4,1,2,,1,1,2,1,,6341,4,1,1,3,4,14,1342
634218,1,2,1,2,,2,,2,1,,6342,18,7,4,6,39,450,4023
634302,1,3,1,2,,2,,1,1,,6343,2,31,1,6,183,2115,2129
634403,1,3,1,1,1,1,1,3,1,,6344,3,2,1,1,10,97,3525
634505,2,3,1,1,2,1,1,4,1,,6345,5,26,1,1,150,1746,2719
634604,3,5,2,1,2,1,1,4,1,,6346,4,6,1,3,34,399,908
634702,2,3,1,1,2,1,1,4,1,,6347,2,23,1,6,132,1529,2051
634805,1,2,1,2,,2,,2,1,,6348,5,30,1,5,176,2067,6747
634906,2,3,1,1,2,1,1,4,1,,6349,6,2,3,1,7,61,3848
635012,3,5,1,2,,1,1,9,1,,6350,12,31,2,6,179,2087,1839
635108,2,3,0,1,1,2,,4,1,,6351,8,17,3,5,94,1147,952
635204,1,2,1,2,,1,1,1,1,,6352,4,6,3,3,32,389,2846
635310,1,1,1,2,,2,,3,1,,6353,10,4,4,6,21,227,882
635402,3,4,2,1,2,1,1,3,1,,6354,2,8,1,1,46,551,3012
635502,2,3,1,2,,1,2,1,1,,6355,2,26,1,1,151,1771,2198
635622,3,5,0,1,1,2,,5,1,,6356,22,7,4,6,39,455,3338
635704,2,3,1,1,1,1,1,3,1,,6357,4,28,1,2,162,1856,1976
635802,2,2,1,2,,1,1,2,1,,6358,2,8,1,1,44,488,3274
635903,4,6,1,2,,1,1,4,1,,6359,3,1,1,3,4,21,1259
636011,2,3,1,2,,2,,3,1,,6360,11,24,4,2,137,1597,1065
636103,2,4,2,2,,1,1,3,1,,6361,3,9,1,4,49,635,3655
636201,1,3,1,2,,1,1,1,1,,6362,1,9,1,4,49,640,3566
636314,2,5,1,1,1,1,1,2,1,,6363,14,6,4,3,33,395,576
636402,2,4,1,2,,1,1,5,1,,6364,2,4,1,6,23,247,721
636520,1,1,0,2,,2,,1,1,,6365,20,13,4,5,70,932,2540
636604,2,4,2,1,1,1,1,4,1,,6366,4,31,1,6,184,2134,2491
636702,2,4,1,1,1,1,1,1,1,,6367,2,14,1,3,80,1002,7693
636802,1,3,1,2,,1,1,1,1,,6368,2,1,1,3,6,58,1116
636905,2,5,2,1,2,1,1,2,1,,6369,5,19,1,2,108,1347,3311
637010,3,5,2,1,2,1,1,3,1,,6370,10,25,4,1,143,1682,2124
637103,2,3,1,2,,1,1,5,1,,6371,3,6,1,3,35,415,890
637201,2,4,1,2,,1,1,1,1,,6372,1,26,1,1,150,1752,2611
637305,3,5,2,2,,1,1,2,1,,6373,5,9,1,4,49,606,4668
637414,3,5,1,2,,1,1,3,1,,6374,14,13,4,5,71,939,2376
637503,3,4,0,2,,1,1,6,1,,6375,3,21,1,5,120,1419,6156
637605,2,2,1,1,1,2,,3,1,,6376,5,31,1,6,182,2108,1861
637701,2,3,1,1,1,1,1,3,1,,6377,1,24,1,2,139,1624,1383
637815,3,4,1,1,1,1,1,5,1,,6378,15,11,4,3,57,838,3502
637904,2,2,1,2,,2,,4,1,,6379,4,31,1,6,182,2104,1952
638004,4,5,2,1,1,2,,2,1,,6380,4,28,4,2,160,1845,1479
638116,2,4,2,1,2,1,1,5,1,,6381,16,16,2,3,88,1106,5935
638202,2,3,1,1,1,1,1,2,1,,6382,2,24,4,2,137,1594,1069
638304,3,4,1,2,,1,1,5,1,,6383,4,29,4,5,167,1973,2789
638401,2,2,1,2,,2,,5,1,,6384,1,4,4,6,21,229,690
638504,2,4,1,1,2,1,1,3,1,,6385,4,1,1,3,6,54,1277
638602,2,4,1,2,,2,,1,1,,6386,2,24,1,2,138,1602,1545
638701,2,5,1,2,,1,1,3,1,,6387,1,28,1,2,164,1961,1825
638802,2,5,1,1,1,1,1,6,1,,6388,2,5,2,2,26,273,1479
638904,3,7,2,2,,1,1,2,1,,6389,4,9,1,4,50,698,3527
639001,2,3,3,1,2,1,1,2,1,,6390,1,6,1,3,36,440,645
639101,2,4,2,1,1,1,1,1,1,,6391,1,24,1,2,140,1664,1280
639203,3,4,1,2,,1,1,4,1,,6392,3,18,1,3,103,1235,1052
639308,2,4,1,1,1,1,1,6,1,,6393,8,27,4,6,155,1822,916
639404,1,4,1,1,1,1,1,2,1,,6394,4,26,1,1,150,1757,2485
639505,2,2,1,2,,1,1,5,1,,6395,5,17,3,5,94,1148,943
639603,1,2,0,1,1,1,1,5,1,,6396,3,30,4,5,173,2043,4521
639703,3,5,2,1,1,1,1,2,1,,6397,3,26,4,1,149,1740,2152
639801,2,4,1,1,1,1,1,5,1,,6398,1,26,1,1,150,1745,2726
639915,2,4,1,1,4,1,1,3,1,,6399,15,3,4,1,14,149,796
640004,2,4,1,1,1,1,1,4,1,,6400,4,31,2,6,183,2120,1959
640101,3,5,1,2,,1,1,5,1,,6401,1,6,1,3,34,406,759
640205,2,3,1,2,,2,,4,1,,6402,5,10,1,1,54,810,1296
640303,1,5,1,2,,1,1,1,1,,6403,3,9,1,4,49,603,5130
640401,2,4,1,2,,1,1,3,1,,6404,1,31,1,6,184,2133,2511
640503,2,3,1,1,2,1,1,3,1,,6405,3,8,2,1,42,479,11188
640604,2,4,1,1,1,1,1,4,1,,6406,4,28,1,2,162,1905,1472
640703,2,6,3,1,2,1,1,1,1,,6407,3,25,1,1,146,1724,3749
640801,2,4,1,2,,2,,2,1,,6408,1,24,1,2,138,1605,1367
640905,1,2,1,1,1,2,,3,1,,6409,5,25,1,1,144,1696,2404
641004,2,4,1,2,,1,1,4,1,,6410,4,13,3,5,68,926,4627
641113,3,4,1,2,,1,1,6,1,,6411,13,6,4,3,33,395,576
641204,1,3,0,2,,2,,1,1,,6412,4,9,1,4,49,613,4248
641305,2,4,1,1,1,1,1,1,1,,6413,5,22,2,3,127,1487,1951
641404,3,5,2,1,1,1,1,3,1,,6414,4,9,1,4,50,739,2800
641515,2,4,1,2,,2,,3,1,,6415,15,10,4,1,52,769,1449
641605,1,3,1,2,,1,1,5,1,,6416,5,23,1,6,132,1556,1226
641705,1,3,1,2,,2,,1,1,,6417,5,21,1,5,120,1427,4872
641820,1,2,1,2,,2,,3,1,,6418,20,28,4,2,160,1848,1343
641901,2,5,2,1,1,1,1,2,1,,6419,1,17,1,5,99,1207,1405
642002,2,4,0,2,,2,,4,1,,6420,2,24,4,2,136,1590,1225
642102,3,4,1,2,,1,1,4,1,,6421,2,24,1,2,139,1622,1404
642202,3,5,1,1,1,1,1,4,1,,6422,2,28,1,2,163,1947,1572
642303,3,6,2,1,1,1,1,4,1,,6423,3,9,2,4,48,567,4308
642401,2,3,1,1,2,2,,4,1,,6424,1,28,1,2,162,1908,1446
642519,1,2,1,2,,1,1,2,1,,6425,19,7,4,6,39,451,3817
642605,2,6,1,1,1,1,1,3,1,,6426,5,5,1,2,30,324,1771
642701,3,5,1,1,1,1,1,1,1,,6427,1,28,1,2,162,1884,1659
642802,3,7,4,1,5,1,1,6,1,,6428,2,9,1,4,50,708,3458
642902,3,4,1,2,,1,1,3,1,,6429,2,9,1,4,50,710,3442
643003,5,9,3,1,2,1,1,3,1,,6430,3,24,1,2,139,1635,1284
643102,2,3,1,1,1,1,1,6,1,,6431,2,13,1,5,72,942,2549
643215,2,3,1,2,,2,,2,1,,6432,15,25,4,1,143,1683,811
643302,3,4,1,2,,1,1,7,1,,6433,2,14,1,3,78,975,10894
643403,2,3,1,2,,1,1,3,1,,6434,3,21,1,5,121,1442,3818
643509,2,3,1,2,,2,,1,1,,6435,9,29,4,5,167,1975,636
643601,3,4,1,2,,1,1,6,1,,6436,1,19,3,2,105,1255,1919
643701,4,9,3,1,3,1,1,5,1,,6437,1,30,1,5,177,2080,10259
643802,2,4,1,2,,1,1,2,1,,6438,2,25,1,1,145,1716,2453
643902,3,5,2,1,2,1,1,4,1,,6439,2,1,1,3,6,57,1148
644002,2,6,1,2,,1,1,1,1,,6440,2,26,1,1,150,1762,2283
644105,4,6,2,1,1,1,1,5,1,,6441,5,4,1,6,23,248,707
644204,2,3,1,1,1,1,1,3,1,,6442,4,1,1,3,5,30,1382
644301,1,2,1,2,,1,1,2,1,,6443,1,14,1,3,78,982,8224
644409,2,5,2,1,1,1,1,3,1,,6444,9,6,3,3,32,391,636
644502,3,6,2,2,,1,1,5,1,,6445,2,26,1,1,152,1805,1980
644606,2,3,0,2,,2,,7,1,,6446,6,7,4,6,39,456,3330
644717,1,2,1,2,,2,,2,1,,6447,17,26,3,1,147,1735,2939
644818,1,2,1,2,,2,,3,1,,6448,18,32,4,3,187,2149,1504
644901,3,4,1,1,2,1,1,5,1,,6449,1,22,1,3,127,1492,1817
645008,2,3,1,1,1,1,1,4,1,,6450,8,19,2,2,105,1251,2799
645103,2,3,1,2,,1,1,3,1,,6451,3,23,1,6,132,1529,2051
645216,1,4,1,1,1,1,2,2,1,,6452,16,25,4,1,143,1681,2188
645303,1,4,1,2,,2,,1,1,,6453,3,32,3,3,185,2138,1543
645405,2,3,1,1,1,1,1,3,1,,6454,5,24,1,2,139,1649,1058
645502,1,3,1,2,,2,,1,1,,6455,2,26,4,1,149,1742,1939
645603,3,6,1,2,,2,,4,1,,6456,3,32,4,3,187,2145,1691
645714,2,4,1,2,,2,,3,1,,6457,14,18,3,3,100,1214,1363
645803,1,1,1,1,1,1,2,2,1,,6458,3,24,2,2,135,1582,2162
645904,2,3,2,2,,1,1,3,1,,6459,4,31,2,6,179,2090,1761
646018,3,7,2,2,,1,1,6,1,,6460,18,1,2,3,1,3,848
646101,2,5,1,1,2,1,1,2,1,,6461,1,8,1,1,45,535,2768
646209,1,1,1,2,,2,,1,1,,6462,9,7,3,6,37,443,3934
646317,3,5,2,1,1,1,1,4,1,,6463,17,16,3,3,88,1111,4301
646403,3,5,3,1,2,1,1,5,1,,6464,3,26,1,1,150,1750,2617
646502,2,2,1,2,,1,1,4,1,,6465,2,31,4,6,180,2092,2522
646612,1,2,1,2,,2,,5,1,,6466,12,4,3,6,19,220,797
646705,1,2,1,1,1,1,1,3,1,,6467,5,3,1,1,17,183,709
646803,3,5,2,1,1,1,2,6,1,,6468,3,20,4,6,112,1386,3430
646905,1,2,1,1,1,1,1,2,1,,6469,5,15,1,5,85,1049,11347
647018,3,4,1,1,2,1,1,3,1,,6470,18,30,4,5,174,2048,4995
647105,2,4,2,1,1,2,,5,1,,6471,5,30,4,5,174,2047,5218
647202,3,4,2,1,2,1,1,4,1,,6472,2,11,1,3,60,875,6097
647305,3,4,2,2,,2,,4,1,,6473,5,18,1,3,103,1233,1075
647405,2,4,1,2,,1,1,3,1,,6474,5,19,1,2,107,1329,2780
647504,2,2,1,2,,1,1,5,1,,6475,4,9,1,4,50,704,3500
647609,2,4,1,2,,1,1,4,1,,6476,9,18,3,3,100,1214,1363
647705,3,6,2,2,,1,1,2,1,,6477,5,10,1,1,54,818,1125
647806,1,4,1,1,1,1,1,2,1,,6478,6,5,2,2,27,276,1431
647919,3,3,1,2,,1,1,5,1,,6479,19,6,2,3,32,390,691
648005,3,5,2,2,,1,1,5,1,,6480,5,30,1,5,175,2056,5762
648105,1,2,2,2,,1,1,2,1,,6481,5,4,1,6,23,249,685
648202,1,4,1,1,2,1,1,2,1,,6482,2,19,2,2,106,1277,3200
648305,1,1,1,2,,2,,2,1,,6483,5,2,1,1,10,102,3128
648418,2,4,1,2,,1,1,3,1,,6484,18,30,3,5,172,2037,7808
648505,1,3,1,2,,1,1,2,1,,6485,5,28,1,2,162,1852,1684
648601,1,4,3,1,1,2,,1,1,,6486,1,17,1,5,98,1192,1313
648708,2,3,0,1,1,1,1,7,1,,6487,8,9,4,4,47,557,672
648801,2,4,1,2,,1,1,2,1,,6488,1,6,1,3,36,436,671
648902,2,4,1,1,1,1,1,6,1,,6489,2,25,4,1,143,1678,2442
649002,2,3,1,1,2,1,1,2,1,,6490,2,10,1,1,54,809,1306
649105,2,3,1,2,,2,,2,1,,6491,5,7,4,6,40,470,2286
649203,2,3,1,2,,1,1,1,1,,6492,3,6,1,3,35,428,749
649305,2,3,1,1,1,1,1,2,1,,6493,5,1,1,3,5,32,1371
649405,2,2,1,2,,1,1,4,1,,6494,5,15,1,5,85,1043,12201
649505,1,3,0,2,,2,,1,1,,6495,5,15,2,5,81,1016,19011
649602,2,3,1,2,,1,1,2,1,,6496,2,15,3,5,81,1013,21426
649704,1,4,1,2,,2,,1,1,,6497,4,14,3,3,75,959,21971
649804,3,7,2,1,4,1,1,5,1,,6498,4,3,1,1,16,176,611
649901,2,3,1,2,,1,1,2,1,,6499,1,1,1,3,4,18,1287
650004,2,5,1,1,1,1,1,3,1,,6500,4,13,2,5,69,929,3066
650102,2,4,1,2,,1,1,2,1,,6501,2,22,1,3,127,1480,2089
650209,1,2,1,2,,1,1,3,1,,6502,9,18,3,3,100,1210,1538
650302,2,2,1,2,,1,1,4,1,,6503,2,31,1,6,184,2127,2788
650401,2,3,1,2,,2,,2,1,,6504,1,25,4,1,143,1682,2124
650508,3,4,1,1,1,1,1,3,1,,6505,8,8,4,1,43,484,2372
650614,2,4,0,2,,1,1,3,1,,6506,14,27,4,6,155,1818,1651
650701,1,1,1,2,,1,1,3,1,,6507,1,12,1,6,64,891,3190
650809,2,3,1,2,,1,2,3,1,,6508,9,21,3,5,116,1408,6402
650920,2,4,2,1,2,1,1,3,1,,6509,20,14,2,3,75,966,3387
651005,2,4,1,1,1,1,1,5,1,,6510,5,19,1,2,106,1276,3217
651105,1,3,1,2,,2,,1,1,,6511,5,31,2,6,183,2120,1959
651202,3,5,1,2,,1,1,1,1,,6512,2,8,4,1,43,483,2387
651303,3,5,1,1,1,1,1,4,1,,6513,3,29,3,5,170,2024,990
651401,2,3,2,1,4,1,1,4,1,,6514,1,3,4,1,14,148,833
651514,3,5,1,1,1,1,1,3,1,,6515,14,31,3,6,179,2089,1807
651604,2,6,2,2,,1,1,1,1,,6516,4,22,1,3,128,1496,2397
651718,1,1,1,2,,2,,2,1,,6517,18,31,2,6,178,2085,2014
651820,2,4,2,1,2,2,,4,1,,6518,20,8,2,1,42,480,3631
651906,1,3,1,1,1,2,,2,1,,6519,6,17,4,5,95,1154,485
652003,2,4,1,1,1,2,,3,1,,6520,3,10,1,1,54,797,1406
652107,3,3,0,1,1,2,,3,1,,6521,7,7,4,6,39,452,3699
652205,2,3,1,2,,1,1,3,1,,6522,5,25,1,1,145,1706,2623
652301,2,3,1,1,1,1,1,4,1,,6523,1,3,1,1,17,180,746
652405,3,4,1,2,,1,1,5,1,,6524,5,18,1,3,103,1230,1147
652505,2,3,1,1,2,1,1,2,1,,6525,5,28,1,2,162,1894,1604
652603,1,5,1,2,,1,1,1,1,,6526,3,9,1,4,48,571,4158
652703,3,6,1,1,1,1,1,4,1,,6527,3,29,2,5,168,1977,1561
652803,1,4,1,1,2,1,1,2,1,,6528,3,26,2,1,147,1737,2630
652902,2,5,1,1,1,1,1,4,1,,6529,2,19,1,2,108,1345,3319
653005,1,1,1,2,,2,,2,1,,6530,5,12,1,6,64,890,4317
653106,3,4,2,1,1,2,,2,1,,6531,6,28,4,2,160,1845,1479
653204,1,6,3,1,1,1,1,2,1,,6532,4,19,1,2,108,1357,3220
653302,2,3,1,2,,1,1,4,1,,6533,2,3,1,1,18,208,736
653402,1,3,1,1,3,1,1,2,1,,6534,2,29,3,5,170,2017,1113
653503,1,3,1,1,1,2,,2,1,,6535,3,5,1,2,30,357,1426
653612,3,6,1,2,,2,,6,1,,6536,12,16,4,3,90,1115,3760
653703,3,4,2,1,1,2,,4,1,,6537,3,29,2,5,170,2023,991
653817,2,4,0,2,,2,,10,1,,6538,17,12,3,6,61,877,2869
653904,2,4,0,1,1,2,,3,1,,6539,4,20,3,6,110,1376,4727
654015,2,4,1,1,2,1,1,3,1,,6540,15,13,4,5,71,935,2985
654105,2,6,2,2,,2,,4,1,,6541,5,15,1,5,85,1059,9177
654202,2,4,1,1,1,1,1,3,1,,6542,2,14,1,3,79,993,7413
654304,2,4,1,2,,1,1,2,1,,6543,4,1,1,3,5,43,1062
654402,2,3,1,1,1,2,,1,1,,6544,2,16,4,3,90,1117,3299
654505,3,5,2,1,1,1,1,2,1,,6545,5,3,2,1,13,147,488
654605,2,3,3,1,1,1,1,4,1,,6546,5,24,1,2,140,1667,1236
654701,3,7,2,1,3,1,1,3,1,,6547,1,26,1,1,152,1793,2445
654805,2,5,2,1,1,1,1,2,1,,6548,5,15,1,5,86,1074,12314
654905,6,6,1,2,,2,,2,1,,6549,5,24,4,2,137,1600,973
655016,1,2,0,2,,1,1,2,1,,6550,16,12,4,6,63,887,2678
655104,1,1,0,2,,2,,4,1,,6551,4,17,4,5,96,1157,995
655201,3,5,1,1,1,1,1,1,1,,6552,1,8,1,1,46,539,4137
655302,3,3,2,1,2,1,1,5,1,,6553,2,14,1,3,78,974,11253
655404,4,6,2,1,2,1,1,6,1,,6554,4,9,1,4,50,722,3217
655502,2,3,1,2,,2,,1,1,,6555,2,19,2,2,105,1254,2584
655602,1,4,1,2,,1,1,1,1,,6556,2,19,1,2,106,1274,3242
655704,2,6,2,1,1,1,1,7,1,,6557,4,5,1,2,31,387,1648
655811,2,4,1,1,1,2,,2,1,,6558,11,32,4,3,187,2147,1565
655903,2,3,1,2,,1,1,4,1,,6559,3,30,4,5,174,2045,5770
656015,1,1,1,2,,1,1,3,1,,6560,15,30,2,5,172,2035,8713
656101,1,1,1,1,1,1,1,1,1,,6561,1,19,1,2,108,1360,3148
656204,1,2,1,2,,1,1,1,1,,6562,4,15,1,5,85,1051,11199
656304,2,4,2,2,,1,1,4,1,,6563,4,15,1,5,86,1069,12827
656403,1,1,1,2,,2,,1,1,,6564,3,9,1,4,49,641,3561
656501,2,3,1,2,,2,,6,1,,6565,1,8,4,1,43,485,1975
656601,2,3,1,2,,1,1,2,1,,6566,1,9,1,4,50,686,3772
656705,2,4,1,1,1,2,,4,1,,6567,5,5,1,2,30,359,1411
656802,1,2,1,2,,1,1,3,1,,6568,2,23,1,6,132,1542,1617
656905,2,2,1,2,,1,1,2,1,,6569,5,4,1,6,24,251,902
657002,2,8,2,1,1,1,1,3,1,,6570,2,24,1,2,138,1608,1310
657101,3,5,1,2,,1,1,3,1,,6571,1,9,1,4,49,647,3351
657203,1,4,1,1,1,1,1,5,1,,6572,3,32,1,3,189,2165,991
657312,1,5,1,2,,1,1,1,1,,6573,12,20,4,6,112,1387,3229
657417,2,3,0,2,,2,,3,1,,6574,17,7,4,6,39,448,4578
657516,2,3,1,2,,2,,2,1,,6575,16,13,3,5,67,922,1613
657601,1,4,2,1,1,1,1,2,1,,6576,1,5,1,2,31,384,1756
657703,3,6,2,1,1,1,1,3,1,,6577,3,11,1,3,60,875,6097
657803,5,6,3,1,1,1,1,6,1,,6578,3,1,1,3,5,35,1296
657905,4,5,3,1,1,1,1,6,2,2,6579,5,27,2,6,153,1812,2385
658017,2,4,0,2,,2,,1,1,,6580,17,24,4,2,136,1592,1094
658118,3,5,2,1,3,1,1,4,1,,6581,18,26,2,1,148,1739,2513
658203,3,4,2,1,1,1,1,3,1,,6582,3,6,4,3,33,394,835
658309,3,4,1,1,1,1,2,5,1,,6583,9,32,2,3,185,2141,1249
658405,2,3,1,1,1,1,1,4,1,,6584,5,25,1,1,146,1728,3474
658517,1,3,1,2,,2,,4,1,,6585,17,32,3,3,185,2138,1543
658603,2,3,1,2,,1,1,2,1,,6586,3,25,1,1,145,1715,2472
658709,5,6,1,1,1,1,1,5,2,2,6587,9,17,3,5,94,1149,880
658802,3,6,3,1,2,1,1,2,1,,6588,2,19,1,2,108,1355,3220
658905,2,3,1,1,2,1,1,3,1,,6589,5,25,1,1,145,1719,2356
659004,3,8,2,1,1,1,1,5,1,,6590,4,24,1,2,139,1642,1223
659109,1,2,1,2,,2,,7,1,,6591,9,23,4,6,130,1515,1790
659206,2,3,0,2,,1,1,5,1,,6592,6,16,3,3,88,1111,4301
659317,1,3,1,2,,2,,2,1,,6593,17,16,3,3,88,1108,4784
659411,2,2,1,2,,1,2,2,1,,6594,11,6,2,3,32,390,691
659512,2,3,3,2,,1,1,3,1,,6595,12,25,2,1,142,1677,2524
659617,3,5,1,1,3,1,1,4,1,,6596,17,13,4,5,71,936,2779
659701,2,3,0,2,,1,2,4,1,,6597,1,29,2,5,170,2021,1028
659801,2,4,1,2,,1,1,4,1,,6598,1,15,1,5,85,1031,13767
659904,2,3,1,2,,1,1,3,1,,6599,4,26,1,1,151,1771,2198
660001,2,3,1,2,,2,,2,1,,6600,1,30,2,5,172,2035,8713
660104,3,4,2,1,1,1,1,5,1,,6601,4,8,1,1,45,530,2985
660219,3,5,2,1,1,1,1,6,1,,6602,19,32,3,3,185,2138,1543
660305,3,4,1,2,,1,1,4,1,,6603,5,3,1,1,17,194,622
660401,3,5,2,1,1,2,,1,1,,6604,1,11,1,3,60,870,7327
660502,1,1,1,2,,1,1,5,1,,6605,2,14,1,3,78,973,11411
660604,2,4,1,1,2,1,1,3,1,,6606,4,15,3,5,85,1036,12920
660705,3,4,1,1,2,1,1,3,1,,6607,5,22,4,3,125,1466,2305
660805,2,4,2,1,1,1,1,2,1,,6608,5,9,1,4,50,747,2236
660901,1,3,1,2,,1,1,2,1,,6609,1,9,1,4,49,625,3906
661001,1,2,1,2,,1,1,3,1,,6610,1,3,1,1,17,190,665
661102,2,3,1,2,,1,1,5,1,,6611,2,28,1,2,161,1851,1956
661205,3,4,1,1,1,1,1,4,1,,6612,5,29,2,5,169,2001,1021
661307,1,1,1,2,,2,,2,1,,6613,7,11,3,3,56,832,4770
661401,1,2,2,1,1,2,,1,1,,6614,1,9,1,4,49,634,3710
661518,3,5,1,1,1,1,1,5,1,,6615,18,24,2,2,135,1585,1797
661605,2,4,1,2,,2,,3,1,,6616,5,25,3,1,141,1673,2778
661704,2,4,0,2,,1,1,7,1,,6617,4,4,3,6,20,223,797
661816,3,4,1,1,1,1,1,5,1,,6618,16,17,3,5,94,1147,952
661902,2,2,1,1,1,1,1,2,1,,6619,2,17,1,5,98,1188,1412
662020,2,3,1,1,1,1,2,4,1,,6620,20,22,4,3,125,1465,3729
662102,4,8,2,1,1,1,1,3,1,,6621,2,9,1,4,49,620,4040
662213,2,3,1,2,,1,1,4,1,,6622,13,3,3,1,13,146,496
662315,1,2,1,1,1,1,1,2,1,,6623,15,23,2,6,129,1514,2031
662401,3,3,1,1,3,1,1,5,1,,6624,1,2,1,1,10,108,2939
662503,1,1,1,2,,2,,1,1,,6625,3,28,1,2,162,1882,1669
662603,2,4,2,2,,1,1,2,1,,6626,3,27,1,6,157,1838,827
662713,2,4,1,2,,1,1,3,1,,6627,13,27,4,6,155,1823,414
662805,2,3,2,2,,1,1,5,1,,6628,5,14,1,3,80,1001,7856
662912,2,3,0,2,,2,,2,1,,6629,12,13,3,5,67,922,1613
663002,1,2,1,2,,1,1,3,1,,6630,2,23,1,6,132,1534,1839
663104,3,8,2,1,2,1,1,3,1,,6631,4,14,1,3,80,1005,7057
663201,1,2,0,2,,1,1,2,1,,6632,1,11,2,3,56,831,4889
663310,1,2,0,2,,2,,3,1,,6633,10,24,4,2,137,1598,1015
663401,2,4,2,1,1,1,1,5,1,,6634,1,12,1,6,66,908,3730
663501,2,3,1,2,,1,1,2,1,,6635,1,9,1,4,50,762,789
663606,2,2,0,2,,1,1,7,1,,6636,6,10,4,1,52,769,1449
663703,2,4,1,1,1,1,1,2,1,,6637,3,15,1,5,86,1072,12524
663801,4,6,2,2,,1,1,5,1,,6638,1,19,1,2,108,1363,3124
663905,3,5,2,1,1,1,1,3,1,,6639,5,11,1,3,59,863,5357
664001,1,3,1,2,,1,1,1,1,,6640,1,9,1,4,49,616,4160
664103,2,8,2,2,,1,1,2,1,,6641,3,19,1,2,108,1367,3017
664201,3,4,1,1,1,1,1,4,1,,6642,1,22,1,3,128,1498,2320
664305,2,4,1,1,1,2,,4,1,,6643,5,2,1,1,11,128,3011
664405,2,4,1,1,1,1,1,4,1,,6644,5,9,1,4,50,731,2977
664509,1,2,1,1,1,1,2,1,1,,6645,9,6,4,3,33,395,576
664601,3,6,2,2,,1,1,3,1,,6646,1,17,1,5,99,1208,1238
664702,2,3,1,1,1,1,1,2,1,,6647,2,2,1,1,10,121,2435
664816,3,5,2,1,1,1,1,3,1,,6648,16,5,2,2,27,275,1555
664905,2,3,1,1,4,1,1,3,1,,6649,5,3,1,1,18,217,637
665003,1,2,1,1,1,1,1,7,1,,6650,3,6,1,3,34,403,791
665120,3,6,3,1,2,1,1,5,1,,6651,20,6,3,3,32,391,636
665212,3,7,1,1,1,1,1,4,1,,6652,12,15,4,5,83,1023,11415
665301,4,6,2,1,2,1,1,3,1,,6653,1,1,1,3,6,49,1395
665403,2,7,4,2,,2,,2,1,,6654,3,29,2,5,166,1969,729
665505,2,5,2,1,1,1,1,6,1,,6655,5,1,3,3,1,1,3781
665617,2,2,1,1,2,1,1,3,1,,6656,17,19,2,2,105,1253,2656
665705,4,6,2,1,1,1,1,5,1,,6657,5,9,1,4,49,639,3584
665804,1,2,1,1,1,1,1,4,1,,6658,4,2,1,1,11,130,2969
665901,2,3,0,2,,2,,5,1,,6659,1,16,4,3,89,1113,3018
666003,2,5,2,2,,1,1,3,1,,6660,3,5,1,2,31,387,1648
666101,2,4,1,2,,1,1,2,1,,6661,1,30,1,5,176,2074,5687
666215,2,3,1,2,,2,,2,1,,6662,15,14,4,3,77,970,8757
666305,3,5,3,2,,1,1,5,1,,6663,5,23,1,6,132,1545,1545
666402,1,4,1,2,,1,1,1,1,,6664,2,22,1,3,127,1483,2002
666503,2,3,1,2,,2,,3,1,,6665,3,19,1,2,106,1293,2525
666601,2,4,2,2,,1,1,2,1,,6666,1,24,1,2,139,1645,1196
666713,1,3,1,1,1,2,,2,1,,6667,13,20,4,6,112,1386,3430
666804,1,3,1,2,,2,,1,1,,6668,4,4,3,6,19,221,707
666905,2,4,1,2,,1,1,2,1,,6669,5,13,1,5,74,956,2824
667012,1,3,1,1,1,1,1,2,1,,6670,12,6,2,3,32,390,691
667102,2,6,2,1,1,1,1,2,1,,6671,2,13,1,5,72,941,2736
667214,3,4,2,1,2,1,1,5,1,,6672,14,25,2,1,142,1677,2524
667312,3,4,1,1,4,1,1,4,1,,6673,12,2,4,1,8,63,1922
667401,2,3,1,2,,1,1,3,1,,6674,1,9,1,4,49,653,3183
667501,1,2,1,2,,1,1,2,1,,6675,1,9,1,4,49,611,4288
667619,2,5,2,2,,1,1,3,1,,6676,19,32,4,3,187,2147,1565
667704,2,4,1,2,,1,1,6,1,,6677,4,21,3,5,115,1405,6115
667816,3,4,2,1,2,1,1,4,1,,6678,16,28,4,2,160,1845,1479
667901,2,4,2,1,1,1,1,2,1,,6679,1,16,1,3,93,1137,4450
668009,2,3,1,2,,2,,4,1,,6680,9,30,2,5,172,2036,7817
668103,2,4,1,2,,1,1,2,1,,6681,3,9,1,4,50,710,3442
668201,1,2,0,2,,1,1,3,1,,6682,1,12,4,6,63,889,2449
668319,2,2,0,2,,2,,5,1,,6683,19,30,4,5,173,2044,4268
668404,5,8,1,1,1,1,1,3,1,,6684,4,3,1,1,17,197,604
668505,2,4,1,2,,1,1,5,1,,6685,5,31,2,6,178,2085,2014
668602,3,4,1,2,,1,1,4,1,,6686,2,24,1,2,138,1610,1269
668704,1,2,1,2,,2,,5,1,,6687,4,21,3,5,120,1420,5804
668803,3,3,2,2,,2,,2,1,,6688,3,19,1,2,106,1263,3596
668901,1,2,1,1,1,1,1,4,1,,6689,1,25,1,1,146,1727,3564
669006,1,3,0,2,,1,1,2,1,,6690,6,24,4,2,136,1590,1225
669102,1,2,2,2,,1,1,2,1,,6691,2,13,3,5,68,925,5432
669201,2,3,1,2,,1,1,4,1,,6692,1,17,3,5,98,1183,1674
669310,2,7,1,1,1,1,1,3,1,,6693,10,11,4,3,57,837,4691
669409,1,3,0,2,,2,,9,1,,6694,9,7,4,6,39,456,3330
669503,1,3,1,1,1,1,1,2,1,,6695,3,4,1,6,24,258,746
669603,3,4,1,2,,2,,2,1,,6696,3,2,1,1,9,76,3158
669705,2,4,1,1,1,1,1,2,1,,6697,5,8,1,1,44,490,3184
669816,1,1,0,2,,2,,2,1,,6698,16,27,4,6,155,1820,1502
669903,4,6,2,1,1,1,1,2,1,,6699,3,3,1,1,15,158,561
670010,1,1,1,2,,2,,1,1,,6700,10,30,4,5,173,2042,4624
670105,2,6,1,2,,1,1,1,1,,6701,5,30,1,5,176,2066,7348
670204,2,3,1,2,,2,,5,1,,6702,4,3,1,1,15,151,748
670302,3,5,1,2,,1,1,1,1,,6703,2,2,1,1,9,76,3158
670415,3,5,1,1,2,2,,2,1,,6704,15,12,4,6,63,888,2579
670516,3,7,1,1,1,1,1,4,1,,6705,16,1,2,3,2,6,392
670616,1,3,0,1,1,2,,1,1,,6706,16,24,4,2,137,1598,1015
670713,1,3,1,2,,1,1,2,1,,6707,13,32,4,3,187,2149,1504
670804,2,3,1,1,1,1,1,3,1,,6708,4,3,1,1,17,193,632
670902,3,5,1,2,,1,1,3,1,,6709,2,9,1,4,49,678,1000
671003,3,6,2,1,3,1,1,4,1,,6710,3,5,1,2,30,333,1615
671105,2,4,2,1,1,1,1,3,1,,6711,5,30,4,5,174,2045,5770
671202,2,5,1,2,,1,1,3,1,,6712,2,9,1,4,49,649,3262
671312,4,6,2,1,1,1,1,6,1,,6713,12,22,3,3,123,1461,2454
671418,2,5,1,1,1,2,,1,1,,6714,18,1,4,3,3,8,1437
671511,2,5,1,2,,1,1,2,1,,6715,11,13,3,5,67,921,1645
671611,2,3,1,2,,2,,1,1,,6716,11,5,2,2,26,274,1433
671702,2,5,2,1,2,1,1,3,1,,6717,2,6,1,3,36,433,666
671819,3,5,1,2,,2,,5,1,,6718,19,8,4,1,43,483,2387
671901,2,3,2,2,,1,1,1,1,,6719,1,17,1,5,98,1195,1209
672003,2,3,1,2,,2,,3,1,,6720,3,31,4,6,180,2092,2522
672112,3,4,0,2,,2,,9,1,,6721,12,7,4,6,39,452,3699
672205,3,7,2,1,1,1,1,3,1,,6722,5,28,1,2,163,1933,1734
672317,2,3,1,2,,2,,2,1,,6723,17,31,4,6,180,2091,2598
672405,3,5,1,1,2,1,1,4,1,,6724,5,25,3,1,141,1675,2587
672519,3,6,1,1,1,1,1,4,1,,6725,19,27,4,6,155,1820,1502
672604,2,3,1,2,,1,1,3,1,,6726,4,9,1,4,48,586,3644
672712,1,7,5,1,1,1,1,1,1,,6727,12,27,4,6,155,1818,1651
672821,1,1,0,2,,2,,1,1,,6728,21,7,4,6,39,456,3330
672902,3,3,2,2,,1,1,5,1,,6729,2,9,1,4,50,679,4295
673005,3,4,1,1,1,1,1,4,1,,6730,5,16,2,3,88,1109,4626
673105,2,3,1,2,,1,1,2,1,,6731,5,9,1,4,50,762,789
673218,2,4,0,1,1,1,1,4,1,,6732,18,30,4,5,174,2046,5443
673301,2,4,1,1,1,1,1,5,1,,6733,1,15,1,5,85,1042,12302
673404,2,4,1,1,1,1,1,1,1,,6734,4,28,1,2,163,1913,2036
673504,1,3,1,2,,1,1,1,1,,6735,4,11,1,3,59,867,4931
673603,2,4,1,1,1,1,1,3,1,,6736,3,9,1,4,50,690,3715
673701,1,4,2,1,1,1,1,2,1,,6737,1,19,1,2,108,1344,3343
673805,2,3,1,1,1,1,1,4,1,,6738,5,15,1,5,87,1097,11460
673903,2,2,0,2,,2,,7,1,,6739,3,12,1,6,64,893,2857
674018,1,3,1,2,,1,1,1,1,,6740,18,7,4,6,39,453,3363
674105,2,3,1,2,,2,,3,1,,6741,5,19,1,2,106,1257,3722
674205,1,5,2,2,,1,1,2,1,,6742,5,26,1,1,152,1795,2279
674305,2,3,1,1,1,1,1,3,1,,6743,5,4,1,6,25,270,631
674405,5,5,1,1,2,1,1,4,1,,6744,5,30,1,5,176,2072,5849
674505,3,4,0,2,,2,,1,1,,6745,5,25,4,1,143,1683,811
674603,1,1,0,2,,2,,3,1,,6746,3,31,3,6,178,2084,2239
674702,4,5,2,1,1,1,1,3,1,,6747,2,32,4,3,187,2144,1720
674802,3,7,3,1,1,1,1,5,1,,6748,2,18,1,3,103,1238,973
674901,1,2,1,2,,2,,1,1,,6749,1,30,1,5,175,2056,5762
675007,2,4,1,2,,2,,5,1,,6750,7,21,4,5,118,1415,5024
675105,1,3,1,1,1,1,1,2,1,,6751,5,13,1,5,74,954,3012
675201,2,3,1,2,,1,1,4,1,,6752,1,11,1,3,59,859,6264
675309,1,3,1,2,,1,1,2,1,,6753,9,31,3,6,179,2089,1807
675402,2,3,1,1,4,1,1,3,1,,6754,2,31,3,6,179,2088,1811
675504,1,3,1,2,,1,1,2,1,,6755,4,22,1,3,126,1469,2385
675603,3,5,2,1,2,1,1,4,1,,6756,3,5,1,2,30,336,1549
675703,2,4,1,1,2,1,1,6,1,,6757,3,3,1,1,16,167,688
675813,1,2,1,1,1,1,1,2,1,,6758,13,12,2,6,61,876,2994
675909,2,3,1,1,2,1,1,4,1,,6759,9,2,3,1,7,61,3848
676004,3,8,2,1,1,1,1,3,1,,6760,4,21,1,5,121,1442,3818
676103,1,3,1,1,1,1,2,6,1,,6761,3,26,1,1,150,1753,2595
676202,2,3,0,2,,1,1,3,1,,6762,2,9,1,4,48,568,4282
676307,2,3,1,1,1,1,1,4,1,,6763,7,5,2,2,26,273,1479
676402,3,5,1,2,,1,1,3,1,,6764,2,17,1,5,99,1203,1638
676504,2,5,1,2,,1,1,3,1,,6765,4,13,1,5,72,942,2549
676604,1,3,2,1,1,2,,2,1,,6766,4,14,3,3,75,962,15240
676707,1,1,0,2,,2,,3,1,,6767,7,4,4,6,21,225,1029
676804,1,3,2,1,1,1,1,3,1,,6768,4,32,1,3,189,2165,991
676906,1,2,1,2,,1,1,2,1,,6769,6,13,4,5,71,936,2779
677003,2,3,1,2,,1,1,2,1,,6770,3,13,2,5,68,924,5515
677103,2,8,1,1,1,1,1,5,1,,6771,3,29,3,5,169,1997,1038
677205,1,4,1,1,1,1,1,5,1,,6772,5,5,1,2,29,323,1407
677305,1,2,0,2,,2,,4,1,,6773,5,23,1,6,131,1522,1788
677414,1,5,2,2,,2,,2,1,,6774,14,24,4,2,137,1595,1121
677507,2,4,2,2,,2,,3,1,,6775,7,20,4,6,112,1386,3430
677619,3,5,2,1,1,1,1,5,1,,6776,19,32,4,3,187,2144,1720
677703,2,8,4,1,2,1,1,3,1,,6777,3,14,1,3,80,1008,6695
677803,3,4,1,2,,2,,7,1,,6778,3,32,1,3,188,2152,1515
677919,2,5,1,1,1,1,1,5,1,,6779,19,1,4,3,3,7,1634
678005,2,3,1,2,,1,1,2,1,,6780,5,2,1,1,9,91,2460
678115,3,5,1,2,,2,,2,1,,6781,15,4,4,6,21,229,690
678206,2,4,2,1,2,1,1,6,1,,6782,6,5,4,2,28,277,1380
678313,2,4,1,2,,2,,5,1,,6783,13,30,4,5,173,2039,5218
678409,2,4,1,1,1,1,1,4,1,,6784,9,24,2,2,135,1585,1797
678519,2,3,1,2,,2,,2,1,,6785,19,13,3,5,67,919,1831
678605,3,5,2,1,1,1,1,4,1,,6786,5,24,1,2,140,1665,1261
678705,1,2,0,2,,2,,7,1,,6787,5,20,3,6,109,1373,2841
678802,2,3,1,1,1,1,2,4,1,,6788,2,26,1,1,151,1764,2117
678902,2,4,1,1,1,1,1,2,1,,6789,2,19,1,2,107,1307,3227
679003,1,3,2,1,1,1,1,2,1,,6790,3,9,1,4,50,679,4295
679102,3,3,1,2,,1,1,6,1,,6791,2,22,1,3,127,1485,1964
679205,2,4,1,1,1,1,1,1,1,,6792,5,23,1,6,134,1580,1129
679301,2,3,1,1,1,1,1,4,1,,6793,1,30,1,5,175,2062,5212
679402,2,4,1,1,1,1,1,2,1,,6794,2,5,1,2,30,342,1519
679506,3,6,2,1,2,1,1,5,1,,6795,6,17,3,5,94,1148,943
679604,2,3,1,2,,2,,4,1,,6796,4,7,4,6,39,450,4023
679703,2,4,1,1,1,1,1,4,1,,6797,3,24,1,2,138,1614,1185
679817,4,5,1,2,,2,,2,1,,6798,17,24,2,2,135,1582,2162
679903,2,3,1,1,1,1,1,3,1,,6799,3,26,1,1,151,1773,2173
680004,3,5,2,1,1,1,1,4,1,,6800,4,21,1,5,121,1434,4829
680118,3,4,1,2,,1,1,7,2,2,6801,18,16,4,3,89,1112,3033
680214,2,3,1,1,1,1,1,4,1,,6802,14,1,4,3,3,8,1437
680304,2,2,3,2,,1,1,3,1,,6803,4,12,1,6,65,899,2951
680403,2,3,1,2,,1,1,1,1,,6804,3,19,1,2,106,1283,3163
680505,3,6,1,2,,1,1,8,1,,6805,5,19,1,2,107,1306,3229
680602,2,5,1,2,,1,1,3,1,,6806,2,19,1,2,107,1327,2924
680702,2,3,1,2,,2,,1,1,,6807,2,26,1,1,151,1788,1815
680801,3,5,2,1,2,1,1,3,1,,6808,1,2,1,1,11,137,2455
680913,2,3,0,2,,2,,3,1,,6809,13,15,4,5,83,1024,5447
681004,3,11,3,1,2,1,1,4,1,,6810,4,21,1,5,122,1451,4613
681101,3,4,2,1,2,1,1,6,1,,6811,1,1,1,3,5,28,1464
681204,2,2,0,2,,2,,3,1,,6812,4,8,1,1,44,500,2795
681301,3,5,1,1,1,1,1,2,1,,6813,1,8,1,1,45,530,2985
681404,1,3,1,2,,1,1,2,1,,6814,4,9,1,4,48,581,3904
681504,3,4,1,2,,1,1,5,1,,6815,4,10,1,1,55,824,1339
681605,2,5,1,2,,1,1,2,1,,6816,5,4,1,6,24,261,646
681701,3,4,1,1,1,1,1,4,1,,6817,1,20,4,6,113,1393,3021
681805,3,6,2,1,1,1,1,1,1,,6818,5,14,1,3,80,1003,7520
681914,3,4,1,1,1,1,2,4,1,,6819,14,13,4,5,71,936,2779
682004,2,4,1,1,1,1,1,2,1,,6820,4,17,2,5,94,1150,835
682102,3,5,1,2,,1,1,3,1,,6821,2,5,1,2,30,351,1464
682201,2,3,0,1,1,2,,2,1,,6822,1,29,3,5,169,1986,1167
682301,3,5,1,1,1,1,1,1,1,,6823,1,18,3,3,100,1211,1520
682401,2,4,1,1,1,1,1,4,1,,6824,1,26,1,1,151,1788,1815
682507,1,4,1,1,1,2,,1,1,,6825,7,13,2,5,68,927,1392
682605,3,4,2,1,1,1,1,7,1,,6826,5,3,1,1,17,197,604
682706,2,4,0,2,,2,,2,1,,6827,6,24,4,2,137,1595,1121
682803,2,3,1,1,2,1,2,2,1,,6828,3,5,1,2,29,301,1649
682902,3,5,2,1,1,1,1,4,2,2,6829,2,9,1,4,50,748,2232
683003,1,2,1,2,,1,1,2,1,,6830,3,15,1,5,85,1058,9709
683103,3,4,2,1,3,1,1,4,1,,6831,3,11,1,3,60,870,7327
683201,2,4,1,1,1,1,1,6,1,,6832,1,28,1,2,163,1930,1754
683301,1,3,1,2,,2,,2,1,,6833,1,19,1,2,107,1302,3301
683402,2,3,2,2,,1,1,4,1,,6834,2,3,1,1,16,173,619
683503,2,4,1,1,1,1,1,3,1,,6835,3,9,1,4,50,709,3450
683605,1,2,0,2,,2,,4,1,,6836,5,20,1,6,113,1391,3166
683703,1,3,1,2,,1,1,1,1,,6837,3,28,1,2,163,1938,1707
683805,1,3,1,1,1,1,1,4,1,,6838,5,2,1,1,10,104,3024
683902,3,4,2,2,,1,2,5,1,,6839,2,5,1,2,30,328,1671
684003,1,2,1,2,,2,,2,1,,6840,3,11,4,3,57,834,19030
684103,2,2,2,2,,1,1,4,1,,6841,3,29,2,5,166,1972,586
684214,2,3,1,1,1,2,,4,1,,6842,14,32,4,3,187,2145,1691
684302,1,3,2,2,,2,,1,1,,6843,2,1,2,3,2,6,392
684402,1,2,1,2,,1,1,1,1,,6844,2,13,3,5,67,917,1831
684504,2,4,1,1,2,1,1,3,1,,6845,4,8,1,1,46,548,3089
684604,3,4,1,2,,2,,2,1,,6846,4,9,1,4,48,587,3640
684704,2,3,1,2,,1,1,1,1,,6847,4,16,1,3,91,1120,4396
684805,3,6,2,1,1,1,1,3,1,,6848,5,28,1,2,162,1868,1768
684902,2,6,2,1,1,1,1,2,1,,6849,2,9,1,4,50,717,3323
685003,1,2,1,1,2,1,1,1,1,,6850,3,2,1,1,10,113,2846
685103,2,4,1,2,,1,1,2,1,,6851,3,28,1,2,162,1868,1768
685202,2,3,1,1,1,1,1,5,1,,6852,2,28,3,2,159,1844,2105
685305,2,3,1,2,,1,1,2,1,,6853,5,13,2,5,67,918,1831
685408,3,4,1,1,2,1,1,4,1,,6854,8,2,2,1,7,60,4118
685503,2,3,1,1,1,1,1,3,1,,6855,3,26,1,1,151,1764,2117
685607,4,5,1,1,1,2,,6,1,,6856,7,18,4,3,101,1219,985
685715,2,3,1,1,1,1,1,1,1,,6857,15,24,4,2,137,1597,1065
685801,4,6,2,1,2,1,1,2,1,,6858,1,28,1,2,163,1920,1850
685901,2,5,2,1,2,1,1,5,1,,6859,1,12,1,6,65,900,2894
686017,1,2,0,2,,2,,6,2,2,6860,17,7,3,6,37,442,5052
686103,2,5,2,1,1,1,1,2,1,,6861,3,5,1,2,30,363,1343
686214,4,6,1,1,2,1,1,5,1,,6862,14,26,2,1,148,1738,2836
686304,3,7,2,1,2,1,1,7,1,,6863,4,15,3,5,85,1053,10752
686401,3,5,1,2,,1,1,4,1,,6864,1,17,1,5,98,1193,1296
686511,4,6,2,1,2,1,1,3,1,,6865,11,31,2,6,179,2090,1761
686602,3,4,2,1,1,1,1,3,1,,6866,2,20,1,6,114,1399,3340
686719,3,4,1,2,,2,,4,1,,6867,19,17,4,5,96,1157,995
686801,1,1,0,2,,1,2,1,1,,6868,1,12,3,6,61,878,2843
686901,1,2,1,2,,1,1,2,1,,6869,1,19,1,2,108,1353,3246
687002,3,5,1,1,1,1,1,2,1,,6870,2,26,1,1,151,1778,2117
687105,3,5,1,2,,1,1,2,1,,6871,5,21,1,5,120,1429,4036
687202,2,3,1,1,1,1,1,1,1,,6872,2,5,1,2,29,314,1567
687314,2,5,1,1,1,1,1,3,1,,6873,14,10,4,1,52,772,1285
687404,3,5,1,1,1,1,1,5,1,,6874,4,22,1,3,128,1508,2001
687504,1,5,1,2,,1,1,1,1,,6875,4,26,1,1,151,1787,1971
687616,1,1,0,2,,2,,1,1,,6876,16,31,3,6,178,2084,2239
687712,2,3,1,2,,1,1,4,1,,6877,12,23,2,6,129,1514,2031
687803,1,3,1,2,,1,1,4,1,,6878,3,24,1,2,138,1617,1097
687905,2,3,0,1,1,1,1,3,1,,6879,5,9,1,4,48,578,3996
688003,3,6,1,1,2,1,1,4,1,,6880,3,8,1,1,46,543,3376
688101,2,4,1,2,,1,1,4,1,,6881,1,13,4,5,71,935,2985
688205,3,5,2,1,3,1,1,3,1,,6882,5,5,1,2,30,325,1726
688301,2,4,1,1,1,1,1,4,1,,6883,1,9,3,4,48,562,4673
688407,1,4,3,2,,2,,4,1,,6884,7,7,2,6,37,444,3822
688504,1,3,1,1,1,2,,1,1,,6885,4,5,1,2,29,288,1753
688601,6,10,2,1,1,1,1,7,1,,6886,1,17,3,5,94,1145,3653
688702,2,4,1,1,1,1,1,2,1,,6887,2,32,3,3,185,2138,1543
688801,3,5,1,2,,1,1,4,1,,6888,1,5,1,2,29,313,1581
688901,2,3,1,1,1,1,1,5,1,,6889,1,11,4,3,57,835,5223
689002,2,3,1,1,1,1,1,1,1,,6890,2,17,2,5,99,1205,1560
689104,3,5,1,1,1,2,,1,1,,6891,4,8,1,1,44,503,2774
689203,1,2,1,2,,1,1,5,1,,6892,3,19,1,2,106,1258,3685
689312,1,2,1,1,1,2,,2,1,,6893,12,32,4,3,187,2146,1688
689419,2,3,1,2,,2,,3,1,,6894,19,30,4,5,174,2046,5443
689502,2,3,1,2,,1,1,4,1,,6895,2,3,1,1,18,219,172
689603,1,2,1,1,1,2,,2,1,,6896,3,21,1,5,119,1418,3737
689705,2,3,1,1,1,1,1,3,1,,6897,5,14,1,3,80,1007,6826
689801,2,3,1,2,,1,1,2,1,,6898,1,23,1,6,132,1529,2051
689909,3,4,1,2,,2,,7,1,,6899,9,25,4,1,143,1680,2209
690004,2,2,1,2,,1,1,4,1,,6900,4,15,1,5,86,1082,9451
690102,1,1,1,2,,2,,2,1,,6901,2,18,2,3,100,1209,1651
690204,2,4,3,2,,1,1,3,1,,6902,4,9,1,4,50,756,1305
690305,1,5,2,1,1,1,1,2,1,,6903,5,9,1,4,50,740,2798
690407,3,5,3,2,,1,1,5,2,2,6904,7,27,4,6,155,1822,916
690505,2,4,1,2,,1,1,5,1,,6905,5,17,3,5,94,1145,3653
690604,5,8,4,1,1,1,1,9,2,2,6906,4,24,1,2,139,1645,1196
690701,2,3,0,2,,2,,3,1,,6907,1,6,1,3,34,405,769
690804,1,2,1,1,1,1,1,2,1,,6908,4,13,4,5,73,952,2375
690905,2,3,1,1,1,1,1,4,1,,6909,5,25,1,1,145,1709,2581
691019,3,5,1,1,1,2,,1,1,,6910,19,8,4,1,43,482,3070
691101,3,5,0,2,,2,,5,1,,6911,1,20,4,6,111,1383,3212
691216,2,3,0,2,,1,2,3,1,,6912,16,11,4,3,57,837,4691
691303,1,3,1,2,,1,1,1,1,,6913,3,9,1,4,49,673,1454
691408,3,4,1,2,,1,1,4,1,,6914,8,10,3,1,51,766,1365
691516,1,2,1,1,2,2,,1,1,,6915,16,8,4,1,43,482,3070
691603,1,2,1,2,,1,1,4,1,,6916,3,9,1,4,48,570,4237
691705,2,4,1,1,1,2,,4,2,2,6917,5,28,4,2,160,1846,1388
691810,1,2,0,2,,2,,1,1,,6918,10,30,4,5,173,2043,4521
691905,1,2,1,2,,2,,2,1,,6919,5,8,1,1,44,514,2406
692005,1,2,1,2,,1,1,1,1,,6920,5,24,1,2,138,1612,1244
692105,2,3,1,1,2,1,1,2,1,,6921,5,6,1,3,35,426,769
692210,2,3,2,1,1,1,1,2,1,,6922,10,18,2,3,100,1209,1651
692304,2,4,1,2,,1,1,3,1,,6923,4,28,1,2,162,1861,1888
692411,4,5,1,1,1,1,1,6,1,,6924,11,13,4,5,70,932,2540
692504,2,4,1,1,1,1,1,4,1,,6925,4,8,1,1,45,534,2917
692602,3,4,2,1,2,1,1,4,1,,6926,2,19,2,2,108,1369,2811
692701,2,3,0,2,,2,,5,1,,6927,1,7,4,6,39,448,4578
692801,2,5,1,1,1,1,1,2,1,,6928,1,8,1,1,46,541,3394
692908,2,3,1,2,,1,2,3,1,,6929,8,25,4,1,143,1682,2124
693005,2,3,1,2,,1,1,4,1,,6930,5,25,1,1,146,1731,3077
693118,1,2,0,2,,1,1,4,1,,6931,18,11,4,3,57,837,4691
693214,3,4,1,2,,1,1,5,1,,6932,14,18,2,3,100,1213,1488
693316,3,4,1,1,2,1,1,4,1,,6933,16,3,2,1,13,147,488
693402,2,3,1,2,,2,,2,1,,6934,2,14,1,3,78,978,9619
693501,1,2,1,1,1,2,,2,1,,6935,1,5,1,2,29,297,1665
693610,1,3,1,2,,2,,1,1,,6936,10,13,4,5,71,935,2985
693703,1,1,0,2,,1,1,1,1,,6937,3,20,3,6,109,1373,2841
693803,1,4,1,2,,1,1,2,1,,6938,3,17,1,5,97,1180,550
693904,2,6,2,1,1,1,1,1,1,,6939,4,9,1,4,50,747,2236
694002,2,5,1,1,2,1,1,3,1,,6940,2,9,1,4,50,734,2939
694102,2,3,1,1,1,2,,3,1,,6941,2,13,4,5,71,936,2779
694205,2,5,2,1,1,1,1,3,1,,6942,5,31,1,6,184,2136,2363
694301,1,5,1,2,,1,1,2,1,,6943,1,19,1,2,106,1263,3596
694404,1,1,1,1,1,2,,3,1,,6944,4,23,1,6,132,1551,1406
694505,3,8,0,2,,1,1,6,1,,6945,5,19,1,2,106,1293,2525
694601,3,4,1,1,1,1,1,4,1,,6946,1,8,1,1,44,514,2406
694716,2,3,1,1,3,1,1,6,1,,6947,16,3,2,1,12,143,609
694802,1,2,1,2,,1,1,2,1,,6948,2,10,1,1,53,779,1309
694905,2,2,1,1,2,1,1,4,1,,6949,5,28,1,2,162,1864,1822
695004,2,3,1,2,,2,,2,1,,6950,4,22,3,3,123,1462,2245
695105,2,2,1,1,1,1,1,2,1,,6951,5,10,1,1,54,799,1396
695203,3,7,2,1,1,1,1,2,1,,6952,3,22,1,3,128,1511,1952
695305,1,4,2,1,3,1,1,2,1,,6953,5,5,1,2,30,336,1549
695405,2,3,1,1,1,1,1,2,1,,6954,5,23,1,6,132,1543,1579
695506,3,3,1,1,2,1,1,6,1,,6955,6,24,2,2,135,1582,2162
695603,2,4,1,2,,1,1,2,1,,6956,3,28,2,2,162,1893,1611
695701,3,5,2,1,1,2,,2,1,,6957,1,25,1,1,146,1725,3652
695802,3,4,0,2,,2,,5,1,,6958,2,12,4,6,63,884,3037
695903,4,6,1,2,,1,1,3,1,,6959,3,24,1,2,138,1608,1310
696004,1,3,1,2,,1,1,1,1,,6960,4,10,1,1,54,815,1250
696102,1,2,0,2,,2,,2,1,,6961,2,7,4,6,39,453,3363
696210,3,4,0,2,,2,,6,2,2,6962,10,12,4,6,63,884,3037
696303,1,3,1,2,,1,1,1,1,,6963,3,19,2,2,105,1248,2799
696405,1,2,1,2,,2,,2,1,,6964,5,15,1,5,86,1068,12827
696504,2,5,2,2,,1,1,3,1,,6965,4,17,1,5,97,1180,550
696603,3,5,1,1,1,1,1,4,1,,6966,3,15,1,5,87,1093,12542
696718,2,3,1,2,,2,,4,1,,6967,18,13,4,5,70,931,3702
696801,2,3,1,1,1,1,1,2,1,,6968,1,3,1,1,18,209,732
696904,1,3,1,1,1,1,1,2,1,,6969,4,19,1,2,108,1364,3060
697005,2,5,1,2,,1,1,4,1,,6970,5,27,1,6,156,1829,1722
697101,1,3,1,1,2,1,1,3,1,,6971,1,28,1,2,164,1951,2175
697204,2,5,1,2,,1,1,3,1,,6972,4,19,1,2,107,1320,3082
697303,2,3,1,1,1,1,1,5,1,,6973,3,14,1,3,80,1007,6826
697410,2,5,1,1,1,1,1,3,1,,6974,10,9,4,4,47,557,672
697503,2,4,2,1,1,1,1,2,1,,6975,3,5,1,2,30,364,1340
697602,2,4,1,1,1,1,1,6,1,,6976,2,22,1,3,128,1505,2103
697713,2,3,0,1,1,1,1,4,1,,6977,13,21,4,5,117,1413,3844
697801,2,5,1,2,,1,1,2,1,,6978,1,21,1,5,121,1444,3619
697903,1,2,1,1,1,2,,1,1,,6979,3,6,1,3,35,417,879
698020,3,4,1,2,,1,1,4,1,,6980,20,11,2,3,56,831,4889
698102,3,4,2,1,2,1,1,1,1,,6981,2,26,1,1,152,1798,2202
698209,2,2,1,2,,1,1,4,1,,6982,9,29,4,5,167,1974,661
698304,1,2,1,2,,2,,1,1,,6983,4,28,1,2,162,1902,1538
698402,2,4,1,2,,1,1,2,1,,6984,2,30,4,5,174,2047,5218
698504,2,3,1,1,1,1,1,1,1,,6985,4,24,1,2,140,1669,1189
698615,1,1,0,2,,2,,1,1,,6986,15,13,4,5,70,933,2426
698720,2,3,0,2,,2,,7,1,,6987,20,7,4,6,39,455,3338
698801,2,4,1,2,,1,1,3,1,,6988,1,9,1,4,49,666,2907
698904,2,4,1,2,,1,1,6,1,,6989,4,31,2,6,178,2085,2014
699001,3,4,0,2,,2,,8,1,,6990,1,7,4,6,39,454,3356
699104,2,3,1,1,1,1,1,4,1,,6991,4,14,1,3,80,1004,7094
699205,2,5,1,1,2,1,1,3,1,,6992,5,31,1,6,184,2128,2779
699304,2,5,2,1,2,1,1,2,1,,6993,4,16,1,3,93,1140,3966
699408,3,4,1,1,1,1,1,4,1,,6994,8,32,4,3,187,2146,1688
699505,3,5,1,1,2,1,1,4,1,,6995,5,8,1,1,44,504,2767
699604,3,7,1,1,1,1,1,3,1,,6996,4,5,1,2,30,329,1661
699707,3,6,1,2,,1,1,7,1,,6997,7,10,4,1,52,772,1285
699803,2,2,1,2,,2,,1,1,,6998,3,11,1,3,58,853,4672
699902,3,5,2,1,1,1,1,4,1,,6999,2,19,1,2,108,1366,3020
700002,3,5,1,1,1,1,1,3,1,,7000,2,15,3,5,86,1065,13704
700103,1,5,2,1,1,1,1,1,1,,7001,3,5,1,2,30,350,1476
700203,1,2,1,2,,2,,3,1,,7002,3,13,4,5,71,935,2985
700306,2,3,1,2,,1,1,1,1,,7003,6,4,2,6,20,224,779
700402,2,4,1,2,,1,2,4,1,,7004,2,5,1,2,29,321,1456
700501,2,4,1,2,,1,1,1,1,,7005,1,24,1,2,139,1627,1341
700603,2,4,1,2,,2,,5,1,,7006,3,7,4,6,39,449,4091
700705,1,2,1,1,1,2,,3,1,,7007,5,2,1,1,9,82,2951
700802,1,3,1,1,2,1,1,3,1,,7008,2,8,1,1,44,506,2740
700917,1,2,0,2,,2,,2,1,,7009,17,13,4,5,70,932,2540
701001,1,1,1,2,,1,1,1,1,,7010,1,2,1,1,10,115,2825
701103,2,4,1,1,1,1,1,2,1,,7011,3,9,1,4,49,670,2177
701203,4,6,1,1,2,1,1,5,1,,7012,3,6,2,3,32,392,627
701301,2,5,1,2,,1,1,5,1,,7013,1,31,1,6,181,2094,2676
701403,2,3,1,2,,2,,6,1,,7014,3,11,3,3,56,830,5624
701502,2,3,1,2,,1,1,5,1,,7015,2,10,1,1,53,783,1277
701612,1,2,1,2,,2,,1,1,,7016,12,29,4,5,167,1975,636
701704,1,2,1,2,,2,,1,1,,7017,4,15,1,5,87,1093,12542
701805,3,6,4,1,3,1,1,4,1,,7018,5,19,1,2,108,1365,3022
701904,1,3,1,2,,1,1,2,1,,7019,4,19,1,2,107,1314,3142
702004,2,5,1,1,2,1,1,4,1,,7020,4,31,1,6,183,2123,1910
702116,2,4,0,2,,2,,1,1,,7021,16,29,3,5,166,1970,682
702202,3,5,1,2,,1,1,6,1,,7022,2,9,1,4,48,574,4103
702305,2,3,2,2,,1,1,3,1,,7023,5,23,1,6,132,1531,1998
702402,2,4,1,1,2,1,1,2,1,,7024,2,3,1,1,18,215,655
702501,1,2,1,1,1,1,2,3,1,,7025,1,5,1,2,30,326,1688
702606,2,4,1,2,,2,,6,1,,7026,6,16,4,3,90,1116,3460
702718,2,4,2,2,,2,,4,1,,7027,18,17,2,5,94,1150,835
702809,2,4,1,2,,1,1,4,1,,7028,9,24,4,2,137,1597,1065
702915,1,5,1,1,1,1,2,1,1,,7029,15,26,4,1,149,1742,1939
703005,2,4,1,1,3,1,1,2,1,,7030,5,24,1,2,139,1650,1051
703101,3,4,3,1,1,1,1,4,1,,7031,1,9,1,4,50,740,2798
703205,3,4,2,1,2,1,1,4,1,,7032,5,22,1,3,128,1510,1981
703310,3,4,1,1,1,1,1,4,1,,7033,10,12,3,6,61,878,2843
703404,1,2,0,2,,2,,2,1,,7034,4,14,4,3,77,970,8757
703520,2,2,1,2,,2,,5,1,,7035,20,25,4,1,143,1680,2209
703617,3,4,1,1,2,1,1,5,1,,7036,17,16,4,3,90,1114,10379
703701,4,6,2,1,1,2,,2,1,,7037,1,19,1,2,107,1306,3229
703805,3,4,1,1,2,1,1,4,1,,7038,5,19,1,2,108,1363,3124
703904,1,5,1,1,1,1,1,2,1,,7039,4,9,1,4,50,693,3642
704001,2,4,2,1,1,1,1,2,1,,7040,1,19,1,2,108,1350,3273
704101,1,2,1,1,1,2,,5,1,,7041,1,15,1,5,85,1059,9177
704216,4,6,1,1,2,1,2,5,1,,7042,16,13,3,5,67,920,1739
704301,2,3,1,2,,2,,2,1,,7043,1,13,1,5,72,942,2549
704416,2,3,0,2,,1,1,5,1,,7044,16,7,4,6,39,447,4920
704503,2,4,1,1,1,2,,4,1,,7045,3,27,4,6,154,1817,2285
704603,2,3,1,2,,2,,4,1,,7046,3,5,1,2,30,355,1437
704719,3,4,0,2,,1,1,3,1,,7047,19,24,4,2,136,1592,1094
704805,3,4,1,1,1,1,1,5,1,,7048,5,14,2,3,75,963,13690
704905,2,4,1,1,1,2,,2,1,,7049,5,24,1,2,138,1609,1304
705004,2,5,1,1,1,1,1,3,1,,7050,4,24,1,2,139,1636,1275
705119,1,3,0,2,,2,,2,1,,7051,19,20,4,6,111,1381,3504
705205,2,4,2,1,1,1,1,2,1,,7052,5,16,2,3,88,1106,5935
705301,6,9,4,1,2,1,1,6,1,,7053,1,21,2,5,120,1424,5239
705403,3,4,2,1,1,1,1,3,1,,7054,3,6,1,3,34,402,809
705511,3,3,1,2,,2,,2,1,,7055,11,12,4,6,63,885,2839
705605,1,4,1,2,,1,1,3,1,,7056,5,31,1,6,182,2102,1987
705710,2,5,1,2,,2,,1,1,,7057,10,13,3,5,67,921,1645
705805,2,4,1,2,,1,1,2,1,,7058,5,9,1,4,48,581,3904
705905,3,6,1,1,1,1,1,4,1,,7059,5,32,3,3,185,2140,1353
706002,2,4,1,1,1,1,1,3,1,,7060,2,8,1,1,45,522,3170
706102,2,4,1,1,1,1,1,3,1,,7061,2,18,2,3,103,1226,1221
706201,5,6,3,1,2,1,1,5,1,,7062,1,9,1,4,50,719,3305
706305,1,5,2,1,1,1,1,1,1,,7063,5,21,1,5,122,1451,4613
706401,2,3,1,1,1,1,1,2,1,,7064,1,19,1,2,107,1325,3020
706501,2,4,1,2,,1,1,4,2,2,7065,1,24,1,2,140,1655,1451
706602,4,5,1,2,,1,1,4,2,2,7066,2,16,1,3,92,1135,3838
706704,2,4,1,2,,2,,3,1,,7067,4,21,4,5,117,1410,5193
706814,2,4,2,1,1,1,1,2,1,,7068,14,32,3,3,185,2140,1353
706903,2,4,1,2,,1,1,2,1,,7069,3,30,1,5,175,2055,6159
707020,2,3,1,1,1,1,1,1,1,,7070,20,18,4,3,101,1216,1115
707103,1,2,1,2,,2,,2,1,,7071,3,9,1,4,48,575,4004
707208,1,2,1,2,,2,,2,1,,7072,8,24,2,2,135,1585,1797
707305,2,3,1,1,1,1,1,4,1,,7073,5,3,1,1,16,166,691
707416,3,4,1,1,1,1,1,5,1,,7074,16,29,3,5,166,1971,658
707503,4,8,3,1,2,1,1,4,1,,7075,3,10,1,1,55,824,1339
707602,4,5,1,2,,1,1,5,1,,7076,2,23,1,6,132,1549,1457
707712,3,6,0,2,,2,,12,1,,7077,12,30,4,5,173,2040,4785
707802,2,4,1,1,1,1,1,2,1,,7078,2,8,1,1,45,518,3379
707904,2,3,0,1,2,1,1,5,1,,7079,4,9,1,4,50,734,2939
708003,2,3,1,1,1,1,1,3,1,,7080,3,16,4,3,90,1117,3299
708112,3,6,3,1,4,1,1,6,1,,7081,12,28,2,2,159,1843,2250
708218,1,2,0,2,,2,,4,1,,7082,18,18,4,3,101,1219,985
708302,2,4,2,1,1,1,1,4,1,,7083,2,17,1,5,98,1191,1349
708405,4,7,2,1,1,1,1,4,1,,7084,5,13,1,5,73,951,2393
708501,3,6,2,1,1,1,1,4,1,,7085,1,15,1,5,85,1050,11321
708601,2,4,2,1,1,1,1,2,1,,7086,1,9,1,4,49,620,4040
708703,2,3,1,1,1,1,1,4,1,,7087,3,2,1,1,9,85,2808
708805,3,5,1,2,,1,1,5,1,,7088,5,15,1,5,86,1083,9428
708905,1,2,1,2,,2,,2,1,,7089,5,1,1,3,4,21,1259
709002,1,2,1,2,,2,,2,1,,7090,2,6,1,3,34,402,809
709103,2,2,1,1,1,1,1,1,1,,7091,3,5,1,2,29,315,1566
709218,2,5,1,1,2,1,2,5,1,,7092,18,32,4,3,187,2145,1691
709309,2,3,1,2,,1,1,4,1,,7093,9,31,2,6,178,2085,2014
709402,1,3,0,2,,1,1,3,1,,7094,2,30,4,5,173,2040,4785
709503,1,4,1,2,,1,2,1,1,,7095,3,20,2,6,109,1372,3454
709601,2,4,1,2,,1,1,3,1,,7096,1,24,1,2,139,1636,1275
709701,2,3,1,2,,1,1,3,1,,7097,1,31,2,6,179,2090,1761
709802,2,5,1,1,1,1,1,1,1,,7098,2,8,1,1,44,499,2863
709904,2,3,1,1,1,1,1,5,1,,7099,4,26,1,1,150,1759,2444
710012,2,2,1,2,,1,1,2,1,,7100,12,18,3,3,100,1214,1363
710112,2,4,1,1,2,2,,5,1,,7101,12,29,3,5,166,1970,682
710207,4,8,1,1,2,1,1,3,1,,7102,7,32,4,3,187,2149,1504
710303,3,5,3,2,,1,1,5,1,,7103,3,23,1,6,132,1541,1625
710403,2,5,1,2,,1,1,2,1,,7104,3,25,2,1,142,1677,2524
710512,2,4,1,2,,1,1,4,1,,7105,12,10,4,1,52,773,1281
710605,2,4,1,1,1,1,1,4,1,,7106,5,3,1,1,18,207,748
710715,2,4,1,2,,1,1,3,1,,7107,15,20,4,6,111,1384,3206
710814,1,2,0,2,,2,,2,1,,7108,14,20,4,6,111,1380,3726
710911,3,4,1,1,2,2,,5,1,,7109,11,13,4,5,70,931,3702
711001,2,5,1,1,1,1,1,2,1,,7110,1,9,1,4,50,699,3527
711104,2,3,1,2,,2,,3,1,,7111,4,19,2,2,105,1247,2799
711201,2,3,1,2,,1,1,3,1,,7112,1,1,1,3,5,37,1190
711303,1,5,1,2,,1,1,1,1,,7113,3,28,1,2,162,1905,1472
711418,2,4,1,1,1,1,1,4,1,,7114,18,25,4,1,143,1681,2188
711503,2,3,1,1,1,1,1,3,1,,7115,3,10,1,1,55,823,1352
711604,4,10,3,1,3,1,1,6,1,,7116,4,25,4,1,143,1680,2209
711704,1,4,1,1,1,1,1,2,1,,7117,4,15,3,5,84,1026,8028
711809,1,1,0,1,1,2,,3,1,,7118,9,10,4,1,52,771,1323
711917,1,2,0,2,,1,2,1,1,,7119,17,27,4,6,155,1823,414
712001,3,5,2,1,1,1,1,2,1,,7120,1,9,1,4,50,735,2939
712105,1,2,0,2,,2,,5,1,,7121,5,30,4,5,173,2039,5218
712201,1,2,1,2,,1,1,4,1,,7122,1,23,1,6,132,1535,1754
712304,3,4,1,1,1,1,1,1,1,,7123,4,9,1,4,49,657,3118
712404,3,4,1,1,1,1,1,5,1,,7124,4,16,1,3,92,1128,5229
712520,2,3,1,1,1,2,,3,1,,7125,20,15,3,5,81,1017,6441
712615,2,4,1,1,1,1,1,4,1,,7126,15,13,2,5,67,918,1831
712704,3,5,1,1,1,1,1,4,1,,7127,4,8,1,1,45,532,2963
712809,2,2,0,1,1,1,1,4,1,,7128,9,26,4,1,149,1741,2121
712906,1,4,1,2,,1,1,1,1,,7129,6,14,3,3,75,964,4181
713005,3,4,2,2,,2,,5,1,,7130,5,11,1,3,60,872,6960
713101,2,3,1,2,,1,1,2,1,,7131,1,8,1,1,44,507,2734
713201,2,3,1,1,1,1,1,2,1,,7132,1,29,2,5,169,2009,946
713320,1,2,0,1,1,1,1,5,1,,7133,20,27,4,6,154,1814,2660
713401,2,4,1,2,,1,1,2,1,,7134,1,29,3,5,169,1981,1279
713504,3,4,1,2,,1,1,8,1,,7135,4,21,1,5,119,1418,3737
713604,2,3,0,2,,1,1,3,1,,7136,4,17,3,5,94,1144,3844
713705,3,4,3,2,,1,1,5,1,,7137,5,31,1,6,184,2137,2052
713818,1,2,0,1,1,1,1,4,1,,7138,18,16,4,3,90,1115,3760
713904,3,5,2,2,,1,2,5,1,,7139,4,5,1,2,31,380,1789
714002,2,4,1,1,2,1,1,4,1,,7140,2,30,1,5,176,2070,6162
714118,1,2,0,2,,2,,1,1,,7141,18,20,4,6,111,1383,3212
714201,3,3,1,2,,1,1,4,1,,7142,1,17,1,5,98,1188,1412
714305,1,2,1,2,,1,1,1,1,,7143,5,14,1,3,78,971,15130
714415,2,3,1,2,,2,,4,1,,7144,15,23,4,6,130,1516,1778
714501,2,3,1,1,1,1,1,3,1,,7145,1,9,1,4,49,633,3737
714617,4,6,0,2,,2,,8,1,,7146,17,4,4,6,21,229,690
714705,1,3,1,2,,2,,2,1,,7147,5,30,2,5,175,2059,5427
714816,2,4,1,1,1,1,1,4,1,,7148,16,1,4,3,3,8,1437
714916,2,2,0,2,,2,,2,1,,7149,16,4,4,6,21,225,1029
715012,2,4,0,2,,2,,3,1,,7150,12,24,4,2,136,1590,1225
715106,2,3,1,2,,1,1,2,1,,7151,6,25,2,1,142,1677,2524
715211,2,3,1,2,,1,1,4,1,,7152,11,30,4,5,173,2043,4521
715305,2,3,2,1,1,1,1,3,1,,7153,5,15,2,5,87,1100,11129
715402,2,4,1,1,2,1,2,2,1,,7154,2,5,1,2,30,355,1437
715501,2,5,2,1,2,1,1,3,1,,7155,1,11,1,3,59,867,4931
715617,3,5,2,2,,1,1,9,1,,7156,17,5,2,2,27,276,1431
715701,2,5,1,2,,1,1,3,1,,7157,1,4,1,6,24,262,621
715801,3,5,2,1,2,1,1,5,1,,7158,1,2,1,1,10,100,3332
715904,1,2,1,2,,2,,3,1,,7159,4,28,1,2,162,1854,1989
716003,2,5,1,2,,1,1,4,1,,7160,3,13,1,5,72,940,2912
716105,1,2,0,2,,2,,2,1,,7161,5,4,1,6,23,234,961
716220,1,3,0,2,,2,,4,1,,7162,20,20,4,6,111,1383,3212
716302,2,3,1,2,,1,1,2,1,,7163,2,9,1,4,50,697,3527
716403,3,5,1,1,2,1,1,4,1,,7164,3,25,1,1,145,1700,2768
716504,1,2,1,2,,2,,4,1,,7165,4,3,1,1,16,173,619
716605,2,3,1,1,1,1,1,3,1,,7166,5,11,4,3,57,834,19030
716717,1,1,0,2,,2,,7,1,,7167,17,4,4,6,21,227,882
716803,1,3,1,1,1,1,1,1,1,,7168,3,9,1,4,50,717,3323
716902,1,4,1,1,1,1,1,4,1,,7169,2,31,2,6,182,2101,2002
717004,2,3,1,2,,2,,4,1,,7170,4,11,1,3,58,840,5935
717118,4,5,1,2,,2,,4,1,,7171,18,13,3,5,67,920,1739
717204,2,5,1,2,,1,1,4,1,,7172,4,6,1,3,36,440,645
717305,1,2,1,2,,2,,3,1,,7173,5,31,4,6,180,2092,2522
717418,2,3,1,1,2,2,,4,1,,7174,18,3,3,1,13,146,496
717501,1,1,1,2,,2,,1,1,,7175,1,23,1,6,132,1549,1457
717603,1,3,1,1,1,1,1,1,1,,7176,3,18,1,3,103,1230,1147
717703,1,5,1,1,1,1,1,1,1,,7177,3,15,1,5,87,1098,11415
717801,2,4,1,1,2,1,1,5,1,,7178,1,3,1,1,17,185,701
717908,1,5,1,2,,2,,2,1,,7179,8,20,4,6,111,1384,3206
718013,2,2,1,2,,1,1,5,1,,7180,13,17,3,5,94,1147,952
718120,2,4,0,2,,1,1,5,1,,7181,20,24,4,2,136,1588,1337
718205,2,3,1,2,,1,1,5,1,,7182,5,22,4,3,125,1467,2137
718313,3,5,3,1,1,1,1,5,1,,7183,13,20,2,6,110,1377,3890
718401,2,3,1,1,1,1,1,3,1,,7184,1,28,1,2,162,1858,1927
718505,3,5,1,2,,1,1,4,1,,7185,5,18,3,3,100,1211,1520
718603,3,6,1,2,,1,1,4,1,,7186,3,28,1,2,164,1954,2022
718701,3,6,1,1,1,1,1,5,1,,7187,1,30,3,5,172,2038,7808
718803,2,5,1,2,,1,2,4,1,,7188,3,32,1,3,189,2163,1150
718901,3,5,1,1,1,1,1,6,1,,7189,1,8,1,1,45,537,383
719004,2,4,1,2,,1,1,1,1,,7190,4,9,1,4,49,611,4288
719104,3,6,1,1,1,1,1,4,1,,7191,4,11,1,3,60,874,6586
719203,2,4,1,1,1,1,1,3,1,,7192,3,24,1,2,139,1622,1404
719305,6,8,3,2,,1,1,7,1,,7193,5,24,1,2,139,1651,1027
719416,3,5,0,2,,2,,8,1,,7194,16,7,4,6,39,452,3699
719501,2,5,2,1,2,1,1,5,1,,7195,1,27,4,6,155,1819,1628
719602,2,3,1,2,,1,1,3,1,,7196,2,13,4,5,71,938,2501
719703,3,8,2,1,1,1,1,3,1,,7197,3,5,1,2,30,338,1543
719809,2,3,1,1,1,2,,2,1,,7198,9,28,4,2,160,1847,1348
719908,1,3,1,2,,2,,2,1,,7199,8,13,4,5,71,938,2501
720005,3,5,2,1,1,1,1,3,1,,7200,5,23,1,6,131,1527,1108
720102,2,4,2,2,,1,1,5,1,,7201,2,3,1,1,17,195,620
720214,3,6,1,1,1,1,1,3,1,,7202,14,5,4,2,28,277,1380
720316,2,3,0,2,,2,,4,1,,7203,16,24,4,2,136,1589,1281
720416,3,5,1,2,,1,1,5,1,,7204,16,27,4,6,155,1819,1628
720502,3,6,2,1,1,1,1,4,1,,7205,2,9,1,4,49,616,4160
720602,1,3,2,1,1,1,1,1,1,,7206,2,21,1,5,121,1446,3141
720702,1,2,1,2,,2,,3,1,,7207,2,18,1,3,103,1230,1147
720801,1,2,1,1,1,1,1,2,1,,7208,1,2,1,1,9,77,3152
720909,3,4,0,2,,2,,4,1,,7209,9,24,4,2,136,1591,1218
721016,2,3,1,2,,2,,1,1,,7210,16,28,4,2,160,1846,1388
721102,3,9,3,1,4,1,1,4,1,,7211,2,3,1,1,18,213,702
721220,1,3,1,2,,1,1,1,1,,7212,20,21,2,5,116,1409,5069
721304,1,6,1,2,,1,1,1,1,,7213,4,9,1,4,49,649,3262
721418,4,5,1,1,1,1,1,7,1,,7214,18,10,4,1,52,772,1285
721516,1,1,0,2,,2,,4,1,,7215,16,4,4,6,21,226,887
721605,2,4,1,1,1,2,,2,1,,7216,5,29,2,5,168,1978,1324
721719,3,5,1,1,1,1,1,4,1,,7217,19,1,2,3,1,3,848
721804,2,5,1,2,,1,1,2,1,,7218,4,18,1,3,103,1239,952
721911,3,4,0,2,,2,,1,1,,7219,11,17,2,5,94,1150,835
722004,1,4,2,2,,1,1,1,1,,7220,4,9,1,4,49,625,3906
722107,2,3,1,1,1,2,,5,1,,7221,7,16,4,3,90,1114,10379
722201,1,4,1,2,,1,1,2,1,,7222,1,25,1,1,144,1687,3018
722303,2,5,1,1,1,1,1,4,1,,7223,3,24,1,2,140,1661,1368
722403,3,7,2,1,1,1,1,3,1,,7224,3,9,1,4,50,687,3768
722502,2,6,3,1,2,1,1,2,1,,7225,2,4,1,6,25,268,805
722602,2,4,1,2,,1,1,3,1,,7226,2,10,1,1,54,800,1335
722705,1,2,1,2,,1,1,1,1,,7227,5,3,1,1,15,159,480
722805,1,3,1,2,,2,,1,1,,7228,5,23,1,6,132,1557,1153
722908,2,3,2,2,,1,1,4,1,,7229,8,7,4,6,39,455,3338
723004,2,3,1,2,,2,,1,1,,7230,4,17,1,5,98,1200,820
723106,1,3,1,2,,2,,1,1,,7231,6,27,3,6,153,1809,2602
723209,1,3,0,2,,2,,3,1,,7232,9,30,4,5,173,2042,4624
723302,3,5,2,1,1,1,1,5,1,,7233,2,24,4,2,137,1598,1015
723411,2,4,1,1,1,1,1,2,1,,7234,11,28,4,2,160,1847,1348
723501,3,5,1,2,,1,1,2,1,,7235,1,24,1,2,140,1665,1261
723607,2,4,1,1,2,1,1,2,1,,7236,7,20,3,6,109,1373,2841
723716,2,4,0,1,1,1,1,7,1,,7237,16,21,4,5,117,1412,4714
723816,2,3,1,1,1,1,1,4,1,,7238,16,28,3,2,159,1842,2431
723902,1,3,0,2,,1,1,7,1,,7239,2,17,3,5,94,1142,4197
724013,2,8,1,2,,2,,4,1,,7240,13,16,4,3,89,1113,3018
724105,3,4,3,2,,1,1,5,1,,7241,5,19,1,2,108,1335,3667
724201,3,7,1,2,,1,1,6,2,2,7242,1,13,1,5,73,948,2562
724321,2,4,1,1,1,1,1,5,1,,7243,21,13,4,5,71,935,2985
724420,1,2,1,2,,1,1,2,1,,7244,20,28,3,2,159,1842,2431
724501,3,5,3,1,1,1,1,2,1,,7245,1,20,1,6,114,1401,3180
724619,4,5,1,1,1,1,1,4,1,,7246,19,2,4,1,8,62,1927
724704,3,6,2,1,1,1,1,3,1,,7247,4,19,1,2,108,1354,3243
724819,3,4,3,1,2,1,1,4,1,,7248,19,16,2,3,88,1106,5935
724909,2,6,1,2,,1,1,2,1,,7249,9,21,2,5,116,1409,5069
725005,1,3,2,2,,1,1,4,1,,7250,5,24,1,2,139,1632,1299
725105,2,5,1,1,1,1,1,4,1,,7251,5,8,1,1,46,546,3168
725211,3,3,1,2,,2,,8,1,,7252,11,31,2,6,178,2085,2014
725301,2,4,2,1,1,1,1,3,1,,7253,1,6,1,3,34,410,730
725410,1,4,2,2,,2,,1,1,,7254,10,16,2,3,88,1110,4468
725502,2,5,2,1,1,1,1,3,1,,7255,2,5,2,2,29,302,1638
725604,2,3,1,2,,1,1,6,1,,7256,4,19,1,2,106,1257,3722
725701,2,4,1,1,1,1,1,3,1,,7257,1,23,1,6,133,1567,1668
725807,2,3,1,2,,1,1,10,1,,7258,7,22,4,3,125,1465,3729
725904,2,3,1,1,1,1,1,4,1,,7259,4,7,1,6,40,462,4163
726004,1,6,2,2,,1,1,1,1,,7260,4,20,2,6,113,1397,2146
726104,3,4,1,1,1,1,1,5,1,,7261,4,19,1,2,107,1305,3233
726203,2,3,1,1,1,2,,2,1,,7262,3,26,4,1,149,1742,1939
726308,3,5,1,1,2,1,1,6,1,,7263,8,1,2,3,2,6,392
726402,3,5,2,1,2,1,1,3,1,,7264,2,24,1,2,140,1671,1019
726502,3,5,1,1,1,1,1,3,1,,7265,2,5,1,2,30,354,1444
726602,2,2,0,2,,1,1,5,1,,7266,2,12,1,6,65,895,3894
726702,3,4,1,1,1,1,1,4,1,,7267,2,10,1,1,55,821,1377
726804,4,6,1,2,,2,,1,1,,7268,4,22,1,3,126,1472,2162
726905,1,2,1,1,1,2,,1,1,,7269,5,31,1,6,184,2132,2516
727002,1,3,0,2,,2,,3,1,,7270,2,4,4,6,21,228,784
727110,1,1,0,2,,2,,2,1,,7271,10,29,4,5,167,1974,661
727204,1,5,2,1,1,1,1,2,1,,7272,4,1,1,3,6,45,1681
727305,2,5,3,1,1,1,2,2,1,,7273,5,26,1,1,152,1805,1980
727405,2,4,1,1,1,1,1,3,1,,7274,5,5,1,2,30,331,1626
727502,2,3,1,2,,1,1,3,1,,7275,2,1,1,3,5,28,1464
727604,1,3,1,2,,1,1,4,1,,7276,4,24,4,2,136,1592,1094
727708,2,4,1,1,2,1,1,1,1,,7277,8,26,2,1,148,1738,2836
727801,2,4,1,1,1,2,,2,1,,7278,1,16,4,3,89,1112,3033
727905,2,4,1,1,1,1,1,6,1,,7279,5,19,3,2,106,1282,3165
728003,3,4,1,1,1,1,1,5,1,,7280,3,28,1,2,162,1885,1657
728103,5,9,2,2,,1,1,5,1,,7281,3,30,1,5,176,2073,5707
728202,2,5,1,1,1,1,1,4,1,,7282,2,25,3,1,141,1673,2778
728314,2,4,1,2,,2,,6,1,,7283,14,7,4,6,39,450,4023
728411,1,1,1,1,1,2,,2,1,,7284,11,3,4,1,14,148,833
728501,2,3,1,2,,1,1,3,1,,7285,1,29,2,5,169,2004,991
728601,2,4,1,2,,1,1,4,1,,7286,1,31,1,6,182,2100,2028
728702,2,4,1,1,1,1,1,5,1,,7287,2,1,4,3,3,7,1634
728801,4,6,1,2,,1,1,10,1,,7288,1,29,3,5,169,2007,986
728915,3,7,1,1,2,1,1,4,1,,7289,15,29,4,5,167,1975,636
729004,2,2,1,1,1,1,1,3,1,,7290,4,17,1,5,98,1187,1422
729105,2,3,1,1,1,1,1,4,1,,7291,5,23,1,6,133,1566,1721
729207,2,3,1,1,2,1,1,3,1,,7292,7,28,3,2,159,1842,2431
729304,3,5,1,1,1,1,1,6,1,,7293,4,4,1,6,23,241,794
729406,1,2,1,2,,1,1,5,1,,7294,6,23,2,6,129,1514,2031
729502,2,4,1,2,,1,1,1,1,,7295,2,28,1,2,164,1955,2022
729605,2,4,1,2,,1,1,5,1,,7296,5,21,4,5,118,1415,5024
729701,3,4,0,2,,2,,1,1,,7297,1,21,4,5,117,1412,4714
729802,2,3,1,1,1,1,1,3,1,,7298,2,26,1,1,150,1743,3025
729901,3,4,1,1,1,1,1,3,1,,7299,1,29,2,5,170,2023,991
730010,3,5,0,2,,1,1,4,1,,7300,10,27,4,6,155,1819,1628
730101,2,4,1,1,1,1,1,4,1,,7301,1,19,1,2,106,1290,2978
730204,2,4,1,1,1,1,1,4,1,,7302,4,2,1,1,10,98,3467
730304,1,2,1,2,,1,1,1,1,,7303,4,3,1,1,16,164,742
730401,3,4,1,1,2,1,1,2,1,,7304,1,5,1,2,30,340,1528
730501,2,4,1,1,1,1,2,2,1,,7305,1,25,4,1,143,1681,2188
730604,1,2,1,2,,1,1,3,1,,7306,4,23,1,6,131,1521,1873
730705,3,4,3,1,1,1,1,4,1,,7307,5,18,1,3,103,1236,1037
730801,3,4,1,1,1,1,1,4,1,,7308,1,3,1,1,18,218,372
730901,1,4,1,2,,2,,1,1,,7309,1,19,1,2,108,1359,3198
731002,3,4,2,1,1,1,1,4,1,,7310,2,17,1,5,98,1196,1206
731116,2,3,1,2,,2,,4,1,,7311,16,32,3,3,185,2138,1543
731202,1,1,1,2,,1,1,2,1,,7312,2,23,1,6,131,1524,1703
731305,1,3,1,2,,2,,1,1,,7313,5,9,1,4,49,611,4288
731401,2,4,2,1,1,1,1,5,1,,7314,1,19,1,2,106,1266,3387
731503,3,4,3,1,1,1,1,2,1,,7315,3,2,1,1,11,127,3038
731601,2,4,1,2,,1,1,4,1,,7316,1,5,1,2,29,322,1442
731713,3,4,1,1,1,2,,4,1,,7317,13,13,4,5,71,938,2501
731801,2,3,1,2,,1,1,4,1,,7318,1,18,2,3,100,1212,1495
731903,4,6,3,1,3,1,1,4,1,,7319,3,10,2,1,54,804,1326
732019,1,2,0,1,1,2,,2,1,,7320,19,6,4,3,33,395,576
732101,1,1,0,2,,2,,1,1,,7321,1,27,4,6,155,1823,414
732202,2,4,1,2,,1,1,2,1,,7322,2,28,1,2,162,1860,1895
732305,1,4,1,1,1,1,1,2,1,,7323,5,24,1,2,139,1631,1302
732402,1,2,0,2,,2,,1,1,,7324,2,15,1,5,85,1052,10908
732504,2,3,1,1,2,1,1,5,1,,7325,4,26,2,1,147,1736,2632
732612,4,5,2,1,1,1,1,4,1,,7326,12,13,3,5,67,920,1739
732703,1,2,1,1,1,1,1,2,1,,7327,3,17,1,5,99,1201,1987
732812,2,3,2,2,,2,,4,1,,7328,12,31,3,6,179,2089,1807
732902,2,2,1,1,1,1,1,4,1,,7329,2,8,1,1,45,531,2980
733019,3,5,0,2,,1,1,3,1,,7330,19,27,4,6,155,1822,916
733109,2,5,2,1,1,2,,6,1,,7331,9,30,2,5,172,2035,8713
733203,2,3,1,2,,1,1,4,1,,7332,3,1,1,3,4,18,1287
733305,2,4,1,1,1,2,,2,1,,7333,5,24,1,2,138,1608,1310
733401,2,3,1,1,1,1,1,4,1,,7334,1,23,1,6,132,1552,1391
733501,4,6,2,1,1,1,1,4,1,,7335,1,13,1,5,73,946,2962
733612,2,4,1,2,,1,1,3,1,,7336,12,27,3,6,153,1811,2396
733714,2,3,1,2,,1,2,3,1,,7337,14,25,3,1,141,1675,2587
733819,2,3,1,2,,1,1,4,1,,7338,19,23,2,6,129,1513,2829
733902,2,3,1,2,,2,,3,1,,7339,2,21,4,5,118,1414,5277
734014,2,3,1,2,,1,2,3,1,,7340,14,10,4,1,52,770,1405
734101,2,4,1,2,,1,2,2,1,,7341,1,29,3,5,169,1999,1031
734212,3,5,2,1,2,1,1,5,1,,7342,12,25,2,1,141,1674,2705
734319,3,4,1,1,1,2,,3,1,,7343,19,8,3,1,42,481,3354
734401,3,5,1,1,2,1,1,4,1,,7344,1,32,1,3,190,2167,2292
734505,3,6,1,1,2,1,1,3,1,,7345,5,5,1,2,31,381,1786
734611,1,1,0,2,,2,,3,1,,7346,11,7,4,6,39,456,3330
734704,3,5,0,1,1,1,1,5,1,,7347,4,10,4,1,52,770,1405
734804,2,3,0,2,,1,1,1,1,,7348,4,30,4,5,173,2041,4774
734904,3,6,2,1,1,1,1,4,1,,7349,4,19,1,2,108,1334,3752
735003,2,5,0,1,1,1,1,3,1,,7350,3,15,1,5,85,1045,11921
735102,2,4,1,1,1,1,1,1,1,,7351,2,6,1,3,35,422,801
735203,2,4,2,1,1,1,1,2,1,,7352,3,28,1,2,164,1960,1830
735307,3,5,2,1,1,1,1,3,1,,7353,7,20,4,6,112,1387,3229
735403,3,5,2,1,3,1,1,4,1,,7354,3,28,1,2,163,1919,1877
735504,2,3,1,2,,2,,3,1,,7355,4,20,4,6,111,1379,3848
735619,2,3,1,1,1,1,1,6,1,,7356,19,2,4,1,8,63,1922
735710,2,3,1,1,1,1,1,4,1,,7357,10,17,3,5,94,1147,952
735804,2,4,2,2,,2,,2,1,,7358,4,15,1,5,86,1083,9428
735902,2,3,1,2,,2,,6,1,,7359,2,2,1,1,9,65,3558
736002,3,4,2,1,1,1,1,6,1,,7360,2,25,1,1,144,1687,3018
736101,2,4,1,1,1,1,1,4,1,,7361,1,2,1,1,10,99,3348
736208,3,4,0,2,,2,,2,1,,7362,8,21,4,5,118,1414,5277
736317,1,3,1,2,,2,,4,1,,7363,17,27,3,6,153,1811,2396
736414,2,4,1,1,1,1,1,4,1,,7364,14,4,3,6,20,223,797
736505,1,2,0,2,,2,,5,1,,7365,5,16,4,3,90,1114,10379
736612,2,3,1,2,,1,2,5,1,,7366,12,32,2,3,185,2141,1249
736702,3,5,1,2,,2,,4,1,,7367,2,2,1,1,10,113,2846
736805,1,3,1,1,1,1,1,1,1,,7368,5,25,1,1,145,1707,2602
736904,3,5,2,1,1,1,1,3,1,,7369,4,26,1,1,152,1802,2095
737001,3,4,1,1,4,1,1,5,1,,7370,1,16,2,3,88,1110,4468
737102,4,5,2,2,,1,1,7,1,,7371,2,30,2,5,176,2068,6666
737203,4,6,1,1,1,1,1,4,1,,7372,3,32,2,3,185,2139,1468
737310,3,5,0,2,,2,,9,1,,7373,10,24,4,2,136,1589,1281
737403,2,4,2,1,2,1,1,3,1,,7374,3,25,1,1,145,1712,2503
737505,4,6,2,2,,1,1,6,1,,7375,5,2,1,1,10,120,2739
737605,1,2,1,2,,1,1,2,1,,7376,5,18,1,3,103,1228,1175
737703,1,2,1,1,1,2,,1,1,,7377,3,23,1,6,132,1557,1153
737808,1,1,1,2,,2,,1,1,,7378,8,7,2,6,37,444,3822
737901,3,5,1,2,,1,1,4,1,,7379,1,2,1,1,9,81,2980
738015,1,5,1,2,,2,,1,1,,7380,15,17,3,5,94,1149,880
738105,1,1,1,2,,2,,1,1,,7381,5,2,1,1,9,65,3558
738201,4,7,2,1,2,1,1,3,1,,7382,1,10,1,1,55,827,1261
738302,2,2,1,1,1,2,,2,1,,7383,2,3,1,1,17,189,669
738401,2,3,1,2,,1,1,3,1,,7384,1,14,1,3,78,971,15130
738512,2,3,1,1,1,1,1,3,1,,7385,12,14,2,3,76,968,7378
738601,2,4,1,2,,1,1,5,1,,7386,1,9,1,4,49,674,1437
738705,2,4,2,1,1,2,,3,1,,7387,5,19,1,2,108,1346,3316
738814,1,3,0,2,,2,,4,1,,7388,14,11,4,3,57,836,4721
738901,1,4,1,1,1,1,1,3,1,,7389,1,28,1,2,163,1929,1755
739017,2,2,0,2,,2,,7,1,,7390,17,18,3,3,100,1214,1363
739120,2,3,1,2,,2,,7,1,,7391,20,29,4,5,167,1974,661
739205,3,5,2,1,2,1,1,5,1,,7392,5,2,1,1,11,127,3038
739304,1,3,1,2,,1,1,2,1,,7393,4,25,4,1,143,1678,2442
739406,2,4,2,1,2,1,1,3,1,,7394,6,3,2,1,12,143,609
739503,3,6,2,1,2,1,1,3,1,,7395,3,15,1,5,87,1091,13147
739607,3,5,1,2,,2,,2,1,,7396,7,28,4,2,160,1848,1343
739702,2,3,1,2,,1,1,2,1,,7397,2,17,1,5,97,1176,1281
739812,2,3,2,1,1,2,,5,1,,7398,12,31,2,6,179,2090,1761
739901,7,9,2,1,1,1,1,7,1,,7399,1,13,3,5,67,920,1739
740005,3,5,1,1,1,1,2,6,1,,7400,5,5,1,2,30,333,1615
740103,4,6,2,1,1,1,1,6,2,2,7401,3,17,2,5,97,1164,1770
740208,1,3,1,2,,1,1,3,1,,7402,8,6,2,3,32,390,691
740304,1,5,1,2,,2,,2,1,,7403,4,5,1,2,29,323,1407
740406,1,5,2,1,2,1,1,2,1,,7404,6,3,4,1,14,148,833
740501,2,4,1,2,,2,,3,1,,7405,1,32,1,3,189,2160,1184
740604,3,4,2,1,1,1,1,5,1,,7406,4,6,1,3,35,428,749
740701,2,3,2,1,1,1,1,3,1,,7407,1,25,1,1,145,1715,2472
740811,2,3,1,2,,1,1,4,1,,7408,11,24,3,2,135,1584,1829
740904,2,4,0,1,1,2,,4,1,,7409,4,24,4,2,136,1588,1337
741004,3,4,2,1,1,1,1,5,1,,7410,4,24,1,2,139,1630,1306
741102,3,6,2,1,1,1,1,3,1,,7411,2,28,1,2,164,1954,2022
741201,2,4,1,1,1,1,1,2,1,,7412,1,26,1,1,152,1803,2091
741303,2,3,1,1,1,2,,4,1,,7413,3,11,1,3,59,861,5503
741417,1,2,1,2,,2,,1,1,,7414,17,12,3,6,62,880,3244
741519,1,2,1,2,,2,,3,1,,7415,19,13,3,5,67,921,1645
741620,1,6,2,2,,2,,2,1,,7416,20,26,2,1,147,1737,2630
741703,2,3,1,2,,1,1,1,1,,7417,3,18,1,3,103,1228,1175
741805,1,2,1,2,,1,1,1,1,,7418,5,9,1,4,48,560,5197
741905,4,5,4,1,4,1,1,5,1,,7419,5,8,1,1,46,539,4137
742016,1,2,0,2,,2,,4,1,,7420,16,10,4,1,52,770,1405
742104,2,3,1,2,,1,1,3,1,,7421,4,24,1,2,139,1635,1284
742203,2,3,1,1,1,1,1,6,1,,7422,3,6,1,3,34,404,786
742305,1,2,1,2,,1,1,1,1,,7423,5,9,1,4,48,569,4262
742401,2,4,1,2,,1,1,3,1,,7424,1,9,1,4,49,661,3053
742504,2,2,1,1,1,1,1,5,1,,7425,4,28,1,2,161,1849,2520
742607,2,4,1,1,1,2,,4,1,,7426,7,14,3,3,75,965,3506
742702,4,6,2,1,4,1,1,4,1,,7427,2,9,1,4,50,702,3527
742803,2,3,1,1,1,2,,1,1,,7428,3,2,1,1,11,138,2175
742902,2,4,1,1,1,1,1,3,1,,7429,2,32,4,3,187,2146,1688
743005,2,3,1,1,1,1,1,4,1,,7430,5,29,3,5,169,1981,1279
743104,2,4,1,1,1,2,,4,1,,7431,4,7,3,6,37,443,3934
743204,4,6,1,1,1,1,1,5,1,,7432,4,9,1,4,48,590,3550
743313,2,4,1,1,1,1,1,7,1,,7433,13,10,4,1,52,774,1138
743403,3,7,1,1,1,1,1,4,1,,7434,3,29,3,5,170,2017,1113
743501,1,3,1,2,,1,2,4,1,,7435,1,24,4,2,137,1593,1069
743607,2,3,1,1,3,2,,3,1,,7436,7,3,4,1,14,149,796
743704,1,3,1,1,1,1,1,3,1,,7437,4,7,1,6,41,475,4150
743802,2,3,1,1,1,1,1,3,1,,7438,2,23,1,6,133,1566,1721
743902,1,1,1,1,1,1,1,4,1,,7439,2,3,3,1,13,145,2797
744001,1,3,1,1,2,1,1,2,1,,7440,1,26,1,1,150,1749,2621
744101,1,4,1,2,,1,1,2,1,,7441,1,15,1,5,86,1083,9428
744214,1,4,0,2,,2,,2,1,,7442,14,12,4,6,63,884,3037
744305,1,4,0,2,,2,,1,1,,7443,5,11,1,3,58,842,5752
744404,2,3,1,2,,1,1,3,1,,7444,4,9,1,4,49,659,3093
744503,3,4,1,2,,1,1,5,1,,7445,3,11,1,3,59,858,6443
744602,2,4,2,2,,1,1,4,1,,7446,2,30,1,5,175,2062,5212
744705,2,4,1,2,,1,1,4,1,,7447,5,9,1,4,49,670,2177
744801,1,2,0,2,,2,,1,1,,7448,1,24,4,2,137,1599,1009
744902,1,1,1,2,,1,1,1,1,,7449,2,3,1,1,15,159,480
745004,1,3,0,2,,2,,1,1,,7450,4,12,2,6,62,879,3249
745104,2,4,1,2,,1,1,3,1,,7451,4,24,1,2,139,1631,1302
745202,2,5,1,1,1,1,1,2,1,,7452,2,9,1,4,49,673,1454
745313,2,3,1,1,1,1,1,5,1,,7453,13,6,2,3,32,392,627
745403,3,4,1,2,,2,,3,1,,7454,3,29,3,5,169,1980,1299
745513,4,5,1,2,,1,1,6,1,,7455,13,11,3,3,56,832,4770
745605,2,3,1,2,,1,1,4,1,,7456,5,25,1,1,145,1711,2513
745705,1,3,0,2,,2,,4,1,,7457,5,18,4,3,101,1218,1072
745804,1,2,1,2,,2,,1,1,,7458,4,29,3,5,169,1980,1299
745907,1,2,1,2,,2,,4,1,,7459,7,26,4,1,149,1740,2152
746004,3,5,1,2,,2,,9,1,,7460,4,22,1,3,127,1479,1952
746104,3,4,1,2,,1,1,3,1,,7461,4,21,4,5,117,1412,4714
746202,3,5,3,2,,2,,2,1,,7462,2,13,1,5,73,946,2962
746302,2,5,1,1,1,1,1,3,1,,7463,2,9,1,4,49,603,5130
746414,2,3,1,1,2,1,1,1,1,,7464,14,13,2,5,68,927,1392
746505,2,3,1,2,,1,1,3,1,,7465,5,15,1,5,85,1058,9709
746604,1,1,0,2,,1,1,3,1,,7466,4,13,3,5,67,916,1831
746704,2,3,1,2,,1,1,3,1,,7467,4,15,1,5,87,1094,12086
746801,2,6,2,1,2,1,1,4,1,,7468,1,6,1,3,35,427,768
746905,1,3,1,2,,2,,2,1,,7469,5,5,4,2,28,277,1380
747004,1,2,0,2,,2,,1,1,,7470,4,15,1,5,85,1039,12518
747102,2,4,1,1,2,1,1,3,1,,7471,2,3,2,1,13,147,488
747205,1,2,0,2,,2,,4,1,,7472,5,30,2,5,172,2036,7817
747314,2,6,1,2,,2,,4,2,2,7473,14,26,2,1,148,1739,2513
747420,1,3,1,2,,1,1,4,1,,7474,20,28,4,2,160,1845,1479
747501,1,3,1,1,1,1,1,2,1,,7475,1,28,1,2,162,1856,1976
747601,2,3,1,2,,1,1,6,1,,7476,1,11,1,3,58,843,5483
747708,1,2,1,2,,1,1,5,1,,7477,8,23,2,6,129,1514,2031
747817,1,3,2,1,1,1,2,3,1,,7478,17,6,4,3,33,394,835
747902,3,4,1,2,,1,1,6,1,,7479,2,18,1,3,103,1236,1037
748005,1,2,1,2,,1,1,3,1,,7480,5,23,1,6,131,1520,2107
748102,1,2,1,1,1,2,,3,1,,7481,2,24,1,2,139,1641,1237
748204,3,4,2,1,1,1,1,5,1,,7482,4,18,3,3,100,1210,1538
748302,3,5,2,1,2,1,1,4,1,,7483,2,19,1,2,108,1351,3255
748403,1,2,1,2,,1,2,1,1,,7484,3,9,1,4,49,618,4123
748507,2,3,1,1,1,2,,2,1,,7485,7,3,4,1,14,148,833
748602,1,2,1,2,,2,,1,1,,7486,2,6,1,3,34,399,908
748716,2,5,0,2,,1,1,3,1,,7487,16,15,4,5,83,1024,5447
748804,2,2,1,2,,2,,2,1,,7488,4,16,1,3,92,1132,4321
748902,1,4,1,1,1,1,1,1,1,,7489,2,27,1,6,156,1826,2011
749003,2,3,1,2,,1,1,4,1,,7490,3,24,4,2,136,1592,1094
749101,2,3,1,2,,2,,1,1,,7491,1,32,4,3,187,2147,1565
749201,2,4,1,2,,2,,1,1,,7492,1,15,1,5,87,1094,12086
749304,2,3,1,2,,1,1,6,1,,7493,4,27,4,6,154,1817,2285
749405,3,5,2,1,2,1,1,3,1,,7494,5,25,2,1,142,1676,2626
749510,4,6,2,2,,1,1,6,1,,7495,10,21,3,5,116,1406,6756
749603,2,2,0,2,,2,,5,1,,7496,3,12,4,6,63,888,2579
749704,3,5,0,2,,2,,2,1,,7497,4,9,2,4,48,580,3906
749813,1,3,0,1,1,2,,2,1,,7498,13,24,4,2,137,1600,973
749911,2,3,1,1,2,1,1,5,1,,7499,11,22,4,3,125,1467,2137
750005,4,6,2,1,2,1,1,6,1,,7500,5,2,1,1,11,123,3224
750113,3,6,1,1,1,1,1,5,1,,7501,13,30,4,5,174,2047,5218
750205,1,3,0,2,,2,,2,1,,7502,5,21,2,5,120,1421,5724
750308,1,5,2,1,1,2,,2,1,,7503,8,3,4,1,14,149,796
750402,2,4,1,1,1,1,1,5,1,,7504,2,5,1,2,29,289,1728
750503,1,3,1,2,,1,1,1,1,,7505,3,15,1,5,86,1088,4697
750619,1,2,0,2,,2,,2,1,,7506,19,7,3,6,37,442,5052
750708,1,2,1,2,,2,,2,1,,7507,8,7,3,6,37,442,5052
750814,2,4,1,2,,2,,9,1,,7508,14,19,4,2,105,1250,2996
750905,1,3,1,2,,1,1,2,1,,7509,5,15,2,5,85,1038,12598
751015,1,2,0,2,,1,1,1,1,,7510,15,24,4,2,137,1600,973
751105,2,2,0,2,,1,1,3,1,,7511,5,9,1,4,48,600,2328
751203,2,5,1,1,2,1,1,3,1,,7512,3,9,1,4,50,750,2094
751304,1,3,1,1,1,1,1,2,1,,7513,4,9,1,4,50,696,3566
751412,1,2,0,2,,2,,2,1,,7514,12,27,4,6,155,1820,1502
751503,2,4,2,2,,1,1,1,1,,7515,3,3,1,1,17,189,669
751604,3,5,1,1,1,1,1,4,1,,7516,4,17,1,5,97,1158,1598
751704,2,3,1,1,1,2,,2,1,,7517,4,5,1,2,30,328,1671
751801,3,4,2,1,1,1,1,3,1,,7518,1,15,1,5,85,1037,12706
751901,2,4,1,1,1,1,1,4,1,,7519,1,19,1,2,107,1310,3190
752013,3,5,1,1,1,1,1,7,1,,7520,13,32,4,3,187,2144,1720
752112,3,4,1,2,,2,,6,1,,7521,12,30,4,5,173,2042,4624
752203,3,4,1,1,1,1,1,8,2,3,7522,3,15,2,5,87,1100,11129
752304,1,1,0,2,,2,,5,1,,7523,4,29,3,5,165,1964,1215
752402,2,3,1,1,2,1,1,3,1,,7524,2,25,1,1,146,1731,3077
752501,3,6,1,2,,1,1,4,1,,7525,1,10,1,1,54,816,1239
752603,3,5,2,1,2,1,1,3,1,,7526,3,14,1,3,78,971,15130
752717,1,2,2,2,,2,,4,1,,7527,17,28,4,2,160,1846,1388
752811,2,4,1,2,,2,,2,1,,7528,11,14,3,3,75,965,3506
752902,3,6,2,1,1,1,1,3,1,,7529,2,28,1,2,164,1953,2054
753004,2,3,1,1,1,1,1,1,1,,7530,4,19,1,2,107,1331,2406
753112,2,4,1,1,1,1,1,4,1,,7531,12,4,3,6,20,222,977
753216,2,3,1,2,,1,1,4,1,,7532,16,17,2,5,94,1151,717
753304,2,3,2,1,1,1,1,2,1,,7533,4,8,1,1,46,545,3255
753403,2,4,1,2,,1,1,2,1,,7534,3,1,1,3,6,47,1535
753506,3,4,1,1,1,1,1,3,1,,7535,6,6,2,3,32,393,610
753601,1,3,1,2,,2,,2,1,,7536,1,31,3,6,179,2089,1807
753701,2,3,1,1,1,1,1,2,1,,7537,1,16,1,3,92,1133,4201
753804,3,3,0,2,,2,,3,1,,7538,4,15,1,5,85,1043,12201
753904,2,4,2,2,,2,,3,1,,7539,4,27,1,6,156,1834,771
754001,2,3,1,1,1,1,1,4,1,,7540,1,3,1,1,18,219,172
754101,1,3,1,2,,2,,1,1,,7541,1,9,1,4,49,605,4730
754219,2,6,2,2,,2,,2,1,,7542,19,17,2,5,94,1151,717
754304,1,5,2,2,,1,1,2,1,,7543,4,5,1,2,31,381,1786
754403,1,4,2,1,1,1,1,1,1,,7544,3,18,2,3,104,1241,1027
754504,1,3,1,2,,2,,1,1,,7545,4,13,3,5,67,922,1613
754604,2,3,1,2,,2,,3,1,,7546,4,20,4,6,113,1388,3090
754701,2,4,1,2,,1,1,2,1,,7547,1,6,1,3,35,428,749
754803,2,5,1,1,1,1,1,3,1,,7548,3,8,1,1,44,508,2710
754918,3,4,0,2,,2,,5,1,,7549,18,24,4,2,136,1591,1218
755004,2,4,1,1,2,1,1,4,1,,7550,4,2,1,1,11,138,2175
755101,1,7,2,1,1,1,1,1,1,,7551,1,28,1,2,163,1931,1744
755205,1,5,2,1,1,1,1,1,1,,7552,5,9,1,4,50,745,2439
755303,1,4,1,1,1,1,1,2,1,,7553,3,9,1,4,50,701,3527
755403,3,8,2,1,1,1,1,3,1,,7554,3,30,4,5,174,2046,5443
755503,2,5,1,1,1,1,1,3,1,,7555,3,28,1,2,163,1945,1648
755619,1,4,1,1,1,1,1,2,1,,7556,19,6,3,3,32,391,636
755704,2,3,1,1,2,1,1,3,1,,7557,4,28,1,2,162,1867,1798
755801,2,3,1,2,,1,1,2,1,,7558,1,19,1,2,106,1284,3150
755903,3,7,2,1,2,1,1,4,1,,7559,3,9,1,4,50,745,2439
756015,2,4,1,1,1,1,1,4,1,,7560,15,13,3,5,67,921,1645
756112,2,4,1,1,1,2,,5,1,,7561,12,22,4,3,125,1468,1809
756205,2,4,0,2,,2,,4,1,,7562,5,15,1,5,85,1052,10908
756314,3,3,1,1,1,1,1,3,1,,7563,14,22,4,3,125,1467,2137
756417,2,3,0,2,,2,,3,1,,7564,17,20,4,6,111,1380,3726
756501,3,5,1,1,1,1,1,4,1,,7565,1,5,1,2,30,354,1444
756604,2,3,1,2,,1,1,2,1,,7566,4,23,1,6,133,1561,1831
756704,2,5,1,2,,1,1,1,1,,7567,4,9,1,4,48,589,3580
756805,1,3,1,1,1,1,1,2,1,,7568,5,26,1,1,150,1754,2570
756905,3,4,1,2,,2,,4,1,,7569,5,11,4,3,57,838,3502
757001,2,5,2,1,2,1,1,4,1,,7570,1,21,1,5,121,1448,1033
757102,1,3,1,2,,1,1,1,1,,7571,2,6,1,3,35,421,807
757201,1,3,1,2,,2,,1,1,,7572,1,4,4,6,21,228,784
757309,2,4,1,1,1,1,1,3,1,,7573,9,32,4,3,187,2148,1543
757408,2,3,1,2,,1,1,2,1,,7574,8,13,3,5,67,921,1645
757504,1,1,0,2,,2,,4,1,,7575,4,30,4,5,173,2040,4785
757601,1,4,1,2,,1,1,4,1,,7576,1,31,2,6,178,2085,2014
757702,2,4,1,2,,1,1,3,1,,7577,2,29,3,5,166,1965,2972
757803,2,3,1,2,,2,,4,1,,7578,3,29,2,5,169,1989,1117
757904,3,5,1,2,,1,1,4,1,,7579,4,15,3,5,86,1065,13704
758004,2,5,1,1,1,1,1,1,1,,7580,4,1,1,3,6,48,1412
758109,3,4,1,2,,1,1,5,1,,7581,9,27,4,6,155,1823,414
758215,1,2,1,1,1,2,,4,1,,7582,15,22,4,3,125,1466,2305
758319,2,5,1,1,2,1,1,5,1,,7583,19,26,2,1,147,1736,2632
758402,1,4,1,1,1,1,1,2,1,,7584,2,32,1,3,188,2153,1417
758511,1,4,1,2,,2,,1,1,,7585,11,26,4,1,149,1742,1939
758604,2,3,2,2,,1,1,5,1,,7586,4,9,1,4,49,606,4668
758708,4,5,2,1,5,1,1,7,1,,7587,8,26,2,1,148,1739,2513
758801,1,2,1,2,,1,1,5,1,,7588,1,19,1,2,106,1257,3722
758917,1,4,1,2,,1,1,2,1,,7589,17,26,2,1,147,1737,2630
759020,1,2,0,2,,1,2,3,1,,7590,20,21,4,5,117,1410,5193
759103,1,4,1,1,1,1,1,2,1,,7591,3,24,1,2,139,1651,1027
759202,1,2,1,2,,2,,2,1,,7592,2,28,1,2,161,1849,2520
759319,2,4,1,1,1,1,1,3,1,,7593,19,22,4,3,125,1468,1809
759402,2,3,1,1,1,1,1,6,1,,7594,2,26,1,1,152,1791,2508
759510,2,4,0,2,,2,,2,1,,7595,10,12,2,6,61,876,2994
759603,2,4,1,2,,1,1,5,1,,7596,3,13,4,5,72,943,2474
759705,2,3,0,2,,2,,3,1,,7597,5,16,4,3,90,1115,3760
759804,2,3,1,1,1,1,1,1,1,,7598,4,5,1,2,29,284,1811
759912,2,3,0,2,,2,,5,1,,7599,12,11,4,3,57,838,3502
760019,2,3,1,2,,1,1,1,1,,7600,19,13,2,5,67,918,1831
760104,1,2,0,2,,1,1,2,1,,7601,4,9,1,4,48,573,4109
760201,1,4,1,1,1,1,1,1,1,,7602,1,5,1,2,30,344,1491
760302,2,3,1,2,,1,1,1,1,,7603,2,14,2,3,75,961,16402
760406,4,5,2,1,1,1,1,4,1,,7604,6,14,2,3,75,966,3387
760517,2,3,0,2,,2,,4,1,,7605,17,7,4,6,39,451,3817
760604,2,6,1,1,1,1,1,2,1,,7606,4,13,1,5,73,949,2541
760705,3,4,0,1,1,1,2,5,1,,7607,5,21,3,5,119,1417,4124
760801,4,5,1,1,1,1,1,2,1,,7608,1,5,1,2,30,347,1489
760915,2,5,1,1,1,1,2,4,1,,7609,15,22,4,3,125,1465,3729
761011,1,2,1,2,,2,,3,1,,7610,11,13,4,5,71,938,2501
761109,2,2,1,2,,2,,3,1,,7611,9,4,2,6,20,224,779
761201,3,6,1,1,3,2,,2,1,,7612,1,8,1,1,44,506,2740
761304,2,4,0,2,,2,,6,1,,7613,4,24,4,2,136,1590,1225
761401,2,5,2,1,1,1,1,2,1,,7614,1,21,1,5,122,1455,4160
761503,2,5,2,1,2,1,1,3,1,,7615,3,14,2,3,80,999,7057
761603,3,5,1,1,1,1,1,5,1,,7616,3,9,2,4,49,669,2198
761705,1,2,1,1,1,1,2,2,1,,7617,5,25,1,1,144,1685,3706
761802,5,8,3,2,,1,1,1,1,,7618,2,25,1,1,145,1718,2406
761919,1,2,1,2,,2,,2,1,,7619,19,25,4,1,143,1680,2209
762002,2,3,1,2,,1,1,4,1,,7620,2,11,1,3,58,839,4928
762104,2,3,1,2,,2,,3,1,,7621,4,10,1,1,53,783,1277
762202,3,5,2,1,1,1,1,7,1,,7622,2,5,1,2,29,304,1618
762302,2,3,2,1,1,2,,3,1,,7623,2,3,1,1,15,150,749
762412,2,4,1,1,2,2,,2,1,,7624,12,10,4,1,52,768,1450
762504,3,6,2,1,2,1,1,3,1,,7625,4,13,2,5,68,927,1392
762603,2,4,1,2,,1,1,3,1,,7626,3,9,1,4,50,691,3701
762703,2,3,1,2,,1,1,5,1,,7627,3,7,2,6,38,445,7240
762805,1,1,1,2,,2,,6,1,,7628,5,7,4,6,39,451,3817
762913,2,3,0,2,,1,1,4,1,,7629,13,20,4,6,111,1382,3286
763004,2,4,3,1,1,1,1,2,1,,7630,4,25,1,1,146,1730,3310
763113,2,3,2,1,1,1,1,4,1,,7631,13,18,4,3,101,1215,1128
763206,3,5,2,2,,1,1,11,1,,7632,6,32,2,3,185,2139,1468
763314,2,2,0,2,,2,,3,1,,7633,14,12,4,6,63,887,2678
763405,3,3,2,1,2,1,1,2,1,,7634,5,12,1,6,66,914,3029
763503,3,5,1,2,,2,,1,1,,7635,3,8,1,1,45,533,2933
763605,2,3,1,1,1,1,1,5,1,,7636,5,14,4,3,77,970,8757
763705,2,6,3,1,2,1,1,2,1,,7637,5,1,1,3,5,39,1139
763804,1,2,1,2,,1,1,1,1,,7638,4,9,1,4,50,740,2798
763904,2,6,2,1,2,1,1,5,1,,7639,4,5,1,2,30,356,1435
764005,2,3,1,1,2,1,1,3,1,,7640,5,22,1,3,128,1503,2164
764106,1,3,1,1,2,1,1,2,1,,7641,6,6,2,3,32,392,627
764205,2,3,1,2,,1,1,4,1,,7642,5,17,2,5,97,1164,1770
764303,2,7,3,1,2,1,1,2,1,,7643,3,21,1,5,122,1453,4305
764403,3,4,2,1,1,1,1,4,1,,7644,3,10,3,1,51,765,1494
764514,1,1,1,2,,2,,3,1,,7645,14,28,4,2,160,1845,1479
764617,2,2,0,2,,2,,4,1,,7646,17,18,4,3,101,1219,985
764713,2,2,1,2,,2,,4,1,,7647,13,4,4,6,21,227,882
764805,2,4,3,1,1,1,1,2,1,,7648,5,21,2,5,121,1447,1361
764903,4,6,2,1,1,1,1,4,1,,7649,3,14,3,3,76,967,28513
765001,2,4,1,2,,1,1,2,1,,7650,1,23,1,6,132,1545,1545
765111,3,4,0,2,,2,,8,1,,7651,11,7,4,6,39,452,3699
765201,1,2,1,1,1,1,1,1,1,,7652,1,15,1,5,85,1035,13117
765305,3,5,2,1,1,1,1,5,1,,7653,5,27,4,6,154,1815,2566
765406,1,1,1,2,,1,1,3,1,,7654,6,21,3,5,115,1404,6225
765516,1,2,0,2,,2,,2,1,,7655,16,20,4,6,111,1381,3504
765603,2,3,1,2,,2,,1,1,,7656,3,8,1,1,44,512,2443
765703,2,3,1,1,1,1,1,2,1,,7657,3,2,1,1,9,90,2545
765817,3,4,0,2,,2,,8,2,2,7658,17,12,4,6,63,884,3037
765902,2,2,1,2,,1,1,1,1,,7659,2,17,1,5,97,1177,1270
766002,2,3,1,2,,2,,3,1,,7660,2,17,1,5,97,1161,1854
766105,2,4,1,2,,2,,3,1,,7661,5,7,1,6,40,469,3401
766206,1,2,0,2,,1,1,4,1,,7662,6,5,4,2,28,278,1371
766303,1,2,1,2,,2,,2,1,,7663,3,25,1,1,144,1695,2426
766410,2,6,2,1,1,1,1,4,2,2,7664,10,13,2,5,68,927,1392
766505,1,2,0,2,,2,,6,1,,7665,5,11,1,3,58,844,5317
766613,2,3,1,2,,1,1,4,1,,7666,13,13,4,5,70,933,2426
766705,1,4,2,1,1,1,1,1,1,,7667,5,11,1,3,60,870,7327
766803,2,4,1,2,,1,1,3,1,,7668,3,21,1,5,121,1444,3619
766903,2,7,1,2,,2,,2,1,,7669,3,10,1,1,53,791,1209
767004,3,4,0,2,,2,,4,1,,7670,4,7,1,6,41,476,4074
767102,3,5,1,2,,2,,1,1,,7671,2,24,1,2,140,1659,1413
767209,3,4,1,2,,2,,4,1,,7672,9,16,3,3,88,1107,4964
767318,1,2,0,1,1,2,,2,1,,7673,18,10,4,1,52,768,1450
767405,2,5,1,1,1,1,1,3,1,,7674,5,9,1,4,49,648,3306
767505,3,7,1,1,1,2,,6,1,,7675,5,24,4,2,137,1598,1015
767603,1,4,1,1,1,1,1,1,1,,7676,3,9,1,4,48,581,3904
767704,1,1,1,1,1,2,,5,1,,7677,4,4,1,6,24,252,853
767806,3,6,2,1,1,1,1,3,1,,7678,6,17,2,5,94,1151,717
767906,2,3,1,2,,2,,3,1,,7679,6,11,4,3,57,836,4721
768004,2,5,1,2,,1,1,2,1,,7680,4,24,1,2,140,1662,1307
768102,2,3,1,1,1,1,1,5,1,,7681,2,32,1,3,189,2161,1175
768202,2,9,3,1,1,1,1,2,1,,7682,2,14,1,3,80,1008,6695
768301,1,4,1,1,1,1,1,3,1,,7683,1,15,1,5,87,1091,13147
768402,3,6,1,2,,1,1,6,1,,7684,2,24,1,2,138,1612,1244
768501,1,4,2,1,1,1,1,3,1,,7685,1,3,1,1,17,192,642
768604,2,3,2,2,,1,1,3,1,,7686,4,28,1,2,163,1948,1518
768702,3,5,1,1,1,1,1,4,1,,7687,2,26,1,1,152,1797,2217
768802,2,5,2,1,2,1,1,4,1,,7688,2,31,1,6,182,2096,2228
768903,4,7,2,1,3,1,1,5,1,,7689,3,19,2,2,107,1326,3018
769003,1,4,2,1,1,2,,1,1,,7690,3,16,1,3,91,1126,3861
769104,3,4,2,1,1,1,1,3,1,,7691,4,22,3,3,124,1463,8536
769212,1,2,1,2,,1,1,1,1,,7692,12,30,2,5,172,2036,7817
769301,2,4,0,2,,1,1,5,1,,7693,1,17,1,5,97,1161,1854
769415,1,3,1,2,,2,,1,1,,7694,15,11,4,3,57,835,5223
769505,1,4,1,2,,1,1,1,1,,7695,5,14,1,3,79,992,7674
769611,1,4,1,2,,1,1,4,1,,7696,11,30,4,5,174,2045,5770
769702,3,5,2,1,1,1,1,2,1,,7697,2,5,1,2,30,334,1560
769803,3,5,3,1,2,1,1,1,1,,7698,3,31,1,6,184,2130,2639
769903,1,2,1,1,1,1,1,1,1,,7699,3,23,1,6,132,1542,1617
770013,2,6,2,1,2,1,1,2,1,,7700,13,24,2,2,135,1583,1844
770112,2,3,1,2,,1,1,3,1,,7701,12,13,2,5,67,918,1831
770203,1,1,0,2,,2,,1,1,,7702,3,27,4,6,155,1821,1493
770304,2,4,1,1,1,2,,2,1,,7703,4,27,4,6,155,1823,414
770411,1,2,1,1,1,1,1,5,1,,7704,11,12,2,6,61,876,2994
770504,2,2,1,2,,1,1,5,1,,7705,4,2,4,1,8,62,1927
770604,1,2,1,2,,1,2,4,1,,7706,4,12,1,6,65,895,3894
770703,3,6,1,1,1,1,1,5,1,,7707,3,9,1,4,50,761,1061
770801,2,4,1,2,,1,1,3,1,,7708,1,8,1,1,45,515,3056
770902,2,3,1,1,1,2,,4,1,,7709,2,9,1,4,48,565,4449
771005,2,3,1,1,1,1,1,3,1,,7710,5,25,1,1,145,1710,2564
771115,2,3,2,2,,1,2,3,1,,7711,15,21,3,5,115,1405,6115
771205,2,4,0,1,2,2,,4,1,,7712,5,30,4,5,173,2043,4521
771304,1,5,3,1,2,1,1,1,1,,7713,4,18,2,3,104,1241,1027
771413,1,4,1,2,,1,2,4,1,,7714,13,24,3,2,135,1584,1829
771501,2,2,1,2,,2,,3,1,,7715,1,28,1,2,162,1891,1625
771607,2,3,1,2,,2,,4,1,,7716,7,28,4,2,160,1847,1348
771703,1,3,2,2,,1,1,1,1,,7717,3,20,1,6,114,1399,3340
771820,2,4,1,2,,1,1,2,1,,7718,20,13,4,5,71,936,2779
771901,2,4,1,1,1,1,1,4,1,,7719,1,27,4,6,154,1816,2554
772005,1,2,0,2,,1,1,3,1,,7720,5,27,3,6,153,1813,2357
772101,1,2,1,2,,2,,5,1,,7721,1,27,1,6,156,1826,2011
772207,1,1,1,1,1,1,1,3,1,,7722,7,16,3,3,88,1108,4784
772302,2,4,1,1,1,1,1,4,1,,7723,2,31,1,6,183,2119,2058
772405,1,5,1,2,,1,1,4,1,,7724,5,19,1,2,106,1270,3319
772508,2,4,1,2,,1,1,4,1,,7725,8,18,4,3,101,1215,1128
772601,2,6,3,1,1,1,1,3,1,,7726,1,30,1,5,177,2082,8379
772705,2,4,1,2,,1,1,4,1,,7727,5,31,2,6,182,2107,1902
772811,2,3,1,2,,1,1,2,1,,7728,11,5,3,2,26,272,1902
772903,3,4,1,1,1,2,,3,1,,7729,3,11,4,3,57,835,5223
773001,2,4,1,1,1,1,1,4,1,,7730,1,10,1,1,53,796,1141
773104,2,3,1,1,1,1,1,3,1,,7731,4,11,1,3,59,861,5503
773214,2,4,1,2,,1,1,2,1,,7732,14,27,2,6,153,1812,2385
773309,3,4,0,2,,1,1,4,1,,7733,9,20,4,6,111,1385,3030
773402,1,3,0,2,,2,,6,1,,7734,2,12,4,6,63,889,2449
773503,2,4,1,1,1,1,1,3,1,,7735,3,31,1,6,183,2118,2076
773617,1,2,1,2,,1,1,4,1,,7736,17,18,4,3,101,1218,1072
773706,1,4,1,2,,2,,1,1,,7737,6,13,4,5,70,931,3702
773804,2,3,1,2,,1,1,2,1,,7738,4,30,2,5,176,2079,4733
773905,2,4,1,2,,1,1,2,1,,7739,5,26,1,1,152,1794,2380
774006,2,3,0,2,,1,1,1,1,,7740,6,30,4,5,174,2045,5770
774109,1,3,1,2,,1,1,4,1,,7741,9,26,2,1,147,1737,2630
774208,1,3,1,1,1,1,1,4,1,,7742,8,11,4,3,57,837,4691
774302,2,4,1,1,2,1,1,4,1,,7743,2,19,1,2,108,1341,3367
774401,2,3,2,1,1,1,1,4,1,,7744,1,19,2,2,108,1369,2811
774502,3,4,1,2,,1,1,1,1,,7745,2,2,1,1,11,123,3224
774606,1,2,1,2,,1,2,2,1,,7746,6,32,4,3,187,2148,1543
774711,1,2,1,2,,2,,5,1,,7747,11,23,2,6,129,1513,2829
774803,3,5,1,2,,1,1,4,1,,7748,3,28,1,2,163,1926,1768
774903,2,4,2,1,2,1,2,3,1,,7749,3,25,1,1,145,1703,2703
775003,3,4,1,2,,1,1,4,1,,7750,3,15,2,5,82,1019,22834
775104,2,3,1,1,1,2,,6,1,,7751,4,32,4,3,187,2146,1688
775217,3,4,1,1,1,1,1,5,1,,7752,17,27,4,6,155,1821,1493
775319,1,2,1,2,,1,1,2,1,,7753,19,16,2,3,88,1110,4468
775407,2,3,1,1,1,1,1,1,1,,7754,7,14,2,3,76,968,7378
775502,2,3,1,2,,1,1,3,1,,7755,2,2,1,1,9,75,3170
775620,2,3,1,1,1,1,1,3,1,,7756,20,14,2,3,76,968,7378
775704,2,4,1,1,1,1,1,4,1,,7757,4,3,1,1,17,184,703
775807,2,3,1,1,1,1,1,5,1,,7758,7,24,4,2,137,1599,1009
775903,2,4,1,2,,1,1,3,1,,7759,3,21,1,5,121,1445,3331
776004,2,3,0,1,1,2,,3,1,,7760,4,12,4,6,63,887,2678
776104,3,4,2,1,1,1,1,4,1,,7761,4,32,1,3,189,2156,1324
776204,3,4,2,1,2,1,1,5,1,,7762,4,26,1,1,151,1783,2043
776313,4,6,2,1,3,1,1,3,1,,7763,13,13,3,5,67,922,1613
776403,2,3,1,2,,1,1,3,1,,7764,3,1,1,3,5,28,1464
776504,1,3,1,1,1,1,1,3,1,,7765,4,19,2,2,106,1277,3200
776603,4,6,1,2,,1,1,6,1,,7766,3,10,1,1,54,809,1306
776705,2,3,1,2,,1,1,4,1,,7767,5,20,1,6,114,1399,3340
776811,1,4,1,1,1,1,1,2,1,,7768,11,30,4,5,174,2046,5443
776901,1,3,1,2,,2,,2,1,,7769,1,30,2,5,176,2075,5611
777005,3,5,2,1,2,1,1,4,1,,7770,5,26,1,1,152,1802,2095
777104,1,3,1,2,,1,1,1,1,,7771,4,28,1,2,163,1916,1926
777204,2,3,1,2,,1,1,3,1,,7772,4,9,1,4,49,629,3784
777303,3,5,1,1,1,1,1,5,1,,7773,3,9,1,4,49,610,4363
777411,2,4,1,1,1,2,,3,1,,7774,11,14,3,3,75,964,4181
777511,2,3,1,1,1,1,1,3,1,,7775,11,10,4,1,52,773,1281
777605,1,3,1,1,1,1,2,3,1,,7776,5,19,1,2,107,1313,3148
777703,1,3,1,1,1,1,1,1,1,,7777,3,5,1,2,30,330,1652
777817,2,7,2,2,,1,1,2,1,,7778,17,21,3,5,116,1406,6756
777904,3,5,0,2,,1,1,4,1,,7779,4,12,1,6,66,907,4473
778005,1,3,0,1,1,1,1,2,1,,7780,5,17,1,5,98,1193,1296
778105,2,3,2,2,,1,1,1,1,,7781,5,28,1,2,163,1937,1709
778205,1,4,1,2,,2,,2,1,,7782,5,31,1,6,183,2110,2712
778305,2,3,1,1,1,1,1,3,1,,7783,5,28,1,2,162,1892,1614
778403,1,5,2,2,,2,,2,1,,7784,3,18,4,3,101,1217,1108
778504,2,3,1,1,1,2,,4,1,,7785,4,27,4,6,155,1822,916
778604,4,5,2,1,1,1,1,5,1,,7786,4,14,1,3,78,971,15130
778704,2,4,1,2,,1,1,2,1,,7787,4,30,4,5,174,2048,4995
778803,2,3,1,1,1,1,1,3,1,,7788,3,4,1,6,23,239,819
778909,2,3,1,2,,2,,1,1,,7789,9,13,4,5,71,936,2779
779003,2,3,0,2,,2,,4,1,,7790,3,21,4,5,117,1412,4714
779102,1,4,1,2,,1,1,2,1,,7791,2,15,1,5,85,1049,11347
779208,2,2,1,1,1,2,,3,1,,7792,8,14,3,3,75,965,3506
779302,2,3,1,1,2,1,1,3,1,,7793,2,3,2,1,12,143,609
779411,2,3,1,1,1,1,2,2,1,,7794,11,30,4,5,174,2048,4995
779504,1,2,1,2,,1,1,5,1,,7795,4,29,3,5,166,1970,682
779602,1,1,1,2,,2,,1,1,,7796,2,3,1,1,15,161,350
779702,2,4,1,1,1,1,1,1,1,,7797,2,14,1,3,80,1011,4558
779804,1,2,1,2,,1,1,2,1,,7798,4,9,1,4,48,594,3319
779918,2,3,1,2,,2,,1,1,,7799,18,29,4,5,167,1976,500
780004,2,4,1,1,1,1,1,3,1,,7800,4,25,1,1,145,1717,2424
780102,1,2,1,2,,1,2,3,1,,7801,2,22,3,3,123,1461,2454
780213,3,5,1,1,2,1,1,3,1,,7802,13,8,3,1,42,481,3354
780301,2,3,1,2,,1,1,2,1,,7803,1,8,1,1,45,532,2963
780401,3,8,2,1,1,1,1,1,1,,7804,1,1,1,3,5,41,1110
780508,2,4,2,1,1,1,1,3,1,,7805,8,1,2,3,1,3,848
780605,2,4,1,2,,1,1,4,1,,7806,5,27,1,6,156,1834,771
780713,1,2,1,2,,2,,1,1,,7807,13,20,3,6,109,1373,2841
780801,2,4,1,2,,2,,1,1,,7808,1,31,2,6,179,2087,1839
780905,2,3,1,2,,2,,2,1,,7809,5,29,2,5,169,1989,1117
781018,1,2,1,1,1,2,,2,1,,7810,18,10,3,1,51,765,1494
781103,2,4,2,1,4,1,1,3,1,,7811,3,22,1,3,126,1477,1644
781205,1,5,2,1,1,1,1,2,1,,7812,5,24,1,2,140,1670,1149
781302,2,2,1,2,,1,1,2,1,,7813,2,2,1,1,9,84,2880
781402,2,2,1,1,1,1,1,4,1,,7814,2,28,1,2,163,1915,1986
781503,1,3,1,1,1,1,1,3,1,,7815,3,13,2,5,69,929,3066
781605,2,3,1,2,,1,1,5,1,,7816,5,9,1,4,49,620,4040
781701,2,3,1,2,,1,1,2,1,,7817,1,28,1,2,162,1881,1684
781820,3,5,1,1,1,2,,3,1,,7818,20,30,4,5,173,2043,4521
781904,3,7,1,1,1,1,1,4,1,,7819,4,2,1,1,10,114,2830
782010,2,3,1,2,,1,1,1,1,,7820,10,24,4,2,137,1600,973
782105,1,1,0,2,,1,1,4,1,,7821,5,20,2,6,109,1371,10690
782212,2,4,1,2,,1,2,5,1,,7822,12,21,2,5,116,1407,6595
782302,3,5,1,2,,2,,6,1,,7823,2,1,1,3,4,23,1189
782403,2,3,1,2,,1,1,2,1,,7824,3,8,1,1,44,489,3232
782510,2,3,0,2,,2,,2,1,,7825,10,7,4,6,39,447,4920
782609,2,2,0,2,,2,,4,1,,7826,9,12,4,6,63,888,2579
782703,3,5,1,2,,2,,1,1,,7827,3,25,4,1,143,1681,2188
782803,2,3,1,2,,1,1,2,1,,7828,3,25,1,1,144,1689,2866
782904,3,5,2,1,1,1,1,1,1,,7829,4,24,1,2,140,1668,1196
783004,4,5,1,1,1,1,1,7,1,,7830,4,28,3,2,159,1844,2105
783102,3,5,1,1,1,1,1,4,1,,7831,2,21,1,5,122,1457,1696
783210,1,5,1,2,,1,1,2,1,,7832,10,18,3,3,100,1214,1363
783303,1,2,1,2,,1,1,4,1,,7833,3,18,1,3,104,1240,1188
783404,3,5,1,1,1,1,1,4,1,,7834,4,19,3,2,108,1340,3378
783501,1,1,1,2,,1,1,5,1,,7835,1,3,1,1,15,150,749
783604,2,4,1,1,1,1,1,5,1,,7836,4,19,1,2,106,1264,3506
783704,3,6,1,1,1,1,1,5,1,,7837,4,26,1,1,151,1774,2152
783802,2,6,3,1,1,1,1,5,1,,7838,2,7,1,6,40,462,4163
783918,3,3,1,2,,1,1,6,1,,7839,18,24,4,2,137,1598,1015
784003,2,6,2,2,,1,1,3,1,,7840,3,31,1,6,182,2095,2255
784105,3,4,1,2,,2,,6,1,,7841,5,15,3,5,81,1017,6441
784201,2,2,1,1,1,1,2,3,1,,7842,1,5,1,2,29,301,1649
784304,1,3,1,2,,1,1,1,1,,7843,4,19,1,2,107,1322,3056
784404,1,3,1,1,1,1,1,2,1,,7844,4,28,1,2,162,1869,1745
784503,1,4,1,2,,1,1,2,1,,7845,3,31,2,6,182,2101,2002
784605,2,4,1,1,1,2,,2,1,,7846,5,7,4,6,39,454,3356
784702,3,4,1,2,,2,,4,1,,7847,2,16,4,3,90,1114,10379
784801,2,4,1,1,1,1,1,4,1,,7848,1,15,2,5,81,1016,19011
784905,1,4,2,1,2,1,1,2,1,,7849,5,11,1,3,60,874,6586
785005,3,6,2,2,,1,1,3,1,,7850,5,26,1,1,150,1763,2272
785105,2,4,1,1,1,1,1,3,1,,7851,5,21,1,5,121,1445,3331
785202,1,3,3,1,2,1,1,3,1,,7852,2,6,1,3,36,441,597
785305,1,3,1,1,1,1,2,2,1,,7853,5,5,1,2,29,316,1566
785403,1,4,1,1,2,1,1,3,1,,7854,3,24,1,2,138,1612,1244
785504,1,3,1,2,,1,1,1,1,,7855,4,14,1,3,78,980,9014
785608,2,2,1,2,,1,1,4,1,,7856,8,10,4,1,52,769,1449
785719,1,2,0,2,,2,,1,1,,7857,19,6,2,3,32,392,627
785802,3,5,1,2,,1,1,2,1,,7858,2,13,3,5,73,947,2917
785903,1,4,1,1,1,1,1,2,1,,7859,3,9,1,4,49,608,4537
786001,2,3,0,2,,1,2,2,1,,7860,1,12,1,6,64,890,4317
786108,1,1,0,2,,2,,1,1,,7861,8,21,3,5,116,1406,6756
786209,3,6,3,2,,1,1,3,1,,7862,9,21,3,5,116,1406,6756
786319,3,4,0,2,,2,,6,1,,7863,19,21,3,5,115,1404,6225
786401,1,3,1,1,1,1,1,2,1,,7864,1,19,1,2,108,1337,3434
786504,1,1,1,2,,2,,6,1,,7865,4,9,1,4,48,566,4433
786603,2,3,1,2,,2,,2,1,,7866,3,22,1,3,128,1507,2017
786717,2,4,1,2,,2,,3,1,,7867,17,30,4,5,173,2040,4785
786801,2,3,1,2,,1,1,3,1,,7868,1,1,3,3,1,2,3475
786901,1,3,1,2,,1,1,2,1,,7869,1,15,1,5,85,1056,9925
787019,2,4,1,2,,1,1,7,1,,7870,19,14,3,3,75,965,3506
787113,2,4,1,1,2,1,1,3,1,,7871,13,8,4,1,43,483,2387
787204,1,2,1,1,1,1,1,3,1,,7872,4,23,1,6,133,1570,823
787305,1,2,1,1,1,1,1,4,1,,7873,5,12,1,6,64,893,2857
787408,1,3,0,2,,2,,9,1,,7874,8,7,4,6,39,456,3330
787504,2,4,1,2,,1,1,3,1,,7875,4,32,1,3,188,2153,1417
787605,2,3,1,2,,1,1,3,1,,7876,5,14,1,3,79,995,7226
787702,2,3,1,2,,2,,4,1,,7877,2,17,4,5,95,1154,485
787819,1,2,0,2,,2,,4,1,,7878,19,12,4,6,63,884,3037
787901,1,2,1,1,1,1,1,1,1,,7879,1,9,1,4,50,741,2785
788002,2,4,1,1,1,1,1,3,1,,7880,2,24,1,2,139,1625,1380
788105,4,9,3,1,1,1,1,5,1,,7881,5,13,1,5,72,940,2912
788219,1,4,1,1,1,1,1,3,1,,7882,19,12,4,6,63,887,2678
788318,2,4,0,2,,1,1,4,1,,7883,18,4,4,6,21,228,784
788404,2,3,1,1,1,2,,4,1,,7884,4,5,1,2,29,305,1609
788515,2,4,1,2,,2,,1,1,,7885,15,29,2,5,166,1972,586
788605,1,1,1,2,,2,,1,1,,7886,5,15,3,5,85,1036,12920
788704,4,6,2,1,1,1,1,5,1,,7887,4,8,1,1,45,526,3056
788805,1,2,1,2,,1,1,5,1,,7888,5,25,1,1,144,1695,2426
788904,1,2,1,2,,1,1,3,1,,7889,4,16,2,3,88,1106,5935
789005,1,2,1,1,1,1,1,6,1,,7890,5,5,1,2,29,294,1680
789102,1,1,1,2,,2,,4,1,,7891,2,27,3,6,153,1809,2602
789202,2,5,1,1,1,1,1,2,1,,7892,2,9,1,4,50,711,3409
789304,2,4,1,1,1,1,1,2,1,,7893,4,18,1,3,103,1233,1075
789403,2,3,1,2,,1,1,1,1,,7894,3,9,1,4,50,757,1249
789503,2,5,1,1,1,1,1,4,1,,7895,3,26,1,1,151,1768,2339
789605,2,3,1,2,,1,1,2,1,,7896,5,1,1,3,4,18,1287
789705,2,3,1,2,,2,,1,1,,7897,5,3,1,1,17,189,669
789802,1,2,1,1,1,1,1,4,1,,7898,2,24,4,2,137,1599,1009
789903,1,2,0,2,,2,,3,1,,7899,3,17,4,5,96,1157,995
790001,3,6,1,1,1,1,1,3,1,,7900,1,25,1,1,145,1717,2424
790117,1,3,0,2,,2,,1,1,,7901,17,17,4,5,96,1156,1044
790204,1,4,0,1,1,2,,1,1,,7902,4,32,4,3,187,2149,1504
790311,3,4,1,1,2,1,1,5,1,,7903,11,13,4,5,71,937,2578
790404,2,3,1,1,1,1,1,3,1,,7904,4,25,1,1,144,1687,3018
790504,2,4,2,1,1,1,1,3,1,,7905,4,9,1,4,50,708,3458
790601,2,3,1,2,,1,1,3,1,,7906,1,21,2,5,121,1447,1361
790705,2,3,2,1,1,1,1,4,1,,7907,5,22,1,3,128,1502,2168
790814,2,4,1,2,,1,2,4,1,,7908,14,27,4,6,155,1821,1493
790901,1,4,1,1,1,1,1,1,1,,7909,1,31,2,6,182,2101,2002
791004,3,7,3,1,2,1,1,3,1,,7910,4,16,1,3,93,1139,4168
791101,2,4,2,2,,1,1,6,2,2,7911,1,12,1,6,65,897,3224
791201,2,3,1,2,,1,2,4,1,,7912,1,22,1,3,126,1470,2278
791310,2,4,1,1,1,1,1,3,1,,7913,10,31,3,6,179,2089,1807
791415,1,2,0,2,,2,,1,1,,7914,15,20,3,6,109,1373,2841
791502,3,6,1,2,,1,1,2,1,,7915,2,9,1,4,48,572,4144
791602,1,4,1,1,1,1,1,2,1,,7916,2,22,3,3,127,1491,1834
791713,1,1,0,2,,2,,1,1,,7917,13,31,2,6,179,2090,1761
791806,1,2,0,2,,2,,3,1,,7918,6,18,3,3,100,1211,1520
791917,1,3,1,2,,2,,2,1,,7919,17,30,4,5,174,2047,5218
792010,3,4,1,2,,2,,2,1,,7920,10,22,4,3,125,1466,2305
792116,3,4,1,1,1,1,1,5,1,,7921,16,24,3,2,135,1584,1829
792202,1,2,1,2,,2,,1,1,,7922,2,9,1,4,49,657,3118
792304,2,6,2,2,,1,1,6,1,,7923,4,9,1,4,49,644,3450
792409,1,2,0,1,1,2,,4,1,,7924,9,17,3,5,94,1147,952
792515,3,5,2,2,,1,1,6,1,,7925,15,30,3,5,172,2037,7808
792603,4,8,2,1,2,1,1,5,1,,7926,3,14,1,3,80,1005,7057
792703,2,4,1,2,,1,1,2,1,,7927,3,24,4,2,137,1597,1065
792802,3,6,2,1,2,1,1,5,1,,7928,2,9,2,4,48,567,4308
792904,3,4,1,1,1,1,1,8,1,,7929,4,17,4,5,95,1152,3409
793001,4,6,3,1,1,1,1,5,1,,7930,1,28,1,2,163,1926,1768
793105,3,4,1,2,,1,1,3,1,,7931,5,15,1,5,86,1080,10183
793204,3,6,1,1,2,1,1,5,1,,7932,4,26,2,1,148,1738,2836
793315,4,6,0,2,,1,1,5,1,,7933,15,17,4,5,96,1156,1044
793403,2,2,1,1,1,1,1,6,1,,7934,3,19,2,2,106,1285,3116
793503,2,4,1,1,1,1,1,4,1,,7935,3,21,1,5,121,1441,3844
793601,2,3,1,2,,1,1,3,1,,7936,1,9,1,4,50,697,3527
793704,1,3,1,2,,1,1,4,1,,7937,4,1,1,3,4,12,1381
793802,1,5,2,1,1,1,1,2,1,,7938,2,9,1,4,50,747,2236
793904,3,5,2,1,2,1,1,2,1,,7939,4,2,1,1,11,140,1439
794014,1,4,1,2,,2,,2,1,,7940,14,27,4,6,155,1819,1628
794103,1,4,1,2,,2,,2,1,,7941,3,27,4,6,155,1820,1502
794201,1,3,1,1,1,1,1,3,1,,7942,1,14,1,3,80,1007,6826
794304,3,4,2,1,1,1,1,3,1,,7943,4,2,1,1,10,111,2857
794412,1,3,0,1,1,1,2,3,1,,7944,12,10,4,1,52,771,1323
794513,1,2,1,1,1,2,,3,1,,7945,13,23,4,6,130,1515,1790
794601,1,2,1,2,,1,1,3,1,,7946,1,31,3,6,182,2103,1967
794704,1,1,0,2,,2,,1,1,,7947,4,9,1,4,48,570,4237
794820,2,3,0,2,,2,,9,1,,7948,20,7,4,6,39,447,4920
794914,1,3,0,2,,2,,4,1,,7949,14,7,4,6,39,447,4920
795003,3,4,1,2,,1,1,5,1,,7950,3,15,1,5,85,1062,3180
795109,3,5,1,2,,1,2,3,1,,7951,9,13,4,5,71,938,2501
795212,3,8,2,1,1,1,1,6,1,,7952,12,13,3,5,68,928,1288
795311,3,4,1,1,1,1,1,4,1,,7953,11,26,2,1,148,1739,2513
795405,1,4,1,2,,1,1,1,1,,7954,5,19,1,2,108,1350,3273
795504,2,3,2,1,1,1,2,5,1,,7955,4,3,1,1,15,150,749
795601,1,4,1,2,,1,1,1,1,,7956,1,5,1,2,31,378,1800
795703,1,2,2,2,,2,,1,1,,7957,3,26,1,1,150,1745,2726
795801,2,2,1,2,,2,,2,1,,7958,1,3,1,1,17,197,604
795902,3,4,1,2,,1,1,4,1,,7959,2,5,1,2,31,373,1836
796002,2,4,1,1,1,1,1,7,1,,7960,2,28,1,2,162,1885,1657
796120,2,6,1,1,1,1,1,4,1,,7961,20,7,4,6,39,451,3817
796204,1,6,1,1,1,1,1,2,1,,7962,4,10,1,1,54,809,1306
796314,3,4,1,2,,2,,1,1,,7963,14,20,4,6,112,1386,3430
796405,1,3,1,1,2,1,1,2,1,,7964,5,32,1,3,190,2168,2275
796518,2,3,1,1,1,1,2,6,1,,7965,18,3,4,1,14,149,796
796603,2,3,2,1,1,1,1,2,1,,7966,3,5,2,2,29,308,1594
796703,2,3,1,1,1,1,1,2,1,,7967,3,2,1,1,11,130,2969
796801,3,5,1,1,1,1,1,3,1,,7968,1,9,1,4,50,706,3491
796916,3,5,2,1,1,2,,1,1,,7969,16,22,4,3,125,1466,2305
797005,2,5,2,2,,1,1,6,1,,7970,5,22,1,3,126,1478,1530
797117,3,4,1,1,1,1,1,3,1,,7971,17,32,2,3,185,2139,1468
797216,1,2,0,2,,2,,2,1,,7972,16,12,4,6,63,889,2449
797301,1,2,1,2,,2,,3,1,,7973,1,3,1,1,15,157,626
797405,3,6,2,1,2,1,1,5,1,,7974,5,19,1,2,108,1361,3142
797515,3,5,1,1,1,1,1,4,1,,7975,15,32,2,3,185,2141,1249
797608,1,2,1,2,,2,,2,1,,7976,8,31,4,6,180,2091,2598
797703,2,3,1,2,,2,,3,1,,7977,3,23,1,6,132,1544,1573
797815,1,2,1,2,,1,1,3,1,,7978,15,11,2,3,56,831,4889
797901,1,2,0,2,,2,,2,1,,7979,1,30,4,5,173,2039,5218
798004,2,3,1,1,1,1,1,4,1,,7980,4,6,1,3,34,403,791
798102,1,5,1,1,1,1,1,2,1,,7981,2,19,2,2,105,1253,2656
798204,2,4,1,1,1,1,1,6,1,,7982,4,25,1,1,144,1696,2404
798309,1,4,1,1,1,1,1,3,1,,7983,9,32,4,3,187,2145,1691
798407,1,3,1,2,,1,1,1,1,,7984,7,30,4,5,174,2045,5770
798505,4,7,2,1,1,1,1,4,1,,7985,5,5,1,2,30,347,1489
798602,2,3,1,2,,1,1,4,1,,7986,2,8,1,1,44,492,3066
798704,3,4,0,1,1,2,,7,1,,7987,4,16,1,3,91,1118,4504
798816,2,5,2,1,2,1,1,6,1,,7988,16,4,2,6,20,224,779
798901,2,3,1,2,,1,1,5,1,,7989,1,7,1,6,40,465,3957
799005,3,5,1,2,,1,1,3,1,,7990,5,9,1,4,50,710,3442
799101,1,3,1,1,1,1,1,2,1,,7991,1,16,1,3,91,1121,4338
799206,2,4,1,2,,2,,1,1,,7992,6,30,3,5,172,2038,7808
799304,1,2,0,2,,2,,1,1,,7993,4,7,4,6,39,448,4578
799405,2,4,1,2,,1,1,4,1,,7994,5,19,2,2,105,1248,2799
799502,2,3,1,2,,1,1,3,1,,7995,2,15,1,5,87,1093,12542
799605,3,4,0,2,,2,,4,1,,7996,5,17,3,5,94,1147,952
799701,3,5,2,1,1,1,1,6,1,,7997,1,20,4,6,111,1378,4169
799804,3,4,2,1,1,1,1,8,1,,7998,4,19,1,2,107,1302,3301
799902,2,4,1,2,,1,1,4,1,,7999,2,9,1,4,48,558,6076
800006,2,4,1,1,1,1,2,4,1,,8000,6,32,4,3,187,2144,1720
800116,3,4,2,1,1,1,1,5,1,,8001,16,28,2,2,159,1843,2250
800202,1,3,1,2,,1,1,2,1,,8002,2,9,1,4,49,668,2665
800302,2,3,1,2,,1,1,4,1,,8003,2,27,4,6,155,1821,1493
800419,1,4,0,2,,2,,4,1,,8004,19,7,4,6,39,449,4091
800505,3,6,2,1,1,1,1,4,1,,8005,5,22,1,3,128,1509,1993
800603,2,5,1,1,1,2,,4,1,,8006,3,14,1,3,79,998,6511
800702,2,3,1,1,1,1,1,2,1,,8007,2,28,1,2,161,1850,2147
800802,2,4,1,1,2,1,1,6,1,,8008,2,8,1,1,45,537,383
800903,2,4,2,1,1,1,1,3,1,,8009,3,26,1,1,152,1799,2201
801013,5,7,2,1,2,1,1,5,1,,8010,13,21,4,5,117,1412,4714
801105,2,3,1,1,1,1,1,2,1,,8011,5,23,1,6,132,1549,1457
801202,2,3,1,2,,1,1,1,1,,8012,2,24,2,2,135,1583,1844
801306,2,3,1,1,2,1,1,4,1,,8013,6,23,4,6,130,1516,1778
801401,4,5,1,2,,1,1,7,1,,8014,1,10,1,1,53,782,1294
801514,2,3,1,1,1,1,1,6,1,,8015,14,25,4,1,143,1678,2442
801604,1,3,1,2,,1,1,1,1,,8016,4,5,1,2,29,314,1567
801702,3,6,1,1,3,1,1,4,1,,8017,2,28,1,2,162,1904,1534
801816,2,4,1,2,,1,1,5,1,,8018,16,23,2,6,129,1513,2829
801909,2,5,1,1,2,2,,2,1,,8019,9,8,2,1,42,480,3631
802004,3,6,2,1,1,1,1,5,1,,8020,4,10,3,1,51,766,1365
802102,2,3,1,1,1,1,1,3,1,,8021,2,25,1,1,144,1697,2258
802204,3,5,1,2,,2,,1,1,,8022,4,1,1,3,4,23,1189
802301,2,4,1,1,2,1,1,4,1,,8023,1,2,1,1,9,91,2460
802405,1,1,0,2,,2,,1,1,,8024,5,30,1,5,175,2051,6551
802518,3,5,2,1,1,1,1,5,1,,8025,18,16,3,3,88,1107,4964
802602,3,4,3,1,1,1,1,4,1,,8026,2,25,2,1,142,1677,2524
802701,2,3,0,2,,2,,3,1,,8027,1,12,1,6,65,898,3065
802804,3,5,1,1,1,1,1,4,1,,8028,4,15,1,5,87,1101,9942
802913,2,2,0,2,,1,1,2,1,,8029,13,12,3,6,61,878,2843
803004,1,2,2,1,1,1,1,2,1,,8030,4,3,1,1,18,212,706
803112,1,2,0,1,1,2,,4,1,,8031,12,20,4,6,111,1381,3504
803201,1,5,1,2,,2,,1,1,,8032,1,8,1,1,44,486,3883
803301,1,3,1,1,1,1,1,2,1,,8033,1,1,1,3,4,15,1335
803401,2,3,1,1,2,1,1,3,1,,8034,1,26,1,1,152,1798,2202
803504,2,4,1,2,,1,1,1,1,,8035,4,5,1,2,30,359,1411
803612,2,5,1,1,2,1,1,2,1,,8036,12,5,4,2,28,279,1313
803715,1,2,0,1,1,2,,2,1,,8037,15,24,4,2,136,1588,1337
803801,2,5,2,1,1,1,1,2,1,,8038,1,25,1,1,145,1698,2801
803916,1,4,1,2,,2,,1,1,,8039,16,20,4,6,112,1386,3430
804008,2,5,1,2,,2,,3,1,,8040,8,30,3,5,172,2037,7808
804101,2,3,1,1,1,1,1,3,1,,8041,1,4,3,6,20,223,797
804201,2,4,1,1,1,1,1,5,1,,8042,1,32,3,3,185,2140,1353
804303,1,6,2,2,,1,1,1,1,,8043,3,9,1,4,50,754,1844
804403,2,2,1,2,,2,,1,1,,8044,3,17,3,5,97,1159,2131
804501,1,4,2,1,1,1,1,1,1,,8045,1,26,1,1,151,1789,1662
804602,1,2,1,1,1,1,1,2,1,,8046,2,26,1,1,151,1787,1971
804705,1,1,1,2,,2,,1,1,,8047,5,15,1,5,85,1057,9893
804802,3,5,2,1,1,1,1,1,1,,8048,2,13,1,5,74,958,2331
804902,2,2,0,2,,1,1,3,1,,8049,2,12,1,6,64,890,4317
805003,3,6,2,1,1,1,1,5,1,,8050,3,8,1,1,45,529,3028
805104,2,3,1,1,1,2,,4,1,,8051,4,16,3,3,88,1107,4964
805205,1,3,1,1,1,2,,2,1,,8052,5,19,2,2,105,1252,2794
805308,2,5,1,1,1,1,1,6,1,,8053,8,23,4,6,130,1516,1778
805410,3,6,1,1,1,1,1,4,1,,8054,10,29,2,5,166,1969,729
805504,2,7,1,1,2,1,1,3,1,,8055,4,8,3,1,42,481,3354
805601,1,3,1,1,1,1,1,3,1,,8056,1,26,1,1,150,1751,2613
805704,1,2,1,2,,1,2,1,1,,8057,4,21,4,5,118,1415,5024
805801,3,6,3,1,2,1,1,4,1,,8058,1,5,1,2,31,382,1784
805901,1,3,1,1,1,2,,4,1,,8059,1,10,4,1,52,768,1450
806020,3,4,1,1,1,1,1,5,1,,8060,20,25,4,1,143,1679,2282
806108,2,4,2,2,,1,1,5,1,,8061,8,16,3,3,88,1108,4784
806201,3,5,2,2,,1,1,4,1,,8062,1,24,1,2,139,1635,1284
806312,2,4,1,1,1,1,1,4,1,,8063,12,17,4,5,95,1154,485
806404,2,3,1,1,1,1,1,5,1,,8064,4,24,1,2,139,1621,1407
806520,2,2,1,2,,1,1,4,1,,8065,20,4,3,6,20,222,977
806605,1,3,0,1,1,1,1,1,1,,8066,5,24,4,2,137,1593,1069
806711,2,4,1,1,1,1,1,4,1,,8067,11,17,2,5,94,1151,717
806804,2,4,1,1,1,1,1,4,1,,8068,4,24,1,2,140,1656,1430
806902,1,2,1,2,,1,1,4,1,,8069,2,6,1,3,35,427,768
807003,4,5,2,1,1,1,2,4,1,,8070,3,30,1,5,175,2051,6551
807101,1,2,1,2,,2,,2,1,,8071,1,11,1,3,58,856,4097
807203,3,4,1,2,,1,1,3,1,,8072,3,23,1,6,132,1532,1887
807302,2,4,1,1,1,1,1,5,1,,8073,2,26,1,1,152,1804,2023
807403,3,5,2,1,2,1,1,7,1,,8074,3,19,1,2,108,1358,3198
807508,2,3,1,2,,1,1,4,1,,8075,8,22,3,3,123,1462,2245
807610,2,4,3,2,,1,1,5,1,,8076,10,27,4,6,155,1823,414
807701,1,1,1,2,,2,,1,1,,8077,1,8,1,1,44,490,3184
807802,3,4,1,2,,1,1,5,1,,8078,2,7,1,6,40,460,4366
807904,5,6,1,2,,1,1,4,1,,8079,4,16,1,3,92,1136,3408
808005,1,2,0,2,,2,,5,1,,8080,5,13,4,5,70,933,2426
808105,2,3,1,2,,1,1,2,1,,8081,5,14,1,3,79,993,7413
808201,2,4,1,2,,1,1,2,1,,8082,1,5,1,2,29,288,1753
808302,2,3,1,1,1,1,1,2,1,,8083,2,9,1,4,49,615,4169
808401,2,4,4,2,,2,,2,1,,8084,1,19,1,2,107,1329,2780
808501,3,5,2,2,,1,1,5,1,,8085,1,9,1,4,50,739,2800
808620,1,3,1,2,,2,,2,1,,8086,20,31,4,6,180,2092,2522
808705,2,5,1,1,1,1,1,1,1,,8087,5,22,1,3,128,1496,2397
808802,3,5,2,1,1,1,1,4,2,2,8088,2,24,1,2,140,1652,1651
808910,2,4,0,2,,1,1,4,1,,8089,10,30,3,5,172,2037,7808
809010,3,4,1,1,1,2,,6,2,2,8090,10,11,2,3,56,833,4741
809102,2,3,1,1,1,2,,5,1,,8091,2,28,1,2,162,1864,1822
809204,2,4,1,2,,2,,4,1,,8092,4,29,2,5,169,2010,886
809303,3,4,1,1,1,1,1,4,1,,8093,3,13,4,5,71,938,2501
809403,1,1,0,2,,1,1,4,1,,8094,3,9,1,4,50,731,2977
809504,2,6,3,1,2,1,1,4,1,,8095,4,17,1,5,99,1203,1638
809614,1,3,0,2,,2,,2,1,,8096,14,21,4,5,117,1410,5193
809704,3,5,2,1,4,1,1,8,1,,8097,4,31,1,6,183,2115,2129
809803,1,2,3,2,,2,,3,1,,8098,3,10,4,1,52,768,1450
809901,3,6,2,1,1,1,1,5,1,,8099,1,21,4,5,117,1413,3844
810003,2,4,1,1,1,1,1,6,1,,8100,3,19,1,2,107,1308,3224
810102,2,3,1,1,1,1,1,3,1,,8101,2,24,1,2,139,1649,1058
810202,2,3,0,2,,2,,5,1,,8102,2,29,4,5,169,2008,972
810303,2,4,2,1,1,1,1,8,1,,8103,3,19,1,2,106,1292,2604
810401,2,3,1,1,1,1,1,3,1,,8104,1,19,1,2,107,1299,3334
810505,2,3,1,2,,1,1,4,1,,8105,5,9,1,4,48,564,4552
810603,1,3,1,2,,2,,1,1,,8106,3,18,2,3,103,1226,1221
810716,2,3,1,1,1,2,,4,1,,8107,16,8,4,1,43,483,2387
810801,2,2,1,2,,1,1,3,1,,8108,1,2,1,1,9,83,2919
810905,2,5,1,2,,1,1,2,1,,8109,5,5,1,2,30,356,1435
811005,2,3,1,2,,1,1,3,1,,8110,5,1,1,3,4,11,1396
811105,2,3,1,2,,1,1,3,1,,8111,5,9,1,4,50,696,3566
811215,2,3,0,2,,2,,2,1,,8112,15,30,4,5,173,2039,5218
811306,2,6,1,2,,1,1,2,1,,8113,6,31,2,6,179,2090,1761
811403,2,3,2,2,,1,1,3,1,,8114,3,28,1,2,162,1879,1697
811505,3,4,2,2,,1,1,6,1,,8115,5,23,1,6,132,1541,1625
811607,1,3,1,2,,1,2,4,1,,8116,7,24,2,2,135,1582,2162
811705,2,3,0,2,,1,1,2,1,,8117,5,21,1,5,120,1419,6156
811805,4,5,2,1,2,1,1,4,1,,8118,5,26,1,1,152,1804,2023
811918,1,2,1,2,,1,1,3,1,,8119,18,6,2,3,32,393,610
812008,1,1,1,2,,2,,2,1,,8120,8,20,2,6,110,1377,3890
812104,2,4,1,2,,1,1,2,1,,8121,4,31,1,6,182,2099,2136
812204,1,4,1,2,,1,1,2,1,,8122,4,24,1,2,138,1602,1545
812313,3,5,1,1,2,1,1,3,1,,8123,13,22,3,3,123,1461,2454
812402,2,5,2,1,1,1,1,1,1,,8124,2,1,1,3,6,54,1277
812501,2,4,2,2,,1,1,1,1,,8125,1,9,1,4,50,702,3527
812605,2,3,1,1,1,1,1,3,1,,8126,5,3,1,1,17,186,691
812701,1,2,1,1,1,1,2,4,1,,8127,1,9,1,4,49,665,2914
812801,2,2,1,2,,1,1,2,1,,8128,1,17,1,5,99,1201,1987
812908,2,2,1,1,1,1,1,5,1,,8129,8,6,4,3,33,394,835
813004,2,3,1,2,,1,1,6,1,,8130,4,19,1,2,107,1299,3334
813101,4,6,1,2,,1,1,7,1,,8131,1,1,1,3,5,34,1336
813204,1,3,1,2,,1,1,1,1,,8132,4,1,3,3,1,1,3781
813302,4,6,1,1,1,1,1,3,1,,8133,2,28,1,2,162,1882,1669
813401,2,4,1,2,,1,1,5,1,,8134,1,28,1,2,162,1888,1654
813508,1,3,1,1,1,2,,2,1,,8135,8,16,4,3,90,1115,3760
813602,2,6,1,1,1,1,1,5,2,2,8136,2,30,4,5,174,2046,5443
813703,3,4,1,1,1,1,1,3,1,,8137,3,18,1,3,103,1236,1037
813804,2,3,1,1,2,1,1,2,1,,8138,4,2,1,1,9,67,3508
813904,3,3,1,1,1,1,1,6,1,,8139,4,18,4,3,101,1215,1128
814005,1,4,1,1,1,1,1,1,1,,8140,5,5,1,2,29,288,1753
814116,1,2,0,2,,2,,4,1,,8141,16,18,4,3,101,1219,985
814201,1,2,0,1,1,2,,2,1,,8142,1,24,4,2,137,1594,1069
814315,3,4,0,2,,1,1,5,1,,8143,15,20,4,6,111,1382,3286
814403,1,3,1,2,,1,1,2,1,,8144,3,31,4,6,180,2091,2598
814502,2,6,1,2,,1,1,2,1,,8145,2,9,1,4,50,760,1073
814601,2,5,1,2,,1,2,4,1,,8146,1,20,2,6,110,1375,5038
814720,1,1,0,2,,2,,4,1,,8147,20,19,3,2,105,1255,1919
814803,3,6,1,1,1,1,1,8,1,,8148,3,18,4,3,101,1215,1128
814909,2,4,2,2,,1,1,4,1,,8149,9,4,4,6,21,229,690
815011,2,4,1,2,,1,1,2,1,,8150,11,13,2,5,67,918,1831
815118,1,3,1,1,1,2,,1,1,,8151,18,13,4,5,70,932,2540
815205,2,4,1,1,1,1,1,4,1,,8152,5,25,1,1,146,1722,3772
815302,2,3,0,2,,1,1,3,1,,8153,2,2,1,1,9,92,2345
815403,3,4,1,2,,1,1,4,1,,8154,3,27,1,6,157,1837,2715
815503,2,3,1,1,1,1,1,3,1,,8155,3,24,1,2,139,1623,1392
815604,2,3,1,2,,1,1,2,1,,8156,4,9,1,4,48,595,3299
815709,3,3,1,2,,2,,5,1,,8157,9,18,4,3,101,1218,1072
815802,4,6,1,2,,1,1,4,1,,8158,2,9,1,4,49,639,3584
815908,2,3,1,1,1,1,1,2,1,,8159,8,26,2,1,147,1737,2630
816010,2,5,0,2,,1,2,3,1,,8160,10,20,3,6,109,1373,2841
816102,1,1,0,2,,1,1,2,1,,8161,2,29,4,5,169,1985,1170
816202,2,3,1,1,1,2,,5,1,,8162,2,8,1,1,44,498,2876
816302,1,1,0,2,,2,,4,1,,8163,2,26,4,1,149,1740,2152
816402,3,6,3,1,2,1,1,6,1,,8164,2,9,1,4,50,716,3331
816513,2,4,0,2,,1,1,7,1,,8165,13,18,3,3,100,1210,1538
816603,1,6,2,1,2,1,1,2,1,,8166,3,3,1,1,18,207,748
816704,2,4,1,1,1,1,1,3,1,,8167,4,2,1,1,9,74,3176
816805,3,4,1,1,1,1,1,5,1,,8168,5,14,1,3,79,985,9225
816905,1,1,1,2,,2,,1,1,,8169,5,3,1,1,15,151,748
817001,2,3,2,1,1,1,1,4,1,,8170,1,9,1,4,50,689,3719
817101,3,5,2,1,1,1,1,5,1,,8171,1,21,2,5,122,1454,4215
817208,1,2,2,2,,1,1,3,1,,8172,8,6,2,3,32,392,627
817319,3,4,1,1,2,1,1,5,1,,8173,19,26,2,1,147,1737,2630
817401,2,4,2,2,,1,1,1,1,,8174,1,28,1,2,164,1955,2022
817509,2,4,0,2,,2,,2,1,,8175,9,24,4,2,136,1590,1225
817601,1,1,1,2,,2,,3,1,,8176,1,23,4,6,130,1515,1790
817702,1,3,1,1,1,1,1,2,1,,8177,2,9,1,4,50,755,1673
817812,2,3,1,2,,2,,3,1,,8178,12,12,4,6,63,886,2839
817905,6,7,1,1,2,1,1,5,1,,8179,5,10,3,1,51,764,4628
818002,2,3,1,1,1,1,1,4,1,,8180,2,26,1,1,151,1769,2313
818105,4,6,0,2,,2,,2,1,,8181,5,30,4,5,173,2041,4774
818203,3,4,1,2,,1,1,5,1,,8182,3,9,1,4,48,564,4552
818305,1,2,1,2,,2,,1,1,,8183,5,13,2,5,68,924,5515
818407,1,1,0,2,,1,1,3,1,,8184,7,23,4,6,130,1516,1778
818504,1,3,1,2,,1,1,3,1,,8185,4,23,1,6,132,1554,1316
818604,2,4,1,1,1,1,1,3,1,,8186,4,19,2,2,107,1332,1023
818704,2,3,1,2,,1,1,4,1,,8187,4,17,2,5,97,1166,1711
818801,1,5,2,1,1,1,1,1,1,,8188,1,32,1,3,189,2166,916
818902,2,5,1,2,,2,,3,1,,8189,2,31,1,6,182,2104,1952
819004,4,5,2,1,2,1,1,4,1,,8190,4,1,1,3,6,50,1373
819103,3,5,1,1,1,2,,7,1,,8191,3,18,2,3,100,1213,1488
819209,3,5,1,1,1,1,1,5,1,,8192,9,6,2,3,32,390,691
819302,3,4,2,1,3,1,1,4,1,,8193,2,28,1,2,164,1958,1911
819412,2,4,1,1,1,1,1,2,1,,8194,12,18,4,3,101,1217,1108
819502,2,4,2,1,1,1,1,1,1,,8195,2,21,1,5,121,1434,4829
819603,2,5,1,1,1,1,1,1,1,,8196,3,9,1,4,50,751,2087
819704,2,3,1,2,,1,1,3,1,,8197,4,9,1,4,48,560,5197
819807,1,2,0,2,,1,1,2,1,,8198,7,12,2,6,62,879,3249
819904,3,4,1,2,,1,1,4,1,,8199,4,32,1,3,190,2167,2292
820005,2,4,1,2,,1,1,4,1,,8200,5,10,1,1,54,801,1327
820112,2,3,1,2,,2,,3,1,,8201,12,13,4,5,71,938,2501
820216,2,2,1,2,,1,1,4,1,,8202,16,31,4,6,180,2092,2522
820302,2,3,1,1,1,1,1,4,1,,8203,2,2,1,1,9,82,2951
820404,2,4,1,1,1,1,1,2,1,,8204,4,5,1,2,30,345,1490
820503,3,4,2,2,,1,1,5,1,,8205,3,19,1,2,107,1309,3217
820605,1,1,0,1,1,1,1,5,1,,8206,5,17,1,5,97,1169,1663
820713,4,5,2,1,1,1,1,4,1,,8207,13,22,4,3,125,1467,2137
820803,2,4,1,2,,2,,3,1,,8208,3,17,1,5,97,1178,1181
820902,1,2,1,1,1,1,1,4,1,,8209,2,19,1,2,106,1288,3090
821004,3,5,1,1,1,1,1,8,1,,8210,4,9,1,4,48,579,3927
821102,3,5,1,2,,1,1,2,1,,8211,2,19,2,2,105,1249,2799
821205,2,3,1,2,,2,,4,1,,8212,5,12,2,6,62,881,1964
821306,2,3,1,2,,1,1,6,1,,8213,6,6,3,3,32,391,636
821413,2,3,1,2,,1,1,3,1,,8214,13,16,4,3,90,1116,3460
821504,2,2,1,1,2,1,1,4,1,,8215,4,2,4,1,8,63,1922
821602,2,3,1,1,1,1,1,4,1,,8216,2,11,1,3,59,859,6264
821701,2,3,1,1,1,1,1,3,1,,8217,1,27,4,6,156,1833,1587
821805,4,8,1,1,1,1,1,7,1,,8218,5,5,1,2,29,281,1846
821903,1,3,1,2,,1,1,2,1,,8219,3,9,1,4,50,740,2798
822002,1,3,1,1,1,1,1,2,1,,8220,2,8,1,1,46,541,3394
822105,2,6,1,1,1,1,1,2,1,,8221,5,8,1,1,45,531,2980
822203,3,4,1,2,,1,1,3,1,,8222,3,5,1,2,30,345,1490
822303,1,2,1,2,,1,1,5,1,,8223,3,19,1,2,106,1288,3090
822405,1,3,1,2,,2,,2,1,,8224,5,9,1,4,48,575,4004
822505,2,4,3,1,1,1,1,3,1,,8225,5,4,1,6,23,235,931
822604,2,3,1,1,1,1,1,3,1,,8226,4,2,1,1,10,118,2754
822703,2,4,1,2,,2,,3,1,,8227,3,28,1,2,163,1939,1707
822820,2,3,0,2,,2,,6,1,,8228,20,21,3,5,115,1404,6225
822919,1,2,1,2,,2,,1,1,,8229,19,27,4,6,154,1817,2285
823007,2,4,1,1,2,1,2,4,1,,8230,7,30,4,5,173,2043,4521
823105,1,2,1,2,,2,,1,1,,8231,5,21,1,5,122,1456,3365
823213,3,3,1,2,,2,,3,1,,8232,13,18,4,3,101,1216,1115
823305,3,5,1,1,1,1,1,6,1,,8233,5,14,3,3,75,964,4181
823404,2,3,2,1,1,1,1,2,1,,8234,4,5,1,2,31,367,2157
823511,1,3,1,1,1,1,1,1,1,,8235,11,26,4,1,149,1741,2121
823620,1,2,1,2,,2,,1,1,,8236,20,27,4,6,155,1819,1628
823717,1,2,0,2,,2,,6,1,,8237,17,12,3,6,61,878,2843
823804,3,4,1,1,1,1,1,5,1,,8238,4,20,1,6,113,1395,2979
823903,2,4,1,2,,2,,6,1,,8239,3,24,1,2,138,1610,1269
824005,3,5,1,1,2,1,1,5,1,,8240,5,9,1,4,50,702,3527
824118,3,4,2,2,,1,1,8,1,,8241,18,31,3,6,179,2089,1807
824203,1,3,1,1,1,1,1,4,1,,8242,3,5,1,2,30,335,1555
824304,3,6,2,1,3,1,1,3,1,,8243,4,3,1,1,18,216,641
824404,2,4,0,2,,1,1,5,1,,8244,4,9,1,4,49,671,1908
824503,2,5,1,2,,1,1,2,1,,8245,3,18,1,3,103,1232,1097
824603,2,4,0,2,,2,,4,1,,8246,3,30,2,5,175,2059,5427
824702,2,3,1,1,1,1,1,4,1,,8247,2,24,1,2,139,1623,1392
824804,1,3,1,1,1,1,1,2,1,,8248,4,2,1,1,9,90,2545
824901,2,5,2,1,1,1,1,3,1,,8249,1,14,1,3,80,1005,7057
825002,2,4,2,1,1,1,1,1,1,,8250,2,6,1,3,35,432,683
825105,3,5,1,2,,2,,3,1,,8251,5,10,1,1,53,783,1277
825203,2,2,1,2,,1,1,6,1,,8252,3,11,1,3,58,850,4776
825318,2,3,1,1,1,2,,3,1,,8253,18,26,2,1,147,1737,2630
825420,1,5,2,2,,2,,1,1,,8254,20,6,2,3,32,392,627
825501,4,5,1,1,1,1,1,3,1,,8255,1,28,1,2,162,1880,1686
825601,2,3,1,2,,2,,4,1,,8256,1,9,1,4,48,585,3733
825702,3,5,1,1,2,1,1,6,1,,8257,2,28,1,2,162,1894,1604
825814,2,3,1,1,1,2,,4,1,,8258,14,24,4,2,137,1600,973
825903,3,4,1,1,1,2,,2,1,,8259,3,24,3,2,135,1586,1785
826001,2,3,2,2,,1,1,3,1,,8260,1,3,1,1,16,162,816
826105,1,2,1,2,,1,1,2,1,,8261,5,15,3,5,81,1015,19018
826201,4,7,1,2,,1,1,5,1,,8262,1,30,1,5,176,2078,5059
826303,3,4,3,1,1,1,1,2,1,,8263,3,6,1,3,36,433,666
826405,1,2,0,2,,1,1,2,1,,8264,5,30,1,5,176,2077,5493
826501,2,4,1,2,,2,,4,1,,8265,1,17,3,5,94,1149,880
826603,3,7,3,1,2,1,1,6,1,,8266,3,5,1,2,31,386,1676
826702,2,4,2,1,3,1,1,4,1,,8267,2,10,2,1,54,814,1273
826804,2,3,1,1,1,1,1,3,1,,8268,4,6,1,3,35,427,768
826901,3,5,1,1,2,1,1,3,2,3,8269,1,19,1,2,108,1364,3060
827004,2,3,1,2,,1,1,5,1,,8270,4,19,1,2,107,1325,3020
827119,2,4,1,2,,1,1,5,1,,8271,19,21,4,5,117,1413,3844
827203,3,5,3,1,1,1,1,4,1,,8272,3,24,1,2,140,1666,1258
827304,2,5,1,2,,1,1,3,1,,8273,4,5,1,2,29,291,1714
827416,3,4,0,2,,2,,5,1,,8274,16,20,4,6,111,1379,3848
827511,1,2,1,2,,2,,2,1,,8275,11,6,4,3,33,395,576
827605,2,3,1,2,,1,1,4,1,,8276,5,28,1,2,162,1897,1571
827705,1,3,1,2,,1,1,2,1,,8277,5,2,1,1,10,119,2740
827801,3,4,1,1,1,1,1,2,1,,8278,1,19,1,2,108,1354,3243
827907,1,4,1,2,,2,,1,1,,8279,7,6,2,3,32,393,610
828002,2,2,1,1,1,1,1,4,1,,8280,2,2,1,1,9,87,2716
828102,2,4,2,2,,1,1,3,1,,8281,2,12,1,6,65,905,2110
828205,2,3,1,1,1,1,2,4,1,,8282,5,25,1,1,144,1691,2750
828310,1,1,0,2,,2,,3,1,,8283,10,21,4,5,117,1410,5193
828401,2,3,1,1,1,1,1,2,1,,8284,1,19,1,2,107,1320,3082
828505,4,5,2,1,1,1,1,5,1,,8285,5,11,1,3,59,858,6443
828605,2,5,1,1,1,1,1,2,1,,8286,5,10,1,1,55,824,1339
828703,2,2,0,1,1,2,,3,1,,8287,3,23,1,6,131,1519,2214
828817,2,4,1,2,,2,,2,1,,8288,17,18,4,3,101,1215,1128
828912,2,3,1,2,,2,,2,1,,8289,12,24,2,2,135,1585,1797
829004,1,3,1,2,,2,,2,1,,8290,4,27,1,6,157,1838,827
829101,1,1,0,2,,2,,2,1,,8291,1,29,4,5,167,1976,500
829215,1,5,1,2,,1,2,1,1,,8292,15,32,4,3,187,2144,1720
829304,2,4,2,1,3,1,1,5,1,,8293,4,26,1,1,151,1786,1977
829401,2,3,1,1,1,1,1,2,1,,8294,1,28,1,2,163,1914,2027
829502,2,3,1,1,1,1,1,3,1,,8295,2,25,1,1,145,1702,2704
829620,3,4,0,2,,2,,5,1,,8296,20,24,4,2,136,1589,1281
829706,2,3,0,2,,2,,2,1,,8297,6,23,4,6,130,1515,1790
829802,4,4,1,2,,1,2,4,1,,8298,2,21,2,5,116,1407,6595
829905,4,4,1,2,,1,1,4,1,,8299,5,10,1,1,54,816,1239
830003,2,4,1,2,,1,1,2,1,,8300,3,22,2,3,127,1489,1887
830118,3,4,1,1,2,1,2,4,1,,8301,18,25,3,1,141,1675,2587
830218,4,5,2,1,1,2,,3,1,,8302,18,10,4,1,52,773,1281
830318,1,1,1,2,,2,,3,1,,8303,18,8,3,1,42,481,3354
830401,3,4,1,1,1,1,1,5,1,,8304,1,32,1,3,188,2154,1413
830505,3,8,3,2,,1,1,1,1,,8305,5,28,1,2,162,1876,1713
830607,2,4,1,1,1,2,,4,1,,8306,7,24,3,2,135,1587,1397
830703,1,1,1,2,,1,1,1,1,,8307,3,15,1,5,86,1078,10950
830801,2,3,1,2,,2,,2,1,,8308,1,7,1,6,41,473,4296
830906,3,4,1,1,1,1,1,5,1,,8309,6,1,4,3,3,8,1437
831011,1,1,1,2,,1,1,1,1,,8310,11,23,4,6,130,1515,1790
831106,2,3,1,1,1,2,,3,1,,8311,6,12,2,6,62,879,3249
831220,3,5,1,2,,2,,7,1,,8312,20,27,4,6,155,1822,916
831305,2,3,1,1,1,1,1,2,1,,8313,5,2,1,1,11,124,3086
831405,1,3,0,2,,1,1,2,1,,8314,5,15,2,5,85,1041,12342
831512,1,6,2,2,,1,1,1,1,,8315,12,20,2,6,110,1377,3890
831603,2,4,1,2,,1,1,2,1,,8316,3,28,1,2,162,1859,1917
831702,4,8,2,1,1,1,1,3,1,,8317,2,16,1,3,91,1124,3957
831804,2,3,1,2,,1,1,2,1,,8318,4,25,1,1,145,1719,2356
831902,3,4,2,1,1,1,1,5,1,,8319,2,10,4,1,52,772,1285
832002,2,5,1,2,,1,2,1,1,,8320,2,21,1,5,120,1425,5082
832102,2,3,1,2,,1,1,4,1,,8321,2,18,1,3,102,1220,1416
832203,1,4,1,2,,1,1,2,1,,8322,3,1,3,3,1,1,3781
832309,2,5,1,1,1,1,1,3,1,,8323,9,32,4,3,187,2144,1720
832405,2,4,1,1,1,1,1,6,1,,8324,5,4,4,6,21,228,784
832503,3,4,1,2,,2,,3,1,,8325,3,14,3,3,75,965,3506
832608,3,5,1,2,,2,,2,1,,8326,8,20,3,6,109,1374,2508
832704,1,4,1,1,1,1,1,1,1,,8327,4,24,1,2,140,1655,1451
832805,3,3,1,2,,2,,5,1,,8328,5,16,1,3,91,1120,4396
832905,2,2,1,2,,2,,4,1,,8329,5,27,4,6,155,1822,916
833011,1,2,1,2,,2,,1,1,,8330,11,18,4,3,101,1215,1128
833113,1,2,1,2,,2,,3,1,,8331,13,6,2,3,32,390,691
833205,2,3,1,2,,1,1,5,1,,8332,5,19,2,2,107,1332,1023
833303,2,5,1,2,,2,,2,1,,8333,3,9,1,4,50,719,3305
833401,2,3,1,2,,1,1,3,1,,8334,1,8,1,1,45,529,3028
833507,1,2,1,2,,2,,1,1,,8335,7,6,4,3,33,394,835
833605,3,5,2,1,2,1,1,4,1,,8336,5,5,1,2,31,385,1728
833709,1,4,2,2,,1,1,5,1,,8337,9,30,4,5,174,2046,5443
833801,2,6,1,1,1,1,2,3,1,,8338,1,12,3,6,62,880,3244
833906,1,2,0,2,,1,1,4,1,,8339,6,18,3,3,100,1214,1363
834003,1,7,2,1,1,2,,2,1,,8340,3,10,1,1,53,794,1193
834103,2,2,1,2,,2,,1,1,,8341,3,6,2,3,32,390,691
834201,2,3,1,2,,1,1,8,1,,8342,1,25,1,1,145,1704,2651
834303,1,4,2,1,1,2,,1,1,,8343,3,10,3,1,51,766,1365
834420,2,2,1,2,,2,,2,1,,8344,20,16,3,3,88,1111,4301
834518,2,3,0,2,,1,2,3,1,,8345,18,21,3,5,115,1405,6115
834602,1,6,1,2,,2,,2,1,,8346,2,23,1,6,134,1577,1657
834704,1,4,1,2,,1,1,3,1,,8347,4,31,3,6,178,2086,1819
834805,3,4,1,2,,1,1,4,2,2,8348,5,32,1,3,189,2155,1378
834902,4,8,3,1,1,1,1,6,1,,8349,2,10,1,1,53,789,1214
835005,1,4,1,1,1,1,1,2,1,,8350,5,26,1,1,151,1782,2050
835113,1,1,0,2,,2,,4,1,,8351,13,17,4,5,96,1157,995
835203,2,4,1,1,1,1,1,3,1,,8352,3,9,1,4,49,654,3163
835304,2,3,1,1,1,2,,2,1,,8353,4,17,3,5,97,1168,1667
835411,1,2,1,2,,2,,1,1,,8354,11,4,2,6,20,224,779
835507,2,4,0,2,,1,1,4,1,,8355,7,21,4,5,118,1414,5277
835601,2,4,1,2,,1,2,4,1,,8356,1,25,1,1,145,1700,2768
835703,1,2,0,2,,2,,3,1,,8357,3,7,4,6,39,456,3330
835802,3,5,1,1,1,1,1,4,1,,8358,2,20,1,6,114,1403,2379
835906,2,3,1,2,,2,,3,1,,8359,6,5,3,2,26,272,1902
836002,1,2,1,2,,1,1,3,1,,8360,2,23,1,6,132,1559,486
836101,1,3,1,2,,2,,3,1,,8361,1,24,1,2,139,1646,1169
836201,1,2,0,2,,2,,1,1,,8362,1,24,4,2,137,1595,1121
836301,2,5,2,1,2,1,1,3,1,,8363,1,2,1,1,11,135,2757
836419,2,3,1,2,,2,,1,1,,8364,19,18,4,3,101,1218,1072
836502,2,3,0,2,,2,,3,1,,8365,2,4,1,6,23,243,770
836603,2,5,1,2,,1,1,5,1,,8366,3,5,1,2,30,339,1541
836702,2,4,1,2,,1,1,3,1,,8367,2,17,1,5,98,1195,1209
836807,3,5,1,1,1,1,1,5,1,,8368,7,26,4,1,149,1742,1939
836902,1,3,1,2,,1,1,5,1,,8369,2,9,1,4,49,624,3913
837001,1,2,0,2,,1,1,1,1,,8370,1,9,1,4,48,566,4433
837106,2,3,0,2,,2,,7,1,,8371,6,20,4,6,111,1378,4169
837203,2,3,1,2,,2,,8,1,,8372,3,19,2,2,105,1251,2799
837303,3,4,2,1,1,1,1,6,1,,8373,3,19,1,2,107,1311,3189
837403,1,3,1,2,,1,2,3,1,,8374,3,22,1,3,126,1471,2195
837503,1,2,1,1,1,2,,2,1,,8375,3,31,2,6,179,2090,1761
837605,2,5,1,2,,1,1,4,1,,8376,5,8,1,1,45,519,3308
837703,1,2,0,2,,2,,1,1,,8377,3,21,1,5,120,1423,5696
837805,1,2,1,1,1,1,1,2,1,,8378,5,5,1,2,29,283,1826
837902,1,4,1,1,1,2,,2,1,,8379,2,19,1,2,107,1317,3114
838005,2,4,1,1,1,1,1,4,1,,8380,5,26,1,1,150,1750,2617
838108,1,4,0,2,,2,,2,1,,8381,8,20,4,6,111,1381,3504
838202,1,1,1,2,,2,,2,1,,8382,2,29,3,5,166,1971,658
838301,2,5,1,1,1,1,1,5,1,,8383,1,10,1,1,55,824,1339
838404,2,5,1,1,2,1,1,4,1,,8384,4,25,1,1,145,1713,2488
838513,3,4,2,1,1,1,1,3,1,,8385,13,16,2,3,88,1109,4626
838606,1,2,1,2,,2,,1,1,,8386,6,32,2,3,186,2142,1673
838702,2,4,1,2,,2,,4,1,,8387,2,8,1,1,45,530,2985
838803,2,5,1,1,2,1,1,3,1,,8388,3,19,1,2,108,1359,3198
838910,2,3,0,2,,2,,7,1,,8389,10,20,3,6,109,1374,2508
839014,1,2,0,1,1,1,2,2,1,,8390,14,24,4,2,136,1588,1337
839103,1,3,1,2,,1,1,1,1,,8391,3,25,1,1,145,1707,2602
839205,1,1,0,2,,2,,1,1,,8392,5,15,1,5,85,1037,12706
839303,3,5,2,1,1,1,1,3,1,,8393,3,30,1,5,176,2077,5493
839416,2,4,1,2,,2,,3,1,,8394,16,10,4,1,52,772,1285
839502,2,5,1,1,1,2,,3,1,,8395,2,10,3,1,51,766,1365
839613,2,3,1,2,,2,,2,1,,8396,13,11,4,3,57,836,4721
839702,3,5,2,1,1,1,1,1,1,,8397,2,20,3,6,114,1400,3262
839815,2,3,0,2,,1,1,4,1,,8398,15,18,4,3,101,1218,1072
839915,2,5,2,1,2,2,,3,1,,8399,15,13,4,5,71,937,2578
840002,2,3,1,1,1,1,1,4,1,,8400,2,22,4,3,125,1465,3729
840101,3,4,1,2,,1,1,6,1,,8401,1,29,3,5,166,1970,682
840203,3,6,1,2,,1,1,5,1,,8402,3,15,1,5,86,1067,13050
840302,2,5,1,2,,1,1,4,1,,8403,2,19,1,2,106,1272,3266
840416,3,5,2,2,,1,1,3,1,,8404,16,5,4,2,28,278,1371
840503,3,5,2,1,1,1,1,3,1,,8405,3,9,1,4,50,689,3719
840606,2,6,1,1,1,2,,2,1,,8406,6,16,3,3,88,1108,4784
840702,2,5,0,2,,1,2,3,1,,8407,2,21,1,5,121,1443,3700
840801,2,4,1,2,,1,1,7,1,,8408,1,4,1,6,24,253,833
840902,2,4,1,2,,1,1,2,1,,8409,2,15,1,5,86,1072,12524
841004,2,3,1,1,1,1,1,3,1,,8410,4,31,1,6,182,2102,1987
841101,3,6,2,1,1,1,1,5,1,,8411,1,27,1,6,158,1841,3131
841203,1,4,1,1,1,2,,5,1,,8412,3,29,3,5,169,1999,1031
841307,2,4,1,1,1,2,,5,1,,8413,7,22,3,3,123,1462,2245
841402,3,5,2,1,1,1,1,5,1,,8414,2,9,1,4,50,736,2891
841502,2,3,1,1,1,1,1,2,1,,8415,2,1,1,3,4,22,1253
841603,4,6,2,2,,1,1,4,1,,8416,3,28,1,2,163,1933,1734
841701,1,3,0,2,,2,,3,1,,8417,1,15,1,5,85,1058,9709
841802,2,5,1,1,2,1,1,3,1,,8418,2,21,1,5,121,1438,4413
841915,2,3,1,1,1,2,,2,1,,8419,15,2,4,1,8,63,1922
842002,2,5,1,1,1,1,1,3,1,,8420,2,26,1,1,151,1772,2183
842101,2,3,1,2,,1,2,3,1,,8421,1,5,1,2,29,320,1475
842201,1,2,1,1,1,1,1,2,1,,8422,1,23,1,6,133,1561,1831
842305,4,5,1,1,1,1,1,8,1,,8423,5,10,4,1,52,773,1281
842405,2,3,1,1,1,1,2,3,1,,8424,5,6,1,3,34,396,778
842511,1,2,1,2,,2,,2,1,,8425,11,11,2,3,56,831,4889
842607,2,4,1,1,1,1,1,4,1,,8426,7,13,2,5,67,918,1831
842701,1,1,0,2,,2,,4,1,,8427,1,15,3,5,85,1036,12920
842820,2,4,1,2,,2,,4,1,,8428,20,7,3,6,37,442,5052
842919,1,2,1,2,,1,1,1,1,,8429,19,24,3,2,135,1587,1397
843001,4,6,2,1,1,2,,3,1,,8430,1,16,1,3,91,1126,3861
843101,3,4,1,2,,1,1,5,1,,8431,1,7,1,6,40,458,4557
843213,2,5,3,1,1,1,1,4,1,,8432,13,16,2,3,88,1106,5935
843303,1,4,1,2,,2,,1,1,,8433,3,27,2,6,153,1810,2576
843414,3,5,1,1,1,1,1,1,1,,8434,14,19,3,2,105,1255,1919
843503,2,6,2,1,1,1,1,3,1,,8435,3,17,1,5,98,1199,1137
843603,1,3,1,1,1,1,1,2,1,,8436,3,4,1,6,23,238,831
843703,2,3,1,1,1,1,1,5,1,,8437,3,24,1,2,139,1631,1302
843804,3,4,1,1,1,1,1,1,1,,8438,4,2,1,1,10,96,3718
843901,2,6,1,2,,1,1,3,1,,8439,1,7,4,6,39,452,3699
844002,2,4,2,2,,1,1,5,1,,8440,2,18,2,3,100,1213,1488
844103,2,5,1,1,1,1,1,5,1,,8441,3,18,1,3,103,1225,1267
844205,2,4,1,2,,1,1,2,1,,8442,5,24,1,2,139,1647,1151
844303,2,3,1,1,1,1,2,2,1,,8443,3,9,1,4,49,619,4117
844402,4,12,2,2,,1,1,4,1,,8444,2,32,1,3,189,2157,1267
844503,2,2,1,1,1,1,1,5,1,,8445,3,5,1,2,29,321,1456
844619,3,4,1,1,1,1,1,4,1,,8446,19,19,4,2,105,1250,2996
844701,1,3,1,1,1,1,1,4,1,,8447,1,22,3,3,123,1462,2245
844802,2,4,1,2,,1,1,5,1,,8448,2,24,1,2,138,1601,1592
844911,3,4,0,2,,2,,8,1,,8449,11,7,4,6,39,448,4578
845002,4,7,2,1,2,1,1,7,1,,8450,2,13,4,5,72,943,2474
845105,2,4,2,1,1,1,1,4,1,,8451,5,30,1,5,175,2049,7597
845212,2,3,1,1,1,2,,3,1,,8452,12,12,4,6,63,884,3037
845303,2,4,2,1,3,1,1,2,1,,8453,3,28,1,2,162,1880,1686
845402,2,3,0,2,,2,,3,1,,8454,2,27,3,6,153,1813,2357
845504,2,4,1,2,,1,1,4,1,,8455,4,28,1,2,163,1915,1986
845601,1,3,1,2,,2,,3,1,,8456,1,12,1,6,66,914,3029
845701,2,2,2,2,,2,,2,1,,8457,1,2,1,1,10,97,3525
845805,2,4,1,1,2,1,1,4,1,,8458,5,5,1,2,30,329,1661
845917,3,4,0,2,,2,,5,1,,8459,17,7,4,6,39,447,4920
846002,3,5,1,2,,2,,2,1,,8460,2,29,2,5,169,2010,886
846105,2,5,2,1,1,1,1,2,1,,8461,5,1,1,3,6,59,1038
846204,3,4,1,1,1,1,1,5,1,,8462,4,15,1,5,87,1097,11460
846302,4,6,2,1,2,2,,3,1,,8463,2,16,2,3,88,1106,5935
846405,2,5,1,1,1,1,1,2,1,,8464,5,30,1,5,175,2064,4903
846505,2,3,1,1,1,1,1,4,1,,8465,5,28,1,2,162,1883,1669
846603,2,5,1,2,,1,1,5,1,,8466,3,5,1,2,30,331,1626
846713,1,2,1,2,,2,,1,1,,8467,13,14,3,3,75,964,4181
846801,1,3,1,2,,2,,1,1,,8468,1,25,3,1,141,1673,2778
846903,1,6,1,1,2,1,1,2,1,,8469,3,9,1,4,50,749,2142
847001,2,3,1,1,1,1,1,5,1,,8470,1,8,1,1,45,520,3304
847101,2,3,1,1,1,1,1,4,1,,8471,1,19,1,2,107,1331,2406
847201,3,4,3,1,1,1,1,3,1,,8472,1,7,1,6,41,477,3873
847309,3,4,1,2,,1,1,6,1,,8473,9,10,4,1,52,773,1281
847405,2,3,3,1,1,1,1,3,1,,8474,5,6,1,3,34,397,960
847501,2,3,1,2,,2,,3,1,,8475,1,18,2,3,103,1229,1153
847604,2,2,0,2,,1,1,2,1,,8476,4,23,1,6,132,1530,1998
847702,2,3,1,1,1,2,,2,1,,8477,2,3,1,1,16,174,619
847814,1,1,1,2,,2,,2,1,,8478,14,27,3,6,153,1811,2396
847905,1,1,0,2,,2,,2,1,,8479,5,3,1,1,15,160,424
848004,2,3,1,1,1,2,,3,1,,8480,4,7,1,6,41,478,3417
848119,1,2,0,2,,2,,6,1,,8481,19,4,4,6,21,226,887
848201,2,3,1,1,1,1,1,4,1,,8482,1,19,2,2,107,1332,1023
848304,1,2,1,2,,1,1,3,1,,8483,4,15,1,5,85,1037,12706
848407,2,2,1,1,3,1,1,3,1,,8484,7,22,4,3,125,1467,2137
848501,1,1,1,1,2,1,1,1,1,,8485,1,14,2,3,78,977,9959
848605,2,3,1,2,,1,1,5,1,,8486,5,28,1,2,162,1859,1917
848702,2,3,1,1,1,1,1,2,1,,8487,2,26,1,1,150,1760,2425
848801,2,3,1,2,,1,1,4,1,,8488,1,28,1,2,162,1872,1730
848913,2,4,1,1,1,1,1,4,1,,8489,13,5,2,2,26,274,1433
849014,1,4,1,2,,1,1,4,1,,8490,14,27,4,6,154,1815,2566
849105,4,8,5,1,3,1,1,5,2,3,8491,5,24,1,2,140,1663,1291
849209,1,6,2,2,,1,2,1,1,,8492,9,32,3,3,186,2143,1518
849301,2,5,2,1,1,1,1,3,1,,8493,1,4,1,6,23,240,801
849402,3,4,2,1,1,1,1,4,1,,8494,2,14,1,3,79,996,7162
849501,1,5,2,1,2,1,1,2,1,,8495,1,19,1,2,108,1357,3220
849611,2,3,1,1,1,2,,5,1,,8496,11,32,2,3,185,2139,1468
849703,3,4,2,1,1,1,1,4,1,,8497,3,15,1,5,84,1025,15426
849802,3,4,2,1,1,1,1,4,1,,8498,2,19,1,2,107,1322,3056
849905,3,5,1,1,1,1,1,4,1,,8499,5,14,1,3,79,988,9068
850013,3,4,1,1,2,1,2,3,1,,8500,13,8,4,1,43,484,2372
850101,1,2,1,1,1,1,1,1,1,,8501,1,6,1,3,36,438,660
850202,2,3,1,2,,1,1,1,1,,8502,2,3,1,1,17,186,691
850301,2,8,1,1,1,2,,2,1,,8503,1,29,3,5,169,1995,1077
850401,3,3,1,2,,1,1,5,1,,8504,1,4,1,6,23,239,819
850510,1,2,1,2,,2,,2,1,,8505,10,10,4,1,52,769,1449
850605,2,2,1,2,,2,,1,1,,8506,5,28,1,2,162,1865,1818
850704,2,4,1,1,1,2,,6,1,,8507,4,18,3,3,100,1214,1363
850802,4,5,2,1,1,1,1,5,1,,8508,2,3,1,1,15,157,626
850901,4,6,1,1,3,1,1,5,1,,8509,1,28,1,2,164,1952,2132
851008,3,5,2,1,2,1,1,3,1,,8510,8,32,4,3,187,2144,1720
851102,2,4,1,2,,1,1,5,1,,8511,2,24,1,2,139,1650,1051
851205,5,6,2,1,1,1,1,7,1,,8512,5,20,4,6,112,1387,3229
851303,1,3,1,1,1,2,,1,1,,8513,3,28,1,2,162,1852,1684
851406,2,4,1,2,,2,,1,1,,8514,6,18,4,3,101,1215,1128
851503,1,3,1,2,,2,,1,1,,8515,3,26,1,1,150,1763,2272
851613,3,4,1,1,2,1,1,6,1,,8516,13,3,2,1,12,143,609
851704,1,3,1,1,1,1,1,1,1,,8517,4,13,1,5,72,940,2912
851805,3,4,1,1,1,1,1,5,1,,8518,5,23,1,6,133,1564,1797
851901,3,6,1,2,,1,1,1,1,,8519,1,8,1,1,45,518,3379
852002,2,7,1,2,,1,1,4,1,,8520,2,9,1,4,48,571,4158
852104,3,5,2,1,2,1,1,4,1,,8521,4,28,1,2,164,1950,2275
852203,1,2,1,2,,2,,1,1,,8522,3,19,1,2,107,1314,3142
852302,2,3,1,2,,1,1,2,1,,8523,2,22,1,3,128,1500,2224
852411,3,3,1,2,,2,,4,1,,8524,11,17,4,5,96,1157,995
852501,2,4,1,1,1,2,,2,1,,8525,1,28,1,2,163,1933,1734
852604,1,8,2,1,2,1,1,1,1,,8526,4,28,1,2,163,1928,1756
852702,2,4,2,1,1,1,1,3,1,,8527,2,10,1,1,55,824,1339
852804,2,3,1,2,,1,1,3,1,,8528,4,5,1,2,30,344,1491
852920,2,4,1,1,1,2,,3,1,,8529,20,5,3,2,26,272,1902
853003,2,3,1,2,,1,1,5,1,,8530,3,18,1,3,102,1222,1297
853101,2,5,2,1,1,1,1,2,1,,8531,1,28,1,2,163,1948,1518
853209,3,4,1,1,1,1,1,10,1,,8532,9,17,4,5,96,1156,1044
853304,1,1,1,1,1,1,1,1,1,,8533,4,31,1,6,182,2106,1904
853402,2,5,2,2,,1,1,2,1,,8534,2,15,1,5,85,1048,11534
853508,3,6,2,2,,1,1,4,1,,8535,8,30,3,5,172,2038,7808
853602,1,4,1,1,1,1,1,1,1,,8536,2,28,1,2,163,1923,1830
853720,1,3,1,2,,2,,2,1,,8537,20,32,2,3,185,2141,1249
853805,2,3,1,2,,1,1,2,1,,8538,5,9,1,4,50,705,3499
853901,1,2,1,2,,2,,4,1,,8539,1,7,4,6,39,453,3363
854004,2,3,1,1,1,1,1,3,1,,8540,4,3,1,1,18,214,662
854107,2,5,1,1,1,2,,4,1,,8541,7,20,4,6,111,1384,3206
854219,2,4,1,2,,1,1,2,1,,8542,19,4,4,6,21,228,784
854306,4,6,1,1,1,2,,3,1,,8543,6,32,3,3,185,2140,1353
854401,3,5,2,1,2,1,1,5,1,,8544,1,3,1,1,18,206,749
854505,1,1,1,2,,1,1,5,1,,8545,5,30,3,5,175,2061,5349
854620,2,3,1,1,1,1,1,3,1,,8546,20,18,4,3,101,1215,1128
854705,1,1,0,1,1,1,1,2,1,,8547,5,10,2,1,53,785,1262
854820,3,4,1,1,1,1,1,5,1,,8548,20,24,3,2,135,1584,1829
854902,2,2,1,1,1,1,1,2,1,,8549,2,28,1,2,162,1877,1713
855003,2,5,1,2,,1,1,2,1,,8550,3,9,1,4,50,699,3527
855102,2,3,1,2,,1,1,4,1,,8551,2,17,4,5,95,1152,3409
855203,1,1,1,2,,1,1,2,1,,8552,3,9,1,4,50,716,3331
855305,2,4,3,2,,1,1,5,1,,8553,5,9,1,4,49,652,3190
855401,3,4,2,1,2,1,1,4,1,,8554,1,21,2,5,122,1458,1444
855504,4,7,2,1,2,1,1,4,1,,8555,4,2,1,1,10,115,2825
855603,2,4,1,2,,2,,4,1,,8556,3,27,4,6,155,1822,916
855702,3,5,2,1,2,1,1,4,1,,8557,2,19,1,2,106,1266,3387
855803,2,2,1,1,1,1,1,5,1,,8558,3,2,1,1,10,99,3348
855904,1,2,1,2,,1,1,1,1,,8559,4,31,1,6,184,2135,2421
856013,3,4,0,1,1,2,,7,1,,8560,13,10,4,1,52,773,1281
856105,3,4,2,1,1,1,1,3,1,,8561,5,9,1,4,49,603,5130
856204,3,5,1,2,,1,1,1,1,,8562,4,9,1,4,50,705,3499
856302,2,3,1,2,,1,1,1,1,,8563,2,3,1,1,17,185,701
856415,2,3,2,1,1,1,1,4,1,,8564,15,27,2,6,153,1812,2385
856504,3,5,3,1,2,1,1,5,1,,8565,4,3,1,1,16,177,575
856603,2,3,1,1,2,1,1,6,1,,8566,3,28,3,2,159,1842,2431
856709,2,5,0,2,,2,,1,1,,8567,9,12,4,6,63,886,2839
856808,2,3,1,1,1,1,2,6,1,,8568,8,31,2,6,179,2090,1761
856904,1,3,1,1,1,2,,2,1,,8569,4,17,3,5,94,1147,952
857003,2,3,1,1,1,1,1,2,1,,8570,3,17,3,5,94,1146,3584
857112,1,2,0,2,,2,,2,1,,8571,12,12,4,6,63,887,2678
857215,1,6,0,2,,2,,1,1,,8572,15,30,4,5,174,2046,5443
857307,1,2,0,1,1,2,,3,1,,8573,7,20,2,6,109,1372,3454
857404,3,6,2,1,1,1,1,4,1,,8574,4,24,1,2,139,1632,1299
857508,1,2,0,2,,1,2,4,1,,8575,8,22,4,3,125,1465,3729
857602,1,2,1,1,1,1,1,1,1,,8576,2,23,1,6,134,1573,2057
857703,3,5,1,1,3,1,1,1,1,,8577,3,6,1,3,34,399,908
857802,3,8,1,1,2,1,1,4,1,,8578,2,1,1,3,6,52,1338
857904,1,3,1,2,,1,1,1,1,,8579,4,19,1,2,107,1318,3097
858006,2,3,0,2,,2,,3,1,,8580,6,15,4,5,83,1024,5447
858101,2,3,1,2,,1,1,5,1,,8581,1,24,1,2,139,1647,1151
858216,1,4,1,2,,1,2,1,1,,8582,16,21,4,5,117,1411,4824
858302,2,4,1,2,,1,1,4,1,,8583,2,10,1,1,54,802,1327
858405,1,1,1,2,,1,1,1,1,,8584,5,28,1,2,163,1918,1883
858503,2,3,1,1,1,1,1,4,1,,8585,3,18,1,3,103,1239,952
858601,2,5,1,1,1,1,1,2,1,,8586,1,19,1,2,107,1308,3224
858704,3,5,2,1,1,1,1,6,1,,8587,4,19,1,2,106,1292,2604
858801,2,5,1,1,2,1,1,3,1,,8588,1,5,1,2,30,363,1343
858914,1,3,1,1,1,2,,1,1,,8589,14,5,2,2,26,273,1479
859001,2,3,1,2,,1,1,4,1,,8590,1,1,1,3,4,10,1404
859104,2,3,1,1,1,1,1,3,1,,8591,4,8,1,1,45,536,2447
859204,4,6,2,1,1,1,1,6,1,,8592,4,29,2,5,171,2033,371
859301,1,5,1,2,,2,,1,1,,8593,1,23,1,6,132,1531,1998
859403,2,3,1,1,1,1,1,1,1,,8594,3,3,1,1,15,157,626
859502,2,4,1,1,1,1,1,5,1,,8595,2,18,2,3,104,1241,1027
859619,3,5,1,2,,2,,7,1,,8596,19,7,4,6,39,453,3363
859703,4,6,1,2,,1,1,11,1,,8597,3,21,3,5,115,1405,6115
859815,3,5,1,2,,2,,4,1,,8598,15,24,2,2,135,1582,2162
859904,1,3,1,2,,1,1,1,1,,8599,4,6,1,3,35,419,817
860005,3,4,2,1,3,1,1,4,1,,8600,5,4,1,6,24,252,853
860106,1,4,1,2,,2,,3,1,,8601,6,30,4,5,173,2043,4521
860203,2,3,2,1,1,1,1,3,1,,8602,3,28,1,2,164,1956,2005
860301,3,5,3,1,1,1,1,6,1,,8603,1,31,2,6,183,2120,1959
860403,3,6,2,1,2,1,1,2,1,,8604,3,3,1,1,18,215,655
860514,2,4,2,1,1,1,1,2,1,,8605,14,18,2,3,100,1209,1651
860617,3,6,2,2,,1,1,5,1,,8606,17,12,2,6,61,876,2994
860705,2,3,1,2,,1,1,5,1,,8607,5,6,1,3,34,400,875
860801,2,4,2,1,2,1,1,4,1,,8608,1,28,1,2,164,1949,2365
860903,2,4,1,2,,1,1,2,1,,8609,3,9,1,4,50,758,1172
861002,1,1,0,2,,2,,4,1,,8610,2,27,4,6,155,1820,1502
861101,2,3,3,1,2,1,1,3,1,,8611,1,6,3,3,32,389,2846
861201,1,5,1,2,,1,1,1,1,,8612,1,26,1,1,150,1756,2507
861302,2,5,2,1,2,1,1,3,1,,8613,2,15,1,5,87,1095,11960
861413,1,2,0,2,,2,,6,1,,8614,13,20,3,6,109,1374,2508
861502,2,5,1,1,1,2,,2,1,,8615,2,8,1,1,45,533,2933
861601,1,1,1,2,,2,,1,1,,8616,1,11,1,3,58,841,5786
861701,3,5,2,1,1,1,1,3,1,,8617,1,24,1,2,140,1667,1236
861801,2,4,1,1,2,1,1,1,1,,8618,1,28,1,2,162,1896,1593
861905,2,3,1,1,1,2,,5,1,,8619,5,3,1,1,18,219,172
862014,2,4,1,1,1,1,1,4,1,,8620,14,14,3,3,75,964,4181
862104,2,3,1,1,1,1,1,4,1,,8621,4,19,2,2,105,1254,2584
862208,1,4,1,2,,2,,1,1,,8622,8,21,3,5,116,1408,6402
862305,2,3,1,1,1,1,1,3,1,,8623,5,1,3,3,1,2,3475
862413,2,3,1,2,,1,1,2,1,,8624,13,18,3,3,100,1214,1363
862502,2,3,1,2,,2,,4,1,,8625,2,9,1,4,49,617,4132
862611,3,5,1,1,2,1,1,6,1,,8626,11,17,4,5,95,1154,485
862702,1,4,1,2,,2,,1,1,,8627,2,22,1,3,128,1503,2164
862806,4,6,0,2,,1,1,11,2,2,8628,6,6,4,3,33,395,576
862901,3,6,2,1,2,1,1,4,1,,8629,1,11,1,3,60,874,6586
863004,3,5,2,1,1,1,1,4,1,,8630,4,14,2,3,75,963,13690
863101,2,5,2,1,1,1,1,5,1,,8631,1,6,1,3,35,422,801
863205,2,4,1,2,,1,1,2,1,,8632,5,9,1,4,49,651,3240
863303,3,6,1,2,,1,1,4,1,,8633,3,20,1,6,114,1403,2379
863412,1,4,1,1,1,1,1,4,1,,8634,12,30,4,5,174,2047,5218
863503,3,5,1,1,1,1,1,4,1,,8635,3,24,1,2,138,1603,1445
863617,2,3,1,1,1,1,1,7,1,,8636,17,16,4,3,90,1115,3760
863702,2,4,2,2,,1,1,2,1,,8637,2,17,1,5,97,1172,1505
863802,3,6,2,2,,1,1,1,1,,8638,2,24,1,2,139,1644,1209
863901,1,1,0,2,,2,,3,1,,8639,1,29,3,5,165,1964,1215
864001,5,5,2,1,1,1,1,7,1,,8640,1,18,1,3,103,1239,952
864101,2,4,0,2,,1,1,8,1,,8641,1,16,3,3,88,1108,4784
864212,3,5,1,1,1,1,1,4,1,,8642,12,1,2,3,2,6,392
864318,2,5,1,1,1,1,2,2,1,,8643,18,5,2,2,26,273,1479
864405,1,6,1,1,1,1,1,2,1,,8644,5,10,1,1,53,791,1209
864501,6,10,3,2,,1,1,8,1,,8645,1,24,1,2,139,1633,1296
864614,2,4,1,2,,1,1,4,1,,8646,14,2,2,1,7,60,4118
864701,2,4,1,1,1,1,1,5,1,,8647,1,19,1,2,106,1275,3225
864813,2,4,1,1,1,1,1,4,1,,8648,13,13,3,5,67,921,1645
864916,2,4,1,2,,2,,3,1,,8649,16,10,4,1,52,768,1450
865001,1,1,1,2,,2,,4,1,,8650,1,22,1,3,126,1471,2195
865104,8,10,4,2,,1,1,11,1,,8651,4,30,1,5,176,2078,5059
865206,3,4,1,1,1,1,2,6,1,,8652,6,25,3,1,141,1675,2587
865314,2,5,1,2,,1,1,1,1,,8653,14,20,4,6,111,1381,3504
865404,1,1,0,2,,2,,1,1,,8654,4,20,3,6,109,1374,2508
865513,3,3,1,2,,2,,12,1,,8655,13,23,2,6,129,1513,2829
865620,3,4,2,2,,1,1,3,1,,8656,20,24,4,2,137,1595,1121
865719,1,4,1,1,2,2,,1,1,,8657,19,16,3,3,88,1107,4964
865807,2,4,1,1,1,2,,3,1,,8658,7,32,3,3,185,2138,1543
865903,2,3,1,1,2,1,1,4,1,,8659,3,6,1,3,34,396,778
866003,3,4,1,1,1,1,1,3,1,,8660,3,16,1,3,92,1128,5229
866107,2,4,2,1,3,1,1,2,1,,8661,7,13,3,5,67,921,1645
866217,1,5,2,1,1,1,1,3,1,,8662,17,14,2,3,75,966,3387
866304,3,5,1,2,,1,1,3,1,,8663,4,9,1,4,49,665,2914
866410,2,3,0,2,,2,,5,1,,8664,10,10,4,1,52,770,1405
866503,1,1,1,2,,2,,4,1,,8665,3,29,3,5,165,1963,1595
866605,1,2,1,2,,1,1,3,1,,8666,5,23,1,6,132,1535,1754
866702,1,2,1,2,,1,1,1,1,,8667,2,4,1,6,23,250,380
866805,2,3,2,1,2,1,1,2,1,,8668,5,1,4,3,4,9,1287
866902,2,5,1,2,,1,1,3,1,,8669,2,9,1,4,48,597,2967
867011,1,2,0,2,,2,,2,1,,8670,11,21,4,5,117,1411,4824
867118,1,1,0,2,,2,,3,1,,8671,18,12,4,6,63,884,3037
867203,2,4,2,2,,2,,2,1,,8672,3,8,1,1,44,511,2512
867302,3,4,1,1,1,1,1,6,1,,8673,2,11,4,3,57,837,4691
867403,3,4,1,1,1,2,,5,1,,8674,3,10,4,1,52,772,1285
867502,1,2,1,2,,1,1,2,1,,8675,2,26,1,1,152,1796,2266
867614,1,3,0,2,,2,,2,1,,8676,14,13,4,5,71,938,2501
867702,1,3,1,2,,2,,1,1,,8677,2,5,1,2,29,291,1714
867802,2,4,1,2,,1,1,5,1,,8678,2,28,1,2,163,1914,2027
867905,1,2,1,1,1,2,,2,1,,8679,5,31,2,6,179,2090,1761
868008,1,3,0,2,,2,,4,1,,8680,8,7,4,6,39,453,3363
868105,2,2,1,2,,1,1,4,1,,8681,5,28,1,2,162,1870,1743
868203,2,5,2,1,1,1,1,3,1,,8682,3,21,1,5,122,1455,4160
868320,1,1,0,2,,2,,1,1,,8683,20,11,2,3,56,833,4741
868404,1,4,1,2,,2,,1,1,,8684,4,9,1,4,48,563,4587
868501,3,5,1,1,1,1,1,5,1,,8685,1,26,1,1,152,1795,2279
868605,2,3,2,1,2,1,1,4,1,,8686,5,23,1,6,133,1570,823
868710,2,4,1,1,1,1,2,4,1,,8687,10,22,4,3,125,1465,3729
868803,2,6,2,2,,1,1,3,1,,8688,3,30,1,5,175,2062,5212
868905,2,3,1,2,,1,1,5,1,,8689,5,22,1,3,127,1483,2002
869003,3,6,2,1,1,1,1,5,1,,8690,3,2,1,1,11,124,3086
869102,2,3,1,1,1,1,1,3,1,,8691,2,2,1,1,11,135,2757
869217,1,6,1,2,,2,,1,1,,8692,17,5,4,2,28,277,1380
869301,2,3,3,1,2,1,1,3,1,,8693,1,19,1,2,106,1283,3163
869404,2,4,2,1,1,1,1,5,1,,8694,4,7,1,6,40,469,3401
869501,3,4,2,1,1,1,1,5,1,,8695,1,11,1,3,58,857,4065
869615,3,4,1,1,2,1,1,4,1,,8696,15,3,3,1,12,144,592
869704,2,3,1,2,,2,,2,1,,8697,4,26,2,1,148,1739,2513
869801,1,3,0,1,1,1,1,3,1,,8698,1,5,4,2,28,277,1380
869904,2,4,1,1,1,2,,8,1,,8699,4,8,1,1,44,490,3184
870007,3,5,1,2,,2,,4,2,2,8700,7,11,4,3,57,836,4721
870102,3,5,3,1,1,1,1,4,1,,8701,2,15,1,5,87,1097,11460
870204,1,3,1,2,,2,,3,1,,8702,4,4,4,6,21,229,690
870317,2,2,0,2,,1,1,2,1,,8703,17,12,4,6,63,882,3147
870405,4,9,1,1,1,1,1,4,1,,8704,5,24,1,2,139,1629,1328
870503,1,2,1,2,,1,1,2,1,,8705,3,6,1,3,34,408,739
870602,3,3,1,1,1,1,1,3,1,,8706,2,9,1,4,49,634,3710
870714,1,1,1,2,,2,,1,1,,8707,14,6,2,3,32,392,627
870802,3,4,2,1,3,1,1,5,1,,8708,2,9,1,4,49,627,3808
870905,2,3,2,1,1,1,1,3,1,,8709,5,6,1,3,36,437,666
871003,2,3,1,1,1,1,1,4,1,,8710,3,17,3,5,99,1202,1757
871104,3,7,1,1,1,1,1,1,1,,8711,4,17,1,5,97,1181,303
871202,1,2,1,2,,1,1,5,1,,8712,2,2,1,1,9,93,2149
871301,3,4,1,1,1,1,1,3,1,,8713,1,1,1,3,6,56,1243
871401,2,4,1,2,,2,,3,1,,8714,1,10,1,1,55,819,1575
871504,1,3,1,1,1,1,1,4,1,,8715,4,26,1,1,150,1755,2570
871601,3,5,1,1,3,1,1,4,1,,8716,1,8,4,1,43,483,2387
871705,2,3,0,2,,2,,6,1,,8717,5,20,4,6,111,1378,4169
871804,4,5,2,1,1,1,1,5,1,,8718,4,24,1,2,140,1658,1419
871907,2,4,1,2,,1,1,2,1,,8719,7,13,2,5,67,923,1581
872004,2,2,1,2,,1,1,3,1,,8720,4,12,1,6,66,910,3312
872101,3,3,1,2,,1,1,8,1,,8721,1,32,2,3,186,2142,1673
872202,4,7,1,2,,1,1,8,1,,8722,2,28,1,2,162,1879,1697
872317,2,5,1,1,1,1,1,4,1,,8723,17,32,2,3,186,2142,1673
872414,2,4,1,1,1,1,1,4,1,,8724,14,12,2,6,61,876,2994
872519,2,4,1,1,1,1,1,5,1,,8725,19,23,4,6,130,1516,1778
872604,2,3,1,2,,2,,3,1,,8726,4,21,1,5,120,1429,4036
872701,2,4,1,1,1,1,1,4,1,,8727,1,15,1,5,87,1104,1917
872803,1,1,1,1,1,1,1,2,1,,8728,3,2,1,1,9,81,2980
872920,1,3,1,2,,2,,2,1,,8729,20,1,4,3,3,7,1634
873003,1,3,1,2,,1,1,4,1,,8730,3,23,1,6,132,1546,1543
873114,3,5,1,1,1,2,,3,1,,8731,14,7,3,6,37,443,3934
873211,3,5,2,1,1,1,1,3,1,,8732,11,5,2,2,27,276,1431
873305,4,8,1,1,2,1,1,4,1,,8733,5,2,1,1,9,74,3176
873420,3,5,0,1,1,2,,7,1,,8734,20,24,4,2,137,1599,1009
873505,2,4,1,2,,1,1,4,1,,8735,5,9,1,4,49,626,3854
873603,1,3,1,1,2,1,1,1,1,,8736,3,3,1,1,15,160,424
873717,3,5,1,1,1,2,,2,1,,8737,17,10,4,1,52,768,1450
873801,2,3,1,1,1,1,1,1,1,,8738,1,28,1,2,164,1958,1911
873904,2,6,1,2,,1,2,2,2,2,8739,4,32,3,3,186,2143,1518
874003,2,7,1,1,1,2,,4,1,,8740,3,2,1,1,9,66,3514
874101,2,3,1,1,1,1,2,4,1,,8741,1,30,1,5,175,2060,5357
874213,1,2,1,1,1,2,,2,1,,8742,13,14,4,3,77,970,8757
874314,2,3,1,2,,2,,1,1,,8743,14,27,3,6,153,1809,2602
874407,1,2,0,2,,2,,5,1,,8744,7,7,4,6,39,447,4920
874502,2,3,2,1,1,1,1,5,1,,8745,2,12,2,6,61,876,2994
874601,2,5,2,1,2,1,1,3,1,,8746,1,9,1,4,50,754,1844
874716,3,4,0,1,1,2,,6,1,,8747,16,12,4,6,63,884,3037
874802,1,1,1,2,,1,2,1,1,,8748,2,30,3,5,175,2054,6294
874902,2,4,2,2,,1,1,4,1,,8749,2,29,3,5,169,1987,1155
875010,2,2,1,1,1,1,1,4,1,,8750,10,6,4,3,33,394,835
875108,2,4,1,1,1,1,1,6,1,,8751,8,24,2,2,135,1582,2162
875202,4,6,2,1,2,1,1,4,1,,8752,2,30,1,5,175,2055,6159
875302,1,2,1,2,,1,1,2,1,,8753,2,2,1,1,9,86,2729
875405,1,1,0,2,,2,,1,1,,8754,5,9,1,4,49,628,3794
875501,3,5,0,2,,2,,5,1,,8755,1,20,4,6,111,1381,3504
875610,1,2,1,1,1,1,1,1,1,,8756,10,8,4,1,43,482,3070
875701,2,3,1,1,1,1,1,5,1,,8757,1,8,1,1,45,527,3042
875804,3,6,1,1,2,1,1,4,1,,8758,4,9,1,4,50,738,2848
875903,2,3,1,2,,2,,1,1,,8759,3,16,1,3,92,1131,4532
876001,1,3,1,2,,1,1,1,1,,8760,1,13,1,5,72,940,2912
876106,3,4,0,1,1,2,,3,1,,8761,6,25,4,1,143,1680,2209
876201,3,3,1,2,,1,1,3,1,,8762,1,8,1,1,44,509,2701
876314,2,3,0,2,,2,,3,1,,8763,14,7,4,6,39,453,3363
876401,2,3,1,1,1,1,1,2,1,,8764,1,22,2,3,128,1512,1899
876501,2,4,1,1,1,1,1,6,1,,8765,1,2,1,1,9,93,2149
876603,3,5,1,2,,1,1,8,1,,8766,3,28,1,2,162,1907,1463
876704,1,2,1,2,,1,1,2,1,,8767,4,17,1,5,98,1188,1412
876805,2,4,1,2,,2,,2,1,,8768,5,21,1,5,120,1430,3649
876901,3,6,2,1,1,1,1,5,1,,8769,1,32,1,3,189,2165,991
877004,2,4,3,2,,1,1,2,1,,8770,4,7,2,6,37,444,3822
877102,3,6,3,1,1,1,1,3,1,,8771,2,5,1,2,31,374,1832
877201,2,4,0,2,,1,1,4,1,,8772,1,15,4,5,83,1024,5447
877311,2,3,0,2,,2,,3,1,,8773,11,25,4,1,143,1683,811
877402,2,4,1,1,1,1,1,3,1,,8774,2,9,1,4,50,714,3398
877505,2,3,1,1,1,1,1,3,1,,8775,5,10,1,1,53,778,1314
877613,3,4,0,2,,2,,4,1,,8776,13,27,4,6,155,1820,1502
877703,6,8,2,1,1,1,1,6,1,,8777,3,24,1,2,139,1639,1253
877805,4,6,3,1,2,1,1,6,1,,8778,5,24,1,2,138,1615,1177
877904,3,7,1,2,,2,,4,1,,8779,4,1,2,3,1,3,848
878002,1,3,1,1,1,2,,2,1,,8780,2,29,4,5,167,1976,500
878105,2,4,1,1,1,1,1,6,2,2,8781,5,11,1,3,58,849,4917
878206,1,3,0,1,1,2,,3,1,,8782,6,29,3,5,166,1970,682
878302,2,4,3,1,2,2,,2,1,,8783,2,28,1,2,164,1957,1965
878403,3,3,0,2,,2,,6,1,,8784,3,11,1,3,58,848,4928
878504,2,3,1,1,1,1,1,2,1,,8785,4,25,1,1,145,1706,2623
878602,3,4,1,1,1,1,1,4,1,,8786,2,19,1,2,107,1318,3097
878703,3,6,1,2,,1,1,4,1,,8787,3,25,4,1,143,1678,2442
878806,3,5,2,1,1,1,1,3,1,,8788,6,26,3,1,147,1735,2939
878918,4,8,2,1,2,1,1,2,1,,8789,18,5,2,2,27,275,1555
879005,2,3,1,1,1,1,1,3,1,,8790,5,1,1,3,5,33,1371
879105,3,4,1,2,,1,1,4,1,,8791,5,15,2,5,86,1077,10968
879202,4,5,2,1,2,1,1,2,1,,8792,2,6,1,3,35,417,879
879301,2,3,1,2,,1,1,4,1,,8793,1,24,1,2,138,1608,1310
879404,3,5,2,1,2,1,1,6,1,,8794,4,4,1,6,22,233,354
879504,1,4,2,1,1,1,1,3,1,,8795,4,31,1,6,182,2105,1935
879603,1,2,1,1,1,2,,3,1,,8796,3,28,1,2,162,1856,1976
879703,2,3,2,1,2,1,1,2,1,,8797,3,28,1,2,163,1932,1735
879807,2,3,0,1,4,2,,3,1,,8798,7,24,4,2,137,1600,973
879903,1,3,1,1,1,1,1,4,1,,8799,3,3,1,1,18,218,372
880004,2,6,1,2,,1,1,4,1,,8800,4,29,2,5,170,2023,991
880120,1,3,0,2,,2,,2,1,,8801,20,4,4,6,21,229,690
880205,1,4,1,2,,1,1,4,1,,8802,5,12,1,6,65,898,3065
880302,2,4,2,1,1,1,1,3,1,,8803,2,1,1,3,6,49,1395
880405,1,2,1,2,,1,1,1,1,,8804,5,8,1,1,44,500,2795
880510,2,3,1,2,,1,1,4,1,,8805,10,14,2,3,75,966,3387
880616,1,3,1,1,1,1,1,3,1,,8806,16,30,4,5,174,2045,5770
880708,3,3,1,2,,1,1,8,1,,8807,8,29,4,5,167,1975,636
880802,1,3,1,2,,1,1,1,1,,8808,2,9,1,4,49,607,4573
880904,2,6,2,1,1,1,1,4,1,,8809,4,30,1,5,177,2083,8108
881003,2,3,2,2,,1,1,4,1,,8810,3,13,4,5,70,932,2540
881104,1,1,1,2,,2,,3,1,,8811,4,15,3,5,81,1012,22127
881205,2,7,3,2,,1,1,3,1,,8812,5,5,1,2,29,296,1677
881305,2,4,1,1,1,2,,3,1,,8813,5,28,2,2,159,1843,2250
881406,2,3,1,1,1,2,,2,1,,8814,6,20,4,6,112,1386,3430
881505,3,4,1,1,1,2,,6,1,,8815,5,8,1,1,44,487,3392
881605,3,5,1,1,2,1,1,3,1,,8816,5,8,1,1,46,543,3376
881702,3,5,1,1,1,1,1,7,1,,8817,2,31,2,6,178,2085,2014
881805,1,3,2,1,1,1,1,2,1,,8818,5,19,1,2,107,1297,3504
881920,1,1,0,2,,2,,5,1,,8819,20,20,2,6,109,1372,3454
882004,3,5,2,1,1,1,1,6,1,,8820,4,29,2,5,169,2004,991
882106,4,5,1,1,1,2,,5,1,,8821,6,7,3,6,37,443,3934
882216,2,3,0,2,,2,,6,1,,8822,16,16,4,3,90,1114,10379
882302,3,4,1,1,1,1,1,3,1,,8823,2,1,1,3,5,34,1336
882402,2,4,1,1,1,1,1,3,1,,8824,2,25,1,1,146,1729,3418
882519,2,3,0,1,1,1,1,6,1,,8825,19,15,4,5,83,1024,5447
882604,2,5,1,2,,1,1,8,1,,8826,4,10,1,1,53,777,1333
882714,2,3,1,2,,1,1,7,1,,8827,14,29,2,5,166,1972,586
882806,2,4,1,1,1,1,1,4,2,2,8828,6,13,2,5,67,923,1581
882901,3,5,1,1,1,1,1,4,1,,8829,1,19,2,2,105,1249,2799
883019,3,6,1,1,1,1,1,5,1,,8830,19,13,2,5,67,923,1581
883103,2,3,0,2,,1,1,4,1,,8831,3,16,3,3,88,1108,4784
883202,1,2,1,2,,1,1,2,1,,8832,2,15,1,5,86,1089,2758
883307,2,3,0,2,,2,,3,1,,8833,7,7,4,6,39,449,4091
883404,3,4,1,1,1,1,1,5,1,,8834,4,3,1,1,18,218,372
883502,2,5,1,2,,1,1,2,1,,8835,2,1,3,3,2,4,1716
883604,3,5,1,2,,1,1,3,1,,8836,4,5,1,2,29,292,1711
883717,2,4,0,2,,2,,3,1,,8837,17,18,4,3,101,1217,1108
883801,2,3,1,1,2,1,1,2,1,,8838,1,3,1,1,18,200,1020
883918,2,3,2,2,,2,,2,1,,8839,18,27,4,6,154,1817,2285
884017,1,2,1,1,2,2,,4,1,,8840,17,3,4,1,14,148,833
884115,2,3,1,1,1,1,1,8,1,,8841,15,32,3,3,185,2140,1353
884209,1,2,0,2,,2,,2,1,,8842,9,9,4,4,47,557,672
884304,2,3,1,2,,2,,3,1,,8843,4,31,1,6,183,2111,2375
884401,3,4,1,2,,1,1,5,1,,8844,1,10,1,1,54,800,1335
884506,3,4,1,2,,1,2,2,1,,8845,6,32,3,3,185,2138,1543
884606,4,10,2,1,1,1,1,2,1,,8846,6,18,2,3,100,1209,1651
884703,3,4,1,1,1,1,2,4,1,,8847,3,29,3,5,169,1981,1279
884802,2,3,1,2,,1,1,4,1,,8848,2,29,3,5,170,2018,1060
884902,1,6,2,1,1,1,1,2,1,,8849,2,11,1,3,59,864,5348
885018,3,5,1,2,,2,,4,1,,8850,18,4,4,6,21,229,690
885103,2,3,1,2,,1,1,3,1,,8851,3,24,1,2,138,1602,1545
885219,2,2,1,2,,2,,3,1,,8852,19,24,2,2,135,1585,1797
885304,2,4,1,1,1,1,1,2,1,,8853,4,29,3,5,170,2016,1163
885401,1,3,1,1,1,1,1,4,1,,8854,1,25,1,1,145,1719,2356
885501,1,4,0,2,,1,1,3,1,,8855,1,9,1,4,48,595,3299
885612,1,1,0,2,,2,,2,1,,8856,12,17,3,5,94,1148,943
885701,2,4,2,2,,1,2,1,1,,8857,1,7,1,6,40,460,4366
885802,1,3,3,1,1,2,,1,1,,8858,2,13,1,5,73,950,2414
885903,1,6,2,1,1,1,1,1,1,,8859,3,19,1,2,108,1343,3343
886005,2,3,1,2,,1,2,2,1,,8860,5,15,1,5,86,1088,4697
886101,1,2,1,2,,1,1,3,1,,8861,1,23,1,6,132,1548,1458
886202,3,6,2,1,1,1,1,3,1,,8862,2,9,1,4,50,727,3076
886302,2,6,3,1,1,1,1,3,1,,8863,2,30,1,5,176,2076,5579
886402,1,1,0,2,,2,,4,1,,8864,2,31,3,6,178,2086,1819
886502,3,5,3,1,2,1,1,2,1,,8865,2,18,1,3,103,1228,1175
886602,2,3,1,2,,1,1,3,1,,8866,2,11,1,3,58,843,5483
886705,3,6,2,1,2,1,1,2,1,,8867,5,5,1,2,31,378,1800
886803,1,3,1,1,1,1,1,4,1,,8868,3,28,1,2,162,1867,1798
886905,2,3,0,2,,2,,2,1,,8869,5,10,1,1,53,787,1233
887003,3,6,3,1,1,1,1,3,1,,8870,3,31,1,6,182,2098,2146
887105,1,3,1,2,,2,,1,1,,8871,5,14,1,3,79,991,8242
887212,1,2,1,1,1,1,1,1,1,,8872,12,18,2,3,100,1209,1651
887304,1,1,0,1,1,2,,2,1,,8873,4,9,1,4,48,577,3999
887404,1,3,2,2,,2,,1,1,,8874,4,17,1,5,97,1170,1534
887505,2,5,1,1,1,1,1,1,1,,8875,5,8,1,1,45,528,3033
887602,2,5,2,1,1,1,1,4,1,,8876,2,26,1,1,152,1800,2190
887702,2,4,1,1,1,1,1,4,1,,8877,2,26,1,1,151,1776,2135
887804,1,1,0,2,,1,1,1,1,,8878,4,20,3,6,113,1390,3214
887903,2,5,1,2,,1,1,3,1,,8879,3,14,2,3,76,968,7378
888020,2,2,2,1,1,1,1,3,1,,8880,20,32,3,3,185,2138,1543
888105,2,4,1,1,1,1,1,4,1,,8881,5,19,1,2,106,1275,3225
888205,1,2,1,1,1,1,1,2,1,,8882,5,14,3,3,76,967,28513
888304,4,8,1,1,1,1,1,5,1,,8883,4,21,3,5,119,1417,4124
888404,2,4,2,1,2,1,1,2,1,,8884,4,1,2,3,4,13,1363
888505,1,2,0,1,1,1,1,2,1,,8885,5,16,1,3,91,1119,4419
888601,2,4,1,2,,1,1,2,1,,8886,1,17,3,5,99,1202,1757
888702,4,6,1,2,,1,1,5,1,,8887,2,30,1,5,175,2065,4609
888804,1,1,1,2,,1,1,4,1,,8888,4,28,1,2,162,1900,1565
888902,1,2,0,2,,2,,1,1,,8889,2,10,4,1,52,773,1281
889013,3,5,1,1,1,1,1,4,1,,8890,13,29,3,5,166,1971,658
889104,3,5,1,1,1,1,1,5,1,,8891,4,32,4,3,187,2147,1565
889217,2,4,1,1,1,2,,4,1,,8892,17,11,4,3,57,837,4691
889303,2,4,1,2,,1,1,3,1,,8893,3,19,1,2,106,1264,3506
889402,4,5,1,2,,1,1,4,1,,8894,2,29,3,5,169,1994,1078
889513,2,3,0,2,,2,,2,1,,8895,13,24,4,2,136,1590,1225
889603,2,5,1,2,,2,,2,1,,8896,3,24,1,2,138,1616,1116
889714,1,2,0,2,,2,,2,1,,8897,14,24,4,2,136,1592,1094
889802,2,5,1,1,1,1,1,3,1,,8898,2,6,1,3,36,439,646
889901,1,6,2,1,1,1,1,1,1,,8899,1,5,1,2,31,372,1842
890006,1,2,1,2,,1,1,3,1,,8900,6,28,3,2,159,1844,2105
890105,2,3,1,2,,1,2,2,1,,8901,5,5,1,2,29,318,1523
890205,1,2,1,2,,2,,1,1,,8902,5,23,1,6,133,1561,1831
890301,3,5,1,1,2,1,1,6,1,,8903,1,9,1,4,50,725,3135
890409,2,4,0,1,1,2,,2,1,,8904,9,27,4,6,155,1819,1628
890502,2,3,2,1,2,1,1,3,1,,8905,2,9,1,4,50,686,3772
890605,2,4,1,2,,1,2,2,1,,8906,5,22,1,3,127,1485,1964
890713,1,2,1,2,,2,,3,1,,8907,13,11,2,3,56,831,4889
890819,1,2,0,2,,2,,7,1,,8908,19,16,2,3,88,1109,4626
890905,2,3,0,2,,2,,4,1,,8909,5,29,3,5,166,1968,2162
891002,2,5,2,1,2,2,,2,1,,8910,2,28,1,2,162,1884,1659
891104,1,2,1,2,,2,,3,1,,8911,4,13,3,5,67,915,1831
891211,1,2,1,1,1,1,1,3,1,,8912,11,13,4,5,71,936,2779
891303,2,3,2,1,1,1,1,2,1,,8913,3,9,1,4,50,706,3491
891404,1,1,0,2,,2,,2,1,,8914,4,10,1,1,54,800,1335
891518,2,2,0,1,1,1,1,4,1,,8915,18,4,3,6,19,221,707
891601,3,6,2,1,2,1,1,5,1,,8916,1,15,1,5,85,1051,11199
891703,1,3,1,2,,2,,2,1,,8917,3,26,1,1,150,1751,2613
891804,4,8,3,1,2,1,1,8,2,2,8918,4,15,1,5,86,1078,10950
891911,2,3,0,2,,2,,6,1,,8919,11,12,4,6,63,883,3042
892004,1,5,3,1,1,1,1,2,1,,8920,4,28,1,2,164,1960,1830
892103,2,3,1,1,1,2,,2,1,,8921,3,23,1,6,132,1550,1443
892202,2,5,2,1,1,1,1,2,1,,8922,2,22,1,3,127,1490,1845
892304,1,3,1,2,,2,,1,1,,8923,4,5,1,2,30,331,1626
892405,3,5,1,1,1,1,1,4,1,,8924,5,8,1,1,45,517,3447
892501,2,3,1,1,1,2,,4,1,,8925,1,15,2,5,85,1038,12598
892605,2,5,1,1,1,1,1,2,1,,8926,5,4,1,6,24,256,788
892701,2,4,1,2,,1,1,2,1,,8927,1,21,1,5,122,1449,5146
892802,2,4,1,2,,1,1,7,1,,8928,2,10,2,1,54,804,1326
892903,3,3,1,2,,1,1,4,1,,8929,3,9,1,4,50,753,1937
893005,2,3,0,2,,2,,2,1,,8930,5,18,3,3,100,1214,1363
893105,2,5,1,1,2,1,1,2,1,,8931,5,2,1,1,11,132,2860
893206,2,3,1,2,,2,,2,1,,8932,6,14,2,3,76,968,7378
893303,2,3,1,1,1,1,1,3,1,,8933,3,15,1,5,85,1055,9998
893404,1,7,2,2,,2,,1,1,,8934,4,9,1,4,49,652,3190
893503,3,5,3,1,1,1,1,4,1,,8935,3,9,1,4,49,634,3710
893601,2,3,1,1,1,1,1,4,1,,8936,1,26,1,1,150,1760,2425
893702,2,4,1,1,1,1,1,1,1,,8937,2,28,1,2,163,1928,1756
893803,2,5,1,2,,2,,3,1,,8938,3,28,1,2,163,1946,1610
893904,2,2,1,2,,1,1,5,1,,8939,4,12,2,6,61,876,2994
894004,3,4,1,1,2,2,,5,1,,8940,4,19,3,2,105,1255,1919
894101,2,3,1,2,,1,1,6,1,,8941,1,6,1,3,35,425,770
894202,2,5,2,2,,1,1,1,1,,8942,2,18,3,3,100,1214,1363
894305,1,1,0,2,,2,,9,1,,8943,5,20,4,6,111,1385,3030
894406,2,4,1,2,,1,1,4,1,,8944,6,22,3,3,123,1462,2245
894501,1,2,0,1,1,2,,5,1,,8945,1,2,1,1,9,75,3170
894605,1,4,1,1,2,1,1,2,1,,8946,5,3,1,1,17,199,589
894701,3,5,1,2,,2,,4,1,,8947,1,15,2,5,86,1066,13118
894802,2,3,0,2,,1,1,6,1,,8948,2,29,2,5,169,2004,991
894903,1,4,1,2,,1,1,1,1,,8949,3,1,1,3,4,20,1269
895004,1,2,1,1,1,2,,2,1,,8950,4,28,1,2,163,1932,1735
895104,1,3,1,2,,1,1,2,1,,8951,4,17,1,5,97,1179,1178
895205,1,4,3,1,1,1,1,1,1,,8952,5,18,2,3,103,1229,1153
895303,6,8,3,1,3,1,1,6,1,,8953,3,22,1,3,127,1490,1845
895403,4,6,6,1,4,1,1,2,1,,8954,3,7,1,6,41,471,4775
895513,2,4,1,2,,2,,3,1,,8955,13,29,4,5,167,1974,661
895603,2,6,1,1,1,1,1,2,1,,8956,3,14,1,3,80,1010,5804
895705,3,5,1,2,,2,,2,1,,8957,5,22,1,3,127,1490,1845
895815,1,2,1,2,,2,,1,1,,8958,15,25,4,1,143,1679,2282
895905,1,1,0,2,,1,1,4,1,,8959,5,32,4,3,187,2149,1504
896004,1,7,2,1,1,1,1,5,1,,8960,4,9,1,4,50,716,3331
896108,3,4,1,1,1,1,1,6,1,,8961,8,25,4,1,143,1678,2442
896201,2,3,0,2,,2,,4,1,,8962,1,15,3,5,85,1027,15661
896302,3,4,2,1,2,1,1,5,1,,8963,2,19,1,2,108,1362,3140
896410,2,3,0,2,,2,,3,1,,8964,10,7,4,6,39,454,3356
896505,3,4,1,1,2,1,1,5,1,,8965,5,26,2,1,148,1738,2836
896610,2,4,1,1,1,1,1,3,1,,8966,10,26,2,1,148,1738,2836
896705,2,3,1,1,1,1,1,4,1,,8967,5,28,1,2,162,1903,1537
896801,3,6,1,1,2,1,1,2,1,,8968,1,8,1,1,45,519,3308
896901,2,3,1,2,,1,1,4,1,,8969,1,23,1,6,133,1563,1816
897001,3,4,1,2,,1,1,1,1,,8970,1,18,2,3,100,1213,1488
897105,1,2,1,1,1,1,1,2,1,,8971,5,17,1,5,97,1172,1505
897204,2,3,0,2,,1,1,10,1,,8972,4,11,1,3,58,841,5786
897309,1,2,1,1,1,2,,5,1,,8973,9,18,4,3,101,1219,985
897403,1,2,1,1,1,1,1,2,1,,8974,3,19,1,2,106,1280,3179
897504,3,3,1,1,1,1,1,4,1,,8975,4,9,1,4,49,639,3584
897602,2,4,1,1,2,1,1,4,1,,8976,2,3,1,1,17,187,686
897701,2,4,1,1,1,1,1,4,1,,8977,1,2,1,1,10,101,3178
897817,3,3,1,2,,1,1,5,1,,8978,17,31,3,6,179,2088,1811
897903,1,4,1,1,1,1,1,2,1,,8979,3,9,1,4,49,656,3132
898004,2,4,1,2,,2,,6,1,,8980,4,3,1,1,17,186,691
898103,1,2,1,2,,1,1,2,1,,8981,3,19,1,2,107,1305,3233
898203,2,5,1,1,1,1,1,4,1,,8982,3,22,1,3,126,1472,2162
898303,2,4,1,1,1,1,1,4,1,,8983,3,31,1,6,184,2127,2788
898415,1,2,0,1,2,2,,4,1,,8984,15,10,4,1,52,770,1405
898520,2,4,1,1,1,1,1,6,1,,8985,20,6,4,3,33,394,835
898601,2,4,2,2,,1,1,3,1,,8986,1,30,1,5,175,2063,5171
898703,3,5,2,2,,1,1,5,1,,8987,3,4,1,6,23,247,721
898803,1,3,1,2,,1,1,2,1,,8988,3,9,1,4,48,582,3890
898902,2,3,0,2,,1,2,6,1,,8989,2,21,3,5,119,1417,4124
899018,3,4,1,1,2,2,,4,1,,8990,18,32,4,3,187,2144,1720
899104,1,2,1,2,,1,1,4,1,,8991,4,16,3,3,88,1111,4301
899202,3,6,2,2,,2,,2,1,,8992,2,1,1,3,4,19,1284
899309,3,4,1,1,1,1,1,5,1,,8993,9,22,4,3,125,1465,3729
899403,2,4,1,1,1,1,1,3,1,,8994,3,29,2,5,169,1998,1037
899501,2,3,1,2,,1,1,3,1,,8995,1,23,1,6,133,1570,823
899604,2,3,1,1,1,2,,2,1,,8996,4,20,4,6,112,1387,3229
899705,1,1,0,2,,2,,2,1,,8997,5,4,4,6,21,227,882
899802,1,2,0,2,,2,,2,1,,8998,2,24,4,2,136,1588,1337
899906,3,5,2,1,1,1,1,3,1,,8999,6,8,3,1,42,481,3354
900002,3,5,1,1,3,1,1,4,1,,9000,2,2,1,1,10,99,3348
900110,1,1,0,2,,2,,3,1,,9001,10,31,2,6,178,2085,2014
900217,1,1,1,1,2,1,2,4,1,,9002,17,5,3,2,26,272,1902
900305,4,6,1,2,,1,1,4,1,,9003,5,9,1,4,48,591,3541
900408,1,2,1,2,,2,,4,1,,9004,8,23,4,6,130,1515,1790
900505,1,2,0,2,,2,,1,1,,9005,5,9,1,4,48,602,1454
900604,5,7,2,1,1,1,1,2,1,,9006,4,11,1,3,60,875,6097
900704,2,3,1,2,,2,,2,1,,9007,4,26,1,1,150,1761,2403
900804,2,3,1,1,2,1,1,5,1,,9008,4,26,1,1,152,1794,2380
900909,2,3,1,1,1,1,1,5,1,,9009,9,14,2,3,76,968,7378
901001,1,2,0,2,,2,,2,1,,9010,1,11,4,3,57,836,4721
901113,1,2,0,2,,2,,1,1,,9011,13,20,4,6,111,1379,3848
901216,1,1,0,2,,2,,4,1,,9012,16,7,4,6,39,455,3338
901305,1,3,1,1,2,1,1,2,1,,9013,5,19,1,2,106,1271,3317
901408,1,4,1,1,1,1,2,3,1,,9014,8,25,3,1,141,1675,2587
901517,2,4,1,2,,2,,2,1,,9015,17,23,4,6,130,1516,1778
901604,2,3,1,1,1,1,1,3,1,,9016,4,15,2,5,87,1100,11129
901702,1,2,0,2,,2,,3,1,,9017,2,7,4,6,39,452,3699
901803,2,4,2,1,1,2,,4,1,,9018,3,31,3,6,179,2089,1807
901901,2,3,1,1,1,1,1,3,1,,9019,1,18,1,3,104,1243,963
902003,2,3,1,1,1,1,1,3,1,,9020,3,6,1,3,35,431,727
902109,1,5,2,1,1,1,1,1,1,,9021,9,10,3,1,51,765,1494
902216,2,3,1,1,1,2,,6,1,,9022,16,1,4,3,3,7,1634
902302,3,4,1,1,1,2,,4,1,,9023,2,29,3,5,169,1996,1076
902403,2,5,1,1,2,1,1,2,1,,9024,3,5,1,2,31,375,1829
902501,2,3,1,1,1,1,1,4,1,,9025,1,19,1,2,108,1345,3319
902601,2,4,1,1,1,1,1,4,1,,9026,1,22,1,3,127,1483,2002
902704,1,3,1,1,2,1,1,2,1,,9027,4,6,1,3,36,438,660
902803,1,2,1,2,,2,,2,1,,9028,3,27,4,6,155,1823,414
902905,3,5,1,2,,1,1,3,1,,9029,5,17,2,5,98,1186,1470
903002,3,5,2,1,2,1,1,2,1,,9030,2,8,3,1,42,481,3354
903119,1,1,0,2,,1,1,3,1,,9031,19,29,4,5,167,1976,500
903202,2,3,1,1,1,1,1,3,1,,9032,2,18,1,3,104,1240,1188
903308,4,5,1,1,3,1,2,1,1,,9033,8,27,4,6,155,1819,1628
903404,2,3,1,1,1,1,1,2,1,,9034,4,26,1,1,152,1800,2190
903502,1,3,1,2,,1,1,2,2,2,9035,2,18,1,3,103,1234,1068
903601,1,3,1,2,,1,1,2,1,,9036,1,14,1,3,79,991,8242
903713,1,2,1,2,,1,1,1,1,,9037,13,12,2,6,62,879,3249
903805,2,4,1,1,1,1,1,3,1,,9038,5,15,1,5,86,1069,12827
903903,2,4,1,2,,1,1,4,1,,9039,3,15,3,5,86,1065,13704
904016,2,3,0,2,,1,1,2,1,,9040,16,12,4,6,63,882,3147
904113,1,2,1,1,1,1,1,5,1,,9041,13,2,4,1,8,62,1927
904204,2,3,1,1,1,1,1,2,1,,9042,4,19,1,2,108,1345,3319
904318,2,3,1,2,,1,1,4,1,,9043,18,27,3,6,153,1808,2893
904412,3,5,1,2,,2,,1,1,,9044,12,28,4,2,160,1847,1348
904505,1,1,1,2,,1,1,2,1,,9045,5,12,1,6,65,896,3493
904602,1,5,1,1,2,1,1,1,1,,9046,2,4,1,6,22,233,354
904703,2,4,1,1,1,1,1,6,1,,9047,3,7,1,6,41,472,4425
904802,1,1,1,2,,1,1,5,1,,9048,2,4,1,6,23,239,819
904902,2,4,1,2,,1,1,3,1,,9049,2,29,3,5,169,2000,1024
905004,2,5,1,2,,1,1,2,1,,9050,4,9,1,4,49,609,4460
905110,1,2,1,1,2,1,1,4,1,,9051,10,26,2,1,147,1736,2632
905213,3,4,2,1,1,1,1,3,1,,9052,13,24,4,2,137,1597,1065
905304,1,5,1,1,1,1,1,1,1,,9053,4,9,1,4,50,744,2537
905406,1,5,1,2,,1,1,2,1,,9054,6,4,4,6,21,226,887
905501,3,5,2,1,1,1,1,5,1,,9055,1,1,3,3,2,4,1716
905601,1,3,1,2,,1,1,2,1,,9056,1,11,4,3,57,837,4691
905719,1,2,0,2,,2,,2,1,,9057,19,24,4,2,137,1598,1015
905805,2,4,1,2,,1,1,2,1,,9058,5,9,1,4,48,590,3550
905908,1,1,0,2,,2,,1,1,,9059,8,21,4,5,117,1411,4824
906003,3,6,2,1,1,1,1,4,1,,9060,3,15,2,5,82,1020,15428
906108,1,3,1,1,1,1,1,3,1,,9061,8,31,3,6,178,2086,1819
906209,1,2,0,1,1,1,1,3,1,,9062,9,12,4,6,63,887,2678
906303,2,4,0,2,,2,,3,1,,9063,3,20,4,6,111,1381,3504
906420,3,4,0,1,1,1,1,4,1,,9064,20,12,4,6,63,889,2449
906503,1,2,1,2,,1,1,2,1,,9065,3,26,1,1,151,1787,1971
906602,2,3,1,2,,1,1,4,1,,9066,2,28,1,2,162,1910,1211
906702,4,5,2,1,1,2,,6,1,,9067,2,24,1,2,139,1647,1151
906811,1,1,0,2,,2,,3,1,,9068,11,24,4,2,137,1598,1015
906920,3,5,1,1,1,2,,1,1,,9069,20,32,2,3,185,2139,1468
907001,2,4,2,1,1,1,1,2,1,,9070,1,11,1,3,60,872,6960
907101,1,1,1,2,,2,,3,1,,9071,1,9,1,4,48,599,2791
907203,1,2,1,2,,2,,2,1,,9072,3,13,1,5,73,953,2147
907316,1,3,1,2,,2,,1,1,,9073,16,26,3,1,147,1735,2939
907405,4,10,2,1,3,1,1,3,1,,9074,5,29,3,5,169,1995,1077
907518,2,3,1,1,1,2,,3,1,,9075,18,28,2,2,159,1843,2250
907604,2,6,1,2,,1,1,3,2,3,9076,4,30,1,5,176,2070,6162
907703,2,3,1,2,,1,1,3,1,,9077,3,28,1,2,162,1910,1211
907805,2,2,3,1,1,1,1,4,1,,9078,5,28,1,2,162,1896,1593
907903,2,5,1,2,,1,1,7,1,,9079,3,9,1,4,49,653,3183
908002,2,4,1,2,,1,1,2,1,,9080,2,9,1,4,49,661,3053
908103,3,5,1,2,,1,1,6,2,3,9081,3,12,1,6,65,901,2886
908202,1,2,0,2,,2,,3,1,,9082,2,30,4,5,173,2044,4268
908303,2,4,1,1,1,1,1,3,1,,9083,3,13,2,5,67,923,1581
908414,2,3,1,1,1,1,1,2,1,,9084,14,18,2,3,100,1212,1495
908505,2,3,1,2,,2,,2,1,,9085,5,28,1,2,163,1928,1756
908602,2,3,1,1,1,1,2,3,1,,9086,2,25,1,1,145,1719,2356
908714,2,4,1,1,2,1,1,4,1,,9087,14,8,3,1,42,481,3354
908801,1,2,1,2,,2,,4,1,,9088,1,10,4,1,52,772,1285
908907,4,5,2,1,1,1,1,5,1,,9089,7,32,4,3,187,2144,1720
909004,1,6,2,1,1,1,1,2,1,,9090,4,14,2,3,80,999,7057
909104,3,5,1,2,,1,1,4,1,,9091,4,2,1,1,9,95,1551
909203,3,6,2,1,2,1,1,4,2,2,9092,3,24,1,2,140,1665,1261
909309,1,3,0,1,1,1,1,2,1,,9093,9,7,4,6,39,455,3338
909410,3,4,0,2,,1,1,5,1,,9094,10,20,4,6,111,1379,3848
909503,2,4,2,1,1,1,1,2,1,,9095,3,9,1,4,50,736,2891
909603,1,4,1,1,1,1,1,3,1,,9096,3,31,2,6,183,2120,1959
909705,2,3,1,1,1,1,1,3,1,,9097,5,2,1,1,9,88,2583
909805,3,5,1,1,2,1,1,4,1,,9098,5,3,1,1,18,204,757
909901,1,3,1,1,1,2,,1,1,,9099,1,8,1,1,44,505,2750
910001,1,3,1,1,1,1,1,2,1,,9100,1,9,1,4,50,755,1673
910117,1,3,2,1,1,1,1,2,1,,9101,17,27,4,6,154,1816,2554
910202,2,4,1,2,,1,1,1,1,,9102,2,14,1,3,80,1006,6870
910303,2,4,1,2,,1,1,2,1,,9103,3,25,1,1,145,1718,2406
910417,3,4,0,2,,2,,6,1,,9104,17,20,4,6,112,1387,3229
910504,2,6,1,1,1,1,1,4,1,,9105,4,3,1,1,17,191,653
910612,2,4,1,2,,1,1,3,1,,9106,12,27,4,6,154,1817,2285
910704,2,3,1,1,1,1,1,4,1,,9107,4,19,1,2,108,1338,3413
910809,1,1,0,2,,1,1,6,1,,9108,9,4,4,6,21,225,1029
910910,2,4,1,2,,1,1,3,1,,9109,10,27,3,6,153,1808,2893
911004,3,6,2,1,2,1,1,4,1,,9110,4,9,1,4,50,736,2891
911104,1,2,1,2,,2,,1,1,,9111,4,9,1,4,48,569,4262
911216,3,8,3,1,1,1,1,6,1,,9112,16,12,2,6,62,881,1964
911303,2,3,1,1,1,1,1,3,1,,9113,3,11,1,3,60,872,6960
911403,2,3,1,2,,1,1,1,1,,9114,3,10,1,1,53,796,1141
911508,2,2,0,2,,2,,4,1,,9115,8,10,4,1,52,773,1281
911601,1,3,1,1,1,2,,2,1,,9116,1,28,1,2,162,1876,1713
911705,2,4,2,2,,1,1,4,1,,9117,5,9,4,4,47,556,1507
911805,1,2,1,1,1,1,1,1,1,,9118,5,29,3,5,170,2026,917
911901,2,4,1,2,,1,1,2,1,,9119,1,9,1,4,50,744,2537
912002,1,5,1,2,,2,,2,1,,9120,2,14,1,3,79,994,7315
912105,2,3,1,2,,1,1,4,1,,9121,5,30,1,5,175,2065,4609
912201,2,5,1,1,1,1,1,5,1,,9122,1,32,2,3,185,2141,1249
912301,1,3,1,2,,1,1,2,1,,9123,1,9,1,4,50,743,2710
912405,2,3,1,2,,1,1,5,1,,9124,5,28,1,2,162,1910,1211
912502,2,5,1,2,,1,1,3,1,,9125,2,10,2,1,53,788,1232
912604,3,5,2,1,1,1,1,5,2,2,9126,4,23,1,6,132,1558,858
912705,2,3,1,2,,2,,1,1,,9127,5,9,1,4,48,570,4237
912804,2,4,2,1,2,1,1,3,1,,9128,4,3,1,1,18,201,1001
912901,2,5,1,2,,2,,3,1,,9129,1,29,3,5,170,2016,1163
913001,3,6,2,1,1,1,1,2,1,,9130,1,25,1,1,144,1685,3706
913119,1,2,1,2,,1,1,4,1,,9131,19,31,4,6,180,2091,2598
913202,4,9,3,1,2,1,1,2,1,,9132,2,32,1,3,189,2155,1378
913305,2,2,1,2,,2,,5,1,,9133,5,28,1,2,162,1854,1989
913403,2,4,1,1,1,1,1,4,1,,9134,3,28,1,2,161,1850,2147
913509,1,1,1,2,,2,,3,1,,9135,9,31,3,6,178,2084,2239
913601,1,2,2,1,1,1,1,1,1,,9136,1,6,4,3,33,394,835
913705,4,6,1,1,2,1,1,7,1,,9137,5,8,1,1,45,525,3117
913804,3,5,1,1,2,1,1,6,1,,9138,4,5,1,2,30,350,1476
913916,2,4,0,1,1,2,,7,1,,9139,16,20,4,6,111,1380,3726
914004,1,3,0,2,,2,,1,1,,9140,4,16,4,3,90,1114,10379
914115,1,2,0,2,,2,,7,1,,9141,15,7,4,6,39,451,3817
914213,1,2,1,2,,1,1,3,1,,9142,13,6,4,3,33,394,835
914304,2,4,1,2,,2,,1,1,,9143,4,9,1,4,50,686,3772
914409,3,5,1,1,1,1,1,5,1,,9144,9,24,3,2,135,1586,1785
914514,2,3,1,2,,1,1,3,1,,9145,14,1,2,3,2,6,392
914602,2,4,1,2,,2,,1,1,,9146,2,26,1,1,151,1773,2173
914711,2,4,1,1,1,1,1,3,1,,9147,11,18,2,3,100,1212,1495
914803,2,3,1,2,,2,,3,1,,9148,3,24,3,2,138,1607,1334
914901,2,4,1,1,2,1,1,3,1,,9149,1,26,1,1,152,1797,2217
915003,2,5,2,1,2,1,1,2,1,,9150,3,14,1,3,80,1000,8284
915111,2,6,2,2,,1,2,2,1,,9151,11,5,4,2,28,277,1380
915201,2,4,1,2,,1,1,2,1,,9152,1,9,1,4,50,696,3566
915302,3,3,1,1,1,1,1,3,1,,9153,2,14,1,3,79,986,9208
915402,1,2,1,2,,1,1,3,1,,9154,2,28,1,2,162,1875,1725
915503,3,4,0,1,1,2,,6,1,,9155,3,24,4,2,136,1588,1337
915605,1,2,1,2,,1,1,1,1,,9156,5,6,1,3,34,403,791
915702,1,3,1,1,1,1,1,2,1,,9157,2,19,1,2,107,1297,3504
915809,1,5,1,1,1,1,1,2,1,,9158,9,18,3,3,100,1211,1520
915908,2,3,1,2,,2,,1,1,,9159,8,5,4,2,28,279,1313
916005,2,4,1,1,1,1,1,2,1,,9160,5,17,1,5,97,1180,550
916103,2,3,2,1,1,2,,3,1,,9161,3,29,3,5,169,1988,1121
916201,3,5,1,2,,1,1,5,1,,9162,1,3,1,1,16,165,712
916301,2,4,1,1,1,2,,5,1,,9163,1,28,1,2,163,1941,1704
916403,4,6,1,2,,1,1,4,1,,9164,3,20,2,6,114,1402,3050
916503,2,3,1,2,,1,1,6,1,,9165,3,20,4,6,113,1393,3021
916619,1,2,0,2,,1,1,4,1,,9166,19,4,4,6,21,227,882
916702,2,3,1,2,,1,1,4,1,,9167,2,10,1,1,53,793,1196
916812,1,2,1,2,,2,,1,1,,9168,12,17,3,5,94,1147,952
916903,3,4,1,1,1,1,1,3,1,,9169,3,5,1,2,31,377,1814
917018,1,2,1,2,,2,,7,1,,9170,18,18,2,3,100,1213,1488
917102,2,6,1,2,,1,1,5,1,,9171,2,9,1,4,48,560,5197
917205,1,4,1,1,1,2,,2,1,,9172,5,9,1,4,50,706,3491
917303,3,4,1,2,,1,1,3,1,,9173,3,6,1,3,35,432,683
917418,2,2,0,2,,2,,3,1,,9174,18,21,4,5,117,1410,5193
917502,2,3,1,2,,1,1,6,1,,9175,2,19,2,2,105,1247,2799
917606,2,3,1,2,,1,1,2,1,,9176,6,18,2,3,100,1212,1495
917709,2,2,1,2,,2,,2,1,,9177,9,31,2,6,179,2090,1761
917805,3,9,1,2,,1,1,3,1,,9178,5,5,1,2,30,346,1489
917903,1,2,1,1,2,1,2,1,1,,9179,3,32,1,3,188,2151,1526
918001,2,3,1,1,1,1,1,3,1,,9180,1,2,1,1,9,72,3214
918109,2,6,3,1,1,1,1,3,1,,9181,9,1,4,3,3,8,1437
918208,2,3,0,2,,2,,3,1,,9182,8,18,3,3,100,1214,1363
918308,2,2,1,1,1,1,1,4,1,,9183,8,11,2,3,56,833,4741
918405,3,5,1,1,1,1,2,3,1,,9184,5,5,1,2,30,344,1491
918517,2,3,2,1,1,1,1,2,1,,9185,17,30,3,5,172,2038,7808
918602,2,6,1,1,1,1,1,4,1,,9186,2,2,1,1,11,127,3038
918704,2,3,1,2,,1,1,7,1,,9187,4,9,1,4,49,646,3384
918805,1,7,1,2,,1,2,2,1,,9188,5,17,1,5,98,1198,1204
918919,1,1,1,2,,1,1,2,1,,9189,19,18,3,3,100,1210,1538
919002,2,4,1,2,,1,1,3,1,,9190,2,31,2,6,182,2097,2212
919101,3,6,2,1,1,1,1,4,1,,9191,1,25,1,1,145,1712,2503
919220,1,2,1,1,1,1,2,4,1,,9192,20,20,4,6,111,1382,3286
919305,2,3,1,1,1,2,,4,1,,9193,5,11,4,3,57,835,5223
919403,3,5,2,1,1,2,,5,1,,9194,3,7,1,6,40,460,4366
919514,2,4,1,2,,1,2,4,1,,9195,14,21,3,5,115,1404,6225
919610,1,2,0,2,,2,,2,1,,9196,10,4,3,6,19,220,797
919720,2,3,1,2,,2,,3,1,,9197,20,7,3,6,37,443,3934
919820,3,5,2,1,3,1,1,5,1,,9198,20,2,3,1,7,61,3848
919901,2,6,2,1,2,1,1,2,2,2,9199,1,5,1,2,30,327,1676
920017,3,6,1,2,,1,2,5,2,2,9200,17,24,4,2,136,1588,1337
920101,2,5,1,2,,1,1,4,1,,9201,1,11,1,3,59,862,5358
920205,4,6,2,1,1,1,1,2,1,,9202,5,28,1,2,163,1932,1735
920311,2,4,2,1,1,1,1,2,1,,9203,11,25,2,1,142,1677,2524
920402,1,3,1,2,,1,1,1,1,,9204,2,22,2,3,127,1487,1951
920501,2,4,0,1,1,1,1,2,1,,9205,1,29,3,5,169,1994,1078
920605,2,3,1,1,1,1,1,4,1,,9206,5,23,1,6,134,1572,2084
920717,1,3,1,2,,2,,1,1,,9207,17,27,4,6,155,1819,1628
920806,1,1,1,2,,2,,3,1,,9208,6,22,4,3,125,1465,3729
920913,1,2,0,2,,2,,6,1,,9209,13,7,4,6,39,452,3699
921004,2,5,1,1,1,1,1,3,1,,9210,4,9,1,4,49,670,2177
921101,2,4,1,2,,1,1,3,1,,9211,1,19,1,2,106,1279,3185
921204,1,4,1,2,,1,2,1,1,,9212,4,28,1,2,162,1860,1895
921314,1,1,0,2,,2,,1,1,,9213,14,14,4,3,77,970,8757
921414,1,2,0,1,2,1,1,3,1,,9214,14,23,4,6,130,1516,1778
921501,3,4,1,2,,1,1,2,1,,9215,1,2,1,1,11,142,968
921602,3,4,1,1,1,1,1,7,1,,9216,2,19,1,2,108,1363,3124
921702,3,5,1,2,,2,,3,1,,9217,2,5,1,2,29,294,1680
921803,1,2,1,2,,2,,3,1,,9218,3,8,1,1,44,503,2774
921904,3,6,2,1,1,1,1,4,1,,9219,4,24,1,2,139,1638,1263
922008,5,7,1,1,1,1,1,7,1,,9220,8,29,4,5,167,1974,661
922116,1,2,0,1,1,2,,2,1,,9221,16,19,3,2,105,1255,1919
922203,2,3,1,1,1,1,1,4,1,,9222,3,7,1,6,41,477,3873
922309,1,2,0,2,,2,,1,1,,9223,9,7,4,6,39,447,4920
922401,2,3,1,1,1,2,,2,1,,9224,1,24,1,2,139,1644,1209
922511,2,3,0,2,,2,,4,1,,9225,11,31,4,6,180,2092,2522
922610,5,8,2,2,,1,1,13,1,,9226,10,17,3,5,94,1149,880
922714,3,6,1,1,1,2,,2,1,,9227,14,13,4,5,70,932,2540
922803,2,2,1,1,1,1,1,2,1,,9228,3,15,1,5,86,1073,12480
922901,2,4,1,2,,1,1,2,1,,9229,1,16,1,3,91,1125,3945
923003,2,3,1,1,1,1,1,2,1,,9230,3,2,1,1,9,93,2149
923121,1,3,1,2,,2,,2,1,,9231,21,26,4,1,149,1742,1939
923205,1,1,1,2,,2,,1,1,,9232,5,26,1,1,150,1759,2444
923303,1,2,1,1,1,1,1,4,1,,9233,3,7,1,6,40,463,4031
923403,2,3,2,2,,2,,7,1,,9234,3,29,3,5,166,1971,658
923504,2,3,1,2,,1,1,4,1,,9235,4,22,3,3,123,1460,9149
923611,2,3,1,1,2,1,1,3,1,,9236,11,25,2,1,142,1676,2626
923701,3,5,2,1,2,1,1,1,1,,9237,1,1,2,3,2,6,392
923803,2,5,1,2,,1,1,2,1,,9238,3,5,1,2,31,379,1799
923903,6,9,2,1,2,1,1,12,1,,9239,3,16,1,3,91,1119,4419
924005,3,7,2,1,3,1,1,3,1,,9240,5,15,1,5,87,1096,11554
924119,1,2,1,2,,1,1,4,1,,9241,19,12,2,6,61,876,2994
924203,3,6,2,1,1,1,1,1,1,,9242,3,22,1,3,128,1510,1981
924305,3,6,2,1,2,1,1,4,1,,9243,5,9,1,4,50,719,3305
924402,2,3,1,1,2,1,1,6,1,,9244,2,2,1,1,9,67,3508
924509,2,3,1,2,,2,,4,1,,9245,9,19,2,2,105,1251,2799
924604,3,6,1,1,1,1,1,4,1,,9246,4,5,4,2,28,278,1371
924702,1,5,3,1,1,1,1,1,1,,9247,2,18,2,3,103,1229,1153
924805,1,6,2,1,1,1,1,1,1,,9248,5,9,1,4,49,636,3624
924903,2,4,1,1,2,1,1,3,1,,9249,3,2,1,1,11,125,3058
925014,1,2,1,2,,2,,1,1,,9250,14,16,2,3,88,1110,4468
925102,3,5,3,1,2,1,1,4,1,,9251,2,1,1,3,6,59,1038
925209,2,7,1,1,1,1,1,4,1,,9252,9,13,2,5,68,927,1392
925304,2,3,2,2,,1,2,3,1,,9253,4,19,2,2,108,1342,3361
925406,2,6,1,1,1,2,,5,2,2,9254,6,32,4,3,187,2146,1688
925505,1,3,1,1,1,1,1,1,1,,9255,5,27,3,6,156,1825,2210
925602,2,3,1,1,1,2,,6,1,,9256,2,28,1,2,162,1857,1952
925704,1,2,1,2,,1,1,2,1,,9257,4,30,2,5,175,2053,6475
925805,2,3,1,1,1,1,1,6,1,,9258,5,11,1,3,58,847,5015
925902,2,4,0,1,1,2,,5,1,,9259,2,10,4,1,52,770,1405
926001,3,4,1,1,2,1,1,3,1,,9260,1,17,4,5,95,1152,3409
926101,1,3,2,2,,1,1,4,1,,9261,1,17,1,5,97,1180,550
926201,3,6,1,1,3,1,1,4,1,,9262,1,5,4,2,28,279,1313
926302,2,4,1,2,,2,,2,1,,9263,2,5,2,2,30,353,1448
926404,1,3,1,2,,2,,1,1,,9264,4,2,1,1,10,119,2740
926502,2,5,1,2,,1,1,1,1,,9265,2,26,1,1,152,1794,2380
926614,1,2,1,2,,1,1,5,1,,9266,14,23,2,6,129,1513,2829
926702,3,4,1,2,,1,1,3,1,,9267,2,7,1,6,40,465,3957
926803,1,3,1,1,1,2,,2,1,,9268,3,2,1,1,11,128,3011
926905,1,5,3,2,,1,1,2,1,,9269,5,31,1,6,183,2124,1891
927008,1,1,1,2,,2,,3,1,,9270,8,8,2,1,42,480,3631
927117,2,3,1,2,,2,,2,1,,9271,17,20,4,6,111,1379,3848
927205,1,3,1,2,,2,,2,1,,9272,5,7,1,6,41,472,4425
927303,2,5,1,1,2,1,1,1,1,,9273,3,5,2,2,30,348,1476
927401,2,2,1,1,1,1,1,4,1,,9274,1,4,1,6,24,260,684
927501,1,2,1,1,1,1,1,2,1,,9275,1,11,1,3,58,845,5124
927603,2,3,2,1,1,1,1,5,1,,9276,3,28,4,2,160,1847,1348
927702,3,4,0,2,,2,,5,1,,9277,2,8,4,1,43,485,1975
927811,5,7,1,2,,1,1,5,1,,9278,11,7,2,6,37,444,3822
927905,3,4,2,1,2,1,1,6,1,,9279,5,2,1,1,10,110,2905
928004,3,6,2,1,3,1,1,3,1,,9280,4,29,2,5,170,2013,1316
928108,2,3,1,2,,2,,2,1,,9281,8,14,2,3,76,968,7378
928204,6,8,2,2,,1,1,7,1,,9282,4,9,1,4,48,564,4552
928305,1,2,1,1,1,1,1,4,1,,9283,5,30,3,5,172,2037,7808
928403,1,4,1,1,1,1,1,1,1,,9284,3,22,1,3,127,1485,1964
928503,2,2,1,2,,1,1,5,1,,9285,3,3,1,1,15,154,698
928604,3,6,1,1,2,1,1,4,1,,9286,4,5,1,2,29,289,1728
928705,1,2,1,2,,1,2,1,1,,9287,5,29,2,5,169,2012,673
928801,2,3,1,1,1,1,1,5,1,,9288,1,17,1,5,97,1160,1876
928903,3,5,1,1,2,1,1,2,1,,9289,3,3,1,1,16,178,573
929015,2,3,0,2,,2,,5,1,,9290,15,24,4,2,136,1589,1281
929114,3,7,1,2,,1,1,4,1,,9291,14,20,4,6,112,1387,3229
929219,2,5,1,2,,2,,4,1,,9292,19,24,4,2,136,1590,1225
929304,1,3,1,2,,1,1,1,1,,9293,4,9,1,4,49,675,1417
929411,1,4,1,2,,2,,2,1,,9294,11,18,4,3,101,1218,1072
929516,1,2,1,2,,2,,1,1,,9295,16,24,2,2,135,1585,1797
929605,3,4,1,1,2,1,1,3,1,,9296,5,32,1,3,189,2157,1267
929716,1,3,1,1,1,1,1,1,1,,9297,16,26,2,1,148,1739,2513
929803,2,4,1,1,2,1,1,2,1,,9298,3,2,1,1,11,135,2757
929902,2,3,1,1,1,1,1,3,1,,9299,2,11,1,3,59,866,5308
930004,3,4,1,1,1,1,1,4,1,,9300,4,11,1,3,58,851,4712
930105,1,4,1,1,1,1,1,1,1,,9301,5,15,1,5,87,1090,13365
930201,1,2,0,1,1,1,1,3,1,,9302,1,4,1,6,24,251,902
930306,2,3,0,2,,2,,3,1,,9303,6,20,4,6,111,1381,3504
930415,3,3,1,1,1,1,2,7,1,,9304,15,32,4,3,187,2149,1504
930502,1,2,1,2,,1,1,3,1,,9305,2,23,1,6,131,1520,2107
930620,3,3,0,2,,1,1,4,1,,9306,20,4,2,6,20,224,779
930702,3,4,1,1,2,1,1,3,1,,9307,2,31,1,6,183,2110,2712
930802,3,6,2,2,,1,1,4,1,,9308,2,11,1,3,58,847,5015
930902,4,7,2,1,1,1,1,1,1,,9309,2,6,1,3,35,426,769
931003,1,2,1,1,1,1,1,4,1,,9310,3,2,1,1,9,72,3214
931119,1,2,1,2,,2,,1,1,,9311,19,18,2,3,100,1213,1488
931218,3,5,1,1,1,2,,1,1,,9312,18,30,4,5,174,2047,5218
931303,2,4,2,1,1,1,1,3,1,,9313,3,9,1,4,49,609,4460
931415,2,3,1,2,,1,1,4,1,,9314,15,13,2,5,67,923,1581
931518,3,4,1,1,1,1,1,4,1,,9315,18,32,3,3,185,2138,1543
931612,1,2,1,2,,2,,2,1,,9316,12,20,4,6,112,1386,3430
931706,3,4,1,1,1,1,1,5,1,,9317,6,25,2,1,141,1674,2705
931808,3,3,1,1,1,1,1,5,1,,9318,8,16,4,3,90,1114,10379
931902,1,1,1,2,,1,1,1,1,,9319,2,4,1,6,25,267,868
932020,1,1,0,2,,2,,2,1,,9320,20,27,4,6,154,1815,2566
932114,5,7,2,2,,1,1,7,2,2,9321,14,20,2,6,110,1375,5038
932204,3,9,5,2,,1,1,3,1,,9322,4,30,1,5,175,2056,5762
932301,2,4,1,1,1,1,1,4,1,,9323,1,8,1,1,45,528,3033
932404,2,4,1,2,,1,1,3,1,,9324,4,26,1,1,152,1799,2201
932501,2,3,1,2,,2,,3,1,,9325,1,24,1,2,138,1602,1545
932607,2,4,0,2,,2,,5,1,,9326,7,12,3,6,61,877,2869
932705,1,4,1,1,1,1,1,1,1,,9327,5,3,1,1,17,187,686
932819,3,5,1,1,1,1,1,4,1,,9328,19,28,2,2,159,1843,2250
932902,3,5,1,1,1,1,1,6,1,,9329,2,24,3,2,138,1607,1334
933014,2,5,1,1,2,1,1,5,1,,9330,14,30,4,5,173,2043,4521
933104,3,6,3,1,2,1,1,2,1,,9331,4,8,1,1,46,552,2970
933202,1,6,2,1,1,1,1,2,1,,9332,2,9,1,4,50,740,2798
933305,3,5,1,2,,1,1,2,1,,9333,5,5,1,2,30,330,1652
933408,2,4,0,2,,2,,1,1,,9334,8,21,4,5,117,1413,3844
933505,2,3,1,2,,1,1,5,1,,9335,5,10,1,1,53,795,1181
933604,2,8,2,1,1,1,1,4,1,,9336,4,9,1,4,49,653,3183
933701,2,3,1,1,1,1,1,2,1,,9337,1,15,2,5,85,1034,13299
933805,2,3,1,1,1,2,,4,1,,9338,5,8,2,1,42,480,3631
933914,3,4,1,2,,1,1,3,1,,9339,14,32,2,3,185,2141,1249
934005,2,4,1,1,1,1,1,3,1,,9340,5,28,1,2,163,1940,1705
934103,2,5,2,1,1,1,1,2,1,,9341,3,16,1,3,91,1127,3613
934201,2,3,1,2,,1,1,4,1,,9342,1,1,1,3,4,12,1381
934303,2,4,1,2,,2,,2,1,,9343,3,25,1,1,144,1693,2560
934401,2,3,2,1,1,1,1,2,1,,9344,1,11,1,3,59,864,5348
934505,1,3,2,1,2,1,1,1,1,,9345,5,1,1,3,4,14,1342
934604,1,5,1,1,1,1,1,1,1,,9346,4,9,1,4,50,688,3766
934704,2,4,1,1,1,1,1,6,1,,9347,4,19,1,2,106,1275,3225
934801,1,4,1,1,2,1,1,2,1,,9348,1,32,1,3,190,2168,2275
934904,2,5,1,1,1,1,1,2,1,,9349,4,26,1,1,151,1785,2005
935003,1,3,1,2,,1,1,3,1,,9350,3,5,2,2,27,276,1431
935104,2,3,1,2,,1,1,3,1,,9351,4,15,1,5,86,1076,11196
935219,2,4,1,1,1,2,,3,1,,9352,19,32,4,3,187,2149,1504
935301,1,3,1,2,,2,,3,1,,9353,1,32,1,3,188,2150,1541
935401,2,3,1,1,1,1,1,4,1,,9354,1,15,1,5,85,1062,3180
935504,3,5,1,1,1,1,1,5,1,,9355,4,11,2,3,56,829,19751
935602,2,3,0,1,1,1,1,5,1,,9356,2,29,2,5,168,1977,1561
935717,2,4,1,2,,1,1,6,1,,9357,17,21,3,5,116,1408,6402
935813,2,4,1,2,,1,1,3,1,,9358,13,5,4,2,28,278,1371
935917,1,2,1,2,,2,,4,1,,9359,17,24,3,2,135,1584,1829
936003,3,6,2,1,1,1,1,2,1,,9360,3,16,1,3,91,1118,4504
936113,2,4,0,2,,1,1,3,1,,9361,13,12,4,6,63,882,3147
936201,1,2,1,2,,2,,4,1,,9362,1,9,1,4,50,726,3103
936302,2,2,1,1,1,1,1,3,1,,9363,2,4,1,6,24,251,902
936405,1,3,0,2,,2,,2,1,,9364,5,20,4,6,111,1381,3504
936503,2,4,2,1,2,1,1,3,1,,9365,3,25,3,1,141,1673,2778
936601,1,2,1,1,1,1,1,5,1,,9366,1,19,1,2,106,1291,2916
936713,1,1,1,2,,2,,1,1,,9367,13,7,2,6,37,444,3822
936803,2,3,1,1,1,1,1,2,1,,9368,3,19,3,2,107,1315,3121
936903,1,2,1,1,1,1,1,4,1,,9369,3,28,1,2,162,1857,1952
937001,1,6,2,1,1,1,1,1,1,,9370,1,15,1,5,86,1079,10531
937105,1,2,1,1,1,1,1,3,1,,9371,5,23,1,6,132,1546,1543
937204,1,2,1,1,1,2,,1,1,,9372,4,28,1,2,162,1872,1730
937303,2,4,1,1,1,1,1,4,2,2,9373,3,19,1,2,108,1360,3148
937401,3,3,1,1,1,1,1,3,2,3,9374,1,4,1,6,24,256,788
937505,1,2,1,2,,1,1,1,1,,9375,5,15,3,5,81,1013,21426
937602,3,5,1,1,1,1,1,5,1,,9376,2,19,2,2,105,1248,2799
937704,1,3,1,2,,1,1,2,1,,9377,4,31,1,6,183,2122,1914
937810,2,3,1,1,1,1,1,4,1,,9378,10,19,2,2,105,1254,2584
937902,1,2,1,1,1,1,1,2,1,,9379,2,9,1,4,49,630,3778
938011,2,4,1,2,,2,,4,1,,9380,11,10,3,1,51,766,1365
938109,2,3,1,1,3,1,1,3,1,,9381,9,8,4,1,43,484,2372
938203,1,3,1,1,1,1,1,1,1,,9382,3,22,2,3,128,1512,1899
938303,3,4,1,1,1,1,1,4,2,4,9383,3,31,1,6,184,2135,2421
938401,3,6,2,1,1,1,1,4,1,,9384,1,27,4,6,155,1818,1651
938502,3,7,2,1,1,1,1,4,1,,9385,2,26,1,1,151,1780,2117
938611,2,2,1,2,,2,,1,1,,9386,11,8,4,1,43,485,1975
938702,2,6,1,1,1,1,1,2,1,,9387,2,29,3,5,166,1968,2162
938811,1,4,1,2,,2,,5,1,,9388,11,14,4,3,77,970,8757
938915,1,4,1,1,2,2,,1,1,,9389,15,32,4,3,187,2145,1691
939016,2,4,1,1,1,2,,4,1,,9390,16,32,2,3,185,2139,1468
939103,1,3,1,1,1,1,1,3,1,,9391,3,28,1,2,163,1937,1709
939220,2,2,0,1,1,2,,3,1,,9392,20,20,4,6,111,1384,3206
939301,1,4,1,2,,1,1,1,1,,9393,1,9,1,4,49,623,3934
939401,2,4,1,1,1,1,1,3,1,,9394,1,2,1,1,10,114,2830
939513,4,4,1,2,,1,1,3,1,,9395,13,22,3,3,123,1462,2245
939605,2,4,1,1,1,2,,7,1,,9396,5,28,1,2,163,1925,1801
939707,3,6,0,2,,2,,5,1,,9397,7,12,4,6,63,888,2579
939804,1,4,1,2,,1,1,1,1,,9398,4,10,1,1,54,810,1296
939905,1,1,1,2,,2,,2,1,,9399,5,9,1,4,48,568,4282
940002,3,5,2,1,1,1,1,4,1,,9400,2,2,1,1,11,137,2455
940117,2,3,0,2,,2,,9,1,,9401,17,7,3,6,37,443,3934
940202,1,3,2,1,2,1,1,3,1,,9402,2,19,1,2,107,1316,3120
940302,3,7,2,1,1,1,1,5,2,2,9403,2,18,1,3,102,1224,1185
940403,2,4,1,1,1,1,1,2,1,,9404,3,9,1,4,49,622,4001
940504,2,4,1,2,,1,1,4,1,,9405,4,9,1,4,49,676,1034
940604,1,1,1,2,,1,1,1,1,,9406,4,8,1,1,44,506,2740
940705,3,5,1,2,,2,,1,1,,9407,5,29,3,5,169,2007,986
940804,1,5,1,1,1,1,1,2,1,,9408,4,8,2,1,42,480,3631
940903,1,4,1,2,,1,1,2,1,,9409,3,28,1,2,162,1900,1565
941002,2,3,1,2,,1,1,1,1,,9410,2,2,1,1,10,98,3467
941105,2,3,1,1,1,1,1,5,1,,9411,5,27,4,6,156,1833,1587
941205,3,8,3,1,3,1,1,4,1,,9412,5,24,1,2,139,1633,1296
941305,2,3,1,2,,1,1,4,1,,9413,5,18,1,3,102,1220,1416
941404,1,2,1,2,,1,1,4,1,,9414,4,22,1,3,127,1485,1964
941506,2,3,1,1,2,1,1,4,1,,9415,6,22,4,3,125,1466,2305
941603,1,4,1,1,1,1,1,3,1,,9416,3,28,1,2,161,1849,2520
941703,1,3,1,2,,1,1,1,1,,9417,3,22,2,3,128,1504,2131
941810,1,2,1,2,,2,,6,1,,9418,10,12,3,6,61,877,2869
941901,1,4,1,2,,1,1,1,1,,9419,1,9,1,4,50,745,2439
942001,2,4,1,2,,1,1,3,1,,9420,1,24,1,2,138,1609,1304
942105,2,2,1,2,,2,,3,1,,9421,5,28,1,2,162,1888,1654
942205,2,5,2,1,1,1,1,4,1,,9422,5,10,1,1,54,798,1396
942303,3,6,2,1,1,1,1,3,1,,9423,3,22,1,3,127,1488,1944
942412,2,3,2,2,,1,1,2,1,,9424,12,24,3,2,135,1587,1397
942516,3,5,2,1,1,1,2,5,1,,9425,16,20,4,6,111,1383,3212
942602,2,3,1,2,,1,1,6,1,,9426,2,6,1,3,35,431,727
942704,2,3,1,1,1,1,1,6,1,,9427,4,1,1,3,5,32,1371
942815,1,2,0,2,,2,,2,1,,9428,15,30,4,5,173,2044,4268
942901,3,4,2,1,1,1,1,3,1,,9429,1,21,1,5,121,1441,3844
943002,2,4,1,1,1,1,1,4,1,,9430,2,3,1,1,18,214,662
943110,3,5,1,2,,1,1,4,1,,9431,10,27,4,6,155,1820,1502
943212,3,5,1,2,,1,1,5,1,,9432,12,21,2,5,116,1409,5069
943303,3,5,1,1,1,1,1,3,1,,9433,3,22,2,3,126,1473,2107
943403,3,3,1,1,3,1,1,3,1,,9434,3,8,1,1,45,527,3042
943503,3,6,4,2,,1,1,4,1,,9435,3,15,2,5,86,1066,13118
943605,2,3,1,2,,1,1,2,1,,9436,5,1,1,3,4,25,1165
943711,2,4,1,1,1,2,,5,1,,9437,11,7,3,6,37,443,3934
943806,2,4,1,1,1,1,1,3,1,,9438,6,20,3,6,110,1376,4727
943912,2,3,1,2,,2,,6,1,,9439,12,25,4,1,143,1680,2209
944003,1,3,1,2,,1,1,5,1,,9440,3,24,1,2,138,1613,1193
944109,3,4,1,2,,2,,4,1,,9441,9,16,4,3,89,1112,3033
944201,1,2,1,2,,2,,1,1,,9442,1,8,1,1,44,498,2876
944304,2,4,1,2,,1,1,4,1,,9443,4,27,1,6,156,1829,1722
944402,1,4,1,1,1,1,1,2,1,,9444,2,9,1,4,49,610,4363
944503,2,4,1,2,,1,1,1,1,,9445,3,4,4,6,21,228,784
944614,1,3,0,2,,2,,4,1,,9446,14,24,4,2,136,1590,1225
944705,2,4,1,1,1,1,1,4,1,,9447,5,27,1,6,158,1840,3571
944805,4,7,7,1,4,1,1,2,1,,9448,5,8,1,1,46,554,2509
944901,1,3,1,2,,2,,1,1,,9449,1,11,1,3,58,840,5935
945004,1,1,0,2,,2,,6,1,,9450,4,5,2,2,29,308,1594
945105,2,2,1,2,,1,1,4,1,,9451,5,32,3,3,186,2143,1518
945202,2,3,1,2,,1,1,3,1,,9452,2,5,1,2,29,282,1842
945301,2,4,1,1,1,1,1,2,2,2,9453,1,26,1,1,150,1753,2595
945403,3,6,1,1,1,1,1,3,1,,9454,3,26,1,1,151,1776,2135
945510,3,4,1,1,1,2,,4,1,,9455,10,32,4,3,187,2145,1691
945610,1,2,0,2,,2,,5,1,,9456,10,7,4,6,39,448,4578
945715,3,5,1,1,1,1,1,6,1,,9457,15,1,4,3,3,7,1634
945809,2,3,1,1,1,2,,5,1,,9458,9,20,4,6,112,1387,3229
945902,3,5,1,1,1,1,1,4,1,,9459,2,5,1,2,31,382,1784
946003,4,5,4,1,2,1,1,4,1,,9460,3,19,1,2,106,1262,3621
946105,4,6,2,1,1,1,2,2,1,,9461,5,1,1,3,6,55,1249
946219,2,3,1,1,2,1,1,4,1,,9462,19,3,3,1,13,146,496
946315,1,2,1,2,,2,,2,1,,9463,15,28,4,2,160,1845,1479
946404,2,3,1,1,1,1,1,5,1,,9464,4,29,3,5,170,2019,1044
946517,2,3,1,2,,1,1,1,1,,9465,17,32,3,3,186,2143,1518
946601,2,4,1,1,1,1,1,2,1,,9466,1,5,1,2,31,373,1836
946703,4,6,2,2,,1,1,7,1,,9467,3,24,1,2,139,1633,1296
946805,2,5,2,2,,1,1,4,1,,9468,5,4,1,6,24,257,781
946901,1,2,1,2,,1,1,4,1,,9469,1,15,3,5,86,1064,15368
947003,3,4,2,1,1,1,1,2,1,,9470,3,19,1,2,106,1267,3367
947115,2,4,1,2,,1,1,3,1,,9471,15,27,4,6,155,1820,1502
947202,2,2,1,2,,1,1,4,1,,9472,2,4,1,6,24,261,646
947303,2,3,2,1,1,1,1,4,1,,9473,3,29,2,5,169,2004,991
947402,4,4,2,2,,1,1,11,1,,9474,2,27,3,6,153,1808,2893
947503,7,8,1,1,1,1,1,8,1,,9475,3,3,1,1,17,197,604
947601,3,6,2,1,1,1,1,4,1,,9476,1,9,1,4,50,760,1073
947704,3,8,2,1,1,1,1,3,1,,9477,4,5,1,2,30,347,1489
947803,2,4,1,1,1,1,1,3,1,,9478,3,26,2,1,148,1739,2513
947901,3,5,2,1,2,1,1,6,1,,9479,1,26,1,1,152,1802,2095
948002,2,3,1,1,1,1,1,2,1,,9480,2,28,1,2,162,1863,1860
948102,4,8,4,1,3,1,1,6,1,,9481,2,3,1,1,16,168,675
948218,2,6,1,2,,2,,1,1,,9482,18,13,2,5,68,927,1392
948305,3,3,1,1,2,1,1,7,1,,9483,5,9,1,4,50,694,3633
948403,3,4,1,2,,1,1,4,1,,9484,3,11,1,3,58,844,5317
948502,2,6,1,1,1,1,1,3,1,,9485,2,19,1,2,107,1320,3082
948618,2,2,0,2,,2,,1,1,,9486,18,24,4,2,137,1599,1009
948705,1,6,3,1,1,1,1,2,1,,9487,5,19,1,2,107,1312,3177
948803,2,4,1,2,,2,,5,1,,9488,3,15,1,5,87,1097,11460
948906,4,6,1,1,1,1,1,4,1,,9489,6,20,2,6,109,1372,3454
949020,1,2,1,2,,1,1,1,1,,9490,20,15,4,5,83,1024,5447
949109,2,4,1,2,,1,1,4,1,,9491,9,32,2,3,185,2139,1468
949201,3,8,2,1,2,1,1,1,1,,9492,1,9,1,4,50,695,3569
949319,3,3,2,2,,1,1,2,1,,9493,19,1,2,3,2,6,392
949404,2,5,2,1,1,1,1,4,1,,9494,4,14,1,3,78,976,10781
949501,2,3,1,1,1,1,1,1,1,,9495,1,28,1,2,164,1962,1817
949618,2,3,1,2,,1,1,5,1,,9496,18,10,2,1,51,767,1281
949702,2,3,1,1,1,1,1,5,1,,9497,2,19,2,2,108,1339,3400
949803,1,2,1,2,,2,,2,1,,9498,3,23,1,6,132,1536,1748
949902,3,5,1,1,1,1,1,3,1,,9499,2,20,2,6,109,1371,10690
950004,2,6,2,2,,2,,1,1,,9500,4,9,1,4,49,615,4169
950101,3,4,1,1,1,1,1,4,1,,9501,1,2,1,1,10,119,2740
950203,3,5,2,2,,1,1,1,1,,9502,3,9,1,4,50,713,3405
950317,1,4,1,2,,2,,1,1,,9503,17,20,3,6,110,1376,4727
950402,3,5,2,2,,2,,2,1,,9504,2,8,1,1,45,529,3028
950505,2,3,1,1,2,1,1,4,1,,9505,5,2,1,1,10,98,3467
950602,3,5,2,1,1,2,,2,1,,9506,2,28,1,2,162,1876,1713
950704,2,2,1,2,,2,,4,1,,9507,4,20,2,6,110,1377,3890
950803,3,5,1,1,1,1,1,3,1,,9508,3,9,1,4,48,586,3644
950904,3,4,1,1,1,1,1,5,1,,9509,4,2,1,1,10,109,2930
951005,1,1,0,2,,2,,1,1,,9510,5,32,1,3,188,2150,1541
951101,3,4,1,1,1,1,1,1,1,,9511,1,25,1,1,146,1732,2859
951209,2,2,1,2,,1,2,5,1,,9512,9,21,3,5,115,1405,6115
951303,1,1,1,2,,1,1,2,1,,9513,3,17,1,5,98,1185,1596
951411,1,3,1,1,1,1,2,2,1,,9514,11,32,4,3,187,2146,1688
951501,2,3,1,2,,1,1,2,1,,9515,1,16,3,3,88,1107,4964
951601,1,1,1,2,,2,,1,1,,9516,1,29,2,5,169,2002,1015
951702,2,3,2,1,2,1,1,3,1,,9517,2,25,1,1,144,1685,3706
951815,2,2,0,2,,1,1,4,1,,9518,15,4,3,6,19,221,707
951910,1,2,1,2,,2,,2,1,,9519,10,28,4,2,160,1845,1479
952001,5,8,2,1,3,1,1,7,1,,9520,1,1,1,3,5,43,1062
952102,1,2,1,1,1,1,1,2,1,,9521,2,9,2,4,48,559,5687
952210,1,3,1,2,,2,,1,1,,9522,10,22,3,3,123,1462,2245
952305,1,1,0,2,,2,,1,1,,9523,5,9,1,4,48,576,3999
952401,2,5,1,2,,1,1,4,1,,9524,1,9,1,4,50,707,3479
952502,2,8,3,1,2,1,1,2,1,,9525,2,17,1,5,99,1204,1561
952603,1,2,0,1,1,2,,2,1,,9526,3,12,1,6,64,892,3147
952720,3,4,0,1,1,1,1,4,1,,9527,20,30,4,5,174,2047,5218
952805,2,4,1,1,1,1,1,2,1,,9528,5,9,1,4,49,674,1437
952902,2,3,1,1,1,1,1,6,1,,9529,2,26,1,1,150,1761,2403
953004,2,3,1,2,,1,1,3,1,,9530,4,23,1,6,134,1571,2231
953101,3,6,2,1,1,1,1,3,1,,9531,1,5,1,2,30,338,1543
953201,4,8,4,1,1,1,1,5,1,,9532,1,1,1,3,6,54,1277
953303,1,3,0,2,,2,,2,1,,9533,3,7,3,6,37,442,5052
953404,3,4,0,2,,2,,1,1,,9534,4,16,4,3,89,1112,3033
953501,2,4,1,1,1,1,1,5,1,,9535,1,30,1,5,175,2064,4903
953601,2,4,1,1,2,1,1,3,1,,9536,1,14,3,3,75,965,3506
953705,2,4,2,2,,1,1,5,1,,9537,5,16,1,3,92,1130,4767
953803,1,1,0,1,1,1,1,3,1,,9538,3,23,1,6,131,1527,1108
953904,3,5,2,2,,2,,2,1,,9539,4,30,2,5,172,2035,8713
954005,3,5,1,2,,1,1,4,1,,9540,5,21,1,5,121,1434,4829
954113,1,2,1,2,,2,,2,1,,9541,13,21,3,5,115,1405,6115
954219,2,4,2,1,1,1,1,5,1,,9542,19,23,4,6,130,1515,1790
954305,4,7,1,1,1,1,1,5,1,,9543,5,15,4,5,83,1023,11415
954401,2,3,2,1,1,1,1,5,1,,9544,1,19,2,2,106,1285,3116
954503,2,3,1,2,,1,1,4,1,,9545,3,10,2,1,53,785,1262
954603,2,4,1,1,2,1,1,5,1,,9546,3,2,1,1,10,98,3467
954702,3,6,1,2,,2,,1,1,,9547,2,28,1,2,162,1902,1538
954804,1,1,0,2,,2,,1,1,,9548,4,19,1,2,106,1293,2525
954902,1,4,1,2,,2,,3,1,,9549,2,28,1,2,162,1872,1730
955007,1,3,1,2,,1,1,3,1,,9550,7,23,2,6,129,1513,2829
955101,2,3,1,1,1,1,1,2,1,,9551,1,20,2,6,113,1392,3160
955203,3,5,2,1,1,1,1,2,1,,9552,3,22,1,3,128,1509,1993
955315,1,3,1,2,,2,,1,1,,9553,15,20,4,6,111,1383,3212
955410,2,3,1,1,1,1,1,4,1,,9554,10,13,4,5,70,932,2540
955514,1,2,1,2,,2,,3,1,,9555,14,27,3,6,153,1808,2893
955605,4,6,3,2,,1,1,4,1,,9556,5,30,1,5,176,2078,5059
955703,3,4,1,1,3,1,1,4,1,,9557,3,1,1,3,5,31,1371
955820,1,2,1,2,,1,1,4,1,,9558,20,3,2,1,12,143,609
955901,1,4,1,1,2,1,1,2,1,,9559,1,26,1,1,151,1776,2135
956001,3,5,1,1,1,1,1,4,1,,9560,1,9,1,4,50,721,3243
956106,2,5,1,2,,2,,3,1,,9561,6,31,4,6,180,2091,2598
956203,3,3,2,2,,2,,3,1,,9562,3,31,2,6,182,2107,1902
956302,3,4,2,1,1,2,,4,1,,9563,2,32,4,3,187,2145,1691
956412,1,3,1,2,,2,,3,1,,9564,12,22,4,3,125,1466,2305
956503,2,5,2,2,,2,,2,1,,9565,3,3,1,1,17,192,642
956613,2,2,1,2,,1,1,4,1,,9566,13,31,2,6,178,2085,2014
956716,1,2,1,1,1,1,1,2,1,,9567,16,6,2,3,32,392,627
956805,2,4,2,1,2,1,1,1,1,,9568,5,10,1,1,53,793,1196
956901,1,3,2,2,,1,1,1,1,,9569,1,21,1,5,122,1450,4811
957003,2,3,1,2,,2,,2,1,,9570,3,9,1,4,48,574,4103
957102,2,4,1,2,,1,1,2,1,,9571,2,9,1,4,49,633,3737
957204,4,7,0,1,1,1,1,10,1,,9572,4,30,4,5,173,2043,4521
957301,2,3,1,1,1,1,1,3,1,,9573,1,15,1,5,87,1093,12542
957403,1,3,1,1,1,1,1,1,1,,9574,3,10,1,1,53,787,1233
957516,3,3,2,1,1,1,1,4,1,,9575,16,18,2,3,100,1213,1488
957601,5,9,2,2,,1,1,5,1,,9576,1,25,2,1,142,1677,2524
957704,3,5,1,2,,1,2,10,1,,9577,4,32,2,3,185,2139,1468
957802,1,1,1,2,,2,,5,1,,9578,2,27,1,6,156,1829,1722
957905,4,6,3,1,1,1,1,5,1,,9579,5,25,1,1,145,1720,1138
958004,1,1,1,2,,2,,1,1,,9580,4,17,1,5,97,1178,1181
958101,3,5,1,1,1,1,1,3,1,,9581,1,19,1,2,108,1343,3343
958214,1,2,1,1,1,2,,2,1,,9582,14,20,4,6,111,1384,3206
958304,2,6,1,2,,2,,2,1,,9583,4,30,2,5,172,2036,7817
958404,1,2,0,2,,2,,2,1,,9584,4,9,1,4,48,596,3213
958503,1,3,1,2,,2,,6,1,,9585,3,31,3,6,182,2103,1967
958604,3,5,1,1,1,1,1,2,1,,9586,4,32,1,3,190,2168,2275
958703,2,3,1,2,,1,1,1,1,,9587,3,9,1,4,50,681,4096
958803,2,4,1,1,1,1,1,5,1,,9588,3,27,1,6,156,1834,771
958902,1,6,2,1,1,1,1,2,1,,9589,2,20,1,6,114,1398,4060
959004,3,6,3,1,2,1,1,4,1,,9590,4,29,2,5,170,2030,818
959105,1,2,1,2,,2,,3,1,,9591,5,30,4,5,173,2044,4268
959201,2,3,1,1,1,1,1,4,1,,9592,1,15,1,5,86,1081,10084
959303,3,4,1,2,,1,1,6,1,,9593,3,28,1,2,163,1918,1883
959403,3,4,1,1,2,1,1,4,1,,9594,3,26,1,1,152,1802,2095
959512,2,4,0,1,1,2,,6,1,,9595,12,20,4,6,111,1380,3726
959605,3,4,1,2,,2,,5,1,,9596,5,11,1,3,58,853,4672
959717,1,2,0,2,,2,,3,1,,9597,17,12,4,6,63,886,2839
959818,3,4,2,1,1,1,1,3,1,,9598,18,25,4,1,143,1678,2442
959903,1,2,1,2,,1,1,3,1,,9599,3,17,1,5,97,1171,1518
960014,3,4,1,1,1,1,1,7,1,,9600,14,32,4,3,187,2148,1543
960116,2,4,0,2,,2,,4,1,,9601,16,7,4,6,39,448,4578
960204,3,6,2,1,2,1,1,3,1,,9602,4,22,1,3,128,1502,2168
960304,3,4,1,1,2,1,1,4,1,,9603,4,19,1,2,108,1344,3343
960414,3,6,1,2,,2,,10,1,,9604,14,4,4,6,21,229,690
960505,3,6,3,1,4,1,1,4,1,,9605,5,26,1,1,151,1773,2173
960605,3,4,1,2,,1,1,3,1,,9606,5,9,1,4,49,605,4730
960706,1,2,0,2,,2,,7,1,,9607,6,12,3,6,61,877,2869
960804,4,5,2,1,1,1,1,4,1,,9608,4,14,1,3,79,992,7674
960915,3,5,2,1,1,1,1,5,1,,9609,15,31,3,6,179,2088,1811
961005,3,5,1,2,,2,,4,1,,9610,5,15,3,5,86,1065,13704
961105,2,3,1,1,3,1,1,4,1,,9611,5,5,1,2,31,374,1832
961203,1,3,1,1,1,2,,2,1,,9612,3,31,1,6,183,2116,2118
961304,4,5,2,1,1,1,1,5,1,,9613,4,19,1,2,107,1317,3114
961401,2,3,1,2,,1,1,1,1,,9614,1,5,1,2,30,336,1549
961503,2,3,1,2,,1,1,2,1,,9615,3,23,1,6,132,1538,1693
961602,2,2,2,1,2,1,1,2,1,,9616,2,2,1,1,11,125,3058
961703,1,6,2,2,,1,1,4,1,,9617,3,19,1,2,106,1268,3360
961803,1,4,2,1,1,1,1,3,1,,9618,3,4,1,6,25,268,805
961907,4,6,0,1,1,1,2,5,1,,9619,7,5,4,2,28,277,1380
962005,1,3,1,1,1,1,1,1,1,,9620,5,5,1,2,31,387,1648
962105,1,3,1,1,1,1,1,3,1,,9621,5,5,1,2,30,358,1424
962203,2,3,1,1,1,1,1,3,1,,9622,3,2,1,1,9,84,2880
962305,2,6,1,1,1,2,,2,1,,9623,5,8,1,1,45,530,2985
962401,1,4,0,2,,2,,2,1,,9624,1,12,4,6,63,885,2839
962505,2,3,1,2,,1,1,8,1,,9625,5,10,1,1,53,777,1333
962615,3,5,1,1,1,1,1,4,1,,9626,15,30,4,5,174,2047,5218
962715,3,5,1,1,1,1,2,3,1,,9627,15,30,4,5,174,2048,4995
962802,5,6,2,1,5,2,,2,1,,9628,2,18,1,3,104,1243,963
962901,2,4,2,1,2,1,1,2,1,,9629,1,8,1,1,46,553,2825
963014,1,2,0,1,1,2,,2,1,,9630,14,16,4,3,89,1112,3033
963118,2,3,1,2,,1,1,5,1,,9631,18,20,4,6,112,1386,3430
963201,3,5,1,2,,1,1,5,1,,9632,1,22,1,3,128,1508,2001
963302,3,4,4,1,1,1,1,3,1,,9633,2,11,1,3,58,848,4928
963402,3,5,1,1,1,2,,10,1,,9634,2,26,1,1,151,1765,2599
963505,3,4,1,2,,2,,5,1,,9635,5,29,3,5,171,2032,830
963601,1,2,2,2,,1,1,1,1,,9636,1,23,1,6,131,1528,848
963702,1,3,1,2,,1,1,4,1,,9637,2,14,4,3,77,970,8757
963817,2,5,1,1,1,1,1,5,1,,9638,17,22,4,3,125,1467,2137
963917,1,2,0,2,,2,,5,1,,9639,17,17,3,5,94,1147,952
964002,3,6,1,1,1,1,1,3,1,,9640,2,10,1,1,54,810,1296
964103,2,4,1,2,,1,1,1,1,,9641,3,24,1,2,139,1632,1299
964205,2,3,1,2,,1,1,6,1,,9642,5,23,1,6,132,1555,1256
964315,1,2,1,2,,1,2,2,1,,9643,15,25,3,1,141,1673,2778
964403,1,3,1,1,1,1,1,3,1,,9644,3,2,1,1,10,109,2930
964516,2,3,1,2,,2,,4,1,,9645,16,13,4,5,71,938,2501
964618,2,6,1,1,1,2,,4,1,,9646,18,16,4,3,89,1113,3018
964714,1,2,0,2,,2,,3,1,,9647,14,24,4,2,136,1589,1281
964806,3,4,2,2,,1,1,3,1,,9648,6,24,3,2,135,1584,1829
964902,1,2,1,2,,2,,2,1,,9649,2,23,1,6,132,1546,1543
965004,1,2,1,1,1,2,,1,1,,9650,4,14,2,3,75,961,16402
965110,2,2,0,2,,2,,2,1,,9651,10,12,4,6,63,887,2678
965214,1,2,1,2,,2,,5,1,,9652,14,31,4,6,180,2092,2522
965302,1,1,0,2,,2,,1,1,,9653,2,9,1,4,49,656,3132
965404,1,1,1,2,,1,1,4,1,,9654,4,9,1,4,49,620,4040
965505,2,3,1,2,,2,,2,1,,9655,5,27,2,6,153,1807,2589
965604,3,6,1,1,1,1,1,5,1,,9656,4,29,3,5,166,1968,2162
965701,1,2,2,2,,1,1,1,1,,9657,1,18,1,3,104,1246,891
965805,2,4,1,1,3,1,1,4,1,,9658,5,13,3,5,67,919,1831
965912,2,4,1,2,,2,,3,1,,9659,12,30,4,5,174,2046,5443
966001,2,3,2,2,,1,1,5,1,,9660,1,27,3,6,156,1828,1791
966104,3,4,2,1,4,1,1,4,1,,9661,4,14,1,3,78,978,9619
966202,1,1,0,1,1,2,,2,1,,9662,2,11,1,3,58,842,5752
966315,1,3,1,2,,2,,2,1,,9663,15,7,4,6,39,447,4920
966405,2,6,1,2,,1,1,2,1,,9664,5,29,2,5,166,1969,729
966507,3,5,1,2,,1,1,4,1,,9665,7,10,3,1,51,765,1494
966602,3,5,1,1,1,1,1,4,1,,9666,2,19,1,2,107,1310,3190
966704,3,7,1,1,1,1,1,4,1,,9667,4,24,1,2,139,1629,1328
966802,3,6,1,1,1,1,1,5,1,,9668,2,9,1,4,50,728,3027
966902,3,5,1,1,2,1,1,4,1,,9669,2,25,1,1,146,1722,3772
967017,1,2,1,1,1,2,,2,1,,9670,17,21,2,5,116,1407,6595
967103,2,3,2,2,,1,1,2,1,,9671,3,27,3,6,156,1824,2754
967204,1,2,1,1,1,2,,1,1,,9672,4,15,1,5,86,1079,10531
967307,4,7,0,2,,1,1,3,1,,9673,7,16,2,3,88,1109,4626
967405,1,1,1,2,,1,1,6,1,,9674,5,10,1,1,54,800,1335
967505,3,5,1,2,,1,1,4,1,,9675,5,9,1,4,48,565,4449
967608,4,8,4,1,2,1,1,4,1,,9676,8,13,3,5,67,919,1831
967704,2,3,1,1,2,1,1,3,1,,9677,4,2,1,1,11,139,2151
967804,2,4,1,1,2,1,1,3,1,,9678,4,8,1,1,44,511,2512
967912,1,2,1,2,,2,,1,1,,9679,12,28,4,2,160,1845,1479
968011,2,4,1,2,,2,,7,1,,9680,11,12,3,6,61,877,2869
968116,2,2,0,2,,2,,3,1,,9681,16,22,4,3,125,1465,3729
968205,1,5,1,2,,1,1,1,1,,9682,5,19,1,2,107,1303,3279
968304,2,3,1,1,2,1,1,4,1,,9683,4,8,1,1,44,493,3043
968404,3,4,1,1,1,1,1,3,1,,9684,4,9,1,4,50,682,3886
968503,2,3,2,1,1,1,1,2,1,,9685,3,15,1,5,85,1052,10908
968605,2,3,1,2,,1,1,2,1,,9686,5,26,1,1,150,1753,2595
968704,3,5,3,1,1,1,1,5,1,,9687,4,27,1,6,158,1841,3131
968812,3,5,1,1,1,2,,4,1,,9688,12,13,4,5,70,931,3702
968910,1,3,1,1,2,1,1,2,1,,9689,10,15,3,5,81,1018,5909
969003,2,3,1,2,,1,1,7,1,,9690,3,9,1,4,49,626,3854
969106,3,8,2,1,3,1,1,3,1,,9691,6,32,3,3,186,2143,1518
969204,2,5,2,1,1,1,1,4,1,,9692,4,3,3,1,13,146,496
969303,1,1,1,2,,1,2,3,1,,9693,3,21,2,5,116,1407,6595
969419,2,3,0,2,,2,,3,1,,9694,19,13,4,5,71,938,2501
969503,2,3,1,2,,1,1,2,1,,9695,3,28,1,2,163,1942,1687
969602,2,5,1,1,1,1,1,3,1,,9696,2,9,1,4,49,638,3604
969720,1,2,0,2,,1,2,3,1,,9697,20,12,4,6,63,888,2579
969805,2,4,1,1,2,1,1,4,1,,9698,5,24,1,2,138,1610,1269
969902,2,3,0,2,,1,1,4,1,,9699,2,12,1,6,64,891,3190
970005,5,7,3,1,2,1,1,9,1,,9700,5,3,1,1,16,177,575
970101,2,8,2,1,1,1,1,3,1,,9701,1,21,1,5,122,1453,4305
970220,2,5,1,1,1,2,,5,1,,9702,20,10,3,1,51,766,1365
970302,3,4,1,1,1,1,1,3,1,,9703,2,9,1,4,49,659,3093
970416,1,2,1,2,,1,1,6,1,,9704,16,27,2,6,153,1812,2385
970502,2,3,2,2,,2,,2,1,,9705,2,11,2,3,56,829,19751
970603,2,3,1,1,1,1,1,3,1,,9706,3,29,3,5,169,1979,1077
970719,1,2,0,2,,2,,2,1,,9707,19,7,4,6,39,455,3338
970802,1,2,1,2,,1,2,2,1,,9708,2,19,1,2,107,1319,3086
970905,1,3,1,2,,1,1,1,1,,9709,5,24,1,2,139,1642,1223
971014,4,5,1,1,1,1,1,7,1,,9710,14,13,3,5,67,919,1831
971102,3,4,1,1,1,1,1,5,1,,9711,2,2,1,1,11,138,2175
971216,1,2,1,1,1,1,1,3,1,,9712,16,2,4,1,8,63,1922
971317,2,3,1,1,1,1,1,2,1,,9713,17,10,4,1,52,774,1138
971419,2,4,1,1,2,1,1,2,1,,9714,19,8,4,1,43,484,2372
971504,1,2,1,2,,2,,1,1,,9715,4,5,1,2,29,310,1581
971605,2,3,1,1,1,1,1,3,1,,9716,5,15,1,5,87,1093,12542
971701,2,4,1,2,,2,,2,1,,9717,1,3,1,1,17,184,703
971816,2,3,0,2,,2,,2,1,,9718,16,29,4,5,167,1976,500
971901,3,7,1,1,2,1,1,7,1,,9719,1,5,2,2,26,271,5495
972003,2,3,1,2,,2,,3,1,,9720,3,15,1,5,85,1046,11818
972104,1,5,1,1,1,1,1,2,1,,9721,4,30,4,5,174,2045,5770
972205,4,7,2,1,1,1,1,4,1,,9722,5,6,1,3,35,419,817
972307,3,4,1,1,1,1,1,5,1,,9723,7,12,4,6,63,887,2678
972405,3,4,2,1,1,1,1,4,1,,9724,5,13,1,5,74,957,2792
972515,2,3,0,1,1,1,1,4,1,,9725,15,2,4,1,8,62,1927
972602,1,2,1,2,,2,,2,1,,9726,2,29,2,5,170,2023,991
972710,3,4,2,1,2,1,1,3,1,,9727,10,24,2,2,135,1583,1844
972820,2,3,0,2,,2,,1,1,,9728,20,17,4,5,96,1157,995
972904,2,4,1,1,2,1,1,3,1,,9729,4,29,3,5,170,2026,917
973013,1,5,1,1,1,2,,2,1,,9730,13,19,2,2,105,1252,2794
973104,1,3,1,2,,2,,1,1,,9731,4,8,1,1,44,502,2777
973203,1,5,1,1,1,1,1,1,1,,9732,3,9,1,4,50,737,2858
973301,1,1,1,2,,1,1,1,1,,9733,1,15,1,5,85,1045,11921
973418,2,3,1,1,2,1,1,4,1,,9734,18,5,3,2,26,272,1902
973504,4,5,1,1,1,1,1,7,1,,9735,4,24,1,2,139,1622,1404
973613,1,3,0,2,,1,2,4,1,,9736,13,30,4,5,174,2048,4995
973719,2,3,1,2,,2,,3,1,,9737,19,13,3,5,67,922,1613
973812,1,3,1,1,1,1,1,3,1,,9738,12,31,4,6,180,2091,2598
973903,1,3,1,1,1,2,,1,1,,9739,3,19,1,2,107,1301,3306
974003,2,5,3,1,1,1,1,1,1,,9740,3,22,1,3,128,1508,2001
974102,1,4,1,1,2,1,1,6,1,,9741,2,32,3,3,186,2143,1518
974212,3,5,1,1,1,1,1,7,1,,9742,12,13,2,5,67,923,1581
974305,3,4,1,2,,1,1,5,1,,9743,5,20,3,6,114,1400,3262
974417,3,5,1,2,,1,2,1,1,,9744,17,27,4,6,155,1818,1651
974505,1,1,0,2,,2,,2,1,,9745,5,17,1,5,98,1187,1422
974604,2,4,1,1,1,1,1,4,1,,9746,4,9,1,4,49,650,3248
974706,3,4,1,2,,2,,5,1,,9747,6,10,4,1,52,770,1405
974801,3,5,2,1,1,1,1,3,1,,9748,1,7,1,6,41,475,4150
974901,3,5,2,1,1,1,1,5,1,,9749,1,5,1,2,29,280,1644
975003,2,4,1,1,1,1,1,1,1,,9750,3,8,1,1,45,523,3117
975107,3,4,2,2,,1,1,2,1,,9751,7,20,3,6,109,1374,2508
975213,1,2,0,2,,2,,3,1,,9752,13,4,2,6,20,224,779
975301,1,2,1,1,1,2,,1,1,,9753,1,8,1,1,44,488,3274
975402,1,1,1,2,,2,,2,1,,9754,2,31,1,6,181,2094,2676
975505,1,2,1,1,1,1,2,1,1,,9755,5,6,1,3,34,409,731
975602,3,6,2,1,1,1,1,4,1,,9756,2,2,1,1,9,64,3722
975702,4,7,2,1,2,1,1,5,1,,9757,2,31,1,6,184,2131,2562
975819,4,6,3,1,3,1,1,2,1,,9758,19,7,2,6,38,445,7240
975901,3,4,2,1,2,1,1,3,1,,9759,1,16,1,3,92,1129,5118
976006,1,2,1,1,1,1,1,3,1,,9760,6,31,3,6,179,2088,1811
976101,2,4,1,1,1,1,1,3,1,,9761,1,4,3,6,20,222,977
976220,3,4,0,1,2,2,,4,1,,9762,20,21,4,5,117,1413,3844
976313,3,5,0,2,,1,1,3,1,,9763,13,27,4,6,155,1821,1493
976402,1,1,1,2,,2,,2,1,,9764,2,4,1,6,23,242,779
976517,1,1,0,2,,2,,2,1,,9765,17,4,4,6,21,228,784
976620,1,3,0,2,,2,,1,1,,9766,20,12,4,6,63,883,3042
976705,3,5,1,1,1,1,1,3,1,,9767,5,25,4,1,143,1681,2188
976801,2,3,1,2,,1,1,4,1,,9768,1,18,4,3,101,1218,1072
976915,3,6,1,2,,2,,1,1,,9769,15,27,4,6,155,1819,1628
977002,4,8,3,1,3,1,1,7,1,,9770,2,5,1,2,31,386,1676
977115,1,3,0,2,,2,,3,1,,9771,15,24,4,2,136,1592,1094
977205,1,4,3,1,1,1,1,2,1,,9772,5,9,1,4,50,680,4276
977310,1,3,0,2,,2,,3,1,,9773,10,20,4,6,111,1383,3212
977404,1,2,1,2,,1,1,2,1,,9774,4,4,1,6,23,244,752
977501,1,3,1,2,,1,2,2,1,,9775,1,28,1,2,163,1922,1833
977603,3,4,1,1,1,2,,5,1,,9776,3,15,2,5,85,1041,12342
977718,1,2,1,2,,2,,1,1,,9777,18,15,4,5,83,1023,11415
977816,3,4,0,2,,2,,3,1,,9778,16,24,4,2,136,1592,1094
977916,1,2,1,1,1,2,,5,1,,9779,16,2,4,1,8,62,1927
978002,2,3,1,2,,2,,3,1,,9780,2,21,2,5,116,1409,5069
978115,2,4,0,1,1,2,,5,1,,9781,15,7,3,6,37,443,3934
978214,1,2,1,2,,1,1,2,1,,9782,14,31,3,6,179,2088,1811
978301,2,3,1,1,1,1,1,6,1,,9783,1,7,1,6,40,466,3836
978414,1,3,1,2,,1,1,4,1,,9784,14,13,2,5,67,918,1831
978512,1,2,1,2,,2,,3,1,,9785,12,26,4,1,149,1741,2121
978605,3,6,1,2,,1,1,3,1,,9786,5,8,1,1,44,506,2740
978704,2,3,1,2,,1,1,5,1,,9787,4,19,2,2,105,1251,2799
978804,2,3,1,2,,1,1,3,1,,9788,4,14,1,3,79,994,7315
978903,1,2,1,2,,2,,6,1,,9789,3,23,1,6,132,1551,1406
979016,3,4,3,1,1,1,1,4,1,,9790,16,14,2,3,75,966,3387
979109,2,4,1,1,2,1,1,2,1,,9791,9,32,4,3,187,2147,1565
979218,2,5,1,1,1,1,1,2,1,,9792,18,25,2,1,142,1676,2626
979302,1,2,0,2,,2,,1,1,,9793,2,17,1,5,97,1169,1663
979405,2,3,1,2,,1,2,3,1,,9794,5,15,1,5,86,1070,12734
979504,3,4,2,1,1,1,1,7,1,,9795,4,15,2,5,82,1020,15428
979602,1,2,1,2,,2,,1,1,,9796,2,8,1,1,44,487,3392
979715,3,4,1,2,,1,1,5,1,,9797,15,29,3,5,166,1971,658
979801,3,5,2,1,1,1,1,5,1,,9798,1,19,1,2,108,1367,3017
979901,1,4,1,1,1,1,2,4,1,,9799,1,5,1,2,30,339,1541
980009,1,4,1,2,,2,,1,1,,9800,9,32,4,3,187,2146,1688
980120,2,4,0,1,1,1,1,5,1,,9801,20,24,4,2,136,1590,1225
980204,2,5,3,1,2,1,1,3,1,,9802,4,18,1,3,104,1245,896
980304,3,7,3,1,1,2,,2,1,,9803,4,17,4,5,95,1154,485
980402,3,5,1,1,1,1,1,3,1,,9804,2,10,1,1,54,811,1294
980510,2,3,1,2,,2,,1,1,,9805,10,25,4,1,143,1679,2282
980601,2,4,1,1,1,1,1,4,1,,9806,1,19,1,2,107,1324,3029
980703,2,8,2,1,1,1,1,3,1,,9807,3,5,1,2,30,349,1476
980809,1,4,1,1,1,1,1,1,1,,9808,9,16,4,3,90,1117,3299
980904,1,4,1,1,1,1,1,1,1,,9809,4,5,1,2,29,311,1581
981014,1,1,0,2,,2,,1,1,,9810,14,12,4,6,63,882,3147
981111,2,3,0,2,,2,,2,1,,9811,11,31,3,6,179,2088,1811
981201,2,4,2,1,2,1,1,2,1,,9812,1,9,1,4,48,589,3580
981305,3,7,1,1,2,1,1,6,1,,9813,5,31,3,6,178,2086,1819
981402,2,4,2,1,1,1,1,3,1,,9814,2,2,1,1,11,134,2795
981503,2,3,2,1,1,1,1,3,1,,9815,3,3,1,1,16,168,675
981604,4,6,3,1,2,1,1,3,1,,9816,4,28,1,2,163,1920,1850
981702,2,2,1,1,1,1,1,2,1,,9817,2,3,1,1,15,154,698
981805,2,3,1,2,,1,1,4,1,,9818,5,24,1,2,139,1620,1454
981903,3,5,1,1,2,1,1,6,1,,9819,3,9,1,4,50,722,3217
982002,2,4,1,2,,1,1,4,1,,9820,2,9,1,4,50,758,1172
982105,3,5,1,2,,2,,2,1,,9821,5,22,4,3,125,1465,3729
982217,3,5,1,2,,2,,2,1,,9822,17,30,4,5,173,2041,4774
982305,2,3,1,1,1,2,,5,1,,9823,5,21,1,5,119,1416,4593
982411,3,4,0,2,,2,,4,1,,9824,11,7,4,6,39,451,3817
982505,2,5,1,1,1,1,1,2,1,,9825,5,8,1,1,44,503,2774
982603,2,4,1,1,1,1,1,4,1,,9826,3,9,1,4,49,607,4573
982704,2,3,1,2,,1,1,4,1,,9827,4,28,1,2,162,1888,1654
982806,2,4,1,1,1,1,1,2,1,,9828,6,25,2,1,142,1676,2626
982902,2,3,1,1,1,1,1,4,2,2,9829,2,11,1,3,58,840,5935
983005,2,4,1,1,2,1,1,3,1,,9830,5,24,1,2,139,1635,1284
983105,2,4,1,1,1,1,1,5,1,,9831,5,5,1,2,29,300,1653
983204,3,5,1,2,,1,1,6,1,,9832,4,32,2,3,185,2141,1249
983302,2,4,1,1,1,1,1,2,1,,9833,2,26,1,1,150,1756,2507
983403,3,5,1,2,,1,1,4,1,,9834,3,7,1,6,40,469,3401
983503,5,6,1,1,1,1,2,5,1,,9835,3,7,4,6,39,455,3338
983602,1,3,1,2,,2,,2,1,,9836,2,1,1,3,5,39,1139
983719,2,5,0,2,,1,1,5,1,,9837,19,20,4,6,111,1378,4169
983802,2,4,1,1,1,2,,4,1,,9838,2,27,1,6,157,1837,2715
983901,1,4,0,2,,2,,4,1,,9839,1,4,1,6,23,245,744
984003,2,4,1,1,1,1,1,2,1,,9840,3,15,1,5,87,1101,9942
984101,2,5,1,1,1,2,,4,1,,9841,1,8,1,1,44,495,2970
984203,1,3,1,2,,1,2,3,1,,9842,3,28,1,2,163,1917,1896
984302,1,4,1,1,1,1,1,3,1,,9843,2,9,3,4,48,562,4673
984401,2,6,2,1,1,1,1,4,1,,9844,1,9,1,4,50,720,3279
984501,2,4,1,1,1,1,1,4,1,,9845,1,6,1,3,34,396,778
984618,2,3,0,2,,2,,4,1,,9846,18,20,4,6,111,1381,3504
984703,1,3,1,2,,2,,1,1,,9847,3,19,1,2,107,1300,3331
984802,3,5,1,2,,1,1,3,1,,9848,2,9,1,4,48,599,2791
984918,3,6,1,1,1,1,1,6,1,,9849,18,13,3,5,68,928,1288
985012,1,4,0,2,,2,,1,1,,9850,12,18,4,3,101,1218,1072
985103,3,5,1,1,2,1,1,6,1,,9851,3,26,1,1,151,1790,1603
985203,2,5,2,1,2,1,1,4,1,,9852,3,27,3,6,157,1836,3583
985303,2,3,1,1,1,1,2,2,1,,9853,3,25,1,1,145,1702,2704
985402,3,7,2,1,1,1,2,4,1,,9854,2,29,2,5,170,2020,1036
985513,2,3,1,1,1,2,,2,1,,9855,13,14,2,3,75,966,3387
985601,1,1,0,1,1,1,1,1,1,,9856,1,16,1,3,93,1138,4351
985704,3,4,1,1,2,1,1,3,1,,9857,4,8,1,1,46,543,3376
985801,1,4,2,2,,1,1,2,1,,9858,1,19,2,2,108,1342,3361
985904,1,1,0,2,,2,,4,1,,9859,4,8,1,1,44,512,2443
986003,1,5,1,1,1,1,1,2,1,,9860,3,5,1,2,30,340,1528
986113,7,12,2,2,,1,1,14,1,,9861,13,21,3,5,116,1406,6756
986205,2,3,1,2,,2,,6,1,,9862,5,8,1,1,44,493,3043
986307,1,1,1,2,,1,1,2,1,,9863,7,27,2,6,153,1812,2385
986404,1,2,2,1,1,1,1,4,1,,9864,4,15,1,5,85,1056,9925
986501,1,3,3,1,1,1,1,1,1,,9865,1,1,1,3,6,50,1373
986619,2,2,1,2,,2,,4,1,,9866,19,31,4,6,180,2092,2522
986705,3,6,2,1,1,1,1,4,1,,9867,5,9,1,4,49,618,4123
986806,1,1,0,2,,2,,3,1,,9868,6,31,3,6,178,2084,2239
986905,2,5,1,2,,1,1,4,1,,9869,5,11,2,3,56,833,4741
987003,3,4,1,1,1,1,1,6,1,,9870,3,5,1,2,29,307,1598
987117,1,1,1,2,,2,,2,1,,9871,17,13,4,5,71,938,2501
987205,3,6,3,1,3,1,1,4,1,,9872,5,19,1,2,108,1356,3220
987306,1,1,0,2,,1,2,1,1,,9873,6,21,4,5,117,1412,4714
987405,1,2,1,1,2,2,,2,1,,9874,5,28,1,2,162,1869,1745
987501,2,3,1,1,1,1,1,3,1,,9875,1,16,4,3,90,1117,3299
987602,3,4,1,1,2,1,1,3,1,,9876,2,3,1,1,18,210,719
987701,2,2,1,2,,1,1,3,1,,9877,1,9,1,4,49,609,4460
987801,3,6,1,1,1,1,1,2,1,,9878,1,22,3,3,127,1491,1834
987904,2,5,2,1,1,1,1,4,1,,9879,4,19,1,2,106,1286,3116
988001,2,4,1,1,2,1,1,5,1,,9880,1,24,1,2,138,1603,1445
988110,3,5,1,1,1,2,,6,1,,9881,10,10,4,1,52,768,1450
988204,1,1,1,1,1,1,1,6,1,,9882,4,18,1,3,104,1242,1019
988309,2,3,1,1,1,1,1,4,1,,9883,9,19,2,2,105,1254,2584
988418,3,5,2,2,,1,1,4,1,,9884,18,13,4,5,71,939,2376
988505,2,3,1,1,1,1,1,3,1,,9885,5,28,1,2,163,1939,1707
988620,2,4,1,1,1,2,,2,1,,9886,20,5,4,2,28,279,1313
988718,2,3,0,2,,1,1,4,1,,9887,18,15,3,5,81,1018,5909
988801,4,7,1,1,4,1,1,4,1,,9888,1,8,1,1,46,554,2509
988903,2,5,1,1,2,1,1,3,1,,9889,3,25,1,1,144,1684,4596
989002,2,3,1,2,,1,1,4,1,,9890,2,20,4,6,113,1388,3090
989120,2,3,1,2,,1,1,4,1,,9891,20,20,3,6,109,1374,2508
989203,3,3,1,1,2,1,1,4,1,,9892,3,2,1,1,9,75,3170
989320,3,4,1,1,1,1,1,3,1,,9893,20,10,3,1,51,765,1494
989401,2,3,2,2,,1,1,4,1,,9894,1,15,1,5,86,1070,12734
989513,2,4,0,2,,2,,2,1,,9895,13,30,4,5,173,2041,4774
989604,1,7,2,1,2,1,1,2,1,,9896,4,5,1,2,31,378,1800
989704,1,1,1,2,,1,1,2,1,,9897,4,30,3,5,175,2061,5349
989801,2,5,2,1,2,1,1,3,1,,9898,1,24,1,2,140,1660,1407
989911,2,3,1,1,1,1,1,6,1,,9899,11,11,2,3,56,833,4741
990014,2,2,2,1,3,2,,6,1,,9900,14,12,2,6,62,881,1964
990118,2,3,0,1,1,2,,5,1,,9901,18,7,4,6,39,451,3817
990219,1,2,1,2,,2,,2,1,,9902,19,20,2,6,110,1377,3890
990302,1,3,2,2,,1,1,3,1,,9903,2,16,2,3,88,1109,4626
990402,1,5,1,1,1,1,1,2,1,,9904,2,5,1,2,31,383,1756
990503,3,5,1,2,,1,1,5,1,,9905,3,24,1,2,139,1634,1295
990603,2,3,2,1,1,1,1,3,1,,9906,3,25,1,1,146,1727,3564
990702,2,3,1,1,1,1,1,5,1,,9907,2,7,4,6,39,451,3817
990804,1,5,2,1,1,1,1,2,1,,9908,4,10,1,1,55,822,1371
990905,2,3,0,1,1,1,1,5,1,,9909,5,17,3,5,94,1146,3584
991003,2,5,2,1,2,1,1,2,1,,9910,3,9,1,4,50,720,3279
991104,1,2,1,1,2,2,,4,1,,9911,4,20,2,6,109,1372,3454
991205,2,6,2,1,1,1,2,2,1,,9912,5,5,1,2,31,388,1595
991301,1,3,1,2,,2,,1,1,,9913,1,10,4,1,52,771,1323
991404,4,5,3,1,1,1,1,2,1,,9914,4,28,1,2,163,1933,1734
991501,2,3,1,1,2,1,1,3,1,,9915,1,2,1,1,11,136,2692
991604,3,6,2,1,2,1,1,4,1,,9916,4,23,1,6,134,1575,1775
991716,3,4,1,2,,2,,5,1,,9917,16,30,4,5,173,2043,4521
991813,1,3,1,1,3,2,,1,1,,9918,13,13,4,5,71,936,2779
991905,1,2,0,2,,2,,1,1,,9919,5,12,4,6,63,882,3147
992008,1,2,0,2,,2,,1,1,,9920,8,24,4,2,136,1592,1094
992101,1,2,0,2,,2,,4,1,,9921,1,9,1,4,48,577,3999
992216,1,1,0,2,,2,,4,1,,9922,16,12,3,6,61,877,2869
992316,1,3,1,2,,2,,3,1,,9923,16,28,3,2,159,1844,2105
992403,1,8,1,1,1,1,1,2,1,,9924,3,15,1,5,87,1095,11960
992503,3,6,1,1,1,1,1,3,1,,9925,3,10,1,1,54,803,1326
992605,2,4,1,1,2,1,1,3,1,,9926,5,9,1,4,50,682,3886
992704,2,4,1,1,1,1,1,5,1,,9927,4,2,1,1,9,81,2980
992803,1,2,1,2,,1,1,1,1,,9928,3,24,1,2,139,1648,1096
992905,1,3,1,2,,1,1,3,1,,9929,5,9,1,4,49,654,3163
993004,1,2,1,2,,1,1,4,1,,9930,4,30,1,5,175,2051,6551
993101,2,3,1,2,,2,,2,1,,9931,1,16,1,3,91,1124,3957
993213,2,3,1,1,1,2,,5,1,,9932,13,18,4,3,101,1219,985
993304,1,1,0,1,1,1,1,2,1,,9933,4,27,3,6,157,1836,3583
993405,2,3,1,2,,1,1,2,1,,9934,5,32,1,3,189,2164,1145
993503,3,4,2,2,,2,,6,1,,9935,3,5,2,2,29,312,1581
993603,1,1,1,2,,2,,2,1,,9936,3,23,1,6,132,1554,1316
993711,2,3,0,2,,1,1,4,1,,9937,11,30,4,5,173,2041,4774
993810,2,4,1,2,,1,1,5,1,,9938,10,7,2,6,38,445,7240
993904,1,6,2,1,1,1,1,2,1,,9939,4,14,3,3,76,967,28513
994005,3,5,0,1,1,1,1,5,1,,9940,5,15,1,5,85,1062,3180
994106,2,4,0,2,,2,,5,1,,9941,6,30,4,5,173,2042,4624
994205,2,6,2,1,1,1,1,3,1,,9942,5,28,1,2,163,1923,1830
994301,1,1,1,2,,1,1,2,1,,9943,1,23,1,6,131,1524,1703
994408,2,2,1,2,,1,1,5,1,,9944,8,31,2,6,178,2085,2014
994514,3,4,1,2,,1,1,4,1,,9945,14,11,4,3,57,838,3502
994604,3,5,1,2,,1,1,6,1,,9946,4,5,1,2,30,355,1437
994702,1,1,1,1,1,1,1,2,1,,9947,2,3,1,1,17,199,589
994809,2,4,1,2,,1,1,3,1,,9948,9,32,4,3,187,2149,1504
994903,3,5,1,2,,1,1,5,1,,9949,3,10,1,1,53,784,1272
995010,2,3,1,1,1,2,,3,1,,9950,10,14,4,3,77,969,10589
995105,2,2,1,2,,1,1,3,1,,9951,5,19,2,2,105,1247,2799
995204,1,4,1,1,1,1,1,1,1,,9952,4,18,1,3,104,1243,963
995302,3,10,3,1,3,1,1,5,1,,9953,2,5,1,2,31,385,1728
995404,2,5,1,1,1,1,1,4,1,,9954,4,31,1,6,183,2117,2111
995513,3,3,1,2,,1,1,5,1,,9955,13,11,2,3,56,833,4741
995603,2,3,1,2,,1,1,3,1,,9956,3,25,1,1,144,1688,2926
995704,3,5,2,1,1,2,,2,1,,9957,4,8,1,1,45,522,3170
995818,1,3,1,1,1,2,,2,1,,9958,18,13,2,5,67,923,1581
995904,1,2,1,2,,2,,2,1,,9959,4,31,1,6,182,2096,2228
996011,2,4,1,1,1,1,1,4,1,,9960,11,30,2,5,172,2035,8713
996103,2,4,1,2,,2,,2,1,,9961,3,27,3,6,156,1825,2210
996205,2,3,0,1,1,2,,6,1,,9962,5,22,4,3,125,1468,1809
996317,2,4,2,1,2,1,1,6,1,,9963,17,6,3,3,32,391,636
996402,3,3,1,2,,2,,5,1,,9964,2,29,2,5,169,2012,673
996504,3,4,2,1,1,1,1,6,1,,9965,4,13,4,5,74,955,2938
996616,1,3,1,1,1,1,1,2,1,,9966,16,17,2,5,94,1150,835
996703,2,3,1,1,2,1,1,4,1,,9967,3,19,1,2,108,1354,3243
996804,2,4,1,2,,1,1,4,1,,9968,4,9,1,4,50,761,1061
996905,2,3,1,1,1,1,1,3,1,,9969,5,25,1,1,144,1686,3272
997003,1,3,1,1,1,1,1,3,1,,9970,3,18,3,3,100,1210,1538
997101,2,5,2,1,1,1,1,1,1,,9971,1,4,1,6,25,264,995
997201,4,4,1,2,,1,1,1,1,,9972,1,11,1,3,58,844,5317
997309,2,4,0,2,,2,,5,1,,9973,9,16,4,3,90,1116,3460
997401,2,4,1,1,1,1,1,3,1,,9974,1,8,1,1,45,534,2917
997501,1,3,1,2,,1,1,2,1,,9975,1,3,1,1,17,183,709
997617,1,3,1,2,,1,1,1,1,,9976,17,15,3,5,81,1018,5909
997705,3,4,2,2,,1,1,3,1,,9977,5,13,3,5,68,928,1288
997809,1,3,1,2,,2,,1,1,,9978,9,8,4,1,43,482,3070
997918,3,5,1,1,1,1,1,6,1,,9979,18,27,4,6,155,1819,1628
998002,1,2,1,2,,2,,5,1,,9980,2,23,1,6,132,1547,1533
998107,2,3,1,2,,1,1,5,1,,9981,7,24,4,2,136,1589,1281
998218,1,3,0,2,,2,,1,1,,9982,18,22,3,3,123,1461,2454
998304,1,3,1,2,,1,1,2,1,,9983,4,1,1,3,5,37,1190
998403,2,3,1,1,1,1,1,4,1,,9984,3,15,1,5,85,1044,11976
998505,4,6,1,1,1,2,,7,1,,9985,5,29,3,5,166,1971,658
998604,2,3,1,2,,1,1,2,1,,9986,4,2,1,1,9,94,2118
998714,3,3,1,2,,2,,4,1,,9987,14,17,4,5,95,1154,485
998814,4,5,0,2,,1,1,10,1,,9988,14,29,3,5,166,1971,658
998920,2,3,1,1,2,1,1,9,1,,9989,20,25,4,1,143,1681,2188
999001,4,5,1,2,,1,1,3,1,,9990,1,9,1,4,49,613,4248
999109,1,2,1,1,1,1,2,2,1,,9991,9,22,4,3,125,1466,2305
999202,1,2,1,2,,2,,1,1,,9992,2,20,1,6,114,1401,3180
999301,2,3,1,1,1,1,1,4,1,,9993,1,28,1,2,163,1923,1830
999405,2,3,1,2,,1,1,4,1,,9994,5,5,2,2,29,286,1769
999503,1,4,3,1,2,1,1,3,1,,9995,3,12,1,6,65,904,2169
999620,3,4,1,1,1,1,1,3,1,,9996,20,13,3,5,68,928,1288
999705,3,4,1,1,1,1,1,3,1,,9997,5,24,1,2,140,1659,1413
999801,1,1,1,1,3,1,1,2,1,,9998,1,3,1,1,16,177,575
999914,4,5,1,1,2,1,1,5,1,,9999,14,28,2,2,159,1843,2250
1000004,4,5,3,1,1,1,1,5,1,,10000,4,5,1,2,29,315,1566
1000104,3,4,2,1,2,1,1,4,1,,10001,4,11,1,3,60,869,7626
1000202,2,3,1,2,,2,,4,1,,10002,2,15,3,5,81,1017,6441
1000301,2,4,1,2,,1,1,7,2,2,10003,1,9,1,4,49,615,4169
1000403,2,6,1,1,1,2,,4,1,,10004,3,5,1,2,29,322,1442
1000504,2,3,1,1,1,1,1,7,1,,10005,4,11,1,3,59,859,6264
1000612,1,3,1,2,,2,,2,1,,10006,12,31,3,6,178,2084,2239
1000705,4,7,2,1,1,1,1,5,1,,10007,5,16,1,3,91,1121,4338
1000803,2,3,1,2,,1,1,2,1,,10008,3,26,1,1,150,1760,2425
1000904,1,3,1,2,,1,2,4,1,,10009,4,30,4,5,174,2046,5443
1001005,4,4,2,1,1,1,1,4,1,,10010,5,18,1,3,103,1234,1068
1001103,2,3,1,1,1,1,1,4,1,,10011,3,6,1,3,36,440,645
1001214,3,4,1,2,,1,1,5,1,,10012,14,21,2,5,116,1407,6595
1001303,2,5,2,1,1,1,1,2,1,,10013,3,13,3,5,67,919,1831
1001407,2,4,1,1,1,1,1,4,1,,10014,7,20,2,6,110,1377,3890
1001504,1,6,2,1,1,1,1,4,1,,10015,4,19,2,2,108,1369,2811
1001612,3,4,1,2,,1,1,4,1,,10016,12,3,2,1,12,143,609
1001705,2,3,1,1,2,1,1,3,1,,10017,5,1,3,3,2,4,1716
1001805,1,2,1,2,,1,1,3,1,,10018,5,31,1,6,182,2095,2255
1001904,4,6,2,1,1,1,1,4,1,,10019,4,1,1,3,5,28,1464
1002001,2,5,2,1,2,1,1,3,1,,10020,1,32,1,3,189,2164,1145
1002104,2,4,1,1,1,1,1,2,1,,10021,4,9,1,4,49,667,2893
1002220,1,1,0,2,,2,,1,1,,10022,20,29,2,5,166,1969,729
1002303,2,2,1,2,,1,2,2,1,,10023,3,18,1,3,102,1224,1185
1002413,2,4,0,2,,2,,1,1,,10024,13,13,4,5,71,939,2376
1002501,1,1,0,2,,2,,2,1,,10025,1,4,4,6,21,227,882
1002604,3,4,0,2,,2,,5,1,,10026,4,12,1,6,64,892,3147
1002706,1,3,0,2,,2,,2,1,,10027,6,7,4,6,39,447,4920
1002803,1,2,1,2,,2,,1,1,,10028,3,32,4,3,187,2149,1504
1002903,2,3,1,1,1,1,1,4,1,,10029,3,6,1,3,35,418,826
1003005,2,3,1,1,3,1,1,5,1,,10030,5,28,1,2,163,1942,1687
1003102,2,3,1,2,,2,,2,1,,10031,2,7,4,6,40,470,2286
1003203,1,2,1,2,,1,2,1,1,,10032,3,26,1,1,151,1780,2117
1003305,3,5,2,2,,1,1,3,1,,10033,5,18,2,3,104,1241,1027
1003409,2,3,0,2,,1,1,5,1,,10034,9,11,4,3,57,838,3502
1003502,3,5,2,1,2,1,1,2,1,,10035,2,25,1,1,146,1730,3310
1003604,2,7,2,1,1,1,1,4,1,,10036,4,10,1,1,53,787,1233
1003710,2,3,1,2,,2,,3,1,,10037,10,16,3,3,88,1111,4301
1003802,2,4,1,1,1,1,1,4,1,,10038,2,5,1,2,30,330,1652
1003903,1,3,1,1,1,1,1,1,1,,10039,3,6,1,3,34,397,960
1004010,2,4,1,2,,2,,3,1,,10040,10,13,3,5,67,920,1739
1004103,2,3,1,1,1,1,1,1,1,,10041,3,21,1,5,122,1449,5146
1004205,1,3,1,2,,1,2,1,1,,10042,5,5,1,2,30,345,1490
1004305,3,5,2,1,2,1,1,3,1,,10043,5,28,1,2,164,1962,1817
1004403,1,2,1,2,,1,1,4,1,,10044,3,9,1,4,48,577,3999
1004503,2,4,2,1,1,1,1,3,1,,10045,3,6,1,3,36,439,646
1004604,1,1,0,2,,2,,2,2,2,10046,4,23,1,6,131,1528,848
1004701,3,5,2,1,4,1,1,5,1,,10047,1,15,2,5,82,1020,15428
1004809,2,4,1,2,,2,,5,1,,10048,9,27,4,6,154,1815,2566
1004905,2,3,1,1,1,1,1,4,1,,10049,5,20,3,6,113,1390,3214
1005003,1,5,2,2,,1,1,1,1,,10050,3,12,1,6,65,906,1434
1005101,3,5,2,2,,1,1,2,1,,10051,1,9,1,4,48,587,3640
1005202,1,2,1,2,,2,,2,1,,10052,2,19,1,2,106,1256,3877
1005312,3,5,1,1,1,1,1,5,1,,10053,12,5,2,2,27,276,1431
1005418,3,4,0,2,,1,1,5,1,,10054,18,20,4,6,111,1380,3726
1005505,2,3,1,2,,1,1,3,1,,10055,5,22,1,3,127,1492,1817
1005602,3,6,3,2,,1,1,2,1,,10056,2,7,1,6,40,461,4273
1005703,4,5,2,1,2,1,1,2,1,,10057,3,2,1,1,9,74,3176
1005807,2,3,0,2,,2,,4,1,,10058,7,20,4,6,111,1382,3286
1005903,3,11,4,1,2,1,1,4,1,,10059,3,9,1,4,50,708,3458
1006009,2,4,1,2,,2,,5,1,,10060,9,20,4,6,111,1380,3726
1006101,1,2,1,2,,1,1,6,1,,10061,1,2,2,1,7,60,4118
1006204,2,3,2,1,1,1,1,2,1,,10062,4,10,1,1,55,820,1487
1006301,2,5,2,1,1,2,,2,1,,10063,1,8,1,1,44,503,2774
1006404,2,4,1,2,,1,1,5,1,,10064,4,19,1,2,106,1284,3150
1006504,1,1,1,2,,1,1,3,1,,10065,4,4,1,6,23,245,744
1006601,1,2,0,2,,2,,5,1,,10066,1,10,4,1,52,774,1138
1006702,2,3,1,2,,1,1,5,1,,10067,2,5,1,2,29,323,1407
1006809,1,1,0,2,,2,,3,1,,10068,9,27,3,6,153,1809,2602
1006906,2,3,1,1,1,1,1,3,1,,10069,6,6,2,3,32,390,691
1007004,3,4,1,1,1,1,1,4,2,2,10070,4,22,1,3,126,1478,1530
1007105,2,3,1,1,1,1,1,4,1,,10071,5,25,1,1,145,1715,2472
1007206,2,4,1,2,,2,,1,1,,10072,6,28,4,2,160,1847,1348
1007303,2,4,1,1,1,1,1,4,1,,10073,3,19,1,2,107,1307,3227
1007407,2,5,2,1,1,1,1,4,1,,10074,7,18,3,3,100,1210,1538
1007505,2,3,1,1,1,1,1,3,1,,10075,5,8,1,1,44,502,2777
1007603,2,3,1,2,,1,1,2,1,,10076,3,23,1,6,131,1518,2249
1007710,1,4,1,2,,1,1,2,1,,10077,10,2,4,1,8,63,1922
1007802,1,4,4,1,1,1,1,1,1,,10078,2,21,2,5,122,1454,4215
1007902,1,4,1,2,,1,1,2,1,,10079,2,19,1,2,106,1284,3150
1008016,1,1,1,2,,2,,1,1,,10080,16,18,2,3,100,1209,1651
1008102,1,4,1,2,,1,1,3,1,,10081,2,9,1,4,49,644,3450
1008202,2,3,1,1,1,1,1,2,1,,10082,2,28,1,2,163,1933,1734
1008305,2,3,1,2,,1,1,3,1,,10083,5,19,2,2,105,1249,2799
1008416,4,5,1,1,2,2,,6,1,,10084,16,7,3,6,37,443,3934
1008505,3,4,1,2,,1,1,5,1,,10085,5,5,1,2,29,315,1566
1008614,2,4,1,2,,2,,3,1,,10086,14,21,4,5,118,1415,5024
1008702,2,4,1,1,1,1,1,4,1,,10087,2,26,1,1,151,1790,1603
1008805,2,2,1,2,,1,1,4,1,,10088,5,6,2,3,32,390,691
1008904,2,4,2,1,2,1,1,2,1,,10089,4,28,1,2,164,1959,1904
1009004,2,4,1,2,,2,,2,1,,10090,4,30,1,5,176,2076,5579
1009102,2,3,1,2,,1,1,4,1,,10091,2,13,2,5,72,944,2387
1009203,1,2,1,1,1,1,1,3,1,,10092,3,23,1,6,131,1522,1788
1009304,2,4,1,1,1,2,,4,1,,10093,4,2,1,1,9,87,2716
1009417,1,1,1,2,,1,1,3,1,,10094,17,25,2,1,142,1677,2524
1009505,1,4,2,1,1,1,1,2,1,,10095,5,17,1,5,98,1197,1206
1009601,2,3,1,2,,1,1,3,1,,10096,1,28,3,2,159,1842,2431
1009713,2,4,1,2,,1,1,2,1,,10097,13,21,3,5,116,1408,6402
1009804,2,3,1,1,1,1,1,2,1,,10098,4,2,1,1,10,104,3024
1009901,2,3,1,1,1,1,2,1,1,,10099,1,22,3,3,123,1461,2454
1010003,3,4,0,2,,1,2,5,1,,10100,3,20,4,6,111,1378,4169
1010110,3,5,2,1,1,1,1,7,1,,10101,10,18,3,3,100,1211,1520
1010205,2,3,1,1,1,1,1,3,1,,10102,5,28,1,2,163,1922,1833
1010304,2,3,2,1,1,1,1,3,1,,10103,4,10,1,1,53,786,1242
1010420,2,3,1,2,,1,1,4,1,,10104,20,25,4,1,143,1682,2124
1010507,3,4,2,2,,1,1,6,1,,10105,7,16,2,3,88,1110,4468
1010616,3,6,1,1,1,1,1,4,1,,10106,16,26,4,1,149,1741,2121
1010701,1,3,1,2,,1,1,3,1,,10107,1,30,1,5,176,2073,5707
1010804,2,3,1,2,,1,1,4,1,,10108,4,5,1,2,29,307,1598
1010901,3,5,1,1,1,1,1,4,1,,10109,1,9,2,4,48,580,3906
1011001,3,5,1,2,,2,,5,1,,10110,1,13,3,5,67,919,1831
1011103,1,2,1,1,1,2,,2,1,,10111,3,25,2,1,142,1676,2626
1011202,2,3,0,2,,1,1,4,1,,10112,2,20,2,6,113,1397,2146
1011305,2,2,1,2,,1,1,2,1,,10113,5,15,1,5,86,1072,12524
1011404,2,6,2,1,1,1,1,2,1,,10114,4,1,1,3,6,55,1249
1011508,3,6,4,1,3,1,1,3,1,,10115,8,6,2,3,32,393,610
1011612,3,6,1,2,,2,,10,1,,10116,12,32,4,3,187,2148,1543
1011704,2,3,1,1,1,1,1,4,1,,10117,4,5,2,2,26,274,1433
1011804,1,6,2,1,3,1,1,2,1,,10118,4,3,1,1,18,207,748
1011914,3,5,2,2,,1,1,5,1,,10119,14,18,3,3,100,1210,1538
1012004,2,4,1,2,,1,2,8,1,,10120,4,21,1,5,119,1416,4593
1012105,2,4,4,1,2,1,1,2,1,,10121,5,27,3,6,158,1839,3897
1012205,1,2,1,2,,1,1,4,1,,10122,5,9,1,4,49,613,4248
1012302,2,5,1,1,1,1,1,4,1,,10123,2,9,1,4,49,672,1906
1012411,2,4,1,1,1,1,2,2,1,,10124,11,21,4,5,118,1414,5277
1012514,1,2,0,2,,2,,1,1,,10125,14,7,3,6,38,446,6693
1012602,1,2,1,2,,2,,1,1,,10126,2,9,1,4,48,573,4109
1012705,1,2,1,2,,2,,1,1,,10127,5,5,1,2,30,363,1343
1012803,1,3,1,1,1,1,1,4,1,,10128,3,14,1,3,80,1004,7094
1012904,2,4,1,1,2,1,1,2,1,,10129,4,19,1,2,108,1363,3124
1013005,1,3,1,1,1,1,1,2,1,,10130,5,28,1,2,162,1904,1534
1013103,2,6,1,1,2,1,1,3,1,,10131,3,17,2,5,94,1143,3861
1013205,2,3,1,2,,2,,4,1,,10132,5,12,4,6,63,889,2449
1013303,3,3,1,2,,1,1,4,1,,10133,3,17,1,5,98,1188,1412
1013404,1,1,1,1,1,1,1,1,1,,10134,4,2,1,1,9,75,3170
1013507,2,5,1,2,,1,1,2,1,,10135,7,1,2,3,1,3,848
1013601,2,3,1,1,1,2,,2,1,,10136,1,29,2,5,166,1969,729
1013702,1,2,1,2,,1,1,2,1,,10137,2,14,3,3,76,967,28513
1013815,2,3,1,2,,2,,4,1,,10138,15,30,4,5,173,2043,4521
1013913,3,4,1,2,,1,1,4,1,,10139,13,30,4,5,173,2043,4521
1014003,2,4,0,2,,1,1,7,1,,10140,3,9,1,4,48,585,3733
1014102,3,6,1,2,,1,1,5,1,,10141,2,17,1,5,98,1190,1362
1014216,3,4,1,2,,2,,1,1,,10142,16,8,2,1,42,480,3631
1014305,1,2,1,2,,1,1,3,1,,10143,5,3,1,1,16,162,816
1014404,1,1,0,2,,2,,3,1,,10144,4,4,3,6,23,237,832
1014504,2,4,1,1,2,1,1,4,1,,10145,4,8,1,1,46,544,3310
1014610,1,7,1,2,,2,,1,1,,10146,10,29,2,5,166,1972,586
1014701,3,6,1,2,,2,,3,1,,10147,1,15,3,5,81,1018,5909
1014816,2,3,1,2,,1,1,1,1,,10148,16,4,4,6,21,227,882
1014901,1,1,1,1,1,2,,1,1,,10149,1,3,2,1,12,143,609
1015002,5,6,2,1,2,1,1,7,1,,10150,2,9,1,4,48,570,4237
1015101,4,5,2,1,1,1,1,6,1,,10151,1,24,1,2,139,1650,1051
1015204,2,3,1,1,1,1,1,5,1,,10152,4,11,1,3,58,848,4928
1015305,3,5,2,1,1,1,1,4,1,,10153,5,13,1,5,73,948,2562
1015416,3,5,2,1,1,1,1,9,2,2,10154,16,19,2,2,105,1253,2656
1015518,1,2,1,1,1,1,1,2,1,,10155,18,12,4,6,63,882,3147
1015605,2,3,1,2,,1,1,4,1,,10156,5,5,1,2,29,284,1811
1015704,2,3,2,1,1,1,1,2,1,,10157,4,23,1,6,131,1525,1298
1015806,2,4,2,1,1,1,1,5,1,,10158,6,19,2,2,105,1252,2794
1015901,1,1,1,2,,1,1,1,1,,10159,1,6,1,3,34,413,135
1016004,3,5,2,1,1,1,1,5,1,,10160,4,17,1,5,98,1192,1313
1016102,2,3,1,1,1,1,1,3,1,,10161,2,3,1,1,16,175,618
1016220,2,2,1,1,1,1,1,4,1,,10162,20,25,2,1,142,1676,2626
1016308,1,2,1,2,,2,,1,1,,10163,8,17,4,5,96,1157,995
1016404,2,4,1,1,1,1,1,2,1,,10164,4,9,1,4,50,742,2715
1016501,3,4,2,1,2,1,1,2,1,,10165,1,19,1,2,106,1289,3018
1016615,1,4,1,1,1,1,1,2,1,,10166,15,25,4,1,143,1678,2442
1016701,2,5,2,2,,1,2,5,1,,10167,1,5,1,2,29,298,1661
1016803,2,3,0,2,,2,,1,1,,10168,3,21,3,5,116,1406,6756
1016901,3,5,1,1,1,1,1,3,1,,10169,1,24,1,2,140,1662,1307
1017005,2,5,1,1,1,1,1,4,1,,10170,5,23,1,6,134,1578,1565
1017103,3,5,2,1,1,1,1,4,1,,10171,3,13,1,5,72,942,2549
1017201,2,3,1,1,1,1,1,3,1,,10172,1,25,1,1,144,1689,2866
1017302,2,4,1,1,1,1,1,3,1,,10173,2,1,1,3,5,32,1371
1017405,2,5,2,1,1,1,1,4,1,,10174,5,15,1,5,86,1084,9385
1017503,1,3,1,2,,1,1,1,1,,10175,3,21,1,5,120,1429,4036
1017602,2,5,1,2,,1,1,5,1,,10176,2,9,1,4,49,628,3794
1017704,2,5,1,1,1,1,1,2,1,,10177,4,10,1,1,54,808,1307
1017806,2,2,1,2,,1,1,5,1,,10178,6,27,4,6,155,1822,916
1017901,2,3,1,1,1,1,1,3,1,,10179,1,15,3,5,85,1033,13434
1018006,2,2,1,2,,1,1,4,1,,10180,6,16,2,3,88,1110,4468
1018112,3,5,2,1,1,1,1,3,1,,10181,12,8,3,1,42,481,3354
1018214,3,4,2,1,2,1,1,2,1,,10182,14,12,3,6,61,878,2843
1018320,2,5,1,1,3,1,1,3,1,,10183,20,19,2,2,105,1253,2656
1018418,2,5,0,2,,2,,6,1,,10184,18,26,4,1,149,1741,2121
1018502,1,1,1,2,,2,,1,1,,10185,2,2,1,1,10,110,2905
1018605,2,3,1,1,1,2,,4,1,,10186,5,11,1,3,58,850,4776
1018704,1,1,1,2,,1,1,4,1,,10187,4,4,1,6,23,238,831
1018805,4,6,2,2,,1,1,11,2,2,10188,5,21,1,5,120,1426,4969
1018912,3,4,1,1,1,1,1,6,1,,10189,12,13,4,5,71,937,2578
1019004,3,5,1,1,1,1,1,6,1,,10190,4,10,1,1,53,793,1196
1019103,4,8,4,1,1,1,1,4,2,2,10191,3,1,1,3,5,43,1062
1019205,2,4,1,1,1,1,1,4,1,,10192,5,8,1,1,44,486,3883
1019306,3,5,1,2,,1,1,2,1,,10193,6,7,2,6,37,444,3822
1019401,4,6,2,1,1,1,1,4,1,,10194,1,1,1,3,4,16,1324
1019515,2,3,1,1,1,2,,5,1,,10195,15,16,2,3,88,1110,4468
1019608,1,2,0,2,,2,,2,1,,10196,8,20,4,6,112,1386,3430
1019702,2,4,1,2,,2,,4,1,,10197,2,24,1,2,138,1603,1445
1019805,2,4,1,2,,1,1,3,2,2,10198,5,19,1,2,107,1302,3301
1019901,2,4,1,1,1,1,1,2,1,,10199,1,15,1,5,87,1090,13365
1020004,2,3,1,1,1,1,1,3,1,,10200,4,22,1,3,126,1471,2195
1020103,2,2,1,2,,2,,4,1,,10201,3,11,1,3,58,846,5078
1020203,2,6,1,1,2,1,1,3,1,,10202,3,9,1,4,50,705,3499
1020302,1,4,2,1,1,1,1,1,1,,10203,2,1,2,3,6,51,1346
1020415,1,2,1,1,2,1,1,2,1,,10204,15,30,3,5,172,2038,7808
1020505,3,3,1,1,1,2,,2,1,,10205,5,12,1,6,65,900,2894
1020602,1,4,1,1,1,2,,1,1,,10206,2,5,2,2,29,286,1769
1020702,1,1,1,2,,1,2,1,1,,10207,2,24,3,2,135,1587,1397
1020810,3,6,2,1,1,1,1,3,1,,10208,10,5,2,2,27,275,1555
1020902,4,6,2,1,1,1,1,6,1,,10209,2,29,2,5,169,2011,775
1021007,3,4,2,1,1,1,1,7,1,,10210,7,12,2,6,62,881,1964
1021105,2,2,1,2,,1,1,3,1,,10211,5,29,2,5,170,2023,991
1021203,5,7,1,2,,1,1,5,2,5,10212,3,16,1,3,92,1136,3408
1021301,2,4,1,1,1,1,1,5,1,,10213,1,32,1,3,189,2159,1210
1021420,3,4,1,2,,2,,8,1,,10214,20,25,3,1,141,1675,2587
1021520,2,4,2,1,2,1,1,4,1,,10215,20,8,4,1,43,482,3070
1021612,1,1,1,2,,1,1,2,1,,10216,12,12,2,6,62,879,3249
1021704,2,6,1,2,,1,1,6,1,,10217,4,9,1,4,48,591,3541
1021812,2,4,0,2,,1,2,6,1,,10218,12,21,4,5,117,1410,5193
1021903,3,5,2,1,1,1,1,5,1,,10219,3,4,1,6,23,249,685
1022004,4,5,1,1,1,2,,5,1,,10220,4,24,4,2,137,1593,1069
1022102,1,1,1,2,,2,,4,1,,10221,2,3,1,1,16,177,575
1022201,2,3,1,1,1,1,1,2,1,,10222,1,18,1,3,103,1238,973
1022311,2,3,1,1,1,2,,5,2,2,10223,11,18,2,3,100,1213,1488
1022405,2,2,1,1,3,1,1,3,1,,10224,5,15,1,5,87,1104,1917
1022512,1,1,0,2,,2,,3,1,,10225,12,20,3,6,109,1373,2841
1022603,2,3,1,2,,1,1,2,1,,10226,3,16,3,3,88,1105,4784
1022705,2,2,3,1,1,1,1,3,1,,10227,5,12,1,6,66,910,3312
1022801,2,3,1,1,3,1,1,4,1,,10228,1,14,2,3,75,966,3387
1022901,1,2,1,1,1,1,1,2,1,,10229,1,2,1,1,9,70,3330
1023001,2,2,0,2,,1,1,4,1,,10230,1,15,1,5,85,1040,12481
1023104,2,4,2,1,1,1,1,2,1,,10231,4,6,1,3,36,437,666
1023204,1,3,1,1,1,1,1,2,1,,10232,4,25,1,1,145,1701,2718
1023305,2,3,1,1,1,1,1,5,1,,10233,5,25,1,1,145,1699,2772
1023410,3,4,1,2,,2,,7,1,,10234,10,11,2,3,56,831,4889
1023520,1,2,0,2,,2,,2,1,,10235,20,30,4,5,173,2041,4774
1023604,3,5,1,1,1,1,1,5,1,,10236,4,8,1,1,46,540,3689
1023702,2,4,1,2,,1,1,2,1,,10237,2,9,1,4,49,651,3240
1023809,1,4,1,1,1,2,,2,1,,10238,9,1,2,3,1,3,848
1023904,5,7,2,1,1,1,2,10,1,,10239,4,6,4,3,33,395,576
1024008,2,4,0,1,1,2,,2,1,,10240,8,4,3,6,20,223,797
1024105,2,4,1,1,2,1,1,5,1,,10241,5,8,1,1,44,507,2734
1024205,1,4,1,1,1,1,1,1,1,,10242,5,24,1,2,139,1623,1392
1024305,1,5,1,2,,1,1,4,1,,10243,5,17,1,5,98,1190,1362
1024416,2,3,1,1,1,1,1,5,1,,10244,16,10,3,1,51,765,1494
1024501,3,4,1,2,,2,,8,1,,10245,1,5,1,2,30,356,1435
1024603,3,3,1,1,2,1,1,4,1,,10246,3,19,1,2,108,1337,3434
1024705,3,4,1,2,,1,1,6,1,,10247,5,11,1,3,58,851,4712
1024815,2,3,1,1,1,1,1,4,1,,10248,15,12,2,6,62,879,3249
1024905,2,3,1,1,1,1,1,7,1,,10249,5,19,2,2,105,1254,2584
1025001,1,1,1,1,1,1,1,2,1,,10250,1,12,1,6,65,899,2951
1025103,1,2,0,2,,2,,2,1,,10251,3,16,3,3,88,1107,4964
1025204,2,3,1,1,1,1,1,3,1,,10252,4,2,1,1,9,92,2345
1025301,3,5,2,1,1,1,1,5,1,,10253,1,5,1,2,30,341,1527
1025403,3,6,2,2,,1,1,6,1,,10254,3,30,1,5,177,2082,8379
1025502,1,3,1,2,,1,1,3,1,,10255,2,22,3,3,123,1462,2245
1025605,2,3,1,2,,1,2,6,1,,10256,5,19,2,2,108,1339,3400
1025704,1,2,1,2,,2,,1,1,,10257,4,23,1,6,131,1520,2107
1025801,3,7,1,2,,1,1,4,1,,10258,1,9,1,4,48,588,3638
1025913,2,3,1,2,,2,,5,1,,10259,13,22,4,3,125,1465,3729
1026001,1,2,1,1,2,1,1,3,1,,10260,1,8,2,1,42,480,3631
1026102,2,4,1,1,1,1,1,2,1,,10261,2,1,1,3,6,48,1412
1026201,2,3,1,1,1,1,1,3,1,,10262,1,25,2,1,141,1674,2705
1026302,1,4,1,2,,1,1,2,1,,10263,2,28,1,2,162,1868,1768
1026405,2,4,1,1,2,1,1,4,1,,10264,5,28,1,2,162,1909,1376
1026503,5,7,4,1,1,1,1,3,1,,10265,3,25,1,1,144,1690,2756
1026603,7,7,3,1,1,1,1,5,1,,10266,3,22,3,3,124,1463,8536
1026701,2,3,1,2,,1,1,2,1,,10267,1,17,1,5,97,1169,1663
1026804,3,5,2,1,2,1,1,4,1,,10268,4,1,2,3,6,51,1346
1026903,2,4,1,1,1,1,1,3,1,,10269,3,5,1,2,29,296,1677
1027005,1,4,1,1,1,1,1,1,1,,10270,5,14,1,3,80,1011,4558
1027108,2,3,0,2,,2,,3,1,,10271,8,7,4,6,39,449,4091
1027204,1,1,1,1,1,2,,2,1,,10272,4,3,4,1,14,148,833
1027301,3,4,1,2,,1,1,1,1,,10273,1,1,1,3,5,31,1371
1027401,2,6,1,1,1,1,1,4,1,,10274,1,19,3,2,108,1340,3378
1027504,2,5,2,1,1,1,1,2,1,,10275,4,26,1,1,152,1805,1980
1027605,1,3,2,1,2,1,1,2,1,,10276,5,19,1,2,108,1362,3140
1027703,2,3,1,2,,1,1,5,1,,10277,3,8,1,1,44,510,2594
1027802,2,4,1,2,,1,1,3,1,,10278,2,17,1,5,97,1178,1181
1027902,1,2,1,2,,2,,1,1,,10279,2,17,1,5,97,1180,550
1028004,2,3,1,2,,1,1,2,1,,10280,4,28,3,2,159,1842,2431
1028115,2,5,1,2,,1,1,2,1,,10281,15,7,3,6,38,446,6693
1028204,2,3,2,1,1,1,1,2,1,,10282,4,22,1,3,128,1495,2148
1028301,1,1,1,1,1,2,,4,1,,10283,1,3,1,1,15,153,736
1028403,2,5,1,2,,2,,2,1,,10284,3,9,1,4,50,693,3642
1028502,2,5,1,1,1,1,1,2,1,,10285,2,10,1,1,54,808,1307
1028613,3,4,1,1,1,2,,6,1,,10286,13,12,4,6,63,887,2678
1028705,3,7,2,1,1,1,1,5,1,,10287,5,10,3,1,51,766,1365
1028807,2,3,1,2,,1,1,3,1,,10288,7,13,4,5,70,932,2540
1028903,2,3,1,1,1,2,,2,1,,10289,3,28,1,2,162,1890,1631
1029003,2,4,1,1,1,1,1,2,1,,10290,3,9,1,4,50,743,2710
1029104,2,3,1,1,1,1,1,4,1,,10291,4,28,1,2,163,1931,1744
1029202,2,3,1,2,,1,1,6,1,,10292,2,15,1,5,85,1029,15501
1029301,2,4,1,1,1,1,1,4,1,,10293,1,6,1,3,34,400,875
1029403,2,3,1,1,1,1,1,2,1,,10294,3,20,3,6,113,1390,3214
1029508,1,3,0,2,,2,,3,1,,10295,8,21,4,5,117,1412,4714
1029602,2,3,0,2,,2,,3,1,,10296,2,15,4,5,83,1024,5447
1029703,1,1,1,1,1,2,,1,1,,10297,3,29,3,5,170,2015,1223
1029801,2,3,1,2,,2,,3,1,,10298,1,15,4,5,83,1023,11415
1029918,2,3,1,2,,2,,4,1,,10299,18,28,4,2,160,1848,1343
1030001,2,6,1,2,,1,1,4,1,,10300,1,5,2,2,30,365,1327
1030101,1,1,0,2,,2,,2,1,,10301,1,13,4,5,72,943,2474
1030212,5,8,3,1,3,1,1,5,1,,10302,12,22,4,3,125,1465,3729
1030305,2,4,1,2,,1,1,3,1,,10303,5,31,1,6,184,2131,2562
1030418,2,3,1,2,,2,,1,1,,10304,18,3,2,1,13,147,488
1030501,1,3,1,1,1,2,,2,1,,10305,1,11,3,3,56,830,5624
1030606,1,2,0,2,,2,,1,1,,10306,6,19,2,2,105,1253,2656
1030705,2,3,1,1,1,1,1,5,1,,10307,5,2,1,1,10,101,3178
1030820,1,3,1,1,1,1,2,1,1,,10308,20,5,4,2,28,277,1380
1030902,2,5,1,1,1,1,1,2,2,2,10309,2,24,1,2,139,1634,1295
1031011,2,6,1,1,2,1,1,3,1,,10310,11,3,4,1,14,149,796
1031106,1,1,0,2,,2,,2,1,,10311,6,24,4,2,137,1599,1009
1031202,2,3,1,1,1,1,1,5,1,,10312,2,8,1,1,44,513,2427
1031304,2,3,1,2,,1,1,2,1,,10313,4,1,1,3,4,21,1259
1031402,3,4,1,1,1,1,1,4,1,,10314,2,24,1,2,139,1621,1407
1031505,2,3,1,1,1,1,2,3,1,,10315,5,19,1,2,107,1311,3189
1031602,1,2,1,2,,2,,1,1,,10316,2,16,1,3,91,1123,4162
1031703,1,5,2,2,,1,1,2,1,,10317,3,6,1,3,35,426,769
1031815,3,4,1,2,,1,1,4,1,,10318,15,11,3,3,56,832,4770
1031906,3,5,1,2,,1,1,4,1,,10319,6,13,2,5,68,927,1392
1032004,3,5,1,1,1,1,1,4,1,,10320,4,19,1,2,107,1306,3229
1032105,2,3,1,2,,1,1,2,1,,10321,5,30,1,5,175,2062,5212
1032201,2,5,2,1,1,1,1,3,1,,10322,1,19,1,2,108,1333,3252
1032303,2,3,1,2,,1,2,1,1,,10323,3,32,1,3,189,2160,1184
1032419,1,4,1,1,1,1,1,4,1,,10324,19,25,4,1,143,1678,2442
1032503,5,6,1,2,,1,1,9,1,,10325,3,17,3,5,97,1168,1667
1032603,1,3,1,1,1,1,1,1,1,,10326,3,22,1,3,127,1492,1817
1032717,2,5,1,1,2,1,1,3,1,,10327,17,28,4,2,160,1847,1348
1032816,2,4,1,2,,1,2,3,1,,10328,16,32,4,3,187,2144,1720
1032908,1,4,1,2,,1,1,2,1,,10329,8,6,3,3,32,391,636
1033004,2,4,1,1,1,1,1,2,1,,10330,4,27,1,6,157,1835,4084
1033117,1,1,0,2,,2,,2,1,,10331,17,12,4,6,63,883,3042
1033209,2,3,0,2,,2,,8,1,,10332,9,11,4,3,57,836,4721
1033307,4,7,1,2,,1,1,8,1,,10333,7,11,4,3,57,838,3502
1033401,2,3,2,1,2,1,1,4,1,,10334,1,3,1,1,18,214,662
1033505,2,4,1,2,,1,1,4,1,,10335,5,2,1,1,9,69,3373
1033615,1,4,0,2,,2,,2,1,,10336,15,13,4,5,71,939,2376
1033705,3,4,1,1,1,1,1,4,1,,10337,5,25,1,1,146,1734,1558
1033820,1,4,0,2,,2,,4,1,,10338,20,24,4,2,136,1591,1218
1033904,1,1,1,2,,2,,3,1,,10339,4,22,4,3,125,1465,3729
1034001,2,2,1,2,,1,1,3,1,,10340,1,28,1,2,163,1927,1767
1034102,3,6,2,1,1,1,1,4,1,,10341,2,14,1,3,78,976,10781
1034219,2,3,0,2,,1,1,5,1,,10342,19,13,4,5,70,933,2426
1034320,3,5,1,1,2,1,1,5,1,,10343,20,8,3,1,42,481,3354
1034402,3,7,1,1,1,1,1,3,1,,10344,2,18,4,3,101,1215,1128
1034502,1,3,1,2,,2,,1,1,,10345,2,5,1,2,29,317,1538
1034612,2,3,1,1,1,1,1,5,1,,10346,12,24,2,2,135,1582,2162
1034702,2,5,2,1,1,1,1,2,1,,10347,2,18,1,3,104,1245,896
1034812,3,4,0,2,,1,1,5,1,,10348,12,29,3,5,166,1971,658
1034905,1,1,1,1,1,1,1,1,1,,10349,5,2,1,1,11,135,2757
1035001,3,5,2,1,2,1,1,5,1,,10350,1,10,1,1,53,791,1209
1035101,2,4,1,1,1,1,1,4,1,,10351,1,24,1,2,139,1622,1404
1035204,2,3,1,2,,1,1,2,1,,10352,4,15,1,5,86,1072,12524
1035304,2,2,2,1,1,1,1,3,1,,10353,4,2,1,1,9,83,2919
1035408,2,3,1,2,,2,,4,1,,10354,8,20,2,6,110,1375,5038
1035504,3,6,1,2,,1,1,4,1,,10355,4,24,1,2,138,1606,1354
1035609,3,6,1,1,1,1,1,3,1,,10356,9,24,4,2,137,1596,1073
1035702,2,4,1,2,,1,1,4,1,,10357,2,30,1,5,175,2064,4903
1035813,3,5,1,2,,2,,3,1,,10358,13,25,4,1,143,1681,2188
1035905,2,3,1,1,1,1,1,3,1,,10359,5,28,1,2,162,1877,1713
1036002,1,2,0,2,,2,,1,1,,10360,2,17,1,5,98,1193,1296
1036105,1,4,0,1,1,1,1,3,1,,10361,5,9,1,4,49,631,3756
1036204,2,4,1,2,,1,1,4,1,,10362,4,28,1,2,164,1961,1825
1036316,2,5,1,1,1,2,,4,1,,10363,16,16,2,3,88,1110,4468
1036403,3,4,0,1,1,2,,2,1,,10364,3,2,4,1,8,62,1927
1036505,3,5,1,1,1,2,,6,1,,10365,5,30,4,5,174,2046,5443
1036604,3,4,1,1,1,1,1,4,1,,10366,4,26,1,1,151,1775,2137
1036703,3,8,4,1,1,1,1,4,1,,10367,3,18,1,3,104,1246,891
1036819,3,4,1,1,2,1,2,7,1,,10368,19,32,4,3,187,2148,1543
1036901,3,4,2,1,1,1,1,4,1,,10369,1,1,4,3,4,9,1287
1037003,1,4,1,2,,1,1,8,1,,10370,3,15,1,5,85,1059,9177
1037101,3,5,1,1,1,1,1,4,1,,10371,1,29,3,5,170,2024,990
1037205,1,4,1,1,1,2,,2,1,,10372,5,1,1,3,4,26,1132
1037301,2,3,1,2,,2,,5,1,,10373,1,29,3,5,170,2015,1223
1037405,2,5,1,1,2,1,1,3,1,,10374,5,6,1,3,35,432,683
1037503,1,4,1,2,,1,1,2,1,,10375,3,31,1,6,182,2108,1861
1037609,3,4,1,2,,1,1,3,1,,10376,9,7,3,6,38,446,6693
1037703,2,4,2,1,1,1,1,2,1,,10377,3,15,1,5,86,1080,10183
1037801,3,4,1,2,,1,1,5,1,,10378,1,12,1,6,65,895,3894
1037901,1,5,1,1,1,1,1,1,1,,10379,1,30,1,5,176,2070,6162
1038001,2,4,1,2,,1,1,4,1,,10380,1,17,1,5,98,1189,1386
1038105,2,3,1,2,,2,,2,1,,10381,5,19,1,2,106,1264,3506
1038209,1,2,1,1,1,2,,2,1,,10382,9,28,4,2,160,1846,1388
1038305,3,5,2,2,,1,1,3,1,,10383,5,9,1,4,48,584,3791
1038401,3,8,3,1,3,1,1,3,1,,10384,1,1,1,3,6,59,1038
1038516,4,7,2,2,,1,1,3,1,,10385,16,16,4,3,90,1116,3460
1038602,2,4,1,1,1,2,,2,1,,10386,2,13,4,5,70,931,3702
1038704,1,3,1,2,,1,1,1,1,,10387,4,9,1,4,48,592,3525
1038804,4,6,1,1,1,1,1,5,1,,10388,4,22,2,3,126,1473,2107
1038901,3,6,1,1,1,1,1,4,1,,10389,1,9,1,4,50,742,2715
1039004,3,6,2,1,2,1,1,4,1,,10390,4,31,1,6,184,2128,2779
1039112,1,2,1,2,,2,,2,1,,10391,12,27,4,6,154,1815,2566
1039207,2,4,1,1,1,2,,5,1,,10392,7,7,3,6,38,446,6693
1039320,3,4,1,2,,2,,1,1,,10393,20,13,4,5,71,939,2376
1039401,4,7,3,1,2,1,1,4,1,,10394,1,9,1,4,50,761,1061
1039517,2,3,0,2,,1,2,3,1,,10395,17,21,4,5,118,1415,5024
1039603,2,5,3,1,1,1,1,3,1,,10396,3,14,1,3,80,1009,6673
1039704,1,2,0,2,,2,,2,1,,10397,4,24,4,2,137,1596,1073
1039802,1,2,1,1,1,1,1,2,1,,10398,2,10,1,1,54,815,1250
1039906,1,2,0,2,,2,,2,1,,10399,6,7,3,6,37,442,5052
1040002,1,2,1,1,1,1,1,3,1,,10400,2,21,1,5,120,1431,1119
1040120,2,4,1,1,1,1,1,5,1,,10401,20,14,4,3,77,970,8757
1040211,4,5,1,1,1,2,,5,1,,10402,11,22,4,3,125,1468,1809
1040301,2,2,1,1,2,1,1,4,1,,10403,1,26,1,1,150,1746,2719
1040402,3,4,1,1,2,1,1,4,1,,10404,2,2,1,1,10,112,2852
1040501,4,7,3,2,,1,1,8,1,,10405,1,1,1,3,4,20,1269
1040601,2,3,1,2,,2,,6,1,,10406,1,18,1,3,103,1230,1147
1040706,1,5,1,1,1,1,1,2,1,,10407,6,27,3,6,153,1811,2396
1040805,2,4,1,2,,1,1,3,1,,10408,5,24,1,2,138,1602,1545
1040903,3,5,2,2,,1,1,4,1,,10409,3,28,1,2,164,1955,2022
1041005,3,4,1,1,1,1,1,2,1,,10410,5,13,2,5,72,944,2387
1041105,2,4,2,1,1,2,,1,1,,10411,5,16,1,3,92,1131,4532
1041220,1,2,1,2,,2,,2,1,,10412,20,18,3,3,100,1211,1520
1041311,2,3,1,1,1,1,1,4,1,,10413,11,14,2,3,75,966,3387
1041417,2,3,0,2,,1,1,2,1,,10414,17,15,4,5,83,1024,5447
1041503,1,3,1,2,,1,2,1,1,,10415,3,9,1,4,49,676,1034
1041616,3,5,1,1,1,1,1,6,2,2,10416,16,30,4,5,174,2047,5218
1041705,1,2,0,1,1,2,,3,1,,10417,5,12,1,6,64,894,2202
1041803,2,3,1,2,,1,1,2,1,,10418,3,3,1,1,17,191,653
1041917,3,6,1,1,1,1,1,3,1,,10419,17,25,4,1,143,1678,2442
1042005,2,3,2,1,1,1,1,5,1,,10420,5,5,1,2,30,332,1626
1042120,1,2,1,1,1,2,,3,1,,10421,20,13,4,5,71,935,2985
1042204,3,7,3,2,,1,1,3,1,,10422,4,5,1,2,30,364,1340
1042302,2,3,2,1,2,1,1,5,1,,10423,2,19,1,2,106,1269,3334
1042402,1,2,1,2,,2,,2,1,,10424,2,5,1,2,29,305,1609
1042504,4,5,3,1,2,1,1,6,1,,10425,4,31,1,6,184,2130,2639
1042605,2,5,1,2,,1,1,3,1,,10426,5,9,1,4,50,711,3409
1042713,3,4,1,1,1,1,1,6,1,,10427,13,16,4,3,90,1117,3299
1042803,1,2,1,2,,1,1,2,1,,10428,3,2,1,1,10,112,2852
1042903,3,4,1,1,1,1,1,3,1,,10429,3,3,1,1,18,208,736
1043004,1,5,1,2,,2,,2,1,,10430,4,17,1,5,97,1161,1854
1043104,3,5,2,1,2,1,1,7,1,,10431,4,15,1,5,85,1044,11976
1043201,2,3,0,1,1,1,1,6,1,,10432,1,16,1,3,91,1123,4162
1043303,1,1,1,2,,2,,1,1,,10433,3,18,1,3,102,1223,1242
1043402,2,4,1,2,,1,1,5,1,,10434,2,26,1,1,151,1784,2039
1043503,3,4,1,1,1,1,1,2,1,,10435,3,9,1,4,50,707,3479
1043602,2,4,1,1,1,1,1,3,1,,10436,2,12,1,6,66,909,3673
1043703,5,7,1,1,1,1,1,6,1,,10437,3,13,2,5,72,944,2387
1043810,1,3,1,2,,1,1,3,1,,10438,10,4,3,6,20,222,977
1043904,2,3,0,2,,1,1,6,1,,10439,4,21,3,5,115,1404,6225
1044013,2,2,1,1,1,1,1,3,1,,10440,13,14,3,3,75,965,3506
1044104,1,6,2,2,,1,1,1,1,,10441,4,9,1,4,50,746,2395
1044203,1,4,1,2,,1,1,1,1,,10442,3,9,1,4,49,677,1008
1044311,4,8,1,2,,1,1,7,1,,10443,11,13,4,5,71,939,2376
1044402,2,3,1,1,1,1,1,3,1,,10444,2,28,1,2,162,1866,1814
1044505,2,4,1,1,1,1,1,3,1,,10445,5,17,1,5,98,1192,1313
1044605,2,3,1,1,1,1,1,5,1,,10446,5,23,1,6,133,1569,1256
1044715,2,2,1,2,,2,,4,1,,10447,15,19,4,2,105,1250,2996
1044802,3,3,1,2,,1,1,1,1,,10448,2,19,1,2,106,1292,2604
1044901,2,3,1,2,,1,1,5,2,2,10449,1,14,1,3,78,975,10894
1045012,2,4,1,1,1,2,,2,1,,10450,12,24,4,2,137,1597,1065
1045103,1,1,1,1,2,1,1,4,1,,10451,3,4,1,6,22,231,426
1045205,3,4,2,1,1,1,1,5,1,,10452,5,6,1,3,36,436,671
1045303,4,5,1,1,1,1,1,1,1,,10453,3,10,2,1,54,814,1273
1045405,3,5,1,2,,2,,2,1,,10454,5,8,1,1,45,535,2768
1045502,3,7,3,1,3,1,1,4,1,,10455,2,14,1,3,79,989,8822
1045617,3,6,1,2,,1,1,6,2,2,10456,17,18,3,3,100,1210,1538
1045703,1,1,1,2,,1,1,2,1,,10457,3,3,1,1,17,180,746
1045805,1,5,1,2,,1,1,1,1,,10458,5,21,1,5,121,1448,1033
1045902,2,4,1,1,1,1,1,3,1,,10459,2,15,2,5,82,1019,22834
1046005,2,7,3,2,,2,,2,1,,10460,5,9,1,4,48,577,3999
1046105,2,4,1,2,,1,1,3,1,,10461,5,19,1,2,106,1261,3630
1046204,2,4,1,1,1,1,1,2,1,,10462,4,2,1,1,9,64,3722
1046313,2,3,0,2,,2,,3,1,,10463,13,7,4,6,39,449,4091
1046403,3,4,1,2,,1,1,4,1,,10464,3,2,1,1,11,133,2813
1046503,1,4,1,2,,1,1,1,1,,10465,3,5,2,2,30,353,1448
1046601,2,3,1,1,1,1,1,4,1,,10466,1,28,1,2,162,1899,1566
1046718,3,4,1,2,,1,1,3,1,,10467,18,24,4,2,137,1600,973
1046801,2,3,1,1,1,1,1,5,1,,10468,1,25,1,1,145,1702,2704
1046902,1,5,2,1,1,1,1,1,1,,10469,2,24,1,2,140,1667,1236
1047017,4,8,3,2,,1,1,5,1,,10470,17,17,3,5,94,1148,943
1047104,4,7,2,1,1,1,1,3,1,,10471,4,9,1,4,50,725,3135
1047204,2,3,0,2,,2,,4,1,,10472,4,12,3,6,61,877,2869
1047301,1,4,1,2,,2,,3,1,,10473,1,30,2,5,175,2059,5427
1047403,4,7,2,1,1,1,1,2,1,,10474,3,11,2,3,56,833,4741
1047501,1,2,1,1,1,2,,2,1,,10475,1,28,4,2,160,1845,1479
1047617,1,3,0,2,,2,,4,1,,10476,17,16,4,3,89,1113,3018
1047719,2,4,1,1,2,1,1,4,1,,10477,19,28,4,2,160,1845,1479
1047801,3,6,2,1,2,1,1,4,1,,10478,1,10,1,1,54,815,1250
1047902,2,3,1,1,1,2,,3,1,,10479,2,8,2,1,42,479,11188
1048005,1,3,1,2,,2,,2,1,,10480,5,30,1,5,175,2050,6566
1048116,1,1,0,2,,2,,5,1,,10481,16,22,3,3,123,1462,2245
1048201,3,6,2,1,1,1,1,4,1,,10482,1,22,1,3,128,1509,1993
1048304,2,5,1,1,1,1,1,4,1,,10483,4,9,1,4,50,763,485
1048403,1,2,1,2,,1,1,5,1,,10484,3,12,1,6,65,896,3493
1048504,2,3,1,1,1,1,1,3,1,,10485,4,19,1,2,106,1263,3596
1048604,1,2,1,1,1,1,1,5,1,,10486,4,1,4,3,4,9,1287
1048709,1,2,1,1,1,1,1,4,1,,10487,9,4,3,6,20,222,977
1048801,2,4,1,1,1,1,1,4,1,,10488,1,15,3,5,81,1012,22127
1048912,3,4,1,2,,1,1,3,1,,10489,12,11,3,3,56,830,5624
1049015,2,4,1,2,,2,,4,1,,10490,15,8,3,1,42,481,3354
1049104,3,3,1,2,,1,1,5,1,,10491,4,23,1,6,132,1539,1677
1049203,2,4,1,2,,1,1,3,1,,10492,3,18,2,3,100,1212,1495
1049304,3,4,1,2,,2,,3,1,,10493,4,9,1,4,49,634,3710
1049401,1,2,1,1,1,1,1,3,1,,10494,1,9,1,4,49,645,3421
1049504,2,4,1,2,,1,1,3,1,,10495,4,15,1,5,85,1058,9709
1049601,1,5,1,2,,1,1,1,1,,10496,1,22,2,3,127,1487,1951
1049703,3,5,2,1,1,1,1,4,1,,10497,3,5,1,2,31,371,1862
1049801,1,2,0,1,1,1,1,2,1,,10498,1,9,1,4,49,606,4668
1049909,2,3,1,2,,1,1,5,1,,10499,9,16,4,3,90,1114,10379
1050003,2,4,1,2,,2,,3,1,,10500,3,28,1,2,162,1908,1446
1050105,2,3,1,1,1,1,1,8,1,,10501,5,19,1,2,106,1268,3360
1050202,3,4,2,1,1,1,1,2,1,,10502,2,15,1,5,86,1075,11783
1050301,3,4,1,1,1,1,1,3,1,,10503,1,18,1,3,104,1244,941
1050403,2,6,2,2,,1,1,3,1,,10504,3,11,2,3,58,854,4653
1050514,2,4,1,2,,2,,5,1,,10505,14,29,4,5,167,1974,661
1050605,2,2,1,2,,2,,2,1,,10506,5,23,1,6,132,1558,858
1050705,1,2,1,2,,1,1,4,1,,10507,5,9,1,4,49,646,3384
1050815,1,1,1,2,,2,,1,1,,10508,15,2,3,1,7,61,3848
1050905,2,4,1,1,1,1,1,3,1,,10509,5,3,1,1,17,193,632
1051002,2,4,1,1,2,1,1,4,1,,10510,2,10,1,1,54,805,1316
1051117,1,1,1,2,,2,,4,1,,10511,17,23,2,6,129,1514,2031
1051201,3,4,2,1,1,1,1,3,1,,10512,1,5,1,2,30,324,1771
1051304,1,1,1,1,1,1,1,3,1,,10513,4,3,1,1,15,156,646
1051408,2,6,1,2,,2,,2,1,,10514,8,30,4,5,174,2048,4995
1051505,3,5,1,2,,1,1,4,1,,10515,5,9,1,4,48,572,4144
1051603,2,3,1,1,1,2,,3,1,,10516,3,10,1,1,53,781,1302
1051705,1,3,1,1,1,1,1,2,1,,10517,5,9,1,4,50,687,3768
1051802,1,4,1,1,1,1,1,2,1,,10518,2,9,1,4,50,726,3103
1051906,1,3,0,2,,2,,2,1,,10519,6,30,4,5,173,2039,5218
1052001,2,4,1,2,,2,,2,1,,10520,1,29,3,5,169,1979,1077
1052110,3,4,3,1,1,1,1,6,1,,10521,10,27,4,6,154,1814,2660
1052204,2,3,1,2,,1,1,6,1,,10522,4,8,1,1,44,513,2427
1052303,3,4,2,1,2,1,1,5,1,,10523,3,26,1,1,150,1752,2611
1052403,2,5,2,1,2,1,1,2,1,,10524,3,5,1,2,30,324,1771
1052503,1,3,1,2,,1,1,2,1,,10525,3,31,1,6,183,2119,2058
1052605,3,5,2,1,1,1,1,5,1,,10526,5,14,1,3,80,1008,6695
1052705,1,3,1,2,,2,,1,1,,10527,5,32,2,3,185,2139,1468
1052813,1,2,1,1,1,2,,2,1,,10528,13,17,4,5,96,1156,1044
1052903,1,2,1,2,,2,,1,1,,10529,3,28,1,2,163,1923,1830
1053004,1,3,1,1,1,1,1,3,1,,10530,4,25,1,1,145,1705,2626
1053104,2,2,1,2,,1,1,2,1,,10531,4,7,1,6,41,477,3873
1053201,2,3,1,2,,1,1,2,1,,10532,1,18,1,3,104,1240,1188
1053303,2,3,2,1,1,1,1,4,1,,10533,3,23,1,6,133,1562,1817
1053402,1,3,1,2,,1,1,4,1,,10534,2,31,1,6,182,2099,2136
1053502,2,3,1,1,1,1,1,1,1,,10535,2,3,1,1,18,212,706
1053602,1,2,1,1,1,2,,1,1,,10536,2,3,1,1,16,170,659
1053701,2,3,1,2,,1,1,3,1,,10537,1,27,2,6,153,1807,2589
1053808,1,5,2,1,2,1,1,1,1,,10538,8,5,2,2,26,273,1479
1053901,2,5,1,1,1,1,1,4,1,,10539,1,9,1,4,50,693,3642
1054001,2,4,2,1,1,1,1,3,1,,10540,1,27,4,6,155,1822,916
1054102,2,4,1,1,1,1,1,5,1,,10541,2,2,1,1,9,74,3176
1054204,3,5,1,2,,1,1,1,1,,10542,4,9,1,4,50,721,3243
1054304,1,3,2,2,,1,1,1,1,,10543,4,9,1,4,50,720,3279
1054418,1,3,1,1,1,1,1,3,1,,10544,18,17,4,5,96,1156,1044
1054504,2,3,1,1,1,1,1,1,1,,10545,4,3,1,1,17,196,613
1054601,2,5,1,1,1,1,1,3,1,,10546,1,15,1,5,85,1061,6128
1054702,1,2,0,2,,2,,1,1,,10547,2,9,1,4,48,586,3644
1054805,1,1,1,2,,1,2,2,1,,10548,5,21,1,5,120,1422,5722
1054902,3,4,1,1,1,1,1,4,1,,10549,2,14,2,3,76,968,7378
1055001,2,3,1,1,1,1,1,3,1,,10550,1,5,1,2,29,282,1842
1055102,3,4,1,1,2,1,1,4,1,,10551,2,8,1,1,46,546,3168
1055203,2,3,2,1,1,1,1,4,1,,10552,3,6,1,3,36,441,597
1055304,4,4,2,1,1,1,1,3,1,,10553,4,18,2,3,100,1213,1488
1055401,3,4,1,2,,1,1,3,1,,10554,1,28,4,2,160,1846,1388
1055507,1,4,1,2,,1,1,1,1,,10555,7,3,2,1,12,143,609
1055610,3,4,1,1,2,1,1,6,1,,10556,10,1,4,3,3,7,1634
1055709,2,3,0,2,,1,1,3,1,,10557,9,20,4,6,111,1382,3286
1055803,2,2,1,2,,2,,4,1,,10558,3,28,1,2,162,1881,1684
1055903,1,2,0,2,,2,,5,1,,10559,3,15,3,5,81,1015,19018
1056009,2,3,0,1,1,2,,2,1,,10560,9,17,3,5,94,1148,943
1056113,3,4,2,1,2,1,1,6,1,,10561,13,4,4,6,21,228,784
1056204,2,4,2,1,1,1,1,1,1,,10562,4,32,1,3,188,2151,1526
1056304,4,7,1,1,1,1,1,9,1,,10563,4,2,1,1,10,101,3178
1056420,2,6,1,1,1,1,1,5,1,,10564,20,30,2,5,172,2035,8713
1056510,2,5,1,2,,1,1,3,2,2,10565,10,27,4,6,154,1817,2285
1056601,4,8,2,1,1,1,1,5,1,,10566,1,29,2,5,169,1998,1037
1056702,2,3,1,1,1,1,1,4,1,,10567,2,21,3,5,116,1406,6756
1056804,2,3,1,2,,1,1,5,1,,10568,4,21,2,5,120,1421,5724
1056901,2,5,1,2,,1,1,2,1,,10569,1,5,3,2,26,272,1902
1057002,1,1,1,2,,2,,2,1,,10570,2,23,2,6,129,1514,2031
1057119,2,4,0,1,1,2,,4,1,,10571,19,30,4,5,173,2043,4521
1057201,2,3,1,2,,2,,3,1,,10572,1,16,3,3,88,1111,4301
1057303,1,3,1,1,1,1,1,2,1,,10573,3,3,1,1,17,188,683
1057401,1,3,1,2,,2,,3,1,,10574,1,24,2,2,135,1582,2162
1057503,3,4,1,1,1,1,1,4,1,,10575,3,10,1,1,54,818,1125
1057605,2,3,1,1,2,1,1,4,1,,10576,5,14,1,3,78,978,9619
1057705,2,4,1,2,,1,1,1,1,,10577,5,24,1,2,138,1605,1367
1057804,3,5,2,1,1,2,,2,1,,10578,4,9,1,4,48,572,4144
1057902,2,4,1,2,,2,,2,1,,10579,2,23,1,6,132,1533,1859
1058005,2,4,1,1,1,1,1,4,1,,10580,5,27,4,6,154,1816,2554
1058101,2,4,1,2,,1,1,5,1,,10581,1,29,3,5,170,2026,917
1058216,2,3,1,1,1,1,1,4,1,,10582,16,18,4,3,101,1217,1108
1058314,3,4,1,1,1,1,1,4,1,,10583,14,22,3,3,123,1461,2454
1058403,3,3,1,2,,2,,5,2,2,10584,3,28,1,2,162,1863,1860
1058519,3,5,1,1,1,1,1,6,1,,10585,19,14,2,3,76,968,7378
1058601,2,4,1,1,1,1,1,3,1,,10586,1,8,1,1,45,517,3447
1058714,1,3,1,2,,2,,2,1,,10587,14,27,4,6,155,1822,916
1058803,2,4,1,1,1,1,1,3,1,,10588,3,16,4,3,90,1116,3460
1058913,3,5,2,2,,1,2,4,1,,10589,13,25,3,1,141,1675,2587
1059001,3,5,1,1,1,1,1,2,1,,10590,1,29,3,5,171,2032,830
1059101,3,4,2,2,,1,1,1,1,,10591,1,6,1,3,36,435,677
1059205,1,2,1,1,1,1,1,1,1,,10592,5,6,1,3,35,429,746
1059318,1,3,1,2,,1,1,3,1,,10593,18,4,3,6,20,222,977
1059402,1,1,0,1,1,2,,2,1,,10594,2,28,4,2,160,1846,1388
1059518,2,2,0,2,,1,2,5,1,,10595,18,21,2,5,116,1407,6595
1059604,2,3,1,1,1,2,,2,1,,10596,4,30,1,5,175,2057,5683
1059705,2,3,1,2,,1,1,1,1,,10597,5,30,1,5,175,2055,6159
1059804,2,4,1,1,1,2,,5,1,,10598,4,10,1,1,53,796,1141
1059920,2,4,1,1,1,1,1,4,1,,10599,20,26,2,1,147,1736,2632
1060003,2,4,1,1,1,1,1,4,1,,10600,3,28,1,2,162,1866,1814
1060104,2,4,2,1,2,1,1,3,1,,10601,4,11,1,3,60,870,7327
1060204,4,6,2,1,1,1,1,5,1,,10602,4,11,2,3,58,854,4653
1060315,2,3,0,2,,1,1,2,1,,10603,15,21,4,5,117,1412,4714
1060403,2,3,0,2,,2,,2,1,,10604,3,11,1,3,58,851,4712
1060502,1,2,1,2,,1,1,2,1,,10605,2,2,2,1,7,60,4118
1060602,3,4,1,1,1,1,1,5,1,,10606,2,24,1,2,138,1615,1177
1060703,2,3,1,1,1,1,1,3,1,,10607,3,3,1,1,15,153,736
1060804,1,4,1,2,,1,1,1,1,,10608,4,29,3,5,169,1979,1077
1060920,1,4,1,2,,1,1,3,1,,10609,20,20,3,6,109,1373,2841
1061005,2,3,1,1,2,1,1,5,1,,10610,5,3,1,1,16,176,611
1061111,4,5,1,2,,2,,4,1,,10611,11,32,3,3,185,2140,1353
1061205,2,3,1,2,,2,,2,1,,10612,5,14,2,3,76,968,7378
1061319,1,1,0,2,,2,,2,1,,10613,19,12,4,6,63,886,2839
1061401,2,4,1,2,,1,1,4,1,,10614,1,14,1,3,78,976,10781
1061517,2,3,1,1,1,1,1,4,1,,10615,17,6,2,3,32,393,610
1061609,1,2,1,2,,1,1,4,1,,10616,9,23,2,6,129,1513,2829
1061701,2,3,1,2,,1,1,3,1,,10617,1,12,1,6,65,902,2813
1061815,3,5,1,1,1,1,1,4,1,,10618,15,22,3,3,123,1462,2245
1061918,1,2,1,2,,2,,7,1,,10619,18,12,4,6,63,887,2678
1062003,3,5,1,2,,1,1,4,1,,10620,3,15,1,5,85,1031,13767
1062105,2,5,1,2,,2,,3,1,,10621,5,32,4,3,187,2146,1688
1062205,2,4,0,1,1,1,1,3,1,,10622,5,20,4,6,111,1383,3212
1062302,1,3,0,2,,2,,2,1,,10623,2,19,1,2,107,1298,3361
1062405,2,6,1,2,,1,1,2,1,,10624,5,16,1,3,92,1136,3408
1062504,3,5,1,1,2,2,,4,1,,10625,4,17,1,5,98,1193,1296
1062603,2,3,1,1,1,1,1,4,1,,10626,3,24,1,2,139,1647,1151
1062719,2,4,1,1,1,2,,4,1,,10627,19,15,3,5,81,1017,6441
1062803,2,3,0,2,,2,,2,1,,10628,3,20,4,6,111,1384,3206
1062905,2,3,1,1,2,1,1,4,1,,10629,5,26,1,1,151,1781,2099
1063001,1,2,1,2,,2,,2,1,,10630,1,26,1,1,151,1771,2198
1063101,4,6,0,2,,2,,8,2,3,10631,1,15,2,5,85,1041,12342
1063209,4,6,0,2,,2,,6,1,,10632,9,27,4,6,154,1817,2285
1063302,2,6,1,1,1,1,1,2,1,,10633,2,17,1,5,97,1167,1679
1063401,3,5,1,1,1,1,1,4,1,,10634,1,2,1,1,11,133,2813
1063502,2,4,1,1,1,1,1,3,1,,10635,2,24,1,2,139,1636,1275
1063604,3,6,1,1,1,1,1,5,1,,10636,4,23,1,6,133,1564,1797
1063705,1,2,1,1,1,2,,3,1,,10637,5,17,4,5,96,1157,995
1063815,2,4,0,2,,1,2,4,1,,10638,15,21,4,5,117,1410,5193
1063908,2,5,1,1,1,1,1,2,1,,10639,8,19,2,2,105,1253,2656
1064005,2,5,2,1,1,1,1,2,1,,10640,5,22,1,3,128,1495,2148
1064101,4,7,3,1,2,1,1,8,1,,10641,1,22,3,3,126,1475,1858
1064203,1,5,2,2,,2,,2,1,,10642,3,12,4,6,63,889,2449
1064319,3,4,2,1,2,1,1,4,1,,10643,19,3,2,1,13,147,488
1064401,2,3,1,1,1,2,,1,1,,10644,1,26,1,1,152,1801,2119
1064517,2,4,1,2,,1,1,3,1,,10645,17,13,2,5,67,918,1831
1064604,2,5,3,1,1,1,1,2,1,,10646,4,15,2,5,86,1066,13118
1064701,2,2,1,2,,1,1,4,1,,10647,1,15,1,5,84,1025,15426
1064802,4,5,2,1,3,1,1,2,1,,10648,2,32,1,3,188,2150,1541
1064905,2,2,1,1,1,1,1,3,1,,10649,5,2,1,1,10,108,2939
1065002,3,4,0,2,,2,,2,1,,10650,2,15,3,5,85,1027,15661
1065105,2,3,1,2,,1,1,1,1,,10651,5,24,2,2,135,1583,1844
1065201,2,4,1,2,,1,1,4,1,,10652,1,23,1,6,134,1571,2231
1065305,1,3,1,2,,1,1,1,1,,10653,5,15,1,5,85,1055,9998
1065403,3,7,1,1,2,1,1,4,1,,10654,3,5,1,2,30,337,1543
1065503,2,2,1,2,,1,1,5,1,,10655,3,25,1,1,144,1696,2404
1065604,2,4,1,1,1,1,1,3,1,,10656,4,25,1,1,145,1715,2472
1065703,1,4,1,1,1,1,1,4,1,,10657,3,3,1,1,17,187,686
1065801,2,2,1,2,,1,1,4,1,,10658,1,12,1,6,65,896,3493
1065901,1,1,0,2,,1,1,5,1,,10659,1,27,3,6,153,1813,2357
1066002,2,3,1,2,,1,1,3,1,,10660,2,20,1,6,113,1391,3166
1066104,1,3,0,1,1,2,,2,1,,10661,4,26,1,1,151,1788,1815
1066213,2,3,1,2,,1,1,4,1,,10662,13,7,4,6,39,451,3817
1066304,2,3,1,1,1,1,1,5,1,,10663,4,5,1,2,29,298,1661
1066406,1,3,0,2,,2,,2,1,,10664,6,13,4,5,70,932,2540
1066501,4,5,3,1,1,1,1,6,1,,10665,1,17,1,5,97,1173,1504
1066605,3,4,1,1,1,1,1,6,1,,10666,5,3,1,1,18,208,736
1066703,1,2,1,2,,1,1,1,1,,10667,3,32,1,3,189,2161,1175
1066805,1,3,1,2,,1,1,2,1,,10668,5,3,1,1,17,182,715
1066902,3,5,3,1,1,1,1,6,1,,10669,2,22,1,3,126,1477,1644
1067007,3,5,1,1,1,1,1,4,1,,10670,7,32,2,3,185,2141,1249
1067101,1,4,1,1,1,1,1,1,1,,10671,1,9,1,4,50,758,1172
1067202,1,2,1,1,1,1,1,5,1,,10672,2,2,1,1,9,79,3074
1067303,2,3,1,2,,1,2,2,1,,10673,3,19,2,2,106,1273,3255
1067401,2,5,1,1,1,1,1,3,1,,10674,1,9,1,4,50,728,3027
1067505,1,2,1,1,1,1,1,4,1,,10675,5,28,1,2,162,1863,1860
1067601,1,3,1,2,,1,1,1,1,,10676,1,24,2,2,135,1583,1844
1067701,2,3,1,2,,1,1,6,1,,10677,1,29,4,5,169,1985,1170
1067801,2,3,1,1,2,1,1,1,1,,10678,1,8,1,1,46,540,3689
1067901,1,4,1,2,,1,2,1,1,,10679,1,6,1,3,35,424,774
1068002,2,5,2,1,2,1,1,6,1,,10680,2,15,1,5,86,1084,9385
1068101,1,5,1,2,,2,,1,1,,10681,1,22,1,3,126,1474,1913
1068204,1,3,2,1,1,1,1,2,1,,10682,4,23,1,6,132,1529,2051
1068301,1,4,1,2,,2,,2,1,,10683,1,15,1,5,86,1085,9385
1068402,2,3,1,1,1,1,1,5,1,,10684,2,25,1,1,145,1712,2503
1068515,2,4,1,2,,1,1,4,1,,10685,15,27,4,6,155,1821,1493
1068601,3,5,1,1,1,1,1,3,1,,10686,1,9,1,4,50,750,2094
1068702,2,4,1,1,1,2,,1,1,,10687,2,15,3,5,86,1064,15368
1068804,2,3,1,1,1,1,1,6,1,,10688,4,1,1,3,5,34,1336
1068902,1,2,1,1,1,1,1,1,1,,10689,2,26,1,1,151,1774,2152
1069004,3,5,1,1,2,1,1,5,1,,10690,4,1,1,3,6,49,1395
1069102,1,5,1,1,1,1,1,2,1,,10691,2,19,1,2,107,1321,3056
1069204,1,6,2,1,1,1,1,1,1,,10692,4,13,3,5,67,921,1645
1069305,1,2,1,2,,1,1,3,1,,10693,5,7,4,6,39,450,4023
1069403,3,8,3,1,2,1,1,2,1,,10694,3,32,1,3,190,2172,1802
1069501,3,5,1,1,1,1,1,5,1,,10695,1,5,4,2,28,278,1371
1069601,2,4,2,2,,1,1,3,1,,10696,1,10,1,1,53,777,1333
1069717,3,6,2,1,5,1,1,4,1,,10697,17,8,4,1,43,483,2387
1069801,1,2,1,2,,1,1,2,1,,10698,1,6,1,3,34,398,928
1069902,2,3,1,2,,1,1,1,1,,10699,2,19,1,2,106,1294,1910
1070002,3,4,3,1,1,1,1,2,1,,10700,2,20,2,6,110,1375,5038
1070113,2,6,3,2,,1,1,4,1,,10701,13,4,3,6,20,222,977
1070220,3,4,3,1,1,2,,6,1,,10702,20,12,4,6,63,885,2839
1070308,5,9,2,1,4,1,1,8,1,,10703,8,10,4,1,52,774,1138
1070404,3,6,1,2,,1,1,1,1,,10704,4,10,4,1,52,769,1449
1070501,3,3,1,1,2,1,1,2,1,,10705,1,3,1,1,18,212,706
1070602,3,4,1,2,,1,1,4,1,,10706,2,9,1,4,49,637,3623
1070705,3,6,2,1,1,1,1,6,1,,10707,5,10,1,1,54,802,1327
1070804,1,1,1,2,,2,,2,1,,10708,4,23,1,6,131,1527,1108
1070912,2,3,1,1,1,1,2,4,1,,10709,12,14,3,3,75,965,3506
1071002,1,1,0,2,,2,,3,1,,10710,2,15,1,5,85,1045,11921
1071103,1,5,2,2,,2,,1,1,,10711,3,9,1,4,49,661,3053
1071218,2,4,1,1,1,1,1,3,1,,10712,18,26,2,1,147,1736,2632
1071303,2,5,2,1,1,1,1,2,1,,10713,3,5,1,2,29,291,1714
1071403,2,9,2,1,1,1,1,3,1,,10714,3,4,1,6,24,256,788
1071505,3,4,1,2,,1,1,4,1,,10715,5,29,2,5,170,2014,1293
1071601,3,5,1,1,2,1,1,4,1,,10716,1,10,1,1,54,807,1316
1071720,1,1,1,1,2,1,1,2,1,,10717,20,3,4,1,14,149,796
1071803,1,3,1,2,,2,,4,1,,10718,3,8,1,1,44,486,3883
1071911,1,4,0,2,,1,2,1,1,,10719,11,20,4,6,111,1383,3212
1072003,2,5,1,1,1,1,1,5,1,,10720,3,15,1,5,85,1047,11613
1072101,1,1,1,2,,1,1,1,1,,10721,1,24,1,2,138,1617,1097
1072202,3,5,2,1,1,1,1,6,1,,10722,2,6,4,3,33,395,576
1072320,3,5,0,2,,2,,4,1,,10723,20,20,4,6,111,1381,3504
1072401,2,3,1,1,1,1,1,5,1,,10724,1,20,3,6,110,1376,4727
1072501,2,3,0,2,,1,2,5,1,,10725,1,24,4,2,136,1592,1094
1072604,2,4,1,2,,1,1,2,1,,10726,4,9,1,4,50,699,3527
1072714,3,5,1,2,,2,,7,1,,10727,14,27,4,6,155,1823,414
1072801,1,5,1,2,,1,1,1,1,,10728,1,24,1,2,139,1620,1454
1072902,2,3,1,1,1,1,1,2,1,,10729,2,5,1,2,30,360,1402
1073007,2,3,0,2,,2,,7,2,2,10730,7,7,3,6,37,442,5052
1073114,3,4,1,2,,1,1,5,1,,10731,14,27,4,6,154,1817,2285
1073201,2,4,1,1,1,1,1,2,1,,10732,1,23,1,6,134,1578,1565
1073304,3,4,2,1,1,1,1,4,1,,10733,4,26,1,1,150,1749,2621
1073403,2,3,1,1,1,1,1,4,1,,10734,3,31,1,6,184,2128,2779
1073507,1,2,1,2,,1,1,1,1,,10735,7,29,2,5,166,1972,586
1073605,1,2,0,1,1,2,,3,1,,10736,5,20,3,6,113,1394,3011
1073703,1,4,1,1,1,2,,2,1,,10737,3,27,3,6,156,1827,1986
1073801,2,3,1,1,1,1,1,2,1,,10738,1,24,1,2,138,1618,1029
1073915,2,3,1,2,,2,,2,1,,10739,15,20,4,6,112,1387,3229
1074009,2,3,1,2,,1,1,3,1,,10740,9,10,4,1,52,770,1405
1074101,1,3,1,2,,1,1,1,1,,10741,1,21,1,5,121,1443,3700
1074202,2,5,2,1,1,1,2,2,1,,10742,2,21,4,5,118,1415,5024
1074302,2,2,1,1,1,2,,4,1,,10743,2,3,1,1,15,151,748
1074404,2,3,1,2,,1,1,2,1,,10744,4,4,1,6,24,261,646
1074503,1,3,1,2,,2,,2,1,,10745,3,20,4,6,112,1387,3229
1074618,2,3,1,2,,1,1,4,1,,10746,18,19,2,2,105,1251,2799
1074714,4,6,1,1,1,1,1,4,1,,10747,14,1,2,3,1,3,848
1074803,4,6,1,1,1,1,1,3,1,,10748,3,13,1,5,74,958,2331
1074903,3,4,2,1,1,1,1,5,1,,10749,3,19,1,2,106,1257,3722
1075005,2,3,1,2,,2,,1,1,,10750,5,28,1,2,163,1934,1733
1075105,2,5,1,1,1,1,1,4,1,,10751,5,5,1,2,29,317,1538
1075203,1,2,0,2,,2,,2,1,,10752,3,29,3,5,169,1995,1077
1075316,3,4,1,1,1,1,1,5,1,,10753,16,13,3,5,68,928,1288
1075412,1,3,1,1,1,1,1,3,1,,10754,12,25,2,1,142,1676,2626
1075501,3,4,0,2,,2,,2,1,,10755,1,24,4,2,136,1591,1218
1075617,2,2,1,2,,2,,5,1,,10756,17,29,4,5,167,1974,661
1075703,2,4,1,2,,2,,3,1,,10757,3,5,1,2,29,290,1726
1075801,1,5,1,1,1,1,1,3,1,,10758,1,17,1,5,98,1187,1422
1075904,2,3,1,1,1,1,1,2,1,,10759,4,10,1,1,53,792,1205
1076009,2,3,0,2,,2,,2,1,,10760,9,20,4,6,111,1379,3848
1076104,2,3,1,2,,1,1,2,1,,10761,4,16,1,3,93,1138,4351
1076202,1,2,1,2,,1,1,1,1,,10762,2,15,4,5,83,1021,33387
1076301,2,4,1,2,,1,1,2,1,,10763,1,16,1,3,91,1118,4504
1076403,3,4,1,1,1,1,1,5,1,,10764,3,9,1,4,50,698,3527
1076518,1,4,1,2,,2,,4,1,,10765,18,30,4,5,173,2039,5218
1076604,3,4,1,1,1,1,1,7,1,,10766,4,32,1,3,189,2162,1154
1076703,3,3,3,1,2,1,1,5,1,,10767,3,23,1,6,131,1525,1298
1076801,2,3,1,2,,1,1,3,1,,10768,1,5,1,2,30,351,1464
1076905,2,5,1,2,,1,1,3,1,,10769,5,5,1,2,29,322,1442
1077001,2,5,1,1,4,1,1,3,1,,10770,1,11,1,3,60,875,6097
1077101,2,5,1,1,1,1,1,5,1,,10771,1,26,1,1,151,1772,2183
1077208,1,3,1,2,,1,1,3,1,,10772,8,27,3,6,153,1809,2602
1077304,1,1,1,1,1,1,1,3,1,,10773,4,2,2,1,7,60,4118
1077403,1,3,1,1,1,1,1,2,1,,10774,3,17,4,5,97,1162,1831
1077508,3,5,0,2,,2,,8,2,2,10775,8,30,2,5,172,2035,8713
1077605,1,2,1,2,,2,,3,1,,10776,5,9,1,4,48,585,3733
1077705,1,3,1,1,1,2,,1,1,,10777,5,13,4,5,71,936,2779
1077808,2,3,1,1,1,1,1,4,1,,10778,8,11,2,3,56,831,4889
1077903,2,6,2,1,1,1,1,3,1,,10779,3,19,1,2,108,1349,3298
1078008,2,4,1,1,1,1,1,3,1,,10780,8,29,3,5,166,1970,682
1078104,2,4,2,1,3,1,1,3,1,,10781,4,31,1,6,183,2110,2712
1078204,3,4,1,1,1,2,,7,1,,10782,4,26,1,1,150,1745,2726
1078312,2,3,0,2,,1,1,4,1,,10783,12,7,4,6,39,454,3356
1078402,1,3,2,1,1,1,1,1,1,,10784,2,11,1,3,59,868,4829
1078502,3,3,2,1,2,1,1,4,1,,10785,2,14,1,3,80,1001,7856
1078604,2,4,1,2,,1,1,2,1,,10786,4,21,1,5,122,1452,4517
1078718,1,3,1,2,,2,,3,1,,10787,18,6,2,3,32,392,627
1078815,1,2,0,2,,1,1,4,1,,10788,15,4,4,6,21,226,887
1078904,2,3,1,2,,2,,3,1,,10789,4,7,4,6,39,453,3363
1079004,1,1,1,2,,1,1,5,1,,10790,4,4,1,6,25,266,878
1079103,2,3,1,1,1,1,1,4,1,,10791,3,17,1,5,97,1175,1472
1079219,3,5,2,1,2,1,1,3,1,,10792,19,19,2,2,105,1253,2656
1079302,3,6,2,2,,1,1,4,1,,10793,2,4,1,6,24,262,621
1079405,2,3,1,1,2,1,1,5,1,,10794,5,5,1,2,30,366,378
1079510,3,4,1,1,1,1,1,5,1,,10795,10,26,2,1,147,1737,2630
1079601,3,5,3,2,,1,2,2,1,,10796,1,7,1,6,41,472,4425
1079712,4,5,2,1,1,1,1,5,1,,10797,12,16,3,3,88,1107,4964
1079803,3,4,1,1,1,1,1,5,1,,10798,3,24,1,2,139,1624,1383
1079902,2,4,2,1,1,1,1,1,1,,10799,2,28,1,2,164,1960,1830
1080001,2,4,1,1,1,1,1,3,1,,10800,1,7,1,6,41,474,4176
1080101,3,3,2,1,1,1,1,6,1,,10801,1,10,1,1,54,817,1191
1080204,2,5,1,1,1,1,1,2,1,,10802,4,32,1,3,189,2164,1145
1080303,2,4,1,1,2,1,1,1,1,,10803,3,8,1,1,44,491,3124
1080416,3,4,1,1,1,2,,1,1,,10804,16,24,4,2,137,1595,1121
1080504,2,3,1,2,,1,1,3,1,,10805,4,10,1,1,53,795,1181
1080601,3,5,1,1,1,1,1,4,1,,10806,1,14,1,3,78,984,6236
1080701,2,3,2,1,1,1,1,6,1,,10807,1,6,1,3,35,416,888
1080804,2,3,1,1,1,1,1,4,1,,10808,4,17,4,5,96,1156,1044
1080901,1,6,1,2,,2,,2,1,,10809,1,5,1,2,30,346,1489
1081005,2,5,2,2,,2,,2,1,,10810,5,5,1,2,29,314,1567
1081103,5,7,1,1,1,1,1,2,1,,10811,3,15,1,5,86,1069,12827
1081201,3,6,1,1,1,1,1,6,1,,10812,1,8,1,1,44,493,3043
1081305,2,5,1,2,,1,1,4,1,,10813,5,13,3,5,67,916,1831
1081402,2,3,1,1,1,1,1,4,1,,10814,2,28,1,2,162,1897,1571
1081512,3,4,2,1,1,2,,4,1,,10815,12,16,4,3,90,1114,10379
1081602,2,3,1,2,,2,,4,1,,10816,2,29,3,5,165,1964,1215
1081704,3,6,1,2,,1,1,6,1,,10817,4,22,1,3,126,1474,1913
1081808,1,2,0,2,,2,,3,1,,10818,8,10,4,1,52,770,1405
1081914,2,6,0,2,,1,2,6,1,,10819,14,30,4,5,173,2044,4268
1082001,2,4,2,1,2,1,1,2,1,,10820,1,5,1,2,31,385,1728
1082105,2,5,1,1,1,1,1,3,1,,10821,5,23,1,6,131,1518,2249
1082215,1,2,1,1,1,1,1,5,1,,10822,15,23,4,6,130,1515,1790
1082304,2,3,1,2,,1,1,4,1,,10823,4,9,1,4,49,621,4008
1082410,2,3,1,2,,1,1,5,1,,10824,10,7,4,6,39,450,4023
1082502,2,5,1,2,,2,,4,1,,10825,2,12,3,6,61,877,2869
1082604,2,4,1,2,,2,,5,1,,10826,4,27,4,6,155,1821,1493
1082710,2,3,0,2,,2,,4,1,,10827,10,15,4,5,83,1024,5447
1082803,2,4,2,1,2,1,1,2,1,,10828,3,19,1,2,108,1333,3252
1082908,3,4,1,2,,1,1,6,1,,10829,8,21,3,5,115,1405,6115
1083003,2,4,1,2,,1,1,5,1,,10830,3,7,1,6,40,461,4273
1083103,2,3,1,1,1,1,1,6,1,,10831,3,23,1,6,132,1534,1839
1083205,2,4,1,1,1,1,1,4,1,,10832,5,5,1,2,29,307,1598
1083302,2,3,1,1,1,2,,6,1,,10833,2,30,4,5,173,2043,4521
1083401,2,4,1,1,2,1,1,3,1,,10834,1,14,1,3,79,988,9068
1083505,2,3,1,1,1,1,1,5,1,,10835,5,24,1,2,139,1641,1237
1083607,2,5,2,1,1,1,1,6,1,,10836,7,20,3,6,110,1376,4727
1083701,1,6,2,2,,1,1,1,1,,10837,1,5,1,2,31,377,1814
1083804,2,6,1,1,1,1,1,4,1,,10838,4,31,1,6,184,2136,2363
1083903,2,5,1,1,1,1,1,2,1,,10839,3,3,1,1,16,172,639
1084001,2,3,1,1,1,1,1,5,1,,10840,1,15,1,5,86,1088,4697
1084116,1,2,0,2,,1,1,4,1,,10841,16,32,4,3,187,2145,1691
1084212,2,4,0,2,,2,,7,1,,10842,12,24,4,2,137,1599,1009
1084304,5,7,1,2,,1,1,5,1,,10843,4,29,2,5,170,2022,1015
1084411,2,3,1,1,1,1,1,1,1,,10844,11,13,3,5,67,922,1613
1084514,1,2,0,2,,1,2,2,1,,10845,14,30,4,5,173,2040,4785
1084615,1,2,2,2,,1,1,2,1,,10846,15,11,4,3,57,836,4721
1084702,2,4,1,2,,1,1,4,1,,10847,2,5,1,2,31,384,1756
1084818,2,2,0,2,,2,,1,1,,10848,18,7,2,6,38,445,7240
1084906,1,3,1,1,1,1,1,5,1,,10849,6,1,4,3,3,7,1634
1085014,2,4,1,1,1,1,1,3,1,,10850,14,4,4,6,21,228,784
1085102,1,2,1,2,,2,,3,1,,10851,2,15,4,5,83,1023,11415
1085211,3,6,1,2,,2,,1,1,,10852,11,24,4,2,136,1590,1225
1085305,2,3,0,2,,1,1,1,1,,10853,5,6,1,3,34,406,759
1085404,2,3,1,2,,1,1,1,1,,10854,4,23,1,6,131,1518,2249
1085503,1,4,1,1,1,1,1,1,1,,10855,3,2,1,1,11,136,2692
1085601,3,6,2,1,1,1,1,3,1,,10856,1,2,1,1,11,139,2151
1085705,1,3,1,1,1,1,1,5,1,,10857,5,9,1,4,49,641,3561
1085816,3,3,1,2,,2,,3,1,,10858,16,31,3,6,178,2086,1819
1085901,3,4,2,1,1,1,1,4,1,,10859,1,10,1,1,54,818,1125
1086002,2,3,1,1,1,1,1,4,1,,10860,2,5,1,2,30,325,1726
1086104,1,5,1,1,1,2,,2,1,,10861,4,18,1,3,104,1240,1188
1086201,1,4,1,1,1,1,1,2,1,,10862,1,24,1,2,139,1626,1349
1086307,2,4,1,2,,1,1,3,1,,10863,7,29,3,5,166,1970,682
1086405,2,3,1,1,1,1,1,3,1,,10864,5,3,1,1,17,191,653
1086503,2,4,1,1,2,1,1,3,1,,10865,3,13,3,5,67,917,1831
1086603,2,4,1,1,1,1,2,2,1,,10866,3,25,4,1,143,1679,2282
1086716,4,4,1,2,,1,1,12,1,,10867,16,31,2,6,179,2087,1839
1086804,3,5,3,1,1,1,1,4,1,,10868,4,19,1,2,108,1361,3142
1086902,2,4,1,1,2,1,1,3,1,,10869,2,5,1,2,30,363,1343
1087005,2,4,1,2,,1,1,4,1,,10870,5,28,1,2,162,1889,1636
1087108,2,3,1,2,,1,2,2,1,,10871,8,24,4,2,137,1598,1015
1087203,2,3,1,1,1,1,1,3,1,,10872,3,25,1,1,145,1713,2488
1087302,3,6,3,1,2,1,1,4,1,,10873,2,22,1,3,128,1507,2017
1087406,2,2,1,1,1,2,,3,1,,10874,6,4,3,6,19,220,797
1087514,2,3,0,2,,2,,1,1,,10875,14,7,4,6,39,455,3338
1087607,2,3,1,2,,2,,3,1,,10876,7,30,4,5,174,2046,5443
1087701,2,5,1,1,1,1,1,3,1,,10877,1,26,1,1,151,1787,1971
1087812,1,1,0,2,,2,,4,1,,10878,12,8,4,1,43,485,1975
1087904,1,3,1,1,1,1,1,3,1,,10879,4,28,1,2,162,1868,1768
1088002,3,5,2,1,1,1,1,4,1,,10880,2,20,3,6,110,1376,4727
1088108,2,3,0,2,,2,,4,1,,10881,8,4,4,6,21,226,887
1088207,1,1,1,1,1,2,,1,1,,10882,7,31,3,6,179,2089,1807
1088305,3,4,2,1,1,2,,3,1,,10883,5,25,1,1,144,1694,2503
1088401,1,2,1,2,,2,,3,1,,10884,1,1,4,3,3,8,1437
1088503,3,6,2,2,,1,1,4,1,,10885,3,24,1,2,140,1672,957
1088601,2,3,0,2,,2,,4,1,,10886,1,12,4,6,63,883,3042
1088701,1,3,1,2,,1,1,2,1,,10887,1,30,2,5,175,2053,6475
1088808,2,2,0,2,,2,,3,1,,10888,8,21,4,5,117,1410,5193
1088903,2,3,1,1,1,1,1,4,1,,10889,3,16,2,3,88,1110,4468
1089005,2,3,1,2,,2,,3,1,,10890,5,8,1,1,44,509,2701
1089112,2,3,1,2,,2,,4,1,,10891,12,14,3,3,75,964,4181
1089202,2,3,1,1,1,1,1,5,1,,10892,2,28,1,2,162,1888,1654
1089304,2,2,1,1,2,1,1,2,1,,10893,4,32,1,3,189,2166,916
1089405,1,2,1,1,1,1,1,1,1,,10894,5,2,1,1,9,76,3158
1089501,2,4,1,2,,1,1,4,1,,10895,1,22,2,3,126,1473,2107
1089605,3,7,2,1,1,1,1,5,1,,10896,5,5,1,2,31,375,1829
1089705,3,6,2,1,1,1,1,3,1,,10897,5,1,1,3,6,56,1243
1089809,3,5,1,1,2,1,1,2,1,,10898,9,8,4,1,43,483,2387
1089904,2,3,1,1,1,1,1,3,1,,10899,4,28,1,2,162,1903,1537
1090005,3,6,1,1,1,1,1,4,1,,10900,5,14,1,3,78,974,11253
1090105,1,2,1,1,1,1,1,3,1,,10901,5,2,1,1,10,100,3332
1090201,3,5,1,1,1,1,1,5,1,,10902,1,3,1,1,16,172,639
1090304,1,5,1,2,,1,1,1,1,,10903,4,24,1,2,140,1652,1651
1090414,1,2,0,2,,2,,5,1,,10904,14,7,4,6,39,452,3699
1090508,2,3,0,2,,1,1,3,1,,10905,8,11,4,3,57,838,3502
1090603,2,5,2,1,1,1,1,4,1,,10906,3,19,1,2,108,1351,3255
1090704,2,4,1,1,1,1,1,2,1,,10907,4,5,1,2,29,313,1581
1090802,2,3,1,1,2,1,1,2,1,,10908,2,1,4,3,4,9,1287
1090902,1,1,0,2,,1,1,7,1,,10909,2,9,1,4,49,640,3566
1091008,2,2,0,2,,1,1,2,1,,10910,8,7,4,6,39,450,4023
1091101,1,2,1,1,1,2,,2,1,,10911,1,13,1,5,72,941,2736
1091210,3,5,0,2,,2,,8,1,,10912,10,7,4,6,39,451,3817
1091302,1,4,1,1,2,1,1,2,1,,10913,2,8,1,1,46,548,3089
1091405,3,4,2,2,,1,1,4,1,,10914,5,27,3,6,156,1828,1791
1091504,3,7,1,1,1,1,1,8,1,,10915,4,15,2,5,81,1016,19011
1091619,3,4,1,1,1,1,1,4,1,,10916,19,13,4,5,71,935,2985
1091705,3,6,3,1,4,1,1,5,1,,10917,5,31,1,6,184,2130,2639
1091806,1,4,1,2,,1,1,4,1,,10918,6,31,2,6,179,2087,1839
1091920,1,2,1,1,1,1,1,1,1,,10919,20,14,4,3,77,969,10589
1092004,3,4,1,1,1,1,1,5,1,,10920,4,1,1,3,5,35,1296
1092110,1,3,0,2,,2,,2,1,,10921,10,7,4,6,39,453,3363
1092205,1,3,1,2,,2,,2,1,,10922,5,14,1,3,80,1004,7094
1092302,2,4,1,1,1,1,1,2,1,,10923,2,15,1,5,85,1037,12706
1092404,3,4,2,1,2,1,1,4,1,,10924,4,26,1,1,151,1765,2599
1092505,1,4,1,2,,2,,1,1,,10925,5,24,1,2,139,1621,1407
1092605,4,5,1,1,1,1,1,5,1,,10926,5,11,4,3,57,837,4691
1092701,2,5,2,1,1,1,1,2,1,,10927,1,24,4,2,137,1596,1073
1092805,1,2,1,2,,1,1,2,1,,10928,5,9,1,4,50,688,3766
1092905,2,4,1,2,,1,1,3,1,,10929,5,9,1,4,50,709,3450
1093005,2,3,1,1,1,1,1,1,1,,10930,5,22,3,3,124,1464,6559
1093105,2,5,1,1,1,1,1,3,1,,10931,5,5,1,2,31,377,1814
1093202,1,1,1,2,,1,1,2,1,,10932,2,31,1,6,182,2098,2146
1093302,1,4,1,1,1,1,1,2,1,,10933,2,3,1,1,16,172,639
1093417,2,3,1,2,,1,1,5,1,,10934,17,22,3,3,123,1461,2454
1093505,2,3,1,2,,2,,1,1,,10935,5,9,1,4,49,621,4008
1093603,2,3,1,1,1,1,1,3,1,,10936,3,13,3,5,68,925,5432
1093705,2,3,0,2,,1,1,3,1,,10937,5,15,1,5,84,1025,15426
1093802,1,3,1,1,1,2,,1,1,,10938,2,2,1,1,9,80,3018
1093905,1,4,1,1,1,1,1,2,1,,10939,5,31,1,6,182,2109,1788
1094004,1,3,1,2,,1,1,3,1,,10940,4,16,3,3,88,1108,4784
1094101,6,8,2,1,2,1,1,6,1,,10941,1,11,1,3,58,846,5078
1094208,1,6,2,1,3,1,1,2,1,,10942,8,5,2,2,27,275,1555
1094305,2,2,1,2,,1,1,4,1,,10943,5,4,1,6,23,239,819
1094409,1,2,0,2,,2,,2,1,,10944,9,7,4,6,39,449,4091
1094503,2,3,1,2,,1,2,3,1,,10945,3,19,2,2,106,1277,3200
1094618,3,5,4,2,,1,1,4,1,,10946,18,7,2,6,37,444,3822
1094701,3,5,1,1,1,2,,2,1,,10947,1,5,1,2,29,309,1593
1094801,2,4,2,1,2,1,1,1,1,,10948,1,28,1,2,164,1957,1965
1094904,2,4,1,1,1,1,1,4,1,,10949,4,19,1,2,106,1267,3367
1095007,1,2,1,1,1,1,1,2,1,,10950,7,16,4,3,89,1112,3033
1095101,3,4,2,1,1,1,1,5,1,,10951,1,9,2,4,48,567,4308
1095204,1,1,1,2,,2,,2,1,,10952,4,1,2,3,4,17,1290
1095301,2,4,1,2,,1,1,2,1,,10953,1,31,1,6,184,2132,2516
1095411,2,3,1,1,1,1,1,3,1,,10954,11,2,3,1,7,61,3848
1095503,2,4,1,2,,1,1,1,1,,10955,3,18,1,3,103,1227,1201
1095603,3,9,3,1,2,1,1,2,1,,10956,3,28,1,2,164,1950,2275
1095709,3,4,1,1,1,1,1,4,1,,10957,9,12,3,6,61,878,2843
1095802,2,3,1,2,,1,1,4,1,,10958,2,3,1,1,17,194,622
1095901,2,3,1,2,,1,1,3,1,,10959,1,29,3,5,170,2029,865
1096002,3,4,1,2,,1,1,4,1,,10960,2,9,1,4,49,604,4983
1096103,2,5,1,2,,1,1,2,1,,10961,3,32,1,3,190,2170,1959
1096203,1,3,1,1,1,2,,2,1,,10962,3,14,1,3,78,975,10894
1096303,3,5,2,1,1,1,1,3,1,,10963,3,1,4,3,3,8,1437
1096403,1,2,1,1,1,2,,3,1,,10964,3,30,3,5,175,2054,6294
1096504,2,5,1,1,1,1,1,5,1,,10965,4,8,1,1,44,487,3392
1096602,2,4,0,2,,2,,4,1,,10966,2,13,4,5,70,932,2540
1096704,2,4,0,2,,2,,2,1,,10967,4,13,4,5,70,932,2540
1096808,1,5,0,2,,2,,2,1,,10968,8,27,4,6,154,1815,2566
1096903,4,5,1,1,1,1,1,5,1,,10969,3,11,2,3,58,855,4477
1097005,2,3,1,2,,1,1,2,1,,10970,5,9,1,4,49,623,3934
1097120,2,3,0,2,,2,,4,1,,10971,20,7,4,6,39,448,4578
1097201,3,6,1,1,2,1,1,3,1,,10972,1,14,1,3,78,978,9619
1097302,1,2,1,1,1,1,1,1,1,,10973,2,19,1,2,106,1261,3630
1097418,2,3,1,2,,1,1,4,1,,10974,18,25,2,1,141,1674,2705
1097505,1,4,1,1,2,1,1,3,1,,10975,5,19,1,2,108,1344,3343
1097603,2,3,1,1,1,1,1,4,1,,10976,3,2,1,1,10,101,3178
1097721,1,2,0,2,,2,,4,1,,10977,21,30,4,5,173,2042,4624
1097804,2,5,1,2,,1,1,3,1,,10978,4,14,1,3,80,1010,5804
1097903,2,3,1,2,,1,1,3,1,,10979,3,1,1,3,4,10,1404
1098002,2,5,1,1,1,1,1,3,1,,10980,2,13,3,5,68,928,1288
1098105,3,4,0,2,,1,1,11,1,,10981,5,9,1,4,48,601,1568
1098201,2,3,1,2,,1,1,5,1,,10982,1,15,1,5,85,1047,11613
1098302,3,4,2,1,1,1,1,3,1,,10983,2,1,1,3,5,40,1118
1098411,2,2,1,2,,2,,5,1,,10984,11,25,4,1,143,1680,2209
1098504,1,1,1,2,,2,,3,1,,10985,4,4,4,6,21,225,1029
1098604,1,2,0,1,1,2,,3,1,,10986,4,12,4,6,63,885,2839
1098704,2,3,1,1,1,1,1,4,1,,10987,4,21,1,5,121,1441,3844
1098803,1,2,1,1,1,1,1,1,1,,10988,3,15,1,5,86,1082,9451
1098903,2,4,1,2,,2,,2,1,,10989,3,31,3,6,178,2086,1819
1099001,1,2,0,2,,2,,1,1,,10990,1,20,4,6,111,1379,3848
1099104,1,3,1,1,1,1,1,6,1,,10991,4,4,1,6,22,232,413
1099211,2,3,0,2,,2,,5,1,,10992,11,10,4,1,52,770,1405
1099308,3,4,1,1,1,2,,5,1,,10993,8,10,4,1,52,768,1450
1099403,2,4,1,2,,1,1,2,1,,10994,3,9,1,4,49,629,3784
1099504,1,5,2,1,1,1,1,1,1,,10995,4,25,1,1,146,1725,3652
1099605,2,4,1,2,,1,1,5,1,,10996,5,29,2,5,169,1990,1105
1099717,3,5,3,1,1,1,1,2,1,,10997,17,4,2,6,20,224,779
1099804,1,4,3,1,3,1,1,2,1,,10998,4,9,1,4,50,732,2972
1099912,1,2,1,2,,1,1,5,1,,10999,12,6,2,3,32,392,627
1100003,1,3,1,2,,2,,1,1,,11000,3,4,1,6,24,259,711
1100104,2,2,0,2,,2,,3,1,,11001,4,31,4,6,180,2092,2522
1100208,2,4,1,1,1,2,,4,1,,11002,8,13,4,5,70,931,3702
1100317,2,2,1,2,,1,1,4,1,,11003,17,2,2,1,7,60,4118
1100401,2,3,1,1,1,1,1,1,1,,11004,1,28,1,2,162,1868,1768
1100503,2,4,1,2,,2,,2,1,,11005,3,28,1,2,162,1903,1537
1100604,1,3,1,1,1,1,1,2,1,,11006,4,23,2,6,129,1514,2031
1100705,2,6,2,2,,1,1,5,1,,11007,5,5,1,2,30,326,1688
1100801,2,3,0,2,,2,,8,1,,11008,1,12,4,6,63,884,3037
1100914,1,1,1,2,,2,,2,1,,11009,14,28,3,2,159,1844,2105
1101005,2,3,1,1,1,1,1,4,1,,11010,5,4,4,6,21,229,690
1101102,2,3,1,2,,1,1,5,1,,11011,2,20,3,6,109,1374,2508
1101201,2,2,0,2,,2,,3,1,,11012,1,10,4,1,52,773,1281
1101301,2,3,1,2,,1,1,2,1,,11013,1,26,1,1,151,1784,2039
1101402,1,2,1,1,1,1,1,3,1,,11014,2,28,1,2,162,1903,1537
1101504,2,3,1,1,1,1,1,3,1,,11015,4,26,3,1,147,1735,2939
1101604,1,3,1,2,,1,1,1,1,,11016,4,31,1,6,183,2114,2129
1101708,1,1,0,2,,2,,3,1,,11017,8,4,4,6,21,225,1029
1101802,2,3,1,2,,1,1,3,1,,11018,2,25,1,1,144,1688,2926
1101908,3,4,1,1,1,2,,5,1,,11019,8,32,2,3,185,2141,1249
1102002,1,2,1,2,,1,1,1,1,,11020,2,28,1,2,163,1917,1896
1102105,2,6,1,2,,1,1,2,1,,11021,5,9,1,4,50,679,4295
1102204,1,5,1,1,1,1,1,1,1,,11022,4,9,1,4,50,702,3527
1102318,2,3,0,2,,2,,6,1,,11023,18,7,3,6,37,442,5052
1102404,3,8,2,1,1,1,1,5,1,,11024,4,9,2,4,48,567,4308
1102507,2,4,1,1,1,1,1,1,1,,11025,7,23,4,6,130,1515,1790
1102604,2,5,1,1,1,1,1,5,2,2,11026,4,19,1,2,106,1268,3360
1102704,3,4,1,1,1,1,1,7,1,,11027,4,22,4,3,125,1466,2305
1102802,2,4,1,2,,1,1,3,1,,11028,2,19,1,2,108,1343,3343
1102912,1,3,0,2,,2,,4,1,,11029,12,20,4,6,111,1382,3286
1103016,2,3,1,1,1,2,,5,1,,11030,16,14,4,3,77,969,10589
1103101,3,7,3,1,3,1,1,4,1,,11031,1,24,1,2,140,1658,1419
1103205,2,4,2,2,,1,1,4,1,,11032,5,29,2,5,169,2010,886
1103305,2,3,1,2,,1,1,2,1,,11033,5,10,1,1,54,806,1316
1103404,3,5,1,1,1,1,1,3,1,,11034,4,10,1,1,54,811,1294
1103505,2,3,1,1,1,1,1,3,1,,11035,5,17,3,5,94,1141,4249
1103607,1,2,1,2,,2,,2,1,,11036,7,28,4,2,160,1845,1479
1103704,3,6,1,1,1,1,1,2,1,,11037,4,19,1,2,108,1349,3298
1103801,3,4,1,2,,2,,6,1,,11038,1,29,3,5,165,1963,1595
1103913,1,3,1,2,,2,,1,1,,11039,13,21,2,5,116,1407,6595
1104001,3,6,2,1,2,1,1,4,1,,11040,1,9,1,4,50,722,3217
1104101,2,2,1,2,,1,1,2,1,,11041,1,23,1,6,132,1539,1677
1104201,3,5,1,1,1,1,1,5,1,,11042,1,5,1,2,29,318,1523
1104303,4,5,1,1,2,1,1,9,1,,11043,3,5,1,2,29,292,1711
1104419,2,3,0,2,,2,,3,1,,11044,19,7,4,6,39,448,4578
1104501,3,6,2,1,1,1,1,1,1,,11045,1,1,3,3,2,5,1680
1104605,1,3,1,1,1,1,1,4,1,,11046,5,6,1,3,34,412,707
1104701,1,5,1,1,1,1,1,2,1,,11047,1,28,1,2,164,1956,2005
1104807,1,1,0,2,,1,2,3,1,,11048,7,27,3,6,153,1809,2602
1104903,1,4,1,2,,2,,2,1,,11049,3,27,3,6,153,1811,2396
1105007,1,2,0,2,,2,,2,1,,11050,7,21,3,5,116,1408,6402
1105120,1,2,1,2,,2,,3,1,,11051,20,13,4,5,71,938,2501
1105201,2,3,0,1,1,1,2,5,1,,11052,1,24,4,2,136,1589,1281
1105311,2,3,1,2,,2,,5,1,,11053,11,19,2,2,105,1252,2794
1105405,3,4,0,2,,1,1,4,1,,11054,5,9,4,4,47,557,672
1105503,1,5,1,2,,1,1,2,1,,11055,3,4,1,6,24,260,684
1105605,4,8,2,1,1,1,1,7,1,,11056,5,5,1,2,30,342,1519
1105702,2,3,1,2,,1,1,3,1,,11057,2,23,1,6,133,1568,1491
1105817,2,4,0,2,,2,,2,1,,11058,17,29,4,5,167,1976,500
1105901,2,4,1,2,,1,1,6,1,,11059,1,19,3,2,106,1282,3165
1106003,2,5,1,2,,1,1,1,1,,11060,3,14,1,3,78,982,8224
1106117,2,6,1,1,1,1,1,2,1,,11061,17,26,4,1,149,1741,2121
1106209,2,3,1,1,1,1,1,5,1,,11062,9,25,2,1,141,1674,2705
1106303,2,3,1,1,1,2,,2,1,,11063,3,6,2,3,32,393,610
1106402,3,4,1,2,,1,1,4,1,,11064,2,29,2,5,170,2014,1293
1106520,1,5,1,2,,2,,1,1,,11065,20,4,4,6,21,227,882
1106602,2,3,1,2,,1,2,1,1,,11066,2,6,1,3,35,419,817
1106701,4,7,3,1,2,1,1,5,1,,11067,1,14,1,3,78,981,8739
1106814,2,4,1,2,,1,2,2,1,,11068,14,13,3,5,68,928,1288
1106902,2,3,1,1,2,1,1,4,1,,11069,2,2,1,1,11,122,3361
1107004,3,4,1,2,,1,1,4,1,,11070,4,23,1,6,132,1532,1887
1107119,3,4,1,2,,1,1,1,1,,11071,19,6,2,3,32,393,610
1107204,2,3,1,1,1,1,1,1,1,,11072,4,5,1,2,30,334,1560
1107301,2,4,1,2,,1,1,4,1,,11073,1,28,1,2,162,1879,1697
1107403,2,4,1,1,1,1,1,4,1,,11074,3,27,1,6,158,1840,3571
1107503,3,5,1,2,,2,,5,1,,11075,3,27,4,6,155,1819,1628
1107612,3,5,1,2,,1,1,5,1,,11076,12,4,3,6,19,221,707
1107704,3,4,1,1,1,1,1,3,1,,11077,4,10,1,1,55,827,1261
1107804,1,4,1,2,,1,1,1,1,,11078,4,21,1,5,122,1459,760
1107905,1,3,1,2,,2,,2,1,,11079,5,19,1,2,106,1265,3434
1108013,1,2,1,2,,2,,5,1,,11080,13,12,4,6,63,884,3037
1108102,2,3,1,2,,1,1,4,1,,11081,2,8,1,1,44,510,2594
1108201,1,1,1,2,,1,1,1,1,,11082,1,12,1,6,65,903,2357
1108301,1,3,1,2,,1,1,1,1,,11083,1,19,1,2,106,1261,3630
1108404,1,4,1,1,2,1,1,2,1,,11084,4,2,1,1,11,129,2991
1108512,2,4,1,1,2,1,1,3,1,,11085,12,3,2,1,13,147,488
1108604,1,1,1,1,1,1,2,1,1,,11086,4,3,1,1,17,181,724
1108703,2,4,1,2,,1,1,4,1,,11087,3,29,2,5,169,2012,673
1108802,1,1,0,2,,2,,2,1,,11088,2,17,3,5,94,1145,3653
1108903,3,4,2,2,,1,1,6,1,,11089,3,3,1,1,16,166,691
1109003,3,4,1,1,2,1,1,4,1,,11090,3,32,1,3,190,2168,2275
1109112,2,3,0,2,,2,,1,1,,11091,12,7,3,6,38,446,6693
1109205,2,3,1,2,,1,1,2,1,,11092,5,17,1,5,99,1208,1238
1109305,3,5,3,1,5,1,1,4,1,,11093,5,15,1,5,85,1042,12302
1109405,1,1,1,2,,2,,1,1,,11094,5,30,1,5,176,2069,6493
1109503,3,4,1,2,,2,,4,1,,11095,3,30,1,5,175,2057,5683
1109608,1,2,0,2,,1,1,3,1,,11096,8,13,4,5,70,933,2426
1109703,3,4,1,1,1,1,1,6,1,,11097,3,19,2,2,105,1254,2584
1109803,4,7,2,1,1,1,1,5,2,2,11098,3,21,1,5,121,1443,3700
1109916,1,2,0,2,,2,,1,1,,11099,16,16,4,3,89,1113,3018
1110001,2,4,2,1,1,1,1,4,1,,11100,1,5,1,2,29,292,1711
1110102,2,6,1,2,,1,1,3,1,,11101,2,9,1,4,49,605,4730
1110207,2,2,0,2,,1,1,9,1,,11102,7,17,2,5,94,1150,835
1110301,2,3,1,2,,2,,4,1,,11103,1,31,1,6,182,2099,2136
1110418,2,4,1,1,1,1,2,6,1,,11104,18,19,4,2,105,1250,2996
1110509,3,5,1,1,1,1,1,4,1,,11105,9,27,3,6,153,1808,2893
1110602,1,3,0,2,,1,1,2,1,,11106,2,30,4,5,173,2042,4624
1110713,2,4,1,2,,2,,4,1,,11107,13,29,2,5,166,1969,729
1110805,3,4,1,2,,1,1,3,1,,11108,5,19,3,2,107,1315,3121
1110903,3,4,1,1,3,1,1,5,1,,11109,3,28,1,2,163,1944,1660
1111017,1,2,0,2,,2,,1,1,,11110,17,21,4,5,117,1411,4824
1111119,4,5,1,1,2,1,1,4,1,,11111,19,24,4,2,137,1597,1065
1111204,2,2,1,1,1,2,,3,1,,11112,4,28,1,2,162,1877,1713
1111308,3,4,2,2,,1,1,5,1,,11113,8,13,2,5,67,923,1581
1111407,3,5,2,1,2,1,1,4,1,,11114,7,15,3,5,81,1018,5909
1111517,2,3,0,2,,1,2,10,1,,11115,17,21,3,5,115,1405,6115
1111605,4,6,1,1,1,1,1,6,1,,11116,5,32,4,3,187,2148,1543
1111703,1,5,2,1,1,1,1,2,1,,11117,3,5,1,2,29,319,1512
1111801,2,5,2,1,2,1,1,4,1,,11118,1,13,2,5,67,923,1581
1111902,1,1,1,2,,2,,3,1,,11119,2,23,4,6,130,1515,1790
1112003,2,5,1,1,1,1,1,2,1,,11120,3,1,1,3,5,36,1258
1112102,3,5,1,1,2,1,1,2,1,,11121,2,8,1,1,46,543,3376
1112202,2,3,1,1,1,1,1,1,1,,11122,2,8,1,1,44,505,2750
1112301,3,4,2,1,1,1,1,3,1,,11123,1,4,1,6,23,235,931
1112401,1,5,3,1,1,1,1,1,1,,11124,1,31,1,6,184,2126,3246
1112501,1,1,1,1,1,2,,1,1,,11125,1,5,1,2,30,328,1671
1112605,3,5,2,1,3,1,1,8,1,,11126,5,6,1,3,34,407,744
1112704,3,6,1,1,1,1,1,4,1,,11127,4,9,1,4,50,717,3323
1112808,1,4,2,1,1,1,1,2,1,,11128,8,11,3,3,56,830,5624
1112920,1,1,1,1,1,1,1,3,1,,11129,20,18,2,3,100,1209,1651
1113001,2,4,1,2,,1,2,1,1,,11130,1,9,1,4,49,664,2986
1113105,3,4,2,1,1,1,1,6,1,,11131,5,5,4,2,28,278,1371
1113203,3,6,2,1,1,1,1,5,1,,11132,3,2,1,1,11,142,968
1113304,1,2,1,2,,2,,1,1,,11133,4,28,1,2,162,1871,1732
1113403,2,6,2,1,2,1,1,2,1,,11134,3,9,1,4,50,724,3172
1113506,2,3,0,2,,1,1,4,1,,11135,6,20,4,6,111,1382,3286
1113603,2,3,1,2,,1,1,3,1,,11136,3,15,1,5,86,1079,10531
1113712,2,4,1,2,,1,1,5,1,,11137,12,31,2,6,178,2085,2014
1113802,3,14,4,1,7,1,1,4,1,,11138,2,19,1,2,108,1365,3022
1113905,2,4,1,2,,1,1,5,1,,11139,5,17,4,5,95,1153,2025
1114002,2,4,1,1,1,2,,1,1,,11140,2,23,1,6,131,1525,1298
1114117,3,4,1,2,,2,,6,1,,11141,17,8,4,1,43,485,1975
1114217,1,1,1,2,,2,,1,1,,11142,17,5,2,2,26,273,1479
1114305,3,5,1,1,1,1,1,4,1,,11143,5,11,1,3,58,848,4928
1114402,1,2,1,1,1,1,1,2,1,,11144,2,26,1,1,151,1785,2005
1114501,3,4,2,1,1,1,1,1,1,,11145,1,2,1,1,10,113,2846
1114602,1,2,1,2,,1,1,2,1,,11146,2,19,2,2,106,1295,995
1114702,2,2,1,2,,1,1,4,2,2,11147,2,4,1,6,23,238,831
1114803,2,6,2,2,,1,1,2,1,,11148,3,20,3,6,110,1376,4727
1114907,4,6,0,2,,1,1,1,1,,11149,7,30,4,5,173,2041,4774
1115005,1,2,1,1,1,1,1,2,1,,11150,5,32,2,3,186,2142,1673
1115115,1,2,0,2,,1,2,4,1,,11151,15,12,4,6,63,884,3037
1115203,2,4,1,2,,1,1,4,1,,11152,3,1,3,3,1,2,3475
1115301,2,3,1,1,2,1,1,2,1,,11153,1,26,1,1,152,1791,2508
1115408,1,1,0,2,,2,,2,1,,11154,8,30,4,5,173,2042,4624
1115503,1,5,2,2,,2,,5,1,,11155,3,7,1,6,40,458,4557
1115611,1,2,1,2,,2,,4,1,,11156,11,22,3,3,123,1461,2454
1115705,2,4,1,1,1,2,,3,1,,11157,5,8,1,1,46,544,3310
1115811,2,3,1,1,1,1,1,6,1,,11158,11,24,4,2,137,1596,1073
1115906,2,4,1,2,,1,1,5,1,,11159,6,27,4,6,155,1823,414
1116011,3,4,0,2,,2,,2,1,,11160,11,24,3,2,135,1586,1785
1116102,1,1,1,2,,2,,1,1,,11161,2,3,1,1,16,164,742
1116203,4,5,3,1,1,2,,5,1,,11162,3,7,1,6,41,476,4074
1116308,1,2,0,2,,2,,2,1,,11163,8,12,4,6,63,884,3037
1116401,1,2,1,2,,2,,1,1,,11164,1,25,1,1,145,1703,2703
1116512,2,4,1,2,,2,,2,1,,11165,12,25,4,1,143,1681,2188
1116604,2,3,1,2,,1,1,6,1,,11166,4,28,1,2,161,1850,2147
1116702,2,3,1,1,1,1,2,3,1,,11167,2,23,1,6,132,1551,1406
1116802,2,4,1,1,2,1,1,3,1,,11168,2,3,1,1,18,209,732
1116920,3,6,1,2,,1,1,8,1,,11169,20,32,4,3,187,2149,1504
1117016,2,3,1,2,,2,,1,1,,11170,16,15,3,5,81,1017,6441
1117120,3,4,1,2,,2,,7,1,,11171,20,28,3,2,159,1844,2105
1117202,3,4,0,2,,2,,3,1,,11172,2,4,4,6,21,226,887
1117302,3,4,1,1,1,1,1,5,1,,11173,2,16,1,3,92,1132,4321
1117401,1,2,1,2,,1,1,1,1,,11174,1,12,1,6,66,912,3136
1117502,2,4,1,2,,1,1,4,1,,11175,2,22,2,3,127,1489,1887
1117602,1,2,1,2,,2,,1,1,,11176,2,5,1,2,30,332,1626
1117707,1,3,0,2,,2,,2,1,,11177,7,24,4,2,136,1591,1218
1117801,1,5,1,1,1,1,1,1,1,,11178,1,9,1,4,49,636,3624
1117902,4,8,1,1,2,1,1,4,1,,11179,2,9,1,4,50,712,3409
1118003,3,4,0,2,,1,1,3,1,,11180,3,30,4,5,173,2041,4774
1118107,3,5,0,1,1,1,1,6,1,,11181,7,27,4,6,154,1817,2285
1118215,1,2,0,2,,2,,1,1,,11182,15,21,3,5,115,1404,6225
1118319,1,1,1,2,,2,,1,1,,11183,19,27,4,6,155,1818,1651
1118403,2,5,1,1,1,1,1,4,1,,11184,3,32,1,3,189,2155,1378
1118509,2,6,0,2,,1,1,3,1,,11185,9,12,2,6,62,881,1964
1118604,3,6,1,1,2,1,1,6,1,,11186,4,5,1,2,30,363,1343
1118703,2,5,1,1,1,1,1,3,1,,11187,3,23,1,6,133,1567,1668
1118802,3,4,2,2,,1,1,2,1,,11188,2,22,1,3,127,1494,1700
1118914,2,4,1,2,,1,2,2,1,,11189,14,30,4,5,174,2048,4995
1119004,3,4,2,1,1,1,1,3,1,,11190,4,13,4,5,71,936,2779
1119104,2,4,1,1,1,1,1,3,1,,11191,4,20,2,6,110,1375,5038
1119204,1,1,0,2,,2,,1,1,,11192,4,21,2,5,120,1428,4206
1119302,3,5,3,1,1,1,1,3,1,,11193,2,19,1,2,108,1333,3252
1119407,1,4,1,1,2,1,1,2,1,,11194,7,26,2,1,147,1737,2630
1119520,2,3,2,1,1,1,1,2,1,,11195,20,18,2,3,100,1212,1495
1119601,3,5,0,2,,1,1,2,1,,11196,1,30,4,5,173,2041,4774
1119702,3,4,1,2,,2,,5,1,,11197,2,7,4,6,39,455,3338
1119806,2,2,1,2,,1,2,1,1,,11198,6,26,4,1,149,1742,1939
1119905,1,3,1,2,,2,,1,1,,11199,5,8,1,1,44,508,2710
1120003,2,5,1,1,2,1,1,2,1,,11200,3,8,4,1,43,483,2387
1120113,1,2,0,2,,1,1,3,1,,11201,13,4,4,6,21,226,887
1120218,2,3,1,2,,2,,4,1,,11202,18,4,4,6,21,226,887
1120318,2,4,1,1,1,2,,7,1,,11203,18,20,4,6,111,1384,3206
1120401,1,3,0,2,,2,,1,1,,11204,1,29,2,5,168,1977,1561
1120503,3,4,1,2,,1,1,5,1,,11205,3,31,1,6,183,2114,2129
1120605,1,1,1,2,,2,,1,1,,11206,5,6,1,3,34,410,730
1120705,2,5,1,2,,1,2,5,1,,11207,5,24,4,2,136,1592,1094
1120802,2,3,1,1,1,1,1,4,1,,11208,2,20,3,6,113,1394,3011
1120905,2,3,1,2,,2,,3,1,,11209,5,28,1,2,162,1886,1656
1121015,2,2,0,1,1,2,,1,1,,11210,15,4,3,6,20,223,797
1121117,2,3,0,2,,2,,1,1,,11211,17,28,4,2,160,1848,1343
1121204,3,6,2,1,2,1,1,4,1,,11212,4,27,3,6,156,1827,1986
1121318,2,2,0,2,,2,,2,1,,11213,18,20,3,6,109,1373,2841
1121403,1,2,0,2,,2,,1,1,,11214,3,10,1,1,53,778,1314
1121504,2,3,0,2,,1,1,8,2,2,11215,4,21,1,5,120,1422,5722
1121620,1,2,1,2,,2,,2,1,,11216,20,32,3,3,185,2140,1353
1121703,1,3,1,1,1,2,,3,1,,11217,3,12,3,6,61,877,2869
1121801,3,5,1,1,2,1,1,6,1,,11218,1,15,1,5,86,1080,10183
1121904,2,2,1,2,,2,,6,1,,11219,4,8,4,1,43,485,1975
1122012,2,5,1,1,1,1,1,3,1,,11220,12,25,3,1,141,1673,2778
1122105,3,4,0,2,,2,,6,1,,11221,5,15,4,5,83,1022,25014
1122218,1,2,0,1,1,2,,2,1,,11222,18,17,2,5,94,1151,717
1122306,3,5,1,1,1,1,1,7,1,,11223,6,1,2,3,2,6,392
1122411,1,2,0,1,1,2,,5,1,,11224,11,12,4,6,63,887,2678
1122505,2,3,1,2,,2,,4,1,,11225,5,29,3,5,169,1993,1100
1122602,2,4,1,1,2,1,1,4,1,,11226,2,8,1,1,44,495,2970
1122705,2,3,1,1,1,2,,5,1,,11227,5,14,3,3,75,965,3506
1122804,2,4,2,1,2,1,1,4,1,,11228,4,28,1,2,164,1962,1817
1122903,1,2,1,2,,1,1,2,1,,11229,3,18,2,3,103,1229,1153
1123005,3,5,1,2,,1,1,4,1,,11230,5,28,1,2,163,1926,1768
1123114,1,9,1,1,1,2,,1,1,,11231,14,16,4,3,90,1117,3299
1123203,2,3,2,1,1,1,1,3,1,,11232,3,3,1,1,16,175,618
1123302,3,4,1,2,,1,1,3,1,,11233,2,9,1,4,49,658,3100
1123405,2,3,1,1,1,1,2,3,1,,11234,5,3,1,1,15,157,626
1123509,1,3,1,1,1,2,,4,1,,11235,9,20,4,6,112,1386,3430
1123616,2,3,1,1,1,1,1,4,1,,11236,16,13,2,5,68,927,1392
1123707,2,4,1,1,2,2,,2,1,,11237,7,19,3,2,105,1255,1919
1123802,1,4,1,2,,2,,1,1,,11238,2,21,1,5,121,1439,4377
1123904,1,4,1,1,1,2,,3,1,,11239,4,11,1,3,58,852,4705
1124004,1,3,1,1,1,1,1,3,1,,11240,4,25,1,1,146,1723,3771
1124101,1,2,1,2,,1,2,9,1,,11241,1,6,1,3,34,409,731
1124205,1,3,1,2,,2,,3,1,,11242,5,16,3,3,88,1111,4301
1124303,2,5,2,2,,1,1,3,1,,11243,3,9,1,4,48,602,1454
1124401,2,3,1,2,,1,1,3,1,,11244,1,28,1,2,162,1910,1211
1124518,2,4,1,1,1,1,1,5,1,,11245,18,25,4,1,143,1682,2124
1124602,3,6,2,1,2,1,1,3,1,,11246,2,8,1,1,46,545,3255
1124714,2,2,1,2,,1,1,4,1,,11247,14,20,3,6,110,1376,4727
1124801,2,3,1,1,1,1,1,4,1,,11248,1,26,1,1,150,1761,2403
1124902,3,4,1,1,1,1,1,5,1,,11249,2,18,1,3,103,1225,1267
1125004,1,2,1,2,,1,1,4,1,,11250,4,4,1,6,23,250,380
1125111,1,6,1,1,1,2,,1,1,,11251,11,16,4,3,90,1115,3760
1125201,1,4,1,1,1,1,1,1,1,,11252,1,5,1,2,31,380,1789
1125304,2,3,1,2,,2,,4,1,,11253,4,18,2,3,100,1212,1495
1125405,3,5,1,2,,1,1,2,1,,11254,5,24,3,2,135,1586,1785
1125505,2,2,1,2,,1,1,4,1,,11255,5,2,1,1,9,87,2716
1125605,1,4,2,1,1,1,1,1,1,,11256,5,12,1,6,65,906,1434
1125704,1,3,1,1,1,1,1,3,1,,11257,4,20,1,6,114,1399,3340
1125805,4,5,0,2,,1,1,5,1,,11258,5,21,2,5,120,1428,4206
1125917,2,3,1,1,1,2,,1,1,,11259,17,20,4,6,111,1383,3212
1126010,3,4,0,2,,2,,4,1,,11260,10,30,4,5,173,2039,5218
1126102,2,4,1,1,2,1,1,3,1,,11261,2,19,1,2,107,1304,3237
1126201,1,2,0,2,,1,2,3,1,,11262,1,21,1,5,120,1425,5082
1126305,2,4,1,1,2,1,1,3,1,,11263,5,28,1,2,162,1902,1538
1126405,3,6,1,2,,1,1,6,1,,11264,5,24,1,2,139,1646,1169
1126502,2,3,2,1,2,1,1,3,1,,11265,2,18,1,3,104,1242,1019
1126610,2,4,1,2,,1,2,3,1,,11266,10,32,4,3,187,2146,1688
1126703,2,3,1,2,,2,,6,1,,11267,3,29,4,5,167,1974,661
1126803,3,6,2,1,1,1,2,4,1,,11268,3,24,1,2,140,1652,1651
1126903,2,7,1,1,1,1,2,2,1,,11269,3,21,4,5,117,1413,3844
1127010,2,2,1,2,,2,,3,1,,11270,10,12,2,6,62,881,1964
1127103,2,3,1,2,,1,1,7,1,,11271,3,26,1,1,150,1746,2719
1127202,3,4,1,1,1,1,1,4,1,,11272,2,11,1,3,59,863,5357
1127303,1,4,1,1,1,1,1,2,1,,11273,3,9,1,4,50,739,2800
1127401,1,1,1,2,,1,2,1,1,,11274,1,6,1,3,34,411,728
1127504,1,2,1,2,,2,,1,1,,11275,4,28,1,2,162,1853,2088
1127616,2,4,2,1,1,1,1,3,1,,11276,16,27,4,6,155,1818,1651
1127709,1,1,1,2,,2,,1,1,,11277,9,20,2,6,110,1377,3890
1127802,2,3,1,1,1,1,1,4,1,,11278,2,15,1,5,85,1031,13767
1127904,4,5,2,1,4,1,1,2,1,,11279,4,3,3,1,12,144,592
1128004,3,4,2,1,1,1,1,5,1,,11280,4,11,1,3,58,850,4776
1128101,3,6,2,1,2,1,1,2,1,,11281,1,28,1,2,163,1916,1926
1128207,1,4,2,2,,1,1,2,1,,11282,7,27,4,6,155,1820,1502
1128311,1,2,0,2,,2,,6,1,,11283,11,4,4,6,21,227,882
1128401,3,5,3,1,4,1,1,5,1,,11284,1,19,1,2,108,1355,3220
1128502,1,1,0,2,,1,2,5,1,,11285,2,18,4,3,101,1219,985
1128602,2,4,2,1,2,1,1,3,1,,11286,2,8,1,1,46,549,3082
1128705,2,3,2,1,1,1,1,4,1,,11287,5,20,3,6,110,1376,4727
1128804,3,5,1,1,1,1,1,3,1,,11288,4,29,4,5,169,1985,1170
1128910,1,1,1,2,,2,,5,1,,11289,10,15,3,5,81,1017,6441
1129003,2,5,4,2,,1,1,3,1,,11290,3,23,1,6,132,1531,1998
1129119,2,4,1,2,,1,1,3,1,,11291,19,30,4,5,174,2045,5770
1129209,1,7,2,2,,1,1,4,1,,11292,9,16,2,3,88,1109,4626
1129319,1,2,0,2,,2,,2,1,,11293,19,7,4,6,39,454,3356
1129405,3,5,1,1,1,1,1,3,1,,11294,5,24,1,2,139,1643,1214
1129501,3,5,2,2,,2,,2,1,,11295,1,22,1,3,128,1510,1981
1129603,3,4,1,2,,1,1,3,1,,11296,3,19,1,2,106,1274,3242
1129705,2,4,3,1,2,1,1,3,1,,11297,5,10,1,1,55,827,1261
1129819,2,3,0,1,1,1,1,2,1,,11298,19,13,4,5,71,939,2376
1129903,2,4,1,1,1,2,,1,1,,11299,3,3,1,1,17,184,703
1130005,1,4,1,1,1,1,1,2,1,,11300,5,30,2,5,172,2035,8713
1130105,2,3,1,1,1,1,1,5,1,,11301,5,25,1,1,144,1684,4596
1130203,2,4,1,2,,2,,3,1,,11302,3,28,1,2,163,1941,1704
1130318,1,6,2,2,,2,,1,1,,11303,18,18,3,3,100,1210,1538
1130414,3,3,1,1,1,1,1,1,1,,11304,14,16,3,3,88,1111,4301
1130517,2,4,1,1,1,2,,5,1,,11305,17,27,4,6,155,1822,916
1130601,2,3,1,1,1,1,1,5,1,,11306,1,28,1,2,162,1874,1727
1130702,1,2,0,2,,2,,2,1,,11307,2,20,4,6,111,1378,4169
1130803,1,1,1,1,1,1,1,3,1,,11308,3,23,4,6,130,1516,1778
1130902,5,8,1,1,1,1,1,5,1,,11309,2,14,2,3,79,997,6613
1131001,1,2,1,1,1,2,,3,1,,11310,1,15,1,5,85,1044,11976
1131102,1,2,1,1,2,1,2,4,1,,11311,2,19,1,2,107,1325,3020
1131219,2,3,1,1,1,1,2,6,1,,11312,19,5,4,2,28,277,1380
1131314,4,7,2,1,1,1,1,5,1,,11313,14,10,4,1,52,768,1450
1131402,2,2,1,1,1,2,,3,1,,11314,2,26,1,1,150,1758,2454
1131518,1,2,0,2,,2,,3,1,,11315,18,4,4,6,21,225,1029
1131605,2,5,1,2,,1,1,2,1,,11316,5,9,1,4,49,612,4271
1131704,2,3,1,1,2,1,1,5,1,,11317,4,25,1,1,145,1712,2503
1131805,1,4,1,1,1,1,1,2,1,,11318,5,9,1,4,50,727,3076
1131905,2,3,1,1,1,1,1,6,1,,11319,5,22,3,3,127,1491,1834
1132020,3,7,1,1,1,1,1,4,1,,11320,20,13,2,5,68,927,1392
1132103,1,3,1,2,,2,,4,1,,11321,3,15,1,5,85,1029,15501
1132203,5,7,2,2,,1,1,9,1,,11322,3,22,3,3,123,1460,9149
1132319,3,3,1,1,1,1,1,3,1,,11323,19,8,2,1,42,480,3631
1132417,4,6,1,2,,1,1,4,1,,11324,17,16,4,3,89,1112,3033
1132502,3,4,1,2,,1,1,5,1,,11325,2,21,3,5,116,1408,6402
1132607,1,1,0,2,,2,,1,1,,11326,7,27,3,6,153,1813,2357
1132702,3,4,1,2,,1,1,6,1,,11327,2,1,1,3,4,12,1381
1132801,2,4,1,1,1,1,1,3,1,,11328,1,32,4,3,187,2148,1543
1132905,2,3,1,2,,2,,4,1,,11329,5,23,1,6,132,1547,1533
1133011,1,2,1,1,1,2,,2,1,,11330,11,3,2,1,12,143,609
1133101,3,6,1,1,4,1,1,4,1,,11331,1,2,1,1,9,65,3558
1133210,3,5,2,1,1,1,1,4,1,,11332,10,1,4,3,3,8,1437
1133301,1,2,0,2,,1,1,1,1,,11333,1,17,2,5,97,1166,1711
1133404,1,3,2,1,1,1,1,2,1,,11334,4,18,4,3,101,1218,1072
1133511,2,2,1,2,,2,,3,1,,11335,11,7,3,6,37,442,5052
1133604,1,2,1,2,,2,,4,1,,11336,4,23,2,6,129,1513,2829
1133718,1,1,0,2,,2,,1,1,,11337,18,16,3,3,88,1111,4301
1133805,3,6,1,2,,1,1,1,1,,11338,5,19,1,2,107,1304,3237
1133918,2,6,2,1,2,1,1,4,1,,11339,18,21,4,5,118,1414,5277
1134019,2,5,1,2,,1,1,3,1,,11340,19,18,4,3,101,1216,1115
1134106,3,5,1,2,,2,,8,1,,11341,6,7,4,6,39,450,4023
1134202,3,5,2,2,,1,1,2,1,,11342,2,1,1,3,5,44,882
1134302,1,2,1,1,1,1,1,2,1,,11343,2,8,1,1,45,532,2963
1134411,3,4,1,1,1,1,1,6,1,,11344,11,32,4,3,187,2149,1504
1134501,2,4,1,2,,2,,2,1,,11345,1,10,2,1,55,825,1318
1134607,2,6,1,1,1,1,1,2,1,,11346,7,13,3,5,68,928,1288
1134702,2,5,1,1,1,1,1,2,1,,11347,2,1,1,3,5,42,1088
1134801,2,3,1,1,2,1,1,3,1,,11348,1,5,1,2,29,314,1567
1134905,2,4,1,1,1,1,1,4,1,,11349,5,9,1,4,49,640,3566
1135002,2,4,1,2,,1,1,4,1,,11350,2,31,1,6,183,2117,2111
1135105,2,4,2,1,1,1,1,5,1,,11351,5,19,1,2,106,1278,3197
1135201,2,5,1,2,,1,1,2,1,,11352,1,14,1,3,79,987,9142
1135317,3,4,0,2,,1,1,3,1,,11353,17,7,4,6,39,452,3699
1135404,1,2,1,2,,2,,2,1,,11354,4,17,2,5,94,1143,3861
1135501,1,2,1,1,1,2,,2,1,,11355,1,28,1,2,162,1898,1567
1135603,2,3,1,2,,1,1,4,1,,11356,3,14,1,3,78,983,8197
1135704,2,2,0,2,,2,,5,1,,11357,4,23,4,6,130,1516,1778
1135806,1,2,1,2,,1,1,4,1,,11358,6,26,2,1,148,1739,2513
1135902,2,5,1,1,2,1,1,4,1,,11359,2,23,1,6,131,1517,1769
1136004,3,5,2,1,1,1,1,2,1,,11360,4,5,1,2,30,327,1676
1136101,4,4,3,1,2,1,1,4,1,,11361,1,9,1,4,48,597,2967
1136215,2,4,1,1,1,1,1,4,1,,11362,15,11,2,3,56,833,4741
1136301,3,7,4,1,1,1,1,5,1,,11363,1,20,2,6,113,1397,2146
1136405,2,5,2,2,,1,1,2,1,,11364,5,5,1,2,30,362,1346
1136502,3,5,2,1,1,1,1,3,1,,11365,2,23,1,6,134,1575,1775
1136601,2,5,1,1,1,1,1,2,1,,11366,1,7,1,6,40,469,3401
1136715,2,5,2,2,,1,1,3,1,,11367,15,21,3,5,116,1406,6756
1136805,2,3,1,1,1,1,1,3,1,,11368,5,9,1,4,49,657,3118
1136902,3,4,2,1,2,1,1,5,1,,11369,2,26,1,1,150,1750,2617
1137005,2,3,1,2,,1,1,4,1,,11370,5,18,1,3,103,1239,952
1137104,2,5,1,1,1,1,1,3,1,,11371,4,5,1,2,29,290,1726
1137203,6,7,2,1,1,1,1,8,1,,11372,3,15,1,5,85,1030,15076
1137302,2,5,1,2,,1,1,8,2,2,11373,2,5,1,2,29,307,1598
1137401,2,3,1,1,1,1,1,3,1,,11374,1,29,3,5,169,1996,1076
1137504,2,4,2,1,1,2,,5,2,2,11375,4,19,1,2,106,1290,2978
1137601,4,7,1,2,,2,,6,1,,11376,1,29,3,5,169,1987,1155
1137705,3,3,1,1,1,1,1,1,1,,11377,5,11,1,3,58,846,5078
1137803,3,4,2,2,,1,1,3,1,,11378,3,17,1,5,97,1172,1505
1137904,4,6,1,1,2,1,1,5,1,,11379,4,24,1,2,139,1627,1341
1138002,2,6,1,2,,1,1,5,1,,11380,2,24,1,2,139,1620,1454
1138102,2,5,2,1,3,1,1,4,1,,11381,2,3,1,1,17,181,724
1138203,2,4,1,1,1,1,1,3,1,,11382,3,8,1,1,46,544,3310
1138301,3,4,1,1,1,1,1,4,1,,11383,1,19,1,2,106,1270,3319
1138411,1,2,0,2,,2,,1,1,,11384,11,29,4,5,167,1975,636
1138511,3,5,2,1,1,1,1,1,1,,11385,11,31,3,6,179,2089,1807
1138609,2,3,1,1,1,1,1,4,1,,11386,9,30,3,5,172,2038,7808
1138703,3,4,1,1,1,1,1,3,1,,11387,3,24,3,2,135,1584,1829
1138804,2,3,1,1,1,2,,4,1,,11388,4,3,1,1,15,155,690
1138902,2,4,1,2,,2,,6,1,,11389,2,4,4,6,21,229,690
1139020,3,4,1,2,,1,1,4,1,,11390,20,7,4,6,39,454,3356
1139104,3,5,1,1,1,1,1,8,1,,11391,4,5,3,2,26,272,1902
1139202,1,3,0,2,,1,1,3,1,,11392,2,29,2,5,169,2003,1004
1139305,2,3,1,1,1,1,1,2,1,,11393,5,17,2,5,97,1174,1500
1139410,3,4,0,2,,2,,5,1,,11394,10,20,4,6,111,1378,4169
1139502,2,3,1,1,1,1,1,3,1,,11395,2,5,1,2,29,306,1608
1139606,3,4,1,2,,2,,4,1,,11396,6,5,4,2,28,279,1313
1139712,5,6,0,1,1,2,,8,1,,11397,12,20,4,6,111,1383,3212
1139804,3,4,1,1,1,1,1,6,1,,11398,4,32,4,3,187,2145,1691
1139907,2,2,1,2,,1,1,3,1,,11399,7,30,2,5,172,2036,7817
1140002,2,4,1,2,,1,1,3,1,,11400,2,12,1,6,65,899,2951
1140105,2,3,1,1,1,1,1,3,1,,11401,5,10,2,1,54,814,1273
1140202,2,4,1,2,,1,1,5,1,,11402,2,15,3,5,81,1015,19018
1140314,1,1,0,2,,2,,1,1,,11403,14,4,4,6,21,226,887
1140405,3,3,2,1,1,1,1,3,1,,11404,5,23,1,6,132,1534,1839
1140504,2,3,1,1,1,1,1,3,1,,11405,4,12,4,6,63,882,3147
1140605,1,3,1,2,,2,,2,1,,11406,5,6,1,3,35,421,807
1140704,3,5,1,1,1,1,1,4,1,,11407,4,9,1,4,50,728,3027
1140810,2,4,1,2,,2,,2,1,,11408,10,27,3,6,153,1813,2357
1140906,2,3,0,1,1,2,,4,1,,11409,6,25,4,1,143,1683,811
1141004,2,3,1,1,1,1,1,7,2,2,11410,4,17,1,5,98,1196,1206
1141113,2,2,0,2,,1,1,7,1,,11411,13,12,2,6,62,881,1964
1141203,1,3,1,1,1,1,1,1,1,,11412,3,2,1,1,9,68,3501
1141303,1,3,1,1,1,1,1,1,1,,11413,3,25,1,1,146,1725,3652
1141401,2,5,1,2,,2,,2,1,,11414,1,1,1,3,5,38,1166
1141503,2,4,1,2,,1,1,4,1,,11415,3,17,2,5,94,1151,717
1141604,2,3,1,2,,2,,5,1,,11416,4,19,2,2,106,1295,995
1141705,1,1,1,2,,1,1,2,1,,11417,5,30,1,5,176,2076,5579
1141805,4,5,1,1,1,1,1,4,1,,11418,5,20,2,6,113,1392,3160
1141906,2,2,1,1,1,1,1,4,1,,11419,6,18,4,3,101,1216,1115
1142005,1,3,1,2,,2,,1,1,,11420,5,29,3,5,169,1980,1299
1142101,3,4,1,1,1,1,1,3,1,,11421,1,6,1,3,36,439,646
1142206,2,3,0,2,,2,,8,1,,11422,6,7,4,6,39,452,3699
1142303,3,6,1,1,3,1,1,5,1,,11423,3,8,2,1,42,480,3631
1142405,3,5,1,2,,1,1,5,1,,11424,5,13,3,5,73,947,2917
1142502,2,2,1,2,,2,,2,1,,11425,2,28,1,2,162,1898,1567
1142603,2,3,1,2,,1,1,7,1,,11426,3,4,1,6,23,240,801
1142704,1,1,0,2,,1,1,3,1,,11427,4,12,1,6,66,912,3136
1142807,3,5,2,1,1,1,2,6,1,,11428,7,21,4,5,117,1413,3844
1142902,3,4,1,1,1,1,1,5,1,,11429,2,17,2,5,98,1186,1470
1143002,3,4,1,1,1,1,1,4,1,,11430,2,16,1,3,92,1133,4201
1143102,1,2,1,1,1,2,,2,1,,11431,2,3,1,1,16,163,791
1143205,1,3,1,2,,1,1,5,1,,11432,5,15,1,5,85,1048,11534
1143315,1,2,1,2,,2,,1,1,,11433,15,12,3,6,62,880,3244
1143404,1,3,1,1,1,2,,1,1,,11434,4,29,2,5,169,2002,1015
1143504,1,2,1,1,1,1,1,2,1,,11435,4,23,4,6,130,1515,1790
1143604,3,4,1,1,2,1,1,4,1,,11436,4,28,1,2,163,1935,1727
1143715,2,2,1,2,,1,1,4,1,,11437,15,18,2,3,100,1209,1651
1143820,2,3,1,2,,2,,4,1,,11438,20,16,4,3,89,1113,3018
1143907,3,4,3,2,,1,1,8,1,,11439,7,14,2,3,75,966,3387
1144018,1,2,1,2,,2,,1,1,,11440,18,5,4,2,28,279,1313
1144104,2,5,2,1,1,1,1,4,2,2,11441,4,19,1,2,108,1352,3249
1144201,3,3,2,1,2,1,1,4,1,,11442,1,18,1,3,103,1234,1068
1144301,2,2,1,2,,1,1,3,1,,11443,1,4,1,6,23,242,779
1144402,2,3,1,1,1,1,1,2,1,,11444,2,22,3,3,124,1464,6559
1144503,3,5,2,1,2,1,1,3,1,,11445,3,16,1,3,93,1139,4168
1144602,1,3,0,2,,2,,4,1,,11446,2,29,2,5,169,1982,1228
1144701,3,8,1,1,2,1,1,4,1,,11447,1,28,1,2,162,1902,1538
1144819,1,4,1,1,1,1,1,2,1,,11448,19,27,4,6,155,1823,414
1144901,2,4,1,1,2,1,1,6,1,,11449,1,14,3,3,75,962,15240
1145001,2,2,1,2,,2,,6,1,,11450,1,4,1,6,24,254,833
1145102,2,2,1,2,,2,,7,1,,11451,2,28,1,2,163,1913,2036
1145203,1,6,2,1,1,1,1,2,1,,11452,3,9,1,4,50,734,2939
1145302,2,6,1,2,,1,1,2,1,,11453,2,17,1,5,97,1175,1472
1145405,3,4,2,1,1,1,1,3,1,,11454,5,24,1,2,139,1637,1272
1145504,3,4,1,1,1,1,1,2,1,,11455,4,9,1,4,48,578,3996
1145616,2,3,1,2,,1,2,6,1,,11456,16,11,4,3,57,836,4721
1145705,4,7,1,1,3,1,1,5,1,,11457,5,26,2,1,148,1739,2513
1145810,3,5,1,1,2,1,1,3,1,,11458,10,8,4,1,43,483,2387
1145904,2,9,3,1,1,1,1,4,1,,11459,4,26,1,1,152,1797,2217
1146006,2,6,1,1,2,1,1,5,1,,11460,6,19,3,2,105,1255,1919
1146115,1,1,1,2,,1,2,1,1,,11461,15,6,4,3,33,394,835
1146217,3,5,0,2,,2,,5,1,,11462,17,30,4,5,173,2043,4521
1146319,3,4,2,1,1,1,1,5,1,,11463,19,27,3,6,153,1808,2893
1146402,2,2,1,2,,1,1,4,1,,11464,2,2,1,1,9,95,1551
1146505,2,4,1,1,2,1,1,5,1,,11465,5,5,1,2,31,370,1942
1146604,2,6,2,2,,1,1,1,1,,11466,4,14,3,3,75,964,4181
1146702,4,9,1,1,1,2,,5,1,,11467,2,29,4,5,167,1973,2789
1146804,2,3,1,2,,1,1,2,1,,11468,4,10,1,1,53,782,1294
1146901,2,4,1,2,,2,,2,1,,11469,1,28,1,2,163,1945,1648
1147004,1,2,1,1,1,1,1,2,1,,11470,4,6,1,3,35,425,770
1147101,2,3,1,1,1,1,1,4,1,,11471,1,25,1,1,144,1696,2404
1147203,3,6,1,1,2,1,1,4,1,,11472,3,17,1,5,97,1169,1663
1147303,3,4,2,1,1,1,1,1,1,,11473,3,18,1,3,104,1242,1019
1147405,3,4,1,1,1,1,1,4,1,,11474,5,28,3,2,159,1842,2431
1147503,2,3,1,2,,1,1,3,1,,11475,3,21,1,5,120,1427,4872
1147603,1,1,1,2,,1,1,1,1,,11476,3,9,1,4,49,613,4248
1147704,2,2,1,2,,2,,7,1,,11477,4,5,1,2,29,301,1649
1147809,2,4,1,2,,2,,4,1,,11478,9,29,2,5,166,1972,586
1147903,2,4,2,1,1,1,1,3,1,,11479,3,14,1,3,78,978,9619
1148004,2,3,1,2,,1,1,2,1,,11480,4,23,1,6,132,1536,1748
1148101,2,2,1,1,1,1,1,5,1,,11481,1,3,1,1,15,159,480
1148209,1,3,1,1,1,1,1,2,1,,11482,9,18,2,3,100,1212,1495
1148305,1,2,1,2,,1,1,5,1,,11483,5,3,1,1,17,190,665
1148405,1,3,1,2,,2,,1,1,,11484,5,22,1,3,126,1469,2385
1148504,3,3,1,2,,2,,1,1,,11485,4,4,1,6,23,243,770
1148603,1,1,1,1,1,1,1,2,1,,11486,3,12,2,6,62,879,3249
1148705,2,3,1,2,,1,1,2,1,,11487,5,3,1,1,17,192,642
1148801,3,5,2,1,1,1,1,1,1,,11488,1,18,1,3,103,1236,1037
1148905,2,3,1,1,1,1,1,2,1,,11489,5,1,2,3,4,13,1363
1149003,1,3,1,1,1,1,1,3,1,,11490,3,19,1,2,107,1297,3504
1149101,2,3,1,2,,1,1,4,1,,11491,1,17,1,5,99,1204,1561
1149204,2,4,1,2,,1,1,2,1,,11492,4,5,1,2,30,326,1688
1149302,3,6,2,1,2,1,1,5,1,,11493,2,15,1,5,86,1074,12314
1149409,2,2,1,2,,2,,1,1,,11494,9,31,3,6,178,2086,1819
1149511,1,3,0,1,1,2,,2,1,,11495,11,20,4,6,111,1384,3206
1149604,1,5,2,1,1,1,1,1,1,,11496,4,10,1,1,54,807,1316
1149703,2,3,1,2,,2,,3,1,,11497,3,22,2,3,127,1487,1951
1149811,1,2,0,2,,2,,1,1,,11498,11,22,3,3,123,1462,2245
1149915,3,4,1,1,1,2,,5,1,,11499,15,10,4,1,52,773,1281
1150002,2,4,1,2,,2,,1,1,,11500,2,29,2,5,168,1978,1324
1150120,2,2,1,2,,2,,3,1,,11501,20,23,4,6,130,1516,1778
1150205,2,2,1,1,1,1,1,3,1,,11502,5,26,1,1,150,1745,2726
1150304,4,6,2,1,1,1,1,4,1,,11503,4,24,1,2,140,1659,1413
1150405,3,4,1,1,2,1,1,5,1,,11504,5,13,4,5,71,935,2985
1150504,3,4,2,1,1,1,1,4,1,,11505,4,15,1,5,85,1061,6128
1150612,2,3,1,2,,2,,4,1,,11506,12,7,4,6,39,453,3363
1150701,1,3,3,1,1,2,,2,1,,11507,1,9,1,4,50,748,2232
1150801,3,5,2,1,1,1,1,2,1,,11508,1,13,3,5,69,930,1984
1150905,3,3,0,2,,2,,9,1,,11509,5,29,4,5,167,1975,636
1151001,2,3,1,2,,2,,4,1,,11510,1,1,1,3,4,11,1396
1151104,4,7,2,1,1,1,1,6,1,,11511,4,5,1,2,31,383,1756
1151220,1,1,1,1,1,2,,2,1,,11512,20,12,3,6,62,880,3244
1151304,1,3,1,2,,1,2,1,1,,11513,4,19,1,2,107,1311,3189
1151409,1,3,1,2,,2,,1,1,,11514,9,20,2,6,109,1372,3454
1151505,2,3,2,1,1,1,1,5,1,,11515,5,2,1,1,9,79,3074
1151609,2,3,0,2,,2,,7,1,,11516,9,22,4,3,125,1468,1809
1151703,2,3,1,2,,2,,6,1,,11517,3,21,4,5,117,1410,5193
1151804,1,3,1,2,,2,,2,1,,11518,4,9,1,4,49,643,3508
1151906,1,3,1,2,,1,1,3,1,,11519,6,27,3,6,153,1813,2357
1152007,4,5,1,1,1,1,1,5,1,,11520,7,16,4,3,90,1116,3460
1152102,1,1,0,2,,2,,3,1,,11521,2,9,1,4,48,566,4433
1152210,1,2,0,1,1,1,1,3,1,,11522,10,29,4,5,167,1975,636
1152307,2,4,1,2,,2,,2,1,,11523,7,5,4,2,28,278,1371
1152401,2,3,1,2,,1,1,5,1,,11524,1,8,1,1,44,513,2427
1152502,2,2,1,2,,2,,4,1,,11525,2,4,1,6,24,253,833
1152603,2,4,1,2,,1,2,4,1,,11526,3,29,2,5,170,2013,1316
1152703,1,4,1,2,,1,1,2,1,,11527,3,21,1,5,121,1446,3141
1152804,2,5,1,2,,1,1,3,1,,11528,4,6,1,3,35,424,774
1152902,3,5,2,1,2,1,1,3,1,,11529,2,2,1,1,11,140,1439
1153015,2,3,2,2,,1,1,2,1,,11530,15,3,2,1,13,147,488
1153102,1,2,0,2,,2,,1,1,,11531,2,30,4,5,174,2048,4995
1153215,2,3,0,2,,2,,3,1,,11532,15,4,3,6,20,222,977
1153307,1,2,0,2,,2,,3,1,,11533,7,10,4,1,52,769,1449
1153413,1,2,1,2,,2,,1,1,,11534,13,31,4,6,180,2091,2598
1153502,3,5,3,1,1,1,1,5,1,,11535,2,6,1,3,34,397,960
1153604,4,5,1,2,,2,,2,1,,11536,4,11,1,3,58,856,4097
1153707,2,2,0,2,,2,,6,1,,11537,7,31,4,6,180,2092,2522
1153819,1,4,1,2,,2,,4,1,,11538,19,31,2,6,179,2090,1761
1153902,2,6,1,1,3,2,,2,1,,11539,2,26,1,1,151,1789,1662
1154005,2,4,1,2,,1,1,3,1,,11540,5,17,2,5,94,1151,717
1154101,2,3,1,1,1,1,1,4,1,,11541,1,2,1,1,10,116,2816
1154209,2,4,1,1,1,1,1,7,1,,11542,9,1,4,3,3,7,1634
1154303,3,4,2,1,3,1,1,2,1,,11543,3,10,4,1,52,769,1449
1154401,2,6,2,1,2,1,1,3,1,,11544,1,5,1,2,31,381,1786
1154505,3,5,1,1,1,1,1,4,1,,11545,5,30,2,5,175,2058,5680
1154611,1,1,1,1,1,2,,1,1,,11546,11,12,2,6,62,879,3249
1154720,2,3,0,2,,2,,1,1,,11547,20,8,4,1,43,485,1975
1154820,3,3,5,2,,2,,5,1,,11548,20,24,4,2,136,1592,1094
1154903,4,6,1,1,1,1,1,3,1,,11549,3,29,4,5,169,1992,1101
1155002,1,2,1,2,,2,,2,1,,11550,2,16,1,3,93,1138,4351
1155103,1,3,1,1,1,2,,1,1,,11551,3,17,1,5,97,1160,1876
1155203,1,1,4,1,1,1,1,4,1,,11552,3,8,1,1,44,505,2750
1155305,3,5,1,1,1,1,1,4,1,,11553,5,24,4,2,137,1597,1065
1155405,4,6,2,1,1,1,1,4,1,,11554,5,5,1,2,30,327,1676
1155505,2,2,1,1,1,1,1,2,1,,11555,5,15,1,5,87,1094,12086
1155617,2,2,0,2,,2,,6,1,,11556,17,12,4,6,63,888,2579
1155702,2,3,1,1,1,1,1,3,1,,11557,2,9,1,4,50,684,3837
1155806,1,2,1,1,1,1,2,4,1,,11558,6,17,4,5,96,1157,995
1155904,2,5,1,2,,1,1,3,1,,11559,4,9,1,4,50,684,3837
1156015,1,3,1,2,,1,1,1,1,,11560,15,20,2,6,110,1377,3890
1156113,1,2,1,2,,2,,3,1,,11561,13,7,3,6,37,442,5052
1156205,2,3,1,1,1,1,1,4,1,,11562,5,26,1,1,150,1760,2425
1156302,3,4,1,2,,1,1,4,1,,11563,2,12,1,6,66,914,3029
1156401,2,4,2,1,2,1,1,3,1,,11564,1,25,2,1,142,1676,2626
1156520,1,2,1,1,1,1,2,3,1,,11565,20,23,2,6,129,1513,2829
1156603,3,4,2,1,2,1,1,3,1,,11566,3,19,1,2,108,1346,3316
1156705,2,3,1,2,,2,,2,1,,11567,5,4,2,6,20,224,779
1156801,1,2,0,2,,1,1,4,1,,11568,1,11,1,3,58,853,4672
1156903,3,3,3,1,1,1,1,3,1,,11569,3,17,1,5,98,1194,1220
1157002,2,3,1,1,1,1,1,4,1,,11570,2,19,1,2,106,1267,3367
1157105,2,3,1,1,1,1,1,4,1,,11571,5,9,1,4,49,634,3710
1157213,1,2,0,2,,1,2,1,1,,11572,13,31,3,6,179,2088,1811
1157312,2,4,0,2,,1,1,4,1,,11573,12,12,2,6,62,881,1964
1157403,1,2,1,2,,1,1,2,1,,11574,3,23,1,6,132,1559,486
1157504,1,4,1,2,,1,2,1,1,,11575,4,19,1,2,108,1347,3311
1157604,1,7,3,2,,1,1,2,1,,11576,4,27,3,6,153,1806,2589
1157705,3,4,0,2,,1,1,7,1,,11577,5,14,1,3,78,984,6236
1157817,2,3,1,2,,2,,3,1,,11578,17,11,4,3,57,838,3502
1157903,3,4,1,2,,1,1,4,1,,11579,3,6,1,3,34,411,728
1158019,1,1,0,2,,2,,1,1,,11580,19,13,2,5,68,927,1392
1158105,2,6,0,1,1,1,1,4,1,,11581,5,10,4,1,52,770,1405
1158202,4,6,2,1,2,1,1,3,1,,11582,2,10,1,1,53,776,1350
1158307,2,4,1,1,2,1,1,4,1,,11583,7,3,3,1,12,144,592
1158401,1,4,1,2,,2,,1,1,,11584,1,5,1,2,30,352,1452
1158508,1,3,1,2,,1,1,1,1,,11585,8,27,4,6,154,1816,2554
1158601,3,4,2,1,1,1,1,4,1,,11586,1,22,1,3,127,1488,1944
1158703,2,4,1,2,,1,1,3,1,,11587,3,24,1,2,139,1638,1263
1158819,2,3,1,1,1,1,1,3,1,,11588,19,21,3,5,116,1408,6402
1158915,1,2,1,1,1,2,,2,1,,11589,15,26,3,1,147,1735,2939
1159013,3,3,0,2,,2,,6,1,,11590,13,30,4,5,173,2044,4268
1159105,3,5,3,1,3,1,1,3,1,,11591,5,8,1,1,46,555,1050
1159204,2,5,1,2,,1,1,2,1,,11592,4,25,1,1,144,1697,2258
1159306,1,2,1,1,1,1,1,3,1,,11593,6,28,2,2,159,1843,2250
1159404,1,1,0,2,,1,1,2,1,,11594,4,15,2,5,85,1038,12598
1159504,3,5,2,1,2,1,1,2,1,,11595,4,8,4,1,43,483,2387
1159604,1,4,1,1,1,1,1,2,1,,11596,4,29,3,5,170,2024,990
1159704,1,6,2,1,1,1,1,2,1,,11597,4,3,1,1,18,215,655
1159815,2,3,1,1,5,1,1,7,1,,11598,15,3,2,1,12,143,609
1159903,4,6,2,1,1,1,1,4,1,,11599,3,13,2,5,68,927,1392
1160015,2,4,1,1,1,2,,2,1,,11600,15,32,3,3,185,2138,1543
1160112,1,3,1,2,,2,,1,1,,11601,12,30,3,5,172,2038,7808
1160204,2,2,1,2,,1,1,4,1,,11602,4,7,2,6,38,445,7240
1160305,2,4,1,1,1,1,1,4,1,,11603,5,32,1,3,188,2152,1515
1160401,1,2,1,2,,2,,4,1,,11604,1,14,4,3,77,970,8757
1160503,2,4,1,2,,2,,3,1,,11605,3,5,1,2,29,300,1653
1160613,2,3,0,2,,2,,6,1,,11606,13,24,4,2,136,1589,1281
1160701,1,2,1,2,,2,,5,1,,11607,1,10,2,1,54,814,1273
1160804,2,3,1,1,1,1,1,3,1,,11608,4,9,1,4,49,612,4271
1160905,3,7,2,1,1,1,1,7,1,,11609,5,21,1,5,121,1442,3818
1161015,1,3,0,2,,2,,1,1,,11610,15,26,4,1,149,1741,2121
1161104,1,3,1,2,,2,,1,1,,11611,4,19,1,2,107,1319,3086
1161201,2,6,2,1,2,1,1,4,1,,11612,1,5,1,2,31,376,1820
1161304,3,4,2,1,2,1,1,4,1,,11613,4,28,1,2,163,1918,1883
1161402,2,4,2,1,1,1,1,3,1,,11614,2,20,2,6,113,1389,3090
1161503,1,5,2,1,1,2,,1,1,,11615,3,5,1,2,29,310,1581
1161604,1,5,2,2,,2,,2,1,,11616,4,27,4,6,155,1820,1502
1161701,3,7,3,1,2,1,1,4,1,,11617,1,14,1,3,80,1008,6695
1161804,1,4,1,1,1,1,1,1,1,,11618,4,31,1,6,184,2131,2562
1161920,2,4,1,2,,1,1,4,1,,11619,20,18,3,3,100,1214,1363
1162002,1,2,1,2,,1,1,2,1,,11620,2,7,1,6,41,472,4425
1162105,2,3,1,1,1,1,1,2,1,,11621,5,17,4,5,95,1152,3409
1162211,1,3,1,2,,2,,1,1,,11622,11,29,3,5,166,1970,682
1162304,2,4,2,1,1,2,,4,1,,11623,4,19,4,2,105,1250,2996
1162403,2,4,1,1,1,1,1,2,1,,11624,3,1,1,3,5,34,1336
1162512,1,2,0,2,,2,,2,1,,11625,12,12,4,6,63,889,2449
1162620,3,6,1,1,1,1,1,2,1,,11626,20,5,2,2,27,276,1431
1162702,1,2,1,2,,1,1,2,1,,11627,2,25,1,1,144,1694,2503
1162803,1,2,0,2,,2,,1,1,,11628,3,20,4,6,111,1385,3030
1162901,3,4,1,2,,1,1,4,1,,11629,1,21,1,5,120,1419,6156
1163003,3,4,1,1,2,1,1,3,1,,11630,3,8,1,1,45,521,3216
1163104,2,5,2,1,1,1,1,3,1,,11631,4,19,1,2,107,1330,2550
1163217,1,2,0,2,,2,,3,1,,11632,17,27,4,6,154,1815,2566
1163301,2,3,2,1,2,1,1,4,1,,11633,1,3,1,1,16,173,619
1163402,2,4,1,1,1,1,1,4,1,,11634,2,18,3,3,100,1211,1520
1163501,2,3,0,2,,2,,3,1,,11635,1,24,4,2,137,1600,973
1163603,1,2,1,2,,2,,1,1,,11636,3,19,1,2,106,1256,3877
1163711,1,2,1,1,1,2,,4,1,,11637,11,18,4,3,101,1219,985
1163801,4,8,3,1,2,1,1,6,1,,11638,1,8,1,1,46,547,3150
1163904,2,3,1,1,1,1,1,3,1,,11639,4,6,2,3,32,392,627
1164009,1,2,2,2,,1,1,3,1,,11640,9,19,2,2,105,1252,2794
1164104,2,4,0,2,,2,,5,1,,11641,4,32,3,3,185,2140,1353
1164202,3,4,1,2,,2,,1,1,,11642,2,13,1,5,73,949,2541
1164304,2,4,2,2,,2,,8,1,,11643,4,20,1,6,113,1391,3166
1164405,1,2,1,1,1,2,,3,1,,11644,5,28,3,2,159,1844,2105
1164505,2,4,1,1,2,1,1,3,1,,11645,5,5,1,2,30,350,1476
1164608,1,3,1,1,1,2,,1,1,,11646,8,28,4,2,160,1845,1479
1164705,1,2,1,2,,1,1,2,1,,11647,5,11,1,3,58,857,4065
1164814,1,1,1,2,,2,,4,1,,11648,14,31,3,6,178,2086,1819
1164904,2,3,2,1,1,2,,1,1,,11649,4,6,1,3,35,417,879
1165002,2,2,1,2,,1,1,2,1,,11650,2,9,1,4,50,703,3504
1165120,1,2,0,2,,2,,2,1,,11651,20,26,4,1,149,1741,2121
1165218,2,3,2,1,1,1,1,5,1,,11652,18,23,4,6,130,1515,1790
1165306,4,7,3,1,1,1,1,7,1,,11653,6,24,3,2,135,1587,1397
1165418,2,3,1,2,,1,1,4,1,,11654,18,1,2,3,2,6,392
1165514,2,3,1,2,,2,,1,1,,11655,14,16,4,3,89,1113,3018
1165603,1,4,1,2,,1,1,1,1,,11656,3,5,1,2,29,295,1678
1165719,4,6,1,1,2,1,1,8,1,,11657,19,11,4,3,57,835,5223
1165817,1,1,0,2,,2,,2,1,,11658,17,20,2,6,109,1372,3454
1165904,2,4,2,1,1,1,1,3,1,,11659,4,6,1,3,36,434,714
1166016,2,4,1,1,1,2,,1,1,,11660,16,6,4,3,33,395,576
1166102,2,4,1,1,1,1,1,3,1,,11661,2,22,1,3,128,1499,2283
1166203,2,4,1,2,,1,1,4,1,,11662,3,9,1,4,50,702,3527
1166304,3,6,2,1,2,1,1,3,1,,11663,4,5,2,2,30,353,1448
1166401,2,4,1,1,2,1,1,3,1,,11664,1,9,1,4,49,618,4123
1166505,1,2,1,2,,1,1,2,1,,11665,5,9,1,4,48,587,3640
1166615,2,2,0,1,1,2,,3,1,,11666,15,12,2,6,62,881,1964
1166705,2,3,1,2,,1,1,2,1,,11667,5,28,1,2,163,1914,2027
1166819,2,5,1,1,1,1,1,5,1,,11668,19,22,4,3,125,1467,2137
1166903,2,3,0,2,,2,,2,1,,11669,3,13,4,5,71,936,2779
1167004,1,2,1,2,,1,1,3,1,,11670,4,23,1,6,132,1552,1391
1167103,3,4,2,1,2,1,1,4,1,,11671,3,19,3,2,108,1340,3378
1167204,3,5,2,1,1,1,1,1,1,,11672,4,5,1,2,31,379,1799
1167302,2,4,1,2,,1,2,1,1,,11673,2,27,4,6,155,1823,414
1167405,1,3,1,1,1,1,1,2,1,,11674,5,28,4,2,160,1845,1479
1167512,3,5,1,2,,1,1,5,1,,11675,12,10,4,1,52,772,1285
1167610,1,5,1,1,1,2,,1,1,,11676,10,5,4,2,28,279,1313
1167709,2,6,1,1,1,1,1,4,1,,11677,9,5,4,2,28,277,1380
1167802,2,3,2,1,2,1,1,2,1,,11678,2,5,1,2,29,315,1566
1167911,1,2,1,2,,2,,2,1,,11679,11,31,3,6,178,2086,1819
1168005,2,2,1,1,1,2,,1,1,,11680,5,28,1,2,162,1901,1547
1168102,2,4,1,2,,1,1,2,1,,11681,2,1,1,3,5,31,1371
1168213,1,3,1,2,,1,1,3,1,,11682,13,21,4,5,117,1411,4824
1168315,2,3,1,1,1,1,1,3,1,,11683,15,16,4,3,90,1117,3299
1168403,1,1,1,1,2,1,1,1,1,,11684,3,26,1,1,151,1769,2313
1168504,1,3,0,2,,1,1,4,1,,11685,4,9,1,4,49,648,3306
1168601,2,3,1,2,,1,1,4,1,,11686,1,19,1,2,106,1287,3093
1168714,1,3,1,2,,2,,2,1,,11687,14,3,2,1,13,147,488
1168803,3,5,1,2,,2,,5,1,,11688,3,29,2,5,168,1978,1324
1168913,2,4,2,2,,2,,2,1,,11689,13,20,4,6,112,1387,3229
1169001,2,3,1,2,,1,1,2,1,,11690,1,9,1,4,49,619,4117
1169113,3,4,1,1,1,1,1,4,1,,11691,13,10,3,1,51,766,1365
1169203,1,3,1,2,,1,1,1,1,,11692,3,15,1,5,86,1070,12734
1169303,2,3,1,1,1,2,,3,1,,11693,3,6,1,3,35,414,927
1169401,3,4,1,2,,1,1,4,1,,11694,1,10,1,1,53,793,1196
1169503,2,3,0,2,,2,,3,1,,11695,3,30,2,5,176,2068,6666
1169603,2,3,2,2,,2,,2,1,,11696,3,29,3,5,166,1968,2162
1169702,3,6,2,1,1,1,1,3,1,,11697,2,5,1,2,29,281,1846
1169818,3,7,2,1,1,1,1,2,1,,11698,18,14,3,3,75,964,4181
1169902,1,2,1,2,,1,1,6,1,,11699,2,4,1,6,23,248,707
1170004,2,3,1,2,,2,,4,1,,11700,4,7,4,6,39,447,4920
1170108,2,4,1,2,,1,1,4,1,,11701,8,25,2,1,142,1677,2524
1170203,2,3,2,2,,1,1,3,1,,11702,3,4,1,6,25,264,995
1170302,2,6,1,2,,1,1,4,1,,11703,2,9,1,4,48,579,3927
1170401,2,3,1,1,1,2,,4,1,,11704,1,24,1,2,139,1651,1027
1170505,3,5,2,1,2,1,1,4,1,,11705,5,5,1,2,30,341,1527
1170620,3,5,2,1,1,1,1,3,1,,11706,20,17,2,5,94,1150,835
1170704,1,3,1,2,,2,,5,1,,11707,4,29,4,5,167,1976,500
1170802,1,2,1,1,1,1,1,3,1,,11708,2,26,3,1,147,1735,2939
1170903,2,3,1,2,,1,1,4,1,,11709,3,16,1,3,93,1137,4450
1171001,1,2,1,1,1,1,1,3,1,,11710,1,14,2,3,75,960,17114
1171101,1,4,1,1,1,1,1,2,1,,11711,1,22,1,3,128,1500,2224
1171204,1,5,1,1,1,1,1,2,1,,11712,4,32,1,3,190,2169,2030
1171302,3,6,2,1,1,1,1,1,1,,11713,2,1,1,3,6,46,1634
1171403,2,3,1,2,,1,2,2,1,,11714,3,9,1,4,48,568,4282
1171503,2,3,0,2,,2,,4,1,,11715,3,9,1,4,48,583,3806
1171608,1,2,0,2,,2,,3,1,,11716,8,26,4,1,149,1741,2121
1171704,2,2,1,1,1,1,1,7,1,,11717,4,28,1,2,162,1891,1625
1171803,2,3,1,2,,1,1,3,1,,11718,3,30,1,5,175,2065,4609
1171910,2,4,1,2,,1,1,3,1,,11719,10,21,4,5,118,1414,5277
1172005,2,4,1,2,,1,1,4,1,,11720,5,19,1,2,107,1318,3097
1172104,1,2,0,2,,2,,1,1,,11721,4,12,4,6,63,888,2579
1172202,2,4,2,2,,1,1,4,1,,11722,2,13,1,5,73,951,2393
1172305,2,3,1,2,,1,1,1,1,,11723,5,2,1,1,10,106,2989
1172403,1,2,1,1,1,1,1,3,1,,11724,3,23,1,6,132,1540,1661
1172501,4,6,0,2,,1,1,5,1,,11725,1,9,1,4,49,631,3756
1172602,2,4,1,1,1,1,1,2,1,,11726,2,5,1,2,30,364,1340
1172704,3,3,0,2,,1,1,5,1,,11727,4,6,1,3,34,405,769
1172801,1,2,1,2,,2,,2,1,,11728,1,10,1,1,53,786,1242
1172911,1,1,0,2,,2,,4,1,,11729,11,15,3,5,81,1017,6441
1173002,2,4,2,1,1,1,1,7,1,,11730,2,12,1,6,65,898,3065
1173113,1,1,0,2,,2,,1,1,,11731,13,28,4,2,160,1845,1479
1173202,2,3,1,1,1,1,1,4,1,,11732,2,29,3,5,169,1986,1167
1173301,3,4,2,1,2,1,1,4,1,,11733,1,8,1,1,46,538,3159
1173420,1,6,0,2,,2,,3,1,,11734,20,30,4,5,173,2044,4268
1173514,3,6,2,2,,2,,2,1,,11735,14,17,3,5,94,1148,943
1173604,1,5,1,1,1,1,1,2,1,,11736,4,9,1,4,50,710,3442
1173719,1,1,0,2,,2,,1,1,,11737,19,31,3,6,178,2086,1819
1173805,2,4,1,1,1,1,1,2,1,,11738,5,10,1,1,54,807,1316
1173903,1,3,1,2,,1,2,1,1,,11739,3,9,1,4,50,692,3665
1174002,3,4,1,2,,1,1,2,1,,11740,2,17,1,5,98,1182,1678
1174103,3,6,2,1,2,1,1,3,1,,11741,3,15,2,5,87,1092,12570
1174205,2,3,1,2,,1,2,2,1,,11742,5,21,1,5,121,1440,4259
1174301,1,3,2,1,1,1,1,6,1,,11743,1,9,1,4,49,608,4537
1174402,1,3,1,2,,2,,1,1,,11744,2,5,1,2,30,333,1615
1174502,3,4,1,1,2,1,1,3,1,,11745,2,5,1,2,31,377,1814
1174615,2,4,1,1,1,2,,4,1,,11746,15,13,3,5,68,928,1288
1174704,3,5,2,1,1,1,1,4,1,,11747,4,5,1,2,31,372,1842
1174810,2,4,1,1,1,1,1,4,1,,11748,10,13,2,5,67,918,1831
1174904,2,4,2,1,1,1,1,4,1,,11749,4,12,2,6,62,881,1964
1175003,2,4,1,2,,1,1,4,1,,11750,3,3,1,1,18,211,714
1175101,3,6,1,1,1,1,1,1,1,,11751,1,3,1,1,18,217,637
1175203,3,6,2,1,1,1,1,4,1,,11752,3,1,1,3,6,55,1249
1175304,2,4,1,1,1,1,1,2,1,,11753,4,3,1,1,17,182,715
1175403,1,2,1,2,,1,1,2,1,,11754,3,23,1,6,132,1548,1458
1175504,1,2,1,2,,1,1,3,1,,11755,4,2,1,1,9,79,3074
1175607,1,4,0,2,,2,,1,1,,11756,7,30,4,5,173,2042,4624
1175715,2,4,1,1,1,2,,4,1,,11757,15,5,2,2,27,276,1431
1175801,2,3,1,1,1,1,1,3,1,,11758,1,8,2,1,42,479,11188
1175920,2,4,2,1,2,1,1,3,1,,11759,20,27,3,6,153,1808,2893
1176019,1,4,1,1,1,2,,1,1,,11760,19,26,4,1,149,1742,1939
1176102,1,2,1,2,,1,1,3,1,,11761,2,17,1,5,97,1170,1534
1176202,3,4,1,1,2,1,1,5,1,,11762,2,1,1,3,5,43,1062
1176301,1,4,2,1,1,1,1,4,1,,11763,1,8,1,1,44,500,2795
1176402,1,3,1,1,1,1,1,2,1,,11764,2,6,1,3,36,438,660
1176504,3,4,1,2,,1,1,3,1,,11765,4,15,1,5,86,1085,9385
1176609,4,5,2,1,2,1,1,4,1,,11766,9,15,3,5,81,1018,5909
1176714,2,3,1,1,2,1,1,6,1,,11767,14,21,4,5,117,1411,4824
1176802,4,6,4,1,1,1,1,5,1,,11768,2,10,1,1,53,792,1205
1176905,1,3,1,1,1,1,1,2,1,,11769,5,5,1,2,30,340,1528
1177001,2,4,1,2,,1,1,5,1,,11770,1,30,1,5,176,2069,6493
1177102,4,7,1,1,2,1,1,5,1,,11771,2,2,1,1,10,108,2939
1177205,1,1,0,2,,2,,2,1,,11772,5,9,2,4,48,559,5687
1177319,1,1,1,2,,2,,1,1,,11773,19,3,4,1,14,148,833
1177404,1,4,1,1,4,1,1,2,1,,11774,4,3,1,1,18,210,719
1177503,2,4,1,1,1,2,,1,1,,11775,3,15,1,5,87,1104,1917
1177605,1,2,1,1,1,1,1,4,1,,11776,5,12,1,6,66,911,3224
1177703,1,3,1,2,,1,1,1,1,,11777,3,26,1,1,150,1748,2637
1177816,1,2,1,2,,2,,2,1,,11778,16,23,4,6,130,1515,1790
1177901,1,4,2,2,,2,,1,1,,11779,1,20,3,6,113,1390,3214
1178016,2,2,0,2,,2,,4,1,,11780,16,18,4,3,101,1218,1072
1178112,1,2,0,2,,2,,5,1,,11781,12,20,4,6,111,1385,3030
1178205,2,3,1,2,,1,1,2,1,,11782,5,19,1,2,107,1305,3233
1178306,1,2,0,2,,2,,5,1,,11783,6,12,4,6,63,888,2579
1178403,2,5,1,1,3,1,1,4,1,,11784,3,25,4,1,143,1680,2209
1178512,3,5,1,1,1,1,1,3,1,,11785,12,19,2,2,105,1253,2656
1178619,2,4,0,1,2,1,1,1,1,,11786,19,30,4,5,174,2047,5218
1178704,1,3,1,2,,1,1,1,1,,11787,4,31,1,6,183,2113,2189
1178804,2,3,1,2,,2,,7,1,,11788,4,13,3,5,67,920,1739
1178902,2,4,1,2,,1,1,3,1,,11789,2,7,1,6,40,468,3525
1179005,1,3,1,2,,2,,5,1,,11790,5,7,3,6,37,442,5052
1179109,2,4,2,1,1,1,2,3,1,,11791,9,25,3,1,141,1675,2587
1179202,1,2,0,2,,2,,4,1,,11792,2,26,4,1,149,1741,2121
1179303,2,3,2,2,,2,,3,1,,11793,3,24,1,2,139,1625,1380
1179419,2,4,1,2,,1,1,5,1,,11794,19,30,4,5,173,2041,4774
1179502,2,4,1,1,2,2,,2,1,,11795,2,8,4,1,43,482,3070
1179603,2,3,1,2,,1,1,4,1,,11796,3,28,1,2,162,1858,1927
1179701,1,2,1,2,,2,,3,1,,11797,1,17,3,5,94,1148,943
1179801,2,3,1,2,,1,1,1,1,,11798,1,20,3,6,113,1394,3011
1179901,2,3,1,2,,1,1,4,1,,11799,1,5,2,2,26,274,1433
1180004,2,3,1,1,2,1,1,2,1,,11800,4,25,1,1,146,1726,3600
1180118,2,4,1,2,,1,1,3,1,,11801,18,18,4,3,101,1215,1128
1180203,4,7,3,1,3,1,1,4,1,,11802,3,14,1,3,79,988,9068
1180306,2,4,0,2,,1,1,4,1,,11803,6,20,4,6,111,1385,3030
1180401,2,4,1,1,2,1,2,3,1,,11804,1,10,2,1,51,767,1281
1180501,1,1,1,2,,1,1,1,1,,11805,1,17,1,5,97,1179,1178
1180601,4,6,4,1,2,1,1,3,1,,11806,1,23,1,6,132,1541,1625
1180701,4,5,2,1,1,1,1,1,1,,11807,1,12,4,6,63,887,2678
1180818,1,3,1,2,,2,,7,1,,11808,18,19,3,2,105,1255,1919
1180913,5,7,1,1,2,1,1,4,1,,11809,13,1,2,3,2,6,392
1181001,3,4,1,1,1,1,1,5,1,,11810,1,15,1,5,86,1084,9385
1181105,2,4,1,1,1,1,1,2,1,,11811,5,24,1,2,139,1622,1404
1181202,2,4,2,1,1,1,1,3,1,,11812,2,19,2,2,107,1296,3884
1181315,1,1,0,2,,2,,1,1,,11813,15,7,3,6,37,442,5052
1181411,3,4,0,2,,2,,3,1,,11814,11,32,4,3,187,2148,1543
1181502,2,3,1,2,,1,1,1,1,,11815,2,10,1,1,54,803,1326
1181603,2,5,1,1,2,1,1,3,1,,11816,3,10,1,1,54,800,1335
1181704,3,4,1,2,,1,1,4,1,,11817,4,9,3,4,48,562,4673
1181801,2,4,1,1,1,1,1,7,1,,11818,1,30,4,5,174,2046,5443
1181904,2,5,1,2,,1,1,4,1,,11819,4,30,1,5,175,2055,6159
1182017,4,7,1,1,1,1,1,3,1,,11820,17,24,2,2,135,1585,1797
1182102,4,4,2,1,3,1,1,4,1,,11821,2,31,1,6,184,2134,2491
1182205,2,4,1,1,1,1,1,4,1,,11822,5,26,2,1,147,1737,2630
1182303,2,3,1,2,,1,1,4,1,,11823,3,11,1,3,58,839,4928
1182403,2,5,3,1,1,1,1,2,1,,11824,3,19,1,2,108,1350,3273
1182505,2,6,2,1,2,1,1,3,1,,11825,5,24,1,2,140,1661,1368
1182602,2,3,1,1,1,1,1,3,1,,11826,2,16,4,3,90,1115,3760
1182703,2,5,1,1,1,1,1,4,1,,11827,3,26,1,1,151,1785,2005
1182803,1,3,1,2,,1,1,5,1,,11828,3,15,3,5,81,1017,6441
1182903,1,3,1,2,,1,1,4,1,,11829,3,22,1,3,126,1469,2385
1183004,2,3,1,1,2,1,1,4,1,,11830,4,23,1,6,132,1538,1693
1183103,2,5,1,1,2,1,1,2,1,,11831,3,8,1,1,44,500,2795
1183201,1,2,1,1,1,1,1,3,1,,11832,1,7,4,6,39,449,4091
1183304,4,5,1,1,2,1,1,5,1,,11833,4,6,1,3,35,426,769
1183401,2,3,1,2,,1,1,3,1,,11834,1,1,1,3,5,30,1382
1183505,3,5,1,1,1,2,,3,1,,11835,5,1,1,3,5,38,1166
1183604,1,7,2,1,1,1,1,2,1,,11836,4,26,2,1,147,1737,2630
1183701,2,3,1,2,,1,1,4,1,,11837,1,3,1,1,17,193,632
1183801,4,5,2,1,3,1,1,5,1,,11838,1,26,1,1,150,1757,2485
1183905,2,3,1,1,3,1,1,4,1,,11839,5,3,1,1,16,174,619
1184002,1,2,1,1,1,1,1,3,1,,11840,2,2,1,1,11,130,2969
1184115,2,4,1,2,,2,,2,1,,11841,15,28,4,2,160,1846,1388
1184202,1,2,1,2,,1,1,5,1,,11842,2,30,3,5,175,2061,5349
1184304,1,2,1,2,,2,,2,1,,11843,4,27,3,6,156,1828,1791
1184402,2,4,1,2,,1,1,3,1,,11844,2,28,1,2,162,1878,1713
1184501,3,5,1,1,1,1,1,2,1,,11845,1,22,1,3,128,1506,2031
1184601,1,2,1,2,,1,1,1,1,,11846,1,5,1,2,29,284,1811
1184708,3,7,0,2,,1,2,10,1,,11847,8,12,3,6,61,877,2869
1184803,1,3,1,1,1,1,1,3,1,,11848,3,2,1,1,9,77,3152
1184901,2,3,1,2,,1,1,2,1,,11849,1,23,1,6,133,1566,1721
1185002,1,2,0,1,1,2,,5,1,,11850,2,25,4,1,143,1683,811
1185113,1,3,1,2,,1,1,2,1,,11851,13,23,2,6,129,1514,2031
1185201,1,2,1,1,1,1,1,2,1,,11852,1,13,4,5,73,952,2375
1185303,2,6,1,2,,1,1,1,1,,11853,3,17,1,5,98,1195,1209
1185418,1,2,0,2,,2,,3,1,,11854,18,12,4,6,63,885,2839
1185517,3,5,2,1,1,2,,2,1,,11855,17,30,4,5,174,2048,4995
1185616,4,5,0,2,,1,1,10,2,2,11856,16,30,2,5,172,2035,8713
1185704,1,1,0,2,,1,1,2,1,,11857,4,30,1,5,175,2052,6484
1185804,2,2,1,2,,1,1,2,1,,11858,4,29,2,5,169,1990,1105
1185911,1,2,1,2,,1,1,4,1,,11859,11,4,3,6,20,222,977
1186002,2,4,0,2,,1,1,4,1,,11860,2,12,1,6,64,894,2202
1186105,1,5,1,1,1,1,1,1,1,,11861,5,19,1,2,108,1368,2882
1186205,3,4,2,1,1,1,1,3,1,,11862,5,6,1,3,35,415,890
1186303,2,4,3,1,1,1,1,2,1,,11863,3,15,1,5,86,1063,11196
1186414,1,1,1,2,,2,,2,1,,11864,14,12,3,6,62,880,3244
1186504,1,5,1,2,,1,1,1,1,,11865,4,5,1,2,31,377,1814
1186607,1,1,0,2,,1,1,4,1,,11866,7,12,2,6,61,876,2994
1186702,2,5,2,1,1,1,2,2,1,,11867,2,5,1,2,29,322,1442
1186801,2,3,1,2,,2,,4,1,,11868,1,28,1,2,162,1871,1732
1186904,5,10,2,1,2,1,1,5,1,,11869,4,9,1,4,50,719,3305
1187001,2,4,1,2,,1,1,2,1,,11870,1,31,1,6,182,2096,2228
1187117,2,5,2,1,1,1,1,4,1,,11871,17,22,3,3,123,1462,2245
1187204,2,2,1,2,,1,1,3,1,,11872,4,3,1,1,15,161,350
1187312,1,2,1,2,,2,,2,1,,11873,12,29,2,5,166,1969,729
1187419,3,4,1,2,,1,2,8,1,,11874,19,29,2,5,166,1972,586
1187505,5,7,2,1,2,1,1,5,1,,11875,5,9,1,4,49,664,2986
1187602,1,2,1,2,,2,,3,1,,11876,2,17,2,5,97,1164,1770
1187709,2,3,1,1,1,1,1,4,1,,11877,9,6,2,3,32,393,610
1187805,3,4,1,1,1,1,1,6,1,,11878,5,25,1,1,146,1723,3771
1187909,2,5,1,1,1,2,,5,1,,11879,9,7,3,6,37,442,5052
1188001,1,3,1,2,,2,,1,1,,11880,1,18,3,3,100,1214,1363
1188103,4,6,1,1,3,1,1,4,1,,11881,3,19,1,2,106,1260,3641
1188211,2,3,1,1,1,1,1,4,1,,11882,11,13,4,5,71,935,2985
1188309,3,4,0,2,,2,,6,1,,11883,9,12,4,6,63,883,3042
1188414,2,5,1,1,1,1,1,5,1,,11884,14,25,3,1,141,1673,2778
1188501,1,3,1,1,1,1,1,3,1,,11885,1,9,1,4,49,643,3508
1188606,2,2,1,2,,2,,2,1,,11886,6,5,2,2,26,273,1479
1188705,2,4,1,1,1,1,1,1,1,,11887,5,22,1,3,128,1505,2103
1188802,2,4,1,1,2,1,1,4,1,,11888,2,3,1,1,17,191,653
1188901,4,5,2,1,1,1,1,7,1,,11889,1,1,1,3,4,24,1184
1189005,2,3,1,2,,1,1,4,1,,11890,5,6,1,3,35,425,770
1189101,2,4,1,2,,1,1,5,1,,11891,1,15,3,5,81,1015,19018
1189204,3,5,1,1,2,1,1,4,1,,11892,4,3,1,1,15,158,561
1189305,2,3,2,1,1,1,1,5,1,,11893,5,9,1,4,48,574,4103
1189403,2,3,1,1,1,1,1,3,1,,11894,3,5,1,2,30,360,1402
1189510,2,3,0,2,,2,,2,1,,11895,10,12,4,6,63,886,2839
1189604,1,2,1,1,1,1,1,4,1,,11896,4,4,3,6,19,220,797
1189702,3,6,2,1,2,1,1,4,1,,11897,2,25,1,1,145,1708,2585
1189814,2,4,1,2,,1,1,3,1,,11898,14,27,4,6,154,1816,2554
1189901,1,4,1,1,1,1,1,3,1,,11899,1,4,1,6,23,234,961
1190002,2,3,1,1,2,1,1,4,1,,11900,2,8,1,1,45,515,3056
1190102,1,4,2,1,1,1,1,3,1,,11901,2,9,1,4,49,613,4248
1190203,2,4,1,1,2,1,1,4,1,,11902,3,10,1,1,54,813,1277
1190305,1,5,2,1,2,1,1,3,1,,11903,5,29,2,5,169,2006,987
1190402,2,2,1,1,1,1,1,4,1,,11904,2,1,1,3,4,14,1342
1190515,2,3,0,2,,2,,3,1,,11905,15,12,4,6,63,883,3042
1190605,2,3,1,1,1,1,1,1,1,,11906,5,28,1,2,164,1957,1965
1190702,3,3,2,1,1,1,1,2,1,,11907,2,17,1,5,98,1200,820
1190806,3,3,1,1,1,1,1,5,1,,11908,6,17,2,5,94,1150,835
1190905,2,5,3,1,2,1,1,3,1,,11909,5,14,1,3,80,1000,8284
1191009,3,5,0,2,,1,1,2,1,,11910,9,30,4,5,173,2044,4268
1191114,4,6,2,1,1,2,,2,1,,11911,14,24,3,2,135,1584,1829
1191210,2,4,2,2,,2,,3,1,,11912,10,6,3,3,32,391,636
1191301,2,3,1,2,,1,1,4,1,,11913,1,9,1,4,48,583,3806
1191402,3,4,3,1,2,1,1,4,1,,11914,2,11,1,3,60,874,6586
1191504,2,2,1,2,,1,1,1,1,,11915,4,7,1,6,40,466,3836
1191602,2,2,1,2,,1,1,2,1,,11916,2,29,3,5,169,2005,989
1191711,2,3,0,2,,2,,4,1,,11917,11,12,4,6,63,886,2839
1191801,3,6,1,1,2,1,1,4,1,,11918,1,2,1,1,10,106,2989
1191905,2,5,1,2,,1,1,4,1,,11919,5,20,1,6,113,1395,2979
1192012,3,5,0,2,,2,,10,1,,11920,12,13,4,5,70,932,2540
1192114,1,1,0,2,,2,,4,1,,11921,14,20,4,6,111,1383,3212
1192203,3,6,1,1,1,1,1,4,1,,11922,3,9,1,4,49,648,3306
1192301,2,4,1,1,1,1,1,3,1,,11923,1,2,1,1,10,102,3128
1192405,2,4,1,2,,1,1,4,1,,11924,5,10,1,1,53,779,1309
1192504,2,3,1,2,,1,1,3,1,,11925,4,21,4,5,118,1414,5277
1192617,2,3,0,2,,2,,6,1,,11926,17,24,4,2,136,1591,1218
1192702,1,3,1,1,1,1,1,1,1,,11927,2,17,3,5,97,1168,1667
1192810,3,5,1,1,1,2,,6,1,,11928,10,10,4,1,52,772,1285
1192910,4,6,0,2,,1,1,6,1,,11929,10,27,3,6,153,1809,2602
1193012,1,5,1,1,2,1,1,4,1,,11930,12,24,4,2,137,1595,1121
1193103,4,5,2,2,,1,1,5,1,,11931,3,11,1,3,58,849,4917
1193202,2,6,1,2,,2,,6,1,,11932,2,15,2,5,82,1020,15428
1193302,2,4,1,2,,1,1,4,1,,11933,2,9,1,4,49,676,1034
1193403,3,6,1,1,1,1,1,5,1,,11934,3,5,1,2,30,346,1489
1193505,4,5,2,1,1,1,1,1,1,,11935,5,15,2,5,87,1092,12570
1193604,2,3,1,1,2,1,1,3,1,,11936,4,28,1,2,162,1858,1927
1193704,3,4,2,2,,2,,7,1,,11937,4,17,1,5,97,1176,1281
1193804,2,7,1,1,3,1,1,2,1,,11938,4,9,1,4,49,626,3854
1193905,2,3,1,1,2,1,1,2,1,,11939,5,8,1,1,44,510,2594
1194017,3,5,1,2,,1,1,2,1,,11940,17,24,4,2,137,1595,1121
1194102,1,4,1,2,,1,1,4,1,,11941,2,21,1,5,121,1440,4259
1194204,3,5,1,1,1,1,1,7,1,,11942,4,10,1,1,54,806,1316
1194304,1,4,1,1,1,1,1,2,1,,11943,4,3,1,1,17,194,622
1194405,3,4,2,2,,1,1,4,1,,11944,5,5,1,2,29,280,1644
1194503,3,4,1,2,,1,1,6,1,,11945,3,32,1,3,188,2154,1413
1194602,2,3,1,1,1,1,1,2,1,,11946,2,28,1,2,163,1932,1735
1194704,2,3,1,2,,2,,6,1,,11947,4,10,1,1,53,775,1252
1194805,2,3,1,2,,1,1,3,1,,11948,5,23,1,6,132,1539,1677
1194905,1,3,1,1,1,1,1,3,1,,11949,5,9,1,4,49,643,3508
1195009,1,1,0,2,,2,,2,1,,11950,9,12,4,6,63,889,2449
1195116,3,4,1,2,,2,,11,1,,11951,16,10,3,1,51,766,1365
1195203,1,1,1,2,,2,,1,1,,11952,3,17,1,5,97,1173,1504
1195305,4,8,2,2,,1,1,6,1,,11953,5,9,1,4,48,579,3927
1195401,3,6,1,2,,1,1,3,1,,11954,1,2,3,1,7,61,3848
1195504,2,4,1,1,1,1,1,4,1,,11955,4,11,1,3,58,844,5317
1195601,3,5,1,1,1,1,1,5,1,,11956,1,22,1,3,127,1481,2049
1195704,1,3,1,1,1,2,,1,1,,11957,4,23,1,6,132,1540,1661
1195803,3,5,2,1,2,1,1,2,1,,11958,3,8,1,1,46,554,2509
1195909,2,4,2,1,1,1,1,1,1,,11959,9,10,2,1,51,767,1281
1196002,1,2,0,2,,1,1,5,1,,11960,2,20,4,6,111,1385,3030
1196102,2,3,1,2,,1,1,2,1,,11961,2,6,1,3,36,436,671
1196220,3,4,1,2,,2,,5,1,,11962,20,8,4,1,43,484,2372
1196304,7,9,2,1,1,1,1,4,1,,11963,4,9,1,4,49,616,4160
1196416,2,2,1,2,,2,,2,1,,11964,16,4,3,6,20,223,797
1196501,4,6,3,1,1,1,1,4,1,,11965,1,21,1,5,121,1445,3331
1196602,2,3,1,1,1,1,1,4,1,,11966,2,28,1,2,162,1881,1684
1196712,4,5,1,1,1,2,,7,1,,11967,12,32,3,3,185,2138,1543
1196805,2,2,1,2,,2,,3,1,,11968,5,25,2,1,141,1674,2705
1196903,2,4,1,1,2,1,1,4,1,,11969,3,6,1,3,36,434,714
1197002,2,4,3,1,1,1,1,2,1,,11970,2,10,1,1,55,827,1261
1197103,1,2,1,1,1,1,1,4,1,,11971,3,6,1,3,34,398,928
1197203,2,3,1,2,,2,,2,1,,11972,3,4,1,6,24,252,853
1197305,3,6,2,1,3,1,1,3,1,,11973,5,8,1,1,46,540,3689
1197409,1,2,1,2,,2,,2,1,,11974,9,13,3,5,68,928,1288
1197520,3,4,1,1,1,1,1,6,1,,11975,20,17,4,5,96,1156,1044
1197618,2,3,1,1,1,1,1,6,1,,11976,18,25,4,1,143,1680,2209
1197705,2,3,1,1,1,1,1,4,1,,11977,5,28,1,2,163,1921,1843
1197805,1,2,0,2,,2,,4,1,,11978,5,30,4,5,173,2040,4785
1197902,1,2,1,2,,1,1,4,1,,11979,2,15,1,5,85,1062,3180
1198003,2,2,1,2,,1,1,2,1,,11980,3,2,1,1,9,69,3373
1198105,3,5,1,1,1,1,1,4,1,,11981,5,20,1,6,113,1396,2633
1198201,3,5,1,1,1,1,1,4,1,,11982,1,24,1,2,139,1640,1251
1198303,2,5,1,2,,2,,5,1,,11983,3,10,1,1,53,780,1306
1198405,2,3,2,1,1,1,1,2,1,,11984,5,6,1,3,36,435,677
1198518,2,2,1,2,,2,,1,1,,11985,18,4,3,6,19,220,797
1198601,2,3,1,1,1,1,1,4,1,,11986,1,15,3,5,81,1013,21426
1198703,3,6,1,1,1,1,1,4,1,,11987,3,13,1,5,73,949,2541
1198810,1,4,0,2,,1,2,3,1,,11988,10,20,4,6,111,1380,3726
1198905,1,1,1,2,,1,1,3,1,,11989,5,21,1,5,121,1436,4491
1199002,2,3,1,2,,1,1,2,1,,11990,2,11,1,3,59,867,4931
1199105,4,8,2,1,1,1,1,1,1,,11991,5,13,4,5,73,952,2375
1199206,2,3,0,2,,1,1,7,1,,11992,6,24,3,2,135,1586,1785
1199315,1,2,1,2,,2,,2,1,,11993,15,12,4,6,63,889,2449
1199403,1,2,3,2,,2,,3,1,,11994,3,28,1,2,162,1854,1989
1199505,2,2,1,2,,2,,1,1,,11995,5,7,1,6,41,473,4296
1199603,4,6,2,1,1,1,1,8,1,,11996,3,32,3,3,185,2140,1353
1199716,2,4,1,1,1,1,1,4,1,,11997,16,30,4,5,174,2046,5443
1199803,2,2,1,2,,1,1,3,1,,11998,3,17,1,5,98,1187,1422
1199902,2,5,1,1,1,1,1,1,1,,11999,2,13,1,5,74,956,2824
1200008,2,3,1,1,1,1,1,2,1,,12000,8,14,4,3,77,969,10589
1200105,3,3,4,1,3,1,1,5,1,,12001,5,16,1,3,91,1124,3957
1200205,1,2,1,2,,1,2,3,1,,12002,5,15,1,5,85,1054,10409
1200305,4,5,1,1,1,1,1,4,1,,12003,5,24,3,2,138,1607,1334
1200402,1,3,2,2,,1,1,2,1,,12004,2,25,1,1,145,1704,2651
1200504,2,3,2,1,1,2,,1,1,,12005,4,23,1,6,133,1567,1668
1200605,3,6,3,1,3,1,1,4,1,,12006,5,32,1,3,189,2161,1175
1200701,2,4,1,1,1,1,1,4,1,,12007,1,26,1,1,151,1775,2137
1200818,2,4,1,1,2,1,1,3,1,,12008,18,28,4,2,160,1847,1348
1200901,2,5,2,2,,1,2,1,1,,12009,1,5,2,2,26,273,1479
1201002,3,6,1,1,1,1,1,3,1,,12010,2,10,1,1,54,797,1406
1201104,2,3,1,1,1,1,1,2,1,,12011,4,15,1,5,85,1047,11613
1201205,1,3,1,1,1,1,1,3,1,,12012,5,2,1,1,11,133,2813
1201320,2,3,1,1,1,1,1,3,1,,12013,20,24,2,2,135,1585,1797
1201404,2,4,1,1,1,2,,3,1,,12014,4,12,4,6,63,886,2839
1201520,1,2,1,2,,2,,1,1,,12015,20,28,4,2,160,1846,1388
1201603,1,2,1,2,,2,,2,1,,12016,3,2,2,1,7,60,4118
1201702,3,4,3,1,1,1,1,2,1,,12017,2,12,1,6,66,907,4473
1201804,2,4,1,1,2,1,1,2,1,,12018,4,26,1,1,152,1798,2202
1201901,2,4,1,2,,2,,2,1,,12019,1,28,1,2,162,1883,1669
1202004,2,5,1,1,1,1,1,5,1,,12020,4,5,1,2,30,336,1549
1202103,3,5,2,1,1,1,1,4,1,,12021,3,9,1,4,49,611,4288
1202206,3,5,2,1,1,1,1,3,1,,12022,6,14,4,3,77,970,8757
1202301,2,4,1,1,1,2,,7,1,,12023,1,31,1,6,183,2124,1891
1202402,1,4,1,1,1,2,,2,1,,12024,2,3,1,1,18,200,1020
1202503,2,3,1,1,1,1,1,1,1,,12025,3,28,1,2,164,1949,2365
1202603,2,5,1,1,1,1,1,4,1,,12026,3,19,1,2,107,1321,3056
1202701,2,3,1,1,1,2,,5,1,,12027,1,1,2,3,4,17,1290
1202804,2,3,1,1,1,1,1,4,1,,12028,4,28,1,2,163,1940,1705
1202905,1,2,1,1,1,1,1,1,1,,12029,5,5,1,2,29,299,1655
1203002,4,4,1,1,2,1,1,6,1,,12030,2,2,1,1,11,133,2813
1203108,1,1,0,2,,2,,1,1,,12031,8,9,4,4,47,556,1507
1203204,2,4,1,1,1,1,1,2,1,,12032,4,2,1,1,10,97,3525
1203304,2,3,1,1,1,2,,4,1,,12033,4,10,1,1,53,780,1306
1203401,2,3,1,1,1,1,1,4,1,,12034,1,3,1,1,16,176,611
1203502,4,10,1,1,4,1,1,2,1,,12035,2,5,1,2,30,337,1543
1203602,2,4,1,2,,1,1,2,1,,12036,2,28,1,2,163,1926,1768
1203705,2,4,1,2,,1,1,5,1,,12037,5,17,1,5,97,1158,1598
1203811,2,3,0,2,,1,1,4,1,,12038,11,17,3,5,94,1148,943
1203903,2,3,1,1,1,1,1,3,1,,12039,3,6,1,3,34,407,744
1204001,3,6,1,1,1,1,1,1,1,,12040,1,3,1,1,17,189,669
1204110,3,4,2,1,1,1,1,3,1,,12041,10,16,2,3,88,1106,5935
1204216,2,4,0,2,,2,,2,1,,12042,16,27,4,6,155,1823,414
1204304,3,6,4,1,2,1,1,3,1,,12043,4,13,1,5,74,954,3012
1204401,2,4,1,2,,1,1,4,1,,12044,1,23,2,6,129,1513,2829
1204503,4,8,1,1,2,1,1,10,1,,12045,3,29,3,5,170,2027,908
1204601,1,7,2,1,1,2,,1,1,,12046,1,21,3,5,115,1405,6115
1204702,2,3,1,2,,1,1,6,1,,12047,2,21,2,5,120,1424,5239
1204801,2,3,1,2,,1,1,5,1,,12048,1,14,3,3,75,959,21971
1204904,4,6,2,1,1,1,1,4,1,,12049,4,19,1,2,108,1353,3246
1205013,2,3,1,2,,1,1,5,1,,12050,13,11,4,3,57,835,5223
1205102,2,6,2,2,,1,1,4,1,,12051,2,31,1,6,182,2106,1904
1205216,2,3,1,2,,2,,3,1,,12052,16,18,3,3,100,1211,1520
1205302,2,4,1,2,,1,1,5,1,,12053,2,14,3,3,75,959,21971
1205402,2,3,1,2,,1,1,2,1,,12054,2,23,1,6,132,1548,1458
1205501,1,4,1,2,,1,1,4,1,,12055,1,20,4,6,111,1382,3286
1205605,2,5,1,2,,1,1,1,1,,12056,5,10,2,1,54,804,1326
1205715,2,4,2,2,,1,1,4,1,,12057,15,27,3,6,153,1809,2602
1205801,1,4,1,2,,1,1,1,1,,12058,1,20,3,6,109,1374,2508
1205918,1,4,1,2,,2,,3,1,,12059,18,11,4,3,57,838,3502
1206003,1,3,1,1,1,1,1,1,1,,12060,3,9,1,4,49,628,3794
1206101,2,4,1,1,1,1,1,6,1,,12061,1,5,2,2,27,276,1431
1206209,2,3,1,1,1,1,1,4,1,,12062,9,18,2,3,100,1209,1651
1206303,3,6,1,1,2,1,1,5,1,,12063,3,2,1,1,9,95,1551
1206405,2,5,1,1,1,1,1,3,1,,12064,5,26,1,1,151,1776,2135
1206518,3,4,1,2,,2,,6,1,,12065,18,13,3,5,67,922,1613
1206602,3,4,1,1,1,1,1,5,1,,12066,2,24,2,2,135,1585,1797
1206709,1,2,0,2,,1,1,5,1,,12067,9,21,4,5,117,1411,4824
1206806,1,2,1,2,,2,,1,1,,12068,6,26,4,1,149,1741,2121
1206901,2,3,1,1,1,2,,2,1,,12069,1,28,1,2,162,1852,1684
1207016,2,4,0,2,,1,1,5,1,,12070,16,20,3,6,110,1376,4727
1207105,2,4,1,2,,1,1,4,1,,12071,5,24,1,2,139,1619,1656
1207203,4,7,3,2,,1,1,3,1,,12072,3,9,1,4,50,735,2939
1207304,2,3,1,2,,1,1,3,1,,12073,4,5,1,2,29,318,1523
1207403,2,5,2,1,1,1,1,3,1,,12074,3,7,1,6,41,478,3417
1207504,3,4,2,1,2,1,1,7,1,,12075,4,4,1,6,23,235,931
1207608,1,3,1,2,,2,,4,1,,12076,8,12,2,6,61,876,2994
1207701,2,6,1,1,1,2,,2,1,,12077,1,25,4,1,143,1680,2209
1207801,1,2,1,2,,1,1,2,1,,12078,1,2,1,1,9,87,2716
1207902,3,4,1,2,,1,1,8,1,,12079,2,31,1,6,183,2116,2118
1208001,1,3,1,1,1,1,1,2,1,,12080,1,13,3,5,68,925,5432
1208102,3,4,1,2,,2,,2,1,,12081,2,10,1,1,54,818,1125
1208210,1,2,1,2,,1,1,3,1,,12082,10,23,2,6,129,1513,2829
1208314,2,4,2,1,1,1,1,2,1,,12083,14,30,2,5,172,2035,8713
1208401,3,5,2,1,2,1,1,4,1,,12084,1,5,1,2,31,388,1595
1208517,1,2,1,2,,1,1,4,1,,12085,17,11,3,3,56,832,4770
1208602,3,5,1,2,,1,1,5,1,,12086,2,5,1,2,29,309,1593
1208704,2,4,1,1,1,1,1,5,1,,12087,4,24,2,2,135,1585,1797
1208801,3,10,2,1,1,1,1,4,1,,12088,1,8,1,1,46,544,3310
1208901,2,3,1,1,1,1,1,3,1,,12089,1,26,1,1,150,1758,2454
1209005,2,4,1,2,,2,,4,1,,12090,5,12,1,6,65,897,3224
1209103,2,3,1,1,1,1,1,2,1,,12091,3,5,1,2,30,354,1444
1209203,2,4,1,1,1,1,1,3,1,,12092,3,9,1,4,50,703,3504
1209303,1,1,0,2,,2,,5,1,,12093,3,9,4,4,47,557,672
1209403,2,3,1,1,1,1,1,4,1,,12094,3,25,1,1,144,1687,3018
1209506,5,6,1,1,1,1,1,3,1,,12095,6,17,3,5,94,1149,880
1209601,2,4,1,1,1,1,1,4,1,,12096,1,26,1,1,151,1779,2117
1209705,1,3,1,2,,1,1,3,1,,12097,5,5,1,2,29,313,1581
1209804,2,4,1,2,,1,1,3,1,,12098,4,15,1,5,86,1073,12480
1209902,2,2,1,1,1,1,1,5,1,,12099,2,19,1,2,107,1323,3056
1210017,3,4,2,1,2,1,1,2,1,,12100,17,29,3,5,166,1971,658
1210104,2,2,1,1,1,1,1,3,1,,12101,4,24,1,2,139,1641,1237
1210201,1,3,1,2,,2,,1,1,,12102,1,18,1,3,103,1232,1097
1210302,2,3,2,2,,2,,1,1,,12103,2,23,1,6,133,1567,1668
1210402,3,4,0,1,1,1,1,5,1,,12104,2,14,2,3,78,977,9959
1210505,3,5,2,1,1,1,1,3,1,,12105,5,24,1,2,140,1666,1258
1210603,3,4,4,1,2,1,1,2,1,,12106,3,24,1,2,140,1658,1419
1210704,3,6,1,1,3,1,1,6,1,,12107,4,1,2,3,2,6,392
1210804,3,5,1,1,1,1,1,7,1,,12108,4,24,1,2,139,1633,1296
1210905,2,4,1,2,,1,2,2,1,,12109,5,28,2,2,162,1893,1611
1211003,2,4,1,1,2,1,1,6,1,,12110,3,5,1,2,29,288,1753
1211117,2,4,1,2,,2,,5,1,,12111,17,2,4,1,8,62,1927
1211201,1,3,1,2,,2,,1,1,,12112,1,10,2,1,53,785,1262
1211305,2,3,1,2,,1,1,2,1,,12113,5,10,1,1,53,792,1205
1211412,1,2,1,2,,2,,2,1,,12114,12,28,4,2,160,1848,1343
1211501,5,6,2,1,1,1,1,6,1,,12115,1,32,1,3,189,2157,1267
1211604,3,5,1,2,,1,1,3,1,,12116,4,9,1,4,50,683,3883
1211719,3,5,3,1,1,1,1,1,1,,12117,19,32,3,3,186,2143,1518
1211805,4,6,2,1,2,1,1,5,1,,12118,5,19,3,2,108,1340,3378
1211901,2,6,1,1,1,1,1,2,1,,12119,1,10,1,1,54,811,1294
1212004,3,7,2,1,1,1,1,4,1,,12120,4,10,1,1,54,801,1327
1212110,2,4,1,2,,1,1,4,1,,12121,10,12,3,6,62,880,3244
1212204,1,3,0,2,,2,,1,1,,12122,4,29,4,5,167,1975,636
1212303,4,6,1,1,3,1,1,5,1,,12123,3,5,1,2,30,347,1489
1212401,2,3,1,1,1,1,1,1,1,,12124,1,19,1,2,107,1323,3056
1212502,1,2,1,2,,1,1,8,1,,12125,2,9,1,4,49,666,2907
1212603,3,6,1,1,1,1,1,4,1,,12126,3,9,1,4,49,614,4170
1212703,1,1,0,2,,1,1,3,1,,12127,3,29,3,5,169,2000,1024
1212802,2,3,1,2,,1,1,4,1,,12128,2,14,1,3,79,995,7226
1212919,2,4,0,2,,2,,2,1,,12129,19,16,4,3,89,1113,3018
1213002,2,4,1,1,3,1,1,3,1,,12130,2,5,1,2,31,368,2069
1213105,2,2,1,2,,2,,2,1,,12131,5,22,3,3,123,1460,9149
1213213,3,6,1,1,1,1,1,8,1,,12132,13,5,2,2,26,273,1479
1213303,2,3,0,2,,1,1,4,1,,12133,3,29,2,5,169,2002,1015
1213403,2,3,1,1,1,1,1,2,1,,12134,3,3,1,1,17,190,665
1213514,3,5,1,1,2,1,1,4,1,,12135,14,24,4,2,137,1599,1009
1213603,3,5,1,1,1,1,1,6,1,,12136,3,2,1,1,10,116,2816
1213705,1,2,1,1,1,1,1,4,1,,12137,5,2,1,1,10,118,2754
1213803,2,3,2,1,1,1,1,4,1,,12138,3,23,1,6,133,1570,823
1213917,2,5,1,2,,1,2,1,1,,12139,17,13,3,5,68,928,1288
1214003,3,4,1,1,2,1,1,3,1,,12140,3,2,1,1,9,89,2560
1214115,2,4,1,1,1,1,1,3,1,,12141,15,19,2,2,105,1254,2584
1214203,1,4,1,1,2,1,1,2,1,,12142,3,11,1,3,60,874,6586
1214311,3,6,1,1,3,1,1,4,1,,12143,11,26,2,1,148,1738,2836
1214405,3,6,2,1,1,2,,2,1,,12144,5,28,1,2,164,1951,2175
1214516,1,2,1,2,,1,1,3,1,,12145,16,25,2,1,142,1677,2524
1214604,1,2,1,1,3,2,,1,1,,12146,4,13,4,5,71,938,2501
1214703,2,4,1,1,1,1,1,3,1,,12147,3,31,1,6,183,2113,2189
1214820,1,5,1,1,1,1,1,1,1,,12148,20,26,2,1,148,1738,2836
1214910,4,5,1,2,,2,,8,1,,12149,10,6,2,3,32,393,610
1215002,2,4,1,1,1,1,1,1,1,,12150,2,15,1,5,87,1090,13365
1215101,3,4,2,1,1,1,1,4,1,,12151,1,5,1,2,31,386,1676
1215204,3,5,1,1,1,1,2,3,1,,12152,4,13,1,5,73,953,2147
1215304,2,3,1,2,,1,1,1,1,,12153,4,19,1,2,106,1272,3266
1215401,1,6,2,1,1,1,1,1,1,,12154,1,9,1,4,50,733,2944
1215515,1,3,1,2,,2,,2,1,,12155,15,6,2,3,32,390,691
1215615,2,3,1,1,3,1,1,5,1,,12156,15,14,2,3,76,968,7378
1215703,1,10,3,1,1,1,1,2,1,,12157,3,9,1,4,49,647,3351
1215812,2,4,1,1,1,2,,2,1,,12158,12,12,3,6,61,878,2843
1215904,2,6,1,1,1,1,1,3,1,,12159,4,21,2,5,120,1424,5239
1216004,2,3,1,2,,2,,2,1,,12160,4,26,1,1,150,1751,2613
1216101,1,3,2,1,1,1,1,2,1,,12161,1,31,1,6,183,2122,1914
1216218,2,4,1,2,,2,,2,1,,12162,18,13,3,5,67,921,1645
1216304,2,3,1,2,,1,1,5,1,,12163,4,4,1,6,23,234,961
1216417,1,2,1,1,1,1,1,2,1,,12164,17,5,4,2,28,278,1371
1216504,2,3,2,1,2,1,1,7,2,2,12165,4,26,1,1,151,1766,2503
1216613,1,1,0,2,,2,,6,1,,12166,13,20,4,6,111,1385,3030
1216703,3,6,2,1,1,1,1,2,1,,12167,3,2,1,1,10,107,2960
1216804,2,4,1,1,1,1,1,3,1,,12168,4,28,1,2,162,1909,1376
1216905,2,3,1,1,1,2,,5,1,,12169,5,13,4,5,70,932,2540
1217003,2,4,1,1,1,1,1,2,1,,12170,3,9,1,4,49,633,3737
1217109,1,2,2,2,,2,,4,1,,12171,9,27,4,6,155,1822,916
1217212,2,3,1,2,,1,1,4,1,,12172,12,13,2,5,68,927,1392
1217304,2,4,2,1,1,1,2,5,1,,12173,4,6,1,3,34,401,824
1217408,2,3,1,1,1,2,,4,1,,12174,8,18,4,3,101,1217,1108
1217515,1,2,1,2,,1,1,1,1,,12175,15,4,3,6,19,220,797
1217613,2,4,1,2,,1,1,3,1,,12176,13,13,2,5,67,918,1831
1217705,2,3,1,2,,1,1,4,1,,12177,5,23,1,6,132,1550,1443
1217802,1,2,1,2,,1,1,1,1,,12178,2,11,2,3,56,833,4741
1217904,2,5,1,2,,1,1,2,1,,12179,4,20,1,6,114,1403,2379
1218005,4,7,2,2,,2,,10,1,,12180,5,16,1,3,92,1129,5118
1218106,3,5,1,1,1,1,2,7,1,,12181,6,10,4,1,52,768,1450
1218205,2,3,0,2,,2,,4,1,,12182,5,12,4,6,63,884,3037
1218301,1,1,1,2,,1,1,2,1,,12183,1,31,3,6,178,2086,1819
1218401,3,4,1,1,1,1,1,4,1,,12184,1,17,1,5,98,1191,1349
1218501,2,3,1,2,,2,,3,1,,12185,1,2,1,1,10,96,3718
1218604,2,4,1,1,1,1,1,3,1,,12186,4,3,1,1,18,217,637
1218701,2,4,1,1,1,2,,1,1,,12187,1,10,1,1,54,802,1327
1218801,4,12,2,1,1,1,1,7,1,,12188,1,29,2,5,169,2001,1021
1218901,1,3,1,1,1,1,1,2,1,,12189,1,22,1,3,126,1469,2385
1219002,2,5,1,1,1,2,,2,1,,12190,2,27,3,6,158,1839,3897
1219117,2,5,1,1,2,1,1,5,1,,12191,17,28,2,2,159,1843,2250
1219201,1,3,0,2,,1,1,4,1,,12192,1,7,1,6,40,461,4273
1219319,2,4,1,1,1,1,1,2,1,,12193,19,5,2,2,27,275,1555
1219402,2,3,1,2,,1,1,3,1,,12194,2,18,2,3,100,1212,1495
1219513,3,3,0,2,,2,,4,1,,12195,13,31,3,6,178,2084,2239
1219604,2,5,1,2,,1,1,4,1,,12196,4,14,1,3,79,991,8242
1219715,1,3,0,2,,2,,4,1,,12197,15,7,4,6,39,455,3338
1219802,1,1,1,2,,1,1,3,1,,12198,2,27,2,6,153,1812,2385
1219901,1,5,2,1,2,1,1,4,1,,12199,1,23,1,6,134,1579,1405
1220003,2,4,1,2,,1,1,5,1,,12200,3,9,1,4,48,563,4587
1220102,1,2,0,2,,1,1,4,1,,12201,2,9,1,4,49,660,3083
1220220,1,2,0,2,,2,,1,1,,12202,20,13,3,5,67,919,1831
1220302,1,3,1,2,,1,1,1,1,,12203,2,12,4,6,63,882,3147
1220410,1,2,0,2,,2,,5,1,,12204,10,7,4,6,39,456,3330
1220503,1,2,1,2,,1,1,2,1,,12205,3,25,1,1,145,1699,2772
1220602,1,1,1,2,,1,2,6,1,,12206,2,4,1,6,24,263,531
1220719,2,4,1,1,1,1,1,3,1,,12207,19,1,4,3,3,8,1437
1220805,2,4,1,1,1,2,,4,1,,12208,5,1,1,3,4,24,1184
1220905,1,5,1,1,1,1,1,1,1,,12209,5,24,1,2,139,1638,1263
1221001,3,4,1,1,1,1,1,6,1,,12210,1,18,4,3,101,1219,985
1221102,1,2,1,1,1,1,1,3,1,,12211,2,6,1,3,35,414,927
1221214,2,2,1,2,,2,,5,1,,12212,14,17,4,5,96,1157,995
1221303,2,2,1,1,1,1,1,2,1,,12213,3,29,2,5,169,2011,775
1221404,1,3,2,1,1,1,1,4,1,,12214,4,21,1,5,121,1438,4413
1221519,3,4,1,1,1,1,1,4,1,,12215,19,32,2,3,185,2139,1468
1221604,1,4,1,1,1,1,1,2,1,,12216,4,28,1,2,162,1883,1669
1221702,4,7,2,2,,1,1,4,1,,12217,2,19,1,2,106,1281,3171
1221818,4,8,1,1,2,1,1,5,1,,12218,18,29,4,5,167,1975,636
1221903,2,4,2,1,1,1,1,2,1,,12219,3,19,2,2,108,1342,3361
1222002,3,3,2,2,,1,1,4,1,,12220,2,23,1,6,133,1570,823
1222120,5,7,2,1,2,2,,5,2,2,12221,20,29,4,5,167,1976,500
1222202,3,6,2,1,1,1,1,2,1,,12222,2,26,2,1,148,1739,2513
1222317,2,3,1,1,1,1,1,2,1,,12223,17,13,3,5,67,919,1831
1222405,2,5,1,2,,1,1,2,1,,12224,5,17,1,5,97,1179,1178
1222504,3,5,2,1,2,1,1,3,1,,12225,4,32,1,3,189,2163,1150
1222606,3,4,0,2,,1,1,10,2,2,12226,6,12,2,6,61,876,2994
1222704,2,4,1,2,,2,,3,1,,12227,4,28,1,2,162,1866,1814
1222803,3,6,2,1,2,1,1,4,1,,12228,3,22,1,3,126,1474,1913
1222920,2,3,1,2,,1,1,4,1,,12229,20,13,3,5,67,922,1613
1223002,2,3,1,1,1,1,1,4,1,,12230,2,8,1,1,45,521,3216
1223105,2,3,1,2,,1,1,6,2,2,12231,5,17,1,5,97,1173,1504
1223203,2,5,1,1,1,1,1,1,1,,12232,3,31,1,6,182,2106,1904
1223302,2,6,3,1,2,1,1,5,1,,12233,2,27,1,6,156,1830,1676
1223401,2,5,1,2,,2,,1,1,,12234,1,8,1,1,45,533,2933
1223505,1,2,1,1,1,1,2,2,1,,12235,5,22,2,3,126,1476,1687
1223601,3,4,1,2,,1,2,2,1,,12236,1,18,1,3,102,1224,1185
1223702,4,6,2,1,2,1,1,4,1,,12237,2,9,1,4,50,694,3633
1223811,1,5,1,2,,2,,1,1,,12238,11,20,3,6,109,1373,2841
1223902,1,2,0,2,,2,,3,1,,12239,2,15,1,5,85,1039,12518
1224002,3,5,1,1,1,1,1,6,1,,12240,2,26,2,1,147,1736,2632
1224103,2,5,1,1,1,1,1,4,1,,12241,3,9,1,4,48,595,3299
1224218,1,2,1,2,,1,1,2,1,,12242,18,4,2,6,20,224,779
1224302,3,4,1,2,,1,1,6,1,,12243,2,30,1,5,175,2049,7597
1224402,1,3,1,2,,2,,2,1,,12244,2,27,4,6,154,1815,2566
1224504,3,8,2,1,3,1,1,3,1,,12245,4,22,1,3,127,1492,1817
1224605,3,4,1,1,2,1,1,6,1,,12246,5,28,1,2,162,1880,1686
1224703,3,5,3,1,2,1,1,3,1,,12247,3,3,1,1,18,204,757
1224802,1,2,1,2,,2,,2,1,,12248,2,32,1,3,189,2156,1324
1224904,3,7,2,1,2,1,1,5,1,,12249,4,19,1,2,106,1280,3179
1225018,1,3,1,1,1,1,1,6,1,,12250,18,21,2,5,116,1409,5069
1225102,2,6,2,1,2,1,1,3,1,,12251,2,24,1,2,140,1662,1307
1225203,2,3,1,2,,1,1,4,1,,12252,3,11,1,3,58,852,4705
1225317,2,2,1,2,,1,1,2,1,,12253,17,6,2,3,32,390,691
1225401,2,7,2,2,,1,1,5,1,,12254,1,23,1,6,132,1554,1316
1225505,4,10,4,1,3,1,1,4,1,,12255,5,21,2,5,122,1454,4215
1225602,3,5,1,1,1,1,1,7,2,2,12256,2,8,1,1,44,497,2889
1225717,1,1,0,2,,2,,1,1,,12257,17,7,4,6,39,456,3330
1225805,3,5,1,1,1,1,1,4,1,,12258,5,24,1,2,140,1653,1495
1225902,3,4,1,1,1,1,1,4,1,,12259,2,21,1,5,122,1452,4517
1226002,2,3,1,2,,1,1,4,1,,12260,2,28,1,2,162,1887,1655
1226101,2,3,2,1,2,1,1,2,1,,12261,1,4,1,6,25,268,805
1226205,2,2,1,2,,1,1,4,1,,12262,5,31,1,6,183,2122,1914
1226303,1,1,1,2,,1,1,1,1,,12263,3,28,1,2,163,1929,1755
1226405,2,6,2,1,1,1,1,3,1,,12264,5,1,1,3,5,29,1442
1226509,1,2,0,2,,1,1,3,1,,12265,9,12,2,6,61,876,2994
1226604,2,5,1,1,1,1,1,2,1,,12266,4,19,1,2,108,1366,3020
1226720,1,4,1,1,1,2,,2,1,,12267,20,18,2,3,100,1213,1488
1226820,2,6,2,1,3,1,1,4,1,,12268,20,26,2,1,148,1739,2513
1226901,2,4,2,1,1,1,1,3,1,,12269,1,27,3,6,156,1827,1986
1227004,3,5,2,1,1,1,1,4,1,,12270,4,5,1,2,31,371,1862
1227119,2,4,1,2,,1,1,4,1,,12271,19,24,3,2,135,1586,1785
1227206,3,4,1,1,1,1,1,3,1,,12272,6,13,3,5,67,921,1645
1227304,1,4,1,2,,1,1,4,1,,12273,4,30,1,5,176,2066,7348
1227404,1,2,1,1,1,1,1,2,1,,12274,4,32,1,3,189,2159,1210
1227503,2,3,1,2,,1,1,4,1,,12275,3,29,2,5,169,2006,987
1227616,2,4,1,1,1,1,1,5,1,,12276,16,18,4,3,101,1216,1115
1227702,2,4,1,1,1,1,1,6,1,,12277,2,5,1,2,30,350,1476
1227815,1,4,1,1,1,1,1,3,1,,12278,15,25,2,1,142,1676,2626
1227901,2,3,2,1,1,1,1,3,1,,12279,1,7,4,6,40,470,2286
1228002,1,3,1,2,,1,2,2,1,,12280,2,9,1,4,48,561,4978
1228101,1,4,2,1,2,1,1,3,1,,12281,1,5,1,2,30,334,1560
1228202,2,2,1,1,2,1,1,2,1,,12282,2,26,1,1,151,1783,2043
1228316,2,3,1,1,1,1,1,3,1,,12283,16,14,2,3,76,968,7378
1228403,3,4,1,1,2,1,1,4,1,,12284,3,23,1,6,132,1549,1457
1228513,1,3,1,1,1,1,1,2,1,,12285,13,13,2,5,68,927,1392
1228604,3,5,1,2,,1,1,8,1,,12286,4,24,1,2,138,1615,1177
1228706,2,4,2,1,1,1,1,1,1,,12287,6,2,4,1,8,63,1922
1228801,2,3,1,1,1,1,1,1,1,,12288,1,17,1,5,97,1181,303
1228908,2,4,0,2,,1,2,5,1,,12289,8,21,2,5,116,1407,6595
1229020,1,4,1,2,,2,,1,1,,12290,20,14,3,3,75,964,4181
1229103,2,3,0,1,1,1,2,3,1,,12291,3,20,4,6,111,1383,3212
1229201,3,4,1,1,3,1,1,5,1,,12292,1,2,1,1,10,105,3019
1229305,1,2,0,2,,2,,2,1,,12293,5,12,4,6,63,885,2839
1229410,1,4,1,1,1,1,2,1,1,,12294,10,3,3,1,13,146,496
1229506,3,5,2,2,,2,,2,1,,12295,6,10,4,1,52,774,1138
1229604,2,3,1,1,1,1,1,2,1,,12296,4,2,1,1,11,122,3361
1229709,1,3,1,2,,2,,4,1,,12297,9,4,3,6,19,220,797
1229812,2,5,1,1,1,2,,3,1,,12298,12,29,2,5,166,1972,586
1229907,2,3,1,1,1,1,1,3,1,,12299,7,25,4,1,143,1680,2209
1230018,3,6,2,1,1,1,1,5,1,,12300,18,11,3,3,56,832,4770
1230105,2,3,1,2,,1,1,4,1,,12301,5,4,1,6,24,255,827
1230203,1,2,1,2,,2,,1,1,,12302,3,28,1,2,163,1915,1986
1230308,2,4,1,2,,2,,3,1,,12303,8,13,2,5,67,918,1831
1230404,2,3,1,1,1,1,1,6,1,,12304,4,4,1,6,23,236,847
1230515,3,5,1,2,,1,1,4,1,,12305,15,10,3,1,51,765,1494
1230610,4,6,2,1,2,1,1,4,1,,12306,10,19,2,2,105,1252,2794
1230704,2,5,3,1,2,1,1,2,1,,12307,4,26,1,1,152,1792,2468
1230802,3,6,1,1,1,1,1,4,1,,12308,2,22,2,3,128,1512,1899
1230902,3,5,1,2,,1,1,1,1,,12309,2,22,1,3,127,1482,2035
1231003,2,4,1,1,1,1,1,4,1,,12310,3,23,1,6,134,1581,1073
1231103,2,3,4,1,2,1,1,3,1,,12311,3,19,1,2,108,1370,2558
1231203,3,6,1,2,,2,,3,1,,12312,3,20,4,6,113,1388,3090
1231301,2,2,0,2,,1,1,3,1,,12313,1,4,1,6,23,243,770
1231402,4,7,2,1,1,1,1,4,1,,12314,2,28,1,2,164,1949,2365
1231502,2,4,2,1,2,1,1,5,1,,12315,2,5,1,2,29,292,1711
1231608,2,4,0,2,,1,2,7,1,,12316,8,24,4,2,136,1591,1218
1231703,1,1,2,1,1,1,1,3,1,,12317,3,23,1,6,132,1533,1859
1231805,2,3,1,2,,2,,1,1,,12318,5,29,3,5,170,2016,1163
1231904,1,4,1,2,,2,,1,1,,12319,4,11,4,3,57,835,5223
1232005,4,8,2,1,1,1,1,3,1,,12320,5,5,2,2,29,308,1594
1232101,4,6,1,1,2,1,1,4,1,,12321,1,28,1,2,163,1936,1716
1232205,1,1,1,2,,2,,2,1,,12322,5,20,2,6,109,1372,3454
1232309,2,4,1,2,,1,1,3,1,,12323,9,24,3,2,135,1587,1397
1232404,2,5,1,2,,1,1,4,1,,12324,4,9,1,4,50,690,3715
1232501,1,2,1,1,1,1,1,2,1,,12325,1,9,1,4,50,682,3886
1232602,2,3,1,2,,1,1,1,1,,12326,2,2,1,1,10,106,2989
1232703,2,4,1,1,1,1,1,5,1,,12327,3,19,1,2,107,1302,3301
1232804,1,2,1,2,,2,,1,1,,12328,4,15,3,5,85,1028,15557
1232911,1,3,1,2,,2,,1,1,,12329,11,5,4,2,28,279,1313
1233001,2,4,1,1,1,1,1,5,1,,12330,1,26,1,1,151,1773,2173
1233104,2,5,1,1,1,1,1,4,1,,12331,4,26,1,1,152,1803,2091
1233201,2,3,1,2,,1,1,5,1,,12332,1,28,1,2,162,1862,1866
1233301,2,3,1,2,,1,1,4,1,,12333,1,19,2,2,105,1251,2799
1233405,2,3,1,2,,2,,2,1,,12334,5,17,1,5,99,1201,1987
1233504,2,4,1,2,,2,,3,1,,12335,4,16,1,3,92,1129,5118
1233605,2,5,1,2,,1,1,3,1,,12336,5,15,1,5,85,1031,13767
1233708,3,5,1,1,1,2,,6,1,,12337,8,7,3,6,37,443,3934
1233802,1,1,0,2,,2,,2,1,,12338,2,21,4,5,117,1412,4714
1233904,1,2,1,2,,2,,3,1,,12339,4,6,1,3,34,409,731
1234002,2,3,1,1,1,1,1,5,1,,12340,2,18,1,3,102,1223,1242
1234102,3,4,0,2,,1,1,5,1,,12341,2,13,4,5,70,933,2426
1234217,2,4,0,1,1,1,1,6,1,,12342,17,24,4,2,137,1600,973
1234301,1,2,1,1,1,2,,1,1,,12343,1,23,1,6,134,1576,1773
1234414,2,3,1,2,,2,,1,1,,12344,14,22,4,3,125,1466,2305
1234505,4,5,4,1,1,1,2,7,1,,12345,5,24,4,2,136,1591,1218
1234610,2,4,1,2,,1,1,4,1,,12346,10,22,3,3,123,1461,2454
1234712,2,2,1,2,,1,1,4,1,,12347,12,18,2,3,100,1212,1495
1234805,3,5,1,1,1,1,1,5,1,,12348,5,5,1,2,31,371,1862
1234904,3,5,2,1,1,1,1,3,1,,12349,4,32,1,3,189,2158,1225
1235001,1,2,1,2,,1,1,2,1,,12350,1,30,1,5,175,2055,6159
1235104,1,1,1,2,,2,,3,1,,12351,4,26,4,1,149,1742,1939
1235202,1,5,1,2,,2,,1,1,,12352,2,1,1,3,5,29,1442
1235304,2,4,1,2,,1,1,2,1,,12353,4,9,1,4,49,674,1437
1235402,2,3,1,1,1,1,1,5,1,,12354,2,26,1,1,151,1775,2137
1235503,2,4,0,2,,1,1,4,1,,12355,3,30,2,5,172,2036,7817
1235602,1,3,1,1,1,1,2,1,1,,12356,2,28,1,2,164,1956,2005
1235707,1,3,1,1,1,2,,2,1,,12357,7,22,4,3,125,1466,2305
1235805,3,5,2,1,4,1,1,3,1,,12358,5,2,1,1,11,126,3052
1235907,1,1,1,2,,2,,2,1,,12359,7,30,4,5,173,2039,5218
1236005,3,5,1,2,,1,1,3,1,,12360,5,18,1,3,102,1223,1242
1236101,3,4,1,1,2,1,1,1,1,,12361,1,6,4,3,33,395,576
1236217,1,1,0,2,,2,,2,1,,12362,17,20,3,6,109,1374,2508
1236301,3,6,2,1,2,1,1,5,1,,12363,1,14,1,3,80,1001,7856
1236405,2,3,1,1,1,1,1,1,1,,12364,5,4,1,6,24,262,621
1236501,3,6,2,1,1,2,,3,1,,12365,1,17,2,5,94,1150,835
1236603,1,2,1,2,,1,1,3,1,,12366,3,19,2,2,106,1259,3653
1236715,2,3,1,1,1,1,2,4,1,,12367,15,17,4,5,95,1154,485
1236801,3,6,1,1,1,1,1,5,1,,12368,1,29,2,5,169,1991,1103
1236916,2,4,1,2,,1,1,3,1,,12369,16,7,2,6,37,444,3822
1237001,2,5,2,2,,1,1,2,1,,12370,1,10,1,1,55,828,1133
1237102,1,3,0,2,,2,,1,1,,12371,2,21,1,5,120,1430,3649
1237201,1,2,1,2,,1,1,3,1,,12372,1,25,1,1,145,1699,2772
1237303,3,4,2,1,1,1,1,4,1,,12373,3,24,1,2,140,1663,1291
1237401,2,2,0,2,,1,1,4,1,,12374,1,4,1,6,23,247,721
1237518,3,4,1,2,,2,,4,1,,12375,18,13,3,5,67,919,1831
1237604,4,6,1,1,1,1,1,7,1,,12376,4,8,1,1,44,497,2889
1237701,2,3,2,1,1,1,1,2,1,,12377,1,17,1,5,98,1194,1220
1237818,3,4,1,1,2,1,2,5,1,,12378,18,32,3,3,185,2140,1353
1237904,1,5,1,1,1,1,1,3,1,,12379,4,21,2,5,116,1409,5069
1238004,2,4,2,1,4,1,1,2,1,,12380,4,2,1,1,11,127,3038
1238120,3,5,1,1,2,1,1,3,1,,12381,20,32,4,3,187,2145,1691
1238220,1,2,1,2,,1,1,5,1,,12382,20,21,3,5,116,1408,6402
1238303,1,2,0,2,,2,,3,1,,12383,3,20,2,6,109,1371,10690
1238404,2,3,1,2,,1,1,3,1,,12384,4,19,1,2,106,1262,3621
1238510,4,6,2,2,,1,1,6,1,,12385,10,13,3,5,67,919,1831
1238613,2,4,1,2,,1,1,4,1,,12386,13,31,3,6,178,2086,1819
1238701,2,3,1,2,,1,1,4,1,,12387,1,5,1,2,30,359,1411
1238801,1,3,1,1,3,1,1,2,1,,12388,1,9,1,4,50,734,2939
1238903,2,5,1,2,,1,1,1,1,,12389,3,19,1,2,107,1322,3056
1239003,1,4,1,2,,1,1,1,1,,12390,3,24,1,2,138,1601,1592
1239104,1,3,1,1,1,1,1,3,1,,12391,4,28,1,2,163,1922,1833
1239204,1,4,1,2,,1,1,2,1,,12392,4,21,1,5,121,1432,5447
1239301,1,4,2,1,1,1,1,2,1,,12393,1,26,1,1,151,1785,2005
1239415,2,3,2,2,,1,1,2,1,,12394,15,19,3,2,105,1255,1919
1239503,1,2,1,2,,1,1,4,1,,12395,3,15,1,5,85,1056,9925
1239605,2,3,1,2,,1,1,7,2,2,12396,5,19,2,2,106,1273,3255
1239702,2,4,2,2,,1,1,4,1,,12397,2,25,1,1,146,1732,2859
1239820,2,4,1,1,1,1,1,5,1,,12398,20,4,3,6,19,221,707
1239905,2,3,1,1,1,1,2,4,1,,12399,5,6,4,3,33,394,835
1240002,3,5,1,2,,2,,3,1,,12400,2,15,3,5,85,1033,13434
1240102,1,3,1,2,,2,,3,1,,12401,2,10,1,1,53,787,1233
1240204,1,6,1,1,1,1,1,2,1,,12402,4,31,1,6,183,2112,2306
1240304,1,4,1,2,,1,1,2,1,,12403,4,11,1,3,59,858,6443
1240407,3,5,1,1,1,1,2,2,1,,12404,7,21,2,5,116,1407,6595
1240505,2,2,1,1,3,1,1,2,1,,12405,5,26,1,1,152,1798,2202
1240601,1,3,1,2,,2,,1,1,,12406,1,5,1,2,30,361,1361
1240702,2,3,1,2,,1,1,4,1,,12407,2,9,4,4,47,556,1507
1240811,1,3,1,1,2,1,2,2,1,,12408,11,22,4,3,125,1465,3729
1240903,2,3,1,2,,1,1,3,1,,12409,3,13,4,5,73,952,2375
1241005,1,3,0,2,,2,,2,1,,12410,5,21,1,5,121,1446,3141
1241101,1,1,0,2,,2,,1,1,,12411,1,26,4,1,149,1741,2121
1241203,1,3,1,2,,1,1,2,1,,12412,3,4,1,6,23,250,380
1241305,2,4,1,1,1,1,1,5,1,,12413,5,17,2,5,99,1205,1560
1241402,1,3,1,1,1,1,1,2,1,,12414,2,28,1,2,162,1906,1468
1241507,2,3,1,1,1,1,2,2,1,,12415,7,25,4,1,143,1678,2442
1241603,3,4,2,1,1,1,1,6,1,,12416,3,26,1,1,151,1784,2039
1241702,2,4,1,2,,2,,3,1,,12417,2,8,1,1,44,512,2443
1241803,4,5,2,2,,1,1,1,1,,12418,3,20,1,6,114,1398,4060
1241908,1,2,1,2,,2,,5,1,,12419,8,22,4,3,125,1466,2305
1242006,2,3,0,1,1,2,,4,1,,12420,6,16,4,3,90,1114,10379
1242105,3,5,3,1,1,1,1,4,1,,12421,5,22,3,3,124,1463,8536
1242205,2,3,2,1,1,1,1,2,1,,12422,5,18,4,3,101,1215,1128
1242305,1,2,1,2,,2,,2,1,,12423,5,3,1,1,16,178,573
1242401,2,3,1,1,1,1,1,4,1,,12424,1,15,1,5,86,1082,9451
1242505,8,11,2,1,1,1,1,10,2,3,12425,5,9,1,4,49,615,4169
1242605,3,5,1,1,1,1,1,4,1,,12426,5,28,1,2,162,1898,1567
1242701,2,3,1,1,1,1,1,7,1,,12427,1,19,2,2,106,1273,3255
1242805,3,4,3,1,1,1,1,1,1,,12428,5,23,1,6,134,1575,1775
1242916,1,4,2,2,,2,,2,1,,12429,16,16,2,3,88,1109,4626
1243018,3,4,1,1,1,1,1,6,1,,12430,18,18,3,3,100,1214,1363
1243102,3,4,1,1,1,1,1,5,1,,12431,2,26,1,1,152,1802,2095
1243201,1,3,1,2,,1,2,1,1,,12432,1,25,1,1,144,1695,2426
1243310,2,4,0,2,,2,,4,1,,12433,10,20,4,6,111,1382,3286
1243402,3,5,2,1,1,1,1,4,1,,12434,2,1,1,3,6,50,1373
1243502,1,6,1,1,1,1,1,1,1,,12435,2,19,1,2,108,1350,3273
1243601,3,4,1,1,1,1,1,5,1,,12436,1,15,1,5,85,1030,15076
1243703,2,5,3,1,1,1,1,4,1,,12437,3,19,1,2,107,1327,2924
1243804,1,3,1,2,,1,1,2,1,,12438,4,13,1,5,73,948,2562
1243905,1,2,1,1,1,1,1,4,1,,12439,5,26,1,1,150,1748,2637
1244012,3,3,0,2,,1,1,9,1,,12440,12,12,2,6,61,876,2994
1244104,2,5,2,2,,2,,2,1,,12441,4,1,1,3,5,41,1110
1244202,2,4,1,1,1,1,1,4,1,,12442,2,19,1,2,107,1314,3142
1244303,3,4,1,2,,1,1,5,1,,12443,3,11,2,3,59,865,5338
1244403,2,4,2,1,1,1,1,6,1,,12444,3,28,1,2,162,1894,1604
1244502,3,5,1,1,2,1,1,4,1,,12445,2,5,1,2,29,316,1566
1244611,1,2,0,2,,2,,1,1,,12446,11,20,4,6,111,1378,4169
1244704,1,1,1,1,1,1,1,1,1,,12447,4,3,1,1,15,152,746
1244805,3,7,2,2,,1,1,5,1,,12448,5,1,2,3,4,17,1290
1244915,2,4,1,2,,1,1,5,1,,12449,15,29,3,5,166,1970,682
1245001,3,4,2,1,2,1,1,2,1,,12450,1,19,2,2,105,1253,2656
1245103,3,4,1,1,1,1,1,3,1,,12451,3,1,1,3,5,38,1166
1245203,3,8,2,1,2,1,1,5,1,,12452,3,10,1,1,55,819,1575
1245302,1,3,1,2,,1,1,1,1,,12453,2,6,1,3,35,423,794
1245401,3,3,1,2,,1,1,6,1,,12454,1,4,1,6,22,232,413
1245501,2,5,1,2,,2,,4,1,,12455,1,30,3,5,175,2054,6294
1245601,2,4,1,2,,1,1,2,1,,12456,1,9,1,4,49,644,3450
1245715,2,6,1,1,1,1,1,2,1,,12457,15,24,2,2,135,1585,1797
1245803,2,3,1,2,,1,1,4,1,,12458,3,28,1,2,163,1924,1816
1245902,3,5,2,1,1,1,1,2,1,,12459,2,22,1,3,128,1511,1952
1246005,1,4,1,2,,1,1,4,1,,12460,5,5,1,2,31,383,1756
1246115,2,3,1,1,1,2,,2,1,,12461,15,13,4,5,71,938,2501
1246202,2,5,1,1,1,1,1,1,1,,12462,2,9,1,4,50,744,2537
1246302,2,3,1,1,1,1,1,4,1,,12463,2,23,1,6,134,1578,1565
1246404,1,1,1,2,,2,,1,1,,12464,4,5,1,2,30,349,1476
1246502,2,3,2,1,1,1,1,1,1,,12465,2,12,3,6,62,880,3244
1246603,2,4,2,1,1,1,1,3,1,,12466,3,9,1,4,50,704,3500
1246704,2,3,1,2,,1,1,8,1,,12467,4,16,1,3,91,1127,3613
1246804,1,2,1,2,,2,,4,1,,12468,4,8,1,1,44,491,3124
1246905,2,4,1,1,1,1,1,2,1,,12469,5,19,3,2,105,1255,1919
1247009,1,5,2,1,1,1,1,2,1,,12470,9,15,4,5,83,1023,11415
1247103,2,4,1,1,2,1,1,4,1,,12471,3,24,1,2,139,1626,1349
1247202,3,7,2,1,2,1,1,5,1,,12472,2,5,1,2,30,349,1476
1247305,2,3,1,1,2,1,1,1,1,,12473,5,26,1,1,152,1800,2190
1247404,1,3,1,2,,1,1,1,1,,12474,4,15,3,5,81,1013,21426
1247502,3,4,1,1,1,1,1,3,1,,12475,2,2,1,1,9,88,2583
1247602,2,4,1,1,1,1,1,4,1,,12476,2,32,1,3,190,2171,1808
1247703,2,4,1,1,2,2,,7,2,2,12477,3,17,3,5,94,1147,952
1247804,4,6,1,2,,1,1,7,1,,12478,4,15,3,5,86,1064,15368
1247904,2,4,1,1,1,1,1,5,1,,12479,4,28,1,2,163,1946,1610
1248002,2,4,1,1,1,1,1,3,1,,12480,2,22,1,3,128,1508,2001
1248105,3,3,1,2,,1,1,4,1,,12481,5,31,1,6,181,2094,2676
1248209,1,3,1,1,1,2,,2,1,,12482,9,32,3,3,185,2140,1353
1248301,1,4,2,1,2,1,1,3,1,,12483,1,9,1,4,49,650,3248
1248402,2,4,1,2,,1,1,2,1,,12484,2,28,1,2,163,1916,1926
1248503,2,5,2,1,1,1,1,2,1,,12485,3,4,1,6,23,243,770
1248602,2,3,1,2,,2,,1,1,,12486,2,25,4,1,143,1681,2188
1248704,1,8,2,1,1,1,1,1,1,,12487,4,28,1,2,164,1953,2054
1248803,2,3,2,1,1,1,1,3,1,,12488,3,10,1,1,55,826,1300
1248911,2,3,1,2,,2,,3,1,,12489,11,29,4,5,167,1976,500
1249020,5,9,2,1,3,1,1,2,1,,12490,20,1,2,3,1,3,848
1249104,2,3,1,2,,2,,6,1,,12491,4,6,2,3,32,390,691
1249215,2,3,1,1,1,2,,3,1,,12492,15,4,4,6,21,228,784
1249313,1,2,0,1,1,2,,6,1,,12493,13,4,3,6,20,223,797
1249404,1,4,1,1,1,2,,1,1,,12494,4,10,1,1,53,789,1214
1249504,2,3,0,2,,1,1,3,1,,12495,4,30,1,5,176,2074,5687
1249602,1,1,0,2,,2,,2,1,,12496,2,4,1,6,23,235,931
1249703,3,5,2,1,2,1,1,1,1,,12497,3,8,1,1,46,551,3012
1249808,3,6,1,1,1,1,1,2,1,,12498,8,8,4,1,43,483,2387
1249904,2,3,1,1,1,1,1,4,1,,12499,4,19,1,2,106,1269,3334
1250020,3,5,1,1,2,1,1,5,1,,12500,20,13,3,5,67,921,1645
1250103,2,4,1,1,2,1,1,4,1,,12501,3,28,1,2,164,1962,1817
1250217,2,2,1,1,2,1,1,2,1,,12502,17,7,2,6,38,445,7240
1250313,2,4,3,1,1,1,1,3,1,,12503,13,30,3,5,172,2038,7808
1250405,2,3,1,1,1,1,1,3,1,,12504,5,1,1,3,6,52,1338
1250505,1,3,1,1,1,1,1,2,1,,12505,5,8,1,1,45,537,383
1250616,2,3,1,1,1,1,2,5,1,,12506,16,3,4,1,14,149,796
1250714,3,4,2,1,1,1,1,5,1,,12507,14,3,3,1,12,144,592
1250805,3,4,1,2,,1,1,3,1,,12508,5,2,1,1,10,117,2757
1250902,1,3,1,1,1,1,1,1,1,,12509,2,15,2,5,86,1077,10968
1251018,3,5,1,2,,2,,4,1,,12510,18,24,2,2,135,1582,2162
1251104,3,4,1,2,,2,,5,1,,12511,4,5,1,2,29,294,1680
1251201,1,4,1,1,1,2,,3,1,,12512,1,13,1,5,73,953,2147
1251305,2,4,2,2,,2,,2,1,,12513,5,1,1,3,6,50,1373
1251404,1,2,1,1,1,2,,3,1,,12514,4,24,1,2,139,1639,1253
1251520,2,4,1,1,1,1,1,3,1,,12515,20,16,2,3,88,1106,5935
1251605,2,4,1,1,4,1,1,4,1,,12516,5,26,1,1,150,1755,2570
1251704,1,3,1,1,1,2,,1,1,,12517,4,28,1,2,163,1934,1733
1251802,1,3,1,2,,1,1,2,1,,12518,2,25,1,1,145,1706,2623
1251904,2,2,1,1,1,1,1,3,1,,12519,4,22,3,3,127,1491,1834
1252001,3,5,1,1,1,1,1,5,1,,12520,1,15,4,5,83,1021,33387
1252102,4,6,1,1,2,1,1,7,1,,12521,2,28,1,2,163,1911,2124
1252218,1,6,2,1,1,1,1,4,1,,12522,18,18,3,3,100,1211,1520
1252302,1,4,1,1,1,1,1,2,1,,12523,2,24,1,2,139,1630,1306
1252404,2,3,2,2,,1,1,2,1,,12524,4,29,2,5,169,2001,1021
1252501,2,4,1,1,1,1,1,5,1,,12525,1,31,4,6,180,2092,2522
1252616,1,5,1,1,1,1,1,2,1,,12526,16,24,2,2,135,1582,2162
1252718,4,5,1,1,1,1,2,5,1,,12527,18,32,2,3,185,2139,1468
1252806,1,4,1,2,,2,,3,1,,12528,6,11,4,3,57,835,5223
1252902,2,2,1,2,,2,,3,1,,12529,2,9,1,4,49,655,3136
1253012,1,5,2,1,2,1,1,2,1,,12530,12,32,3,3,186,2143,1518
1253101,1,3,1,1,1,1,1,1,1,,12531,1,9,1,4,50,679,4295
1253205,2,4,1,1,1,1,1,5,1,,12532,5,2,1,1,9,86,2729
1253303,3,5,3,1,2,1,1,4,1,,12533,3,14,1,3,80,1001,7856
1253405,4,11,3,2,,1,1,4,1,,12534,5,18,1,3,103,1238,973
1253504,2,8,1,2,,2,,4,1,,12535,4,29,4,5,169,1984,1177
1253604,1,3,1,1,1,1,1,4,1,,12536,4,9,1,4,49,604,4983
1253702,2,3,1,2,,1,2,5,1,,12537,2,21,4,5,117,1410,5193
1253804,4,5,0,2,,2,,6,1,,12538,4,13,4,5,71,937,2578
1253902,3,5,1,1,1,1,1,6,1,,12539,2,2,1,1,10,119,2740
1254003,2,3,1,2,,1,1,1,1,,12540,3,8,1,1,46,546,3168
1254117,3,5,1,2,,2,,2,1,,12541,17,10,4,1,52,769,1449
1254205,2,3,1,2,,1,1,4,1,,12542,5,13,3,5,67,915,1831
1254301,1,1,1,2,,1,2,1,1,,12543,1,26,2,1,147,1737,2630
1254411,1,5,1,2,,1,2,5,1,,12544,11,1,4,3,3,7,1634
1254505,2,4,2,1,1,1,1,2,1,,12545,5,19,1,2,108,1360,3148
1254603,3,3,1,2,,1,1,3,1,,12546,3,9,1,4,49,657,3118
1254719,2,2,1,1,1,1,1,4,1,,12547,19,16,4,3,90,1117,3299
1254817,1,3,2,1,1,1,1,1,1,,12548,17,10,2,1,51,767,1281
1254905,2,4,1,2,,1,1,4,1,,12549,5,17,1,5,97,1170,1534
1255002,2,4,1,2,,2,,1,1,,12550,2,10,1,1,53,775,1252
1255116,2,4,1,1,1,2,,2,1,,12551,16,13,4,5,71,937,2578
1255205,3,6,2,1,2,1,1,4,1,,12552,5,8,1,1,46,545,3255
1255303,3,4,3,1,2,1,1,2,1,,12553,3,24,1,2,140,1668,1196
1255402,2,4,1,1,1,1,1,7,1,,12554,2,22,2,3,126,1476,1687
1255504,2,3,1,2,,2,,2,1,,12555,4,13,2,5,72,944,2387
1255601,2,4,1,2,,2,,2,1,,12556,1,28,1,2,164,1954,2022
1255702,4,5,1,2,,1,1,7,1,,12557,2,7,1,6,40,469,3401
1255815,4,6,3,2,,1,1,4,1,,12558,15,20,2,6,110,1375,5038
1255916,2,3,0,2,,2,,4,1,,12559,16,7,3,6,37,442,5052
1256013,3,5,2,1,1,1,1,4,1,,12560,13,10,2,1,51,767,1281
1256103,3,3,1,2,,1,1,1,1,,12561,3,2,1,1,10,110,2905
1256206,1,4,0,2,,2,,3,1,,12562,6,24,4,2,136,1591,1218
1256302,2,3,1,2,,1,1,4,1,,12563,2,11,1,3,58,844,5317
1256409,2,3,1,1,2,1,1,2,1,,12564,9,5,2,2,27,276,1431
1256503,2,6,2,1,2,1,1,5,1,,12565,3,28,1,2,163,1947,1572
1256601,2,3,1,2,,1,1,4,1,,12566,1,9,1,4,49,617,4132
1256702,2,4,1,2,,1,2,2,1,,12567,2,5,1,2,30,335,1555
1256805,1,2,1,1,1,2,,2,1,,12568,5,21,1,5,121,1438,4413
1256904,2,4,1,2,,2,,2,1,,12569,4,9,2,4,48,559,5687
1257007,2,4,1,2,,2,,1,1,,12570,7,28,4,2,160,1846,1388
1257111,2,2,1,2,,1,1,2,1,,12571,11,21,2,5,116,1407,6595
1257201,2,3,1,1,1,1,1,6,1,,12572,1,2,1,1,11,124,3086
1257305,1,2,1,2,,1,1,2,1,,12573,5,9,1,4,49,635,3655
1257402,4,6,1,2,,1,1,5,1,,12574,2,17,1,5,98,1198,1204
1257501,2,2,1,2,,2,,4,1,,12575,1,29,3,5,166,1971,658
1257601,2,3,0,2,,2,,3,1,,12576,1,30,4,5,173,2044,4268
1257703,3,5,1,2,,1,1,5,1,,12577,3,17,1,5,97,1161,1854
1257805,5,10,3,2,,1,1,4,1,,12578,5,9,1,4,49,629,3784
1257906,1,1,0,2,,2,,3,1,,12579,6,29,3,5,166,1971,658
1258002,2,6,2,1,1,1,1,3,1,,12580,2,9,1,4,50,749,2142
1258102,2,4,1,2,,1,1,2,1,,12581,2,17,1,5,99,1201,1987
1258201,2,3,0,2,,2,,2,1,,12582,1,7,4,6,39,447,4920
1258303,2,3,1,1,1,1,1,3,1,,12583,3,16,4,3,90,1115,3760
1258404,2,3,1,1,1,1,1,5,1,,12584,4,26,1,1,151,1764,2117
1258502,4,6,2,2,,1,1,4,2,3,12585,2,28,1,2,163,1946,1610
1258605,1,2,1,1,1,1,1,2,1,,12586,5,15,1,5,86,1089,2758
1258719,2,3,0,2,,2,,5,1,,12587,19,30,4,5,174,2048,4995
1258804,3,6,2,1,1,1,1,4,1,,12588,4,13,2,5,68,924,5515
1258915,1,2,0,2,,2,,4,1,,12589,15,15,4,5,83,1024,5447
1259020,1,2,1,1,1,1,1,1,1,,12590,20,25,2,1,142,1677,2524
1259110,1,2,1,2,,1,1,4,1,,12591,10,24,4,2,137,1597,1065
1259203,1,2,1,2,,1,1,3,1,,12592,3,5,1,2,29,306,1608
1259302,2,2,0,2,,2,,6,1,,12593,2,29,3,5,169,1995,1077
1259402,3,5,1,1,1,1,1,1,1,,12594,2,22,1,3,126,1478,1530
1259503,1,4,1,2,,2,,2,1,,12595,3,28,1,2,163,1943,1685
1259604,1,3,1,1,1,2,,2,1,,12596,4,4,1,6,24,251,902
1259710,2,4,1,2,,2,,3,1,,12597,10,4,4,6,21,226,887
1259810,3,5,1,2,,1,1,1,1,,12598,10,25,2,1,142,1677,2524
1259901,3,5,2,1,2,1,1,4,1,,12599,1,19,1,2,108,1370,2558
1260001,1,3,1,2,,2,,3,1,,12600,1,17,3,5,94,1142,4197
1260114,2,5,1,1,2,1,1,3,1,,12601,14,32,4,3,187,2144,1720
1260204,2,4,2,2,,1,1,1,1,,12602,4,8,1,1,44,496,2933
1260314,2,3,1,1,1,1,1,2,1,,12603,14,13,4,5,71,935,2985
1260401,1,3,1,1,2,1,1,3,1,,12604,1,3,3,1,13,146,496
1260501,1,1,0,2,,2,,2,1,,12605,1,4,4,6,21,225,1029
1260611,2,3,1,1,1,1,1,4,1,,12606,11,28,3,2,159,1842,2431
1260720,3,6,2,1,1,2,,7,1,,12607,20,15,3,5,81,1018,5909
1260812,3,3,1,2,,2,,5,1,,12608,12,18,4,3,101,1215,1128
1260902,1,3,1,2,,2,,1,1,,12609,2,6,1,3,35,425,770
1261003,2,3,1,1,3,1,1,5,1,,12610,3,19,1,2,107,1317,3114
1261105,2,3,1,1,1,2,,3,1,,12611,5,13,1,5,73,949,2541
1261201,1,3,1,2,,2,,1,1,,12612,1,23,1,6,132,1540,1661
1261309,4,6,1,1,2,2,,5,1,,12613,9,26,4,1,149,1742,1939
1261402,2,4,1,1,1,1,1,3,1,,12614,2,10,1,1,54,807,1316
1261515,3,7,2,1,3,1,1,4,1,,12615,15,26,2,1,148,1739,2513
1261609,3,6,1,1,1,1,1,7,1,,12616,9,13,3,5,67,921,1645
1261718,2,4,2,2,,1,1,4,1,,12617,18,30,4,5,174,2045,5770
1261804,2,4,1,2,,1,2,3,1,,12618,4,5,1,2,29,297,1665
1261917,4,5,1,1,1,1,1,5,1,,12619,17,20,3,6,109,1373,2841
1262002,1,2,1,2,,2,,5,1,,12620,2,11,4,3,57,835,5223
1262104,5,7,1,2,,1,1,6,1,,12621,4,20,1,6,113,1396,2633
1262201,1,4,1,1,1,1,2,1,1,,12622,1,5,1,2,29,323,1407
1262314,2,5,2,1,1,1,1,4,1,,12623,14,25,2,1,141,1674,2705
1262406,3,7,1,1,2,1,1,3,1,,12624,6,10,3,1,51,765,1494
1262502,2,4,1,2,,1,1,3,1,,12625,2,24,1,2,139,1645,1196
1262608,1,3,1,1,1,1,1,3,1,,12626,8,29,4,5,167,1976,500
1262705,1,4,1,1,1,1,1,1,1,,12627,5,11,1,3,60,871,7159
1262803,1,3,1,1,1,1,1,3,1,,12628,3,15,3,5,84,1026,8028
1262902,2,4,1,2,,2,,1,1,,12629,2,9,1,4,48,591,3541
1263002,2,2,1,2,,1,1,6,1,,12630,2,28,1,2,162,1862,1866
1263104,1,3,2,1,2,1,1,1,1,,12631,4,18,2,3,103,1226,1221
1263205,1,2,1,2,,1,2,2,1,,12632,5,5,1,2,29,321,1456
1263303,1,3,1,2,,1,1,2,1,,12633,3,1,1,3,4,15,1335
1263401,3,5,3,1,1,1,1,5,1,,12634,1,14,1,3,79,998,6511
1263509,2,3,1,2,,2,,3,1,,12635,9,7,4,6,39,454,3356
1263601,1,3,1,2,,1,1,2,1,,12636,1,15,1,5,85,1049,11347
1263703,1,4,1,1,1,1,1,1,1,,12637,3,9,1,4,50,728,3027
1263819,1,3,1,1,1,2,,2,1,,12638,19,11,3,3,56,830,5624
1263903,1,2,1,2,,2,,3,1,,12639,3,23,1,6,132,1552,1391
1264012,3,5,0,1,1,1,1,6,1,,12640,12,7,3,6,37,443,3934
1264103,3,3,2,1,1,1,1,4,1,,12641,3,17,1,5,99,1207,1405
1264218,1,2,0,2,,2,,1,1,,12642,18,20,4,6,111,1385,3030
1264310,3,5,1,2,,1,1,2,1,,12643,10,18,4,3,101,1216,1115
1264401,2,5,1,1,1,1,1,3,1,,12644,1,15,1,5,86,1067,13050
1264504,2,4,1,2,,2,,5,1,,12645,4,15,1,5,86,1071,12674
1264603,2,3,1,2,,1,1,6,1,,12646,3,26,1,1,151,1767,2414
1264701,1,5,5,1,2,2,,2,1,,12647,1,6,1,3,35,430,741
1264801,2,6,2,1,1,1,1,3,1,,12648,1,29,2,5,169,2011,775
1264909,4,6,1,1,1,1,1,4,1,,12649,9,11,4,3,57,837,4691
1265018,1,1,0,2,,2,,1,1,,12650,18,27,4,6,155,1820,1502
1265108,3,4,1,2,,2,,5,1,,12651,8,20,4,6,112,1387,3229
1265204,3,4,1,1,2,2,,2,1,,12652,4,25,4,1,143,1681,2188
1265302,1,2,0,2,,1,2,4,1,,12653,2,20,4,6,111,1383,3212
1265416,2,3,1,1,1,1,1,7,1,,12654,16,16,3,3,88,1107,4964
1265509,2,4,2,2,,1,1,6,1,,12655,9,27,2,6,153,1812,2385
1265605,2,4,2,1,2,1,1,4,1,,12656,5,14,2,3,80,999,7057
1265705,3,5,3,1,2,1,1,1,1,,12657,5,22,2,3,128,1504,2131
1265803,1,3,1,1,1,1,1,2,1,,12658,3,9,1,4,50,727,3076
1265911,2,3,1,2,,2,,3,1,,12659,11,16,2,3,88,1110,4468
1266002,3,3,2,2,,1,1,2,1,,12660,2,11,1,3,59,861,5503
1266105,2,3,1,2,,1,1,6,1,,12661,5,12,2,6,61,876,2994
1266202,2,6,1,1,1,1,1,4,1,,12662,2,26,1,1,150,1748,2637
1266315,1,3,1,1,1,1,1,2,1,,12663,15,5,2,2,26,274,1433
1266403,3,5,1,1,1,1,1,4,1,,12664,3,9,1,4,50,742,2715
1266508,1,4,1,1,1,1,1,1,1,,12665,8,24,4,2,137,1596,1073
1266604,1,1,1,2,,2,,1,1,,12666,4,31,3,6,179,2089,1807
1266711,1,1,0,2,,2,,4,1,,12667,11,28,4,2,160,1846,1388
1266801,3,3,1,1,1,1,1,4,1,,12668,1,17,2,5,99,1205,1560
1266908,1,2,0,2,,1,1,3,1,,12669,8,30,4,5,173,2041,4774
1267015,2,4,1,2,,1,1,3,1,,12670,15,2,2,1,7,60,4118
1267105,1,3,1,2,,1,1,6,1,,12671,5,27,1,6,156,1830,1676
1267201,4,5,2,2,,1,1,7,1,,12672,1,5,1,2,29,294,1680
1267307,2,3,1,1,1,1,1,5,1,,12673,7,6,2,3,32,392,627
1267405,2,6,2,1,1,1,1,1,1,,12674,5,8,1,1,45,522,3170
1267504,2,3,1,2,,1,1,3,1,,12675,4,9,1,4,49,617,4132
1267604,3,6,1,2,,1,1,6,1,,12676,4,15,1,5,85,1042,12302
1267713,2,3,1,2,,2,,3,1,,12677,13,32,4,3,187,2147,1565
1267802,2,4,1,1,1,1,1,2,1,,12678,2,5,2,2,30,365,1327
1267903,2,5,2,1,2,1,1,2,1,,12679,3,5,1,2,31,384,1756
1268001,2,4,1,1,1,1,1,4,1,,12680,1,31,1,6,183,2118,2076
1268104,2,6,2,1,1,1,1,2,1,,12681,4,24,1,2,140,1665,1261
1268211,3,4,1,1,2,1,1,4,1,,12682,11,3,2,1,13,147,488
1268311,1,2,0,2,,2,,5,1,,12683,11,30,4,5,173,2039,5218
1268402,2,4,1,1,1,1,1,5,1,,12684,2,5,1,2,29,297,1665
1268501,2,4,1,1,1,1,1,3,1,,12685,1,6,1,3,34,408,739
1268608,2,4,2,2,,2,,4,1,,12686,8,4,2,6,20,224,779
1268704,1,5,2,1,1,1,1,2,1,,12687,4,5,1,2,31,376,1820
1268813,2,2,0,2,,1,1,4,1,,12688,13,4,3,6,19,221,707
1268909,2,3,1,2,,2,,6,1,,12689,9,27,4,6,155,1818,1651
1269001,2,4,1,2,,2,,1,1,,12690,1,5,1,2,29,290,1726
1269101,1,2,1,1,1,1,1,2,1,,12691,1,15,1,5,87,1102,9482
1269203,2,4,1,1,1,1,1,3,1,,12692,3,19,1,2,106,1284,3150
1269302,2,3,1,2,,2,,4,1,,12693,2,31,4,6,180,2091,2598
1269405,2,3,1,2,,1,1,4,1,,12694,5,17,3,5,97,1159,2131
1269503,2,4,1,1,1,1,1,3,1,,12695,3,31,3,6,179,2088,1811
1269620,3,3,1,1,1,1,2,2,1,,12696,20,12,3,6,61,878,2843
1269709,2,4,0,1,1,1,1,7,1,,12697,9,13,4,5,71,937,2578
1269805,3,6,2,1,1,1,1,5,1,,12698,5,7,1,6,41,477,3873
1269904,3,5,2,1,1,1,1,5,1,,12699,4,15,1,5,85,1035,13117
1270005,1,3,1,2,,1,1,3,1,,12700,5,28,1,2,163,1924,1816
1270102,2,3,0,2,,2,,8,1,,12701,2,17,3,5,97,1165,1754
1270202,1,2,1,1,2,1,1,1,1,,12702,2,24,1,2,138,1611,1261
1270302,1,4,1,2,,2,,1,1,,12703,2,10,1,1,54,801,1327
1270401,2,4,1,1,2,1,1,4,1,,12704,1,13,2,5,69,929,3066
1270502,3,5,1,1,1,1,1,4,1,,12705,2,24,1,2,140,1655,1451
1270601,4,7,2,1,1,1,1,9,1,,12706,1,5,1,2,29,299,1655
1270704,2,4,1,1,1,1,1,2,1,,12707,4,14,1,3,80,1002,7693
1270810,2,4,0,2,,1,1,3,1,,12708,10,27,4,6,155,1821,1493
1270903,2,5,2,2,,1,1,1,1,,12709,3,23,1,6,134,1578,1565
1271019,3,5,2,1,1,1,1,5,1,,12710,19,27,3,6,153,1813,2357
1271106,2,3,1,2,,1,1,2,1,,12711,6,13,4,5,71,935,2985
1271203,2,3,1,1,1,1,1,2,1,,12712,3,1,1,3,4,11,1396
1271303,3,6,1,1,1,1,1,5,1,,12713,3,9,1,4,50,718,3308
1271405,3,5,2,1,1,1,1,6,1,,12714,5,16,1,3,93,1138,4351
1271503,1,2,1,2,,1,1,5,1,,12715,3,4,1,6,23,236,847
1271603,3,5,1,1,1,2,,1,1,,12716,3,8,4,1,43,482,3070
1271701,4,6,3,1,2,1,1,6,1,,12717,1,3,1,1,16,170,659
1271816,2,4,1,2,,2,,4,1,,12718,16,31,2,6,179,2090,1761
1271918,2,4,1,2,,2,,1,1,,12719,18,32,2,3,185,2141,1249
1272004,2,3,1,1,1,1,1,5,1,,12720,4,16,1,3,91,1123,4162
1272104,2,3,1,1,1,2,,3,1,,12721,4,19,2,2,105,1248,2799
1272202,3,4,1,1,2,1,1,3,1,,12722,2,23,1,6,133,1562,1817
1272304,2,4,1,1,1,1,1,5,1,,12723,4,5,1,2,30,332,1626
1272411,1,2,1,1,1,2,,2,1,,12724,11,4,4,6,21,228,784
1272502,2,4,1,2,,1,1,2,1,,12725,2,9,1,4,50,705,3499
1272604,1,4,1,1,1,1,1,2,1,,12726,4,2,1,1,10,99,3348
1272701,2,3,1,2,,1,1,2,1,,12727,1,9,1,4,48,575,4004
1272804,2,3,1,1,1,1,1,3,1,,12728,4,3,1,1,16,174,619
1272903,1,1,0,2,,2,,3,1,,12729,3,15,4,5,83,1022,25014
1273001,3,4,1,2,,2,,5,1,,12730,1,10,1,1,53,784,1272
1273101,1,2,1,1,1,1,1,1,1,,12731,1,14,1,3,78,983,8197
1273206,4,8,2,1,1,1,1,4,1,,12732,6,10,2,1,51,767,1281
1273318,3,4,2,2,,2,,5,1,,12733,18,27,3,6,153,1809,2602
1273404,1,3,1,2,,1,1,2,1,,12734,4,24,1,2,140,1667,1236
1273504,2,2,2,2,,1,1,5,1,,12735,4,23,1,6,131,1526,1205
1273612,1,4,1,2,,2,,2,1,,12736,12,19,4,2,105,1250,2996
1273702,2,5,1,2,,2,,1,1,,12737,2,30,2,5,172,2035,8713
1273803,3,5,4,1,2,1,1,2,1,,12738,3,28,1,2,164,1953,2054
1273910,2,4,1,1,1,1,1,4,1,,12739,10,13,3,5,67,922,1613
1274004,2,4,2,1,2,1,1,4,1,,12740,4,19,1,2,108,1346,3316
1274102,2,3,1,2,,2,,2,1,,12741,2,13,3,5,67,916,1831
1274203,2,3,1,1,1,2,,5,1,,12742,3,29,2,5,169,2009,946
1274304,1,2,1,2,,2,,1,1,,12743,4,2,1,1,10,110,2905
1274416,1,3,1,2,,1,2,1,1,,12744,16,2,3,1,7,61,3848
1274505,2,5,3,1,2,1,1,2,1,,12745,5,26,1,1,151,1787,1971
1274602,2,4,1,1,1,2,,5,1,,12746,2,3,3,1,12,144,592
1274707,1,2,1,1,1,1,1,2,1,,12747,7,4,3,6,20,222,977
1274802,1,2,1,2,,1,1,1,1,,12748,2,9,1,4,48,563,4587
1274917,1,2,0,1,2,1,1,3,1,,12749,17,11,2,3,56,831,4889
1275001,3,4,2,1,1,1,1,4,1,,12750,1,2,1,1,11,123,3224
1275110,1,3,0,1,1,2,,2,1,,12751,10,11,4,3,57,835,5223
1275202,3,5,1,1,2,1,1,4,1,,12752,2,30,1,5,177,2080,10259
1275305,2,4,1,1,1,1,1,3,1,,12753,5,28,1,2,164,1950,2275
1275405,3,6,1,1,1,2,,3,1,,12754,5,29,4,5,167,1976,500
1275509,2,2,0,2,,2,,5,1,,12755,9,15,4,5,83,1024,5447
1275604,5,7,1,1,2,1,1,10,1,,12756,4,14,1,3,79,998,6511
1275704,3,4,1,2,,1,1,4,1,,12757,4,6,1,3,34,411,728
1275804,1,3,1,1,1,1,1,1,1,,12758,4,19,1,2,107,1300,3331
1275913,3,4,1,2,,2,,3,1,,12759,13,26,4,1,149,1741,2121
1276004,2,4,0,2,,2,,2,1,,12760,4,30,4,5,173,2042,4624
1276102,1,4,2,1,1,1,1,2,1,,12761,2,19,1,2,108,1356,3220
1276213,2,4,1,2,,2,,1,1,,12762,13,29,4,5,167,1976,500
1276305,3,5,1,1,1,1,1,4,1,,12763,5,8,1,1,44,498,2876
1276404,1,3,1,1,1,2,,1,1,,12764,4,10,2,1,54,804,1326
1276504,4,5,1,1,4,1,1,5,1,,12765,4,25,1,1,146,1722,3772
1276614,3,5,1,1,1,2,,2,1,,12766,14,21,3,5,116,1406,6756
1276704,2,4,2,2,,1,1,1,1,,12767,4,28,1,2,164,1955,2022
1276803,2,3,2,1,2,1,1,3,1,,12768,3,25,4,1,143,1682,2124
1276905,2,4,1,2,,1,1,5,1,,12769,5,27,3,6,153,1806,2589
1277019,1,1,1,2,,1,2,5,1,,12770,19,26,4,1,149,1740,2152
1277102,1,4,1,1,1,1,1,4,1,,12771,2,9,1,4,50,722,3217
1277202,2,4,0,2,,1,2,2,1,,12772,2,24,1,2,139,1642,1223
1277314,3,3,1,1,1,2,,6,1,,12773,14,28,4,2,160,1848,1343
1277401,1,2,1,2,,1,1,6,1,,12774,1,23,1,6,131,1522,1788
1277501,1,2,1,1,1,1,1,2,1,,12775,1,5,1,2,30,357,1426
1277611,2,4,0,2,,1,1,6,2,2,12776,11,23,4,6,130,1516,1778
1277719,3,5,1,1,2,1,1,6,1,,12777,19,24,3,2,135,1584,1829
1277805,1,1,1,2,,2,,3,1,,12778,5,2,1,1,9,71,3257
1277905,1,1,1,2,,1,1,2,1,,12779,5,4,1,6,23,241,794
1278004,1,3,2,2,,2,,1,1,,12780,4,19,1,2,107,1327,2924
1278104,2,4,2,1,2,1,1,3,1,,12781,4,3,1,1,16,175,618
1278203,2,4,1,2,,1,1,5,1,,12782,3,4,1,6,23,248,707
1278302,2,4,1,1,1,1,1,3,1,,12783,2,8,1,1,45,525,3117
1278404,3,5,1,1,1,1,1,4,1,,12784,4,16,1,3,91,1126,3861
1278505,2,4,1,2,,1,1,3,1,,12785,5,9,1,4,50,743,2710
1278605,1,5,1,2,,1,1,1,1,,12786,5,26,1,1,151,1784,2039
1278703,1,1,0,2,,1,1,3,1,,12787,3,6,1,3,34,400,875
1278805,2,4,1,1,1,2,,2,1,,12788,5,1,1,3,5,31,1371
1278905,1,2,0,2,,1,1,1,1,,12789,5,12,1,6,65,903,2357
1279003,4,5,1,1,1,1,1,4,1,,12790,3,29,3,5,170,2018,1060
1279107,1,1,1,2,,2,,3,1,,12791,7,4,3,6,19,221,707
1279203,2,3,1,2,,1,1,2,1,,12792,3,25,1,1,145,1705,2626
1279303,2,4,2,1,1,2,,2,1,,12793,3,10,2,1,53,788,1232
1279404,2,3,1,2,,1,1,5,1,,12794,4,29,3,5,166,1965,2972
1279503,2,3,1,2,,1,2,5,1,,12795,3,15,2,5,85,1034,13299
1279604,3,5,2,1,2,1,1,6,1,,12796,4,25,1,1,146,1729,3418
1279703,2,4,1,1,1,1,1,3,1,,12797,3,9,1,4,50,685,3836
1279806,4,6,1,1,1,1,1,5,1,,12798,6,30,3,5,172,2037,7808
1279902,1,2,0,2,,2,,2,1,,12799,2,15,1,5,85,1059,9177
1280009,2,3,1,2,,2,,3,1,,12800,9,11,4,3,57,835,5223
1280105,2,3,1,1,1,1,1,4,1,,12801,5,3,1,1,15,150,749
1280211,2,4,1,2,,1,1,2,1,,12802,11,26,2,1,147,1737,2630
1280314,1,1,1,2,,2,,2,1,,12803,14,17,3,5,94,1147,952
1280403,3,7,3,1,1,1,1,5,1,,12804,3,27,3,6,153,1813,2357
1280506,1,2,1,1,1,1,1,2,1,,12805,6,12,4,6,63,882,3147
1280615,1,1,1,2,,2,,1,1,,12806,15,18,4,3,101,1215,1128
1280703,1,1,1,2,,2,,5,1,,12807,3,3,1,1,16,164,742
1280812,2,4,1,1,1,2,,3,1,,12808,12,13,3,5,67,919,1831
1280904,2,5,1,1,1,1,1,3,1,,12809,4,19,1,2,108,1367,3017
1281003,3,4,1,1,1,1,1,3,1,,12810,3,6,1,3,35,425,770
1281105,2,4,2,1,1,1,1,2,1,,12811,5,31,1,6,182,2106,1904
1281203,3,6,2,1,2,1,1,4,1,,12812,3,9,1,4,48,599,2791
1281301,3,6,2,1,1,1,1,4,1,,12813,1,15,1,5,85,1052,10908
1281409,4,7,2,1,1,1,1,4,1,,12814,9,17,2,5,94,1150,835
1281501,2,3,1,2,,1,1,6,1,,12815,1,5,1,2,30,325,1726
1281605,1,1,1,2,,1,1,3,1,,12816,5,8,1,1,44,495,2970
1281708,2,3,1,1,1,1,1,4,1,,12817,8,28,3,2,159,1842,2431
1281803,1,2,1,2,,2,,3,1,,12818,3,1,1,3,4,19,1284
1281901,3,4,2,2,,1,1,5,1,,12819,1,10,1,1,53,775,1252
1282010,3,4,1,1,1,1,1,4,1,,12820,10,3,4,1,14,149,796
1282102,2,2,0,2,,2,,3,1,,12821,2,12,4,6,63,883,3042
1282208,3,8,3,1,1,1,1,4,1,,12822,8,12,3,6,62,880,3244
1282318,4,7,0,2,,1,2,6,1,,12823,18,30,4,5,173,2044,4268
1282402,2,4,1,2,,1,1,5,1,,12824,2,14,1,3,78,971,15130
1282504,1,2,1,1,1,2,,3,1,,12825,4,28,1,2,162,1878,1713
1282603,1,4,3,1,2,1,1,2,1,,12826,3,10,1,1,55,822,1371
1282711,2,3,2,2,,2,,4,1,,12827,11,21,3,5,115,1404,6225
1282805,2,2,1,2,,2,,4,1,,12828,5,23,4,6,130,1516,1778
1282908,2,4,1,1,1,1,1,2,1,,12829,8,25,3,1,141,1673,2778
1283020,1,2,0,2,,2,,4,1,,12830,20,12,3,6,61,877,2869
1283101,2,4,1,1,1,1,1,5,1,,12831,1,14,1,3,78,973,11411
1283203,2,5,0,1,1,2,,5,1,,12832,3,20,4,6,111,1380,3726
1283303,3,4,1,1,1,1,1,3,1,,12833,3,13,3,5,67,922,1613
1283420,4,7,2,1,1,1,1,6,1,,12834,20,21,4,5,118,1415,5024
1283505,2,4,1,1,2,1,1,3,1,,12835,5,24,1,2,138,1611,1261
1283604,2,5,1,1,2,1,1,3,1,,12836,4,8,1,1,45,531,2980
1283701,2,2,1,2,,1,1,7,1,,12837,1,16,1,3,92,1132,4321
1283805,2,4,1,2,,1,2,4,1,,12838,5,21,2,5,116,1409,5069
1283903,3,5,3,1,1,1,1,4,1,,12839,3,25,1,1,145,1708,2585
1284004,3,5,1,1,1,1,1,3,1,,12840,4,14,1,3,78,979,9207
1284103,3,6,1,2,,1,1,6,1,,12841,3,5,1,2,29,323,1407
1284210,2,3,0,2,,2,,4,1,,12842,10,24,4,2,136,1591,1218
1284302,1,4,1,1,1,1,2,1,1,,12843,2,5,1,2,29,293,1686
1284404,3,5,2,1,1,1,1,5,1,,12844,4,25,1,1,146,1724,3749
1284504,1,3,1,2,,1,1,1,1,,12845,4,15,1,5,86,1086,8324
1284603,2,4,1,1,1,1,1,5,1,,12846,3,3,3,1,12,144,592
1284706,1,2,0,2,,2,,4,1,,12847,6,7,2,6,38,445,7240
1284803,1,4,1,2,,1,1,1,1,,12848,3,15,2,5,85,1038,12598
1284903,1,4,1,2,,2,,1,1,,12849,3,27,1,6,156,1829,1722
1285016,5,9,1,2,,1,1,8,2,3,12850,16,13,2,5,67,923,1581
1285102,3,5,1,2,,1,2,4,1,,12851,2,29,3,5,170,2025,979
1285203,4,7,4,1,2,1,1,3,1,,12852,3,9,1,4,49,623,3934
1285301,2,5,1,2,,2,,5,1,,12853,1,28,1,2,162,1885,1657
1285401,2,6,2,2,,1,1,3,1,,12854,1,9,1,4,49,628,3794
1285502,1,5,2,1,2,1,1,2,1,,12855,2,9,1,4,50,753,1937
1285601,1,2,2,2,,1,1,2,1,,12856,1,6,1,3,34,407,744
1285701,2,4,2,1,1,2,,3,1,,12857,1,17,1,5,97,1178,1181
1285804,1,2,1,2,,2,,1,1,,12858,4,29,4,5,167,1974,661
1285905,3,5,1,2,,1,1,4,1,,12859,5,9,1,4,48,596,3213
1286002,2,4,1,2,,2,,3,1,,12860,2,25,1,1,144,1693,2560
1286101,2,6,2,1,1,1,1,2,1,,12861,1,6,2,3,32,393,610
1286204,2,3,1,2,,1,2,3,1,,12862,4,29,2,5,166,1972,586
1286322,2,4,2,2,,2,,1,1,,12863,22,26,4,1,149,1742,1939
1286401,1,2,0,1,1,1,1,4,1,,12864,1,31,1,6,183,2113,2189
1286501,1,3,1,2,,2,,4,1,,12865,1,27,4,6,154,1815,2566
1286620,2,3,1,2,,2,,8,1,,12866,20,10,4,1,52,773,1281
1286702,2,3,1,2,,1,1,3,1,,12867,2,9,1,4,49,652,3190
1286805,2,2,1,2,,1,1,8,1,,12868,5,4,1,6,23,240,801
1286909,2,4,2,1,1,1,1,3,1,,12869,9,27,3,6,153,1813,2357
1287015,2,3,1,2,,1,1,2,1,,12870,15,24,2,2,135,1583,1844
1287116,2,3,1,1,2,1,1,3,1,,12871,16,26,2,1,147,1736,2632
1287205,1,3,1,2,,1,1,1,1,,12872,5,23,1,6,134,1573,2057
1287310,3,5,1,1,1,1,1,5,1,,12873,10,13,2,5,67,923,1581
1287401,1,3,0,2,,1,2,6,1,,12874,1,5,2,2,30,353,1448
1287512,1,1,1,1,1,2,,1,1,,12875,12,4,4,6,21,225,1029
1287609,2,4,1,2,,1,1,5,1,,12876,9,10,3,1,51,766,1365
1287702,1,3,1,1,1,1,1,1,1,,12877,2,8,1,1,44,500,2795
1287804,2,3,1,2,,1,1,8,1,,12878,4,5,1,2,29,321,1456
1287903,3,4,1,1,1,1,1,4,1,,12879,3,32,4,3,187,2148,1543
1288007,3,4,1,2,,2,,8,1,,12880,7,18,3,3,100,1214,1363
1288113,3,5,1,1,1,2,,1,1,,12881,13,8,4,1,43,482,3070
1288219,1,2,1,2,,2,,4,1,,12882,19,20,3,6,110,1376,4727
1288302,1,2,1,2,,2,,4,1,,12883,2,15,4,5,83,1022,25014
1288402,2,4,1,1,1,1,1,2,1,,12884,2,14,1,3,79,985,9225
1288501,3,6,1,1,1,1,1,4,1,,12885,1,9,1,4,49,630,3778
1288618,1,1,1,2,,2,,4,1,,12886,18,27,4,6,155,1822,916
1288702,3,6,2,1,1,1,1,5,1,,12887,2,28,3,2,159,1842,2431
1288818,1,3,1,1,1,1,2,2,1,,12888,18,21,3,5,116,1408,6402
1288902,1,1,1,2,,1,2,5,1,,12889,2,15,1,5,85,1057,9893
1289002,2,4,1,2,,1,1,2,1,,12890,2,10,1,1,53,796,1141
1289102,1,3,1,2,,1,1,2,1,,12891,2,9,1,4,49,641,3561
1289203,2,4,1,1,1,1,1,5,1,,12892,3,28,1,2,162,1869,1745
1289305,1,1,1,2,,1,1,3,1,,12893,5,18,1,3,102,1222,1297
1289414,1,3,0,2,,2,,4,1,,12894,14,12,4,6,63,886,2839
1289509,1,4,1,2,,2,,2,1,,12895,9,4,4,6,21,227,882
1289605,3,4,1,2,,2,,5,1,,12896,5,29,3,5,166,1965,2972
1289702,1,3,1,2,,1,1,2,1,,12897,2,31,1,6,183,2121,1915
1289805,2,4,1,2,,2,,2,1,,12898,5,28,1,2,162,1879,1697
1289920,1,4,1,1,1,1,1,3,1,,12899,20,30,4,5,174,2045,5770
1290018,2,4,1,1,1,1,1,3,1,,12900,18,24,4,2,136,1592,1094
1290102,2,5,1,1,2,2,,4,1,,12901,2,24,1,2,138,1618,1029
1290202,4,5,1,1,1,1,1,7,1,,12902,2,2,1,1,9,83,2919
1290320,2,4,1,1,1,1,1,7,2,2,12903,20,17,4,5,95,1154,485
1290401,3,3,2,1,1,1,1,3,1,,12904,1,9,1,4,50,684,3837
1290501,3,4,2,1,2,1,1,5,1,,12905,1,8,1,1,46,545,3255
1290605,1,1,1,2,,2,,1,1,,12906,5,22,3,3,123,1462,2245
1290717,3,5,1,1,3,1,1,4,1,,12907,17,13,4,5,71,935,2985
1290810,1,3,0,1,1,1,1,3,1,,12908,10,4,4,6,21,229,690
1290905,2,3,1,1,1,1,1,3,1,,12909,5,8,1,1,45,518,3379
1291004,1,5,1,1,1,2,,1,1,,12910,4,9,1,4,50,714,3398
1291102,4,4,2,1,1,1,1,7,1,,12911,2,9,1,4,48,564,4552
1291203,2,4,0,2,,2,,4,1,,12912,3,12,4,6,63,883,3042
1291313,2,3,0,2,,1,1,4,1,,12913,13,7,4,6,39,447,4920
1291401,1,5,1,2,,1,1,1,1,,12914,1,14,1,3,79,992,7674
1291513,3,4,1,1,1,1,1,4,1,,12915,13,16,2,3,88,1110,4468
1291601,3,3,2,2,,1,1,3,1,,12916,1,6,1,3,36,434,714
1291703,1,3,1,1,1,1,1,3,1,,12917,3,19,3,2,105,1255,1919
1291803,1,3,1,2,,1,1,1,1,,12918,3,19,1,2,106,1271,3317
1291910,3,5,1,1,1,1,1,5,1,,12919,10,21,3,5,116,1408,6402
1292001,2,6,2,2,,1,1,2,1,,12920,1,14,1,3,79,985,9225
1292101,5,6,2,1,1,1,1,8,1,,12921,1,3,1,1,16,163,791
1292201,3,5,1,1,2,1,1,5,1,,12922,1,14,1,3,80,1006,6870
1292304,1,3,1,2,,2,,4,1,,12923,4,32,3,3,185,2138,1543
1292403,2,5,0,2,,2,,1,1,,12924,3,30,4,5,174,2048,4995
1292502,3,5,2,1,3,1,1,4,1,,12925,2,26,1,1,151,1768,2339
1292606,1,2,0,2,,2,,1,1,,12926,6,11,3,3,56,830,5624
1292705,1,3,3,1,1,1,1,1,1,,12927,5,19,1,2,107,1320,3082
1292803,3,5,3,1,2,1,1,4,1,,12928,3,31,1,6,184,2129,2725
1292901,2,4,0,2,,2,,6,1,,12929,1,30,4,5,173,2040,4785
1293005,2,3,1,2,,2,,9,1,,12930,5,29,4,5,167,1974,661
1293101,1,3,1,1,1,2,,3,1,,12931,1,3,1,1,15,151,748
1293204,1,3,1,2,,1,1,4,1,,12932,4,15,1,5,85,1031,13767
1293302,3,4,1,2,,1,2,5,1,,12933,2,7,4,6,39,447,4920
1293403,1,2,1,1,1,1,1,1,1,,12934,3,24,4,2,137,1593,1069
1293501,2,3,2,1,1,1,1,3,1,,12935,1,24,1,2,140,1668,1196
1293601,2,5,1,2,,2,,2,1,,12936,1,9,1,4,49,639,3584
1293702,2,4,1,2,,1,1,3,1,,12937,2,7,4,6,39,448,4578
1293802,2,4,1,2,,1,1,6,2,2,12938,2,23,1,6,131,1527,1108
1293901,2,8,2,1,1,1,1,3,1,,12939,1,1,1,3,4,27,1069
1294005,2,5,1,1,1,1,1,2,1,,12940,5,8,1,1,46,541,3394
1294105,2,4,1,1,1,1,1,3,1,,12941,5,2,1,1,11,138,2175
1294202,2,2,1,1,1,1,1,4,1,,12942,2,19,3,2,106,1282,3165
1294307,3,5,0,2,,2,,6,1,,12943,7,4,4,6,21,227,882
1294402,2,3,1,1,1,1,1,1,1,,12944,2,29,2,5,170,2013,1316
1294504,3,4,1,1,2,1,1,2,1,,12945,4,8,1,1,45,524,3117
1294605,1,1,1,2,,2,,5,1,,12946,5,6,3,3,32,389,2846
1294703,4,8,3,1,1,1,1,3,1,,12947,3,7,1,6,41,474,4176
1294804,1,6,2,2,,2,,2,1,,12948,4,1,3,3,2,4,1716
1294902,4,4,2,1,1,1,1,5,1,,12949,2,26,1,1,150,1749,2621
1295004,2,4,1,1,1,1,1,1,1,,12950,4,15,1,5,87,1104,1917
1295103,3,4,1,1,1,1,2,2,1,,12951,3,25,1,1,146,1726,3600
1295210,4,5,2,2,,1,1,3,1,,12952,10,3,3,1,12,144,592
1295301,2,5,1,2,,1,1,6,1,,12953,1,22,1,3,127,1490,1845
1295405,2,4,1,1,2,1,2,4,1,,12954,5,5,1,2,30,339,1541
1295503,2,3,2,2,,1,1,1,1,,12955,3,5,1,2,30,332,1626
1295604,1,2,1,1,1,1,1,5,1,,12956,4,16,1,3,92,1131,4532
1295710,3,4,1,2,,1,1,5,1,,12957,10,21,2,5,116,1409,5069
1295804,4,6,1,1,1,1,1,5,1,,12958,4,22,3,3,126,1475,1858
1295907,3,4,2,2,,2,,1,1,,12959,7,21,3,5,115,1405,6115
1296011,4,6,1,1,1,1,1,4,1,,12960,11,29,3,5,166,1971,658
1296113,1,1,0,1,1,1,2,2,1,,12961,13,26,4,1,149,1740,2152
1296213,1,3,0,2,,2,,3,1,,12962,13,7,3,6,37,443,3934
1296301,2,5,1,1,2,1,1,2,1,,12963,1,5,1,2,30,342,1519
1296404,2,3,1,2,,2,,2,1,,12964,4,24,4,2,137,1595,1121
1296505,1,1,1,1,1,1,1,6,1,,12965,5,17,1,5,97,1176,1281
1296602,1,1,0,2,,2,,1,1,,12966,2,12,1,6,65,902,2813
1296712,1,1,0,2,,2,,5,1,,12967,12,4,4,6,21,226,887
1296813,2,3,0,2,,2,,3,1,,12968,13,7,4,6,39,454,3356
1296901,2,4,1,1,1,1,1,3,1,,12969,1,22,1,3,127,1480,2089
1297020,1,2,1,2,,1,1,3,1,,12970,20,12,4,6,63,882,3147
1297119,2,2,1,2,,1,1,3,1,,12971,19,4,3,6,19,220,797
1297216,1,3,1,2,,2,,1,1,,12972,16,13,3,5,67,921,1645
1297304,2,3,0,2,,2,,1,1,,12973,4,2,1,1,11,142,968
1297401,1,6,2,2,,1,1,1,1,,12974,1,10,1,1,55,820,1487
1297502,2,6,1,2,,2,,2,1,,12975,2,29,4,5,167,1974,661
1297611,2,4,3,1,1,1,1,3,1,,12976,11,12,3,6,62,880,3244
1297705,2,4,2,1,1,1,1,4,1,,12977,5,4,1,6,23,242,779
1297801,5,6,5,1,4,1,1,2,1,,12978,1,2,4,1,8,62,1927
1297920,2,2,0,2,,2,,2,1,,12979,20,32,2,3,186,2142,1673
1298004,1,6,2,2,,2,,1,1,,12980,4,27,4,6,155,1819,1628
1298102,1,4,1,1,1,1,1,1,1,,12981,2,2,1,1,11,131,2945
1298219,1,3,1,2,,1,1,1,1,,12982,19,27,4,6,154,1814,2660
1298304,2,3,1,2,,1,1,1,1,,12983,4,10,1,1,53,794,1193
1298405,3,5,2,1,2,1,1,5,1,,12984,5,26,1,1,150,1752,2611
1298516,2,4,1,1,1,1,1,4,1,,12985,16,6,2,3,32,393,610
1298606,2,6,0,2,,2,,7,1,,12986,6,22,4,3,125,1468,1809
1298716,1,2,1,2,,2,,1,1,,12987,16,3,3,1,12,144,592
1298805,2,4,1,1,1,1,1,5,1,,12988,5,17,2,5,94,1143,3861
1298905,3,5,1,1,1,1,1,5,1,,12989,5,24,1,2,139,1640,1251
1299017,3,5,2,1,2,1,1,4,1,,12990,17,5,2,2,27,275,1555
1299120,3,3,0,2,,2,,5,1,,12991,20,30,4,5,173,2039,5218
1299210,2,3,1,1,1,1,1,4,1,,12992,10,25,2,1,142,1676,2626
1299301,2,4,1,2,,1,1,3,1,,12993,1,25,1,1,146,1723,3771
1299403,2,4,1,2,,1,1,5,1,,12994,3,1,2,3,4,13,1363
1299504,2,3,1,1,1,2,,3,1,,12995,4,11,3,3,56,830,5624
1299614,2,3,1,1,1,1,1,3,1,,12996,14,25,4,1,143,1681,2188
1299713,1,2,1,2,,2,,1,1,,12997,13,27,4,6,154,1817,2285
1299802,3,6,1,2,,1,1,1,1,,12998,2,18,1,3,103,1233,1075
1299910,4,6,2,1,1,2,,4,1,,12999,10,24,4,2,137,1596,1073
1300006,1,2,1,2,,2,,3,1,,13000,6,31,4,6,180,2092,2522
1300102,1,5,1,2,,1,1,1,1,,13001,2,10,1,1,53,784,1272
1300203,3,8,3,1,1,1,1,3,1,,13002,3,14,1,3,79,990,8771
1300317,2,2,0,2,,2,,2,1,,13003,17,7,4,6,39,455,3338
1300406,2,3,0,2,,2,,6,1,,13004,6,20,4,6,111,1380,3726
1300505,2,5,1,1,1,1,1,4,1,,13005,5,31,3,6,179,2088,1811
1300604,4,7,2,2,,1,1,5,1,,13006,4,9,1,4,49,618,4123
1300704,2,4,1,1,1,2,,6,1,,13007,4,5,1,2,29,293,1686
1300809,2,3,1,2,,1,1,2,1,,13008,9,27,4,6,155,1821,1493
1300919,1,2,0,2,,2,,3,1,,13009,19,30,4,5,173,2042,4624
1301018,1,2,1,1,1,2,,2,1,,13010,18,1,4,3,3,7,1634
1301119,1,1,0,2,,2,,3,1,,13011,19,20,4,6,111,1382,3286
1301205,2,7,1,1,2,1,1,5,1,,13012,5,19,1,2,106,1281,3171
1301301,1,3,1,2,,1,1,3,1,,13013,1,30,2,5,176,2079,4733
1301418,2,4,1,1,1,1,1,4,1,,13014,18,20,4,6,112,1387,3229
1301504,2,4,1,2,,1,1,2,1,,13015,4,18,1,3,103,1238,973
1301603,3,5,1,1,1,1,1,6,1,,13016,3,19,1,2,107,1313,3148
1301704,1,3,2,2,,1,1,1,1,,13017,4,30,1,5,176,2069,6493
1301805,1,3,1,2,,1,2,1,1,,13018,5,19,2,2,105,1251,2799
1301903,2,3,2,1,1,1,1,3,1,,13019,3,26,1,1,150,1756,2507
1302001,3,5,1,1,2,1,1,8,1,,13020,1,2,1,1,10,103,3065
1302105,2,5,1,1,1,1,1,2,1,,13021,5,1,1,3,4,16,1324
1302205,1,5,1,1,1,1,1,2,1,,13022,5,9,1,4,50,734,2939
1302309,1,2,0,2,,2,,2,1,,13023,9,17,2,5,94,1151,717
1302405,3,7,1,1,1,1,1,5,1,,13024,5,9,1,4,49,650,3248
1302507,3,5,1,1,1,1,1,5,1,,13025,7,1,4,3,3,8,1437
1302605,3,5,1,2,,2,,5,1,,13026,5,22,1,3,126,1472,2162
1302704,1,3,0,2,,1,1,3,1,,13027,4,9,1,4,48,565,4449
1302802,4,7,1,1,1,1,1,8,1,,13028,2,1,1,3,4,26,1132
1302910,3,4,1,2,,1,1,5,1,,13029,10,16,4,3,90,1117,3299
1303018,2,6,1,1,1,1,1,3,1,,13030,18,32,4,3,187,2147,1565
1303103,3,4,1,2,,1,1,4,1,,13031,3,9,1,4,49,649,3262
1303205,1,2,1,1,1,1,1,3,1,,13032,5,28,1,2,163,1938,1707
1303302,2,3,1,1,1,1,1,3,1,,13033,2,8,1,1,46,553,2825
1303402,2,4,3,1,1,1,1,2,1,,13034,2,31,1,6,184,2126,3246
1303506,3,4,1,2,,1,1,7,1,,13035,6,4,3,6,19,221,707
1303604,3,4,2,1,1,1,1,2,1,,13036,4,14,4,3,77,969,10589
1303705,1,3,2,2,,1,1,2,1,,13037,5,5,1,2,29,298,1661
1303805,2,3,2,1,1,1,1,3,1,,13038,5,28,1,2,163,1948,1518
1303903,1,3,1,2,,1,1,3,1,,13039,3,19,1,2,107,1304,3237
1304007,2,2,0,2,,2,,7,1,,13040,7,21,4,5,117,1410,5193
1304103,4,9,1,2,,1,1,9,2,4,13041,3,17,1,5,98,1196,1206
1304203,3,4,0,2,,2,,7,1,,13042,3,13,3,5,67,916,1831
1304301,2,3,1,2,,2,,3,1,,13043,1,19,2,2,105,1247,2799
1304421,2,2,1,2,,1,2,3,1,,13044,21,18,4,3,101,1219,985
1304509,2,4,1,2,,1,1,4,1,,13045,9,30,3,5,172,2037,7808
1304603,1,2,1,2,,2,,2,1,,13046,3,19,2,2,105,1252,2794
1304702,3,4,1,1,1,1,1,2,1,,13047,2,10,1,1,54,798,1396
1304803,3,5,2,1,2,1,1,7,2,2,13048,3,24,1,2,138,1615,1177
1304904,2,4,1,1,1,1,1,8,1,,13049,4,28,1,2,162,1863,1860
1305003,2,5,1,1,2,1,1,4,1,,13050,3,25,1,1,146,1723,3771
1305104,2,3,1,2,,1,1,6,1,,13051,4,2,1,1,9,85,2808
1305204,3,6,2,2,,1,1,4,1,,13052,4,11,1,3,59,862,5358
1305302,2,4,1,1,1,1,1,4,1,,13053,2,5,1,2,30,341,1527
1305401,6,8,3,1,2,1,1,6,1,,13054,1,24,1,2,138,1610,1269
1305502,2,3,1,1,1,2,,6,1,,13055,2,2,4,1,8,62,1927
1305605,3,5,2,1,1,1,1,4,1,,13056,5,9,1,4,50,716,3331
1305702,2,3,1,1,1,1,1,2,1,,13057,2,2,1,1,11,124,3086
1305805,1,2,0,1,1,1,1,3,1,,13058,5,30,1,5,175,2057,5683
1305901,1,1,1,2,,1,1,1,1,,13059,1,23,1,6,131,1525,1298
1306004,2,4,1,2,,1,1,5,1,,13060,4,5,2,2,29,312,1581
1306103,2,3,1,1,1,1,1,2,1,,13061,3,17,4,5,96,1155,3604
1306203,3,5,1,1,1,1,1,5,1,,13062,3,24,1,2,138,1609,1304
1306303,3,4,1,1,1,1,1,3,1,,13063,3,3,1,1,15,150,749
1306403,2,6,1,1,1,1,1,2,1,,13064,3,29,2,5,170,2030,818
1306504,2,3,1,2,,2,,3,1,,13065,4,10,4,1,52,774,1138
1306603,1,2,1,1,1,1,1,4,1,,13066,3,2,1,1,9,73,3206
1306702,2,3,0,2,,2,,6,1,,13067,2,19,1,2,106,1293,2525
1306805,2,7,3,1,2,1,1,4,1,,13068,5,32,1,3,190,2171,1808
1306913,3,5,1,2,,1,1,2,1,,13069,13,20,2,6,110,1375,5038
1307005,5,8,2,1,2,1,1,7,1,,13070,5,29,2,5,169,2002,1015
1307103,1,3,1,2,,1,1,3,1,,13071,3,17,2,5,97,1174,1500
1307205,1,3,1,2,,1,1,6,1,,13072,5,19,1,2,106,1267,3367
1307303,1,2,0,2,,2,,5,1,,13073,3,10,1,1,53,793,1196
1307403,1,4,1,2,,1,1,1,1,,13074,3,15,4,5,83,1024,5447
1307517,1,2,1,2,,2,,4,1,,13075,17,13,4,5,70,933,2426
1307602,2,3,1,1,1,1,1,4,1,,13076,2,5,2,2,26,274,1433
1307706,3,5,1,1,1,1,1,4,1,,13077,6,9,4,4,47,556,1507
1307804,2,3,1,2,,1,1,4,1,,13078,4,23,1,6,131,1522,1788
1307920,2,4,1,1,1,1,1,6,1,,13079,20,13,4,5,70,933,2426
1308001,1,3,1,2,,1,1,3,1,,13080,1,9,1,4,48,565,4449
1308105,3,6,2,1,2,1,1,6,1,,13081,5,9,1,4,48,599,2791
1308201,3,5,1,1,2,1,1,5,1,,13082,1,28,1,2,161,1849,2520
1308320,1,2,1,2,,2,,3,1,,13083,20,22,3,3,123,1461,2454
1308401,3,6,2,1,1,1,1,4,1,,13084,1,26,1,1,151,1768,2339
1308503,1,5,1,2,,1,1,3,1,,13085,3,31,1,6,183,2124,1891
1308616,1,3,1,2,,1,1,3,1,,13086,16,21,3,5,116,1408,6402
1308718,2,4,1,1,1,1,1,3,1,,13087,18,18,2,3,100,1212,1495
1308805,2,3,1,2,,1,1,3,1,,13088,5,30,2,5,176,2079,4733
1308910,2,2,1,2,,1,2,4,1,,13089,10,21,3,5,115,1405,6115
1309014,3,4,1,1,1,1,1,2,1,,13090,14,24,3,2,135,1586,1785
1309107,2,4,0,2,,1,2,4,1,,13091,7,12,3,6,62,880,3244
1309203,1,3,2,1,1,1,1,11,1,,13092,3,9,1,4,48,592,3525
1309304,1,5,2,1,1,1,1,2,1,,13093,4,13,1,5,74,956,2824
1309414,1,4,0,2,,2,,2,1,,13094,14,30,4,5,173,2039,5218
1309505,1,4,1,2,,1,1,1,1,,13095,5,28,2,2,163,1912,2112
1309602,1,2,1,2,,1,1,1,1,,13096,2,15,2,5,85,1060,7080
1309706,3,5,1,1,1,1,1,3,1,,13097,6,24,2,2,135,1583,1844
1309805,3,7,3,1,3,1,1,4,1,,13098,5,26,1,1,151,1789,1662
1309901,5,7,2,2,,2,,1,1,,13099,1,16,4,3,90,1116,3460
1310008,1,4,1,2,,2,,1,1,,13100,8,4,3,6,20,222,977
1310103,2,3,1,2,,1,1,3,1,,13101,3,9,1,4,48,594,3319
1310208,2,5,1,1,1,1,1,2,1,,13102,8,17,2,5,94,1150,835
1310305,1,5,2,2,,1,1,2,1,,13103,5,17,4,5,96,1155,3604
1310401,2,4,2,1,1,1,1,2,2,2,13104,1,27,1,6,156,1829,1722
1310502,4,6,2,1,1,1,1,5,1,,13105,2,22,1,3,127,1484,1991
1310611,1,2,1,2,,2,,1,1,,13106,11,28,4,2,160,1848,1343
1310709,5,6,1,1,1,2,,3,1,,13107,9,10,4,1,52,768,1450
1310804,3,9,6,1,3,1,1,4,1,,13108,4,19,1,2,108,1370,2558
1310906,2,2,1,2,,2,,4,1,,13109,6,11,4,3,57,838,3502
1311004,1,5,1,2,,1,1,2,1,,13110,4,31,1,6,184,2132,2516
1311102,1,2,0,1,1,1,1,3,1,,13111,2,4,1,6,22,230,474
1311204,3,6,1,2,,2,,6,1,,13112,4,29,2,5,170,2020,1036
1311305,3,5,2,1,1,1,1,2,1,,13113,5,3,1,1,15,158,561
1311409,2,2,2,1,2,2,,2,1,,13114,9,28,4,2,160,1845,1479
1311510,1,3,2,2,,1,1,4,1,,13115,10,23,4,6,130,1516,1778
1311604,1,3,1,1,1,1,1,1,1,,13116,4,11,1,3,58,843,5483
1311704,3,3,1,1,1,1,1,4,1,,13117,4,3,1,1,16,169,669
1311811,3,6,3,1,1,1,1,6,1,,13118,11,27,4,6,155,1820,1502
1311919,3,6,1,1,1,1,1,4,1,,13119,19,26,2,1,148,1738,2836
1312005,2,4,1,2,,1,1,3,1,,13120,5,2,1,1,10,113,2846
1312102,2,5,2,1,1,1,1,2,1,,13121,2,1,1,3,6,53,1292
1312206,3,3,0,2,,2,,3,1,,13122,6,30,4,5,174,2046,5443
1312316,2,3,1,2,,1,2,4,1,,13123,16,25,4,1,143,1682,2124
1312409,2,4,1,1,1,1,1,1,1,,13124,9,26,3,1,147,1735,2939
1312514,3,5,1,1,1,1,1,6,1,,13125,14,10,3,1,51,765,1494
1312604,3,4,2,1,1,1,1,5,1,,13126,4,19,1,2,108,1362,3140
1312704,1,3,0,2,,2,,1,1,,13127,4,21,4,5,117,1413,3844
1312801,3,4,2,1,1,1,1,5,1,,13128,1,24,1,2,139,1630,1306
1312904,2,3,1,2,,1,1,2,1,,13129,4,19,1,2,106,1289,3018
1313014,1,3,1,2,,2,,5,1,,13130,14,19,2,2,105,1252,2794
1313105,4,8,2,1,1,1,1,4,2,3,13131,5,9,1,4,49,673,1454
1313204,3,5,2,1,1,1,1,4,1,,13132,4,1,1,3,6,52,1338
1313319,3,3,1,1,1,2,,8,1,,13133,19,12,3,6,62,880,3244
1313401,2,4,1,1,1,1,1,4,1,,13134,1,24,1,2,138,1611,1261
1313505,3,5,2,1,1,1,1,3,1,,13135,5,11,1,3,58,841,5786
1313619,3,6,2,1,1,1,1,2,1,,13136,19,31,2,6,179,2087,1839
1313706,1,1,0,2,,2,,2,1,,13137,6,12,4,6,63,885,2839
1313802,1,3,1,2,,1,1,3,1,,13138,2,19,1,2,106,1258,3685
1313901,3,5,1,2,,1,1,6,1,,13139,1,18,1,3,103,1233,1075
1314002,2,2,0,2,,1,2,6,1,,13140,2,21,4,5,117,1413,3844
1314103,2,4,1,2,,1,1,4,1,,13141,3,24,1,2,139,1636,1275
1314201,2,3,0,2,,1,1,10,1,,13142,1,3,1,1,15,155,690
1314301,1,3,1,2,,1,2,2,1,,13143,1,25,4,1,143,1679,2282
1314405,3,5,1,1,1,1,1,4,1,,13144,5,10,4,1,52,774,1138
1314508,3,5,1,1,1,1,1,5,1,,13145,8,5,4,2,28,277,1380
1314603,3,5,1,2,,1,1,4,1,,13146,3,15,3,5,85,1033,13434
1314701,3,6,2,1,2,1,1,4,1,,13147,1,14,2,3,80,999,7057
1314803,1,5,1,1,2,1,1,2,1,,13148,3,1,1,3,5,41,1110
1314903,1,3,1,1,1,2,,5,1,,13149,3,29,4,5,167,1976,500
1315003,3,7,1,1,2,1,1,4,1,,13150,3,13,3,5,67,921,1645
1315111,1,3,1,2,,2,,1,1,,13151,11,20,4,6,112,1387,3229
1315210,1,2,0,2,,2,,7,1,,13152,10,30,4,5,173,2044,4268
1315302,4,11,3,1,1,1,1,4,1,,13153,2,24,1,2,140,1658,1419
1315410,3,5,1,2,,1,1,6,1,,13154,10,30,2,5,172,2036,7817
1315503,3,4,2,2,,1,1,9,2,2,13155,3,5,1,2,29,297,1665
1315605,2,4,1,2,,1,1,3,1,,13156,5,16,1,3,92,1135,3838
1315705,2,4,1,1,1,1,1,2,1,,13157,5,9,1,4,50,718,3308
1315802,2,3,1,1,2,1,1,2,1,,13158,2,11,1,3,58,845,5124
1315903,3,5,1,1,1,1,1,5,1,,13159,3,29,2,5,170,2031,273
1316015,3,6,1,1,1,1,1,8,1,,13160,15,29,4,5,167,1976,500
1316115,1,2,1,2,,2,,1,1,,13161,15,31,3,6,178,2086,1819
1316216,3,6,0,2,,2,,4,1,,13162,16,24,4,2,136,1588,1337
1316317,2,4,1,1,1,1,1,3,1,,13163,17,13,4,5,71,939,2376
1316401,1,2,1,2,,1,2,2,1,,13164,1,5,1,2,29,316,1566
1316510,2,4,1,1,1,2,,2,1,,13165,10,18,2,3,100,1213,1488
1316605,3,5,2,1,1,1,1,4,1,,13166,5,17,1,5,98,1189,1386
1316703,3,6,1,2,,1,1,1,1,,13167,3,10,2,1,51,767,1281
1316804,4,5,0,2,,1,1,5,1,,13168,4,7,1,6,40,458,4557
1316904,3,3,1,2,,1,1,6,2,2,13169,4,2,1,1,9,89,2560
1317003,2,3,1,2,,2,,3,1,,13170,3,7,4,6,39,450,4023
1317101,2,4,1,2,,2,,3,1,,13171,1,21,3,5,120,1420,5804
1317202,2,4,2,1,1,1,1,2,1,,13172,2,6,1,3,35,424,774
1317303,3,5,1,1,1,1,1,4,1,,13173,3,8,1,1,45,519,3308
1317405,4,6,2,1,1,1,1,2,1,,13174,5,10,1,1,54,797,1406
1317504,5,9,3,2,,1,1,7,1,,13175,4,22,1,3,127,1490,1845
1317604,3,5,2,1,5,1,1,6,1,,13176,4,8,4,1,43,482,3070
1317705,3,4,1,1,2,1,1,4,1,,13177,5,5,1,2,31,368,2069
1317802,1,3,1,2,,1,1,2,1,,13178,2,9,1,4,49,625,3906
1317912,2,3,1,2,,1,1,4,1,,13179,12,32,3,3,185,2140,1353
1318012,2,3,1,1,1,1,1,3,1,,13180,12,16,4,3,90,1116,3460
1318103,5,8,2,1,1,1,1,8,2,2,13181,3,24,1,2,139,1630,1306
1318208,3,5,1,1,1,1,1,7,1,,13182,8,14,2,3,75,966,3387
1318320,1,3,0,2,,2,,4,1,,13183,20,20,4,6,111,1380,3726
1318416,2,3,1,2,,2,,5,1,,13184,16,19,2,2,105,1251,2799
1318502,3,5,2,2,,1,1,1,1,,13185,2,28,1,2,164,1951,2175
1318605,1,6,1,2,,2,,1,1,,13186,5,24,1,2,138,1616,1116
1318719,1,3,1,2,,2,,1,1,,13187,19,15,4,5,83,1023,11415
1318803,3,6,1,2,,2,,5,1,,13188,3,10,1,1,53,789,1214
1318901,1,4,2,2,,1,1,1,1,,13189,1,21,1,5,120,1430,3649
1319002,2,4,1,2,,1,1,3,1,,13190,2,27,4,6,155,1819,1628
1319103,2,3,2,2,,1,1,3,1,,13191,3,17,3,5,97,1165,1754
1319201,2,3,1,2,,1,1,1,1,,13192,1,10,1,1,54,803,1326
1319309,2,4,0,1,1,2,,4,1,,13193,9,29,4,5,167,1976,500
1319401,2,3,2,2,,2,,6,1,,13194,1,4,1,6,22,231,426
1319508,2,3,0,2,,1,1,5,1,,13195,8,17,3,5,94,1149,880
1319602,3,5,2,1,1,1,1,3,1,,13196,2,14,1,3,78,983,8197
1319705,2,4,1,2,,1,1,6,1,,13197,5,22,1,3,126,1477,1644
1319805,3,4,0,1,1,1,1,3,1,,13198,5,9,1,4,49,663,2994
1319903,1,3,1,2,,2,,1,1,,13199,3,30,3,5,172,2038,7808
1320001,3,4,2,1,1,1,1,6,1,,13200,1,28,1,2,162,1864,1822
1320104,4,6,1,1,1,1,1,5,1,,13201,4,32,1,3,189,2160,1184
1320202,2,3,2,1,1,1,1,2,1,,13202,2,15,3,5,84,1026,8028
1320304,1,3,1,2,,2,,1,1,,13203,4,31,1,6,183,2124,1891
1320412,3,3,1,1,2,1,1,2,1,,13204,12,2,4,1,8,62,1927
1320502,1,4,1,1,1,1,1,3,1,,13205,2,32,1,3,189,2159,1210
1320606,2,4,1,1,1,1,1,6,1,,13206,6,25,4,1,143,1679,2282
1320705,1,3,1,1,1,2,,2,1,,13207,5,10,1,1,53,781,1302
1320804,1,2,1,2,,2,,2,1,,13208,4,2,1,1,9,82,2951
1320901,3,6,2,2,,1,1,8,1,,13209,1,19,1,2,107,1319,3086
1321004,2,3,0,2,,1,1,4,1,,13210,4,21,1,5,120,1426,4969
1321110,2,4,2,1,1,1,1,3,1,,13211,10,20,4,6,112,1387,3229
1321220,2,3,1,1,2,1,1,4,1,,13212,20,11,4,3,57,836,4721
1321303,3,4,1,1,1,1,1,4,1,,13213,3,10,1,1,53,790,1212
1321419,2,3,1,1,1,2,,4,1,,13214,19,12,3,6,61,877,2869
1321503,2,3,1,1,1,1,1,4,1,,13215,3,32,1,3,189,2162,1154
1321601,1,4,1,2,,1,1,2,1,,13216,1,26,1,1,150,1750,2617
1321704,2,3,1,1,1,1,1,5,1,,13217,4,23,1,6,133,1569,1256
1321817,1,1,0,2,,1,1,2,1,,13218,17,25,3,1,141,1673,2778
1321903,1,3,1,2,,1,2,2,1,,13219,3,24,1,2,139,1650,1051
1322016,2,3,0,2,,2,,5,1,,13220,16,30,4,5,173,2040,4785
1322105,2,5,2,1,2,1,1,2,1,,13221,5,10,4,1,52,768,1450
1322211,2,4,1,2,,1,1,4,1,,13222,11,18,3,3,100,1214,1363
1322313,1,2,0,2,,2,,3,1,,13223,13,11,4,3,57,838,3502
1322404,1,2,1,1,1,2,,3,1,,13224,4,6,2,3,32,393,610
1322501,3,4,3,1,1,1,1,2,1,,13225,1,22,1,3,128,1511,1952
1322603,3,4,1,2,,2,,7,1,,13226,3,29,4,5,169,2008,972
1322718,2,3,1,2,,1,1,3,1,,13227,18,27,3,6,153,1811,2396
1322805,3,4,2,1,1,1,1,3,1,,13228,5,3,1,1,18,200,1020
1322902,1,3,1,2,,1,1,2,1,,13229,2,4,1,6,22,232,413
1323013,1,1,1,2,,2,,1,1,,13230,13,3,4,1,14,149,796
1323104,1,2,0,2,,2,,4,1,,13231,4,7,3,6,37,442,5052
1323205,2,3,1,1,2,2,,7,1,,13232,5,3,1,1,16,167,688
1323309,3,3,2,1,2,1,1,9,1,,13233,9,31,4,6,180,2091,2598
1323417,3,6,2,1,1,2,,1,1,,13234,17,26,4,1,149,1742,1939
1323520,1,2,0,2,,2,,1,1,,13235,20,21,3,5,116,1406,6756
1323604,3,4,1,1,1,2,,6,1,,13236,4,5,4,2,28,279,1313
1323701,3,8,2,1,1,1,1,3,1,,13237,1,16,1,3,92,1130,4767
1323801,1,4,1,2,,1,1,1,1,,13238,1,5,1,2,29,310,1581
1323905,3,6,2,2,,1,1,4,1,,13239,5,9,1,4,49,661,3053
1324003,1,2,1,1,2,1,1,2,1,,13240,3,3,3,1,13,145,2797
1324105,1,3,1,1,1,1,1,3,1,,13241,5,24,1,2,140,1669,1189
1324202,2,3,1,1,2,2,,6,1,,13242,2,28,1,2,162,1852,1684
1324301,2,3,1,2,,1,1,4,1,,13243,1,15,1,5,86,1072,12524
1324405,1,3,1,2,,1,1,1,1,,13244,5,28,1,2,162,1882,1669
1324502,2,3,1,1,1,1,1,4,1,,13245,2,28,1,2,163,1920,1850
1324608,3,3,1,2,,2,,1,1,,13246,8,18,4,3,101,1219,985
1324711,2,3,1,1,1,2,,2,1,,13247,11,24,2,2,135,1585,1797
1324802,3,5,2,1,1,1,1,5,2,2,13248,2,30,1,5,175,2050,6566
1324904,3,5,1,2,,2,,6,1,,13249,4,11,4,3,57,837,4691
1325005,2,4,1,2,,1,1,5,1,,13250,5,9,1,4,49,614,4170
1325105,3,4,2,1,6,1,1,4,1,,13251,5,30,3,5,172,2038,7808
1325203,2,4,1,1,1,1,1,3,1,,13252,3,2,1,1,10,118,2754
1325303,4,5,3,1,1,2,,4,1,,13253,3,3,1,1,15,152,746
1325401,2,4,1,1,1,1,1,8,1,,13254,1,25,3,1,141,1675,2587
1325505,2,3,1,2,,1,1,5,1,,13255,5,8,1,1,46,542,3385
1325605,1,3,1,2,,1,1,2,1,,13256,5,6,1,3,35,416,888
1325703,3,6,1,2,,1,1,6,1,,13257,3,1,1,3,4,24,1184
1325801,2,7,1,2,,1,1,2,1,,13258,1,32,1,3,189,2155,1378
1325903,1,2,1,2,,1,1,4,1,,13259,3,5,2,2,26,273,1479
1326011,1,2,1,2,,1,1,4,1,,13260,11,5,4,2,28,278,1371
1326102,3,6,3,1,1,1,1,4,1,,13261,2,4,1,6,25,269,771
1326205,2,2,1,1,1,1,1,4,1,,13262,5,29,2,5,170,2021,1028
1326301,2,5,1,1,1,1,1,2,1,,13263,1,9,1,4,50,683,3883
1326402,2,3,1,2,,1,1,6,1,,13264,2,17,1,5,97,1173,1504
1326501,1,3,1,1,1,1,1,1,1,,13265,1,21,1,5,122,1457,1696
1326603,4,8,6,1,2,1,1,5,1,,13266,3,22,1,3,127,1484,1991
1326701,2,3,1,2,,1,1,5,1,,13267,1,31,1,6,182,2102,1987
1326801,1,2,0,2,,1,2,3,1,,13268,1,9,1,4,48,596,3213
1326902,2,5,2,1,1,1,1,3,1,,13269,2,9,1,4,49,631,3756
1327011,2,3,0,2,,2,,1,1,,13270,11,15,4,5,83,1024,5447
1327102,3,4,1,2,,1,1,4,1,,13271,2,9,1,4,48,600,2328
1327203,2,3,1,2,,1,1,4,1,,13272,3,10,1,1,53,775,1252
1327302,1,2,1,1,1,1,1,2,1,,13273,2,2,1,1,9,81,2980
1327402,2,4,1,2,,1,1,2,1,,13274,2,6,1,3,35,429,746
1327501,2,5,1,1,1,1,1,3,1,,13275,1,32,1,3,189,2163,1150
1327603,1,3,1,1,1,1,2,3,1,,13276,3,25,1,1,144,1697,2258
1327709,2,3,0,2,,2,,3,1,,13277,9,21,4,5,117,1410,5193
1327817,1,2,1,1,1,2,,5,1,,13278,17,28,4,2,160,1845,1479
1327912,2,6,2,1,1,1,1,3,1,,13279,12,1,4,3,3,8,1437
1328004,2,2,2,1,1,1,1,4,1,,13280,4,3,1,1,17,192,642
1328105,3,8,3,1,1,1,1,5,1,,13281,5,15,1,5,85,1030,15076
1328217,2,4,1,2,,1,1,2,1,,13282,17,32,4,3,187,2147,1565
1328310,1,2,1,2,,2,,3,1,,13283,10,13,3,5,68,928,1288
1328402,2,4,1,2,,1,1,3,1,,13284,2,12,4,6,63,886,2839
1328513,1,1,1,2,,2,,4,1,,13285,13,12,4,6,63,888,2579
1328614,1,2,0,2,,2,,2,1,,13286,14,18,4,3,101,1219,985
1328714,1,3,0,2,,1,2,1,1,,13287,14,30,4,5,173,2041,4774
1328801,2,3,1,2,,1,2,3,1,,13288,1,9,1,4,48,568,4282
1328918,2,3,0,2,,1,1,3,1,,13289,18,24,4,2,137,1596,1073
1329011,1,3,1,1,1,1,1,4,1,,13290,11,19,3,2,105,1255,1919
1329104,2,4,1,1,1,1,1,3,1,,13291,4,28,1,2,162,1897,1571
1329220,3,5,1,1,2,1,2,3,1,,13292,20,22,4,3,125,1466,2305
1329304,2,5,1,1,1,1,1,2,1,,13293,4,3,3,1,13,145,2797
1329404,2,4,1,2,,1,1,2,1,,13294,4,27,1,6,156,1826,2011
1329503,1,1,1,1,2,1,1,1,1,,13295,3,19,1,2,108,1365,3022
1329606,2,3,1,2,,1,1,2,1,,13296,6,19,2,2,105,1251,2799
1329707,1,2,0,2,,2,,5,1,,13297,7,10,4,1,52,770,1405
1329801,2,5,2,2,,2,,4,1,,13298,1,14,1,3,78,979,9207
1329910,1,3,1,1,1,2,,1,1,,13299,10,13,4,5,70,931,3702
1330005,2,3,1,2,,1,1,4,1,,13300,5,26,1,1,150,1743,3025
1330105,2,3,1,1,1,1,1,5,1,,13301,5,23,1,6,134,1581,1073
1330217,2,3,1,2,,1,1,3,1,,13302,17,26,4,1,149,1740,2152
1330319,1,2,0,2,,2,,2,1,,13303,19,20,4,6,112,1386,3430
